<gpx xmlns:ns3="http://www.garmin.com/xmlschemas/TrackPointExtension/v1" xmlns="http://www.topografix.com/GPX/1/1" xmlns:xsi="http://www.w3.org/2001/XMLSchema-instance" xmlns:ns2="http://www.garmin.com/xmlschemas/GpxExtensions/v3" creator="Garmin Connect" version="1.1" xsi:schemaLocation="http://www.topografix.com/GPX/1/1 http://www.topografix.com/GPX/11.xsd">
  <extensions>
<distance>5010.12</distance>
<average_hr>135.0</average_hr>
<average_speed>2.663000106811523</average_speed>
<start_time>2025-04-05T11:58:41+00:00</start_time>
<end_time>2025-04-05T12:30:02.597000+00:00</end_time>
<moving_time>1860.388</moving_time>
<elapsed_time>2002.446</elapsed_time>
</extensions>
<metadata>
    <link href="connect.garmin.com">
      <text>Garmin Connect</text>
    </link>
    <time>2025-04-05T11:58:41.000Z</time>
  </metadata>
  <trk>
    <name>厦门市 跑步</name>
    <type>running</type>
    <trkseg>
      <trkpt lat="24.49077903293073177337646484375" lon="118.14852724783122539520263671875">
        <ele>22.3999996185302734375</ele>
        <time>2025-04-05T11:58:41.000Z</time>
        <extensions>
          <ns3:TrackPointExtension>
            <ns3:hr>74</ns3:hr>
            <ns3:cad>0</ns3:cad>
          </ns3:TrackPointExtension>
        </extensions>
      </trkpt>
      <trkpt lat="24.49074416421353816986083984375" lon="118.14851249568164348602294921875">
        <ele>22.3999996185302734375</ele>
        <time>2025-04-05T11:58:42.000Z</time>
        <extensions>
          <ns3:TrackPointExtension>
            <ns3:hr>74</ns3:hr>
            <ns3:cad>0</ns3:cad>
          </ns3:TrackPointExtension>
        </extensions>
      </trkpt>
      <trkpt lat="24.49071046896278858184814453125" lon="118.14850931055843830108642578125">
        <ele>22.6000003814697265625</ele>
        <time>2025-04-05T11:58:43.000Z</time>
        <extensions>
          <ns3:TrackPointExtension>
            <ns3:hr>76</ns3:hr>
            <ns3:cad>0</ns3:cad>
          </ns3:TrackPointExtension>
        </extensions>
      </trkpt>
      <trkpt lat="24.49068163521587848663330078125" lon="118.14851400442421436309814453125">
        <ele>22.6000003814697265625</ele>
        <time>2025-04-05T11:58:44.000Z</time>
        <extensions>
          <ns3:TrackPointExtension>
            <ns3:hr>76</ns3:hr>
            <ns3:cad>0</ns3:cad>
          </ns3:TrackPointExtension>
        </extensions>
      </trkpt>
      <trkpt lat="24.490645341575145721435546875" lon="118.14851886592805385589599609375">
        <ele>22.6000003814697265625</ele>
        <time>2025-04-05T11:58:45.000Z</time>
        <extensions>
          <ns3:TrackPointExtension>
            <ns3:hr>77</ns3:hr>
            <ns3:cad>0</ns3:cad>
          </ns3:TrackPointExtension>
        </extensions>
      </trkpt>
      <trkpt lat="24.4906175136566162109375" lon="118.14853194169700145721435546875">
        <ele>22.799999237060546875</ele>
        <time>2025-04-05T11:58:46.000Z</time>
        <extensions>
          <ns3:TrackPointExtension>
            <ns3:hr>77</ns3:hr>
            <ns3:cad>86</ns3:cad>
          </ns3:TrackPointExtension>
        </extensions>
      </trkpt>
      <trkpt lat="24.49058658443391323089599609375" lon="118.14854736439883708953857421875">
        <ele>22.799999237060546875</ele>
        <time>2025-04-05T11:58:47.000Z</time>
        <extensions>
          <ns3:TrackPointExtension>
            <ns3:hr>77</ns3:hr>
            <ns3:cad>86</ns3:cad>
          </ns3:TrackPointExtension>
        </extensions>
      </trkpt>
      <trkpt lat="24.49056043289601802825927734375" lon="118.1485647149384021759033203125">
        <ele>22.6000003814697265625</ele>
        <time>2025-04-05T11:58:48.000Z</time>
        <extensions>
          <ns3:TrackPointExtension>
            <ns3:hr>77</ns3:hr>
            <ns3:cad>88</ns3:cad>
          </ns3:TrackPointExtension>
        </extensions>
      </trkpt>
      <trkpt lat="24.490537382662296295166015625" lon="118.148586340248584747314453125">
        <ele>22.6000003814697265625</ele>
        <time>2025-04-05T11:58:49.000Z</time>
        <extensions>
          <ns3:TrackPointExtension>
            <ns3:hr>77</ns3:hr>
            <ns3:cad>89</ns3:cad>
          </ns3:TrackPointExtension>
        </extensions>
      </trkpt>
      <trkpt lat="24.4905174337327480316162109375" lon="118.14860880374908447265625">
        <ele>22.6000003814697265625</ele>
        <time>2025-04-05T11:58:50.000Z</time>
        <extensions>
          <ns3:TrackPointExtension>
            <ns3:hr>78</ns3:hr>
            <ns3:cad>89</ns3:cad>
          </ns3:TrackPointExtension>
        </extensions>
      </trkpt>
      <trkpt lat="24.4904929585754871368408203125" lon="118.148637302219867706298828125">
        <ele>22.6000003814697265625</ele>
        <time>2025-04-05T11:58:51.000Z</time>
        <extensions>
          <ns3:TrackPointExtension>
            <ns3:hr>79</ns3:hr>
            <ns3:cad>89</ns3:cad>
          </ns3:TrackPointExtension>
        </extensions>
      </trkpt>
      <trkpt lat="24.4904792122542858123779296875" lon="118.14866152592003345489501953125">
        <ele>22.6000003814697265625</ele>
        <time>2025-04-05T11:58:52.000Z</time>
        <extensions>
          <ns3:TrackPointExtension>
            <ns3:hr>79</ns3:hr>
            <ns3:cad>89</ns3:cad>
          </ns3:TrackPointExtension>
        </extensions>
      </trkpt>
      <trkpt lat="24.4904537312686443328857421875" lon="118.14868834801018238067626953125">
        <ele>22.6000003814697265625</ele>
        <time>2025-04-05T11:58:53.000Z</time>
        <extensions>
          <ns3:TrackPointExtension>
            <ns3:hr>80</ns3:hr>
            <ns3:cad>89</ns3:cad>
          </ns3:TrackPointExtension>
        </extensions>
      </trkpt>
      <trkpt lat="24.4904322735965251922607421875" lon="118.148708045482635498046875">
        <ele>22.6000003814697265625</ele>
        <time>2025-04-05T11:58:54.000Z</time>
        <extensions>
          <ns3:TrackPointExtension>
            <ns3:hr>80</ns3:hr>
            <ns3:cad>89</ns3:cad>
          </ns3:TrackPointExtension>
        </extensions>
      </trkpt>
      <trkpt lat="24.49039882980287075042724609375" lon="118.14872221089899539947509765625">
        <ele>22.6000003814697265625</ele>
        <time>2025-04-05T11:58:55.000Z</time>
        <extensions>
          <ns3:TrackPointExtension>
            <ns3:hr>80</ns3:hr>
            <ns3:cad>89</ns3:cad>
          </ns3:TrackPointExtension>
        </extensions>
      </trkpt>
      <trkpt lat="24.49036932550370693206787109375" lon="118.14873495139181613922119140625">
        <ele>22.6000003814697265625</ele>
        <time>2025-04-05T11:58:56.000Z</time>
        <extensions>
          <ns3:TrackPointExtension>
            <ns3:hr>82</ns3:hr>
            <ns3:cad>90</ns3:cad>
          </ns3:TrackPointExtension>
        </extensions>
      </trkpt>
      <trkpt lat="24.49033923447132110595703125" lon="118.14874668605625629425048828125">
        <ele>22.6000003814697265625</ele>
        <time>2025-04-05T11:58:57.000Z</time>
        <extensions>
          <ns3:TrackPointExtension>
            <ns3:hr>84</ns3:hr>
            <ns3:cad>90</ns3:cad>
          </ns3:TrackPointExtension>
        </extensions>
      </trkpt>
      <trkpt lat="24.4903122447431087493896484375" lon="118.1487548165023326873779296875">
        <ele>22.6000003814697265625</ele>
        <time>2025-04-05T11:58:58.000Z</time>
        <extensions>
          <ns3:TrackPointExtension>
            <ns3:hr>87</ns3:hr>
            <ns3:cad>90</ns3:cad>
          </ns3:TrackPointExtension>
        </extensions>
      </trkpt>
      <trkpt lat="24.49028450064361095428466796875" lon="118.14875422976911067962646484375">
        <ele>22.799999237060546875</ele>
        <time>2025-04-05T11:58:59.000Z</time>
        <extensions>
          <ns3:TrackPointExtension>
            <ns3:hr>90</ns3:hr>
            <ns3:cad>90</ns3:cad>
          </ns3:TrackPointExtension>
        </extensions>
      </trkpt>
      <trkpt lat="24.490259774029254913330078125" lon="118.1487544812262058258056640625">
        <ele>22.799999237060546875</ele>
        <time>2025-04-05T11:59:00.000Z</time>
        <extensions>
          <ns3:TrackPointExtension>
            <ns3:hr>92</ns3:hr>
            <ns3:cad>90</ns3:cad>
          </ns3:TrackPointExtension>
        </extensions>
      </trkpt>
      <trkpt lat="24.490232951939105987548828125" lon="118.1487487815320491790771484375">
        <ele>22.6000003814697265625</ele>
        <time>2025-04-05T11:59:01.000Z</time>
        <extensions>
          <ns3:TrackPointExtension>
            <ns3:hr>93</ns3:hr>
            <ns3:cad>90</ns3:cad>
          </ns3:TrackPointExtension>
        </extensions>
      </trkpt>
      <trkpt lat="24.49020571075379848480224609375" lon="118.14874635078012943267822265625">
        <ele>22.6000003814697265625</ele>
        <time>2025-04-05T11:59:02.000Z</time>
        <extensions>
          <ns3:TrackPointExtension>
            <ns3:hr>94</ns3:hr>
            <ns3:cad>90</ns3:cad>
          </ns3:TrackPointExtension>
        </extensions>
      </trkpt>
      <trkpt lat="24.4901734404265880584716796875" lon="118.14873813651502132415771484375">
        <ele>22.6000003814697265625</ele>
        <time>2025-04-05T11:59:03.000Z</time>
        <extensions>
          <ns3:TrackPointExtension>
            <ns3:hr>95</ns3:hr>
            <ns3:cad>90</ns3:cad>
          </ns3:TrackPointExtension>
        </extensions>
      </trkpt>
      <trkpt lat="24.4901432655751705169677734375" lon="118.14872992224991321563720703125">
        <ele>22.799999237060546875</ele>
        <time>2025-04-05T11:59:04.000Z</time>
        <extensions>
          <ns3:TrackPointExtension>
            <ns3:hr>96</ns3:hr>
            <ns3:cad>90</ns3:cad>
          </ns3:TrackPointExtension>
        </extensions>
      </trkpt>
      <trkpt lat="24.49011401273310184478759765625" lon="118.14871567301452159881591796875">
        <ele>22.799999237060546875</ele>
        <time>2025-04-05T11:59:05.000Z</time>
        <extensions>
          <ns3:TrackPointExtension>
            <ns3:hr>97</ns3:hr>
            <ns3:cad>90</ns3:cad>
          </ns3:TrackPointExtension>
        </extensions>
      </trkpt>
      <trkpt lat="24.4900855980813503265380859375" lon="118.1487021781504154205322265625">
        <ele>22.799999237060546875</ele>
        <time>2025-04-05T11:59:06.000Z</time>
        <extensions>
          <ns3:TrackPointExtension>
            <ns3:hr>98</ns3:hr>
            <ns3:cad>90</ns3:cad>
          </ns3:TrackPointExtension>
        </extensions>
      </trkpt>
      <trkpt lat="24.4900596141815185546875" lon="118.14868868328630924224853515625">
        <ele>22.799999237060546875</ele>
        <time>2025-04-05T11:59:07.000Z</time>
        <extensions>
          <ns3:TrackPointExtension>
            <ns3:hr>100</ns3:hr>
            <ns3:cad>90</ns3:cad>
          </ns3:TrackPointExtension>
        </extensions>
      </trkpt>
      <trkpt lat="24.4900368154048919677734375" lon="118.1486827321350574493408203125">
        <ele>22.799999237060546875</ele>
        <time>2025-04-05T11:59:08.000Z</time>
        <extensions>
          <ns3:TrackPointExtension>
            <ns3:hr>101</ns3:hr>
            <ns3:cad>90</ns3:cad>
          </ns3:TrackPointExtension>
        </extensions>
      </trkpt>
      <trkpt lat="24.4900141842663288116455078125" lon="118.1486649625003337860107421875">
        <ele>22.799999237060546875</ele>
        <time>2025-04-05T11:59:09.000Z</time>
        <extensions>
          <ns3:TrackPointExtension>
            <ns3:hr>103</ns3:hr>
            <ns3:cad>90</ns3:cad>
          </ns3:TrackPointExtension>
        </extensions>
      </trkpt>
      <trkpt lat="24.48998711071908473968505859375" lon="118.14865180291235446929931640625">
        <ele>22.799999237060546875</ele>
        <time>2025-04-05T11:59:10.000Z</time>
        <extensions>
          <ns3:TrackPointExtension>
            <ns3:hr>105</ns3:hr>
            <ns3:cad>90</ns3:cad>
          </ns3:TrackPointExtension>
        </extensions>
      </trkpt>
      <trkpt lat="24.48996012099087238311767578125" lon="118.14863336272537708282470703125">
        <ele>22.799999237060546875</ele>
        <time>2025-04-05T11:59:11.000Z</time>
        <extensions>
          <ns3:TrackPointExtension>
            <ns3:hr>106</ns3:hr>
            <ns3:cad>91</ns3:cad>
          </ns3:TrackPointExtension>
        </extensions>
      </trkpt>
      <trkpt lat="24.489929191768169403076171875" lon="118.14861676655709743499755859375">
        <ele>22.799999237060546875</ele>
        <time>2025-04-05T11:59:12.000Z</time>
        <extensions>
          <ns3:TrackPointExtension>
            <ns3:hr>108</ns3:hr>
            <ns3:cad>91</ns3:cad>
          </ns3:TrackPointExtension>
        </extensions>
      </trkpt>
      <trkpt lat="24.489906728267669677734375" lon="118.14859849400818347930908203125">
        <ele>22.799999237060546875</ele>
        <time>2025-04-05T11:59:13.000Z</time>
        <extensions>
          <ns3:TrackPointExtension>
            <ns3:hr>111</ns3:hr>
            <ns3:cad>91</ns3:cad>
          </ns3:TrackPointExtension>
        </extensions>
      </trkpt>
      <trkpt lat="24.48987496085464954376220703125" lon="118.14857837744057178497314453125">
        <ele>23</ele>
        <time>2025-04-05T11:59:14.000Z</time>
        <extensions>
          <ns3:TrackPointExtension>
            <ns3:hr>112</ns3:hr>
            <ns3:cad>92</ns3:cad>
          </ns3:TrackPointExtension>
        </extensions>
      </trkpt>
      <trkpt lat="24.4898498989641666412353515625" lon="118.14855993725359439849853515625">
        <ele>23</ele>
        <time>2025-04-05T11:59:15.000Z</time>
        <extensions>
          <ns3:TrackPointExtension>
            <ns3:hr>113</ns3:hr>
            <ns3:cad>92</ns3:cad>
          </ns3:TrackPointExtension>
        </extensions>
      </trkpt>
      <trkpt lat="24.48981863446533679962158203125" lon="118.1485382281243801116943359375">
        <ele>23</ele>
        <time>2025-04-05T11:59:16.000Z</time>
        <extensions>
          <ns3:TrackPointExtension>
            <ns3:hr>114</ns3:hr>
            <ns3:cad>92</ns3:cad>
          </ns3:TrackPointExtension>
        </extensions>
      </trkpt>
      <trkpt lat="24.48979516513645648956298828125" lon="118.14852322451770305633544921875">
        <ele>23</ele>
        <time>2025-04-05T11:59:17.000Z</time>
        <extensions>
          <ns3:TrackPointExtension>
            <ns3:hr>115</ns3:hr>
            <ns3:cad>92</ns3:cad>
          </ns3:TrackPointExtension>
        </extensions>
      </trkpt>
      <trkpt lat="24.4897600449621677398681640625" lon="118.14850143156945705413818359375">
        <ele>23.200000762939453125</ele>
        <time>2025-04-05T11:59:18.000Z</time>
        <extensions>
          <ns3:TrackPointExtension>
            <ns3:hr>116</ns3:hr>
            <ns3:cad>92</ns3:cad>
          </ns3:TrackPointExtension>
        </extensions>
      </trkpt>
      <trkpt lat="24.48973707854747772216796875" lon="118.148482739925384521484375">
        <ele>23.200000762939453125</ele>
        <time>2025-04-05T11:59:19.000Z</time>
        <extensions>
          <ns3:TrackPointExtension>
            <ns3:hr>118</ns3:hr>
            <ns3:cad>92</ns3:cad>
          </ns3:TrackPointExtension>
        </extensions>
      </trkpt>
      <trkpt lat="24.48970489203929901123046875" lon="118.1484599411487579345703125">
        <ele>23.3999996185302734375</ele>
        <time>2025-04-05T11:59:20.000Z</time>
        <extensions>
          <ns3:TrackPointExtension>
            <ns3:hr>123</ns3:hr>
            <ns3:cad>92</ns3:cad>
          </ns3:TrackPointExtension>
        </extensions>
      </trkpt>
      <trkpt lat="24.48968485929071903228759765625" lon="118.1484440155327320098876953125">
        <ele>23.3999996185302734375</ele>
        <time>2025-04-05T11:59:21.000Z</time>
        <extensions>
          <ns3:TrackPointExtension>
            <ns3:hr>125</ns3:hr>
            <ns3:cad>92</ns3:cad>
          </ns3:TrackPointExtension>
        </extensions>
      </trkpt>
      <trkpt lat="24.48965267278254032135009765625" lon="118.1484238989651203155517578125">
        <ele>23.6000003814697265625</ele>
        <time>2025-04-05T11:59:22.000Z</time>
        <extensions>
          <ns3:TrackPointExtension>
            <ns3:hr>129</ns3:hr>
            <ns3:cad>91</ns3:cad>
          </ns3:TrackPointExtension>
        </extensions>
      </trkpt>
      <trkpt lat="24.48963247239589691162109375" lon="118.14841442741453647613525390625">
        <ele>23.6000003814697265625</ele>
        <time>2025-04-05T11:59:23.000Z</time>
        <extensions>
          <ns3:TrackPointExtension>
            <ns3:hr>131</ns3:hr>
            <ns3:cad>90</ns3:cad>
          </ns3:TrackPointExtension>
        </extensions>
      </trkpt>
      <trkpt lat="24.4895997829735279083251953125" lon="118.14839464612305164337158203125">
        <ele>23.6000003814697265625</ele>
        <time>2025-04-05T11:59:24.000Z</time>
        <extensions>
          <ns3:TrackPointExtension>
            <ns3:hr>132</ns3:hr>
            <ns3:cad>90</ns3:cad>
          </ns3:TrackPointExtension>
        </extensions>
      </trkpt>
      <trkpt lat="24.48957614600658416748046875" lon="118.14838525839149951934814453125">
        <ele>23.6000003814697265625</ele>
        <time>2025-04-05T11:59:25.000Z</time>
        <extensions>
          <ns3:TrackPointExtension>
            <ns3:hr>133</ns3:hr>
            <ns3:cad>90</ns3:cad>
          </ns3:TrackPointExtension>
        </extensions>
      </trkpt>
      <trkpt lat="24.489543624222278594970703125" lon="118.14837167970836162567138671875">
        <ele>23.6000003814697265625</ele>
        <time>2025-04-05T11:59:26.000Z</time>
        <extensions>
          <ns3:TrackPointExtension>
            <ns3:hr>133</ns3:hr>
            <ns3:cad>90</ns3:cad>
          </ns3:TrackPointExtension>
        </extensions>
      </trkpt>
      <trkpt lat="24.48952090926468372344970703125" lon="118.148364387452602386474609375">
        <ele>23.799999237060546875</ele>
        <time>2025-04-05T11:59:27.000Z</time>
        <extensions>
          <ns3:TrackPointExtension>
            <ns3:hr>134</ns3:hr>
            <ns3:cad>90</ns3:cad>
          </ns3:TrackPointExtension>
        </extensions>
      </trkpt>
      <trkpt lat="24.4894864596426486968994140625" lon="118.14835005439817905426025390625">
        <ele>23.799999237060546875</ele>
        <time>2025-04-05T11:59:28.000Z</time>
        <extensions>
          <ns3:TrackPointExtension>
            <ns3:hr>134</ns3:hr>
            <ns3:cad>90</ns3:cad>
          </ns3:TrackPointExtension>
        </extensions>
      </trkpt>
      <trkpt lat="24.48946106247603893280029296875" lon="118.14834200777113437652587890625">
        <ele>23.799999237060546875</ele>
        <time>2025-04-05T11:59:29.000Z</time>
        <extensions>
          <ns3:TrackPointExtension>
            <ns3:hr>134</ns3:hr>
            <ns3:cad>90</ns3:cad>
          </ns3:TrackPointExtension>
        </extensions>
      </trkpt>
      <trkpt lat="24.489428289234638214111328125" lon="118.148324824869632720947265625">
        <ele>24</ele>
        <time>2025-04-05T11:59:30.000Z</time>
        <extensions>
          <ns3:TrackPointExtension>
            <ns3:hr>134</ns3:hr>
            <ns3:cad>90</ns3:cad>
          </ns3:TrackPointExtension>
        </extensions>
      </trkpt>
      <trkpt lat="24.48940909467637538909912109375" lon="118.148322813212871551513671875">
        <ele>24</ele>
        <time>2025-04-05T11:59:31.000Z</time>
        <extensions>
          <ns3:TrackPointExtension>
            <ns3:hr>134</ns3:hr>
            <ns3:cad>90</ns3:cad>
          </ns3:TrackPointExtension>
        </extensions>
      </trkpt>
      <trkpt lat="24.489384032785892486572265625" lon="118.14831166528165340423583984375">
        <ele>24</ele>
        <time>2025-04-05T11:59:32.000Z</time>
        <extensions>
          <ns3:TrackPointExtension>
            <ns3:hr>134</ns3:hr>
            <ns3:cad>90</ns3:cad>
          </ns3:TrackPointExtension>
        </extensions>
      </trkpt>
      <trkpt lat="24.48936550877988338470458984375" lon="118.148310072720050811767578125">
        <ele>24</ele>
        <time>2025-04-05T11:59:33.000Z</time>
        <extensions>
          <ns3:TrackPointExtension>
            <ns3:hr>135</ns3:hr>
            <ns3:cad>90</ns3:cad>
          </ns3:TrackPointExtension>
        </extensions>
      </trkpt>
      <trkpt lat="24.48934019543230533599853515625" lon="118.1482988409698009490966796875">
        <ele>24</ele>
        <time>2025-04-05T11:59:34.000Z</time>
        <extensions>
          <ns3:TrackPointExtension>
            <ns3:hr>136</ns3:hr>
            <ns3:cad>91</ns3:cad>
          </ns3:TrackPointExtension>
        </extensions>
      </trkpt>
      <trkpt lat="24.4893181510269641876220703125" lon="118.14829624257981777191162109375">
        <ele>24.200000762939453125</ele>
        <time>2025-04-05T11:59:35.000Z</time>
        <extensions>
          <ns3:TrackPointExtension>
            <ns3:hr>136</ns3:hr>
            <ns3:cad>91</ns3:cad>
          </ns3:TrackPointExtension>
        </extensions>
      </trkpt>
      <trkpt lat="24.489294178783893585205078125" lon="118.1482864357531070709228515625">
        <ele>24.3999996185302734375</ele>
        <time>2025-04-05T11:59:36.000Z</time>
        <extensions>
          <ns3:TrackPointExtension>
            <ns3:hr>136</ns3:hr>
            <ns3:cad>90</ns3:cad>
          </ns3:TrackPointExtension>
        </extensions>
      </trkpt>
      <trkpt lat="24.4892712123692035675048828125" lon="118.1482894532382488250732421875">
        <ele>24.3999996185302734375</ele>
        <time>2025-04-05T11:59:37.000Z</time>
        <extensions>
          <ns3:TrackPointExtension>
            <ns3:hr>136</ns3:hr>
            <ns3:cad>90</ns3:cad>
          </ns3:TrackPointExtension>
        </extensions>
      </trkpt>
      <trkpt lat="24.4892437197268009185791015625" lon="118.14827729947865009307861328125">
        <ele>24.6000003814697265625</ele>
        <time>2025-04-05T11:59:38.000Z</time>
        <extensions>
          <ns3:TrackPointExtension>
            <ns3:hr>137</ns3:hr>
            <ns3:cad>90</ns3:cad>
          </ns3:TrackPointExtension>
        </extensions>
      </trkpt>
      <trkpt lat="24.4892219267785549163818359375" lon="118.14827411435544490814208984375">
        <ele>24.6000003814697265625</ele>
        <time>2025-04-05T11:59:39.000Z</time>
        <extensions>
          <ns3:TrackPointExtension>
            <ns3:hr>137</ns3:hr>
            <ns3:cad>90</ns3:cad>
          </ns3:TrackPointExtension>
        </extensions>
      </trkpt>
      <trkpt lat="24.4891944341361522674560546875" lon="118.14825986512005329132080078125">
        <ele>24.6000003814697265625</ele>
        <time>2025-04-05T11:59:40.000Z</time>
        <extensions>
          <ns3:TrackPointExtension>
            <ns3:hr>138</ns3:hr>
            <ns3:cad>90</ns3:cad>
          </ns3:TrackPointExtension>
        </extensions>
      </trkpt>
      <trkpt lat="24.4891731441020965576171875" lon="118.148253075778484344482421875">
        <ele>24.799999237060546875</ele>
        <time>2025-04-05T11:59:41.000Z</time>
        <extensions>
          <ns3:TrackPointExtension>
            <ns3:hr>138</ns3:hr>
            <ns3:cad>90</ns3:cad>
          </ns3:TrackPointExtension>
        </extensions>
      </trkpt>
      <trkpt lat="24.48914707638323307037353515625" lon="118.14823706634342670440673828125">
        <ele>24.799999237060546875</ele>
        <time>2025-04-05T11:59:42.000Z</time>
        <extensions>
          <ns3:TrackPointExtension>
            <ns3:hr>138</ns3:hr>
            <ns3:cad>90</ns3:cad>
          </ns3:TrackPointExtension>
        </extensions>
      </trkpt>
      <trkpt lat="24.48912310414016246795654296875" lon="118.1482327915728092193603515625">
        <ele>24.799999237060546875</ele>
        <time>2025-04-05T11:59:43.000Z</time>
        <extensions>
          <ns3:TrackPointExtension>
            <ns3:hr>139</ns3:hr>
            <ns3:cad>90</ns3:cad>
          </ns3:TrackPointExtension>
        </extensions>
      </trkpt>
      <trkpt lat="24.4890940189361572265625" lon="118.1482227332890033721923828125">
        <ele>25</ele>
        <time>2025-04-05T11:59:44.000Z</time>
        <extensions>
          <ns3:TrackPointExtension>
            <ns3:hr>140</ns3:hr>
            <ns3:cad>90</ns3:cad>
          </ns3:TrackPointExtension>
        </extensions>
      </trkpt>
      <trkpt lat="24.48906920850276947021484375" lon="118.1482173688709735870361328125">
        <ele>25</ele>
        <time>2025-04-05T11:59:45.000Z</time>
        <extensions>
          <ns3:TrackPointExtension>
            <ns3:hr>140</ns3:hr>
            <ns3:cad>90</ns3:cad>
          </ns3:TrackPointExtension>
        </extensions>
      </trkpt>
      <trkpt lat="24.4890443980693817138671875" lon="118.14820110797882080078125">
        <ele>25</ele>
        <time>2025-04-05T11:59:46.000Z</time>
        <extensions>
          <ns3:TrackPointExtension>
            <ns3:hr>141</ns3:hr>
            <ns3:cad>91</ns3:cad>
          </ns3:TrackPointExtension>
        </extensions>
      </trkpt>
      <trkpt lat="24.4890164025127887725830078125" lon="118.1481912173330783843994140625">
        <ele>25.200000762939453125</ele>
        <time>2025-04-05T11:59:47.000Z</time>
        <extensions>
          <ns3:TrackPointExtension>
            <ns3:hr>141</ns3:hr>
            <ns3:cad>91</ns3:cad>
          </ns3:TrackPointExtension>
        </extensions>
      </trkpt>
      <trkpt lat="24.4889905862510204315185546875" lon="118.1481778062880039215087890625">
        <ele>25.200000762939453125</ele>
        <time>2025-04-05T11:59:48.000Z</time>
        <extensions>
          <ns3:TrackPointExtension>
            <ns3:hr>141</ns3:hr>
            <ns3:cad>91</ns3:cad>
          </ns3:TrackPointExtension>
        </extensions>
      </trkpt>
      <trkpt lat="24.488964267075061798095703125" lon="118.14817403443157672882080078125">
        <ele>25.200000762939453125</ele>
        <time>2025-04-05T11:59:49.000Z</time>
        <extensions>
          <ns3:TrackPointExtension>
            <ns3:hr>141</ns3:hr>
            <ns3:cad>90</ns3:cad>
          </ns3:TrackPointExtension>
        </extensions>
      </trkpt>
      <trkpt lat="24.4889329187572002410888671875" lon="118.148163221776485443115234375">
        <ele>25.3999996185302734375</ele>
        <time>2025-04-05T11:59:50.000Z</time>
        <extensions>
          <ns3:TrackPointExtension>
            <ns3:hr>141</ns3:hr>
            <ns3:cad>90</ns3:cad>
          </ns3:TrackPointExtension>
        </extensions>
      </trkpt>
      <trkpt lat="24.48891037143766880035400390625" lon="118.1481543369591236114501953125">
        <ele>25.3999996185302734375</ele>
        <time>2025-04-05T11:59:51.000Z</time>
        <extensions>
          <ns3:TrackPointExtension>
            <ns3:hr>142</ns3:hr>
            <ns3:cad>90</ns3:cad>
          </ns3:TrackPointExtension>
        </extensions>
      </trkpt>
      <trkpt lat="24.48888405226171016693115234375" lon="118.148139417171478271484375">
        <ele>25.3999996185302734375</ele>
        <time>2025-04-05T11:59:52.000Z</time>
        <extensions>
          <ns3:TrackPointExtension>
            <ns3:hr>142</ns3:hr>
            <ns3:cad>90</ns3:cad>
          </ns3:TrackPointExtension>
        </extensions>
      </trkpt>
      <trkpt lat="24.488862343132495880126953125" lon="118.14813262782990932464599609375">
        <ele>25.6000003814697265625</ele>
        <time>2025-04-05T11:59:53.000Z</time>
        <extensions>
          <ns3:TrackPointExtension>
            <ns3:hr>142</ns3:hr>
            <ns3:cad>89</ns3:cad>
          </ns3:TrackPointExtension>
        </extensions>
      </trkpt>
      <trkpt lat="24.488828815519809722900390625" lon="118.1481177918612957000732421875">
        <ele>25.6000003814697265625</ele>
        <time>2025-04-05T11:59:54.000Z</time>
        <extensions>
          <ns3:TrackPointExtension>
            <ns3:hr>142</ns3:hr>
            <ns3:cad>89</ns3:cad>
          </ns3:TrackPointExtension>
        </extensions>
      </trkpt>
      <trkpt lat="24.48880425654351711273193359375" lon="118.14810924232006072998046875">
        <ele>25.799999237060546875</ele>
        <time>2025-04-05T11:59:55.000Z</time>
        <extensions>
          <ns3:TrackPointExtension>
            <ns3:hr>142</ns3:hr>
            <ns3:cad>89</ns3:cad>
          </ns3:TrackPointExtension>
        </extensions>
      </trkpt>
      <trkpt lat="24.48877391405403614044189453125" lon="118.14809289760887622833251953125">
        <ele>26</ele>
        <time>2025-04-05T11:59:56.000Z</time>
        <extensions>
          <ns3:TrackPointExtension>
            <ns3:hr>142</ns3:hr>
            <ns3:cad>89</ns3:cad>
          </ns3:TrackPointExtension>
        </extensions>
      </trkpt>
      <trkpt lat="24.48874977417290210723876953125" lon="118.148084767162799835205078125">
        <ele>26</ele>
        <time>2025-04-05T11:59:57.000Z</time>
        <extensions>
          <ns3:TrackPointExtension>
            <ns3:hr>143</ns3:hr>
            <ns3:cad>89</ns3:cad>
          </ns3:TrackPointExtension>
        </extensions>
      </trkpt>
      <trkpt lat="24.48871809057891368865966796875" lon="118.14807303249835968017578125">
        <ele>26</ele>
        <time>2025-04-05T11:59:58.000Z</time>
        <extensions>
          <ns3:TrackPointExtension>
            <ns3:hr>143</ns3:hr>
            <ns3:cad>89</ns3:cad>
          </ns3:TrackPointExtension>
        </extensions>
      </trkpt>
      <trkpt lat="24.48869160376489162445068359375" lon="118.14806825481355190277099609375">
        <ele>26.200000762939453125</ele>
        <time>2025-04-05T11:59:59.000Z</time>
        <extensions>
          <ns3:TrackPointExtension>
            <ns3:hr>144</ns3:hr>
            <ns3:cad>89</ns3:cad>
          </ns3:TrackPointExtension>
        </extensions>
      </trkpt>
      <trkpt lat="24.48866008780896663665771484375" lon="118.14805534668266773223876953125">
        <ele>26.200000762939453125</ele>
        <time>2025-04-05T12:00:00.000Z</time>
        <extensions>
          <ns3:TrackPointExtension>
            <ns3:hr>145</ns3:hr>
            <ns3:cad>89</ns3:cad>
          </ns3:TrackPointExtension>
        </extensions>
      </trkpt>
      <trkpt lat="24.48863477446138858795166015625" lon="118.14805199392139911651611328125">
        <ele>26.3999996185302734375</ele>
        <time>2025-04-05T12:00:01.000Z</time>
        <extensions>
          <ns3:TrackPointExtension>
            <ns3:hr>145</ns3:hr>
            <ns3:cad>89</ns3:cad>
          </ns3:TrackPointExtension>
        </extensions>
      </trkpt>
      <trkpt lat="24.4886036776006221771240234375" lon="118.14804076217114925384521484375">
        <ele>26.3999996185302734375</ele>
        <time>2025-04-05T12:00:02.000Z</time>
        <extensions>
          <ns3:TrackPointExtension>
            <ns3:hr>146</ns3:hr>
            <ns3:cad>89</ns3:cad>
          </ns3:TrackPointExtension>
        </extensions>
      </trkpt>
      <trkpt lat="24.4885802082717418670654296875" lon="118.148031793534755706787109375">
        <ele>26.3999996185302734375</ele>
        <time>2025-04-05T12:00:03.000Z</time>
        <extensions>
          <ns3:TrackPointExtension>
            <ns3:hr>146</ns3:hr>
            <ns3:cad>90</ns3:cad>
          </ns3:TrackPointExtension>
        </extensions>
      </trkpt>
      <trkpt lat="24.48855598457157611846923828125" lon="118.1480212323367595672607421875">
        <ele>26.6000003814697265625</ele>
        <time>2025-04-05T12:00:04.000Z</time>
        <extensions>
          <ns3:TrackPointExtension>
            <ns3:hr>146</ns3:hr>
            <ns3:cad>90</ns3:cad>
          </ns3:TrackPointExtension>
        </extensions>
      </trkpt>
      <trkpt lat="24.48853276669979095458984375" lon="118.1480131857097148895263671875">
        <ele>26.6000003814697265625</ele>
        <time>2025-04-05T12:00:05.000Z</time>
        <extensions>
          <ns3:TrackPointExtension>
            <ns3:hr>146</ns3:hr>
            <ns3:cad>91</ns3:cad>
          </ns3:TrackPointExtension>
        </extensions>
      </trkpt>
      <trkpt lat="24.48850653134286403656005859375" lon="118.14800287596881389617919921875">
        <ele>26.799999237060546875</ele>
        <time>2025-04-05T12:00:06.000Z</time>
        <extensions>
          <ns3:TrackPointExtension>
            <ns3:hr>146</ns3:hr>
            <ns3:cad>92</ns3:cad>
          </ns3:TrackPointExtension>
        </extensions>
      </trkpt>
      <trkpt lat="24.48847752995789051055908203125" lon="118.14799248240888118743896484375">
        <ele>26.799999237060546875</ele>
        <time>2025-04-05T12:00:07.000Z</time>
        <extensions>
          <ns3:TrackPointExtension>
            <ns3:hr>146</ns3:hr>
            <ns3:cad>92</ns3:cad>
          </ns3:TrackPointExtension>
        </extensions>
      </trkpt>
      <trkpt lat="24.48845305480062961578369140625" lon="118.14797990955412387847900390625">
        <ele>26.799999237060546875</ele>
        <time>2025-04-05T12:00:08.000Z</time>
        <extensions>
          <ns3:TrackPointExtension>
            <ns3:hr>146</ns3:hr>
            <ns3:cad>92</ns3:cad>
          </ns3:TrackPointExtension>
        </extensions>
      </trkpt>
      <trkpt lat="24.4884212873876094818115234375" lon="118.14796884544193744659423828125">
        <ele>27</ele>
        <time>2025-04-05T12:00:09.000Z</time>
        <extensions>
          <ns3:TrackPointExtension>
            <ns3:hr>146</ns3:hr>
            <ns3:cad>92</ns3:cad>
          </ns3:TrackPointExtension>
        </extensions>
      </trkpt>
      <trkpt lat="24.48839731514453887939453125" lon="118.147959373891353607177734375">
        <ele>27</ele>
        <time>2025-04-05T12:00:10.000Z</time>
        <extensions>
          <ns3:TrackPointExtension>
            <ns3:hr>147</ns3:hr>
            <ns3:cad>92</ns3:cad>
          </ns3:TrackPointExtension>
        </extensions>
      </trkpt>
      <trkpt lat="24.48836286552250385284423828125" lon="118.14794923178851604461669921875">
        <ele>27.200000762939453125</ele>
        <time>2025-04-05T12:00:11.000Z</time>
        <extensions>
          <ns3:TrackPointExtension>
            <ns3:hr>148</ns3:hr>
            <ns3:cad>92</ns3:cad>
          </ns3:TrackPointExtension>
        </extensions>
      </trkpt>
      <trkpt lat="24.48834090493619441986083984375" lon="118.14794420264661312103271484375">
        <ele>27.200000762939453125</ele>
        <time>2025-04-05T12:00:12.000Z</time>
        <extensions>
          <ns3:TrackPointExtension>
            <ns3:hr>148</ns3:hr>
            <ns3:cad>93</ns3:cad>
          </ns3:TrackPointExtension>
        </extensions>
      </trkpt>
      <trkpt lat="24.48830385692417621612548828125" lon="118.1479330547153949737548828125">
        <ele>27.3999996185302734375</ele>
        <time>2025-04-05T12:00:13.000Z</time>
        <extensions>
          <ns3:TrackPointExtension>
            <ns3:hr>149</ns3:hr>
            <ns3:cad>93</ns3:cad>
          </ns3:TrackPointExtension>
        </extensions>
      </trkpt>
      <trkpt lat="24.488284327089786529541015625" lon="118.14792819321155548095703125">
        <ele>27.3999996185302734375</ele>
        <time>2025-04-05T12:00:14.000Z</time>
        <extensions>
          <ns3:TrackPointExtension>
            <ns3:hr>149</ns3:hr>
            <ns3:cad>93</ns3:cad>
          </ns3:TrackPointExtension>
        </extensions>
      </trkpt>
      <trkpt lat="24.48825172148644924163818359375" lon="118.1479219906032085418701171875">
        <ele>27.6000003814697265625</ele>
        <time>2025-04-05T12:00:15.000Z</time>
        <extensions>
          <ns3:TrackPointExtension>
            <ns3:hr>149</ns3:hr>
            <ns3:cad>93</ns3:cad>
          </ns3:TrackPointExtension>
        </extensions>
      </trkpt>
      <trkpt lat="24.48823194019496440887451171875" lon="118.147919140756130218505859375">
        <ele>27.6000003814697265625</ele>
        <time>2025-04-05T12:00:16.000Z</time>
        <extensions>
          <ns3:TrackPointExtension>
            <ns3:hr>149</ns3:hr>
            <ns3:cad>92</ns3:cad>
          </ns3:TrackPointExtension>
        </extensions>
      </trkpt>
      <trkpt lat="24.4881973229348659515380859375" lon="118.14791075885295867919921875">
        <ele>27.799999237060546875</ele>
        <time>2025-04-05T12:00:17.000Z</time>
        <extensions>
          <ns3:TrackPointExtension>
            <ns3:hr>149</ns3:hr>
            <ns3:cad>92</ns3:cad>
          </ns3:TrackPointExtension>
        </extensions>
      </trkpt>
      <trkpt lat="24.4881753623485565185546875" lon="118.14790631644427776336669921875">
        <ele>27.799999237060546875</ele>
        <time>2025-04-05T12:00:18.000Z</time>
        <extensions>
          <ns3:TrackPointExtension>
            <ns3:hr>149</ns3:hr>
            <ns3:cad>92</ns3:cad>
          </ns3:TrackPointExtension>
        </extensions>
      </trkpt>
      <trkpt lat="24.48814510367810726165771484375" lon="118.14790095202624797821044921875">
        <ele>28</ele>
        <time>2025-04-05T12:00:19.000Z</time>
        <extensions>
          <ns3:TrackPointExtension>
            <ns3:hr>149</ns3:hr>
            <ns3:cad>91</ns3:cad>
          </ns3:TrackPointExtension>
        </extensions>
      </trkpt>
      <trkpt lat="24.48812699876725673675537109375" lon="118.1478988565504550933837890625">
        <ele>28</ele>
        <time>2025-04-05T12:00:20.000Z</time>
        <extensions>
          <ns3:TrackPointExtension>
            <ns3:hr>150</ns3:hr>
            <ns3:cad>91</ns3:cad>
          </ns3:TrackPointExtension>
        </extensions>
      </trkpt>
      <trkpt lat="24.48810017667710781097412109375" lon="118.14789122901856899261474609375">
        <ele>28.200000762939453125</ele>
        <time>2025-04-05T12:00:21.000Z</time>
        <extensions>
          <ns3:TrackPointExtension>
            <ns3:hr>150</ns3:hr>
            <ns3:cad>90</ns3:cad>
          </ns3:TrackPointExtension>
        </extensions>
      </trkpt>
      <trkpt lat="24.48807989247143268585205078125" lon="118.1478904746472835540771484375">
        <ele>28.200000762939453125</ele>
        <time>2025-04-05T12:00:22.000Z</time>
        <extensions>
          <ns3:TrackPointExtension>
            <ns3:hr>150</ns3:hr>
            <ns3:cad>90</ns3:cad>
          </ns3:TrackPointExtension>
        </extensions>
      </trkpt>
      <trkpt lat="24.488054998219013214111328125" lon="118.1478817574679851531982421875">
        <ele>28.200000762939453125</ele>
        <time>2025-04-05T12:00:23.000Z</time>
        <extensions>
          <ns3:TrackPointExtension>
            <ns3:hr>149</ns3:hr>
            <ns3:cad>90</ns3:cad>
          </ns3:TrackPointExtension>
        </extensions>
      </trkpt>
      <trkpt lat="24.48803295381367206573486328125" lon="118.14788200892508029937744140625">
        <ele>28.3999996185302734375</ele>
        <time>2025-04-05T12:00:24.000Z</time>
        <extensions>
          <ns3:TrackPointExtension>
            <ns3:hr>150</ns3:hr>
            <ns3:cad>90</ns3:cad>
          </ns3:TrackPointExtension>
        </extensions>
      </trkpt>
      <trkpt lat="24.488002695143222808837890625" lon="118.14787563867866992950439453125">
        <ele>28.6000003814697265625</ele>
        <time>2025-04-05T12:00:25.000Z</time>
        <extensions>
          <ns3:TrackPointExtension>
            <ns3:hr>150</ns3:hr>
            <ns3:cad>90</ns3:cad>
          </ns3:TrackPointExtension>
        </extensions>
      </trkpt>
      <trkpt lat="24.48798215948045253753662109375" lon="118.1478773988783359527587890625">
        <ele>28.6000003814697265625</ele>
        <time>2025-04-05T12:00:26.000Z</time>
        <extensions>
          <ns3:TrackPointExtension>
            <ns3:hr>149</ns3:hr>
            <ns3:cad>90</ns3:cad>
          </ns3:TrackPointExtension>
        </extensions>
      </trkpt>
      <trkpt lat="24.487953074276447296142578125" lon="118.14787480048835277557373046875">
        <ele>28.799999237060546875</ele>
        <time>2025-04-05T12:00:27.000Z</time>
        <extensions>
          <ns3:TrackPointExtension>
            <ns3:hr>150</ns3:hr>
            <ns3:cad>90</ns3:cad>
          </ns3:TrackPointExtension>
        </extensions>
      </trkpt>
      <trkpt lat="24.48793195188045501708984375" lon="118.14787932671606540679931640625">
        <ele>28.799999237060546875</ele>
        <time>2025-04-05T12:00:28.000Z</time>
        <extensions>
          <ns3:TrackPointExtension>
            <ns3:hr>150</ns3:hr>
            <ns3:cad>90</ns3:cad>
          </ns3:TrackPointExtension>
        </extensions>
      </trkpt>
      <trkpt lat="24.48790504597127437591552734375" lon="118.14787060953676700592041015625">
        <ele>28.799999237060546875</ele>
        <time>2025-04-05T12:00:29.000Z</time>
        <extensions>
          <ns3:TrackPointExtension>
            <ns3:hr>150</ns3:hr>
            <ns3:cad>92</ns3:cad>
          </ns3:TrackPointExtension>
        </extensions>
      </trkpt>
      <trkpt lat="24.487884007394313812255859375" lon="118.14786826260387897491455078125">
        <ele>29</ele>
        <time>2025-04-05T12:00:30.000Z</time>
        <extensions>
          <ns3:TrackPointExtension>
            <ns3:hr>150</ns3:hr>
            <ns3:cad>92</ns3:cad>
          </ns3:TrackPointExtension>
        </extensions>
      </trkpt>
      <trkpt lat="24.487859196960926055908203125" lon="118.1478613056242465972900390625">
        <ele>29</ele>
        <time>2025-04-05T12:00:31.000Z</time>
        <extensions>
          <ns3:TrackPointExtension>
            <ns3:hr>150</ns3:hr>
            <ns3:cad>92</ns3:cad>
          </ns3:TrackPointExtension>
        </extensions>
      </trkpt>
      <trkpt lat="24.487831704318523406982421875" lon="118.1478569470345973968505859375">
        <ele>29.200000762939453125</ele>
        <time>2025-04-05T12:00:32.000Z</time>
        <extensions>
          <ns3:TrackPointExtension>
            <ns3:hr>150</ns3:hr>
            <ns3:cad>92</ns3:cad>
          </ns3:TrackPointExtension>
        </extensions>
      </trkpt>
      <trkpt lat="24.487804882228374481201171875" lon="118.14784814603626728057861328125">
        <ele>29.200000762939453125</ele>
        <time>2025-04-05T12:00:33.000Z</time>
        <extensions>
          <ns3:TrackPointExtension>
            <ns3:hr>149</ns3:hr>
            <ns3:cad>92</ns3:cad>
          </ns3:TrackPointExtension>
        </extensions>
      </trkpt>
      <trkpt lat="24.48777864687144756317138671875" lon="118.14784529618918895721435546875">
        <ele>29.3999996185302734375</ele>
        <time>2025-04-05T12:00:34.000Z</time>
        <extensions>
          <ns3:TrackPointExtension>
            <ns3:hr>149</ns3:hr>
            <ns3:cad>92</ns3:cad>
          </ns3:TrackPointExtension>
        </extensions>
      </trkpt>
      <trkpt lat="24.48775182478129863739013671875" lon="118.1478403508663177490234375">
        <ele>29.3999996185302734375</ele>
        <time>2025-04-05T12:00:35.000Z</time>
        <extensions>
          <ns3:TrackPointExtension>
            <ns3:hr>149</ns3:hr>
            <ns3:cad>92</ns3:cad>
          </ns3:TrackPointExtension>
        </extensions>
      </trkpt>
      <trkpt lat="24.48773120529949665069580078125" lon="118.1478331424295902252197265625">
        <ele>29.6000003814697265625</ele>
        <time>2025-04-05T12:00:36.000Z</time>
        <extensions>
          <ns3:TrackPointExtension>
            <ns3:hr>149</ns3:hr>
            <ns3:cad>92</ns3:cad>
          </ns3:TrackPointExtension>
        </extensions>
      </trkpt>
      <trkpt lat="24.487709663808345794677734375" lon="118.14782626926898956298828125">
        <ele>29.799999237060546875</ele>
        <time>2025-04-05T12:00:37.000Z</time>
        <extensions>
          <ns3:TrackPointExtension>
            <ns3:hr>149</ns3:hr>
            <ns3:cad>91</ns3:cad>
          </ns3:TrackPointExtension>
        </extensions>
      </trkpt>
      <trkpt lat="24.48769667185842990875244140625" lon="118.14782870002090930938720703125">
        <ele>29.799999237060546875</ele>
        <time>2025-04-05T12:00:38.000Z</time>
        <extensions>
          <ns3:TrackPointExtension>
            <ns3:hr>150</ns3:hr>
            <ns3:cad>91</ns3:cad>
          </ns3:TrackPointExtension>
        </extensions>
      </trkpt>
      <trkpt lat="24.4876726157963275909423828125" lon="118.147831298410892486572265625">
        <ele>29.799999237060546875</ele>
        <time>2025-04-05T12:00:39.000Z</time>
        <extensions>
          <ns3:TrackPointExtension>
            <ns3:hr>150</ns3:hr>
            <ns3:cad>90</ns3:cad>
          </ns3:TrackPointExtension>
        </extensions>
      </trkpt>
      <trkpt lat="24.487656019628047943115234375" lon="118.1478240899741649627685546875">
        <ele>30</ele>
        <time>2025-04-05T12:00:40.000Z</time>
        <extensions>
          <ns3:TrackPointExtension>
            <ns3:hr>150</ns3:hr>
            <ns3:cad>89</ns3:cad>
          </ns3:TrackPointExtension>
        </extensions>
      </trkpt>
      <trkpt lat="24.4876281917095184326171875" lon="118.14781579189002513885498046875">
        <ele>30</ele>
        <time>2025-04-05T12:00:41.000Z</time>
        <extensions>
          <ns3:TrackPointExtension>
            <ns3:hr>150</ns3:hr>
            <ns3:cad>88</ns3:cad>
          </ns3:TrackPointExtension>
        </extensions>
      </trkpt>
      <trkpt lat="24.487609080970287322998046875" lon="118.14781629480421543121337890625">
        <ele>30</ele>
        <time>2025-04-05T12:00:42.000Z</time>
        <extensions>
          <ns3:TrackPointExtension>
            <ns3:hr>151</ns3:hr>
            <ns3:cad>88</ns3:cad>
          </ns3:TrackPointExtension>
        </extensions>
      </trkpt>
      <trkpt lat="24.48757882229983806610107421875" lon="118.14781461842358112335205078125">
        <ele>30</ele>
        <time>2025-04-05T12:00:43.000Z</time>
        <extensions>
          <ns3:TrackPointExtension>
            <ns3:hr>150</ns3:hr>
            <ns3:cad>87</ns3:cad>
          </ns3:TrackPointExtension>
        </extensions>
      </trkpt>
      <trkpt lat="24.487556107342243194580078125" lon="118.1478210724890232086181640625">
        <ele>30.200000762939453125</ele>
        <time>2025-04-05T12:00:44.000Z</time>
        <extensions>
          <ns3:TrackPointExtension>
            <ns3:hr>150</ns3:hr>
            <ns3:cad>87</ns3:cad>
          </ns3:TrackPointExtension>
        </extensions>
      </trkpt>
      <trkpt lat="24.4875235855579376220703125" lon="118.1478267721831798553466796875">
        <ele>30.3999996185302734375</ele>
        <time>2025-04-05T12:00:45.000Z</time>
        <extensions>
          <ns3:TrackPointExtension>
            <ns3:hr>151</ns3:hr>
            <ns3:cad>89</ns3:cad>
          </ns3:TrackPointExtension>
        </extensions>
      </trkpt>
      <trkpt lat="24.48749743402004241943359375" lon="118.14783607609570026397705078125">
        <ele>30.3999996185302734375</ele>
        <time>2025-04-05T12:00:46.000Z</time>
        <extensions>
          <ns3:TrackPointExtension>
            <ns3:hr>151</ns3:hr>
            <ns3:cad>89</ns3:cad>
          </ns3:TrackPointExtension>
        </extensions>
      </trkpt>
      <trkpt lat="24.48746549896895885467529296875" lon="118.14784462563693523406982421875">
        <ele>30.6000003814697265625</ele>
        <time>2025-04-05T12:00:47.000Z</time>
        <extensions>
          <ns3:TrackPointExtension>
            <ns3:hr>151</ns3:hr>
            <ns3:cad>90</ns3:cad>
          </ns3:TrackPointExtension>
        </extensions>
      </trkpt>
      <trkpt lat="24.4874459691345691680908203125" lon="118.14785686321556568145751953125">
        <ele>30.6000003814697265625</ele>
        <time>2025-04-05T12:00:48.000Z</time>
        <extensions>
          <ns3:TrackPointExtension>
            <ns3:hr>151</ns3:hr>
            <ns3:cad>90</ns3:cad>
          </ns3:TrackPointExtension>
        </extensions>
      </trkpt>
      <trkpt lat="24.48742224834859371185302734375" lon="118.14786775968968868255615234375">
        <ele>30.799999237060546875</ele>
        <time>2025-04-05T12:00:49.000Z</time>
        <extensions>
          <ns3:TrackPointExtension>
            <ns3:hr>151</ns3:hr>
            <ns3:cad>90</ns3:cad>
          </ns3:TrackPointExtension>
        </extensions>
      </trkpt>
      <trkpt lat="24.487406909465789794921875" lon="118.14787966199219226837158203125">
        <ele>31</ele>
        <time>2025-04-05T12:00:50.000Z</time>
        <extensions>
          <ns3:TrackPointExtension>
            <ns3:hr>151</ns3:hr>
            <ns3:cad>90</ns3:cad>
          </ns3:TrackPointExtension>
        </extensions>
      </trkpt>
      <trkpt lat="24.487384445965290069580078125" lon="118.1479005329310894012451171875">
        <ele>31</ele>
        <time>2025-04-05T12:00:51.000Z</time>
        <extensions>
          <ns3:TrackPointExtension>
            <ns3:hr>151</ns3:hr>
            <ns3:cad>90</ns3:cad>
          </ns3:TrackPointExtension>
        </extensions>
      </trkpt>
      <trkpt lat="24.4873678497970104217529296875" lon="118.147919140756130218505859375">
        <ele>31</ele>
        <time>2025-04-05T12:00:52.000Z</time>
        <extensions>
          <ns3:TrackPointExtension>
            <ns3:hr>151</ns3:hr>
            <ns3:cad>90</ns3:cad>
          </ns3:TrackPointExtension>
        </extensions>
      </trkpt>
      <trkpt lat="24.48734597302973270416259765625" lon="118.14794562757015228271484375">
        <ele>31</ele>
        <time>2025-04-05T12:00:53.000Z</time>
        <extensions>
          <ns3:TrackPointExtension>
            <ns3:hr>151</ns3:hr>
            <ns3:cad>90</ns3:cad>
          </ns3:TrackPointExtension>
        </extensions>
      </trkpt>
      <trkpt lat="24.48733038268983364105224609375" lon="118.14796985127031803131103515625">
        <ele>31.200000762939453125</ele>
        <time>2025-04-05T12:00:54.000Z</time>
        <extensions>
          <ns3:TrackPointExtension>
            <ns3:hr>151</ns3:hr>
            <ns3:cad>90</ns3:cad>
          </ns3:TrackPointExtension>
        </extensions>
      </trkpt>
      <trkpt lat="24.48731177486479282379150390625" lon="118.14799390733242034912109375">
        <ele>31.200000762939453125</ele>
        <time>2025-04-05T12:00:55.000Z</time>
        <extensions>
          <ns3:TrackPointExtension>
            <ns3:hr>151</ns3:hr>
            <ns3:cad>90</ns3:cad>
          </ns3:TrackPointExtension>
        </extensions>
      </trkpt>
      <trkpt lat="24.487297944724559783935546875" lon="118.14801402390003204345703125">
        <ele>31.3999996185302734375</ele>
        <time>2025-04-05T12:00:56.000Z</time>
        <extensions>
          <ns3:TrackPointExtension>
            <ns3:hr>151</ns3:hr>
            <ns3:cad>90</ns3:cad>
          </ns3:TrackPointExtension>
        </extensions>
      </trkpt>
      <trkpt lat="24.48727724142372608184814453125" lon="118.1480339728295803070068359375">
        <ele>31.3999996185302734375</ele>
        <time>2025-04-05T12:00:57.000Z</time>
        <extensions>
          <ns3:TrackPointExtension>
            <ns3:hr>150</ns3:hr>
            <ns3:cad>90</ns3:cad>
          </ns3:TrackPointExtension>
        </extensions>
      </trkpt>
      <trkpt lat="24.48725737631320953369140625" lon="118.14805291593074798583984375">
        <ele>31.3999996185302734375</ele>
        <time>2025-04-05T12:00:58.000Z</time>
        <extensions>
          <ns3:TrackPointExtension>
            <ns3:hr>150</ns3:hr>
            <ns3:cad>90</ns3:cad>
          </ns3:TrackPointExtension>
        </extensions>
      </trkpt>
      <trkpt lat="24.4872323982417583465576171875" lon="118.14807110466063022613525390625">
        <ele>31.6000003814697265625</ele>
        <time>2025-04-05T12:00:59.000Z</time>
        <extensions>
          <ns3:TrackPointExtension>
            <ns3:hr>150</ns3:hr>
            <ns3:cad>90</ns3:cad>
          </ns3:TrackPointExtension>
        </extensions>
      </trkpt>
      <trkpt lat="24.487208761274814605712890625" lon="118.148086778819561004638671875">
        <ele>31.6000003814697265625</ele>
        <time>2025-04-05T12:01:00.000Z</time>
        <extensions>
          <ns3:TrackPointExtension>
            <ns3:hr>150</ns3:hr>
            <ns3:cad>90</ns3:cad>
          </ns3:TrackPointExtension>
        </extensions>
      </trkpt>
      <trkpt lat="24.48718227446079254150390625" lon="118.14809608273208141326904296875">
        <ele>31.799999237060546875</ele>
        <time>2025-04-05T12:01:01.000Z</time>
        <extensions>
          <ns3:TrackPointExtension>
            <ns3:hr>150</ns3:hr>
            <ns3:cad>90</ns3:cad>
          </ns3:TrackPointExtension>
        </extensions>
      </trkpt>
      <trkpt lat="24.48715637437999248504638671875" lon="118.14810479991137981414794921875">
        <ele>32</ele>
        <time>2025-04-05T12:01:02.000Z</time>
        <extensions>
          <ns3:TrackPointExtension>
            <ns3:hr>150</ns3:hr>
            <ns3:cad>90</ns3:cad>
          </ns3:TrackPointExtension>
        </extensions>
      </trkpt>
      <trkpt lat="24.4871284626424312591552734375" lon="118.14811267890036106109619140625">
        <ele>32</ele>
        <time>2025-04-05T12:01:03.000Z</time>
        <extensions>
          <ns3:TrackPointExtension>
            <ns3:hr>150</ns3:hr>
            <ns3:cad>91</ns3:cad>
          </ns3:TrackPointExtension>
        </extensions>
      </trkpt>
      <trkpt lat="24.48710314929485321044921875" lon="118.14811787568032741546630859375">
        <ele>32.200000762939453125</ele>
        <time>2025-04-05T12:01:04.000Z</time>
        <extensions>
          <ns3:TrackPointExtension>
            <ns3:hr>150</ns3:hr>
            <ns3:cad>90</ns3:cad>
          </ns3:TrackPointExtension>
        </extensions>
      </trkpt>
      <trkpt lat="24.4870754890143871307373046875" lon="118.14811804331839084625244140625">
        <ele>32.200000762939453125</ele>
        <time>2025-04-05T12:01:05.000Z</time>
        <extensions>
          <ns3:TrackPointExtension>
            <ns3:hr>149</ns3:hr>
            <ns3:cad>90</ns3:cad>
          </ns3:TrackPointExtension>
        </extensions>
      </trkpt>
      <trkpt lat="24.4870553724467754364013671875" lon="118.14811100251972675323486328125">
        <ele>32.40000152587890625</ele>
        <time>2025-04-05T12:01:06.000Z</time>
        <extensions>
          <ns3:TrackPointExtension>
            <ns3:hr>149</ns3:hr>
            <ns3:cad>90</ns3:cad>
          </ns3:TrackPointExtension>
        </extensions>
      </trkpt>
      <trkpt lat="24.487033747136592864990234375" lon="118.1481053866446018218994140625">
        <ele>32.40000152587890625</ele>
        <time>2025-04-05T12:01:07.000Z</time>
        <extensions>
          <ns3:TrackPointExtension>
            <ns3:hr>149</ns3:hr>
            <ns3:cad>90</ns3:cad>
          </ns3:TrackPointExtension>
        </extensions>
      </trkpt>
      <trkpt lat="24.4870091043412685394287109375" lon="118.1481023691594600677490234375">
        <ele>32.59999847412109375</ele>
        <time>2025-04-05T12:01:08.000Z</time>
        <extensions>
          <ns3:TrackPointExtension>
            <ns3:hr>149</ns3:hr>
            <ns3:cad>89</ns3:cad>
          </ns3:TrackPointExtension>
        </extensions>
      </trkpt>
      <trkpt lat="24.48698203079402446746826171875" lon="118.14809826202690601348876953125">
        <ele>32.59999847412109375</ele>
        <time>2025-04-05T12:01:09.000Z</time>
        <extensions>
          <ns3:TrackPointExtension>
            <ns3:hr>150</ns3:hr>
            <ns3:cad>89</ns3:cad>
          </ns3:TrackPointExtension>
        </extensions>
      </trkpt>
      <trkpt lat="24.48696141131222248077392578125" lon="118.14809239469468593597412109375">
        <ele>32.799999237060546875</ele>
        <time>2025-04-05T12:01:10.000Z</time>
        <extensions>
          <ns3:TrackPointExtension>
            <ns3:hr>150</ns3:hr>
            <ns3:cad>89</ns3:cad>
          </ns3:TrackPointExtension>
        </extensions>
      </trkpt>
      <trkpt lat="24.4869390316307544708251953125" lon="118.148082755506038665771484375">
        <ele>32.799999237060546875</ele>
        <time>2025-04-05T12:01:11.000Z</time>
        <extensions>
          <ns3:TrackPointExtension>
            <ns3:hr>150</ns3:hr>
            <ns3:cad>88</ns3:cad>
          </ns3:TrackPointExtension>
        </extensions>
      </trkpt>
      <trkpt lat="24.4869174063205718994140625" lon="118.148078732192516326904296875">
        <ele>32.799999237060546875</ele>
        <time>2025-04-05T12:01:12.000Z</time>
        <extensions>
          <ns3:TrackPointExtension>
            <ns3:hr>150</ns3:hr>
            <ns3:cad>88</ns3:cad>
          </ns3:TrackPointExtension>
        </extensions>
      </trkpt>
      <trkpt lat="24.48688589036464691162109375" lon="118.148074708878993988037109375">
        <ele>32.799999237060546875</ele>
        <time>2025-04-05T12:01:13.000Z</time>
        <extensions>
          <ns3:TrackPointExtension>
            <ns3:hr>150</ns3:hr>
            <ns3:cad>88</ns3:cad>
          </ns3:TrackPointExtension>
        </extensions>
      </trkpt>
      <trkpt lat="24.48686770163476467132568359375" lon="118.14807328395545482635498046875">
        <ele>33</ele>
        <time>2025-04-05T12:01:14.000Z</time>
        <extensions>
          <ns3:TrackPointExtension>
            <ns3:hr>150</ns3:hr>
            <ns3:cad>88</ns3:cad>
          </ns3:TrackPointExtension>
        </extensions>
      </trkpt>
      <trkpt lat="24.48683517985045909881591796875" lon="118.1480681709945201873779296875">
        <ele>33</ele>
        <time>2025-04-05T12:01:15.000Z</time>
        <extensions>
          <ns3:TrackPointExtension>
            <ns3:hr>150</ns3:hr>
            <ns3:cad>88</ns3:cad>
          </ns3:TrackPointExtension>
        </extensions>
      </trkpt>
      <trkpt lat="24.48680810630321502685546875" lon="118.1480683386325836181640625">
        <ele>33.200000762939453125</ele>
        <time>2025-04-05T12:01:16.000Z</time>
        <extensions>
          <ns3:TrackPointExtension>
            <ns3:hr>150</ns3:hr>
            <ns3:cad>88</ns3:cad>
          </ns3:TrackPointExtension>
        </extensions>
      </trkpt>
      <trkpt lat="24.48677449487149715423583984375" lon="118.14806188456714153289794921875">
        <ele>33.200000762939453125</ele>
        <time>2025-04-05T12:01:17.000Z</time>
        <extensions>
          <ns3:TrackPointExtension>
            <ns3:hr>150</ns3:hr>
            <ns3:cad>88</ns3:cad>
          </ns3:TrackPointExtension>
        </extensions>
      </trkpt>
      <trkpt lat="24.48674918152391910552978515625" lon="118.14805853180587291717529296875">
        <ele>33.40000152587890625</ele>
        <time>2025-04-05T12:01:18.000Z</time>
        <extensions>
          <ns3:TrackPointExtension>
            <ns3:hr>150</ns3:hr>
            <ns3:cad>88</ns3:cad>
          </ns3:TrackPointExtension>
        </extensions>
      </trkpt>
      <trkpt lat="24.48671699501574039459228515625" lon="118.1480520777404308319091796875">
        <ele>33.40000152587890625</ele>
        <time>2025-04-05T12:01:19.000Z</time>
        <extensions>
          <ns3:TrackPointExtension>
            <ns3:hr>149</ns3:hr>
            <ns3:cad>89</ns3:cad>
          </ns3:TrackPointExtension>
        </extensions>
      </trkpt>
      <trkpt lat="24.4866983033716678619384765625" lon="118.14805417321622371673583984375">
        <ele>33.40000152587890625</ele>
        <time>2025-04-05T12:01:20.000Z</time>
        <extensions>
          <ns3:TrackPointExtension>
            <ns3:hr>149</ns3:hr>
            <ns3:cad>89</ns3:cad>
          </ns3:TrackPointExtension>
        </extensions>
      </trkpt>
      <trkpt lat="24.48667106218636035919189453125" lon="118.1480520777404308319091796875">
        <ele>33.59999847412109375</ele>
        <time>2025-04-05T12:01:21.000Z</time>
        <extensions>
          <ns3:TrackPointExtension>
            <ns3:hr>149</ns3:hr>
            <ns3:cad>89</ns3:cad>
          </ns3:TrackPointExtension>
        </extensions>
      </trkpt>
      <trkpt lat="24.48665027506649494171142578125" lon="118.14805090427398681640625">
        <ele>33.59999847412109375</ele>
        <time>2025-04-05T12:01:22.000Z</time>
        <extensions>
          <ns3:TrackPointExtension>
            <ns3:hr>149</ns3:hr>
            <ns3:cad>89</ns3:cad>
          </ns3:TrackPointExtension>
        </extensions>
      </trkpt>
      <trkpt lat="24.486618004739284515380859375" lon="118.14805098809301853179931640625">
        <ele>33.799999237060546875</ele>
        <time>2025-04-05T12:01:23.000Z</time>
        <extensions>
          <ns3:TrackPointExtension>
            <ns3:hr>150</ns3:hr>
            <ns3:cad>89</ns3:cad>
          </ns3:TrackPointExtension>
        </extensions>
      </trkpt>
      <trkpt lat="24.4866010732948780059814453125" lon="118.14805216155946254730224609375">
        <ele>33.799999237060546875</ele>
        <time>2025-04-05T12:01:24.000Z</time>
        <extensions>
          <ns3:TrackPointExtension>
            <ns3:hr>149</ns3:hr>
            <ns3:cad>89</ns3:cad>
          </ns3:TrackPointExtension>
        </extensions>
      </trkpt>
      <trkpt lat="24.48657047934830188751220703125" lon="118.14805685542523860931396484375">
        <ele>33.799999237060546875</ele>
        <time>2025-04-05T12:01:25.000Z</time>
        <extensions>
          <ns3:TrackPointExtension>
            <ns3:hr>149</ns3:hr>
            <ns3:cad>89</ns3:cad>
          </ns3:TrackPointExtension>
        </extensions>
      </trkpt>
      <trkpt lat="24.48655086569488048553466796875" lon="118.148065991699695587158203125">
        <ele>34</ele>
        <time>2025-04-05T12:01:26.000Z</time>
        <extensions>
          <ns3:TrackPointExtension>
            <ns3:hr>150</ns3:hr>
            <ns3:cad>89</ns3:cad>
          </ns3:TrackPointExtension>
        </extensions>
      </trkpt>
      <trkpt lat="24.48651717044413089752197265625" lon="118.1480732001364231109619140625">
        <ele>34</ele>
        <time>2025-04-05T12:01:27.000Z</time>
        <extensions>
          <ns3:TrackPointExtension>
            <ns3:hr>149</ns3:hr>
            <ns3:cad>89</ns3:cad>
          </ns3:TrackPointExtension>
        </extensions>
      </trkpt>
      <trkpt lat="24.48649923317134380340576171875" lon="118.1480852700769901275634765625">
        <ele>34</ele>
        <time>2025-04-05T12:01:28.000Z</time>
        <extensions>
          <ns3:TrackPointExtension>
            <ns3:hr>150</ns3:hr>
            <ns3:cad>89</ns3:cad>
          </ns3:TrackPointExtension>
        </extensions>
      </trkpt>
      <trkpt lat="24.4864716567099094390869140625" lon="118.148100860416889190673828125">
        <ele>34.200000762939453125</ele>
        <time>2025-04-05T12:01:29.000Z</time>
        <extensions>
          <ns3:TrackPointExtension>
            <ns3:hr>150</ns3:hr>
            <ns3:cad>89</ns3:cad>
          </ns3:TrackPointExtension>
        </extensions>
      </trkpt>
      <trkpt lat="24.48645145632326602935791015625" lon="118.14811904914677143096923828125">
        <ele>34.200000762939453125</ele>
        <time>2025-04-05T12:01:30.000Z</time>
        <extensions>
          <ns3:TrackPointExtension>
            <ns3:hr>150</ns3:hr>
            <ns3:cad>89</ns3:cad>
          </ns3:TrackPointExtension>
        </extensions>
      </trkpt>
      <trkpt lat="24.48643066920340061187744140625" lon="118.1481365673243999481201171875">
        <ele>34.200000762939453125</ele>
        <time>2025-04-05T12:01:31.000Z</time>
        <extensions>
          <ns3:TrackPointExtension>
            <ns3:hr>150</ns3:hr>
            <ns3:cad>89</ns3:cad>
          </ns3:TrackPointExtension>
        </extensions>
      </trkpt>
      <trkpt lat="24.48641323484480381011962890625" lon="118.148153834044933319091796875">
        <ele>34.40000152587890625</ele>
        <time>2025-04-05T12:01:32.000Z</time>
        <extensions>
          <ns3:TrackPointExtension>
            <ns3:hr>149</ns3:hr>
            <ns3:cad>89</ns3:cad>
          </ns3:TrackPointExtension>
        </extensions>
      </trkpt>
      <trkpt lat="24.48639043606817722320556640625" lon="118.1481751240789890289306640625">
        <ele>34.40000152587890625</ele>
        <time>2025-04-05T12:01:33.000Z</time>
        <extensions>
          <ns3:TrackPointExtension>
            <ns3:hr>150</ns3:hr>
            <ns3:cad>89</ns3:cad>
          </ns3:TrackPointExtension>
        </extensions>
      </trkpt>
      <trkpt lat="24.48637534864246845245361328125" lon="118.148200772702693939208984375">
        <ele>34.59999847412109375</ele>
        <time>2025-04-05T12:01:34.000Z</time>
        <extensions>
          <ns3:TrackPointExtension>
            <ns3:hr>150</ns3:hr>
            <ns3:cad>89</ns3:cad>
          </ns3:TrackPointExtension>
        </extensions>
      </trkpt>
      <trkpt lat="24.48635808192193508148193359375" lon="118.14822482876479625701904296875">
        <ele>34.59999847412109375</ele>
        <time>2025-04-05T12:01:35.000Z</time>
        <extensions>
          <ns3:TrackPointExtension>
            <ns3:hr>150</ns3:hr>
            <ns3:cad>89</ns3:cad>
          </ns3:TrackPointExtension>
        </extensions>
      </trkpt>
      <trkpt lat="24.48634400032460689544677734375" lon="118.14824871718883514404296875">
        <ele>34.59999847412109375</ele>
        <time>2025-04-05T12:01:36.000Z</time>
        <extensions>
          <ns3:TrackPointExtension>
            <ns3:hr>150</ns3:hr>
            <ns3:cad>88</ns3:cad>
          </ns3:TrackPointExtension>
        </extensions>
      </trkpt>
      <trkpt lat="24.48632405139505863189697265625" lon="118.148274533450603485107421875">
        <ele>34.799999237060546875</ele>
        <time>2025-04-05T12:01:37.000Z</time>
        <extensions>
          <ns3:TrackPointExtension>
            <ns3:hr>150</ns3:hr>
            <ns3:cad>88</ns3:cad>
          </ns3:TrackPointExtension>
        </extensions>
      </trkpt>
      <trkpt lat="24.486307539045810699462890625" lon="118.14829104579985141754150390625">
        <ele>35</ele>
        <time>2025-04-05T12:01:38.000Z</time>
        <extensions>
          <ns3:TrackPointExtension>
            <ns3:hr>150</ns3:hr>
            <ns3:cad>88</ns3:cad>
          </ns3:TrackPointExtension>
        </extensions>
      </trkpt>
      <trkpt lat="24.4862795434892177581787109375" lon="118.14830546267330646514892578125">
        <ele>35</ele>
        <time>2025-04-05T12:01:39.000Z</time>
        <extensions>
          <ns3:TrackPointExtension>
            <ns3:hr>150</ns3:hr>
            <ns3:cad>89</ns3:cad>
          </ns3:TrackPointExtension>
        </extensions>
      </trkpt>
      <trkpt lat="24.48625833727419376373291015625" lon="118.1483122520148754119873046875">
        <ele>35</ele>
        <time>2025-04-05T12:01:40.000Z</time>
        <extensions>
          <ns3:TrackPointExtension>
            <ns3:hr>150</ns3:hr>
            <ns3:cad>90</ns3:cad>
          </ns3:TrackPointExtension>
        </extensions>
      </trkpt>
      <trkpt lat="24.48622933588922023773193359375" lon="118.14830730669200420379638671875">
        <ele>35</ele>
        <time>2025-04-05T12:01:41.000Z</time>
        <extensions>
          <ns3:TrackPointExtension>
            <ns3:hr>149</ns3:hr>
            <ns3:cad>92</ns3:cad>
          </ns3:TrackPointExtension>
        </extensions>
      </trkpt>
      <trkpt lat="24.486206956207752227783203125" lon="118.14829926006495952606201171875">
        <ele>35</ele>
        <time>2025-04-05T12:01:42.000Z</time>
        <extensions>
          <ns3:TrackPointExtension>
            <ns3:hr>149</ns3:hr>
            <ns3:cad>92</ns3:cad>
          </ns3:TrackPointExtension>
        </extensions>
      </trkpt>
      <trkpt lat="24.4861903600394725799560546875" lon="118.14828132279217243194580078125">
        <ele>35</ele>
        <time>2025-04-05T12:01:43.000Z</time>
        <extensions>
          <ns3:TrackPointExtension>
            <ns3:hr>149</ns3:hr>
            <ns3:cad>92</ns3:cad>
          </ns3:TrackPointExtension>
        </extensions>
      </trkpt>
      <trkpt lat="24.48617736808955669403076171875" lon="118.14826740883290767669677734375">
        <ele>35</ele>
        <time>2025-04-05T12:01:44.000Z</time>
        <extensions>
          <ns3:TrackPointExtension>
            <ns3:hr>149</ns3:hr>
            <ns3:cad>90</ns3:cad>
          </ns3:TrackPointExtension>
        </extensions>
      </trkpt>
      <trkpt lat="24.48616412468254566192626953125" lon="118.1482508964836597442626953125">
        <ele>35</ele>
        <time>2025-04-05T12:01:45.000Z</time>
        <extensions>
          <ns3:TrackPointExtension>
            <ns3:hr>149</ns3:hr>
            <ns3:cad>90</ns3:cad>
          </ns3:TrackPointExtension>
        </extensions>
      </trkpt>
      <trkpt lat="24.4861504621803760528564453125" lon="118.14823606051504611968994140625">
        <ele>35.200000762939453125</ele>
        <time>2025-04-05T12:01:46.000Z</time>
        <extensions>
          <ns3:TrackPointExtension>
            <ns3:hr>148</ns3:hr>
            <ns3:cad>89</ns3:cad>
          </ns3:TrackPointExtension>
        </extensions>
      </trkpt>
      <trkpt lat="24.4861347042024135589599609375" lon="118.1482291035354137420654296875">
        <ele>35.59999847412109375</ele>
        <time>2025-04-05T12:01:47.000Z</time>
        <extensions>
          <ns3:TrackPointExtension>
            <ns3:hr>149</ns3:hr>
            <ns3:cad>89</ns3:cad>
          </ns3:TrackPointExtension>
        </extensions>
      </trkpt>
      <trkpt lat="24.48611550964415073394775390625" lon="118.14822566695511341094970703125">
        <ele>36</ele>
        <time>2025-04-05T12:01:48.000Z</time>
        <extensions>
          <ns3:TrackPointExtension>
            <ns3:hr>149</ns3:hr>
            <ns3:cad>88</ns3:cad>
          </ns3:TrackPointExtension>
        </extensions>
      </trkpt>
      <trkpt lat="24.48609740473330020904541015625" lon="118.14823438413441181182861328125">
        <ele>36.200000762939453125</ele>
        <time>2025-04-05T12:01:49.000Z</time>
        <extensions>
          <ns3:TrackPointExtension>
            <ns3:hr>150</ns3:hr>
            <ns3:cad>88</ns3:cad>
          </ns3:TrackPointExtension>
        </extensions>
      </trkpt>
      <trkpt lat="24.48609187267720699310302734375" lon="118.14826087094843387603759765625">
        <ele>36.40000152587890625</ele>
        <time>2025-04-05T12:01:50.000Z</time>
        <extensions>
          <ns3:TrackPointExtension>
            <ns3:hr>150</ns3:hr>
            <ns3:cad>88</ns3:cad>
          </ns3:TrackPointExtension>
        </extensions>
      </trkpt>
      <trkpt lat="24.48609195649623870849609375" lon="118.14827729947865009307861328125">
        <ele>37</ele>
        <time>2025-04-05T12:01:51.000Z</time>
        <extensions>
          <ns3:TrackPointExtension>
            <ns3:hr>150</ns3:hr>
            <ns3:cad>88</ns3:cad>
          </ns3:TrackPointExtension>
        </extensions>
      </trkpt>
      <trkpt lat="24.48608952574431896209716796875" lon="118.14830110408365726470947265625">
        <ele>37</ele>
        <time>2025-04-05T12:01:52.000Z</time>
        <extensions>
          <ns3:TrackPointExtension>
            <ns3:hr>150</ns3:hr>
            <ns3:cad>86</ns3:cad>
          </ns3:TrackPointExtension>
        </extensions>
      </trkpt>
      <trkpt lat="24.486085586249828338623046875" lon="118.148324154317378997802734375">
        <ele>37.40000152587890625</ele>
        <time>2025-04-05T12:01:53.000Z</time>
        <extensions>
          <ns3:TrackPointExtension>
            <ns3:hr>150</ns3:hr>
            <ns3:cad>86</ns3:cad>
          </ns3:TrackPointExtension>
        </extensions>
      </trkpt>
      <trkpt lat="24.486085586249828338623046875" lon="118.148348629474639892578125">
        <ele>37.799999237060546875</ele>
        <time>2025-04-05T12:01:54.000Z</time>
        <extensions>
          <ns3:TrackPointExtension>
            <ns3:hr>150</ns3:hr>
            <ns3:cad>86</ns3:cad>
          </ns3:TrackPointExtension>
        </extensions>
      </trkpt>
      <trkpt lat="24.48608064092695713043212890625" lon="118.14837587065994739532470703125">
        <ele>38</ele>
        <time>2025-04-05T12:01:55.000Z</time>
        <extensions>
          <ns3:TrackPointExtension>
            <ns3:hr>150</ns3:hr>
            <ns3:cad>86</ns3:cad>
          </ns3:TrackPointExtension>
        </extensions>
      </trkpt>
      <trkpt lat="24.4860832393169403076171875" lon="118.1483995914459228515625">
        <ele>38.59999847412109375</ele>
        <time>2025-04-05T12:01:56.000Z</time>
        <extensions>
          <ns3:TrackPointExtension>
            <ns3:hr>150</ns3:hr>
            <ns3:cad>86</ns3:cad>
          </ns3:TrackPointExtension>
        </extensions>
      </trkpt>
      <trkpt lat="24.4860859215259552001953125" lon="118.14842951484024524688720703125">
        <ele>39</ele>
        <time>2025-04-05T12:01:57.000Z</time>
        <extensions>
          <ns3:TrackPointExtension>
            <ns3:hr>150</ns3:hr>
            <ns3:cad>86</ns3:cad>
          </ns3:TrackPointExtension>
        </extensions>
      </trkpt>
      <trkpt lat="24.48609195649623870849609375" lon="118.1484426744282245635986328125">
        <ele>39.200000762939453125</ele>
        <time>2025-04-05T12:01:58.000Z</time>
        <extensions>
          <ns3:TrackPointExtension>
            <ns3:hr>150</ns3:hr>
            <ns3:cad>86</ns3:cad>
          </ns3:TrackPointExtension>
        </extensions>
      </trkpt>
      <trkpt lat="24.4860984943807125091552734375" lon="118.14846840687096118927001953125">
        <ele>39.59999847412109375</ele>
        <time>2025-04-05T12:01:59.000Z</time>
        <extensions>
          <ns3:TrackPointExtension>
            <ns3:hr>151</ns3:hr>
            <ns3:cad>86</ns3:cad>
          </ns3:TrackPointExtension>
        </extensions>
      </trkpt>
      <trkpt lat="24.48610377497971057891845703125" lon="118.14848885871469974517822265625">
        <ele>40</ele>
        <time>2025-04-05T12:02:00.000Z</time>
        <extensions>
          <ns3:TrackPointExtension>
            <ns3:hr>151</ns3:hr>
            <ns3:cad>85</ns3:cad>
          </ns3:TrackPointExtension>
        </extensions>
      </trkpt>
      <trkpt lat="24.4861186109483242034912109375" lon="118.148505203425884246826171875">
        <ele>40</ele>
        <time>2025-04-05T12:02:01.000Z</time>
        <extensions>
          <ns3:TrackPointExtension>
            <ns3:hr>151</ns3:hr>
            <ns3:cad>84</ns3:cad>
          </ns3:TrackPointExtension>
        </extensions>
      </trkpt>
      <trkpt lat="24.48613177053630352020263671875" lon="118.14852766692638397216796875">
        <ele>40.200000762939453125</ele>
        <time>2025-04-05T12:02:02.000Z</time>
        <extensions>
          <ns3:TrackPointExtension>
            <ns3:hr>150</ns3:hr>
            <ns3:cad>84</ns3:cad>
          </ns3:TrackPointExtension>
        </extensions>
      </trkpt>
      <trkpt lat="24.4861449301242828369140625" lon="118.14853378571569919586181640625">
        <ele>40.59999847412109375</ele>
        <time>2025-04-05T12:02:03.000Z</time>
        <extensions>
          <ns3:TrackPointExtension>
            <ns3:hr>150</ns3:hr>
            <ns3:cad>84</ns3:cad>
          </ns3:TrackPointExtension>
        </extensions>
      </trkpt>
      <trkpt lat="24.48617032729089260101318359375" lon="118.148552142083644866943359375">
        <ele>40.59999847412109375</ele>
        <time>2025-04-05T12:02:04.000Z</time>
        <extensions>
          <ns3:TrackPointExtension>
            <ns3:hr>150</ns3:hr>
            <ns3:cad>84</ns3:cad>
          </ns3:TrackPointExtension>
        </extensions>
      </trkpt>
      <trkpt lat="24.48618583381175994873046875" lon="118.14855708740651607513427734375">
        <ele>40.59999847412109375</ele>
        <time>2025-04-05T12:02:05.000Z</time>
        <extensions>
          <ns3:TrackPointExtension>
            <ns3:hr>150</ns3:hr>
            <ns3:cad>85</ns3:cad>
          </ns3:TrackPointExtension>
        </extensions>
      </trkpt>
      <trkpt lat="24.48620553128421306610107421875" lon="118.1485720910131931304931640625">
        <ele>40.59999847412109375</ele>
        <time>2025-04-05T12:02:06.000Z</time>
        <extensions>
          <ns3:TrackPointExtension>
            <ns3:hr>150</ns3:hr>
            <ns3:cad>85</ns3:cad>
          </ns3:TrackPointExtension>
        </extensions>
      </trkpt>
      <trkpt lat="24.48621776886284351348876953125" lon="118.148587681353092193603515625">
        <ele>40.59999847412109375</ele>
        <time>2025-04-05T12:02:07.000Z</time>
        <extensions>
          <ns3:TrackPointExtension>
            <ns3:hr>150</ns3:hr>
            <ns3:cad>85</ns3:cad>
          </ns3:TrackPointExtension>
        </extensions>
      </trkpt>
      <trkpt lat="24.48623813688755035400390625" lon="118.14860410988330841064453125">
        <ele>40.59999847412109375</ele>
        <time>2025-04-05T12:02:08.000Z</time>
        <extensions>
          <ns3:TrackPointExtension>
            <ns3:hr>150</ns3:hr>
            <ns3:cad>85</ns3:cad>
          </ns3:TrackPointExtension>
        </extensions>
      </trkpt>
      <trkpt lat="24.486249200999736785888671875" lon="118.14862682484090328216552734375">
        <ele>40.59999847412109375</ele>
        <time>2025-04-05T12:02:09.000Z</time>
        <extensions>
          <ns3:TrackPointExtension>
            <ns3:hr>150</ns3:hr>
            <ns3:cad>86</ns3:cad>
          </ns3:TrackPointExtension>
        </extensions>
      </trkpt>
      <trkpt lat="24.48626303113996982574462890625" lon="118.14864895306527614593505859375">
        <ele>40.40000152587890625</ele>
        <time>2025-04-05T12:02:10.000Z</time>
        <extensions>
          <ns3:TrackPointExtension>
            <ns3:hr>150</ns3:hr>
            <ns3:cad>86</ns3:cad>
          </ns3:TrackPointExtension>
        </extensions>
      </trkpt>
      <trkpt lat="24.48627032339572906494140625" lon="118.14867460168898105621337890625">
        <ele>40.40000152587890625</ele>
        <time>2025-04-05T12:02:11.000Z</time>
        <extensions>
          <ns3:TrackPointExtension>
            <ns3:hr>150</ns3:hr>
            <ns3:cad>86</ns3:cad>
          </ns3:TrackPointExtension>
        </extensions>
      </trkpt>
      <trkpt lat="24.4862775318324565887451171875" lon="118.148696310818195343017578125">
        <ele>40.40000152587890625</ele>
        <time>2025-04-05T12:02:12.000Z</time>
        <extensions>
          <ns3:TrackPointExtension>
            <ns3:hr>151</ns3:hr>
            <ns3:cad>87</ns3:cad>
          </ns3:TrackPointExtension>
        </extensions>
      </trkpt>
      <trkpt lat="24.48628163896501064300537109375" lon="118.14872682094573974609375">
        <ele>40.40000152587890625</ele>
        <time>2025-04-05T12:02:13.000Z</time>
        <extensions>
          <ns3:TrackPointExtension>
            <ns3:hr>150</ns3:hr>
            <ns3:cad>88</ns3:cad>
          </ns3:TrackPointExtension>
        </extensions>
      </trkpt>
      <trkpt lat="24.48628314770758152008056640625" lon="118.1487471051514148712158203125">
        <ele>40.40000152587890625</ele>
        <time>2025-04-05T12:02:14.000Z</time>
        <extensions>
          <ns3:TrackPointExtension>
            <ns3:hr>150</ns3:hr>
            <ns3:cad>88</ns3:cad>
          </ns3:TrackPointExtension>
        </extensions>
      </trkpt>
      <trkpt lat="24.48627300560474395751953125" lon="118.1487789563834667205810546875">
        <ele>40.59999847412109375</ele>
        <time>2025-04-05T12:02:15.000Z</time>
        <extensions>
          <ns3:TrackPointExtension>
            <ns3:hr>150</ns3:hr>
            <ns3:cad>88</ns3:cad>
          </ns3:TrackPointExtension>
        </extensions>
      </trkpt>
      <trkpt lat="24.4862657971680164337158203125" lon="118.148801587522029876708984375">
        <ele>40.59999847412109375</ele>
        <time>2025-04-05T12:02:16.000Z</time>
        <extensions>
          <ns3:TrackPointExtension>
            <ns3:hr>150</ns3:hr>
            <ns3:cad>87</ns3:cad>
          </ns3:TrackPointExtension>
        </extensions>
      </trkpt>
      <trkpt lat="24.48626236058771610260009765625" lon="118.14882463775575160980224609375">
        <ele>40.59999847412109375</ele>
        <time>2025-04-05T12:02:17.000Z</time>
        <extensions>
          <ns3:TrackPointExtension>
            <ns3:hr>150</ns3:hr>
            <ns3:cad>87</ns3:cad>
          </ns3:TrackPointExtension>
        </extensions>
      </trkpt>
      <trkpt lat="24.48626101948320865631103515625" lon="118.1488502025604248046875">
        <ele>40.59999847412109375</ele>
        <time>2025-04-05T12:02:18.000Z</time>
        <extensions>
          <ns3:TrackPointExtension>
            <ns3:hr>150</ns3:hr>
            <ns3:cad>86</ns3:cad>
          </ns3:TrackPointExtension>
        </extensions>
      </trkpt>
      <trkpt lat="24.4862600974738597869873046875" lon="118.14886629581451416015625">
        <ele>40.799999237060546875</ele>
        <time>2025-04-05T12:02:19.000Z</time>
        <extensions>
          <ns3:TrackPointExtension>
            <ns3:hr>149</ns3:hr>
            <ns3:cad>86</ns3:cad>
          </ns3:TrackPointExtension>
        </extensions>
      </trkpt>
      <trkpt lat="24.4862651266157627105712890625" lon="118.1488751806318759918212890625">
        <ele>40.799999237060546875</ele>
        <time>2025-04-05T12:02:20.000Z</time>
        <extensions>
          <ns3:TrackPointExtension>
            <ns3:hr>149</ns3:hr>
            <ns3:cad>86</ns3:cad>
          </ns3:TrackPointExtension>
        </extensions>
      </trkpt>
      <trkpt lat="24.4862709939479827880859375" lon="118.14888079650700092315673828125">
        <ele>40.799999237060546875</ele>
        <time>2025-04-05T12:02:21.000Z</time>
        <extensions>
          <ns3:TrackPointExtension>
            <ns3:hr>149</ns3:hr>
            <ns3:cad>84</ns3:cad>
          </ns3:TrackPointExtension>
        </extensions>
      </trkpt>
      <trkpt lat="24.4862709939479827880859375" lon="118.14888079650700092315673828125">
        <ele>40.799999237060546875</ele>
        <time>2025-04-05T12:02:22.000Z</time>
        <extensions>
          <ns3:TrackPointExtension>
            <ns3:hr>150</ns3:hr>
            <ns3:cad>83</ns3:cad>
          </ns3:TrackPointExtension>
        </extensions>
      </trkpt>
      <trkpt lat="24.4862855784595012664794921875" lon="118.14889588393270969390869140625">
        <ele>40.799999237060546875</ele>
        <time>2025-04-05T12:02:23.000Z</time>
        <extensions>
          <ns3:TrackPointExtension>
            <ns3:hr>149</ns3:hr>
            <ns3:cad>83</ns3:cad>
          </ns3:TrackPointExtension>
        </extensions>
      </trkpt>
      <trkpt lat="24.4862946309149265289306640625" lon="118.14890326000750064849853515625">
        <ele>40.799999237060546875</ele>
        <time>2025-04-05T12:02:24.000Z</time>
        <extensions>
          <ns3:TrackPointExtension>
            <ns3:hr>149</ns3:hr>
            <ns3:cad>77</ns3:cad>
          </ns3:TrackPointExtension>
        </extensions>
      </trkpt>
      <trkpt lat="24.48631114326417446136474609375" lon="118.14892471767961978912353515625">
        <ele>39.40000152587890625</ele>
        <time>2025-04-05T12:03:30.000Z</time>
        <extensions>
          <ns3:TrackPointExtension>
            <ns3:hr>120</ns3:hr>
            <ns3:cad>0</ns3:cad>
          </ns3:TrackPointExtension>
        </extensions>
      </trkpt>
      <trkpt lat="24.48631147854030132293701171875" lon="118.14892471767961978912353515625">
        <ele>39.40000152587890625</ele>
        <time>2025-04-05T12:03:31.000Z</time>
        <extensions>
          <ns3:TrackPointExtension>
            <ns3:hr>120</ns3:hr>
            <ns3:cad>0</ns3:cad>
          </ns3:TrackPointExtension>
        </extensions>
      </trkpt>
      <trkpt lat="24.48631365783512592315673828125" lon="118.14891315065324306488037109375">
        <ele>39.40000152587890625</ele>
        <time>2025-04-05T12:03:32.000Z</time>
        <extensions>
          <ns3:TrackPointExtension>
            <ns3:hr>119</ns3:hr>
            <ns3:cad>0</ns3:cad>
          </ns3:TrackPointExtension>
        </extensions>
      </trkpt>
      <trkpt lat="24.4863031804561614990234375" lon="118.14889102242887020111083984375">
        <ele>39.40000152587890625</ele>
        <time>2025-04-05T12:03:33.000Z</time>
        <extensions>
          <ns3:TrackPointExtension>
            <ns3:hr>119</ns3:hr>
            <ns3:cad>0</ns3:cad>
          </ns3:TrackPointExtension>
        </extensions>
      </trkpt>
      <trkpt lat="24.48628935031592845916748046875" lon="118.1488701514899730682373046875">
        <ele>39.40000152587890625</ele>
        <time>2025-04-05T12:03:34.000Z</time>
        <extensions>
          <ns3:TrackPointExtension>
            <ns3:hr>118</ns3:hr>
            <ns3:cad>0</ns3:cad>
          </ns3:TrackPointExtension>
        </extensions>
      </trkpt>
      <trkpt lat="24.486284740269184112548828125" lon="118.148833103477954864501953125">
        <ele>39.40000152587890625</ele>
        <time>2025-04-05T12:03:35.000Z</time>
        <extensions>
          <ns3:TrackPointExtension>
            <ns3:hr>118</ns3:hr>
            <ns3:cad>0</ns3:cad>
          </ns3:TrackPointExtension>
        </extensions>
      </trkpt>
      <trkpt lat="24.48629203252494335174560546875" lon="118.1488113105297088623046875">
        <ele>39.59999847412109375</ele>
        <time>2025-04-05T12:03:36.000Z</time>
        <extensions>
          <ns3:TrackPointExtension>
            <ns3:hr>117</ns3:hr>
            <ns3:cad>0</ns3:cad>
          </ns3:TrackPointExtension>
        </extensions>
      </trkpt>
      <trkpt lat="24.48630108498036861419677734375" lon="118.14877769909799098968505859375">
        <ele>39.59999847412109375</ele>
        <time>2025-04-05T12:03:37.000Z</time>
        <extensions>
          <ns3:TrackPointExtension>
            <ns3:hr>117</ns3:hr>
            <ns3:cad>83</ns3:cad>
          </ns3:TrackPointExtension>
        </extensions>
      </trkpt>
      <trkpt lat="24.48630921542644500732421875" lon="118.14874484203755855560302734375">
        <ele>39.59999847412109375</ele>
        <time>2025-04-05T12:03:38.000Z</time>
        <extensions>
          <ns3:TrackPointExtension>
            <ns3:hr>117</ns3:hr>
            <ns3:cad>84</ns3:cad>
          </ns3:TrackPointExtension>
        </extensions>
      </trkpt>
      <trkpt lat="24.48630829341709613800048828125" lon="118.1487174332141876220703125">
        <ele>39.799999237060546875</ele>
        <time>2025-04-05T12:03:39.000Z</time>
        <extensions>
          <ns3:TrackPointExtension>
            <ns3:hr>117</ns3:hr>
            <ns3:cad>84</ns3:cad>
          </ns3:TrackPointExtension>
        </extensions>
      </trkpt>
      <trkpt lat="24.48630259372293949127197265625" lon="118.14868952147662639617919921875">
        <ele>39.799999237060546875</ele>
        <time>2025-04-05T12:03:40.000Z</time>
        <extensions>
          <ns3:TrackPointExtension>
            <ns3:hr>117</ns3:hr>
            <ns3:cad>84</ns3:cad>
          </ns3:TrackPointExtension>
        </extensions>
      </trkpt>
      <trkpt lat="24.48629287071526050567626953125" lon="118.14867041073739528656005859375">
        <ele>39.799999237060546875</ele>
        <time>2025-04-05T12:03:41.000Z</time>
        <extensions>
          <ns3:TrackPointExtension>
            <ns3:hr>116</ns3:hr>
            <ns3:cad>85</ns3:cad>
          </ns3:TrackPointExtension>
        </extensions>
      </trkpt>
      <trkpt lat="24.486276023089885711669921875" lon="118.14864442683756351470947265625">
        <ele>39.799999237060546875</ele>
        <time>2025-04-05T12:03:42.000Z</time>
        <extensions>
          <ns3:TrackPointExtension>
            <ns3:hr>115</ns3:hr>
            <ns3:cad>86</ns3:cad>
          </ns3:TrackPointExtension>
        </extensions>
      </trkpt>
      <trkpt lat="24.48625833727419376373291015625" lon="118.14862850122153759002685546875">
        <ele>39.799999237060546875</ele>
        <time>2025-04-05T12:03:43.000Z</time>
        <extensions>
          <ns3:TrackPointExtension>
            <ns3:hr>115</ns3:hr>
            <ns3:cad>87</ns3:cad>
          </ns3:TrackPointExtension>
        </extensions>
      </trkpt>
      <trkpt lat="24.486232437193393707275390625" lon="118.14860402606427669525146484375">
        <ele>39.59999847412109375</ele>
        <time>2025-04-05T12:03:44.000Z</time>
        <extensions>
          <ns3:TrackPointExtension>
            <ns3:hr>114</ns3:hr>
            <ns3:cad>87</ns3:cad>
          </ns3:TrackPointExtension>
        </extensions>
      </trkpt>
      <trkpt lat="24.48621022514998912811279296875" lon="118.14858994446694850921630859375">
        <ele>39.799999237060546875</ele>
        <time>2025-04-05T12:03:45.000Z</time>
        <extensions>
          <ns3:TrackPointExtension>
            <ns3:hr>113</ns3:hr>
            <ns3:cad>87</ns3:cad>
          </ns3:TrackPointExtension>
        </extensions>
      </trkpt>
      <trkpt lat="24.48618005029857158660888671875" lon="118.14857837744057178497314453125">
        <ele>39.799999237060546875</ele>
        <time>2025-04-05T12:03:46.000Z</time>
        <extensions>
          <ns3:TrackPointExtension>
            <ns3:hr>112</ns3:hr>
            <ns3:cad>87</ns3:cad>
          </ns3:TrackPointExtension>
        </extensions>
      </trkpt>
      <trkpt lat="24.4861571677029132843017578125" lon="118.1485553272068500518798828125">
        <ele>39.799999237060546875</ele>
        <time>2025-04-05T12:03:47.000Z</time>
        <extensions>
          <ns3:TrackPointExtension>
            <ns3:hr>111</ns3:hr>
            <ns3:cad>87</ns3:cad>
          </ns3:TrackPointExtension>
        </extensions>
      </trkpt>
      <trkpt lat="24.48613998480141162872314453125" lon="118.1485432572662830352783203125">
        <ele>39.799999237060546875</ele>
        <time>2025-04-05T12:03:48.000Z</time>
        <extensions>
          <ns3:TrackPointExtension>
            <ns3:hr>111</ns3:hr>
            <ns3:cad>86</ns3:cad>
          </ns3:TrackPointExtension>
        </extensions>
      </trkpt>
      <trkpt lat="24.48612255044281482696533203125" lon="118.14851827919483184814453125">
        <ele>39.799999237060546875</ele>
        <time>2025-04-05T12:03:49.000Z</time>
        <extensions>
          <ns3:TrackPointExtension>
            <ns3:hr>111</ns3:hr>
            <ns3:cad>86</ns3:cad>
          </ns3:TrackPointExtension>
        </extensions>
      </trkpt>
      <trkpt lat="24.48611148633062839508056640625" lon="118.1484973244369029998779296875">
        <ele>40</ele>
        <time>2025-04-05T12:03:50.000Z</time>
        <extensions>
          <ns3:TrackPointExtension>
            <ns3:hr>112</ns3:hr>
            <ns3:cad>86</ns3:cad>
          </ns3:TrackPointExtension>
        </extensions>
      </trkpt>
      <trkpt lat="24.4861041940748691558837890625" lon="118.14847125671803951263427734375">
        <ele>40</ele>
        <time>2025-04-05T12:03:51.000Z</time>
        <extensions>
          <ns3:TrackPointExtension>
            <ns3:hr>112</ns3:hr>
            <ns3:cad>86</ns3:cad>
          </ns3:TrackPointExtension>
        </extensions>
      </trkpt>
      <trkpt lat="24.48610134422779083251953125" lon="118.14844292588531970977783203125">
        <ele>40</ele>
        <time>2025-04-05T12:03:52.000Z</time>
        <extensions>
          <ns3:TrackPointExtension>
            <ns3:hr>112</ns3:hr>
            <ns3:cad>86</ns3:cad>
          </ns3:TrackPointExtension>
        </extensions>
      </trkpt>
      <trkpt lat="24.48609807528555393218994140625" lon="118.148415349423885345458984375">
        <ele>40</ele>
        <time>2025-04-05T12:03:53.000Z</time>
        <extensions>
          <ns3:TrackPointExtension>
            <ns3:hr>113</ns3:hr>
            <ns3:cad>86</ns3:cad>
          </ns3:TrackPointExtension>
        </extensions>
      </trkpt>
      <trkpt lat="24.48609991930425167083740234375" lon="118.14838148653507232666015625">
        <ele>40</ele>
        <time>2025-04-05T12:03:54.000Z</time>
        <extensions>
          <ns3:TrackPointExtension>
            <ns3:hr>114</ns3:hr>
            <ns3:cad>86</ns3:cad>
          </ns3:TrackPointExtension>
        </extensions>
      </trkpt>
      <trkpt lat="24.486092627048492431640625" lon="118.1483555026352405548095703125">
        <ele>40</ele>
        <time>2025-04-05T12:03:55.000Z</time>
        <extensions>
          <ns3:TrackPointExtension>
            <ns3:hr>114</ns3:hr>
            <ns3:cad>86</ns3:cad>
          </ns3:TrackPointExtension>
        </extensions>
      </trkpt>
      <trkpt lat="24.48609195649623870849609375" lon="118.14831954427063465118408203125">
        <ele>39.799999237060546875</ele>
        <time>2025-04-05T12:03:56.000Z</time>
        <extensions>
          <ns3:TrackPointExtension>
            <ns3:hr>114</ns3:hr>
            <ns3:cad>86</ns3:cad>
          </ns3:TrackPointExtension>
        </extensions>
      </trkpt>
      <trkpt lat="24.48608734644949436187744140625" lon="118.1482928059995174407958984375">
        <ele>39.200000762939453125</ele>
        <time>2025-04-05T12:03:57.000Z</time>
        <extensions>
          <ns3:TrackPointExtension>
            <ns3:hr>115</ns3:hr>
            <ns3:cad>86</ns3:cad>
          </ns3:TrackPointExtension>
        </extensions>
      </trkpt>
      <trkpt lat="24.48609338141977787017822265625" lon="118.1482653133571147918701171875">
        <ele>39</ele>
        <time>2025-04-05T12:03:58.000Z</time>
        <extensions>
          <ns3:TrackPointExtension>
            <ns3:hr>115</ns3:hr>
            <ns3:cad>86</ns3:cad>
          </ns3:TrackPointExtension>
        </extensions>
      </trkpt>
      <trkpt lat="24.48609924875199794769287109375" lon="118.14823723398149013519287109375">
        <ele>38.59999847412109375</ele>
        <time>2025-04-05T12:03:59.000Z</time>
        <extensions>
          <ns3:TrackPointExtension>
            <ns3:hr>116</ns3:hr>
            <ns3:cad>86</ns3:cad>
          </ns3:TrackPointExtension>
        </extensions>
      </trkpt>
      <trkpt lat="24.48611215688288211822509765625" lon="118.14822700805962085723876953125">
        <ele>38</ele>
        <time>2025-04-05T12:04:00.000Z</time>
        <extensions>
          <ns3:TrackPointExtension>
            <ns3:hr>116</ns3:hr>
            <ns3:cad>87</ns3:cad>
          </ns3:TrackPointExtension>
        </extensions>
      </trkpt>
      <trkpt lat="24.48612959124147891998291015625" lon="118.1482304446399211883544921875">
        <ele>37.799999237060546875</ele>
        <time>2025-04-05T12:04:01.000Z</time>
        <extensions>
          <ns3:TrackPointExtension>
            <ns3:hr>117</ns3:hr>
            <ns3:cad>88</ns3:cad>
          </ns3:TrackPointExtension>
        </extensions>
      </trkpt>
      <trkpt lat="24.48614736087620258331298828125" lon="118.14823807217180728912353515625">
        <ele>37.40000152587890625</ele>
        <time>2025-04-05T12:04:02.000Z</time>
        <extensions>
          <ns3:TrackPointExtension>
            <ns3:hr>117</ns3:hr>
            <ns3:cad>88</ns3:cad>
          </ns3:TrackPointExtension>
        </extensions>
      </trkpt>
      <trkpt lat="24.48616613633930683135986328125" lon="118.1482532434165477752685546875">
        <ele>37.200000762939453125</ele>
        <time>2025-04-05T12:04:03.000Z</time>
        <extensions>
          <ns3:TrackPointExtension>
            <ns3:hr>117</ns3:hr>
            <ns3:cad>88</ns3:cad>
          </ns3:TrackPointExtension>
        </extensions>
      </trkpt>
      <trkpt lat="24.48618206195533275604248046875" lon="118.14827327616512775421142578125">
        <ele>36.59999847412109375</ele>
        <time>2025-04-05T12:04:04.000Z</time>
        <extensions>
          <ns3:TrackPointExtension>
            <ns3:hr>118</ns3:hr>
            <ns3:cad>88</ns3:cad>
          </ns3:TrackPointExtension>
        </extensions>
      </trkpt>
      <trkpt lat="24.48618927039206027984619140625" lon="118.148300014436244964599609375">
        <ele>36.40000152587890625</ele>
        <time>2025-04-05T12:04:05.000Z</time>
        <extensions>
          <ns3:TrackPointExtension>
            <ns3:hr>117</ns3:hr>
            <ns3:cad>90</ns3:cad>
          </ns3:TrackPointExtension>
        </extensions>
      </trkpt>
      <trkpt lat="24.48618155904114246368408203125" lon="118.14832289703190326690673828125">
        <ele>36</ele>
        <time>2025-04-05T12:04:06.000Z</time>
        <extensions>
          <ns3:TrackPointExtension>
            <ns3:hr>118</ns3:hr>
            <ns3:cad>90</ns3:cad>
          </ns3:TrackPointExtension>
        </extensions>
      </trkpt>
      <trkpt lat="24.4861598499119281768798828125" lon="118.148337900638580322265625">
        <ele>35.59999847412109375</ele>
        <time>2025-04-05T12:04:07.000Z</time>
        <extensions>
          <ns3:TrackPointExtension>
            <ns3:hr>118</ns3:hr>
            <ns3:cad>90</ns3:cad>
          </ns3:TrackPointExtension>
        </extensions>
      </trkpt>
      <trkpt lat="24.48613177053630352020263671875" lon="118.148342259228229522705078125">
        <ele>35.40000152587890625</ele>
        <time>2025-04-05T12:04:08.000Z</time>
        <extensions>
          <ns3:TrackPointExtension>
            <ns3:hr>118</ns3:hr>
            <ns3:cad>90</ns3:cad>
          </ns3:TrackPointExtension>
        </extensions>
      </trkpt>
      <trkpt lat="24.486115090548992156982421875" lon="118.14834385178983211517333984375">
        <ele>35</ele>
        <time>2025-04-05T12:04:09.000Z</time>
        <extensions>
          <ns3:TrackPointExtension>
            <ns3:hr>119</ns3:hr>
            <ns3:cad>86</ns3:cad>
          </ns3:TrackPointExtension>
        </extensions>
      </trkpt>
      <trkpt lat="24.48609002865850925445556640625" lon="118.14834217540919780731201171875">
        <ele>35</ele>
        <time>2025-04-05T12:04:10.000Z</time>
        <extensions>
          <ns3:TrackPointExtension>
            <ns3:hr>119</ns3:hr>
            <ns3:cad>86</ns3:cad>
          </ns3:TrackPointExtension>
        </extensions>
      </trkpt>
      <trkpt lat="24.4860693253576755523681640625" lon="118.1483420915901660919189453125">
        <ele>35</ele>
        <time>2025-04-05T12:04:11.000Z</time>
        <extensions>
          <ns3:TrackPointExtension>
            <ns3:hr>119</ns3:hr>
            <ns3:cad>85</ns3:cad>
          </ns3:TrackPointExtension>
        </extensions>
      </trkpt>
      <trkpt lat="24.4860505498945713043212890625" lon="118.14833412878215312957763671875">
        <ele>35</ele>
        <time>2025-04-05T12:04:12.000Z</time>
        <extensions>
          <ns3:TrackPointExtension>
            <ns3:hr>119</ns3:hr>
            <ns3:cad>85</ns3:cad>
          </ns3:TrackPointExtension>
        </extensions>
      </trkpt>
      <trkpt lat="24.48603102006018161773681640625" lon="118.1483263336122035980224609375">
        <ele>35.200000762939453125</ele>
        <time>2025-04-05T12:04:13.000Z</time>
        <extensions>
          <ns3:TrackPointExtension>
            <ns3:hr>118</ns3:hr>
            <ns3:cad>85</ns3:cad>
          </ns3:TrackPointExtension>
        </extensions>
      </trkpt>
      <trkpt lat="24.48600889183580875396728515625" lon="118.148318789899349212646484375">
        <ele>35.40000152587890625</ele>
        <time>2025-04-05T12:04:14.000Z</time>
        <extensions>
          <ns3:TrackPointExtension>
            <ns3:hr>119</ns3:hr>
            <ns3:cad>86</ns3:cad>
          </ns3:TrackPointExtension>
        </extensions>
      </trkpt>
      <trkpt lat="24.48598156683146953582763671875" lon="118.14830797724425792694091796875">
        <ele>35.40000152587890625</ele>
        <time>2025-04-05T12:04:15.000Z</time>
        <extensions>
          <ns3:TrackPointExtension>
            <ns3:hr>119</ns3:hr>
            <ns3:cad>86</ns3:cad>
          </ns3:TrackPointExtension>
        </extensions>
      </trkpt>
      <trkpt lat="24.4859617017209529876708984375" lon="118.14829926006495952606201171875">
        <ele>35.40000152587890625</ele>
        <time>2025-04-05T12:04:16.000Z</time>
        <extensions>
          <ns3:TrackPointExtension>
            <ns3:hr>119</ns3:hr>
            <ns3:cad>86</ns3:cad>
          </ns3:TrackPointExtension>
        </extensions>
      </trkpt>
      <trkpt lat="24.48593663983047008514404296875" lon="118.14829976297914981842041015625">
        <ele>35.40000152587890625</ele>
        <time>2025-04-05T12:04:17.000Z</time>
        <extensions>
          <ns3:TrackPointExtension>
            <ns3:hr>119</ns3:hr>
            <ns3:cad>87</ns3:cad>
          </ns3:TrackPointExtension>
        </extensions>
      </trkpt>
      <trkpt lat="24.4859177805483341217041015625" lon="118.14829657785594463348388671875">
        <ele>35.59999847412109375</ele>
        <time>2025-04-05T12:04:18.000Z</time>
        <extensions>
          <ns3:TrackPointExtension>
            <ns3:hr>119</ns3:hr>
            <ns3:cad>87</ns3:cad>
          </ns3:TrackPointExtension>
        </extensions>
      </trkpt>
      <trkpt lat="24.48589238338172435760498046875" lon="118.14829029142856597900390625">
        <ele>35.59999847412109375</ele>
        <time>2025-04-05T12:04:19.000Z</time>
        <extensions>
          <ns3:TrackPointExtension>
            <ns3:hr>119</ns3:hr>
            <ns3:cad>87</ns3:cad>
          </ns3:TrackPointExtension>
        </extensions>
      </trkpt>
      <trkpt lat="24.4858768768608570098876953125" lon="118.14828584901988506317138671875">
        <ele>35.799999237060546875</ele>
        <time>2025-04-05T12:04:20.000Z</time>
        <extensions>
          <ns3:TrackPointExtension>
            <ns3:hr>119</ns3:hr>
            <ns3:cad>87</ns3:cad>
          </ns3:TrackPointExtension>
        </extensions>
      </trkpt>
      <trkpt lat="24.48585734702646732330322265625" lon="118.14827729947865009307861328125">
        <ele>36</ele>
        <time>2025-04-05T12:04:21.000Z</time>
        <extensions>
          <ns3:TrackPointExtension>
            <ns3:hr>119</ns3:hr>
            <ns3:cad>87</ns3:cad>
          </ns3:TrackPointExtension>
        </extensions>
      </trkpt>
      <trkpt lat="24.4858353026211261749267578125" lon="118.1482663191854953765869140625">
        <ele>36</ele>
        <time>2025-04-05T12:04:22.000Z</time>
        <extensions>
          <ns3:TrackPointExtension>
            <ns3:hr>120</ns3:hr>
            <ns3:cad>87</ns3:cad>
          </ns3:TrackPointExtension>
        </extensions>
      </trkpt>
      <trkpt lat="24.48581510223448276519775390625" lon="118.14825533889234066009521484375">
        <ele>36</ele>
        <time>2025-04-05T12:04:23.000Z</time>
        <extensions>
          <ns3:TrackPointExtension>
            <ns3:hr>120</ns3:hr>
            <ns3:cad>87</ns3:cad>
          </ns3:TrackPointExtension>
        </extensions>
      </trkpt>
      <trkpt lat="24.4857920520007610321044921875" lon="118.1482435204088687896728515625">
        <ele>36.200000762939453125</ele>
        <time>2025-04-05T12:04:24.000Z</time>
        <extensions>
          <ns3:TrackPointExtension>
            <ns3:hr>120</ns3:hr>
            <ns3:cad>87</ns3:cad>
          </ns3:TrackPointExtension>
        </extensions>
      </trkpt>
      <trkpt lat="24.4857692532241344451904296875" lon="118.14823153428733348846435546875">
        <ele>36.200000762939453125</ele>
        <time>2025-04-05T12:04:25.000Z</time>
        <extensions>
          <ns3:TrackPointExtension>
            <ns3:hr>120</ns3:hr>
            <ns3:cad>87</ns3:cad>
          </ns3:TrackPointExtension>
        </extensions>
      </trkpt>
      <trkpt lat="24.48574234731495380401611328125" lon="118.1482223980128765106201171875">
        <ele>36.200000762939453125</ele>
        <time>2025-04-05T12:04:26.000Z</time>
        <extensions>
          <ns3:TrackPointExtension>
            <ns3:hr>120</ns3:hr>
            <ns3:cad>87</ns3:cad>
          </ns3:TrackPointExtension>
        </extensions>
      </trkpt>
      <trkpt lat="24.48572105728089809417724609375" lon="118.1482200510799884796142578125">
        <ele>36.200000762939453125</ele>
        <time>2025-04-05T12:04:27.000Z</time>
        <extensions>
          <ns3:TrackPointExtension>
            <ns3:hr>120</ns3:hr>
            <ns3:cad>87</ns3:cad>
          </ns3:TrackPointExtension>
        </extensions>
      </trkpt>
      <trkpt lat="24.48569096624851226806640625" lon="118.148212172091007232666015625">
        <ele>36.40000152587890625</ele>
        <time>2025-04-05T12:04:28.000Z</time>
        <extensions>
          <ns3:TrackPointExtension>
            <ns3:hr>120</ns3:hr>
            <ns3:cad>87</ns3:cad>
          </ns3:TrackPointExtension>
        </extensions>
      </trkpt>
      <trkpt lat="24.4856696762144565582275390625" lon="118.14820990897715091705322265625">
        <ele>36.40000152587890625</ele>
        <time>2025-04-05T12:04:29.000Z</time>
        <extensions>
          <ns3:TrackPointExtension>
            <ns3:hr>120</ns3:hr>
            <ns3:cad>87</ns3:cad>
          </ns3:TrackPointExtension>
        </extensions>
      </trkpt>
      <trkpt lat="24.48563673533499240875244140625" lon="118.14820789732038974761962890625">
        <ele>36.59999847412109375</ele>
        <time>2025-04-05T12:04:30.000Z</time>
        <extensions>
          <ns3:TrackPointExtension>
            <ns3:hr>121</ns3:hr>
            <ns3:cad>87</ns3:cad>
          </ns3:TrackPointExtension>
        </extensions>
      </trkpt>
      <trkpt lat="24.48561728931963443756103515625" lon="118.14821175299584865570068359375">
        <ele>36.59999847412109375</ele>
        <time>2025-04-05T12:04:31.000Z</time>
        <extensions>
          <ns3:TrackPointExtension>
            <ns3:hr>121</ns3:hr>
            <ns3:cad>88</ns3:cad>
          </ns3:TrackPointExtension>
        </extensions>
      </trkpt>
      <trkpt lat="24.48559097014367580413818359375" lon="118.14820848405361175537109375">
        <ele>36.799999237060546875</ele>
        <time>2025-04-05T12:04:32.000Z</time>
        <extensions>
          <ns3:TrackPointExtension>
            <ns3:hr>121</ns3:hr>
            <ns3:cad>88</ns3:cad>
          </ns3:TrackPointExtension>
        </extensions>
      </trkpt>
      <trkpt lat="24.4855700992047786712646484375" lon="118.1482056342065334320068359375">
        <ele>37</ele>
        <time>2025-04-05T12:04:33.000Z</time>
        <extensions>
          <ns3:TrackPointExtension>
            <ns3:hr>121</ns3:hr>
            <ns3:cad>88</ns3:cad>
          </ns3:TrackPointExtension>
        </extensions>
      </trkpt>
      <trkpt lat="24.4855452887713909149169921875" lon="118.14820990897715091705322265625">
        <ele>37</ele>
        <time>2025-04-05T12:04:34.000Z</time>
        <extensions>
          <ns3:TrackPointExtension>
            <ns3:hr>122</ns3:hr>
            <ns3:cad>88</ns3:cad>
          </ns3:TrackPointExtension>
        </extensions>
      </trkpt>
      <trkpt lat="24.485526345670223236083984375" lon="118.14820982515811920166015625">
        <ele>37</ele>
        <time>2025-04-05T12:04:35.000Z</time>
        <extensions>
          <ns3:TrackPointExtension>
            <ns3:hr>122</ns3:hr>
            <ns3:cad>88</ns3:cad>
          </ns3:TrackPointExtension>
        </extensions>
      </trkpt>
      <trkpt lat="24.48550195433199405670166015625" lon="118.148214854300022125244140625">
        <ele>37.200000762939453125</ele>
        <time>2025-04-05T12:04:36.000Z</time>
        <extensions>
          <ns3:TrackPointExtension>
            <ns3:hr>122</ns3:hr>
            <ns3:cad>89</ns3:cad>
          </ns3:TrackPointExtension>
        </extensions>
      </trkpt>
      <trkpt lat="24.485484100878238677978515625" lon="118.14821594394743442535400390625">
        <ele>37.200000762939453125</ele>
        <time>2025-04-05T12:04:37.000Z</time>
        <extensions>
          <ns3:TrackPointExtension>
            <ns3:hr>122</ns3:hr>
            <ns3:cad>89</ns3:cad>
          </ns3:TrackPointExtension>
        </extensions>
      </trkpt>
      <trkpt lat="24.4854556024074554443359375" lon="118.1482183746993541717529296875">
        <ele>37.200000762939453125</ele>
        <time>2025-04-05T12:04:38.000Z</time>
        <extensions>
          <ns3:TrackPointExtension>
            <ns3:hr>122</ns3:hr>
            <ns3:cad>89</ns3:cad>
          </ns3:TrackPointExtension>
        </extensions>
      </trkpt>
      <trkpt lat="24.4854326359927654266357421875" lon="118.14821946434676647186279296875">
        <ele>37.200000762939453125</ele>
        <time>2025-04-05T12:04:39.000Z</time>
        <extensions>
          <ns3:TrackPointExtension>
            <ns3:hr>122</ns3:hr>
            <ns3:cad>89</ns3:cad>
          </ns3:TrackPointExtension>
        </extensions>
      </trkpt>
      <trkpt lat="24.48540874756872653961181640625" lon="118.1482213921844959259033203125">
        <ele>37.40000152587890625</ele>
        <time>2025-04-05T12:04:40.000Z</time>
        <extensions>
          <ns3:TrackPointExtension>
            <ns3:hr>122</ns3:hr>
            <ns3:cad>88</ns3:cad>
          </ns3:TrackPointExtension>
        </extensions>
      </trkpt>
      <trkpt lat="24.4853873737156391143798828125" lon="118.1482334621250629425048828125">
        <ele>37.40000152587890625</ele>
        <time>2025-04-05T12:04:41.000Z</time>
        <extensions>
          <ns3:TrackPointExtension>
            <ns3:hr>123</ns3:hr>
            <ns3:cad>88</ns3:cad>
          </ns3:TrackPointExtension>
        </extensions>
      </trkpt>
      <trkpt lat="24.4853670895099639892578125" lon="118.14823639579117298126220703125">
        <ele>37.40000152587890625</ele>
        <time>2025-04-05T12:04:42.000Z</time>
        <extensions>
          <ns3:TrackPointExtension>
            <ns3:hr>124</ns3:hr>
            <ns3:cad>88</ns3:cad>
          </ns3:TrackPointExtension>
        </extensions>
      </trkpt>
      <trkpt lat="24.48534487746655941009521484375" lon="118.1482364796102046966552734375">
        <ele>37.40000152587890625</ele>
        <time>2025-04-05T12:04:43.000Z</time>
        <extensions>
          <ns3:TrackPointExtension>
            <ns3:hr>125</ns3:hr>
            <ns3:cad>87</ns3:cad>
          </ns3:TrackPointExtension>
        </extensions>
      </trkpt>
      <trkpt lat="24.48531989939510822296142578125" lon="118.14824075438082218170166015625">
        <ele>37.40000152587890625</ele>
        <time>2025-04-05T12:04:44.000Z</time>
        <extensions>
          <ns3:TrackPointExtension>
            <ns3:hr>126</ns3:hr>
            <ns3:cad>87</ns3:cad>
          </ns3:TrackPointExtension>
        </extensions>
      </trkpt>
      <trkpt lat="24.48529173620045185089111328125" lon="118.148241676390171051025390625">
        <ele>37.40000152587890625</ele>
        <time>2025-04-05T12:04:45.000Z</time>
        <extensions>
          <ns3:TrackPointExtension>
            <ns3:hr>128</ns3:hr>
            <ns3:cad>88</ns3:cad>
          </ns3:TrackPointExtension>
        </extensions>
      </trkpt>
      <trkpt lat="24.48526960797607898712158203125" lon="118.1482458673417568206787109375">
        <ele>37.59999847412109375</ele>
        <time>2025-04-05T12:04:46.000Z</time>
        <extensions>
          <ns3:TrackPointExtension>
            <ns3:hr>130</ns3:hr>
            <ns3:cad>88</ns3:cad>
          </ns3:TrackPointExtension>
        </extensions>
      </trkpt>
      <trkpt lat="24.4852395169436931610107421875" lon="118.14824494533240795135498046875">
        <ele>37.59999847412109375</ele>
        <time>2025-04-05T12:04:47.000Z</time>
        <extensions>
          <ns3:TrackPointExtension>
            <ns3:hr>132</ns3:hr>
            <ns3:cad>88</ns3:cad>
          </ns3:TrackPointExtension>
        </extensions>
      </trkpt>
      <trkpt lat="24.48520389385521411895751953125" lon="118.1482381559908390045166015625">
        <ele>37.59999847412109375</ele>
        <time>2025-04-05T12:04:48.000Z</time>
        <extensions>
          <ns3:TrackPointExtension>
            <ns3:hr>133</ns3:hr>
            <ns3:cad>88</ns3:cad>
          </ns3:TrackPointExtension>
        </extensions>
      </trkpt>
      <trkpt lat="24.48515930213034152984619140625" lon="118.14823052845895290374755859375">
        <ele>37.799999237060546875</ele>
        <time>2025-04-05T12:04:49.000Z</time>
        <extensions>
          <ns3:TrackPointExtension>
            <ns3:hr>134</ns3:hr>
            <ns3:cad>88</ns3:cad>
          </ns3:TrackPointExtension>
        </extensions>
      </trkpt>
      <trkpt lat="24.48513097129762172698974609375" lon="118.148227594792842864990234375">
        <ele>37.799999237060546875</ele>
        <time>2025-04-05T12:04:50.000Z</time>
        <extensions>
          <ns3:TrackPointExtension>
            <ns3:hr>134</ns3:hr>
            <ns3:cad>87</ns3:cad>
          </ns3:TrackPointExtension>
        </extensions>
      </trkpt>
      <trkpt lat="24.48509375564754009246826171875" lon="118.14822181127965450286865234375">
        <ele>38</ele>
        <time>2025-04-05T12:04:51.000Z</time>
        <extensions>
          <ns3:TrackPointExtension>
            <ns3:hr>134</ns3:hr>
            <ns3:cad>87</ns3:cad>
          </ns3:TrackPointExtension>
        </extensions>
      </trkpt>
      <trkpt lat="24.4850621558725833892822265625" lon="118.14821745269000530242919921875">
        <ele>38</ele>
        <time>2025-04-05T12:04:52.000Z</time>
        <extensions>
          <ns3:TrackPointExtension>
            <ns3:hr>135</ns3:hr>
            <ns3:cad>87</ns3:cad>
          </ns3:TrackPointExtension>
        </extensions>
      </trkpt>
      <trkpt lat="24.4850291311740875244140625" lon="118.14821041189134120941162109375">
        <ele>38</ele>
        <time>2025-04-05T12:04:53.000Z</time>
        <extensions>
          <ns3:TrackPointExtension>
            <ns3:hr>135</ns3:hr>
            <ns3:cad>88</ns3:cad>
          </ns3:TrackPointExtension>
        </extensions>
      </trkpt>
      <trkpt lat="24.48500541038811206817626953125" lon="118.14820068888366222381591796875">
        <ele>38</ele>
        <time>2025-04-05T12:04:54.000Z</time>
        <extensions>
          <ns3:TrackPointExtension>
            <ns3:hr>136</ns3:hr>
            <ns3:cad>88</ns3:cad>
          </ns3:TrackPointExtension>
        </extensions>
      </trkpt>
      <trkpt lat="24.4849808514118194580078125" lon="118.148189373314380645751953125">
        <ele>38.200000762939453125</ele>
        <time>2025-04-05T12:04:55.000Z</time>
        <extensions>
          <ns3:TrackPointExtension>
            <ns3:hr>136</ns3:hr>
            <ns3:cad>88</ns3:cad>
          </ns3:TrackPointExtension>
        </extensions>
      </trkpt>
      <trkpt lat="24.4849552027881145477294921875" lon="118.1481704302132129669189453125">
        <ele>38.200000762939453125</ele>
        <time>2025-04-05T12:04:56.000Z</time>
        <extensions>
          <ns3:TrackPointExtension>
            <ns3:hr>136</ns3:hr>
            <ns3:cad>88</ns3:cad>
          </ns3:TrackPointExtension>
        </extensions>
      </trkpt>
      <trkpt lat="24.484934248030185699462890625" lon="118.14815995283424854278564453125">
        <ele>38.40000152587890625</ele>
        <time>2025-04-05T12:04:57.000Z</time>
        <extensions>
          <ns3:TrackPointExtension>
            <ns3:hr>137</ns3:hr>
            <ns3:cad>88</ns3:cad>
          </ns3:TrackPointExtension>
        </extensions>
      </trkpt>
      <trkpt lat="24.484911449253559112548828125" lon="118.1481392495334148406982421875">
        <ele>38.40000152587890625</ele>
        <time>2025-04-05T12:04:58.000Z</time>
        <extensions>
          <ns3:TrackPointExtension>
            <ns3:hr>137</ns3:hr>
            <ns3:cad>87</ns3:cad>
          </ns3:TrackPointExtension>
        </extensions>
      </trkpt>
      <trkpt lat="24.4848951883614063262939453125" lon="118.1481221504509449005126953125">
        <ele>38.40000152587890625</ele>
        <time>2025-04-05T12:04:59.000Z</time>
        <extensions>
          <ns3:TrackPointExtension>
            <ns3:hr>137</ns3:hr>
            <ns3:cad>87</ns3:cad>
          </ns3:TrackPointExtension>
        </extensions>
      </trkpt>
      <trkpt lat="24.48488119058310985565185546875" lon="118.148100189864635467529296875">
        <ele>38.59999847412109375</ele>
        <time>2025-04-05T12:05:00.000Z</time>
        <extensions>
          <ns3:TrackPointExtension>
            <ns3:hr>138</ns3:hr>
            <ns3:cad>87</ns3:cad>
          </ns3:TrackPointExtension>
        </extensions>
      </trkpt>
      <trkpt lat="24.48487289249897003173828125" lon="118.1480852700769901275634765625">
        <ele>38.59999847412109375</ele>
        <time>2025-04-05T12:05:01.000Z</time>
        <extensions>
          <ns3:TrackPointExtension>
            <ns3:hr>138</ns3:hr>
            <ns3:cad>87</ns3:cad>
          </ns3:TrackPointExtension>
        </extensions>
      </trkpt>
      <trkpt lat="24.484857134521007537841796875" lon="118.14805702306330204010009765625">
        <ele>38.799999237060546875</ele>
        <time>2025-04-05T12:05:02.000Z</time>
        <extensions>
          <ns3:TrackPointExtension>
            <ns3:hr>138</ns3:hr>
            <ns3:cad>87</ns3:cad>
          </ns3:TrackPointExtension>
        </extensions>
      </trkpt>
      <trkpt lat="24.4848472438752651214599609375" lon="118.14804160036146640777587890625">
        <ele>38.799999237060546875</ele>
        <time>2025-04-05T12:05:03.000Z</time>
        <extensions>
          <ns3:TrackPointExtension>
            <ns3:hr>139</ns3:hr>
            <ns3:cad>87</ns3:cad>
          </ns3:TrackPointExtension>
        </extensions>
      </trkpt>
      <trkpt lat="24.4848321564495563507080078125" lon="118.14801511354744434356689453125">
        <ele>38.799999237060546875</ele>
        <time>2025-04-05T12:05:04.000Z</time>
        <extensions>
          <ns3:TrackPointExtension>
            <ns3:hr>139</ns3:hr>
            <ns3:cad>87</ns3:cad>
          </ns3:TrackPointExtension>
        </extensions>
      </trkpt>
      <trkpt lat="24.4848167337477207183837890625" lon="118.14799449406564235687255859375">
        <ele>38.799999237060546875</ele>
        <time>2025-04-05T12:05:05.000Z</time>
        <extensions>
          <ns3:TrackPointExtension>
            <ns3:hr>139</ns3:hr>
            <ns3:cad>87</ns3:cad>
          </ns3:TrackPointExtension>
        </extensions>
      </trkpt>
      <trkpt lat="24.48479619808495044708251953125" lon="118.147980161011219024658203125">
        <ele>39</ele>
        <time>2025-04-05T12:05:06.000Z</time>
        <extensions>
          <ns3:TrackPointExtension>
            <ns3:hr>139</ns3:hr>
            <ns3:cad>87</ns3:cad>
          </ns3:TrackPointExtension>
        </extensions>
      </trkpt>
      <trkpt lat="24.48477675206959247589111328125" lon="118.147959373891353607177734375">
        <ele>39</ele>
        <time>2025-04-05T12:05:07.000Z</time>
        <extensions>
          <ns3:TrackPointExtension>
            <ns3:hr>139</ns3:hr>
            <ns3:cad>87</ns3:cad>
          </ns3:TrackPointExtension>
        </extensions>
      </trkpt>
      <trkpt lat="24.4847547076642513275146484375" lon="118.14793867059051990509033203125">
        <ele>39.200000762939453125</ele>
        <time>2025-04-05T12:05:08.000Z</time>
        <extensions>
          <ns3:TrackPointExtension>
            <ns3:hr>139</ns3:hr>
            <ns3:cad>87</ns3:cad>
          </ns3:TrackPointExtension>
        </extensions>
      </trkpt>
      <trkpt lat="24.484734423458576202392578125" lon="118.147919811308383941650390625">
        <ele>39.200000762939453125</ele>
        <time>2025-04-05T12:05:09.000Z</time>
        <extensions>
          <ns3:TrackPointExtension>
            <ns3:hr>140</ns3:hr>
            <ns3:cad>87</ns3:cad>
          </ns3:TrackPointExtension>
        </extensions>
      </trkpt>
      <trkpt lat="24.48471372015774250030517578125" lon="118.1479045562446117401123046875">
        <ele>39.40000152587890625</ele>
        <time>2025-04-05T12:05:10.000Z</time>
        <extensions>
          <ns3:TrackPointExtension>
            <ns3:hr>140</ns3:hr>
            <ns3:cad>88</ns3:cad>
          </ns3:TrackPointExtension>
        </extensions>
      </trkpt>
      <trkpt lat="24.48468421585857868194580078125" lon="118.14788636751472949981689453125">
        <ele>39.40000152587890625</ele>
        <time>2025-04-05T12:05:11.000Z</time>
        <extensions>
          <ns3:TrackPointExtension>
            <ns3:hr>141</ns3:hr>
            <ns3:cad>88</ns3:cad>
          </ns3:TrackPointExtension>
        </extensions>
      </trkpt>
      <trkpt lat="24.4846655242145061492919921875" lon="118.14787865616381168365478515625">
        <ele>39.40000152587890625</ele>
        <time>2025-04-05T12:05:12.000Z</time>
        <extensions>
          <ns3:TrackPointExtension>
            <ns3:hr>141</ns3:hr>
            <ns3:cad>88</ns3:cad>
          </ns3:TrackPointExtension>
        </extensions>
      </trkpt>
      <trkpt lat="24.48463618755340576171875" lon="118.147864826023578643798828125">
        <ele>39.59999847412109375</ele>
        <time>2025-04-05T12:05:13.000Z</time>
        <extensions>
          <ns3:TrackPointExtension>
            <ns3:hr>141</ns3:hr>
            <ns3:cad>88</ns3:cad>
          </ns3:TrackPointExtension>
        </extensions>
      </trkpt>
      <trkpt lat="24.48461531661450862884521484375" lon="118.147863484919071197509765625">
        <ele>39.59999847412109375</ele>
        <time>2025-04-05T12:05:14.000Z</time>
        <extensions>
          <ns3:TrackPointExtension>
            <ns3:hr>141</ns3:hr>
            <ns3:cad>88</ns3:cad>
          </ns3:TrackPointExtension>
        </extensions>
      </trkpt>
      <trkpt lat="24.4845820404589176177978515625" lon="118.14785703085362911224365234375">
        <ele>39.59999847412109375</ele>
        <time>2025-04-05T12:05:15.000Z</time>
        <extensions>
          <ns3:TrackPointExtension>
            <ns3:hr>141</ns3:hr>
            <ns3:cad>87</ns3:cad>
          </ns3:TrackPointExtension>
        </extensions>
      </trkpt>
      <trkpt lat="24.4845597445964813232421875" lon="118.147854767739772796630859375">
        <ele>39.59999847412109375</ele>
        <time>2025-04-05T12:05:16.000Z</time>
        <extensions>
          <ns3:TrackPointExtension>
            <ns3:hr>142</ns3:hr>
            <ns3:cad>87</ns3:cad>
          </ns3:TrackPointExtension>
        </extensions>
      </trkpt>
      <trkpt lat="24.48452663607895374298095703125" lon="118.14784864895045757293701171875">
        <ele>39.799999237060546875</ele>
        <time>2025-04-05T12:05:17.000Z</time>
        <extensions>
          <ns3:TrackPointExtension>
            <ns3:hr>142</ns3:hr>
            <ns3:cad>88</ns3:cad>
          </ns3:TrackPointExtension>
        </extensions>
      </trkpt>
      <trkpt lat="24.48450299911201000213623046875" lon="118.14784613437950611114501953125">
        <ele>39.799999237060546875</ele>
        <time>2025-04-05T12:05:18.000Z</time>
        <extensions>
          <ns3:TrackPointExtension>
            <ns3:hr>142</ns3:hr>
            <ns3:cad>88</ns3:cad>
          </ns3:TrackPointExtension>
        </extensions>
      </trkpt>
      <trkpt lat="24.484472237527370452880859375" lon="118.1478368304669857025146484375">
        <ele>39.799999237060546875</ele>
        <time>2025-04-05T12:05:19.000Z</time>
        <extensions>
          <ns3:TrackPointExtension>
            <ns3:hr>142</ns3:hr>
            <ns3:cad>88</ns3:cad>
          </ns3:TrackPointExtension>
        </extensions>
      </trkpt>
      <trkpt lat="24.48445312678813934326171875" lon="118.14782501198351383209228515625">
        <ele>39.799999237060546875</ele>
        <time>2025-04-05T12:05:20.000Z</time>
        <extensions>
          <ns3:TrackPointExtension>
            <ns3:hr>142</ns3:hr>
            <ns3:cad>88</ns3:cad>
          </ns3:TrackPointExtension>
        </extensions>
      </trkpt>
      <trkpt lat="24.48442672379314899444580078125" lon="118.14781093038618564605712890625">
        <ele>40</ele>
        <time>2025-04-05T12:05:21.000Z</time>
        <extensions>
          <ns3:TrackPointExtension>
            <ns3:hr>142</ns3:hr>
            <ns3:cad>87</ns3:cad>
          </ns3:TrackPointExtension>
        </extensions>
      </trkpt>
      <trkpt lat="24.48440275155007839202880859375" lon="118.147800453007221221923828125">
        <ele>39.799999237060546875</ele>
        <time>2025-04-05T12:05:22.000Z</time>
        <extensions>
          <ns3:TrackPointExtension>
            <ns3:hr>142</ns3:hr>
            <ns3:cad>87</ns3:cad>
          </ns3:TrackPointExtension>
        </extensions>
      </trkpt>
      <trkpt lat="24.4843765161931514739990234375" lon="118.1477902270853519439697265625">
        <ele>39.799999237060546875</ele>
        <time>2025-04-05T12:05:23.000Z</time>
        <extensions>
          <ns3:TrackPointExtension>
            <ns3:hr>142</ns3:hr>
            <ns3:cad>87</ns3:cad>
          </ns3:TrackPointExtension>
        </extensions>
      </trkpt>
      <trkpt lat="24.484354555606842041015625" lon="118.14777287654578685760498046875">
        <ele>39.799999237060546875</ele>
        <time>2025-04-05T12:05:24.000Z</time>
        <extensions>
          <ns3:TrackPointExtension>
            <ns3:hr>142</ns3:hr>
            <ns3:cad>88</ns3:cad>
          </ns3:TrackPointExtension>
        </extensions>
      </trkpt>
      <trkpt lat="24.48433452285826206207275390625" lon="118.1477630697190761566162109375">
        <ele>39.799999237060546875</ele>
        <time>2025-04-05T12:05:25.000Z</time>
        <extensions>
          <ns3:TrackPointExtension>
            <ns3:hr>142</ns3:hr>
            <ns3:cad>88</ns3:cad>
          </ns3:TrackPointExtension>
        </extensions>
      </trkpt>
      <trkpt lat="24.48430904187262058258056640625" lon="118.14774605445563793182373046875">
        <ele>39.799999237060546875</ele>
        <time>2025-04-05T12:05:26.000Z</time>
        <extensions>
          <ns3:TrackPointExtension>
            <ns3:hr>142</ns3:hr>
            <ns3:cad>88</ns3:cad>
          </ns3:TrackPointExtension>
        </extensions>
      </trkpt>
      <trkpt lat="24.48428859002888202667236328125" lon="118.1477365829050540924072265625">
        <ele>39.799999237060546875</ele>
        <time>2025-04-05T12:05:27.000Z</time>
        <extensions>
          <ns3:TrackPointExtension>
            <ns3:hr>142</ns3:hr>
            <ns3:cad>88</ns3:cad>
          </ns3:TrackPointExtension>
        </extensions>
      </trkpt>
      <trkpt lat="24.48426268994808197021484375" lon="118.14772107638418674468994140625">
        <ele>39.799999237060546875</ele>
        <time>2025-04-05T12:05:28.000Z</time>
        <extensions>
          <ns3:TrackPointExtension>
            <ns3:hr>141</ns3:hr>
            <ns3:cad>88</ns3:cad>
          </ns3:TrackPointExtension>
        </extensions>
      </trkpt>
      <trkpt lat="24.4842424057424068450927734375" lon="118.1477104313671588897705078125">
        <ele>39.799999237060546875</ele>
        <time>2025-04-05T12:05:29.000Z</time>
        <extensions>
          <ns3:TrackPointExtension>
            <ns3:hr>141</ns3:hr>
            <ns3:cad>88</ns3:cad>
          </ns3:TrackPointExtension>
        </extensions>
      </trkpt>
      <trkpt lat="24.4842162542045116424560546875" lon="118.1476862914860248565673828125">
        <ele>40</ele>
        <time>2025-04-05T12:05:30.000Z</time>
        <extensions>
          <ns3:TrackPointExtension>
            <ns3:hr>141</ns3:hr>
            <ns3:cad>87</ns3:cad>
          </ns3:TrackPointExtension>
        </extensions>
      </trkpt>
      <trkpt lat="24.48419303633272647857666015625" lon="118.14767011441290378570556640625">
        <ele>39.799999237060546875</ele>
        <time>2025-04-05T12:05:31.000Z</time>
        <extensions>
          <ns3:TrackPointExtension>
            <ns3:hr>141</ns3:hr>
            <ns3:cad>87</ns3:cad>
          </ns3:TrackPointExtension>
        </extensions>
      </trkpt>
      <trkpt lat="24.48416822589933872222900390625" lon="118.1476527638733386993408203125">
        <ele>39.799999237060546875</ele>
        <time>2025-04-05T12:05:32.000Z</time>
        <extensions>
          <ns3:TrackPointExtension>
            <ns3:hr>142</ns3:hr>
            <ns3:cad>87</ns3:cad>
          </ns3:TrackPointExtension>
        </extensions>
      </trkpt>
      <trkpt lat="24.48414693586528301239013671875" lon="118.1476393528282642364501953125">
        <ele>39.799999237060546875</ele>
        <time>2025-04-05T12:05:33.000Z</time>
        <extensions>
          <ns3:TrackPointExtension>
            <ns3:hr>142</ns3:hr>
            <ns3:cad>88</ns3:cad>
          </ns3:TrackPointExtension>
        </extensions>
      </trkpt>
      <trkpt lat="24.48412346653640270233154296875" lon="118.1476292945444583892822265625">
        <ele>39.799999237060546875</ele>
        <time>2025-04-05T12:05:34.000Z</time>
        <extensions>
          <ns3:TrackPointExtension>
            <ns3:hr>142</ns3:hr>
            <ns3:cad>88</ns3:cad>
          </ns3:TrackPointExtension>
        </extensions>
      </trkpt>
      <trkpt lat="24.48410016484558582305908203125" lon="118.14761781133711338043212890625">
        <ele>39.799999237060546875</ele>
        <time>2025-04-05T12:05:35.000Z</time>
        <extensions>
          <ns3:TrackPointExtension>
            <ns3:hr>142</ns3:hr>
            <ns3:cad>87</ns3:cad>
          </ns3:TrackPointExtension>
        </extensions>
      </trkpt>
      <trkpt lat="24.48407736606895923614501953125" lon="118.1476091779768466949462890625">
        <ele>39.799999237060546875</ele>
        <time>2025-04-05T12:05:36.000Z</time>
        <extensions>
          <ns3:TrackPointExtension>
            <ns3:hr>141</ns3:hr>
            <ns3:cad>87</ns3:cad>
          </ns3:TrackPointExtension>
        </extensions>
      </trkpt>
      <trkpt lat="24.48405641131103038787841796875" lon="118.14759870059788227081298828125">
        <ele>39.799999237060546875</ele>
        <time>2025-04-05T12:05:37.000Z</time>
        <extensions>
          <ns3:TrackPointExtension>
            <ns3:hr>142</ns3:hr>
            <ns3:cad>87</ns3:cad>
          </ns3:TrackPointExtension>
        </extensions>
      </trkpt>
      <trkpt lat="24.48403344489634037017822265625" lon="118.1475924141705036163330078125">
        <ele>39.799999237060546875</ele>
        <time>2025-04-05T12:05:38.000Z</time>
        <extensions>
          <ns3:TrackPointExtension>
            <ns3:hr>142</ns3:hr>
            <ns3:cad>87</ns3:cad>
          </ns3:TrackPointExtension>
        </extensions>
      </trkpt>
      <trkpt lat="24.4840152561664581298828125" lon="118.14759233035147190093994140625">
        <ele>39.799999237060546875</ele>
        <time>2025-04-05T12:05:39.000Z</time>
        <extensions>
          <ns3:TrackPointExtension>
            <ns3:hr>141</ns3:hr>
            <ns3:cad>87</ns3:cad>
          </ns3:TrackPointExtension>
        </extensions>
      </trkpt>
      <trkpt lat="24.483997486531734466552734375" lon="118.1475924141705036163330078125">
        <ele>39.799999237060546875</ele>
        <time>2025-04-05T12:05:40.000Z</time>
        <extensions>
          <ns3:TrackPointExtension>
            <ns3:hr>142</ns3:hr>
            <ns3:cad>88</ns3:cad>
          </ns3:TrackPointExtension>
        </extensions>
      </trkpt>
      <trkpt lat="24.48397460393607616424560546875" lon="118.14759828150272369384765625">
        <ele>39.799999237060546875</ele>
        <time>2025-04-05T12:05:41.000Z</time>
        <extensions>
          <ns3:TrackPointExtension>
            <ns3:hr>142</ns3:hr>
            <ns3:cad>88</ns3:cad>
          </ns3:TrackPointExtension>
        </extensions>
      </trkpt>
      <trkpt lat="24.48394644074141979217529296875" lon="118.1475940905511379241943359375">
        <ele>39.59999847412109375</ele>
        <time>2025-04-05T12:05:42.000Z</time>
        <extensions>
          <ns3:TrackPointExtension>
            <ns3:hr>141</ns3:hr>
            <ns3:cad>88</ns3:cad>
          </ns3:TrackPointExtension>
        </extensions>
      </trkpt>
      <trkpt lat="24.48392204940319061279296875" lon="118.1475853733718395233154296875">
        <ele>39.59999847412109375</ele>
        <time>2025-04-05T12:05:43.000Z</time>
        <extensions>
          <ns3:TrackPointExtension>
            <ns3:hr>142</ns3:hr>
            <ns3:cad>88</ns3:cad>
          </ns3:TrackPointExtension>
        </extensions>
      </trkpt>
      <trkpt lat="24.48389732278883457183837890625" lon="118.14758193679153919219970703125">
        <ele>39.59999847412109375</ele>
        <time>2025-04-05T12:05:44.000Z</time>
        <extensions>
          <ns3:TrackPointExtension>
            <ns3:hr>142</ns3:hr>
            <ns3:cad>88</ns3:cad>
          </ns3:TrackPointExtension>
        </extensions>
      </trkpt>
      <trkpt lat="24.48386094532907009124755859375" lon="118.1475816853344440460205078125">
        <ele>39.59999847412109375</ele>
        <time>2025-04-05T12:05:45.000Z</time>
        <extensions>
          <ns3:TrackPointExtension>
            <ns3:hr>142</ns3:hr>
            <ns3:cad>88</ns3:cad>
          </ns3:TrackPointExtension>
        </extensions>
      </trkpt>
      <trkpt lat="24.483833201229572296142578125" lon="118.1475836969912052154541015625">
        <ele>39.59999847412109375</ele>
        <time>2025-04-05T12:05:46.000Z</time>
        <extensions>
          <ns3:TrackPointExtension>
            <ns3:hr>142</ns3:hr>
            <ns3:cad>88</ns3:cad>
          </ns3:TrackPointExtension>
        </extensions>
      </trkpt>
      <trkpt lat="24.48380277492105960845947265625" lon="118.14758797176182270050048828125">
        <ele>39.40000152587890625</ele>
        <time>2025-04-05T12:05:47.000Z</time>
        <extensions>
          <ns3:TrackPointExtension>
            <ns3:hr>141</ns3:hr>
            <ns3:cad>88</ns3:cad>
          </ns3:TrackPointExtension>
        </extensions>
      </trkpt>
      <trkpt lat="24.4837814010679721832275390625" lon="118.14758663065731525421142578125">
        <ele>39.40000152587890625</ele>
        <time>2025-04-05T12:05:48.000Z</time>
        <extensions>
          <ns3:TrackPointExtension>
            <ns3:hr>142</ns3:hr>
            <ns3:cad>88</ns3:cad>
          </ns3:TrackPointExtension>
        </extensions>
      </trkpt>
      <trkpt lat="24.48375080712139606475830078125" lon="118.147584535181522369384765625">
        <ele>39.40000152587890625</ele>
        <time>2025-04-05T12:05:49.000Z</time>
        <extensions>
          <ns3:TrackPointExtension>
            <ns3:hr>142</ns3:hr>
            <ns3:cad>88</ns3:cad>
          </ns3:TrackPointExtension>
        </extensions>
      </trkpt>
      <trkpt lat="24.48373437859117984771728515625" lon="118.14759132452309131622314453125">
        <ele>39.40000152587890625</ele>
        <time>2025-04-05T12:05:50.000Z</time>
        <extensions>
          <ns3:TrackPointExtension>
            <ns3:hr>142</ns3:hr>
            <ns3:cad>88</ns3:cad>
          </ns3:TrackPointExtension>
        </extensions>
      </trkpt>
      <trkpt lat="24.48370722122490406036376953125" lon="118.1475920788943767547607421875">
        <ele>39.40000152587890625</ele>
        <time>2025-04-05T12:05:51.000Z</time>
        <extensions>
          <ns3:TrackPointExtension>
            <ns3:hr>142</ns3:hr>
            <ns3:cad>88</ns3:cad>
          </ns3:TrackPointExtension>
        </extensions>
      </trkpt>
      <trkpt lat="24.48368978686630725860595703125" lon="118.147590570151805877685546875">
        <ele>39.40000152587890625</ele>
        <time>2025-04-05T12:05:52.000Z</time>
        <extensions>
          <ns3:TrackPointExtension>
            <ns3:hr>142</ns3:hr>
            <ns3:cad>88</ns3:cad>
          </ns3:TrackPointExtension>
        </extensions>
      </trkpt>
      <trkpt lat="24.48367386125028133392333984375" lon="118.14758964814245700836181640625">
        <ele>39.40000152587890625</ele>
        <time>2025-04-05T12:05:53.000Z</time>
        <extensions>
          <ns3:TrackPointExtension>
            <ns3:hr>142</ns3:hr>
            <ns3:cad>89</ns3:cad>
          </ns3:TrackPointExtension>
        </extensions>
      </trkpt>
      <trkpt lat="24.483657181262969970703125" lon="118.14759023487567901611328125">
        <ele>39.40000152587890625</ele>
        <time>2025-04-05T12:05:54.000Z</time>
        <extensions>
          <ns3:TrackPointExtension>
            <ns3:hr>142</ns3:hr>
            <ns3:cad>89</ns3:cad>
          </ns3:TrackPointExtension>
        </extensions>
      </trkpt>
      <trkpt lat="24.4836311973631381988525390625" lon="118.1475890614092350006103515625">
        <ele>39.40000152587890625</ele>
        <time>2025-04-05T12:05:55.000Z</time>
        <extensions>
          <ns3:TrackPointExtension>
            <ns3:hr>143</ns3:hr>
            <ns3:cad>89</ns3:cad>
          </ns3:TrackPointExtension>
        </extensions>
      </trkpt>
      <trkpt lat="24.48361418209969997406005859375" lon="118.147587217390537261962890625">
        <ele>39.40000152587890625</ele>
        <time>2025-04-05T12:05:56.000Z</time>
        <extensions>
          <ns3:TrackPointExtension>
            <ns3:hr>143</ns3:hr>
            <ns3:cad>89</ns3:cad>
          </ns3:TrackPointExtension>
        </extensions>
      </trkpt>
      <trkpt lat="24.4835845939815044403076171875" lon="118.14758218824863433837890625">
        <ele>39.40000152587890625</ele>
        <time>2025-04-05T12:05:57.000Z</time>
        <extensions>
          <ns3:TrackPointExtension>
            <ns3:hr>143</ns3:hr>
            <ns3:cad>89</ns3:cad>
          </ns3:TrackPointExtension>
        </extensions>
      </trkpt>
      <trkpt lat="24.48356472887098789215087890625" lon="118.147580511868000030517578125">
        <ele>39.200000762939453125</ele>
        <time>2025-04-05T12:05:58.000Z</time>
        <extensions>
          <ns3:TrackPointExtension>
            <ns3:hr>143</ns3:hr>
            <ns3:cad>89</ns3:cad>
          </ns3:TrackPointExtension>
        </extensions>
      </trkpt>
      <trkpt lat="24.4835279323160648345947265625" lon="118.147577159106731414794921875">
        <ele>39.200000762939453125</ele>
        <time>2025-04-05T12:05:59.000Z</time>
        <extensions>
          <ns3:TrackPointExtension>
            <ns3:hr>143</ns3:hr>
            <ns3:cad>89</ns3:cad>
          </ns3:TrackPointExtension>
        </extensions>
      </trkpt>
      <trkpt lat="24.48350102640688419342041015625" lon="118.14757757820188999176025390625">
        <ele>39.200000762939453125</ele>
        <time>2025-04-05T12:06:00.000Z</time>
        <extensions>
          <ns3:TrackPointExtension>
            <ns3:hr>142</ns3:hr>
            <ns3:cad>89</ns3:cad>
          </ns3:TrackPointExtension>
        </extensions>
      </trkpt>
      <trkpt lat="24.48346381075680255889892578125" lon="118.14757548272609710693359375">
        <ele>39.200000762939453125</ele>
        <time>2025-04-05T12:06:01.000Z</time>
        <extensions>
          <ns3:TrackPointExtension>
            <ns3:hr>143</ns3:hr>
            <ns3:cad>89</ns3:cad>
          </ns3:TrackPointExtension>
        </extensions>
      </trkpt>
      <trkpt lat="24.4834377430379390716552734375" lon="118.14757816493511199951171875">
        <ele>39</ele>
        <time>2025-04-05T12:06:02.000Z</time>
        <extensions>
          <ns3:TrackPointExtension>
            <ns3:hr>143</ns3:hr>
            <ns3:cad>89</ns3:cad>
          </ns3:TrackPointExtension>
        </extensions>
      </trkpt>
      <trkpt lat="24.4834052212536334991455078125" lon="118.1475786678493022918701171875">
        <ele>39</ele>
        <time>2025-04-05T12:06:03.000Z</time>
        <extensions>
          <ns3:TrackPointExtension>
            <ns3:hr>143</ns3:hr>
            <ns3:cad>89</ns3:cad>
          </ns3:TrackPointExtension>
        </extensions>
      </trkpt>
      <trkpt lat="24.48338133282959461212158203125" lon="118.14757682383060455322265625">
        <ele>39</ele>
        <time>2025-04-05T12:06:04.000Z</time>
        <extensions>
          <ns3:TrackPointExtension>
            <ns3:hr>143</ns3:hr>
            <ns3:cad>89</ns3:cad>
          </ns3:TrackPointExtension>
        </extensions>
      </trkpt>
      <trkpt lat="24.48335342109203338623046875" lon="118.147574476897716522216796875">
        <ele>39</ele>
        <time>2025-04-05T12:06:05.000Z</time>
        <extensions>
          <ns3:TrackPointExtension>
            <ns3:hr>143</ns3:hr>
            <ns3:cad>89</ns3:cad>
          </ns3:TrackPointExtension>
        </extensions>
      </trkpt>
      <trkpt lat="24.4833257608115673065185546875" lon="118.14757372252643108367919921875">
        <ele>39</ele>
        <time>2025-04-05T12:06:06.000Z</time>
        <extensions>
          <ns3:TrackPointExtension>
            <ns3:hr>141</ns3:hr>
            <ns3:cad>89</ns3:cad>
          </ns3:TrackPointExtension>
        </extensions>
      </trkpt>
      <trkpt lat="24.48329969309270381927490234375" lon="118.14757389016449451446533203125">
        <ele>39</ele>
        <time>2025-04-05T12:06:07.000Z</time>
        <extensions>
          <ns3:TrackPointExtension>
            <ns3:hr>140</ns3:hr>
            <ns3:cad>88</ns3:cad>
          </ns3:TrackPointExtension>
        </extensions>
      </trkpt>
      <trkpt lat="24.48327756486833095550537109375" lon="118.147575147449970245361328125">
        <ele>38.799999237060546875</ele>
        <time>2025-04-05T12:06:08.000Z</time>
        <extensions>
          <ns3:TrackPointExtension>
            <ns3:hr>140</ns3:hr>
            <ns3:cad>88</ns3:cad>
          </ns3:TrackPointExtension>
        </extensions>
      </trkpt>
      <trkpt lat="24.48325007222592830657958984375" lon="118.14757321961224079132080078125">
        <ele>38.799999237060546875</ele>
        <time>2025-04-05T12:06:09.000Z</time>
        <extensions>
          <ns3:TrackPointExtension>
            <ns3:hr>140</ns3:hr>
            <ns3:cad>88</ns3:cad>
          </ns3:TrackPointExtension>
        </extensions>
      </trkpt>
      <trkpt lat="24.4832238368690013885498046875" lon="118.14757389016449451446533203125">
        <ele>38.799999237060546875</ele>
        <time>2025-04-05T12:06:10.000Z</time>
        <extensions>
          <ns3:TrackPointExtension>
            <ns3:hr>140</ns3:hr>
            <ns3:cad>88</ns3:cad>
          </ns3:TrackPointExtension>
        </extensions>
      </trkpt>
      <trkpt lat="24.48319852352142333984375" lon="118.14757321961224079132080078125">
        <ele>38.799999237060546875</ele>
        <time>2025-04-05T12:06:11.000Z</time>
        <extensions>
          <ns3:TrackPointExtension>
            <ns3:hr>140</ns3:hr>
            <ns3:cad>88</ns3:cad>
          </ns3:TrackPointExtension>
        </extensions>
      </trkpt>
      <trkpt lat="24.483170695602893829345703125" lon="118.14757036976516246795654296875">
        <ele>38.799999237060546875</ele>
        <time>2025-04-05T12:06:12.000Z</time>
        <extensions>
          <ns3:TrackPointExtension>
            <ns3:hr>140</ns3:hr>
            <ns3:cad>89</ns3:cad>
          </ns3:TrackPointExtension>
        </extensions>
      </trkpt>
      <trkpt lat="24.48315150104463100433349609375" lon="118.147569112479686737060546875">
        <ele>38.59999847412109375</ele>
        <time>2025-04-05T12:06:13.000Z</time>
        <extensions>
          <ns3:TrackPointExtension>
            <ns3:hr>139</ns3:hr>
            <ns3:cad>89</ns3:cad>
          </ns3:TrackPointExtension>
        </extensions>
      </trkpt>
      <trkpt lat="24.48312719352543354034423828125" lon="118.1475696153938770294189453125">
        <ele>38.59999847412109375</ele>
        <time>2025-04-05T12:06:14.000Z</time>
        <extensions>
          <ns3:TrackPointExtension>
            <ns3:hr>140</ns3:hr>
            <ns3:cad>89</ns3:cad>
          </ns3:TrackPointExtension>
        </extensions>
      </trkpt>
      <trkpt lat="24.48310841806232929229736328125" lon="118.14757053740322589874267578125">
        <ele>38.59999847412109375</ele>
        <time>2025-04-05T12:06:15.000Z</time>
        <extensions>
          <ns3:TrackPointExtension>
            <ns3:hr>140</ns3:hr>
            <ns3:cad>89</ns3:cad>
          </ns3:TrackPointExtension>
        </extensions>
      </trkpt>
      <trkpt lat="24.48307757265865802764892578125" lon="118.14756341278553009033203125">
        <ele>38.59999847412109375</ele>
        <time>2025-04-05T12:06:16.000Z</time>
        <extensions>
          <ns3:TrackPointExtension>
            <ns3:hr>140</ns3:hr>
            <ns3:cad>88</ns3:cad>
          </ns3:TrackPointExtension>
        </extensions>
      </trkpt>
      <trkpt lat="24.48305628262460231781005859375" lon="118.14755804836750030517578125">
        <ele>38.59999847412109375</ele>
        <time>2025-04-05T12:06:17.000Z</time>
        <extensions>
          <ns3:TrackPointExtension>
            <ns3:hr>140</ns3:hr>
            <ns3:cad>88</ns3:cad>
          </ns3:TrackPointExtension>
        </extensions>
      </trkpt>
      <trkpt lat="24.4830282032489776611328125" lon="118.1475548632442951202392578125">
        <ele>38.59999847412109375</ele>
        <time>2025-04-05T12:06:18.000Z</time>
        <extensions>
          <ns3:TrackPointExtension>
            <ns3:hr>140</ns3:hr>
            <ns3:cad>88</ns3:cad>
          </ns3:TrackPointExtension>
        </extensions>
      </trkpt>
      <trkpt lat="24.48299895040690898895263671875" lon="118.14755134284496307373046875">
        <ele>38.59999847412109375</ele>
        <time>2025-04-05T12:06:19.000Z</time>
        <extensions>
          <ns3:TrackPointExtension>
            <ns3:hr>141</ns3:hr>
            <ns3:cad>88</ns3:cad>
          </ns3:TrackPointExtension>
        </extensions>
      </trkpt>
      <trkpt lat="24.48297162540256977081298828125" lon="118.14755327068269252777099609375">
        <ele>38.40000152587890625</ele>
        <time>2025-04-05T12:06:20.000Z</time>
        <extensions>
          <ns3:TrackPointExtension>
            <ns3:hr>141</ns3:hr>
            <ns3:cad>88</ns3:cad>
          </ns3:TrackPointExtension>
        </extensions>
      </trkpt>
      <trkpt lat="24.4829356670379638671875" lon="118.147550337016582489013671875">
        <ele>38.40000152587890625</ele>
        <time>2025-04-05T12:06:21.000Z</time>
        <extensions>
          <ns3:TrackPointExtension>
            <ns3:hr>141</ns3:hr>
            <ns3:cad>87</ns3:cad>
          </ns3:TrackPointExtension>
        </extensions>
      </trkpt>
      <trkpt lat="24.48291144333779811859130859375" lon="118.14754664897918701171875">
        <ele>38.40000152587890625</ele>
        <time>2025-04-05T12:06:22.000Z</time>
        <extensions>
          <ns3:TrackPointExtension>
            <ns3:hr>140</ns3:hr>
            <ns3:cad>87</ns3:cad>
          </ns3:TrackPointExtension>
        </extensions>
      </trkpt>
      <trkpt lat="24.4828833639621734619140625" lon="118.1475426256656646728515625">
        <ele>38.40000152587890625</ele>
        <time>2025-04-05T12:06:23.000Z</time>
        <extensions>
          <ns3:TrackPointExtension>
            <ns3:hr>141</ns3:hr>
            <ns3:cad>87</ns3:cad>
          </ns3:TrackPointExtension>
        </extensions>
      </trkpt>
      <trkpt lat="24.48285478167235851287841796875" lon="118.14754740335047245025634765625">
        <ele>38.40000152587890625</ele>
        <time>2025-04-05T12:06:24.000Z</time>
        <extensions>
          <ns3:TrackPointExtension>
            <ns3:hr>141</ns3:hr>
            <ns3:cad>87</ns3:cad>
          </ns3:TrackPointExtension>
        </extensions>
      </trkpt>
      <trkpt lat="24.4828248582780361175537109375" lon="118.1475474871695041656494140625">
        <ele>38.40000152587890625</ele>
        <time>2025-04-05T12:06:25.000Z</time>
        <extensions>
          <ns3:TrackPointExtension>
            <ns3:hr>140</ns3:hr>
            <ns3:cad>87</ns3:cad>
          </ns3:TrackPointExtension>
        </extensions>
      </trkpt>
      <trkpt lat="24.48280180804431438446044921875" lon="118.14755042083561420440673828125">
        <ele>38.200000762939453125</ele>
        <time>2025-04-05T12:06:26.000Z</time>
        <extensions>
          <ns3:TrackPointExtension>
            <ns3:hr>141</ns3:hr>
            <ns3:cad>88</ns3:cad>
          </ns3:TrackPointExtension>
        </extensions>
      </trkpt>
      <trkpt lat="24.48276878334581851959228515625" lon="118.14754690043628215789794921875">
        <ele>38.200000762939453125</ele>
        <time>2025-04-05T12:06:27.000Z</time>
        <extensions>
          <ns3:TrackPointExtension>
            <ns3:hr>141</ns3:hr>
            <ns3:cad>88</ns3:cad>
          </ns3:TrackPointExtension>
        </extensions>
      </trkpt>
      <trkpt lat="24.48274078778922557830810546875" lon="118.147546313703060150146484375">
        <ele>38.200000762939453125</ele>
        <time>2025-04-05T12:06:28.000Z</time>
        <extensions>
          <ns3:TrackPointExtension>
            <ns3:hr>140</ns3:hr>
            <ns3:cad>88</ns3:cad>
          </ns3:TrackPointExtension>
        </extensions>
      </trkpt>
      <trkpt lat="24.48271161876618862152099609375" lon="118.147544972598552703857421875">
        <ele>38</ele>
        <time>2025-04-05T12:06:29.000Z</time>
        <extensions>
          <ns3:TrackPointExtension>
            <ns3:hr>141</ns3:hr>
            <ns3:cad>88</ns3:cad>
          </ns3:TrackPointExtension>
        </extensions>
      </trkpt>
      <trkpt lat="24.4826843775808811187744140625" lon="118.147546984255313873291015625">
        <ele>38</ele>
        <time>2025-04-05T12:06:30.000Z</time>
        <extensions>
          <ns3:TrackPointExtension>
            <ns3:hr>141</ns3:hr>
            <ns3:cad>88</ns3:cad>
          </ns3:TrackPointExtension>
        </extensions>
      </trkpt>
      <trkpt lat="24.48265730403363704681396484375" lon="118.14754455350339412689208984375">
        <ele>38</ele>
        <time>2025-04-05T12:06:31.000Z</time>
        <extensions>
          <ns3:TrackPointExtension>
            <ns3:hr>141</ns3:hr>
            <ns3:cad>88</ns3:cad>
          </ns3:TrackPointExtension>
        </extensions>
      </trkpt>
      <trkpt lat="24.48262796737253665924072265625" lon="118.147547654807567596435546875">
        <ele>38</ele>
        <time>2025-04-05T12:06:32.000Z</time>
        <extensions>
          <ns3:TrackPointExtension>
            <ns3:hr>141</ns3:hr>
            <ns3:cad>88</ns3:cad>
          </ns3:TrackPointExtension>
        </extensions>
      </trkpt>
      <trkpt lat="24.4826029054820537567138671875" lon="118.14753818325698375701904296875">
        <ele>38</ele>
        <time>2025-04-05T12:06:33.000Z</time>
        <extensions>
          <ns3:TrackPointExtension>
            <ns3:hr>141</ns3:hr>
            <ns3:cad>88</ns3:cad>
          </ns3:TrackPointExtension>
        </extensions>
      </trkpt>
      <trkpt lat="24.4825784303247928619384765625" lon="118.1475374288856983184814453125">
        <ele>38</ele>
        <time>2025-04-05T12:06:34.000Z</time>
        <extensions>
          <ns3:TrackPointExtension>
            <ns3:hr>140</ns3:hr>
            <ns3:cad>88</ns3:cad>
          </ns3:TrackPointExtension>
        </extensions>
      </trkpt>
      <trkpt lat="24.4825522787868976593017578125" lon="118.14753390848636627197265625">
        <ele>37.799999237060546875</ele>
        <time>2025-04-05T12:06:35.000Z</time>
        <extensions>
          <ns3:TrackPointExtension>
            <ns3:hr>141</ns3:hr>
            <ns3:cad>89</ns3:cad>
          </ns3:TrackPointExtension>
        </extensions>
      </trkpt>
      <trkpt lat="24.48252998292446136474609375" lon="118.1475391052663326263427734375">
        <ele>37.799999237060546875</ele>
        <time>2025-04-05T12:06:36.000Z</time>
        <extensions>
          <ns3:TrackPointExtension>
            <ns3:hr>141</ns3:hr>
            <ns3:cad>89</ns3:cad>
          </ns3:TrackPointExtension>
        </extensions>
      </trkpt>
      <trkpt lat="24.4825043343007564544677734375" lon="118.14753315411508083343505859375">
        <ele>37.799999237060546875</ele>
        <time>2025-04-05T12:06:37.000Z</time>
        <extensions>
          <ns3:TrackPointExtension>
            <ns3:hr>141</ns3:hr>
            <ns3:cad>89</ns3:cad>
          </ns3:TrackPointExtension>
        </extensions>
      </trkpt>
      <trkpt lat="24.48247524909675121307373046875" lon="118.14753164537250995635986328125">
        <ele>37.799999237060546875</ele>
        <time>2025-04-05T12:06:38.000Z</time>
        <extensions>
          <ns3:TrackPointExtension>
            <ns3:hr>140</ns3:hr>
            <ns3:cad>88</ns3:cad>
          </ns3:TrackPointExtension>
        </extensions>
      </trkpt>
      <trkpt lat="24.48244691826403141021728515625" lon="118.14752862788736820220947265625">
        <ele>37.799999237060546875</ele>
        <time>2025-04-05T12:06:39.000Z</time>
        <extensions>
          <ns3:TrackPointExtension>
            <ns3:hr>140</ns3:hr>
            <ns3:cad>88</ns3:cad>
          </ns3:TrackPointExtension>
        </extensions>
      </trkpt>
      <trkpt lat="24.48241464793682098388671875" lon="118.147532902657985687255859375">
        <ele>37.799999237060546875</ele>
        <time>2025-04-05T12:06:40.000Z</time>
        <extensions>
          <ns3:TrackPointExtension>
            <ns3:hr>140</ns3:hr>
            <ns3:cad>88</ns3:cad>
          </ns3:TrackPointExtension>
        </extensions>
      </trkpt>
      <trkpt lat="24.48239025659859180450439453125" lon="118.147537596523761749267578125">
        <ele>37.799999237060546875</ele>
        <time>2025-04-05T12:06:41.000Z</time>
        <extensions>
          <ns3:TrackPointExtension>
            <ns3:hr>139</ns3:hr>
            <ns3:cad>88</ns3:cad>
          </ns3:TrackPointExtension>
        </extensions>
      </trkpt>
      <trkpt lat="24.48236544616520404815673828125" lon="118.14754329621791839599609375">
        <ele>37.799999237060546875</ele>
        <time>2025-04-05T12:06:42.000Z</time>
        <extensions>
          <ns3:TrackPointExtension>
            <ns3:hr>138</ns3:hr>
            <ns3:cad>88</ns3:cad>
          </ns3:TrackPointExtension>
        </extensions>
      </trkpt>
      <trkpt lat="24.48234382085502147674560546875" lon="118.147542290389537811279296875">
        <ele>37.799999237060546875</ele>
        <time>2025-04-05T12:06:43.000Z</time>
        <extensions>
          <ns3:TrackPointExtension>
            <ns3:hr>138</ns3:hr>
            <ns3:cad>88</ns3:cad>
          </ns3:TrackPointExtension>
        </extensions>
      </trkpt>
      <trkpt lat="24.4823024980723857879638671875" lon="118.14753902144730091094970703125">
        <ele>37.799999237060546875</ele>
        <time>2025-04-05T12:06:44.000Z</time>
        <extensions>
          <ns3:TrackPointExtension>
            <ns3:hr>138</ns3:hr>
            <ns3:cad>89</ns3:cad>
          </ns3:TrackPointExtension>
        </extensions>
      </trkpt>
      <trkpt lat="24.4822780229151248931884765625" lon="118.1475347466766834259033203125">
        <ele>37.59999847412109375</ele>
        <time>2025-04-05T12:06:45.000Z</time>
        <extensions>
          <ns3:TrackPointExtension>
            <ns3:hr>137</ns3:hr>
            <ns3:cad>88</ns3:cad>
          </ns3:TrackPointExtension>
        </extensions>
      </trkpt>
      <trkpt lat="24.4822431541979312896728515625" lon="118.14753055572509765625">
        <ele>37.59999847412109375</ele>
        <time>2025-04-05T12:06:46.000Z</time>
        <extensions>
          <ns3:TrackPointExtension>
            <ns3:hr>138</ns3:hr>
            <ns3:cad>88</ns3:cad>
          </ns3:TrackPointExtension>
        </extensions>
      </trkpt>
      <trkpt lat="24.4822196848690509796142578125" lon="118.14753483049571514129638671875">
        <ele>37.59999847412109375</ele>
        <time>2025-04-05T12:06:47.000Z</time>
        <extensions>
          <ns3:TrackPointExtension>
            <ns3:hr>138</ns3:hr>
            <ns3:cad>88</ns3:cad>
          </ns3:TrackPointExtension>
        </extensions>
      </trkpt>
      <trkpt lat="24.48218263685703277587890625" lon="118.14753265120089054107666015625">
        <ele>37.59999847412109375</ele>
        <time>2025-04-05T12:06:48.000Z</time>
        <extensions>
          <ns3:TrackPointExtension>
            <ns3:hr>138</ns3:hr>
            <ns3:cad>88</ns3:cad>
          </ns3:TrackPointExtension>
        </extensions>
      </trkpt>
      <trkpt lat="24.48215740732848644256591796875" lon="118.14753030426800251007080078125">
        <ele>37.59999847412109375</ele>
        <time>2025-04-05T12:06:49.000Z</time>
        <extensions>
          <ns3:TrackPointExtension>
            <ns3:hr>138</ns3:hr>
            <ns3:cad>88</ns3:cad>
          </ns3:TrackPointExtension>
        </extensions>
      </trkpt>
      <trkpt lat="24.4821278192102909088134765625" lon="118.14753047190606594085693359375">
        <ele>37.59999847412109375</ele>
        <time>2025-04-05T12:06:50.000Z</time>
        <extensions>
          <ns3:TrackPointExtension>
            <ns3:hr>138</ns3:hr>
            <ns3:cad>88</ns3:cad>
          </ns3:TrackPointExtension>
        </extensions>
      </trkpt>
      <trkpt lat="24.4821050204336643218994140625" lon="118.147523514926433563232421875">
        <ele>37.59999847412109375</ele>
        <time>2025-04-05T12:06:51.000Z</time>
        <extensions>
          <ns3:TrackPointExtension>
            <ns3:hr>138</ns3:hr>
            <ns3:cad>88</ns3:cad>
          </ns3:TrackPointExtension>
        </extensions>
      </trkpt>
      <trkpt lat="24.48208079673349857330322265625" lon="118.1475198268890380859375">
        <ele>37.59999847412109375</ele>
        <time>2025-04-05T12:06:52.000Z</time>
        <extensions>
          <ns3:TrackPointExtension>
            <ns3:hr>138</ns3:hr>
            <ns3:cad>88</ns3:cad>
          </ns3:TrackPointExtension>
        </extensions>
      </trkpt>
      <trkpt lat="24.4820607639849185943603515625" lon="118.14751672558486461639404296875">
        <ele>37.59999847412109375</ele>
        <time>2025-04-05T12:06:53.000Z</time>
        <extensions>
          <ns3:TrackPointExtension>
            <ns3:hr>138</ns3:hr>
            <ns3:cad>88</ns3:cad>
          </ns3:TrackPointExtension>
        </extensions>
      </trkpt>
      <trkpt lat="24.48203855194151401519775390625" lon="118.14751446247100830078125">
        <ele>37.59999847412109375</ele>
        <time>2025-04-05T12:06:54.000Z</time>
        <extensions>
          <ns3:TrackPointExtension>
            <ns3:hr>138</ns3:hr>
            <ns3:cad>88</ns3:cad>
          </ns3:TrackPointExtension>
        </extensions>
      </trkpt>
      <trkpt lat="24.48201893828809261322021484375" lon="118.14751555211842060089111328125">
        <ele>37.59999847412109375</ele>
        <time>2025-04-05T12:06:55.000Z</time>
        <extensions>
          <ns3:TrackPointExtension>
            <ns3:hr>138</ns3:hr>
            <ns3:cad>88</ns3:cad>
          </ns3:TrackPointExtension>
        </extensions>
      </trkpt>
      <trkpt lat="24.48199664242565631866455078125" lon="118.1475119479000568389892578125">
        <ele>37.59999847412109375</ele>
        <time>2025-04-05T12:06:56.000Z</time>
        <extensions>
          <ns3:TrackPointExtension>
            <ns3:hr>139</ns3:hr>
            <ns3:cad>88</ns3:cad>
          </ns3:TrackPointExtension>
        </extensions>
      </trkpt>
      <trkpt lat="24.4819715805351734161376953125" lon="118.1475099362432956695556640625">
        <ele>37.59999847412109375</ele>
        <time>2025-04-05T12:06:57.000Z</time>
        <extensions>
          <ns3:TrackPointExtension>
            <ns3:hr>138</ns3:hr>
            <ns3:cad>88</ns3:cad>
          </ns3:TrackPointExtension>
        </extensions>
      </trkpt>
      <trkpt lat="24.481950290501117706298828125" lon="118.14750842750072479248046875">
        <ele>37.59999847412109375</ele>
        <time>2025-04-05T12:06:58.000Z</time>
        <extensions>
          <ns3:TrackPointExtension>
            <ns3:hr>138</ns3:hr>
            <ns3:cad>88</ns3:cad>
          </ns3:TrackPointExtension>
        </extensions>
      </trkpt>
      <trkpt lat="24.481922797858715057373046875" lon="118.1475015543401241302490234375">
        <ele>37.59999847412109375</ele>
        <time>2025-04-05T12:06:59.000Z</time>
        <extensions>
          <ns3:TrackPointExtension>
            <ns3:hr>139</ns3:hr>
            <ns3:cad>88</ns3:cad>
          </ns3:TrackPointExtension>
        </extensions>
      </trkpt>
      <trkpt lat="24.48190209455788135528564453125" lon="118.14749862067401409149169921875">
        <ele>37.59999847412109375</ele>
        <time>2025-04-05T12:07:00.000Z</time>
        <extensions>
          <ns3:TrackPointExtension>
            <ns3:hr>138</ns3:hr>
            <ns3:cad>88</ns3:cad>
          </ns3:TrackPointExtension>
        </extensions>
      </trkpt>
      <trkpt lat="24.48186571709811687469482421875" lon="118.14749233424663543701171875">
        <ele>37.59999847412109375</ele>
        <time>2025-04-05T12:07:01.000Z</time>
        <extensions>
          <ns3:TrackPointExtension>
            <ns3:hr>138</ns3:hr>
            <ns3:cad>88</ns3:cad>
          </ns3:TrackPointExtension>
        </extensions>
      </trkpt>
      <trkpt lat="24.48184509761631488800048828125" lon="118.14749074168503284454345703125">
        <ele>37.59999847412109375</ele>
        <time>2025-04-05T12:07:02.000Z</time>
        <extensions>
          <ns3:TrackPointExtension>
            <ns3:hr>139</ns3:hr>
            <ns3:cad>88</ns3:cad>
          </ns3:TrackPointExtension>
        </extensions>
      </trkpt>
      <trkpt lat="24.4818113185465335845947265625" lon="118.14749191515147686004638671875">
        <ele>37.59999847412109375</ele>
        <time>2025-04-05T12:07:03.000Z</time>
        <extensions>
          <ns3:TrackPointExtension>
            <ns3:hr>138</ns3:hr>
            <ns3:cad>87</ns3:cad>
          </ns3:TrackPointExtension>
        </extensions>
      </trkpt>
      <trkpt lat="24.48179279454052448272705078125" lon="118.147490657866001129150390625">
        <ele>37.59999847412109375</ele>
        <time>2025-04-05T12:07:04.000Z</time>
        <extensions>
          <ns3:TrackPointExtension>
            <ns3:hr>139</ns3:hr>
            <ns3:cad>87</ns3:cad>
          </ns3:TrackPointExtension>
        </extensions>
      </trkpt>
      <trkpt lat="24.48176731355488300323486328125" lon="118.1474894843995571136474609375">
        <ele>37.59999847412109375</ele>
        <time>2025-04-05T12:07:05.000Z</time>
        <extensions>
          <ns3:TrackPointExtension>
            <ns3:hr>139</ns3:hr>
            <ns3:cad>87</ns3:cad>
          </ns3:TrackPointExtension>
        </extensions>
      </trkpt>
      <trkpt lat="24.481747448444366455078125" lon="118.14748831093311309814453125">
        <ele>37.59999847412109375</ele>
        <time>2025-04-05T12:07:06.000Z</time>
        <extensions>
          <ns3:TrackPointExtension>
            <ns3:hr>139</ns3:hr>
            <ns3:cad>88</ns3:cad>
          </ns3:TrackPointExtension>
        </extensions>
      </trkpt>
      <trkpt lat="24.48171802796423435211181640625" lon="118.1474901549518108367919921875">
        <ele>37.59999847412109375</ele>
        <time>2025-04-05T12:07:07.000Z</time>
        <extensions>
          <ns3:TrackPointExtension>
            <ns3:hr>139</ns3:hr>
            <ns3:cad>88</ns3:cad>
          </ns3:TrackPointExtension>
        </extensions>
      </trkpt>
      <trkpt lat="24.4816951453685760498046875" lon="118.14748956821858882904052734375">
        <ele>37.59999847412109375</ele>
        <time>2025-04-05T12:07:08.000Z</time>
        <extensions>
          <ns3:TrackPointExtension>
            <ns3:hr>139</ns3:hr>
            <ns3:cad>88</ns3:cad>
          </ns3:TrackPointExtension>
        </extensions>
      </trkpt>
      <trkpt lat="24.48166790418326854705810546875" lon="118.147489316761493682861328125">
        <ele>37.59999847412109375</ele>
        <time>2025-04-05T12:07:09.000Z</time>
        <extensions>
          <ns3:TrackPointExtension>
            <ns3:hr>138</ns3:hr>
            <ns3:cad>88</ns3:cad>
          </ns3:TrackPointExtension>
        </extensions>
      </trkpt>
      <trkpt lat="24.48164560832083225250244140625" lon="118.1474861316382884979248046875">
        <ele>37.59999847412109375</ele>
        <time>2025-04-05T12:07:10.000Z</time>
        <extensions>
          <ns3:TrackPointExtension>
            <ns3:hr>139</ns3:hr>
            <ns3:cad>89</ns3:cad>
          </ns3:TrackPointExtension>
        </extensions>
      </trkpt>
      <trkpt lat="24.481618367135524749755859375" lon="118.14748034812510013580322265625">
        <ele>37.799999237060546875</ele>
        <time>2025-04-05T12:07:11.000Z</time>
        <extensions>
          <ns3:TrackPointExtension>
            <ns3:hr>139</ns3:hr>
            <ns3:cad>89</ns3:cad>
          </ns3:TrackPointExtension>
        </extensions>
      </trkpt>
      <trkpt lat="24.4815990887582302093505859375" lon="118.14747892320156097412109375">
        <ele>37.799999237060546875</ele>
        <time>2025-04-05T12:07:12.000Z</time>
        <extensions>
          <ns3:TrackPointExtension>
            <ns3:hr>139</ns3:hr>
            <ns3:cad>88</ns3:cad>
          </ns3:TrackPointExtension>
        </extensions>
      </trkpt>
      <trkpt lat="24.481576792895793914794921875" lon="118.1474804319441318511962890625">
        <ele>37.799999237060546875</ele>
        <time>2025-04-05T12:07:13.000Z</time>
        <extensions>
          <ns3:TrackPointExtension>
            <ns3:hr>139</ns3:hr>
            <ns3:cad>88</ns3:cad>
          </ns3:TrackPointExtension>
        </extensions>
      </trkpt>
      <trkpt lat="24.4815544970333576202392578125" lon="118.1474811024963855743408203125">
        <ele>37.799999237060546875</ele>
        <time>2025-04-05T12:07:14.000Z</time>
        <extensions>
          <ns3:TrackPointExtension>
            <ns3:hr>139</ns3:hr>
            <ns3:cad>88</ns3:cad>
          </ns3:TrackPointExtension>
        </extensions>
      </trkpt>
      <trkpt lat="24.48153262026607990264892578125" lon="118.147483952343463897705078125">
        <ele>37.799999237060546875</ele>
        <time>2025-04-05T12:07:15.000Z</time>
        <extensions>
          <ns3:TrackPointExtension>
            <ns3:hr>139</ns3:hr>
            <ns3:cad>89</ns3:cad>
          </ns3:TrackPointExtension>
        </extensions>
      </trkpt>
      <trkpt lat="24.48151166550815105438232421875" lon="118.1474811024963855743408203125">
        <ele>37.799999237060546875</ele>
        <time>2025-04-05T12:07:16.000Z</time>
        <extensions>
          <ns3:TrackPointExtension>
            <ns3:hr>139</ns3:hr>
            <ns3:cad>88</ns3:cad>
          </ns3:TrackPointExtension>
        </extensions>
      </trkpt>
      <trkpt lat="24.48148601688444614410400390625" lon="118.14747917465865612030029296875">
        <ele>37.799999237060546875</ele>
        <time>2025-04-05T12:07:17.000Z</time>
        <extensions>
          <ns3:TrackPointExtension>
            <ns3:hr>140</ns3:hr>
            <ns3:cad>88</ns3:cad>
          </ns3:TrackPointExtension>
        </extensions>
      </trkpt>
      <trkpt lat="24.48146087117493152618408203125" lon="118.14747716300189495086669921875">
        <ele>37.799999237060546875</ele>
        <time>2025-04-05T12:07:18.000Z</time>
        <extensions>
          <ns3:TrackPointExtension>
            <ns3:hr>140</ns3:hr>
            <ns3:cad>88</ns3:cad>
          </ns3:TrackPointExtension>
        </extensions>
      </trkpt>
      <trkpt lat="24.48143136687576770782470703125" lon="118.14747883938252925872802734375">
        <ele>37.799999237060546875</ele>
        <time>2025-04-05T12:07:19.000Z</time>
        <extensions>
          <ns3:TrackPointExtension>
            <ns3:hr>141</ns3:hr>
            <ns3:cad>88</ns3:cad>
          </ns3:TrackPointExtension>
        </extensions>
      </trkpt>
      <trkpt lat="24.48140345513820648193359375" lon="118.147476576268672943115234375">
        <ele>37.799999237060546875</ele>
        <time>2025-04-05T12:07:20.000Z</time>
        <extensions>
          <ns3:TrackPointExtension>
            <ns3:hr>140</ns3:hr>
            <ns3:cad>89</ns3:cad>
          </ns3:TrackPointExtension>
        </extensions>
      </trkpt>
      <trkpt lat="24.481370933353900909423828125" lon="118.1474750675261020660400390625">
        <ele>37.799999237060546875</ele>
        <time>2025-04-05T12:07:21.000Z</time>
        <extensions>
          <ns3:TrackPointExtension>
            <ns3:hr>140</ns3:hr>
            <ns3:cad>89</ns3:cad>
          </ns3:TrackPointExtension>
        </extensions>
      </trkpt>
      <trkpt lat="24.4813382439315319061279296875" lon="118.14747330732643604278564453125">
        <ele>37.799999237060546875</ele>
        <time>2025-04-05T12:07:22.000Z</time>
        <extensions>
          <ns3:TrackPointExtension>
            <ns3:hr>139</ns3:hr>
            <ns3:cad>89</ns3:cad>
          </ns3:TrackPointExtension>
        </extensions>
      </trkpt>
      <trkpt lat="24.48131360113620758056640625" lon="118.14746945165097713470458984375">
        <ele>37.799999237060546875</ele>
        <time>2025-04-05T12:07:23.000Z</time>
        <extensions>
          <ns3:TrackPointExtension>
            <ns3:hr>139</ns3:hr>
            <ns3:cad>89</ns3:cad>
          </ns3:TrackPointExtension>
        </extensions>
      </trkpt>
      <trkpt lat="24.48128409683704376220703125" lon="118.14746593125164508819580078125">
        <ele>37.799999237060546875</ele>
        <time>2025-04-05T12:07:24.000Z</time>
        <extensions>
          <ns3:TrackPointExtension>
            <ns3:hr>138</ns3:hr>
            <ns3:cad>89</ns3:cad>
          </ns3:TrackPointExtension>
        </extensions>
      </trkpt>
      <trkpt lat="24.48125869967043399810791015625" lon="118.14746685326099395751953125">
        <ele>37.799999237060546875</ele>
        <time>2025-04-05T12:07:25.000Z</time>
        <extensions>
          <ns3:TrackPointExtension>
            <ns3:hr>138</ns3:hr>
            <ns3:cad>89</ns3:cad>
          </ns3:TrackPointExtension>
        </extensions>
      </trkpt>
      <trkpt lat="24.48123053647577762603759765625" lon="118.147467859089374542236328125">
        <ele>38</ele>
        <time>2025-04-05T12:07:26.000Z</time>
        <extensions>
          <ns3:TrackPointExtension>
            <ns3:hr>138</ns3:hr>
            <ns3:cad>89</ns3:cad>
          </ns3:TrackPointExtension>
        </extensions>
      </trkpt>
      <trkpt lat="24.48120455257594585418701171875" lon="118.14746660180389881134033203125">
        <ele>38</ele>
        <time>2025-04-05T12:07:27.000Z</time>
        <extensions>
          <ns3:TrackPointExtension>
            <ns3:hr>139</ns3:hr>
            <ns3:cad>89</ns3:cad>
          </ns3:TrackPointExtension>
        </extensions>
      </trkpt>
      <trkpt lat="24.4811793230473995208740234375" lon="118.1474673561751842498779296875">
        <ele>38</ele>
        <time>2025-04-05T12:07:28.000Z</time>
        <extensions>
          <ns3:TrackPointExtension>
            <ns3:hr>139</ns3:hr>
            <ns3:cad>89</ns3:cad>
          </ns3:TrackPointExtension>
        </extensions>
      </trkpt>
      <trkpt lat="24.48115593753755092620849609375" lon="118.1474680267274379730224609375">
        <ele>38</ele>
        <time>2025-04-05T12:07:29.000Z</time>
        <extensions>
          <ns3:TrackPointExtension>
            <ns3:hr>139</ns3:hr>
            <ns3:cad>89</ns3:cad>
          </ns3:TrackPointExtension>
        </extensions>
      </trkpt>
      <trkpt lat="24.4811318814754486083984375" lon="118.1474703736603260040283203125">
        <ele>38</ele>
        <time>2025-04-05T12:07:30.000Z</time>
        <extensions>
          <ns3:TrackPointExtension>
            <ns3:hr>139</ns3:hr>
            <ns3:cad>88</ns3:cad>
          </ns3:TrackPointExtension>
        </extensions>
      </trkpt>
      <trkpt lat="24.4811112619936466217041015625" lon="118.14747146330773830413818359375">
        <ele>38</ele>
        <time>2025-04-05T12:07:31.000Z</time>
        <extensions>
          <ns3:TrackPointExtension>
            <ns3:hr>140</ns3:hr>
            <ns3:cad>88</ns3:cad>
          </ns3:TrackPointExtension>
        </extensions>
      </trkpt>
      <trkpt lat="24.48108427226543426513671875" lon="118.147471882402896881103515625">
        <ele>38</ele>
        <time>2025-04-05T12:07:32.000Z</time>
        <extensions>
          <ns3:TrackPointExtension>
            <ns3:hr>140</ns3:hr>
            <ns3:cad>88</ns3:cad>
          </ns3:TrackPointExtension>
        </extensions>
      </trkpt>
      <trkpt lat="24.48106273077428340911865234375" lon="118.14746945165097713470458984375">
        <ele>38</ele>
        <time>2025-04-05T12:07:33.000Z</time>
        <extensions>
          <ns3:TrackPointExtension>
            <ns3:hr>141</ns3:hr>
            <ns3:cad>88</ns3:cad>
          </ns3:TrackPointExtension>
        </extensions>
      </trkpt>
      <trkpt lat="24.4810375012457370758056640625" lon="118.1474676914513111114501953125">
        <ele>38</ele>
        <time>2025-04-05T12:07:34.000Z</time>
        <extensions>
          <ns3:TrackPointExtension>
            <ns3:hr>141</ns3:hr>
            <ns3:cad>89</ns3:cad>
          </ns3:TrackPointExtension>
        </extensions>
      </trkpt>
      <trkpt lat="24.48101319372653961181640625" lon="118.1474660150706768035888671875">
        <ele>38</ele>
        <time>2025-04-05T12:07:35.000Z</time>
        <extensions>
          <ns3:TrackPointExtension>
            <ns3:hr>141</ns3:hr>
            <ns3:cad>89</ns3:cad>
          </ns3:TrackPointExtension>
        </extensions>
      </trkpt>
      <trkpt lat="24.48098913766443729400634765625" lon="118.1474693678319454193115234375">
        <ele>38</ele>
        <time>2025-04-05T12:07:36.000Z</time>
        <extensions>
          <ns3:TrackPointExtension>
            <ns3:hr>140</ns3:hr>
            <ns3:cad>89</ns3:cad>
          </ns3:TrackPointExtension>
        </extensions>
      </trkpt>
      <trkpt lat="24.48096952401101589202880859375" lon="118.14746928401291370391845703125">
        <ele>38</ele>
        <time>2025-04-05T12:07:37.000Z</time>
        <extensions>
          <ns3:TrackPointExtension>
            <ns3:hr>140</ns3:hr>
            <ns3:cad>88</ns3:cad>
          </ns3:TrackPointExtension>
        </extensions>
      </trkpt>
      <trkpt lat="24.48094270192086696624755859375" lon="118.14746593125164508819580078125">
        <ele>38</ele>
        <time>2025-04-05T12:07:38.000Z</time>
        <extensions>
          <ns3:TrackPointExtension>
            <ns3:hr>140</ns3:hr>
            <ns3:cad>88</ns3:cad>
          </ns3:TrackPointExtension>
        </extensions>
      </trkpt>
      <trkpt lat="24.48092090897262096405029296875" lon="118.1474730558693408966064453125">
        <ele>38</ele>
        <time>2025-04-05T12:07:39.000Z</time>
        <extensions>
          <ns3:TrackPointExtension>
            <ns3:hr>140</ns3:hr>
            <ns3:cad>89</ns3:cad>
          </ns3:TrackPointExtension>
        </extensions>
      </trkpt>
      <trkpt lat="24.48088821955025196075439453125" lon="118.14746643416583538055419921875">
        <ele>38</ele>
        <time>2025-04-05T12:07:40.000Z</time>
        <extensions>
          <ns3:TrackPointExtension>
            <ns3:hr>141</ns3:hr>
            <ns3:cad>89</ns3:cad>
          </ns3:TrackPointExtension>
        </extensions>
      </trkpt>
      <trkpt lat="24.480867348611354827880859375" lon="118.14746945165097713470458984375">
        <ele>38.200000762939453125</ele>
        <time>2025-04-05T12:07:41.000Z</time>
        <extensions>
          <ns3:TrackPointExtension>
            <ns3:hr>141</ns3:hr>
            <ns3:cad>89</ns3:cad>
          </ns3:TrackPointExtension>
        </extensions>
      </trkpt>
      <trkpt lat="24.4808390177786350250244140625" lon="118.1474653445184230804443359375">
        <ele>38.200000762939453125</ele>
        <time>2025-04-05T12:07:42.000Z</time>
        <extensions>
          <ns3:TrackPointExtension>
            <ns3:hr>141</ns3:hr>
            <ns3:cad>88</ns3:cad>
          </ns3:TrackPointExtension>
        </extensions>
      </trkpt>
      <trkpt lat="24.4808168895542621612548828125" lon="118.14746743999421596527099609375">
        <ele>38.200000762939453125</ele>
        <time>2025-04-05T12:07:43.000Z</time>
        <extensions>
          <ns3:TrackPointExtension>
            <ns3:hr>141</ns3:hr>
            <ns3:cad>88</ns3:cad>
          </ns3:TrackPointExtension>
        </extensions>
      </trkpt>
      <trkpt lat="24.48079098947346210479736328125" lon="118.14746106974780559539794921875">
        <ele>38.200000762939453125</ele>
        <time>2025-04-05T12:07:44.000Z</time>
        <extensions>
          <ns3:TrackPointExtension>
            <ns3:hr>140</ns3:hr>
            <ns3:cad>88</ns3:cad>
          </ns3:TrackPointExtension>
        </extensions>
      </trkpt>
      <trkpt lat="24.48077045381069183349609375" lon="118.1474623270332813262939453125">
        <ele>38.200000762939453125</ele>
        <time>2025-04-05T12:07:45.000Z</time>
        <extensions>
          <ns3:TrackPointExtension>
            <ns3:hr>141</ns3:hr>
            <ns3:cad>88</ns3:cad>
          </ns3:TrackPointExtension>
        </extensions>
      </trkpt>
      <trkpt lat="24.48074773885309696197509765625" lon="118.14745754934847354888916015625">
        <ele>38.200000762939453125</ele>
        <time>2025-04-05T12:07:46.000Z</time>
        <extensions>
          <ns3:TrackPointExtension>
            <ns3:hr>141</ns3:hr>
            <ns3:cad>88</ns3:cad>
          </ns3:TrackPointExtension>
        </extensions>
      </trkpt>
      <trkpt lat="24.48073633946478366851806640625" lon="118.14745604060590267181396484375">
        <ele>38.200000762939453125</ele>
        <time>2025-04-05T12:07:47.000Z</time>
        <extensions>
          <ns3:TrackPointExtension>
            <ns3:hr>140</ns3:hr>
            <ns3:cad>88</ns3:cad>
          </ns3:TrackPointExtension>
        </extensions>
      </trkpt>
      <trkpt lat="24.4807179830968379974365234375" lon="118.14745570532977581024169921875">
        <ele>38.200000762939453125</ele>
        <time>2025-04-05T12:07:48.000Z</time>
        <extensions>
          <ns3:TrackPointExtension>
            <ns3:hr>140</ns3:hr>
            <ns3:cad>89</ns3:cad>
          </ns3:TrackPointExtension>
        </extensions>
      </trkpt>
      <trkpt lat="24.48069895617663860321044921875" lon="118.14745771698653697967529296875">
        <ele>38.200000762939453125</ele>
        <time>2025-04-05T12:07:49.000Z</time>
        <extensions>
          <ns3:TrackPointExtension>
            <ns3:hr>140</ns3:hr>
            <ns3:cad>90</ns3:cad>
          </ns3:TrackPointExtension>
        </extensions>
      </trkpt>
      <trkpt lat="24.4806774146854877471923828125" lon="118.1474619917571544647216796875">
        <ele>38.200000762939453125</ele>
        <time>2025-04-05T12:07:50.000Z</time>
        <extensions>
          <ns3:TrackPointExtension>
            <ns3:hr>141</ns3:hr>
            <ns3:cad>90</ns3:cad>
          </ns3:TrackPointExtension>
        </extensions>
      </trkpt>
      <trkpt lat="24.4806643389165401458740234375" lon="118.14746894873678684234619140625">
        <ele>38.200000762939453125</ele>
        <time>2025-04-05T12:07:51.000Z</time>
        <extensions>
          <ns3:TrackPointExtension>
            <ns3:hr>140</ns3:hr>
            <ns3:cad>88</ns3:cad>
          </ns3:TrackPointExtension>
        </extensions>
      </trkpt>
      <trkpt lat="24.4806435517966747283935546875" lon="118.14747028984129428863525390625">
        <ele>38.200000762939453125</ele>
        <time>2025-04-05T12:07:52.000Z</time>
        <extensions>
          <ns3:TrackPointExtension>
            <ns3:hr>140</ns3:hr>
            <ns3:cad>88</ns3:cad>
          </ns3:TrackPointExtension>
        </extensions>
      </trkpt>
      <trkpt lat="24.48062268085777759552001953125" lon="118.1474743969738483428955078125">
        <ele>38.200000762939453125</ele>
        <time>2025-04-05T12:07:53.000Z</time>
        <extensions>
          <ns3:TrackPointExtension>
            <ns3:hr>140</ns3:hr>
            <ns3:cad>89</ns3:cad>
          </ns3:TrackPointExtension>
        </extensions>
      </trkpt>
      <trkpt lat="24.480599127709865570068359375" lon="118.1474787555634975433349609375">
        <ele>38.200000762939453125</ele>
        <time>2025-04-05T12:07:54.000Z</time>
        <extensions>
          <ns3:TrackPointExtension>
            <ns3:hr>140</ns3:hr>
            <ns3:cad>89</ns3:cad>
          </ns3:TrackPointExtension>
        </extensions>
      </trkpt>
      <trkpt lat="24.48057926259934902191162109375" lon="118.1474794261157512664794921875">
        <ele>38.200000762939453125</ele>
        <time>2025-04-05T12:07:55.000Z</time>
        <extensions>
          <ns3:TrackPointExtension>
            <ns3:hr>139</ns3:hr>
            <ns3:cad>89</ns3:cad>
          </ns3:TrackPointExtension>
        </extensions>
      </trkpt>
      <trkpt lat="24.4805563800036907196044921875" lon="118.1474755704402923583984375">
        <ele>38.200000762939453125</ele>
        <time>2025-04-05T12:07:56.000Z</time>
        <extensions>
          <ns3:TrackPointExtension>
            <ns3:hr>139</ns3:hr>
            <ns3:cad>89</ns3:cad>
          </ns3:TrackPointExtension>
        </extensions>
      </trkpt>
      <trkpt lat="24.48052964173257350921630859375" lon="118.14747012220323085784912109375">
        <ele>38.200000762939453125</ele>
        <time>2025-04-05T12:07:57.000Z</time>
        <extensions>
          <ns3:TrackPointExtension>
            <ns3:hr>139</ns3:hr>
            <ns3:cad>89</ns3:cad>
          </ns3:TrackPointExtension>
        </extensions>
      </trkpt>
      <trkpt lat="24.48049862869083881378173828125" lon="118.147467188537120819091796875">
        <ele>38.200000762939453125</ele>
        <time>2025-04-05T12:07:58.000Z</time>
        <extensions>
          <ns3:TrackPointExtension>
            <ns3:hr>139</ns3:hr>
            <ns3:cad>89</ns3:cad>
          </ns3:TrackPointExtension>
        </extensions>
      </trkpt>
      <trkpt lat="24.48046468198299407958984375" lon="118.14745922572910785675048828125">
        <ele>38.40000152587890625</ele>
        <time>2025-04-05T12:07:59.000Z</time>
        <extensions>
          <ns3:TrackPointExtension>
            <ns3:hr>139</ns3:hr>
            <ns3:cad>89</ns3:cad>
          </ns3:TrackPointExtension>
        </extensions>
      </trkpt>
      <trkpt lat="24.48044230230152606964111328125" lon="118.147449083626270294189453125">
        <ele>38.40000152587890625</ele>
        <time>2025-04-05T12:08:00.000Z</time>
        <extensions>
          <ns3:TrackPointExtension>
            <ns3:hr>139</ns3:hr>
            <ns3:cad>89</ns3:cad>
          </ns3:TrackPointExtension>
        </extensions>
      </trkpt>
      <trkpt lat="24.480439536273479461669921875" lon="118.14742083661258220672607421875">
        <ele>38.40000152587890625</ele>
        <time>2025-04-05T12:08:01.000Z</time>
        <extensions>
          <ns3:TrackPointExtension>
            <ns3:hr>139</ns3:hr>
            <ns3:cad>88</ns3:cad>
          </ns3:TrackPointExtension>
        </extensions>
      </trkpt>
      <trkpt lat="24.4804299809038639068603515625" lon="118.14739502035081386566162109375">
        <ele>38.40000152587890625</ele>
        <time>2025-04-05T12:08:02.000Z</time>
        <extensions>
          <ns3:TrackPointExtension>
            <ns3:hr>139</ns3:hr>
            <ns3:cad>88</ns3:cad>
          </ns3:TrackPointExtension>
        </extensions>
      </trkpt>
      <trkpt lat="24.480416737496852874755859375" lon="118.1473573856055736541748046875">
        <ele>38.40000152587890625</ele>
        <time>2025-04-05T12:08:03.000Z</time>
        <extensions>
          <ns3:TrackPointExtension>
            <ns3:hr>138</ns3:hr>
            <ns3:cad>88</ns3:cad>
          </ns3:TrackPointExtension>
        </extensions>
      </trkpt>
      <trkpt lat="24.48040902614593505859375" lon="118.14733852632343769073486328125">
        <ele>38.40000152587890625</ele>
        <time>2025-04-05T12:08:04.000Z</time>
        <extensions>
          <ns3:TrackPointExtension>
            <ns3:hr>139</ns3:hr>
            <ns3:cad>88</ns3:cad>
          </ns3:TrackPointExtension>
        </extensions>
      </trkpt>
      <trkpt lat="24.4804024882614612579345703125" lon="118.147314973175525665283203125">
        <ele>38.40000152587890625</ele>
        <time>2025-04-05T12:08:05.000Z</time>
        <extensions>
          <ns3:TrackPointExtension>
            <ns3:hr>139</ns3:hr>
            <ns3:cad>87</ns3:cad>
          </ns3:TrackPointExtension>
        </extensions>
      </trkpt>
      <trkpt lat="24.48039469309151172637939453125" lon="118.1472987122833728790283203125">
        <ele>38.40000152587890625</ele>
        <time>2025-04-05T12:08:06.000Z</time>
        <extensions>
          <ns3:TrackPointExtension>
            <ns3:hr>139</ns3:hr>
            <ns3:cad>87</ns3:cad>
          </ns3:TrackPointExtension>
        </extensions>
      </trkpt>
      <trkpt lat="24.4803739897906780242919921875" lon="118.147286809980869293212890625">
        <ele>38.59999847412109375</ele>
        <time>2025-04-05T12:08:07.000Z</time>
        <extensions>
          <ns3:TrackPointExtension>
            <ns3:hr>140</ns3:hr>
            <ns3:cad>87</ns3:cad>
          </ns3:TrackPointExtension>
        </extensions>
      </trkpt>
      <trkpt lat="24.48034473694860935211181640625" lon="118.147287480533123016357421875">
        <ele>38.59999847412109375</ele>
        <time>2025-04-05T12:08:08.000Z</time>
        <extensions>
          <ns3:TrackPointExtension>
            <ns3:hr>140</ns3:hr>
            <ns3:cad>88</ns3:cad>
          </ns3:TrackPointExtension>
        </extensions>
      </trkpt>
      <trkpt lat="24.48031053878366947174072265625" lon="118.14729225821793079376220703125">
        <ele>38.59999847412109375</ele>
        <time>2025-04-05T12:08:09.000Z</time>
        <extensions>
          <ns3:TrackPointExtension>
            <ns3:hr>140</ns3:hr>
            <ns3:cad>88</ns3:cad>
          </ns3:TrackPointExtension>
        </extensions>
      </trkpt>
      <trkpt lat="24.48027692735195159912109375" lon="118.1472973711788654327392578125">
        <ele>38.59999847412109375</ele>
        <time>2025-04-05T12:08:10.000Z</time>
        <extensions>
          <ns3:TrackPointExtension>
            <ns3:hr>139</ns3:hr>
            <ns3:cad>88</ns3:cad>
          </ns3:TrackPointExtension>
        </extensions>
      </trkpt>
      <trkpt lat="24.480247087776660919189453125" lon="118.1473027355968952178955078125">
        <ele>38.799999237060546875</ele>
        <time>2025-04-05T12:08:11.000Z</time>
        <extensions>
          <ns3:TrackPointExtension>
            <ns3:hr>139</ns3:hr>
            <ns3:cad>87</ns3:cad>
          </ns3:TrackPointExtension>
        </extensions>
      </trkpt>
      <trkpt lat="24.4802160747349262237548828125" lon="118.14730231650173664093017578125">
        <ele>38.799999237060546875</ele>
        <time>2025-04-05T12:08:12.000Z</time>
        <extensions>
          <ns3:TrackPointExtension>
            <ns3:hr>139</ns3:hr>
            <ns3:cad>87</ns3:cad>
          </ns3:TrackPointExtension>
        </extensions>
      </trkpt>
      <trkpt lat="24.48019034229218959808349609375" lon="118.1473054178059101104736328125">
        <ele>38.799999237060546875</ele>
        <time>2025-04-05T12:08:13.000Z</time>
        <extensions>
          <ns3:TrackPointExtension>
            <ns3:hr>139</ns3:hr>
            <ns3:cad>87</ns3:cad>
          </ns3:TrackPointExtension>
        </extensions>
      </trkpt>
      <trkpt lat="24.480161927640438079833984375" lon="118.14730592072010040283203125">
        <ele>38.799999237060546875</ele>
        <time>2025-04-05T12:08:14.000Z</time>
        <extensions>
          <ns3:TrackPointExtension>
            <ns3:hr>139</ns3:hr>
            <ns3:cad>87</ns3:cad>
          </ns3:TrackPointExtension>
        </extensions>
      </trkpt>
      <trkpt lat="24.48014005087316036224365234375" lon="118.1473091058433055877685546875">
        <ele>38.799999237060546875</ele>
        <time>2025-04-05T12:08:15.000Z</time>
        <extensions>
          <ns3:TrackPointExtension>
            <ns3:hr>139</ns3:hr>
            <ns3:cad>87</ns3:cad>
          </ns3:TrackPointExtension>
        </extensions>
      </trkpt>
      <trkpt lat="24.48011331260204315185546875" lon="118.14731522463262081146240234375">
        <ele>38.799999237060546875</ele>
        <time>2025-04-05T12:08:16.000Z</time>
        <extensions>
          <ns3:TrackPointExtension>
            <ns3:hr>139</ns3:hr>
            <ns3:cad>88</ns3:cad>
          </ns3:TrackPointExtension>
        </extensions>
      </trkpt>
      <trkpt lat="24.4800913520157337188720703125" lon="118.1473124586045742034912109375">
        <ele>38.799999237060546875</ele>
        <time>2025-04-05T12:08:17.000Z</time>
        <extensions>
          <ns3:TrackPointExtension>
            <ns3:hr>139</ns3:hr>
            <ns3:cad>88</ns3:cad>
          </ns3:TrackPointExtension>
        </extensions>
      </trkpt>
      <trkpt lat="24.480067379772663116455078125" lon="118.14731103368103504180908203125">
        <ele>38.799999237060546875</ele>
        <time>2025-04-05T12:08:18.000Z</time>
        <extensions>
          <ns3:TrackPointExtension>
            <ns3:hr>138</ns3:hr>
            <ns3:cad>88</ns3:cad>
          </ns3:TrackPointExtension>
        </extensions>
      </trkpt>
      <trkpt lat="24.48004734702408313751220703125" lon="118.14730650745332241058349609375">
        <ele>38.799999237060546875</ele>
        <time>2025-04-05T12:08:19.000Z</time>
        <extensions>
          <ns3:TrackPointExtension>
            <ns3:hr>139</ns3:hr>
            <ns3:cad>88</ns3:cad>
          </ns3:TrackPointExtension>
        </extensions>
      </trkpt>
      <trkpt lat="24.4800266437232494354248046875" lon="118.14730868674814701080322265625">
        <ele>39</ele>
        <time>2025-04-05T12:08:20.000Z</time>
        <extensions>
          <ns3:TrackPointExtension>
            <ns3:hr>139</ns3:hr>
            <ns3:cad>88</ns3:cad>
          </ns3:TrackPointExtension>
        </extensions>
      </trkpt>
      <trkpt lat="24.48001675307750701904296875" lon="118.1473067589104175567626953125">
        <ele>39</ele>
        <time>2025-04-05T12:08:21.000Z</time>
        <extensions>
          <ns3:TrackPointExtension>
            <ns3:hr>138</ns3:hr>
            <ns3:cad>88</ns3:cad>
          </ns3:TrackPointExtension>
        </extensions>
      </trkpt>
      <trkpt lat="24.4799957983195781707763671875" lon="118.14730533398687839508056640625">
        <ele>39</ele>
        <time>2025-04-05T12:08:22.000Z</time>
        <extensions>
          <ns3:TrackPointExtension>
            <ns3:hr>139</ns3:hr>
            <ns3:cad>88</ns3:cad>
          </ns3:TrackPointExtension>
        </extensions>
      </trkpt>
      <trkpt lat="24.4799807108938694000244140625" lon="118.14731187187135219573974609375">
        <ele>39</ele>
        <time>2025-04-05T12:08:23.000Z</time>
        <extensions>
          <ns3:TrackPointExtension>
            <ns3:hr>139</ns3:hr>
            <ns3:cad>88</ns3:cad>
          </ns3:TrackPointExtension>
        </extensions>
      </trkpt>
      <trkpt lat="24.4799495302140712738037109375" lon="118.14731237478554248809814453125">
        <ele>39</ele>
        <time>2025-04-05T12:08:24.000Z</time>
        <extensions>
          <ns3:TrackPointExtension>
            <ns3:hr>138</ns3:hr>
            <ns3:cad>88</ns3:cad>
          </ns3:TrackPointExtension>
        </extensions>
      </trkpt>
      <trkpt lat="24.4799307547509670257568359375" lon="118.147312290966510772705078125">
        <ele>39</ele>
        <time>2025-04-05T12:08:25.000Z</time>
        <extensions>
          <ns3:TrackPointExtension>
            <ns3:hr>139</ns3:hr>
            <ns3:cad>88</ns3:cad>
          </ns3:TrackPointExtension>
        </extensions>
      </trkpt>
      <trkpt lat="24.47989261709153652191162109375" lon="118.14731203950941562652587890625">
        <ele>39.200000762939453125</ele>
        <time>2025-04-05T12:08:26.000Z</time>
        <extensions>
          <ns3:TrackPointExtension>
            <ns3:hr>139</ns3:hr>
            <ns3:cad>88</ns3:cad>
          </ns3:TrackPointExtension>
        </extensions>
      </trkpt>
      <trkpt lat="24.4798673875629901885986328125" lon="118.14731388352811336517333984375">
        <ele>39.200000762939453125</ele>
        <time>2025-04-05T12:08:27.000Z</time>
        <extensions>
          <ns3:TrackPointExtension>
            <ns3:hr>138</ns3:hr>
            <ns3:cad>88</ns3:cad>
          </ns3:TrackPointExtension>
        </extensions>
      </trkpt>
      <trkpt lat="24.4798338599503040313720703125" lon="118.14730885438621044158935546875">
        <ele>39.200000762939453125</ele>
        <time>2025-04-05T12:08:28.000Z</time>
        <extensions>
          <ns3:TrackPointExtension>
            <ns3:hr>138</ns3:hr>
            <ns3:cad>88</ns3:cad>
          </ns3:TrackPointExtension>
        </extensions>
      </trkpt>
      <trkpt lat="24.4798120670020580291748046875" lon="118.14730457961559295654296875">
        <ele>39.200000762939453125</ele>
        <time>2025-04-05T12:08:29.000Z</time>
        <extensions>
          <ns3:TrackPointExtension>
            <ns3:hr>138</ns3:hr>
            <ns3:cad>88</ns3:cad>
          </ns3:TrackPointExtension>
        </extensions>
      </trkpt>
      <trkpt lat="24.47978482581675052642822265625" lon="118.1472946889698505401611328125">
        <ele>39.200000762939453125</ele>
        <time>2025-04-05T12:08:30.000Z</time>
        <extensions>
          <ns3:TrackPointExtension>
            <ns3:hr>139</ns3:hr>
            <ns3:cad>88</ns3:cad>
          </ns3:TrackPointExtension>
        </extensions>
      </trkpt>
      <trkpt lat="24.47976169176399707794189453125" lon="118.1472920067608356475830078125">
        <ele>39.200000762939453125</ele>
        <time>2025-04-05T12:08:31.000Z</time>
        <extensions>
          <ns3:TrackPointExtension>
            <ns3:hr>138</ns3:hr>
            <ns3:cad>88</ns3:cad>
          </ns3:TrackPointExtension>
        </extensions>
      </trkpt>
      <trkpt lat="24.4797309301793575286865234375" lon="118.147286139428615570068359375">
        <ele>39.200000762939453125</ele>
        <time>2025-04-05T12:08:32.000Z</time>
        <extensions>
          <ns3:TrackPointExtension>
            <ns3:hr>138</ns3:hr>
            <ns3:cad>88</ns3:cad>
          </ns3:TrackPointExtension>
        </extensions>
      </trkpt>
      <trkpt lat="24.479706622660160064697265625" lon="118.14728454686701297760009765625">
        <ele>39.200000762939453125</ele>
        <time>2025-04-05T12:08:33.000Z</time>
        <extensions>
          <ns3:TrackPointExtension>
            <ns3:hr>139</ns3:hr>
            <ns3:cad>88</ns3:cad>
          </ns3:TrackPointExtension>
        </extensions>
      </trkpt>
      <trkpt lat="24.47967334650456905364990234375" lon="118.14728312194347381591796875">
        <ele>39.200000762939453125</ele>
        <time>2025-04-05T12:08:34.000Z</time>
        <extensions>
          <ns3:TrackPointExtension>
            <ns3:hr>139</ns3:hr>
            <ns3:cad>88</ns3:cad>
          </ns3:TrackPointExtension>
        </extensions>
      </trkpt>
      <trkpt lat="24.47964803315699100494384765625" lon="118.1472816132009029388427734375">
        <ele>39.40000152587890625</ele>
        <time>2025-04-05T12:08:35.000Z</time>
        <extensions>
          <ns3:TrackPointExtension>
            <ns3:hr>140</ns3:hr>
            <ns3:cad>88</ns3:cad>
          </ns3:TrackPointExtension>
        </extensions>
      </trkpt>
      <trkpt lat="24.47961634956300258636474609375" lon="118.147282786667346954345703125">
        <ele>39.40000152587890625</ele>
        <time>2025-04-05T12:08:36.000Z</time>
        <extensions>
          <ns3:TrackPointExtension>
            <ns3:hr>140</ns3:hr>
            <ns3:cad>88</ns3:cad>
          </ns3:TrackPointExtension>
        </extensions>
      </trkpt>
      <trkpt lat="24.479587934911251068115234375" lon="118.14728303812444210052490234375">
        <ele>39.40000152587890625</ele>
        <time>2025-04-05T12:08:37.000Z</time>
        <extensions>
          <ns3:TrackPointExtension>
            <ns3:hr>140</ns3:hr>
            <ns3:cad>88</ns3:cad>
          </ns3:TrackPointExtension>
        </extensions>
      </trkpt>
      <trkpt lat="24.47956203483045101165771484375" lon="118.14728572033345699310302734375">
        <ele>39.40000152587890625</ele>
        <time>2025-04-05T12:08:38.000Z</time>
        <extensions>
          <ns3:TrackPointExtension>
            <ns3:hr>141</ns3:hr>
            <ns3:cad>88</ns3:cad>
          </ns3:TrackPointExtension>
        </extensions>
      </trkpt>
      <trkpt lat="24.47953454218804836273193359375" lon="118.147286809980869293212890625">
        <ele>39.40000152587890625</ele>
        <time>2025-04-05T12:08:39.000Z</time>
        <extensions>
          <ns3:TrackPointExtension>
            <ns3:hr>141</ns3:hr>
            <ns3:cad>89</ns3:cad>
          </ns3:TrackPointExtension>
        </extensions>
      </trkpt>
      <trkpt lat="24.47951115667819976806640625" lon="118.1472883187234401702880859375">
        <ele>39.40000152587890625</ele>
        <time>2025-04-05T12:08:40.000Z</time>
        <extensions>
          <ns3:TrackPointExtension>
            <ns3:hr>141</ns3:hr>
            <ns3:cad>89</ns3:cad>
          </ns3:TrackPointExtension>
        </extensions>
      </trkpt>
      <trkpt lat="24.47948458604514598846435546875" lon="118.1472853012382984161376953125">
        <ele>39.40000152587890625</ele>
        <time>2025-04-05T12:08:41.000Z</time>
        <extensions>
          <ns3:TrackPointExtension>
            <ns3:hr>142</ns3:hr>
            <ns3:cad>88</ns3:cad>
          </ns3:TrackPointExtension>
        </extensions>
      </trkpt>
      <trkpt lat="24.47945994324982166290283203125" lon="118.14728186465799808502197265625">
        <ele>39.40000152587890625</ele>
        <time>2025-04-05T12:08:42.000Z</time>
        <extensions>
          <ns3:TrackPointExtension>
            <ns3:hr>142</ns3:hr>
            <ns3:cad>88</ns3:cad>
          </ns3:TrackPointExtension>
        </extensions>
      </trkpt>
      <trkpt lat="24.47943228296935558319091796875" lon="118.147276081144809722900390625">
        <ele>39.59999847412109375</ele>
        <time>2025-04-05T12:08:43.000Z</time>
        <extensions>
          <ns3:TrackPointExtension>
            <ns3:hr>142</ns3:hr>
            <ns3:cad>88</ns3:cad>
          </ns3:TrackPointExtension>
        </extensions>
      </trkpt>
      <trkpt lat="24.47941057384014129638671875" lon="118.14727784134447574615478515625">
        <ele>39.59999847412109375</ele>
        <time>2025-04-05T12:08:44.000Z</time>
        <extensions>
          <ns3:TrackPointExtension>
            <ns3:hr>142</ns3:hr>
            <ns3:cad>88</ns3:cad>
          </ns3:TrackPointExtension>
        </extensions>
      </trkpt>
      <trkpt lat="24.47938467375934123992919921875" lon="118.1472782604396343231201171875">
        <ele>39.59999847412109375</ele>
        <time>2025-04-05T12:08:45.000Z</time>
        <extensions>
          <ns3:TrackPointExtension>
            <ns3:hr>142</ns3:hr>
            <ns3:cad>88</ns3:cad>
          </ns3:TrackPointExtension>
        </extensions>
      </trkpt>
      <trkpt lat="24.4793684966862201690673828125" lon="118.14728002063930034637451171875">
        <ele>39.59999847412109375</ele>
        <time>2025-04-05T12:08:46.000Z</time>
        <extensions>
          <ns3:TrackPointExtension>
            <ns3:hr>142</ns3:hr>
            <ns3:cad>88</ns3:cad>
          </ns3:TrackPointExtension>
        </extensions>
      </trkpt>
      <trkpt lat="24.47934444062411785125732421875" lon="118.14727633260190486907958984375">
        <ele>39.799999237060546875</ele>
        <time>2025-04-05T12:08:47.000Z</time>
        <extensions>
          <ns3:TrackPointExtension>
            <ns3:hr>142</ns3:hr>
            <ns3:cad>88</ns3:cad>
          </ns3:TrackPointExtension>
        </extensions>
      </trkpt>
      <trkpt lat="24.479329101741313934326171875" lon="118.147277422249317169189453125">
        <ele>39.799999237060546875</ele>
        <time>2025-04-05T12:08:48.000Z</time>
        <extensions>
          <ns3:TrackPointExtension>
            <ns3:hr>141</ns3:hr>
            <ns3:cad>88</ns3:cad>
          </ns3:TrackPointExtension>
        </extensions>
      </trkpt>
      <trkpt lat="24.479302950203418731689453125" lon="118.147272057831287384033203125">
        <ele>39.799999237060546875</ele>
        <time>2025-04-05T12:08:49.000Z</time>
        <extensions>
          <ns3:TrackPointExtension>
            <ns3:hr>141</ns3:hr>
            <ns3:cad>88</ns3:cad>
          </ns3:TrackPointExtension>
        </extensions>
      </trkpt>
      <trkpt lat="24.47928182780742645263671875" lon="118.1472668610513210296630859375">
        <ele>39.799999237060546875</ele>
        <time>2025-04-05T12:08:50.000Z</time>
        <extensions>
          <ns3:TrackPointExtension>
            <ns3:hr>140</ns3:hr>
            <ns3:cad>88</ns3:cad>
          </ns3:TrackPointExtension>
        </extensions>
      </trkpt>
      <trkpt lat="24.47925106622278690338134765625" lon="118.1472635082900524139404296875">
        <ele>39.799999237060546875</ele>
        <time>2025-04-05T12:08:51.000Z</time>
        <extensions>
          <ns3:TrackPointExtension>
            <ns3:hr>140</ns3:hr>
            <ns3:cad>88</ns3:cad>
          </ns3:TrackPointExtension>
        </extensions>
      </trkpt>
      <trkpt lat="24.4792330451309680938720703125" lon="118.147264011204242706298828125">
        <ele>39.799999237060546875</ele>
        <time>2025-04-05T12:08:52.000Z</time>
        <extensions>
          <ns3:TrackPointExtension>
            <ns3:hr>140</ns3:hr>
            <ns3:cad>88</ns3:cad>
          </ns3:TrackPointExtension>
        </extensions>
      </trkpt>
      <trkpt lat="24.47920613922178745269775390625" lon="118.1472604908049106597900390625">
        <ele>39.799999237060546875</ele>
        <time>2025-04-05T12:08:53.000Z</time>
        <extensions>
          <ns3:TrackPointExtension>
            <ns3:hr>140</ns3:hr>
            <ns3:cad>88</ns3:cad>
          </ns3:TrackPointExtension>
        </extensions>
      </trkpt>
      <trkpt lat="24.47918769903481006622314453125" lon="118.14725856296718120574951171875">
        <ele>39.799999237060546875</ele>
        <time>2025-04-05T12:08:54.000Z</time>
        <extensions>
          <ns3:TrackPointExtension>
            <ns3:hr>140</ns3:hr>
            <ns3:cad>89</ns3:cad>
          </ns3:TrackPointExtension>
        </extensions>
      </trkpt>
      <trkpt lat="24.4791524112224578857421875" lon="118.1472571380436420440673828125">
        <ele>39.799999237060546875</ele>
        <time>2025-04-05T12:08:55.000Z</time>
        <extensions>
          <ns3:TrackPointExtension>
            <ns3:hr>140</ns3:hr>
            <ns3:cad>89</ns3:cad>
          </ns3:TrackPointExtension>
        </extensions>
      </trkpt>
      <trkpt lat="24.47913070209324359893798828125" lon="118.14725697040557861328125">
        <ele>39.799999237060546875</ele>
        <time>2025-04-05T12:08:56.000Z</time>
        <extensions>
          <ns3:TrackPointExtension>
            <ns3:hr>140</ns3:hr>
            <ns3:cad>89</ns3:cad>
          </ns3:TrackPointExtension>
        </extensions>
      </trkpt>
      <trkpt lat="24.47910077869892120361328125" lon="118.1472544558346271514892578125">
        <ele>39.799999237060546875</ele>
        <time>2025-04-05T12:08:57.000Z</time>
        <extensions>
          <ns3:TrackPointExtension>
            <ns3:hr>140</ns3:hr>
            <ns3:cad>89</ns3:cad>
          </ns3:TrackPointExtension>
        </extensions>
      </trkpt>
      <trkpt lat="24.47908309288322925567626953125" lon="118.1472517736256122589111328125">
        <ele>39.799999237060546875</ele>
        <time>2025-04-05T12:08:58.000Z</time>
        <extensions>
          <ns3:TrackPointExtension>
            <ns3:hr>140</ns3:hr>
            <ns3:cad>89</ns3:cad>
          </ns3:TrackPointExtension>
        </extensions>
      </trkpt>
      <trkpt lat="24.47904621250927448272705078125" lon="118.14724682830274105072021484375">
        <ele>39.799999237060546875</ele>
        <time>2025-04-05T12:08:59.000Z</time>
        <extensions>
          <ns3:TrackPointExtension>
            <ns3:hr>141</ns3:hr>
            <ns3:cad>89</ns3:cad>
          </ns3:TrackPointExtension>
        </extensions>
      </trkpt>
      <trkpt lat="24.47902643121778964996337890625" lon="118.1472443975508213043212890625">
        <ele>40</ele>
        <time>2025-04-05T12:09:00.000Z</time>
        <extensions>
          <ns3:TrackPointExtension>
            <ns3:hr>141</ns3:hr>
            <ns3:cad>89</ns3:cad>
          </ns3:TrackPointExtension>
        </extensions>
      </trkpt>
      <trkpt lat="24.4789995253086090087890625" lon="118.1472366861999034881591796875">
        <ele>40</ele>
        <time>2025-04-05T12:09:01.000Z</time>
        <extensions>
          <ns3:TrackPointExtension>
            <ns3:hr>141</ns3:hr>
            <ns3:cad>89</ns3:cad>
          </ns3:TrackPointExtension>
        </extensions>
      </trkpt>
      <trkpt lat="24.4789768941700458526611328125" lon="118.1472341716289520263671875">
        <ele>39.799999237060546875</ele>
        <time>2025-04-05T12:09:02.000Z</time>
        <extensions>
          <ns3:TrackPointExtension>
            <ns3:hr>141</ns3:hr>
            <ns3:cad>89</ns3:cad>
          </ns3:TrackPointExtension>
        </extensions>
      </trkpt>
      <trkpt lat="24.4789507426321506500244140625" lon="118.14723257906734943389892578125">
        <ele>39.799999237060546875</ele>
        <time>2025-04-05T12:09:03.000Z</time>
        <extensions>
          <ns3:TrackPointExtension>
            <ns3:hr>141</ns3:hr>
            <ns3:cad>89</ns3:cad>
          </ns3:TrackPointExtension>
        </extensions>
      </trkpt>
      <trkpt lat="24.47893171571195125579833984375" lon="118.1472353450953960418701171875">
        <ele>39.799999237060546875</ele>
        <time>2025-04-05T12:09:04.000Z</time>
        <extensions>
          <ns3:TrackPointExtension>
            <ns3:hr>141</ns3:hr>
            <ns3:cad>89</ns3:cad>
          </ns3:TrackPointExtension>
        </extensions>
      </trkpt>
      <trkpt lat="24.47890170849859714508056640625" lon="118.1472316570580005645751953125">
        <ele>39.799999237060546875</ele>
        <time>2025-04-05T12:09:05.000Z</time>
        <extensions>
          <ns3:TrackPointExtension>
            <ns3:hr>141</ns3:hr>
            <ns3:cad>89</ns3:cad>
          </ns3:TrackPointExtension>
        </extensions>
      </trkpt>
      <trkpt lat="24.47887924499809741973876953125" lon="118.147235848009586334228515625">
        <ele>39.799999237060546875</ele>
        <time>2025-04-05T12:09:06.000Z</time>
        <extensions>
          <ns3:TrackPointExtension>
            <ns3:hr>141</ns3:hr>
            <ns3:cad>89</ns3:cad>
          </ns3:TrackPointExtension>
        </extensions>
      </trkpt>
      <trkpt lat="24.47885158471763134002685546875" lon="118.1472346745431423187255859375">
        <ele>39.799999237060546875</ele>
        <time>2025-04-05T12:09:07.000Z</time>
        <extensions>
          <ns3:TrackPointExtension>
            <ns3:hr>141</ns3:hr>
            <ns3:cad>89</ns3:cad>
          </ns3:TrackPointExtension>
        </extensions>
      </trkpt>
      <trkpt lat="24.47883213870227336883544921875" lon="118.14723459072411060333251953125">
        <ele>40</ele>
        <time>2025-04-05T12:09:08.000Z</time>
        <extensions>
          <ns3:TrackPointExtension>
            <ns3:hr>140</ns3:hr>
            <ns3:cad>90</ns3:cad>
          </ns3:TrackPointExtension>
        </extensions>
      </trkpt>
      <trkpt lat="24.47880095802247524261474609375" lon="118.14723257906734943389892578125">
        <ele>40.200000762939453125</ele>
        <time>2025-04-05T12:09:09.000Z</time>
        <extensions>
          <ns3:TrackPointExtension>
            <ns3:hr>141</ns3:hr>
            <ns3:cad>90</ns3:cad>
          </ns3:TrackPointExtension>
        </extensions>
      </trkpt>
      <trkpt lat="24.47877849452197551727294921875" lon="118.14722822047770023345947265625">
        <ele>40.200000762939453125</ele>
        <time>2025-04-05T12:09:10.000Z</time>
        <extensions>
          <ns3:TrackPointExtension>
            <ns3:hr>140</ns3:hr>
            <ns3:cad>89</ns3:cad>
          </ns3:TrackPointExtension>
        </extensions>
      </trkpt>
      <trkpt lat="24.4787489064037799835205078125" lon="118.14722989685833454132080078125">
        <ele>40.200000762939453125</ele>
        <time>2025-04-05T12:09:11.000Z</time>
        <extensions>
          <ns3:TrackPointExtension>
            <ns3:hr>140</ns3:hr>
            <ns3:cad>89</ns3:cad>
          </ns3:TrackPointExtension>
        </extensions>
      </trkpt>
      <trkpt lat="24.47872937656939029693603515625" lon="118.14722151495516300201416015625">
        <ele>40.200000762939453125</ele>
        <time>2025-04-05T12:09:12.000Z</time>
        <extensions>
          <ns3:TrackPointExtension>
            <ns3:hr>140</ns3:hr>
            <ns3:cad>89</ns3:cad>
          </ns3:TrackPointExtension>
        </extensions>
      </trkpt>
      <trkpt lat="24.4787016324698925018310546875" lon="118.1472115404903888702392578125">
        <ele>40.200000762939453125</ele>
        <time>2025-04-05T12:09:13.000Z</time>
        <extensions>
          <ns3:TrackPointExtension>
            <ns3:hr>140</ns3:hr>
            <ns3:cad>89</ns3:cad>
          </ns3:TrackPointExtension>
        </extensions>
      </trkpt>
      <trkpt lat="24.47868210263550281524658203125" lon="118.14720994792878627777099609375">
        <ele>40.200000762939453125</ele>
        <time>2025-04-05T12:09:14.000Z</time>
        <extensions>
          <ns3:TrackPointExtension>
            <ns3:hr>140</ns3:hr>
            <ns3:cad>88</ns3:cad>
          </ns3:TrackPointExtension>
        </extensions>
      </trkpt>
      <trkpt lat="24.478658549487590789794921875" lon="118.1472162343561649322509765625">
        <ele>40.200000762939453125</ele>
        <time>2025-04-05T12:09:15.000Z</time>
        <extensions>
          <ns3:TrackPointExtension>
            <ns3:hr>140</ns3:hr>
            <ns3:cad>88</ns3:cad>
          </ns3:TrackPointExtension>
        </extensions>
      </trkpt>
      <trkpt lat="24.47863264940679073333740234375" lon="118.14721900038421154022216796875">
        <ele>40.40000152587890625</ele>
        <time>2025-04-05T12:09:16.000Z</time>
        <extensions>
          <ns3:TrackPointExtension>
            <ns3:hr>140</ns3:hr>
            <ns3:cad>88</ns3:cad>
          </ns3:TrackPointExtension>
        </extensions>
      </trkpt>
      <trkpt lat="24.47860348038375377655029296875" lon="118.14721933566033840179443359375">
        <ele>40.40000152587890625</ele>
        <time>2025-04-05T12:09:17.000Z</time>
        <extensions>
          <ns3:TrackPointExtension>
            <ns3:hr>140</ns3:hr>
            <ns3:cad>89</ns3:cad>
          </ns3:TrackPointExtension>
        </extensions>
      </trkpt>
      <trkpt lat="24.4785789214074611663818359375" lon="118.1472189165651798248291015625">
        <ele>40.40000152587890625</ele>
        <time>2025-04-05T12:09:18.000Z</time>
        <extensions>
          <ns3:TrackPointExtension>
            <ns3:hr>139</ns3:hr>
            <ns3:cad>89</ns3:cad>
          </ns3:TrackPointExtension>
        </extensions>
      </trkpt>
      <trkpt lat="24.47855184786021709442138671875" lon="118.14722117967903614044189453125">
        <ele>40.40000152587890625</ele>
        <time>2025-04-05T12:09:19.000Z</time>
        <extensions>
          <ns3:TrackPointExtension>
            <ns3:hr>139</ns3:hr>
            <ns3:cad>88</ns3:cad>
          </ns3:TrackPointExtension>
        </extensions>
      </trkpt>
      <trkpt lat="24.4785259477794170379638671875" lon="118.14721816219389438629150390625">
        <ele>40.40000152587890625</ele>
        <time>2025-04-05T12:09:20.000Z</time>
        <extensions>
          <ns3:TrackPointExtension>
            <ns3:hr>139</ns3:hr>
            <ns3:cad>88</ns3:cad>
          </ns3:TrackPointExtension>
        </extensions>
      </trkpt>
      <trkpt lat="24.4785031490027904510498046875" lon="118.14722302369773387908935546875">
        <ele>40.40000152587890625</ele>
        <time>2025-04-05T12:09:21.000Z</time>
        <extensions>
          <ns3:TrackPointExtension>
            <ns3:hr>140</ns3:hr>
            <ns3:cad>88</ns3:cad>
          </ns3:TrackPointExtension>
        </extensions>
      </trkpt>
      <trkpt lat="24.47847984731197357177734375" lon="118.1472209282219409942626953125">
        <ele>40.40000152587890625</ele>
        <time>2025-04-05T12:09:22.000Z</time>
        <extensions>
          <ns3:TrackPointExtension>
            <ns3:hr>139</ns3:hr>
            <ns3:cad>88</ns3:cad>
          </ns3:TrackPointExtension>
        </extensions>
      </trkpt>
      <trkpt lat="24.478454701602458953857421875" lon="118.1472172401845455169677734375">
        <ele>40.40000152587890625</ele>
        <time>2025-04-05T12:09:23.000Z</time>
        <extensions>
          <ns3:TrackPointExtension>
            <ns3:hr>140</ns3:hr>
            <ns3:cad>89</ns3:cad>
          </ns3:TrackPointExtension>
        </extensions>
      </trkpt>
      <trkpt lat="24.4784300588071346282958984375" lon="118.1472138874232769012451171875">
        <ele>40.40000152587890625</ele>
        <time>2025-04-05T12:09:24.000Z</time>
        <extensions>
          <ns3:TrackPointExtension>
            <ns3:hr>140</ns3:hr>
            <ns3:cad>89</ns3:cad>
          </ns3:TrackPointExtension>
        </extensions>
      </trkpt>
      <trkpt lat="24.47840851731598377227783203125" lon="118.14720877446234226226806640625">
        <ele>40.40000152587890625</ele>
        <time>2025-04-05T12:09:25.000Z</time>
        <extensions>
          <ns3:TrackPointExtension>
            <ns3:hr>140</ns3:hr>
            <ns3:cad>89</ns3:cad>
          </ns3:TrackPointExtension>
        </extensions>
      </trkpt>
      <trkpt lat="24.4783888198435306549072265625" lon="118.14720625989139080047607421875">
        <ele>40.40000152587890625</ele>
        <time>2025-04-05T12:09:26.000Z</time>
        <extensions>
          <ns3:TrackPointExtension>
            <ns3:hr>140</ns3:hr>
            <ns3:cad>89</ns3:cad>
          </ns3:TrackPointExtension>
        </extensions>
      </trkpt>
      <trkpt lat="24.47836979292333126068115234375" lon="118.14720391295850276947021484375">
        <ele>40.40000152587890625</ele>
        <time>2025-04-05T12:09:27.000Z</time>
        <extensions>
          <ns3:TrackPointExtension>
            <ns3:hr>139</ns3:hr>
            <ns3:cad>89</ns3:cad>
          </ns3:TrackPointExtension>
        </extensions>
      </trkpt>
      <trkpt lat="24.47834548540413379669189453125" lon="118.147200979292392730712890625">
        <ele>40.40000152587890625</ele>
        <time>2025-04-05T12:09:28.000Z</time>
        <extensions>
          <ns3:TrackPointExtension>
            <ns3:hr>140</ns3:hr>
            <ns3:cad>89</ns3:cad>
          </ns3:TrackPointExtension>
        </extensions>
      </trkpt>
      <trkpt lat="24.4783209264278411865234375" lon="118.147194944322109222412109375">
        <ele>40.40000152587890625</ele>
        <time>2025-04-05T12:09:29.000Z</time>
        <extensions>
          <ns3:TrackPointExtension>
            <ns3:hr>140</ns3:hr>
            <ns3:cad>89</ns3:cad>
          </ns3:TrackPointExtension>
        </extensions>
      </trkpt>
      <trkpt lat="24.47829821147024631500244140625" lon="118.14718798734247684478759765625">
        <ele>40.40000152587890625</ele>
        <time>2025-04-05T12:09:30.000Z</time>
        <extensions>
          <ns3:TrackPointExtension>
            <ns3:hr>139</ns3:hr>
            <ns3:cad>89</ns3:cad>
          </ns3:TrackPointExtension>
        </extensions>
      </trkpt>
      <trkpt lat="24.47827440686523914337158203125" lon="118.14718396402895450592041015625">
        <ele>40.40000152587890625</ele>
        <time>2025-04-05T12:09:31.000Z</time>
        <extensions>
          <ns3:TrackPointExtension>
            <ns3:hr>140</ns3:hr>
            <ns3:cad>89</ns3:cad>
          </ns3:TrackPointExtension>
        </extensions>
      </trkpt>
      <trkpt lat="24.47825160808861255645751953125" lon="118.1471756659448146820068359375">
        <ele>40.59999847412109375</ele>
        <time>2025-04-05T12:09:32.000Z</time>
        <extensions>
          <ns3:TrackPointExtension>
            <ns3:hr>139</ns3:hr>
            <ns3:cad>89</ns3:cad>
          </ns3:TrackPointExtension>
        </extensions>
      </trkpt>
      <trkpt lat="24.4782288931310176849365234375" lon="118.147171474993228912353515625">
        <ele>40.59999847412109375</ele>
        <time>2025-04-05T12:09:33.000Z</time>
        <extensions>
          <ns3:TrackPointExtension>
            <ns3:hr>139</ns3:hr>
            <ns3:cad>89</ns3:cad>
          </ns3:TrackPointExtension>
        </extensions>
      </trkpt>
      <trkpt lat="24.4782055914402008056640625" lon="118.1471666134893894195556640625">
        <ele>40.59999847412109375</ele>
        <time>2025-04-05T12:09:34.000Z</time>
        <extensions>
          <ns3:TrackPointExtension>
            <ns3:hr>139</ns3:hr>
            <ns3:cad>89</ns3:cad>
          </ns3:TrackPointExtension>
        </extensions>
      </trkpt>
      <trkpt lat="24.478183798491954803466796875" lon="118.14716150052845478057861328125">
        <ele>40.59999847412109375</ele>
        <time>2025-04-05T12:09:35.000Z</time>
        <extensions>
          <ns3:TrackPointExtension>
            <ns3:hr>139</ns3:hr>
            <ns3:cad>89</ns3:cad>
          </ns3:TrackPointExtension>
        </extensions>
      </trkpt>
      <trkpt lat="24.47816225700080394744873046875" lon="118.14715881831943988800048828125">
        <ele>40.59999847412109375</ele>
        <time>2025-04-05T12:09:36.000Z</time>
        <extensions>
          <ns3:TrackPointExtension>
            <ns3:hr>139</ns3:hr>
            <ns3:cad>89</ns3:cad>
          </ns3:TrackPointExtension>
        </extensions>
      </trkpt>
      <trkpt lat="24.47813929058611392974853515625" lon="118.1471537053585052490234375">
        <ele>40.59999847412109375</ele>
        <time>2025-04-05T12:09:37.000Z</time>
        <extensions>
          <ns3:TrackPointExtension>
            <ns3:hr>140</ns3:hr>
            <ns3:cad>89</ns3:cad>
          </ns3:TrackPointExtension>
        </extensions>
      </trkpt>
      <trkpt lat="24.4781165756285190582275390625" lon="118.1471510231494903564453125">
        <ele>40.799999237060546875</ele>
        <time>2025-04-05T12:09:38.000Z</time>
        <extensions>
          <ns3:TrackPointExtension>
            <ns3:hr>139</ns3:hr>
            <ns3:cad>89</ns3:cad>
          </ns3:TrackPointExtension>
        </extensions>
      </trkpt>
      <trkpt lat="24.47809084318578243255615234375" lon="118.14714909531176090240478515625">
        <ele>40.799999237060546875</ele>
        <time>2025-04-05T12:09:39.000Z</time>
        <extensions>
          <ns3:TrackPointExtension>
            <ns3:hr>139</ns3:hr>
            <ns3:cad>89</ns3:cad>
          </ns3:TrackPointExtension>
        </extensions>
      </trkpt>
      <trkpt lat="24.4780666194856166839599609375" lon="118.14714632928371429443359375">
        <ele>40.799999237060546875</ele>
        <time>2025-04-05T12:09:40.000Z</time>
        <extensions>
          <ns3:TrackPointExtension>
            <ns3:hr>139</ns3:hr>
            <ns3:cad>89</ns3:cad>
          </ns3:TrackPointExtension>
        </extensions>
      </trkpt>
      <trkpt lat="24.47803921066224575042724609375" lon="118.14714004285633563995361328125">
        <ele>40.799999237060546875</ele>
        <time>2025-04-05T12:09:41.000Z</time>
        <extensions>
          <ns3:TrackPointExtension>
            <ns3:hr>139</ns3:hr>
            <ns3:cad>89</ns3:cad>
          </ns3:TrackPointExtension>
        </extensions>
      </trkpt>
      <trkpt lat="24.47801473550498485565185546875" lon="118.14713291823863983154296875">
        <ele>40.799999237060546875</ele>
        <time>2025-04-05T12:09:42.000Z</time>
        <extensions>
          <ns3:TrackPointExtension>
            <ns3:hr>139</ns3:hr>
            <ns3:cad>89</ns3:cad>
          </ns3:TrackPointExtension>
        </extensions>
      </trkpt>
      <trkpt lat="24.47799344547092914581298828125" lon="118.1471293978393077850341796875">
        <ele>40.799999237060546875</ele>
        <time>2025-04-05T12:09:43.000Z</time>
        <extensions>
          <ns3:TrackPointExtension>
            <ns3:hr>140</ns3:hr>
            <ns3:cad>89</ns3:cad>
          </ns3:TrackPointExtension>
        </extensions>
      </trkpt>
      <trkpt lat="24.47796863503754138946533203125" lon="118.147123865783214569091796875">
        <ele>40.799999237060546875</ele>
        <time>2025-04-05T12:09:44.000Z</time>
        <extensions>
          <ns3:TrackPointExtension>
            <ns3:hr>140</ns3:hr>
            <ns3:cad>90</ns3:cad>
          </ns3:TrackPointExtension>
        </extensions>
      </trkpt>
      <trkpt lat="24.47794499807059764862060546875" lon="118.1471179984509944915771484375">
        <ele>40.799999237060546875</ele>
        <time>2025-04-05T12:09:45.000Z</time>
        <extensions>
          <ns3:TrackPointExtension>
            <ns3:hr>140</ns3:hr>
            <ns3:cad>89</ns3:cad>
          </ns3:TrackPointExtension>
        </extensions>
      </trkpt>
      <trkpt lat="24.47792404331266880035400390625" lon="118.1471226923167705535888671875">
        <ele>40.799999237060546875</ele>
        <time>2025-04-05T12:09:46.000Z</time>
        <extensions>
          <ns3:TrackPointExtension>
            <ns3:hr>140</ns3:hr>
            <ns3:cad>89</ns3:cad>
          </ns3:TrackPointExtension>
        </extensions>
      </trkpt>
      <trkpt lat="24.47790208272635936737060546875" lon="118.1471200101077556610107421875">
        <ele>40.799999237060546875</ele>
        <time>2025-04-05T12:09:47.000Z</time>
        <extensions>
          <ns3:TrackPointExtension>
            <ns3:hr>139</ns3:hr>
            <ns3:cad>89</ns3:cad>
          </ns3:TrackPointExtension>
        </extensions>
      </trkpt>
      <trkpt lat="24.47787903249263763427734375" lon="118.1471106223762035369873046875">
        <ele>40.799999237060546875</ele>
        <time>2025-04-05T12:09:48.000Z</time>
        <extensions>
          <ns3:TrackPointExtension>
            <ns3:hr>140</ns3:hr>
            <ns3:cad>89</ns3:cad>
          </ns3:TrackPointExtension>
        </extensions>
      </trkpt>
      <trkpt lat="24.47786050848662853240966796875" lon="118.14710450358688831329345703125">
        <ele>40.799999237060546875</ele>
        <time>2025-04-05T12:09:49.000Z</time>
        <extensions>
          <ns3:TrackPointExtension>
            <ns3:hr>140</ns3:hr>
            <ns3:cad>89</ns3:cad>
          </ns3:TrackPointExtension>
        </extensions>
      </trkpt>
      <trkpt lat="24.47783351875841617584228515625" lon="118.14709679223597049713134765625">
        <ele>40.799999237060546875</ele>
        <time>2025-04-05T12:09:50.000Z</time>
        <extensions>
          <ns3:TrackPointExtension>
            <ns3:hr>140</ns3:hr>
            <ns3:cad>89</ns3:cad>
          </ns3:TrackPointExtension>
        </extensions>
      </trkpt>
      <trkpt lat="24.47780854068696498870849609375" lon="118.147086985409259796142578125">
        <ele>40.799999237060546875</ele>
        <time>2025-04-05T12:09:51.000Z</time>
        <extensions>
          <ns3:TrackPointExtension>
            <ns3:hr>140</ns3:hr>
            <ns3:cad>89</ns3:cad>
          </ns3:TrackPointExtension>
        </extensions>
      </trkpt>
      <trkpt lat="24.477775096893310546875" lon="118.14708505757153034210205078125">
        <ele>40.799999237060546875</ele>
        <time>2025-04-05T12:09:52.000Z</time>
        <extensions>
          <ns3:TrackPointExtension>
            <ns3:hr>139</ns3:hr>
            <ns3:cad>89</ns3:cad>
          </ns3:TrackPointExtension>
        </extensions>
      </trkpt>
      <trkpt lat="24.47774752043187618255615234375" lon="118.1470774300396442413330078125">
        <ele>40.799999237060546875</ele>
        <time>2025-04-05T12:09:53.000Z</time>
        <extensions>
          <ns3:TrackPointExtension>
            <ns3:hr>140</ns3:hr>
            <ns3:cad>89</ns3:cad>
          </ns3:TrackPointExtension>
        </extensions>
      </trkpt>
      <trkpt lat="24.47771600447595119476318359375" lon="118.1470660306513309478759765625">
        <ele>40.799999237060546875</ele>
        <time>2025-04-05T12:09:54.000Z</time>
        <extensions>
          <ns3:TrackPointExtension>
            <ns3:hr>140</ns3:hr>
            <ns3:cad>89</ns3:cad>
          </ns3:TrackPointExtension>
        </extensions>
      </trkpt>
      <trkpt lat="24.47768968529999256134033203125" lon="118.14706443808972835540771484375">
        <ele>40.799999237060546875</ele>
        <time>2025-04-05T12:09:55.000Z</time>
        <extensions>
          <ns3:TrackPointExtension>
            <ns3:hr>140</ns3:hr>
            <ns3:cad>89</ns3:cad>
          </ns3:TrackPointExtension>
        </extensions>
      </trkpt>
      <trkpt lat="24.47766185738146305084228515625" lon="118.14705639146268367767333984375">
        <ele>40.799999237060546875</ele>
        <time>2025-04-05T12:09:56.000Z</time>
        <extensions>
          <ns3:TrackPointExtension>
            <ns3:hr>139</ns3:hr>
            <ns3:cad>89</ns3:cad>
          </ns3:TrackPointExtension>
        </extensions>
      </trkpt>
      <trkpt lat="24.47763604111969470977783203125" lon="118.14704842865467071533203125">
        <ele>40.799999237060546875</ele>
        <time>2025-04-05T12:09:57.000Z</time>
        <extensions>
          <ns3:TrackPointExtension>
            <ns3:hr>140</ns3:hr>
            <ns3:cad>89</ns3:cad>
          </ns3:TrackPointExtension>
        </extensions>
      </trkpt>
      <trkpt lat="24.4776076264679431915283203125" lon="118.14703778363764286041259765625">
        <ele>40.799999237060546875</ele>
        <time>2025-04-05T12:09:58.000Z</time>
        <extensions>
          <ns3:TrackPointExtension>
            <ns3:hr>140</ns3:hr>
            <ns3:cad>89</ns3:cad>
          </ns3:TrackPointExtension>
        </extensions>
      </trkpt>
      <trkpt lat="24.4775844924151897430419921875" lon="118.14703392796218395233154296875">
        <ele>40.799999237060546875</ele>
        <time>2025-04-05T12:09:59.000Z</time>
        <extensions>
          <ns3:TrackPointExtension>
            <ns3:hr>140</ns3:hr>
            <ns3:cad>89</ns3:cad>
          </ns3:TrackPointExtension>
        </extensions>
      </trkpt>
      <trkpt lat="24.47755557484924793243408203125" lon="118.14702588133513927459716796875">
        <ele>40.799999237060546875</ele>
        <time>2025-04-05T12:10:00.000Z</time>
        <extensions>
          <ns3:TrackPointExtension>
            <ns3:hr>140</ns3:hr>
            <ns3:cad>89</ns3:cad>
          </ns3:TrackPointExtension>
        </extensions>
      </trkpt>
      <trkpt lat="24.4775345362722873687744140625" lon="118.14702135510742664337158203125">
        <ele>40.799999237060546875</ele>
        <time>2025-04-05T12:10:01.000Z</time>
        <extensions>
          <ns3:TrackPointExtension>
            <ns3:hr>140</ns3:hr>
            <ns3:cad>89</ns3:cad>
          </ns3:TrackPointExtension>
        </extensions>
      </trkpt>
      <trkpt lat="24.47750964201986789703369140625" lon="118.147015906870365142822265625">
        <ele>40.799999237060546875</ele>
        <time>2025-04-05T12:10:02.000Z</time>
        <extensions>
          <ns3:TrackPointExtension>
            <ns3:hr>141</ns3:hr>
            <ns3:cad>89</ns3:cad>
          </ns3:TrackPointExtension>
        </extensions>
      </trkpt>
      <trkpt lat="24.47748986072838306427001953125" lon="118.14701490104198455810546875">
        <ele>40.799999237060546875</ele>
        <time>2025-04-05T12:10:03.000Z</time>
        <extensions>
          <ns3:TrackPointExtension>
            <ns3:hr>141</ns3:hr>
            <ns3:cad>89</ns3:cad>
          </ns3:TrackPointExtension>
        </extensions>
      </trkpt>
      <trkpt lat="24.477463625371456146240234375" lon="118.1470046751201152801513671875">
        <ele>41</ele>
        <time>2025-04-05T12:10:04.000Z</time>
        <extensions>
          <ns3:TrackPointExtension>
            <ns3:hr>141</ns3:hr>
            <ns3:cad>89</ns3:cad>
          </ns3:TrackPointExtension>
        </extensions>
      </trkpt>
      <trkpt lat="24.4774420000612735748291015625" lon="118.14699671231210231781005859375">
        <ele>41</ele>
        <time>2025-04-05T12:10:05.000Z</time>
        <extensions>
          <ns3:TrackPointExtension>
            <ns3:hr>142</ns3:hr>
            <ns3:cad>89</ns3:cad>
          </ns3:TrackPointExtension>
        </extensions>
      </trkpt>
      <trkpt lat="24.4774161837995052337646484375" lon="118.14698807895183563232421875">
        <ele>41</ele>
        <time>2025-04-05T12:10:06.000Z</time>
        <extensions>
          <ns3:TrackPointExtension>
            <ns3:hr>142</ns3:hr>
            <ns3:cad>89</ns3:cad>
          </ns3:TrackPointExtension>
        </extensions>
      </trkpt>
      <trkpt lat="24.47739296592772006988525390625" lon="118.14698279835283756256103515625">
        <ele>41</ele>
        <time>2025-04-05T12:10:07.000Z</time>
        <extensions>
          <ns3:TrackPointExtension>
            <ns3:hr>142</ns3:hr>
            <ns3:cad>89</ns3:cad>
          </ns3:TrackPointExtension>
        </extensions>
      </trkpt>
      <trkpt lat="24.47736782021820545196533203125" lon="118.1469751708209514617919921875">
        <ele>41</ele>
        <time>2025-04-05T12:10:08.000Z</time>
        <extensions>
          <ns3:TrackPointExtension>
            <ns3:hr>142</ns3:hr>
            <ns3:cad>88</ns3:cad>
          </ns3:TrackPointExtension>
        </extensions>
      </trkpt>
      <trkpt lat="24.47735005058348178863525390625" lon="118.14696519635617733001708984375">
        <ele>41</ele>
        <time>2025-04-05T12:10:09.000Z</time>
        <extensions>
          <ns3:TrackPointExtension>
            <ns3:hr>143</ns3:hr>
            <ns3:cad>88</ns3:cad>
          </ns3:TrackPointExtension>
        </extensions>
      </trkpt>
      <trkpt lat="24.4773270003497600555419921875" lon="118.14695832319557666778564453125">
        <ele>41</ele>
        <time>2025-04-05T12:10:10.000Z</time>
        <extensions>
          <ns3:TrackPointExtension>
            <ns3:hr>142</ns3:hr>
            <ns3:cad>89</ns3:cad>
          </ns3:TrackPointExtension>
        </extensions>
      </trkpt>
      <trkpt lat="24.47731233201920986175537109375" lon="118.14695111475884914398193359375">
        <ele>41</ele>
        <time>2025-04-05T12:10:11.000Z</time>
        <extensions>
          <ns3:TrackPointExtension>
            <ns3:hr>142</ns3:hr>
            <ns3:cad>89</ns3:cad>
          </ns3:TrackPointExtension>
        </extensions>
      </trkpt>
      <trkpt lat="24.47729439474642276763916015625" lon="118.14693653024733066558837890625">
        <ele>41.200000762939453125</ele>
        <time>2025-04-05T12:10:12.000Z</time>
        <extensions>
          <ns3:TrackPointExtension>
            <ns3:hr>142</ns3:hr>
            <ns3:cad>89</ns3:cad>
          </ns3:TrackPointExtension>
        </extensions>
      </trkpt>
      <trkpt lat="24.47727260179817676544189453125" lon="118.14692965708673000335693359375">
        <ele>41.200000762939453125</ele>
        <time>2025-04-05T12:10:13.000Z</time>
        <extensions>
          <ns3:TrackPointExtension>
            <ns3:hr>142</ns3:hr>
            <ns3:cad>89</ns3:cad>
          </ns3:TrackPointExtension>
        </extensions>
      </trkpt>
      <trkpt lat="24.47724946774542331695556640625" lon="118.1469176709651947021484375">
        <ele>41.200000762939453125</ele>
        <time>2025-04-05T12:10:14.000Z</time>
        <extensions>
          <ns3:TrackPointExtension>
            <ns3:hr>142</ns3:hr>
            <ns3:cad>89</ns3:cad>
          </ns3:TrackPointExtension>
        </extensions>
      </trkpt>
      <trkpt lat="24.477229602634906768798828125" lon="118.14690803177654743194580078125">
        <ele>41.200000762939453125</ele>
        <time>2025-04-05T12:10:15.000Z</time>
        <extensions>
          <ns3:TrackPointExtension>
            <ns3:hr>142</ns3:hr>
            <ns3:cad>89</ns3:cad>
          </ns3:TrackPointExtension>
        </extensions>
      </trkpt>
      <trkpt lat="24.4772086478769779205322265625" lon="118.1468930281698703765869140625">
        <ele>41.200000762939453125</ele>
        <time>2025-04-05T12:10:16.000Z</time>
        <extensions>
          <ns3:TrackPointExtension>
            <ns3:hr>142</ns3:hr>
            <ns3:cad>89</ns3:cad>
          </ns3:TrackPointExtension>
        </extensions>
      </trkpt>
      <trkpt lat="24.4771895371377468109130859375" lon="118.1468796171247959136962890625">
        <ele>41.200000762939453125</ele>
        <time>2025-04-05T12:10:17.000Z</time>
        <extensions>
          <ns3:TrackPointExtension>
            <ns3:hr>142</ns3:hr>
            <ns3:cad>89</ns3:cad>
          </ns3:TrackPointExtension>
        </extensions>
      </trkpt>
      <trkpt lat="24.4771714322268962860107421875" lon="118.14686092548072338104248046875">
        <ele>41.200000762939453125</ele>
        <time>2025-04-05T12:10:18.000Z</time>
        <extensions>
          <ns3:TrackPointExtension>
            <ns3:hr>142</ns3:hr>
            <ns3:cad>89</ns3:cad>
          </ns3:TrackPointExtension>
        </extensions>
      </trkpt>
      <trkpt lat="24.47715357877314090728759765625" lon="118.146846257150173187255859375">
        <ele>41.200000762939453125</ele>
        <time>2025-04-05T12:10:19.000Z</time>
        <extensions>
          <ns3:TrackPointExtension>
            <ns3:hr>143</ns3:hr>
            <ns3:cad>89</ns3:cad>
          </ns3:TrackPointExtension>
        </extensions>
      </trkpt>
      <trkpt lat="24.47713337838649749755859375" lon="118.14683695323765277862548828125">
        <ele>41.200000762939453125</ele>
        <time>2025-04-05T12:10:20.000Z</time>
        <extensions>
          <ns3:TrackPointExtension>
            <ns3:hr>144</ns3:hr>
            <ns3:cad>88</ns3:cad>
          </ns3:TrackPointExtension>
        </extensions>
      </trkpt>
      <trkpt lat="24.477112926542758941650390625" lon="118.1468293257057666778564453125">
        <ele>41.200000762939453125</ele>
        <time>2025-04-05T12:10:21.000Z</time>
        <extensions>
          <ns3:TrackPointExtension>
            <ns3:hr>144</ns3:hr>
            <ns3:cad>88</ns3:cad>
          </ns3:TrackPointExtension>
        </extensions>
      </trkpt>
      <trkpt lat="24.477088451385498046875" lon="118.14682002179324626922607421875">
        <ele>41.200000762939453125</ele>
        <time>2025-04-05T12:10:22.000Z</time>
        <extensions>
          <ns3:TrackPointExtension>
            <ns3:hr>144</ns3:hr>
            <ns3:cad>88</ns3:cad>
          </ns3:TrackPointExtension>
        </extensions>
      </trkpt>
      <trkpt lat="24.4770661555230617523193359375" lon="118.146813400089740753173828125">
        <ele>41</ele>
        <time>2025-04-05T12:10:23.000Z</time>
        <extensions>
          <ns3:TrackPointExtension>
            <ns3:hr>144</ns3:hr>
            <ns3:cad>88</ns3:cad>
          </ns3:TrackPointExtension>
        </extensions>
      </trkpt>
      <trkpt lat="24.47704352438449859619140625" lon="118.14680174924433231353759765625">
        <ele>41</ele>
        <time>2025-04-05T12:10:24.000Z</time>
        <extensions>
          <ns3:TrackPointExtension>
            <ns3:hr>143</ns3:hr>
            <ns3:cad>89</ns3:cad>
          </ns3:TrackPointExtension>
        </extensions>
      </trkpt>
      <trkpt lat="24.47702600620687007904052734375" lon="118.14679269678890705108642578125">
        <ele>41</ele>
        <time>2025-04-05T12:10:25.000Z</time>
        <extensions>
          <ns3:TrackPointExtension>
            <ns3:hr>143</ns3:hr>
            <ns3:cad>89</ns3:cad>
          </ns3:TrackPointExtension>
        </extensions>
      </trkpt>
      <trkpt lat="24.47700806893408298492431640625" lon="118.1467793695628643035888671875">
        <ele>41</ele>
        <time>2025-04-05T12:10:26.000Z</time>
        <extensions>
          <ns3:TrackPointExtension>
            <ns3:hr>143</ns3:hr>
            <ns3:cad>89</ns3:cad>
          </ns3:TrackPointExtension>
        </extensions>
      </trkpt>
      <trkpt lat="24.47698694653809070587158203125" lon="118.1467729993164539337158203125">
        <ele>41</ele>
        <time>2025-04-05T12:10:27.000Z</time>
        <extensions>
          <ns3:TrackPointExtension>
            <ns3:hr>143</ns3:hr>
            <ns3:cad>89</ns3:cad>
          </ns3:TrackPointExtension>
        </extensions>
      </trkpt>
      <trkpt lat="24.47696842253208160400390625" lon="118.146761767566204071044921875">
        <ele>41</ele>
        <time>2025-04-05T12:10:28.000Z</time>
        <extensions>
          <ns3:TrackPointExtension>
            <ns3:hr>143</ns3:hr>
            <ns3:cad>88</ns3:cad>
          </ns3:TrackPointExtension>
        </extensions>
      </trkpt>
      <trkpt lat="24.47694830596446990966796875" lon="118.146749027073383331298828125">
        <ele>41</ele>
        <time>2025-04-05T12:10:29.000Z</time>
        <extensions>
          <ns3:TrackPointExtension>
            <ns3:hr>142</ns3:hr>
            <ns3:cad>88</ns3:cad>
          </ns3:TrackPointExtension>
        </extensions>
      </trkpt>
      <trkpt lat="24.476931877434253692626953125" lon="118.14674156717956066131591796875">
        <ele>40.799999237060546875</ele>
        <time>2025-04-05T12:10:30.000Z</time>
        <extensions>
          <ns3:TrackPointExtension>
            <ns3:hr>142</ns3:hr>
            <ns3:cad>88</ns3:cad>
          </ns3:TrackPointExtension>
        </extensions>
      </trkpt>
      <trkpt lat="24.4769127666950225830078125" lon="118.14673268236219882965087890625">
        <ele>40.799999237060546875</ele>
        <time>2025-04-05T12:10:31.000Z</time>
        <extensions>
          <ns3:TrackPointExtension>
            <ns3:hr>142</ns3:hr>
            <ns3:cad>88</ns3:cad>
          </ns3:TrackPointExtension>
        </extensions>
      </trkpt>
      <trkpt lat="24.4768891297280788421630859375" lon="118.1467245519161224365234375">
        <ele>40.799999237060546875</ele>
        <time>2025-04-05T12:10:32.000Z</time>
        <extensions>
          <ns3:TrackPointExtension>
            <ns3:hr>141</ns3:hr>
            <ns3:cad>87</ns3:cad>
          </ns3:TrackPointExtension>
        </extensions>
      </trkpt>
      <trkpt lat="24.47686239145696163177490234375" lon="118.14671273343265056610107421875">
        <ele>40.799999237060546875</ele>
        <time>2025-04-05T12:10:33.000Z</time>
        <extensions>
          <ns3:TrackPointExtension>
            <ns3:hr>141</ns3:hr>
            <ns3:cad>87</ns3:cad>
          </ns3:TrackPointExtension>
        </extensions>
      </trkpt>
      <trkpt lat="24.47683556936681270599365234375" lon="118.14670451916754245758056640625">
        <ele>40.59999847412109375</ele>
        <time>2025-04-05T12:10:34.000Z</time>
        <extensions>
          <ns3:TrackPointExtension>
            <ns3:hr>142</ns3:hr>
            <ns3:cad>88</ns3:cad>
          </ns3:TrackPointExtension>
        </extensions>
      </trkpt>
      <trkpt lat="24.4768103398382663726806640625" lon="118.14669437706470489501953125">
        <ele>40.59999847412109375</ele>
        <time>2025-04-05T12:10:35.000Z</time>
        <extensions>
          <ns3:TrackPointExtension>
            <ns3:hr>142</ns3:hr>
            <ns3:cad>88</ns3:cad>
          </ns3:TrackPointExtension>
        </extensions>
      </trkpt>
      <trkpt lat="24.47678879834711551666259765625" lon="118.146684654057025909423828125">
        <ele>40.59999847412109375</ele>
        <time>2025-04-05T12:10:36.000Z</time>
        <extensions>
          <ns3:TrackPointExtension>
            <ns3:hr>142</ns3:hr>
            <ns3:cad>88</ns3:cad>
          </ns3:TrackPointExtension>
        </extensions>
      </trkpt>
      <trkpt lat="24.4767670892179012298583984375" lon="118.14667484723031520843505859375">
        <ele>40.59999847412109375</ele>
        <time>2025-04-05T12:10:37.000Z</time>
        <extensions>
          <ns3:TrackPointExtension>
            <ns3:hr>141</ns3:hr>
            <ns3:cad>88</ns3:cad>
          </ns3:TrackPointExtension>
        </extensions>
      </trkpt>
      <trkpt lat="24.4767486490309238433837890625" lon="118.14666613005101680755615234375">
        <ele>40.59999847412109375</ele>
        <time>2025-04-05T12:10:38.000Z</time>
        <extensions>
          <ns3:TrackPointExtension>
            <ns3:hr>142</ns3:hr>
            <ns3:cad>88</ns3:cad>
          </ns3:TrackPointExtension>
        </extensions>
      </trkpt>
      <trkpt lat="24.47672660462558269500732421875" lon="118.146651796996593475341796875">
        <ele>40.40000152587890625</ele>
        <time>2025-04-05T12:10:39.000Z</time>
        <extensions>
          <ns3:TrackPointExtension>
            <ns3:hr>141</ns3:hr>
            <ns3:cad>88</ns3:cad>
          </ns3:TrackPointExtension>
        </extensions>
      </trkpt>
      <trkpt lat="24.47670766152441501617431640625" lon="118.146639727056026458740234375">
        <ele>40.40000152587890625</ele>
        <time>2025-04-05T12:10:40.000Z</time>
        <extensions>
          <ns3:TrackPointExtension>
            <ns3:hr>141</ns3:hr>
            <ns3:cad>88</ns3:cad>
          </ns3:TrackPointExtension>
        </extensions>
      </trkpt>
      <trkpt lat="24.4766852818429470062255859375" lon="118.1466279923915863037109375">
        <ele>40.40000152587890625</ele>
        <time>2025-04-05T12:10:41.000Z</time>
        <extensions>
          <ns3:TrackPointExtension>
            <ns3:hr>141</ns3:hr>
            <ns3:cad>88</ns3:cad>
          </ns3:TrackPointExtension>
        </extensions>
      </trkpt>
      <trkpt lat="24.47666667401790618896484375" lon="118.14661952666938304901123046875">
        <ele>40.40000152587890625</ele>
        <time>2025-04-05T12:10:42.000Z</time>
        <extensions>
          <ns3:TrackPointExtension>
            <ns3:hr>141</ns3:hr>
            <ns3:cad>88</ns3:cad>
          </ns3:TrackPointExtension>
        </extensions>
      </trkpt>
      <trkpt lat="24.4766433723270893096923828125" lon="118.146605528891086578369140625">
        <ele>40.200000762939453125</ele>
        <time>2025-04-05T12:10:43.000Z</time>
        <extensions>
          <ns3:TrackPointExtension>
            <ns3:hr>140</ns3:hr>
            <ns3:cad>88</ns3:cad>
          </ns3:TrackPointExtension>
        </extensions>
      </trkpt>
      <trkpt lat="24.47662618942558765411376953125" lon="118.14659320749342441558837890625">
        <ele>40.200000762939453125</ele>
        <time>2025-04-05T12:10:44.000Z</time>
        <extensions>
          <ns3:TrackPointExtension>
            <ns3:hr>140</ns3:hr>
            <ns3:cad>88</ns3:cad>
          </ns3:TrackPointExtension>
        </extensions>
      </trkpt>
      <trkpt lat="24.47660523466765880584716796875" lon="118.14658281393349170684814453125">
        <ele>40.200000762939453125</ele>
        <time>2025-04-05T12:10:45.000Z</time>
        <extensions>
          <ns3:TrackPointExtension>
            <ns3:hr>140</ns3:hr>
            <ns3:cad>88</ns3:cad>
          </ns3:TrackPointExtension>
        </extensions>
      </trkpt>
      <trkpt lat="24.476586543023586273193359375" lon="118.146573342382907867431640625">
        <ele>40.200000762939453125</ele>
        <time>2025-04-05T12:10:46.000Z</time>
        <extensions>
          <ns3:TrackPointExtension>
            <ns3:hr>140</ns3:hr>
            <ns3:cad>88</ns3:cad>
          </ns3:TrackPointExtension>
        </extensions>
      </trkpt>
      <trkpt lat="24.4765667617321014404296875" lon="118.146562613546848297119140625">
        <ele>40.200000762939453125</ele>
        <time>2025-04-05T12:10:47.000Z</time>
        <extensions>
          <ns3:TrackPointExtension>
            <ns3:hr>140</ns3:hr>
            <ns3:cad>88</ns3:cad>
          </ns3:TrackPointExtension>
        </extensions>
      </trkpt>
      <trkpt lat="24.47654723189771175384521484375" lon="118.14655314199626445770263671875">
        <ele>40</ele>
        <time>2025-04-05T12:10:48.000Z</time>
        <extensions>
          <ns3:TrackPointExtension>
            <ns3:hr>140</ns3:hr>
            <ns3:cad>88</ns3:cad>
          </ns3:TrackPointExtension>
        </extensions>
      </trkpt>
      <trkpt lat="24.47652325965464115142822265625" lon="118.14654425717890262603759765625">
        <ele>40</ele>
        <time>2025-04-05T12:10:49.000Z</time>
        <extensions>
          <ns3:TrackPointExtension>
            <ns3:hr>139</ns3:hr>
            <ns3:cad>88</ns3:cad>
          </ns3:TrackPointExtension>
        </extensions>
      </trkpt>
      <trkpt lat="24.47650364600121974945068359375" lon="118.1465322710573673248291015625">
        <ele>40</ele>
        <time>2025-04-05T12:10:50.000Z</time>
        <extensions>
          <ns3:TrackPointExtension>
            <ns3:hr>140</ns3:hr>
            <ns3:cad>88</ns3:cad>
          </ns3:TrackPointExtension>
        </extensions>
      </trkpt>
      <trkpt lat="24.4764800928533077239990234375" lon="118.14652531407773494720458984375">
        <ele>40</ele>
        <time>2025-04-05T12:10:51.000Z</time>
        <extensions>
          <ns3:TrackPointExtension>
            <ns3:hr>140</ns3:hr>
            <ns3:cad>89</ns3:cad>
          </ns3:TrackPointExtension>
        </extensions>
      </trkpt>
      <trkpt lat="24.47645871900022029876708984375" lon="118.14651307649910449981689453125">
        <ele>40</ele>
        <time>2025-04-05T12:10:52.000Z</time>
        <extensions>
          <ns3:TrackPointExtension>
            <ns3:hr>139</ns3:hr>
            <ns3:cad>89</ns3:cad>
          </ns3:TrackPointExtension>
        </extensions>
      </trkpt>
      <trkpt lat="24.4764425419270992279052734375" lon="118.1465027667582035064697265625">
        <ele>40</ele>
        <time>2025-04-05T12:10:53.000Z</time>
        <extensions>
          <ns3:TrackPointExtension>
            <ns3:hr>140</ns3:hr>
            <ns3:cad>89</ns3:cad>
          </ns3:TrackPointExtension>
        </extensions>
      </trkpt>
      <trkpt lat="24.476418234407901763916015625" lon="118.14648960717022418975830078125">
        <ele>40</ele>
        <time>2025-04-05T12:10:54.000Z</time>
        <extensions>
          <ns3:TrackPointExtension>
            <ns3:hr>140</ns3:hr>
            <ns3:cad>88</ns3:cad>
          </ns3:TrackPointExtension>
        </extensions>
      </trkpt>
      <trkpt lat="24.4763986207544803619384765625" lon="118.14648055471479892730712890625">
        <ele>40</ele>
        <time>2025-04-05T12:10:55.000Z</time>
        <extensions>
          <ns3:TrackPointExtension>
            <ns3:hr>139</ns3:hr>
            <ns3:cad>88</ns3:cad>
          </ns3:TrackPointExtension>
        </extensions>
      </trkpt>
      <trkpt lat="24.476372301578521728515625" lon="118.14646127633750438690185546875">
        <ele>40.200000762939453125</ele>
        <time>2025-04-05T12:10:56.000Z</time>
        <extensions>
          <ns3:TrackPointExtension>
            <ns3:hr>139</ns3:hr>
            <ns3:cad>88</ns3:cad>
          </ns3:TrackPointExtension>
        </extensions>
      </trkpt>
      <trkpt lat="24.47635176591575145721435546875" lon="118.14645373262465000152587890625">
        <ele>40</ele>
        <time>2025-04-05T12:10:57.000Z</time>
        <extensions>
          <ns3:TrackPointExtension>
            <ns3:hr>139</ns3:hr>
            <ns3:cad>88</ns3:cad>
          </ns3:TrackPointExtension>
        </extensions>
      </trkpt>
      <trkpt lat="24.47632662020623683929443359375" lon="118.1464375555515289306640625">
        <ele>40</ele>
        <time>2025-04-05T12:10:58.000Z</time>
        <extensions>
          <ns3:TrackPointExtension>
            <ns3:hr>139</ns3:hr>
            <ns3:cad>87</ns3:cad>
          </ns3:TrackPointExtension>
        </extensions>
      </trkpt>
      <trkpt lat="24.47630750946700572967529296875" lon="118.14642154611647129058837890625">
        <ele>40</ele>
        <time>2025-04-05T12:10:59.000Z</time>
        <extensions>
          <ns3:TrackPointExtension>
            <ns3:hr>140</ns3:hr>
            <ns3:cad>87</ns3:cad>
          </ns3:TrackPointExtension>
        </extensions>
      </trkpt>
      <trkpt lat="24.47628219611942768096923828125" lon="118.146409057080745697021484375">
        <ele>40</ele>
        <time>2025-04-05T12:11:00.000Z</time>
        <extensions>
          <ns3:TrackPointExtension>
            <ns3:hr>139</ns3:hr>
            <ns3:cad>88</ns3:cad>
          </ns3:TrackPointExtension>
        </extensions>
      </trkpt>
      <trkpt lat="24.476262666285037994384765625" lon="118.146394304931163787841796875">
        <ele>40</ele>
        <time>2025-04-05T12:11:01.000Z</time>
        <extensions>
          <ns3:TrackPointExtension>
            <ns3:hr>139</ns3:hr>
            <ns3:cad>88</ns3:cad>
          </ns3:TrackPointExtension>
        </extensions>
      </trkpt>
      <trkpt lat="24.47623928077518939971923828125" lon="118.146385252475738525390625">
        <ele>40</ele>
        <time>2025-04-05T12:11:02.000Z</time>
        <extensions>
          <ns3:TrackPointExtension>
            <ns3:hr>139</ns3:hr>
            <ns3:cad>88</ns3:cad>
          </ns3:TrackPointExtension>
        </extensions>
      </trkpt>
      <trkpt lat="24.4762155599892139434814453125" lon="118.14637058414518833160400390625">
        <ele>39.799999237060546875</ele>
        <time>2025-04-05T12:11:03.000Z</time>
        <extensions>
          <ns3:TrackPointExtension>
            <ns3:hr>139</ns3:hr>
            <ns3:cad>88</ns3:cad>
          </ns3:TrackPointExtension>
        </extensions>
      </trkpt>
      <trkpt lat="24.4761924259364604949951171875" lon="118.1463596038520336151123046875">
        <ele>39.799999237060546875</ele>
        <time>2025-04-05T12:11:04.000Z</time>
        <extensions>
          <ns3:TrackPointExtension>
            <ns3:hr>139</ns3:hr>
            <ns3:cad>87</ns3:cad>
          </ns3:TrackPointExtension>
        </extensions>
      </trkpt>
      <trkpt lat="24.47616971097886562347412109375" lon="118.14634543843567371368408203125">
        <ele>39.799999237060546875</ele>
        <time>2025-04-05T12:11:05.000Z</time>
        <extensions>
          <ns3:TrackPointExtension>
            <ns3:hr>140</ns3:hr>
            <ns3:cad>87</ns3:cad>
          </ns3:TrackPointExtension>
        </extensions>
      </trkpt>
      <trkpt lat="24.47614909149706363677978515625" lon="118.14633638598024845123291015625">
        <ele>39.799999237060546875</ele>
        <time>2025-04-05T12:11:06.000Z</time>
        <extensions>
          <ns3:TrackPointExtension>
            <ns3:hr>139</ns3:hr>
            <ns3:cad>88</ns3:cad>
          </ns3:TrackPointExtension>
        </extensions>
      </trkpt>
      <trkpt lat="24.47612277232110500335693359375" lon="118.14632297493517398834228515625">
        <ele>39.799999237060546875</ele>
        <time>2025-04-05T12:11:07.000Z</time>
        <extensions>
          <ns3:TrackPointExtension>
            <ns3:hr>139</ns3:hr>
            <ns3:cad>88</ns3:cad>
          </ns3:TrackPointExtension>
        </extensions>
      </trkpt>
      <trkpt lat="24.47610349394381046295166015625" lon="118.14631325192749500274658203125">
        <ele>39.799999237060546875</ele>
        <time>2025-04-05T12:11:08.000Z</time>
        <extensions>
          <ns3:TrackPointExtension>
            <ns3:hr>139</ns3:hr>
            <ns3:cad>88</ns3:cad>
          </ns3:TrackPointExtension>
        </extensions>
      </trkpt>
      <trkpt lat="24.47607667185366153717041015625" lon="118.1462962366640567779541015625">
        <ele>39.799999237060546875</ele>
        <time>2025-04-05T12:11:09.000Z</time>
        <extensions>
          <ns3:TrackPointExtension>
            <ns3:hr>139</ns3:hr>
            <ns3:cad>88</ns3:cad>
          </ns3:TrackPointExtension>
        </extensions>
      </trkpt>
      <trkpt lat="24.47605689056217670440673828125" lon="118.14628844149410724639892578125">
        <ele>39.799999237060546875</ele>
        <time>2025-04-05T12:11:10.000Z</time>
        <extensions>
          <ns3:TrackPointExtension>
            <ns3:hr>139</ns3:hr>
            <ns3:cad>88</ns3:cad>
          </ns3:TrackPointExtension>
        </extensions>
      </trkpt>
      <trkpt lat="24.4760288111865520477294921875" lon="118.1462734378874301910400390625">
        <ele>39.799999237060546875</ele>
        <time>2025-04-05T12:11:11.000Z</time>
        <extensions>
          <ns3:TrackPointExtension>
            <ns3:hr>139</ns3:hr>
            <ns3:cad>87</ns3:cad>
          </ns3:TrackPointExtension>
        </extensions>
      </trkpt>
      <trkpt lat="24.4760127179324626922607421875" lon="118.14625742845237255096435546875">
        <ele>39.799999237060546875</ele>
        <time>2025-04-05T12:11:12.000Z</time>
        <extensions>
          <ns3:TrackPointExtension>
            <ns3:hr>139</ns3:hr>
            <ns3:cad>87</ns3:cad>
          </ns3:TrackPointExtension>
        </extensions>
      </trkpt>
      <trkpt lat="24.47598748840391635894775390625" lon="118.14623999409377574920654296875">
        <ele>39.59999847412109375</ele>
        <time>2025-04-05T12:11:13.000Z</time>
        <extensions>
          <ns3:TrackPointExtension>
            <ns3:hr>139</ns3:hr>
            <ns3:cad>88</ns3:cad>
          </ns3:TrackPointExtension>
        </extensions>
      </trkpt>
      <trkpt lat="24.4759686291217803955078125" lon="118.1462204642593860626220703125">
        <ele>39.799999237060546875</ele>
        <time>2025-04-05T12:11:14.000Z</time>
        <extensions>
          <ns3:TrackPointExtension>
            <ns3:hr>139</ns3:hr>
            <ns3:cad>88</ns3:cad>
          </ns3:TrackPointExtension>
        </extensions>
      </trkpt>
      <trkpt lat="24.4759459979832172393798828125" lon="118.146202526986598968505859375">
        <ele>39.59999847412109375</ele>
        <time>2025-04-05T12:11:15.000Z</time>
        <extensions>
          <ns3:TrackPointExtension>
            <ns3:hr>139</ns3:hr>
            <ns3:cad>88</ns3:cad>
          </ns3:TrackPointExtension>
        </extensions>
      </trkpt>
      <trkpt lat="24.47592579759657382965087890625" lon="118.1461876071989536285400390625">
        <ele>39.59999847412109375</ele>
        <time>2025-04-05T12:11:16.000Z</time>
        <extensions>
          <ns3:TrackPointExtension>
            <ns3:hr>139</ns3:hr>
            <ns3:cad>88</ns3:cad>
          </ns3:TrackPointExtension>
        </extensions>
      </trkpt>
      <trkpt lat="24.47590484283864498138427734375" lon="118.146174363791942596435546875">
        <ele>39.59999847412109375</ele>
        <time>2025-04-05T12:11:17.000Z</time>
        <extensions>
          <ns3:TrackPointExtension>
            <ns3:hr>139</ns3:hr>
            <ns3:cad>87</ns3:cad>
          </ns3:TrackPointExtension>
        </extensions>
      </trkpt>
      <trkpt lat="24.47588388808071613311767578125" lon="118.146159946918487548828125">
        <ele>39.59999847412109375</ele>
        <time>2025-04-05T12:11:18.000Z</time>
        <extensions>
          <ns3:TrackPointExtension>
            <ns3:hr>139</ns3:hr>
            <ns3:cad>87</ns3:cad>
          </ns3:TrackPointExtension>
        </extensions>
      </trkpt>
      <trkpt lat="24.4758625142276287078857421875" lon="118.14614913426339626312255859375">
        <ele>39.59999847412109375</ele>
        <time>2025-04-05T12:11:19.000Z</time>
        <extensions>
          <ns3:TrackPointExtension>
            <ns3:hr>139</ns3:hr>
            <ns3:cad>87</ns3:cad>
          </ns3:TrackPointExtension>
        </extensions>
      </trkpt>
      <trkpt lat="24.4758430682122707366943359375" lon="118.14613119699060916900634765625">
        <ele>39.59999847412109375</ele>
        <time>2025-04-05T12:11:20.000Z</time>
        <extensions>
          <ns3:TrackPointExtension>
            <ns3:hr>138</ns3:hr>
            <ns3:cad>88</ns3:cad>
          </ns3:TrackPointExtension>
        </extensions>
      </trkpt>
      <trkpt lat="24.47582353837788105010986328125" lon="118.14612097106873989105224609375">
        <ele>39.59999847412109375</ele>
        <time>2025-04-05T12:11:21.000Z</time>
        <extensions>
          <ns3:TrackPointExtension>
            <ns3:hr>138</ns3:hr>
            <ns3:cad>88</ns3:cad>
          </ns3:TrackPointExtension>
        </extensions>
      </trkpt>
      <trkpt lat="24.47580023668706417083740234375" lon="118.1461044587194919586181640625">
        <ele>39.59999847412109375</ele>
        <time>2025-04-05T12:11:22.000Z</time>
        <extensions>
          <ns3:TrackPointExtension>
            <ns3:hr>138</ns3:hr>
            <ns3:cad>88</ns3:cad>
          </ns3:TrackPointExtension>
        </extensions>
      </trkpt>
      <trkpt lat="24.47578280232846736907958984375" lon="118.1460933946073055267333984375">
        <ele>39.40000152587890625</ele>
        <time>2025-04-05T12:11:23.000Z</time>
        <extensions>
          <ns3:TrackPointExtension>
            <ns3:hr>138</ns3:hr>
            <ns3:cad>87</ns3:cad>
          </ns3:TrackPointExtension>
        </extensions>
      </trkpt>
      <trkpt lat="24.4757595844566822052001953125" lon="118.14607051201164722442626953125">
        <ele>39.40000152587890625</ele>
        <time>2025-04-05T12:11:24.000Z</time>
        <extensions>
          <ns3:TrackPointExtension>
            <ns3:hr>138</ns3:hr>
            <ns3:cad>87</ns3:cad>
          </ns3:TrackPointExtension>
        </extensions>
      </trkpt>
      <trkpt lat="24.47574608959257602691650390625" lon="118.146054334938526153564453125">
        <ele>39.40000152587890625</ele>
        <time>2025-04-05T12:11:25.000Z</time>
        <extensions>
          <ns3:TrackPointExtension>
            <ns3:hr>137</ns3:hr>
            <ns3:cad>87</ns3:cad>
          </ns3:TrackPointExtension>
        </extensions>
      </trkpt>
      <trkpt lat="24.4757280685007572174072265625" lon="118.14603061415255069732666015625">
        <ele>39.40000152587890625</ele>
        <time>2025-04-05T12:11:26.000Z</time>
        <extensions>
          <ns3:TrackPointExtension>
            <ns3:hr>137</ns3:hr>
            <ns3:cad>88</ns3:cad>
          </ns3:TrackPointExtension>
        </extensions>
      </trkpt>
      <trkpt lat="24.4757119752466678619384765625" lon="118.14601032994687557220458984375">
        <ele>39.40000152587890625</ele>
        <time>2025-04-05T12:11:27.000Z</time>
        <extensions>
          <ns3:TrackPointExtension>
            <ns3:hr>137</ns3:hr>
            <ns3:cad>88</ns3:cad>
          </ns3:TrackPointExtension>
        </extensions>
      </trkpt>
      <trkpt lat="24.47569445706903934478759765625" lon="118.14599038101732730865478515625">
        <ele>39.40000152587890625</ele>
        <time>2025-04-05T12:11:28.000Z</time>
        <extensions>
          <ns3:TrackPointExtension>
            <ns3:hr>138</ns3:hr>
            <ns3:cad>88</ns3:cad>
          </ns3:TrackPointExtension>
        </extensions>
      </trkpt>
      <trkpt lat="24.475675933063030242919921875" lon="118.1459716893732547760009765625">
        <ele>39.40000152587890625</ele>
        <time>2025-04-05T12:11:29.000Z</time>
        <extensions>
          <ns3:TrackPointExtension>
            <ns3:hr>138</ns3:hr>
            <ns3:cad>88</ns3:cad>
          </ns3:TrackPointExtension>
        </extensions>
      </trkpt>
      <trkpt lat="24.475657828152179718017578125" lon="118.14595433883368968963623046875">
        <ele>39.40000152587890625</ele>
        <time>2025-04-05T12:11:30.000Z</time>
        <extensions>
          <ns3:TrackPointExtension>
            <ns3:hr>137</ns3:hr>
            <ns3:cad>87</ns3:cad>
          </ns3:TrackPointExtension>
        </extensions>
      </trkpt>
      <trkpt lat="24.475642740726470947265625" lon="118.145934976637363433837890625">
        <ele>39.40000152587890625</ele>
        <time>2025-04-05T12:11:31.000Z</time>
        <extensions>
          <ns3:TrackPointExtension>
            <ns3:hr>137</ns3:hr>
            <ns3:cad>87</ns3:cad>
          </ns3:TrackPointExtension>
        </extensions>
      </trkpt>
      <trkpt lat="24.475628994405269622802734375" lon="118.14592047594487667083740234375">
        <ele>39.40000152587890625</ele>
        <time>2025-04-05T12:11:32.000Z</time>
        <extensions>
          <ns3:TrackPointExtension>
            <ns3:hr>137</ns3:hr>
            <ns3:cad>88</ns3:cad>
          </ns3:TrackPointExtension>
        </extensions>
      </trkpt>
      <trkpt lat="24.47561524808406829833984375" lon="118.14589683897793292999267578125">
        <ele>39.40000152587890625</ele>
        <time>2025-04-05T12:11:33.000Z</time>
        <extensions>
          <ns3:TrackPointExtension>
            <ns3:hr>137</ns3:hr>
            <ns3:cad>88</ns3:cad>
          </ns3:TrackPointExtension>
        </extensions>
      </trkpt>
      <trkpt lat="24.475602172315120697021484375" lon="118.1458794884383678436279296875">
        <ele>39.40000152587890625</ele>
        <time>2025-04-05T12:11:34.000Z</time>
        <extensions>
          <ns3:TrackPointExtension>
            <ns3:hr>137</ns3:hr>
            <ns3:cad>88</ns3:cad>
          </ns3:TrackPointExtension>
        </extensions>
      </trkpt>
      <trkpt lat="24.4755862466990947723388671875" lon="118.14585442654788494110107421875">
        <ele>39.59999847412109375</ele>
        <time>2025-04-05T12:11:35.000Z</time>
        <extensions>
          <ns3:TrackPointExtension>
            <ns3:hr>137</ns3:hr>
            <ns3:cad>88</ns3:cad>
          </ns3:TrackPointExtension>
        </extensions>
      </trkpt>
      <trkpt lat="24.4755721651017665863037109375" lon="118.14583632163703441619873046875">
        <ele>39.59999847412109375</ele>
        <time>2025-04-05T12:11:36.000Z</time>
        <extensions>
          <ns3:TrackPointExtension>
            <ns3:hr>137</ns3:hr>
            <ns3:cad>87</ns3:cad>
          </ns3:TrackPointExtension>
        </extensions>
      </trkpt>
      <trkpt lat="24.475561939179897308349609375" lon="118.14581327140331268310546875">
        <ele>39.799999237060546875</ele>
        <time>2025-04-05T12:11:37.000Z</time>
        <extensions>
          <ns3:TrackPointExtension>
            <ns3:hr>138</ns3:hr>
            <ns3:cad>87</ns3:cad>
          </ns3:TrackPointExtension>
        </extensions>
      </trkpt>
      <trkpt lat="24.47555229999125003814697265625" lon="118.1457923166453838348388671875">
        <ele>39.799999237060546875</ele>
        <time>2025-04-05T12:11:38.000Z</time>
        <extensions>
          <ns3:TrackPointExtension>
            <ns3:hr>139</ns3:hr>
            <ns3:cad>87</ns3:cad>
          </ns3:TrackPointExtension>
        </extensions>
      </trkpt>
      <trkpt lat="24.47554282844066619873046875" lon="118.14577178098261356353759765625">
        <ele>40</ele>
        <time>2025-04-05T12:11:39.000Z</time>
        <extensions>
          <ns3:TrackPointExtension>
            <ns3:hr>139</ns3:hr>
            <ns3:cad>86</ns3:cad>
          </ns3:TrackPointExtension>
        </extensions>
      </trkpt>
      <trkpt lat="24.47553201578557491302490234375" lon="118.1457487307488918304443359375">
        <ele>40</ele>
        <time>2025-04-05T12:11:40.000Z</time>
        <extensions>
          <ns3:TrackPointExtension>
            <ns3:hr>138</ns3:hr>
            <ns3:cad>86</ns3:cad>
          </ns3:TrackPointExtension>
        </extensions>
      </trkpt>
      <trkpt lat="24.47552380152046680450439453125" lon="118.1457319669425487518310546875">
        <ele>40.200000762939453125</ele>
        <time>2025-04-05T12:11:41.000Z</time>
        <extensions>
          <ns3:TrackPointExtension>
            <ns3:hr>139</ns3:hr>
            <ns3:cad>85</ns3:cad>
          </ns3:TrackPointExtension>
        </extensions>
      </trkpt>
      <trkpt lat="24.475514329969882965087890625" lon="118.1457068212330341339111328125">
        <ele>40.200000762939453125</ele>
        <time>2025-04-05T12:11:42.000Z</time>
        <extensions>
          <ns3:TrackPointExtension>
            <ns3:hr>139</ns3:hr>
            <ns3:cad>85</ns3:cad>
          </ns3:TrackPointExtension>
        </extensions>
      </trkpt>
      <trkpt lat="24.47550100274384021759033203125" lon="118.145689554512500762939453125">
        <ele>40.40000152587890625</ele>
        <time>2025-04-05T12:11:43.000Z</time>
        <extensions>
          <ns3:TrackPointExtension>
            <ns3:hr>139</ns3:hr>
            <ns3:cad>85</ns3:cad>
          </ns3:TrackPointExtension>
        </extensions>
      </trkpt>
      <trkpt lat="24.47549312375485897064208984375" lon="118.14566432498395442962646484375">
        <ele>40.40000152587890625</ele>
        <time>2025-04-05T12:11:44.000Z</time>
        <extensions>
          <ns3:TrackPointExtension>
            <ns3:hr>138</ns3:hr>
            <ns3:cad>86</ns3:cad>
          </ns3:TrackPointExtension>
        </extensions>
      </trkpt>
      <trkpt lat="24.475485496222972869873046875" lon="118.14563984982669353485107421875">
        <ele>40.40000152587890625</ele>
        <time>2025-04-05T12:11:45.000Z</time>
        <extensions>
          <ns3:TrackPointExtension>
            <ns3:hr>139</ns3:hr>
            <ns3:cad>86</ns3:cad>
          </ns3:TrackPointExtension>
        </extensions>
      </trkpt>
      <trkpt lat="24.47548021562397480010986328125" lon="118.14561822451651096343994140625">
        <ele>40.59999847412109375</ele>
        <time>2025-04-05T12:11:46.000Z</time>
        <extensions>
          <ns3:TrackPointExtension>
            <ns3:hr>139</ns3:hr>
            <ns3:cad>86</ns3:cad>
          </ns3:TrackPointExtension>
        </extensions>
      </trkpt>
      <trkpt lat="24.4754769466817378997802734375" lon="118.14559006132185459136962890625">
        <ele>40.799999237060546875</ele>
        <time>2025-04-05T12:11:47.000Z</time>
        <extensions>
          <ns3:TrackPointExtension>
            <ns3:hr>138</ns3:hr>
            <ns3:cad>86</ns3:cad>
          </ns3:TrackPointExtension>
        </extensions>
      </trkpt>
      <trkpt lat="24.475470744073390960693359375" lon="118.14556608907878398895263671875">
        <ele>40.799999237060546875</ele>
        <time>2025-04-05T12:11:48.000Z</time>
        <extensions>
          <ns3:TrackPointExtension>
            <ns3:hr>139</ns3:hr>
            <ns3:cad>86</ns3:cad>
          </ns3:TrackPointExtension>
        </extensions>
      </trkpt>
      <trkpt lat="24.4754652120172977447509765625" lon="118.14553708769381046295166015625">
        <ele>41</ele>
        <time>2025-04-05T12:11:49.000Z</time>
        <extensions>
          <ns3:TrackPointExtension>
            <ns3:hr>139</ns3:hr>
            <ns3:cad>86</ns3:cad>
          </ns3:TrackPointExtension>
        </extensions>
      </trkpt>
      <trkpt lat="24.47545607574284076690673828125" lon="118.14551864750683307647705078125">
        <ele>41.200000762939453125</ele>
        <time>2025-04-05T12:11:50.000Z</time>
        <extensions>
          <ns3:TrackPointExtension>
            <ns3:hr>140</ns3:hr>
            <ns3:cad>86</ns3:cad>
          </ns3:TrackPointExtension>
        </extensions>
      </trkpt>
      <trkpt lat="24.4754536449909210205078125" lon="118.1454912386834621429443359375">
        <ele>41.200000762939453125</ele>
        <time>2025-04-05T12:11:51.000Z</time>
        <extensions>
          <ns3:TrackPointExtension>
            <ns3:hr>141</ns3:hr>
            <ns3:cad>86</ns3:cad>
          </ns3:TrackPointExtension>
        </extensions>
      </trkpt>
      <trkpt lat="24.47545054368674755096435546875" lon="118.1454687751829624176025390625">
        <ele>41.200000762939453125</ele>
        <time>2025-04-05T12:11:52.000Z</time>
        <extensions>
          <ns3:TrackPointExtension>
            <ns3:hr>143</ns3:hr>
            <ns3:cad>86</ns3:cad>
          </ns3:TrackPointExtension>
        </extensions>
      </trkpt>
      <trkpt lat="24.47544685564935207366943359375" lon="118.145440109074115753173828125">
        <ele>41.40000152587890625</ele>
        <time>2025-04-05T12:11:53.000Z</time>
        <extensions>
          <ns3:TrackPointExtension>
            <ns3:hr>143</ns3:hr>
            <ns3:cad>86</ns3:cad>
          </ns3:TrackPointExtension>
        </extensions>
      </trkpt>
      <trkpt lat="24.47544501163065433502197265625" lon="118.14541588537395000457763671875">
        <ele>41.40000152587890625</ele>
        <time>2025-04-05T12:11:54.000Z</time>
        <extensions>
          <ns3:TrackPointExtension>
            <ns3:hr>144</ns3:hr>
            <ns3:cad>87</ns3:cad>
          </ns3:TrackPointExtension>
        </extensions>
      </trkpt>
      <trkpt lat="24.47544048540294170379638671875" lon="118.14539752900600433349609375">
        <ele>41.59999847412109375</ele>
        <time>2025-04-05T12:11:55.000Z</time>
        <extensions>
          <ns3:TrackPointExtension>
            <ns3:hr>144</ns3:hr>
            <ns3:cad>87</ns3:cad>
          </ns3:TrackPointExtension>
        </extensions>
      </trkpt>
      <trkpt lat="24.4754447601735591888427734375" lon="118.14536844380199909210205078125">
        <ele>41.799999237060546875</ele>
        <time>2025-04-05T12:11:56.000Z</time>
        <extensions>
          <ns3:TrackPointExtension>
            <ns3:hr>145</ns3:hr>
            <ns3:cad>87</ns3:cad>
          </ns3:TrackPointExtension>
        </extensions>
      </trkpt>
      <trkpt lat="24.47543914429843425750732421875" lon="118.14535067416727542877197265625">
        <ele>41.799999237060546875</ele>
        <time>2025-04-05T12:11:57.000Z</time>
        <extensions>
          <ns3:TrackPointExtension>
            <ns3:hr>145</ns3:hr>
            <ns3:cad>87</ns3:cad>
          </ns3:TrackPointExtension>
        </extensions>
      </trkpt>
      <trkpt lat="24.47544249705970287322998046875" lon="118.14531865529716014862060546875">
        <ele>41.799999237060546875</ele>
        <time>2025-04-05T12:11:58.000Z</time>
        <extensions>
          <ns3:TrackPointExtension>
            <ns3:hr>145</ns3:hr>
            <ns3:cad>87</ns3:cad>
          </ns3:TrackPointExtension>
        </extensions>
      </trkpt>
      <trkpt lat="24.475439898669719696044921875" lon="118.14530055038630962371826171875">
        <ele>42</ele>
        <time>2025-04-05T12:11:59.000Z</time>
        <extensions>
          <ns3:TrackPointExtension>
            <ns3:hr>145</ns3:hr>
            <ns3:cad>87</ns3:cad>
          </ns3:TrackPointExtension>
        </extensions>
      </trkpt>
      <trkpt lat="24.47544367052614688873291015625" lon="118.145263083279132843017578125">
        <ele>42.200000762939453125</ele>
        <time>2025-04-05T12:12:00.000Z</time>
        <extensions>
          <ns3:TrackPointExtension>
            <ns3:hr>145</ns3:hr>
            <ns3:cad>87</ns3:cad>
          </ns3:TrackPointExtension>
        </extensions>
      </trkpt>
      <trkpt lat="24.4754427485167980194091796875" lon="118.14524154178798198699951171875">
        <ele>42.200000762939453125</ele>
        <time>2025-04-05T12:12:01.000Z</time>
        <extensions>
          <ns3:TrackPointExtension>
            <ns3:hr>145</ns3:hr>
            <ns3:cad>87</ns3:cad>
          </ns3:TrackPointExtension>
        </extensions>
      </trkpt>
      <trkpt lat="24.4754417426884174346923828125" lon="118.145209439098834991455078125">
        <ele>42.40000152587890625</ele>
        <time>2025-04-05T12:12:02.000Z</time>
        <extensions>
          <ns3:TrackPointExtension>
            <ns3:hr>145</ns3:hr>
            <ns3:cad>87</ns3:cad>
          </ns3:TrackPointExtension>
        </extensions>
      </trkpt>
      <trkpt lat="24.47543964721262454986572265625" lon="118.1451831199228763580322265625">
        <ele>42.40000152587890625</ele>
        <time>2025-04-05T12:12:03.000Z</time>
        <extensions>
          <ns3:TrackPointExtension>
            <ns3:hr>145</ns3:hr>
            <ns3:cad>87</ns3:cad>
          </ns3:TrackPointExtension>
        </extensions>
      </trkpt>
      <trkpt lat="24.47543730027973651885986328125" lon="118.1451593153178691864013671875">
        <ele>42.59999847412109375</ele>
        <time>2025-04-05T12:12:04.000Z</time>
        <extensions>
          <ns3:TrackPointExtension>
            <ns3:hr>145</ns3:hr>
            <ns3:cad>87</ns3:cad>
          </ns3:TrackPointExtension>
        </extensions>
      </trkpt>
      <trkpt lat="24.4754373840987682342529296875" lon="118.1451318226754665374755859375">
        <ele>42.799999237060546875</ele>
        <time>2025-04-05T12:12:05.000Z</time>
        <extensions>
          <ns3:TrackPointExtension>
            <ns3:hr>145</ns3:hr>
            <ns3:cad>87</ns3:cad>
          </ns3:TrackPointExtension>
        </extensions>
      </trkpt>
      <trkpt lat="24.47543285787105560302734375" lon="118.14511053264141082763671875">
        <ele>43</ele>
        <time>2025-04-05T12:12:06.000Z</time>
        <extensions>
          <ns3:TrackPointExtension>
            <ns3:hr>145</ns3:hr>
            <ns3:cad>87</ns3:cad>
          </ns3:TrackPointExtension>
        </extensions>
      </trkpt>
      <trkpt lat="24.47543646208941936492919921875" lon="118.145076669752597808837890625">
        <ele>43</ele>
        <time>2025-04-05T12:12:07.000Z</time>
        <extensions>
          <ns3:TrackPointExtension>
            <ns3:hr>146</ns3:hr>
            <ns3:cad>87</ns3:cad>
          </ns3:TrackPointExtension>
        </extensions>
      </trkpt>
      <trkpt lat="24.4754293374717235565185546875" lon="118.145056553184986114501953125">
        <ele>43.200000762939453125</ele>
        <time>2025-04-05T12:12:08.000Z</time>
        <extensions>
          <ns3:TrackPointExtension>
            <ns3:hr>146</ns3:hr>
            <ns3:cad>87</ns3:cad>
          </ns3:TrackPointExtension>
        </extensions>
      </trkpt>
      <trkpt lat="24.47543084621429443359375" lon="118.145019672811031341552734375">
        <ele>43.200000762939453125</ele>
        <time>2025-04-05T12:12:09.000Z</time>
        <extensions>
          <ns3:TrackPointExtension>
            <ns3:hr>146</ns3:hr>
            <ns3:cad>87</ns3:cad>
          </ns3:TrackPointExtension>
        </extensions>
      </trkpt>
      <trkpt lat="24.47543277405202388763427734375" lon="118.14500282518565654754638671875">
        <ele>43.40000152587890625</ele>
        <time>2025-04-05T12:12:10.000Z</time>
        <extensions>
          <ns3:TrackPointExtension>
            <ns3:hr>146</ns3:hr>
            <ns3:cad>87</ns3:cad>
          </ns3:TrackPointExtension>
        </extensions>
      </trkpt>
      <trkpt lat="24.475433863699436187744140625" lon="118.14497508108615875244140625">
        <ele>43.59999847412109375</ele>
        <time>2025-04-05T12:12:11.000Z</time>
        <extensions>
          <ns3:TrackPointExtension>
            <ns3:hr>146</ns3:hr>
            <ns3:cad>87</ns3:cad>
          </ns3:TrackPointExtension>
        </extensions>
      </trkpt>
      <trkpt lat="24.47543243877589702606201171875" lon="118.1449467502534389495849609375">
        <ele>43.59999847412109375</ele>
        <time>2025-04-05T12:12:12.000Z</time>
        <extensions>
          <ns3:TrackPointExtension>
            <ns3:hr>146</ns3:hr>
            <ns3:cad>87</ns3:cad>
          </ns3:TrackPointExtension>
        </extensions>
      </trkpt>
      <trkpt lat="24.47543059475719928741455078125" lon="118.1449221074581146240234375">
        <ele>43.59999847412109375</ele>
        <time>2025-04-05T12:12:13.000Z</time>
        <extensions>
          <ns3:TrackPointExtension>
            <ns3:hr>146</ns3:hr>
            <ns3:cad>87</ns3:cad>
          </ns3:TrackPointExtension>
        </extensions>
      </trkpt>
      <trkpt lat="24.47542757727205753326416015625" lon="118.1448941119015216827392578125">
        <ele>43.799999237060546875</ele>
        <time>2025-04-05T12:12:14.000Z</time>
        <extensions>
          <ns3:TrackPointExtension>
            <ns3:hr>146</ns3:hr>
            <ns3:cad>87</ns3:cad>
          </ns3:TrackPointExtension>
        </extensions>
      </trkpt>
      <trkpt lat="24.4754192791879177093505859375" lon="118.14487592317163944244384765625">
        <ele>44</ele>
        <time>2025-04-05T12:12:15.000Z</time>
        <extensions>
          <ns3:TrackPointExtension>
            <ns3:hr>146</ns3:hr>
            <ns3:cad>87</ns3:cad>
          </ns3:TrackPointExtension>
        </extensions>
      </trkpt>
      <trkpt lat="24.47541919536888599395751953125" lon="118.14484792761504650115966796875">
        <ele>44.200000762939453125</ele>
        <time>2025-04-05T12:12:16.000Z</time>
        <extensions>
          <ns3:TrackPointExtension>
            <ns3:hr>146</ns3:hr>
            <ns3:cad>87</ns3:cad>
          </ns3:TrackPointExtension>
        </extensions>
      </trkpt>
      <trkpt lat="24.47541366331279277801513671875" lon="118.14483082853257656097412109375">
        <ele>44.200000762939453125</ele>
        <time>2025-04-05T12:12:17.000Z</time>
        <extensions>
          <ns3:TrackPointExtension>
            <ns3:hr>146</ns3:hr>
            <ns3:cad>87</ns3:cad>
          </ns3:TrackPointExtension>
        </extensions>
      </trkpt>
      <trkpt lat="24.47541131637990474700927734375" lon="118.1448119692504405975341796875">
        <ele>44.40000152587890625</ele>
        <time>2025-04-05T12:12:18.000Z</time>
        <extensions>
          <ns3:TrackPointExtension>
            <ns3:hr>145</ns3:hr>
            <ns3:cad>87</ns3:cad>
          </ns3:TrackPointExtension>
        </extensions>
      </trkpt>
      <trkpt lat="24.47541014291346073150634765625" lon="118.144793026149272918701171875">
        <ele>44.40000152587890625</ele>
        <time>2025-04-05T12:12:19.000Z</time>
        <extensions>
          <ns3:TrackPointExtension>
            <ns3:hr>145</ns3:hr>
            <ns3:cad>87</ns3:cad>
          </ns3:TrackPointExtension>
        </extensions>
      </trkpt>
      <trkpt lat="24.47540578432381153106689453125" lon="118.14477567560970783233642578125">
        <ele>44.59999847412109375</ele>
        <time>2025-04-05T12:12:20.000Z</time>
        <extensions>
          <ns3:TrackPointExtension>
            <ns3:hr>145</ns3:hr>
            <ns3:cad>86</ns3:cad>
          </ns3:TrackPointExtension>
        </extensions>
      </trkpt>
      <trkpt lat="24.47539857588708400726318359375" lon="118.14475052990019321441650390625">
        <ele>44.59999847412109375</ele>
        <time>2025-04-05T12:12:21.000Z</time>
        <extensions>
          <ns3:TrackPointExtension>
            <ns3:hr>144</ns3:hr>
            <ns3:cad>86</ns3:cad>
          </ns3:TrackPointExtension>
        </extensions>
      </trkpt>
      <trkpt lat="24.4753901101648807525634765625" lon="118.14473125152289867401123046875">
        <ele>44.59999847412109375</ele>
        <time>2025-04-05T12:12:22.000Z</time>
        <extensions>
          <ns3:TrackPointExtension>
            <ns3:hr>145</ns3:hr>
            <ns3:cad>84</ns3:cad>
          </ns3:TrackPointExtension>
        </extensions>
      </trkpt>
      <trkpt lat="24.47538030333817005157470703125" lon="118.14471046440303325653076171875">
        <ele>44.799999237060546875</ele>
        <time>2025-04-05T12:12:23.000Z</time>
        <extensions>
          <ns3:TrackPointExtension>
            <ns3:hr>145</ns3:hr>
            <ns3:cad>84</ns3:cad>
          </ns3:TrackPointExtension>
        </extensions>
      </trkpt>
      <trkpt lat="24.4753696583211421966552734375" lon="118.14469336532056331634521484375">
        <ele>44.799999237060546875</ele>
        <time>2025-04-05T12:12:24.000Z</time>
        <extensions>
          <ns3:TrackPointExtension>
            <ns3:hr>144</ns3:hr>
            <ns3:cad>84</ns3:cad>
          </ns3:TrackPointExtension>
        </extensions>
      </trkpt>
      <trkpt lat="24.47536035440862178802490234375" lon="118.144667632877826690673828125">
        <ele>45</ele>
        <time>2025-04-05T12:12:25.000Z</time>
        <extensions>
          <ns3:TrackPointExtension>
            <ns3:hr>145</ns3:hr>
            <ns3:cad>86</ns3:cad>
          </ns3:TrackPointExtension>
        </extensions>
      </trkpt>
      <trkpt lat="24.47535348124802112579345703125" lon="118.14465162344276905059814453125">
        <ele>45.200000762939453125</ele>
        <time>2025-04-05T12:12:26.000Z</time>
        <extensions>
          <ns3:TrackPointExtension>
            <ns3:hr>144</ns3:hr>
            <ns3:cad>87</ns3:cad>
          </ns3:TrackPointExtension>
        </extensions>
      </trkpt>
      <trkpt lat="24.47534568607807159423828125" lon="118.14462865702807903289794921875">
        <ele>45.200000762939453125</ele>
        <time>2025-04-05T12:12:27.000Z</time>
        <extensions>
          <ns3:TrackPointExtension>
            <ns3:hr>144</ns3:hr>
            <ns3:cad>87</ns3:cad>
          </ns3:TrackPointExtension>
        </extensions>
      </trkpt>
      <trkpt lat="24.47533889673650264739990234375" lon="118.1446128152310848236083984375">
        <ele>45.200000762939453125</ele>
        <time>2025-04-05T12:12:28.000Z</time>
        <extensions>
          <ns3:TrackPointExtension>
            <ns3:hr>144</ns3:hr>
            <ns3:cad>87</ns3:cad>
          </ns3:TrackPointExtension>
        </extensions>
      </trkpt>
      <trkpt lat="24.47532850317656993865966796875" lon="118.144588172435760498046875">
        <ele>45.40000152587890625</ele>
        <time>2025-04-05T12:12:29.000Z</time>
        <extensions>
          <ns3:TrackPointExtension>
            <ns3:hr>145</ns3:hr>
            <ns3:cad>87</ns3:cad>
          </ns3:TrackPointExtension>
        </extensions>
      </trkpt>
      <trkpt lat="24.47532263584434986114501953125" lon="118.14456604421138763427734375">
        <ele>45.40000152587890625</ele>
        <time>2025-04-05T12:12:30.000Z</time>
        <extensions>
          <ns3:TrackPointExtension>
            <ns3:hr>144</ns3:hr>
            <ns3:cad>87</ns3:cad>
          </ns3:TrackPointExtension>
        </extensions>
      </trkpt>
      <trkpt lat="24.47531626559793949127197265625" lon="118.1445417366921901702880859375">
        <ele>45.59999847412109375</ele>
        <time>2025-04-05T12:12:31.000Z</time>
        <extensions>
          <ns3:TrackPointExtension>
            <ns3:hr>144</ns3:hr>
            <ns3:cad>88</ns3:cad>
          </ns3:TrackPointExtension>
        </extensions>
      </trkpt>
      <trkpt lat="24.47530989535152912139892578125" lon="118.1445199437439441680908203125">
        <ele>45.59999847412109375</ele>
        <time>2025-04-05T12:12:32.000Z</time>
        <extensions>
          <ns3:TrackPointExtension>
            <ns3:hr>145</ns3:hr>
            <ns3:cad>88</ns3:cad>
          </ns3:TrackPointExtension>
        </extensions>
      </trkpt>
      <trkpt lat="24.4753012619912624359130859375" lon="118.1444971449673175811767578125">
        <ele>45.799999237060546875</ele>
        <time>2025-04-05T12:12:33.000Z</time>
        <extensions>
          <ns3:TrackPointExtension>
            <ns3:hr>144</ns3:hr>
            <ns3:cad>88</ns3:cad>
          </ns3:TrackPointExtension>
        </extensions>
      </trkpt>
      <trkpt lat="24.4752999208867549896240234375" lon="118.14446277916431427001953125">
        <ele>46</ele>
        <time>2025-04-05T12:12:34.000Z</time>
        <extensions>
          <ns3:TrackPointExtension>
            <ns3:hr>144</ns3:hr>
            <ns3:cad>88</ns3:cad>
          </ns3:TrackPointExtension>
        </extensions>
      </trkpt>
      <trkpt lat="24.4752927124500274658203125" lon="118.14444257877767086029052734375">
        <ele>46</ele>
        <time>2025-04-05T12:12:35.000Z</time>
        <extensions>
          <ns3:TrackPointExtension>
            <ns3:hr>145</ns3:hr>
            <ns3:cad>88</ns3:cad>
          </ns3:TrackPointExtension>
        </extensions>
      </trkpt>
      <trkpt lat="24.4752895273268222808837890625" lon="118.14440854825079441070556640625">
        <ele>46</ele>
        <time>2025-04-05T12:12:36.000Z</time>
        <extensions>
          <ns3:TrackPointExtension>
            <ns3:hr>144</ns3:hr>
            <ns3:cad>88</ns3:cad>
          </ns3:TrackPointExtension>
        </extensions>
      </trkpt>
      <trkpt lat="24.47528508491814136505126953125" lon="118.14439094625413417816162109375">
        <ele>46.200000762939453125</ele>
        <time>2025-04-05T12:12:37.000Z</time>
        <extensions>
          <ns3:TrackPointExtension>
            <ns3:hr>144</ns3:hr>
            <ns3:cad>88</ns3:cad>
          </ns3:TrackPointExtension>
        </extensions>
      </trkpt>
      <trkpt lat="24.4752878509461879730224609375" lon="118.1443586759269237518310546875">
        <ele>46.200000762939453125</ele>
        <time>2025-04-05T12:12:38.000Z</time>
        <extensions>
          <ns3:TrackPointExtension>
            <ns3:hr>145</ns3:hr>
            <ns3:cad>88</ns3:cad>
          </ns3:TrackPointExtension>
        </extensions>
      </trkpt>
      <trkpt lat="24.475288689136505126953125" lon="118.144337721168994903564453125">
        <ele>46.40000152587890625</ele>
        <time>2025-04-05T12:12:39.000Z</time>
        <extensions>
          <ns3:TrackPointExtension>
            <ns3:hr>144</ns3:hr>
            <ns3:cad>88</ns3:cad>
          </ns3:TrackPointExtension>
        </extensions>
      </trkpt>
      <trkpt lat="24.4752927124500274658203125" lon="118.14430913887917995452880859375">
        <ele>46.40000152587890625</ele>
        <time>2025-04-05T12:12:40.000Z</time>
        <extensions>
          <ns3:TrackPointExtension>
            <ns3:hr>144</ns3:hr>
            <ns3:cad>87</ns3:cad>
          </ns3:TrackPointExtension>
        </extensions>
      </trkpt>
      <trkpt lat="24.4752935506403446197509765625" lon="118.14428550191223621368408203125">
        <ele>46.59999847412109375</ele>
        <time>2025-04-05T12:12:41.000Z</time>
        <extensions>
          <ns3:TrackPointExtension>
            <ns3:hr>144</ns3:hr>
            <ns3:cad>87</ns3:cad>
          </ns3:TrackPointExtension>
        </extensions>
      </trkpt>
      <trkpt lat="24.47529832832515239715576171875" lon="118.14426354132592678070068359375">
        <ele>46.799999237060546875</ele>
        <time>2025-04-05T12:12:42.000Z</time>
        <extensions>
          <ns3:TrackPointExtension>
            <ns3:hr>145</ns3:hr>
            <ns3:cad>87</ns3:cad>
          </ns3:TrackPointExtension>
        </extensions>
      </trkpt>
      <trkpt lat="24.47530821897089481353759765625" lon="118.14424728043377399444580078125">
        <ele>46.799999237060546875</ele>
        <time>2025-04-05T12:12:43.000Z</time>
        <extensions>
          <ns3:TrackPointExtension>
            <ns3:hr>144</ns3:hr>
            <ns3:cad>87</ns3:cad>
          </ns3:TrackPointExtension>
        </extensions>
      </trkpt>
      <trkpt lat="24.47531559504568576812744140625" lon="118.14423076808452606201171875">
        <ele>47</ele>
        <time>2025-04-05T12:12:44.000Z</time>
        <extensions>
          <ns3:TrackPointExtension>
            <ns3:hr>144</ns3:hr>
            <ns3:cad>87</ns3:cad>
          </ns3:TrackPointExtension>
        </extensions>
      </trkpt>
      <trkpt lat="24.4753254018723964691162109375" lon="118.14421442337334156036376953125">
        <ele>47</ele>
        <time>2025-04-05T12:12:45.000Z</time>
        <extensions>
          <ns3:TrackPointExtension>
            <ns3:hr>143</ns3:hr>
            <ns3:cad>87</ns3:cad>
          </ns3:TrackPointExtension>
        </extensions>
      </trkpt>
      <trkpt lat="24.475335292518138885498046875" lon="118.14419900067150592803955078125">
        <ele>47.200000762939453125</ele>
        <time>2025-04-05T12:12:46.000Z</time>
        <extensions>
          <ns3:TrackPointExtension>
            <ns3:hr>143</ns3:hr>
            <ns3:cad>87</ns3:cad>
          </ns3:TrackPointExtension>
        </extensions>
      </trkpt>
      <trkpt lat="24.4753428362309932708740234375" lon="118.14417335204780101776123046875">
        <ele>47.200000762939453125</ele>
        <time>2025-04-05T12:12:47.000Z</time>
        <extensions>
          <ns3:TrackPointExtension>
            <ns3:hr>143</ns3:hr>
            <ns3:cad>87</ns3:cad>
          </ns3:TrackPointExtension>
        </extensions>
      </trkpt>
      <trkpt lat="24.4753542356193065643310546875" lon="118.14415432512760162353515625">
        <ele>47.59999847412109375</ele>
        <time>2025-04-05T12:12:48.000Z</time>
        <extensions>
          <ns3:TrackPointExtension>
            <ns3:hr>143</ns3:hr>
            <ns3:cad>87</ns3:cad>
          </ns3:TrackPointExtension>
        </extensions>
      </trkpt>
      <trkpt lat="24.4753696583211421966552734375" lon="118.14413689076900482177734375">
        <ele>47.59999847412109375</ele>
        <time>2025-04-05T12:12:49.000Z</time>
        <extensions>
          <ns3:TrackPointExtension>
            <ns3:hr>143</ns3:hr>
            <ns3:cad>87</ns3:cad>
          </ns3:TrackPointExtension>
        </extensions>
      </trkpt>
      <trkpt lat="24.4753820635378360748291015625" lon="118.14411601983010768890380859375">
        <ele>47.59999847412109375</ele>
        <time>2025-04-05T12:12:50.000Z</time>
        <extensions>
          <ns3:TrackPointExtension>
            <ns3:hr>143</ns3:hr>
            <ns3:cad>87</ns3:cad>
          </ns3:TrackPointExtension>
        </extensions>
      </trkpt>
      <trkpt lat="24.4753978215157985687255859375" lon="118.14409422688186168670654296875">
        <ele>47.799999237060546875</ele>
        <time>2025-04-05T12:12:51.000Z</time>
        <extensions>
          <ns3:TrackPointExtension>
            <ns3:hr>143</ns3:hr>
            <ns3:cad>87</ns3:cad>
          </ns3:TrackPointExtension>
        </extensions>
      </trkpt>
      <trkpt lat="24.47541416622698307037353515625" lon="118.1440653093159198760986328125">
        <ele>47.799999237060546875</ele>
        <time>2025-04-05T12:12:52.000Z</time>
        <extensions>
          <ns3:TrackPointExtension>
            <ns3:hr>143</ns3:hr>
            <ns3:cad>87</ns3:cad>
          </ns3:TrackPointExtension>
        </extensions>
      </trkpt>
      <trkpt lat="24.4754259847104549407958984375" lon="118.1440475396811962127685546875">
        <ele>48</ele>
        <time>2025-04-05T12:12:53.000Z</time>
        <extensions>
          <ns3:TrackPointExtension>
            <ns3:hr>143</ns3:hr>
            <ns3:cad>87</ns3:cad>
          </ns3:TrackPointExtension>
        </extensions>
      </trkpt>
      <trkpt lat="24.475439898669719696044921875" lon="118.144023902714252471923828125">
        <ele>48</ele>
        <time>2025-04-05T12:12:54.000Z</time>
        <extensions>
          <ns3:TrackPointExtension>
            <ns3:hr>142</ns3:hr>
            <ns3:cad>87</ns3:cad>
          </ns3:TrackPointExtension>
        </extensions>
      </trkpt>
      <trkpt lat="24.4754548184573650360107421875" lon="118.14400236122310161590576171875">
        <ele>48.200000762939453125</ele>
        <time>2025-04-05T12:12:55.000Z</time>
        <extensions>
          <ns3:TrackPointExtension>
            <ns3:hr>143</ns3:hr>
            <ns3:cad>87</ns3:cad>
          </ns3:TrackPointExtension>
        </extensions>
      </trkpt>
      <trkpt lat="24.47547267191112041473388671875" lon="118.14397939480841159820556640625">
        <ele>48.40000152587890625</ele>
        <time>2025-04-05T12:12:56.000Z</time>
        <extensions>
          <ns3:TrackPointExtension>
            <ns3:hr>143</ns3:hr>
            <ns3:cad>87</ns3:cad>
          </ns3:TrackPointExtension>
        </extensions>
      </trkpt>
      <trkpt lat="24.4754883460700511932373046875" lon="118.1439613737165927886962890625">
        <ele>48.40000152587890625</ele>
        <time>2025-04-05T12:12:57.000Z</time>
        <extensions>
          <ns3:TrackPointExtension>
            <ns3:hr>143</ns3:hr>
            <ns3:cad>87</ns3:cad>
          </ns3:TrackPointExtension>
        </extensions>
      </trkpt>
      <trkpt lat="24.475512318313121795654296875" lon="118.14393916167318820953369140625">
        <ele>48.40000152587890625</ele>
        <time>2025-04-05T12:12:58.000Z</time>
        <extensions>
          <ns3:TrackPointExtension>
            <ns3:hr>143</ns3:hr>
            <ns3:cad>87</ns3:cad>
          </ns3:TrackPointExtension>
        </extensions>
      </trkpt>
      <trkpt lat="24.47552782483398914337158203125" lon="118.1439254991710186004638671875">
        <ele>48.40000152587890625</ele>
        <time>2025-04-05T12:12:59.000Z</time>
        <extensions>
          <ns3:TrackPointExtension>
            <ns3:hr>144</ns3:hr>
            <ns3:cad>87</ns3:cad>
          </ns3:TrackPointExtension>
        </extensions>
      </trkpt>
      <trkpt lat="24.475548528134822845458984375" lon="118.143907897174358367919921875">
        <ele>48.59999847412109375</ele>
        <time>2025-04-05T12:13:00.000Z</time>
        <extensions>
          <ns3:TrackPointExtension>
            <ns3:hr>144</ns3:hr>
            <ns3:cad>87</ns3:cad>
          </ns3:TrackPointExtension>
        </extensions>
      </trkpt>
      <trkpt lat="24.47557074017822742462158203125" lon="118.14389725215733051300048828125">
        <ele>48.59999847412109375</ele>
        <time>2025-04-05T12:13:01.000Z</time>
        <extensions>
          <ns3:TrackPointExtension>
            <ns3:hr>144</ns3:hr>
            <ns3:cad>87</ns3:cad>
          </ns3:TrackPointExtension>
        </extensions>
      </trkpt>
      <trkpt lat="24.47559035383164882659912109375" lon="118.1438916362822055816650390625">
        <ele>48.59999847412109375</ele>
        <time>2025-04-05T12:13:02.000Z</time>
        <extensions>
          <ns3:TrackPointExtension>
            <ns3:hr>145</ns3:hr>
            <ns3:cad>87</ns3:cad>
          </ns3:TrackPointExtension>
        </extensions>
      </trkpt>
      <trkpt lat="24.4756241329014301300048828125" lon="118.1438785605132579803466796875">
        <ele>48.799999237060546875</ele>
        <time>2025-04-05T12:13:03.000Z</time>
        <extensions>
          <ns3:TrackPointExtension>
            <ns3:hr>145</ns3:hr>
            <ns3:cad>87</ns3:cad>
          </ns3:TrackPointExtension>
        </extensions>
      </trkpt>
      <trkpt lat="24.4756440818309783935546875" lon="118.14386841841042041778564453125">
        <ele>48.799999237060546875</ele>
        <time>2025-04-05T12:13:04.000Z</time>
        <extensions>
          <ns3:TrackPointExtension>
            <ns3:hr>145</ns3:hr>
            <ns3:cad>87</ns3:cad>
          </ns3:TrackPointExtension>
        </extensions>
      </trkpt>
      <trkpt lat="24.47567266412079334259033203125" lon="118.14385651610791683197021484375">
        <ele>49</ele>
        <time>2025-04-05T12:13:05.000Z</time>
        <extensions>
          <ns3:TrackPointExtension>
            <ns3:hr>146</ns3:hr>
            <ns3:cad>87</ns3:cad>
          </ns3:TrackPointExtension>
        </extensions>
      </trkpt>
      <trkpt lat="24.47570133022964000701904296875" lon="118.14384989440441131591796875">
        <ele>49</ele>
        <time>2025-04-05T12:13:06.000Z</time>
        <extensions>
          <ns3:TrackPointExtension>
            <ns3:hr>146</ns3:hr>
            <ns3:cad>87</ns3:cad>
          </ns3:TrackPointExtension>
        </extensions>
      </trkpt>
      <trkpt lat="24.47573821060359477996826171875" lon="118.14383589662611484527587890625">
        <ele>49</ele>
        <time>2025-04-05T12:13:07.000Z</time>
        <extensions>
          <ns3:TrackPointExtension>
            <ns3:hr>146</ns3:hr>
            <ns3:cad>87</ns3:cad>
          </ns3:TrackPointExtension>
        </extensions>
      </trkpt>
      <trkpt lat="24.47576679289340972900390625" lon="118.1438269279897212982177734375">
        <ele>49.200000762939453125</ele>
        <time>2025-04-05T12:13:08.000Z</time>
        <extensions>
          <ns3:TrackPointExtension>
            <ns3:hr>147</ns3:hr>
            <ns3:cad>88</ns3:cad>
          </ns3:TrackPointExtension>
        </extensions>
      </trkpt>
      <trkpt lat="24.47579386644065380096435546875" lon="118.14381125383079051971435546875">
        <ele>49.200000762939453125</ele>
        <time>2025-04-05T12:13:09.000Z</time>
        <extensions>
          <ns3:TrackPointExtension>
            <ns3:hr>147</ns3:hr>
            <ns3:cad>88</ns3:cad>
          </ns3:TrackPointExtension>
        </extensions>
      </trkpt>
      <trkpt lat="24.47582102380692958831787109375" lon="118.14380203373730182647705078125">
        <ele>49.200000762939453125</ele>
        <time>2025-04-05T12:13:10.000Z</time>
        <extensions>
          <ns3:TrackPointExtension>
            <ns3:hr>147</ns3:hr>
            <ns3:cad>88</ns3:cad>
          </ns3:TrackPointExtension>
        </extensions>
      </trkpt>
      <trkpt lat="24.47583854198455810546875" lon="118.1437930651009082794189453125">
        <ele>49.200000762939453125</ele>
        <time>2025-04-05T12:13:11.000Z</time>
        <extensions>
          <ns3:TrackPointExtension>
            <ns3:hr>147</ns3:hr>
            <ns3:cad>88</ns3:cad>
          </ns3:TrackPointExtension>
        </extensions>
      </trkpt>
      <trkpt lat="24.47585337795317173004150390625" lon="118.14378459937870502471923828125">
        <ele>49.200000762939453125</ele>
        <time>2025-04-05T12:13:12.000Z</time>
        <extensions>
          <ns3:TrackPointExtension>
            <ns3:hr>148</ns3:hr>
            <ns3:cad>88</ns3:cad>
          </ns3:TrackPointExtension>
        </extensions>
      </trkpt>
      <trkpt lat="24.4758667051792144775390625" lon="118.14377504400908946990966796875">
        <ele>49.40000152587890625</ele>
        <time>2025-04-05T12:13:13.000Z</time>
        <extensions>
          <ns3:TrackPointExtension>
            <ns3:hr>148</ns3:hr>
            <ns3:cad>87</ns3:cad>
          </ns3:TrackPointExtension>
        </extensions>
      </trkpt>
      <trkpt lat="24.47588824667036533355712890625" lon="118.14376347698271274566650390625">
        <ele>49.59999847412109375</ele>
        <time>2025-04-05T12:13:14.000Z</time>
        <extensions>
          <ns3:TrackPointExtension>
            <ns3:hr>148</ns3:hr>
            <ns3:cad>87</ns3:cad>
          </ns3:TrackPointExtension>
        </extensions>
      </trkpt>
      <trkpt lat="24.47590333409607410430908203125" lon="118.1437553465366363525390625">
        <ele>49.59999847412109375</ele>
        <time>2025-04-05T12:13:15.000Z</time>
        <extensions>
          <ns3:TrackPointExtension>
            <ns3:hr>148</ns3:hr>
            <ns3:cad>87</ns3:cad>
          </ns3:TrackPointExtension>
        </extensions>
      </trkpt>
      <trkpt lat="24.47592278011143207550048828125" lon="118.1437417678534984588623046875">
        <ele>49.59999847412109375</ele>
        <time>2025-04-05T12:13:16.000Z</time>
        <extensions>
          <ns3:TrackPointExtension>
            <ns3:hr>148</ns3:hr>
            <ns3:cad>87</ns3:cad>
          </ns3:TrackPointExtension>
        </extensions>
      </trkpt>
      <trkpt lat="24.47593853808939456939697265625" lon="118.14372542314231395721435546875">
        <ele>49.59999847412109375</ele>
        <time>2025-04-05T12:13:17.000Z</time>
        <extensions>
          <ns3:TrackPointExtension>
            <ns3:hr>148</ns3:hr>
            <ns3:cad>87</ns3:cad>
          </ns3:TrackPointExtension>
        </extensions>
      </trkpt>
      <trkpt lat="24.475962258875370025634765625" lon="118.1437048874795436859130859375">
        <ele>49.799999237060546875</ele>
        <time>2025-04-05T12:13:18.000Z</time>
        <extensions>
          <ns3:TrackPointExtension>
            <ns3:hr>148</ns3:hr>
            <ns3:cad>87</ns3:cad>
          </ns3:TrackPointExtension>
        </extensions>
      </trkpt>
      <trkpt lat="24.47597374208271503448486328125" lon="118.14369189552962779998779296875">
        <ele>49.799999237060546875</ele>
        <time>2025-04-05T12:13:19.000Z</time>
        <extensions>
          <ns3:TrackPointExtension>
            <ns3:hr>148</ns3:hr>
            <ns3:cad>87</ns3:cad>
          </ns3:TrackPointExtension>
        </extensions>
      </trkpt>
      <trkpt lat="24.47598597966134548187255859375" lon="118.143678568303585052490234375">
        <ele>49.799999237060546875</ele>
        <time>2025-04-05T12:13:20.000Z</time>
        <extensions>
          <ns3:TrackPointExtension>
            <ns3:hr>148</ns3:hr>
            <ns3:cad>87</ns3:cad>
          </ns3:TrackPointExtension>
        </extensions>
      </trkpt>
      <trkpt lat="24.47599855251610279083251953125" lon="118.14365970902144908905029296875">
        <ele>50</ele>
        <time>2025-04-05T12:13:21.000Z</time>
        <extensions>
          <ns3:TrackPointExtension>
            <ns3:hr>148</ns3:hr>
            <ns3:cad>88</ns3:cad>
          </ns3:TrackPointExtension>
        </extensions>
      </trkpt>
      <trkpt lat="24.47600693441927433013916015625" lon="118.1436359882354736328125">
        <ele>50</ele>
        <time>2025-04-05T12:13:22.000Z</time>
        <extensions>
          <ns3:TrackPointExtension>
            <ns3:hr>148</ns3:hr>
            <ns3:cad>88</ns3:cad>
          </ns3:TrackPointExtension>
        </extensions>
      </trkpt>
      <trkpt lat="24.47601079009473323822021484375" lon="118.14361293800175189971923828125">
        <ele>50</ele>
        <time>2025-04-05T12:13:23.000Z</time>
        <extensions>
          <ns3:TrackPointExtension>
            <ns3:hr>148</ns3:hr>
            <ns3:cad>88</ns3:cad>
          </ns3:TrackPointExtension>
        </extensions>
      </trkpt>
      <trkpt lat="24.47601221501827239990234375" lon="118.143587373197078704833984375">
        <ele>50</ele>
        <time>2025-04-05T12:13:24.000Z</time>
        <extensions>
          <ns3:TrackPointExtension>
            <ns3:hr>149</ns3:hr>
            <ns3:cad>87</ns3:cad>
          </ns3:TrackPointExtension>
        </extensions>
      </trkpt>
      <trkpt lat="24.4760093651711940765380859375" lon="118.1435597129166126251220703125">
        <ele>50.200000762939453125</ele>
        <time>2025-04-05T12:13:25.000Z</time>
        <extensions>
          <ns3:TrackPointExtension>
            <ns3:hr>149</ns3:hr>
            <ns3:cad>87</ns3:cad>
          </ns3:TrackPointExtension>
        </extensions>
      </trkpt>
      <trkpt lat="24.47600676678121089935302734375" lon="118.14353364519774913787841796875">
        <ele>50.200000762939453125</ele>
        <time>2025-04-05T12:13:26.000Z</time>
        <extensions>
          <ns3:TrackPointExtension>
            <ns3:hr>150</ns3:hr>
            <ns3:cad>87</ns3:cad>
          </ns3:TrackPointExtension>
        </extensions>
      </trkpt>
      <trkpt lat="24.47600291110575199127197265625" lon="118.14350799657404422760009765625">
        <ele>50.200000762939453125</ele>
        <time>2025-04-05T12:13:27.000Z</time>
        <extensions>
          <ns3:TrackPointExtension>
            <ns3:hr>151</ns3:hr>
            <ns3:cad>87</ns3:cad>
          </ns3:TrackPointExtension>
        </extensions>
      </trkpt>
      <trkpt lat="24.476001150906085968017578125" lon="118.14348519779741764068603515625">
        <ele>50.40000152587890625</ele>
        <time>2025-04-05T12:13:28.000Z</time>
        <extensions>
          <ns3:TrackPointExtension>
            <ns3:hr>151</ns3:hr>
            <ns3:cad>88</ns3:cad>
          </ns3:TrackPointExtension>
        </extensions>
      </trkpt>
      <trkpt lat="24.476002492010593414306640625" lon="118.14345317892730236053466796875">
        <ele>50.59999847412109375</ele>
        <time>2025-04-05T12:13:29.000Z</time>
        <extensions>
          <ns3:TrackPointExtension>
            <ns3:hr>151</ns3:hr>
            <ns3:cad>87</ns3:cad>
          </ns3:TrackPointExtension>
        </extensions>
      </trkpt>
      <trkpt lat="24.4760046713054180145263671875" lon="118.1434289552271366119384765625">
        <ele>50.59999847412109375</ele>
        <time>2025-04-05T12:13:30.000Z</time>
        <extensions>
          <ns3:TrackPointExtension>
            <ns3:hr>151</ns3:hr>
            <ns3:cad>87</ns3:cad>
          </ns3:TrackPointExtension>
        </extensions>
      </trkpt>
      <trkpt lat="24.47600726969540119171142578125" lon="118.14340255223214626312255859375">
        <ele>50.59999847412109375</ele>
        <time>2025-04-05T12:13:31.000Z</time>
        <extensions>
          <ns3:TrackPointExtension>
            <ns3:hr>152</ns3:hr>
            <ns3:cad>87</ns3:cad>
          </ns3:TrackPointExtension>
        </extensions>
      </trkpt>
      <trkpt lat="24.4760100357234477996826171875" lon="118.14337941817939281463623046875">
        <ele>50.59999847412109375</ele>
        <time>2025-04-05T12:13:32.000Z</time>
        <extensions>
          <ns3:TrackPointExtension>
            <ns3:hr>151</ns3:hr>
            <ns3:cad>87</ns3:cad>
          </ns3:TrackPointExtension>
        </extensions>
      </trkpt>
      <trkpt lat="24.476012885570526123046875" lon="118.14335645176470279693603515625">
        <ele>50.799999237060546875</ele>
        <time>2025-04-05T12:13:33.000Z</time>
        <extensions>
          <ns3:TrackPointExtension>
            <ns3:hr>151</ns3:hr>
            <ns3:cad>87</ns3:cad>
          </ns3:TrackPointExtension>
        </extensions>
      </trkpt>
      <trkpt lat="24.476012550294399261474609375" lon="118.14333449117839336395263671875">
        <ele>50.799999237060546875</ele>
        <time>2025-04-05T12:13:34.000Z</time>
        <extensions>
          <ns3:TrackPointExtension>
            <ns3:hr>152</ns3:hr>
            <ns3:cad>86</ns3:cad>
          </ns3:TrackPointExtension>
        </extensions>
      </trkpt>
      <trkpt lat="24.4760154001414775848388671875" lon="118.14331236295402050018310546875">
        <ele>50.799999237060546875</ele>
        <time>2025-04-05T12:13:35.000Z</time>
        <extensions>
          <ns3:TrackPointExtension>
            <ns3:hr>151</ns3:hr>
            <ns3:cad>87</ns3:cad>
          </ns3:TrackPointExtension>
        </extensions>
      </trkpt>
      <trkpt lat="24.476017914712429046630859375" lon="118.14328939653933048248291015625">
        <ele>50.799999237060546875</ele>
        <time>2025-04-05T12:13:36.000Z</time>
        <extensions>
          <ns3:TrackPointExtension>
            <ns3:hr>151</ns3:hr>
            <ns3:cad>87</ns3:cad>
          </ns3:TrackPointExtension>
        </extensions>
      </trkpt>
      <trkpt lat="24.476021267473697662353515625" lon="118.14326643012464046478271484375">
        <ele>51</ele>
        <time>2025-04-05T12:13:37.000Z</time>
        <extensions>
          <ns3:TrackPointExtension>
            <ns3:hr>151</ns3:hr>
            <ns3:cad>87</ns3:cad>
          </ns3:TrackPointExtension>
        </extensions>
      </trkpt>
      <trkpt lat="24.476027302443981170654296875" lon="118.1432395242154598236083984375">
        <ele>51</ele>
        <time>2025-04-05T12:13:38.000Z</time>
        <extensions>
          <ns3:TrackPointExtension>
            <ns3:hr>150</ns3:hr>
            <ns3:cad>87</ns3:cad>
          </ns3:TrackPointExtension>
        </extensions>
      </trkpt>
      <trkpt lat="24.4760294817388057708740234375" lon="118.14322234131395816802978515625">
        <ele>51.200000762939453125</ele>
        <time>2025-04-05T12:13:39.000Z</time>
        <extensions>
          <ns3:TrackPointExtension>
            <ns3:hr>150</ns3:hr>
            <ns3:cad>88</ns3:cad>
          </ns3:TrackPointExtension>
        </extensions>
      </trkpt>
      <trkpt lat="24.47603392414748668670654296875" lon="118.14319367520511150360107421875">
        <ele>51.200000762939453125</ele>
        <time>2025-04-05T12:13:40.000Z</time>
        <extensions>
          <ns3:TrackPointExtension>
            <ns3:hr>150</ns3:hr>
            <ns3:cad>88</ns3:cad>
          </ns3:TrackPointExtension>
        </extensions>
      </trkpt>
      <trkpt lat="24.476034678518772125244140625" lon="118.14316903240978717803955078125">
        <ele>51.200000762939453125</ele>
        <time>2025-04-05T12:13:41.000Z</time>
        <extensions>
          <ns3:TrackPointExtension>
            <ns3:hr>150</ns3:hr>
            <ns3:cad>88</ns3:cad>
          </ns3:TrackPointExtension>
        </extensions>
      </trkpt>
      <trkpt lat="24.4760371930897235870361328125" lon="118.1431402824819087982177734375">
        <ele>51.40000152587890625</ele>
        <time>2025-04-05T12:13:42.000Z</time>
        <extensions>
          <ns3:TrackPointExtension>
            <ns3:hr>150</ns3:hr>
            <ns3:cad>88</ns3:cad>
          </ns3:TrackPointExtension>
        </extensions>
      </trkpt>
      <trkpt lat="24.476038701832294464111328125" lon="118.1431198306381702423095703125">
        <ele>51.40000152587890625</ele>
        <time>2025-04-05T12:13:43.000Z</time>
        <extensions>
          <ns3:TrackPointExtension>
            <ns3:hr>149</ns3:hr>
            <ns3:cad>88</ns3:cad>
          </ns3:TrackPointExtension>
        </extensions>
      </trkpt>
      <trkpt lat="24.47604197077453136444091796875" lon="118.1430936791002750396728515625">
        <ele>51.59999847412109375</ele>
        <time>2025-04-05T12:13:44.000Z</time>
        <extensions>
          <ns3:TrackPointExtension>
            <ns3:hr>150</ns3:hr>
            <ns3:cad>87</ns3:cad>
          </ns3:TrackPointExtension>
        </extensions>
      </trkpt>
      <trkpt lat="24.47604649700224399566650390625" lon="118.14306509681046009063720703125">
        <ele>51.59999847412109375</ele>
        <time>2025-04-05T12:13:45.000Z</time>
        <extensions>
          <ns3:TrackPointExtension>
            <ns3:hr>149</ns3:hr>
            <ns3:cad>88</ns3:cad>
          </ns3:TrackPointExtension>
        </extensions>
      </trkpt>
      <trkpt lat="24.476050436496734619140625" lon="118.1430284678936004638671875">
        <ele>51.59999847412109375</ele>
        <time>2025-04-05T12:13:46.000Z</time>
        <extensions>
          <ns3:TrackPointExtension>
            <ns3:hr>149</ns3:hr>
            <ns3:cad>88</ns3:cad>
          </ns3:TrackPointExtension>
        </extensions>
      </trkpt>
      <trkpt lat="24.47605504654347896575927734375" lon="118.1430024839937686920166015625">
        <ele>51.799999237060546875</ele>
        <time>2025-04-05T12:13:47.000Z</time>
        <extensions>
          <ns3:TrackPointExtension>
            <ns3:hr>149</ns3:hr>
            <ns3:cad>88</ns3:cad>
          </ns3:TrackPointExtension>
        </extensions>
      </trkpt>
      <trkpt lat="24.476061500608921051025390625" lon="118.14298111014068126678466796875">
        <ele>51.799999237060546875</ele>
        <time>2025-04-05T12:13:48.000Z</time>
        <extensions>
          <ns3:TrackPointExtension>
            <ns3:hr>149</ns3:hr>
            <ns3:cad>88</ns3:cad>
          </ns3:TrackPointExtension>
        </extensions>
      </trkpt>
      <trkpt lat="24.4760656915605068206787109375" lon="118.1429552100598812103271484375">
        <ele>51.799999237060546875</ele>
        <time>2025-04-05T12:13:49.000Z</time>
        <extensions>
          <ns3:TrackPointExtension>
            <ns3:hr>149</ns3:hr>
            <ns3:cad>88</ns3:cad>
          </ns3:TrackPointExtension>
        </extensions>
      </trkpt>
      <trkpt lat="24.47607046924531459808349609375" lon="118.14292914234101772308349609375">
        <ele>52</ele>
        <time>2025-04-05T12:13:50.000Z</time>
        <extensions>
          <ns3:TrackPointExtension>
            <ns3:hr>150</ns3:hr>
            <ns3:cad>87</ns3:cad>
          </ns3:TrackPointExtension>
        </extensions>
      </trkpt>
      <trkpt lat="24.47607834823429584503173828125" lon="118.14290575683116912841796875">
        <ele>52</ele>
        <time>2025-04-05T12:13:51.000Z</time>
        <extensions>
          <ns3:TrackPointExtension>
            <ns3:hr>150</ns3:hr>
            <ns3:cad>87</ns3:cad>
          </ns3:TrackPointExtension>
        </extensions>
      </trkpt>
      <trkpt lat="24.47608170099556446075439453125" lon="118.14288421534001827239990234375">
        <ele>52.200000762939453125</ele>
        <time>2025-04-05T12:13:52.000Z</time>
        <extensions>
          <ns3:TrackPointExtension>
            <ns3:hr>150</ns3:hr>
            <ns3:cad>87</ns3:cad>
          </ns3:TrackPointExtension>
        </extensions>
      </trkpt>
      <trkpt lat="24.4760884903371334075927734375" lon="118.142855800688266754150390625">
        <ele>52.200000762939453125</ele>
        <time>2025-04-05T12:13:53.000Z</time>
        <extensions>
          <ns3:TrackPointExtension>
            <ns3:hr>150</ns3:hr>
            <ns3:cad>87</ns3:cad>
          </ns3:TrackPointExtension>
        </extensions>
      </trkpt>
      <trkpt lat="24.47609134018421173095703125" lon="118.14282721839845180511474609375">
        <ele>52.40000152587890625</ele>
        <time>2025-04-05T12:13:54.000Z</time>
        <extensions>
          <ns3:TrackPointExtension>
            <ns3:hr>150</ns3:hr>
            <ns3:cad>87</ns3:cad>
          </ns3:TrackPointExtension>
        </extensions>
      </trkpt>
      <trkpt lat="24.47609242983162403106689453125" lon="118.1428046710789203643798828125">
        <ele>52.40000152587890625</ele>
        <time>2025-04-05T12:13:55.000Z</time>
        <extensions>
          <ns3:TrackPointExtension>
            <ns3:hr>150</ns3:hr>
            <ns3:cad>87</ns3:cad>
          </ns3:TrackPointExtension>
        </extensions>
      </trkpt>
      <trkpt lat="24.47608530521392822265625" lon="118.14278363250195980072021484375">
        <ele>52.40000152587890625</ele>
        <time>2025-04-05T12:13:56.000Z</time>
        <extensions>
          <ns3:TrackPointExtension>
            <ns3:hr>149</ns3:hr>
            <ns3:cad>87</ns3:cad>
          </ns3:TrackPointExtension>
        </extensions>
      </trkpt>
      <trkpt lat="24.47608119808137416839599609375" lon="118.1427647732198238372802734375">
        <ele>52.40000152587890625</ele>
        <time>2025-04-05T12:13:57.000Z</time>
        <extensions>
          <ns3:TrackPointExtension>
            <ns3:hr>150</ns3:hr>
            <ns3:cad>87</ns3:cad>
          </ns3:TrackPointExtension>
        </extensions>
      </trkpt>
      <trkpt lat="24.47607080452144145965576171875" lon="118.14274792559444904327392578125">
        <ele>52.59999847412109375</ele>
        <time>2025-04-05T12:13:58.000Z</time>
        <extensions>
          <ns3:TrackPointExtension>
            <ns3:hr>150</ns3:hr>
            <ns3:cad>87</ns3:cad>
          </ns3:TrackPointExtension>
        </extensions>
      </trkpt>
      <trkpt lat="24.4760603271424770355224609375" lon="118.14273543655872344970703125">
        <ele>52.59999847412109375</ele>
        <time>2025-04-05T12:13:59.000Z</time>
        <extensions>
          <ns3:TrackPointExtension>
            <ns3:hr>150</ns3:hr>
            <ns3:cad>87</ns3:cad>
          </ns3:TrackPointExtension>
        </extensions>
      </trkpt>
      <trkpt lat="24.47604347951710224151611328125" lon="118.1427253782749176025390625">
        <ele>52.799999237060546875</ele>
        <time>2025-04-05T12:14:00.000Z</time>
        <extensions>
          <ns3:TrackPointExtension>
            <ns3:hr>150</ns3:hr>
            <ns3:cad>87</ns3:cad>
          </ns3:TrackPointExtension>
        </extensions>
      </trkpt>
      <trkpt lat="24.4760303199291229248046875" lon="118.14271825365722179412841796875">
        <ele>52.799999237060546875</ele>
        <time>2025-04-05T12:14:01.000Z</time>
        <extensions>
          <ns3:TrackPointExtension>
            <ns3:hr>150</ns3:hr>
            <ns3:cad>87</ns3:cad>
          </ns3:TrackPointExtension>
        </extensions>
      </trkpt>
      <trkpt lat="24.47601011954247951507568359375" lon="118.142712973058223724365234375">
        <ele>52.799999237060546875</ele>
        <time>2025-04-05T12:14:02.000Z</time>
        <extensions>
          <ns3:TrackPointExtension>
            <ns3:hr>151</ns3:hr>
            <ns3:cad>87</ns3:cad>
          </ns3:TrackPointExtension>
        </extensions>
      </trkpt>
      <trkpt lat="24.47599821723997592926025390625" lon="118.1427084468305110931396484375">
        <ele>52.799999237060546875</ele>
        <time>2025-04-05T12:14:03.000Z</time>
        <extensions>
          <ns3:TrackPointExtension>
            <ns3:hr>151</ns3:hr>
            <ns3:cad>87</ns3:cad>
          </ns3:TrackPointExtension>
        </extensions>
      </trkpt>
      <trkpt lat="24.4759791903197765350341796875" lon="118.142699562013149261474609375">
        <ele>53</ele>
        <time>2025-04-05T12:14:04.000Z</time>
        <extensions>
          <ns3:TrackPointExtension>
            <ns3:hr>152</ns3:hr>
            <ns3:cad>87</ns3:cad>
          </ns3:TrackPointExtension>
        </extensions>
      </trkpt>
      <trkpt lat="24.47595312260091304779052734375" lon="118.1426947005093097686767578125">
        <ele>53</ele>
        <time>2025-04-05T12:14:05.000Z</time>
        <extensions>
          <ns3:TrackPointExtension>
            <ns3:hr>152</ns3:hr>
            <ns3:cad>87</ns3:cad>
          </ns3:TrackPointExtension>
        </extensions>
      </trkpt>
      <trkpt lat="24.4759329222142696380615234375" lon="118.142694197595119476318359375">
        <ele>53.200000762939453125</ele>
        <time>2025-04-05T12:14:06.000Z</time>
        <extensions>
          <ns3:TrackPointExtension>
            <ns3:hr>152</ns3:hr>
            <ns3:cad>87</ns3:cad>
          </ns3:TrackPointExtension>
        </extensions>
      </trkpt>
      <trkpt lat="24.47590836323797702789306640625" lon="118.142689168453216552734375">
        <ele>53.200000762939453125</ele>
        <time>2025-04-05T12:14:07.000Z</time>
        <extensions>
          <ns3:TrackPointExtension>
            <ns3:hr>151</ns3:hr>
            <ns3:cad>87</ns3:cad>
          </ns3:TrackPointExtension>
        </extensions>
      </trkpt>
      <trkpt lat="24.47589151561260223388671875" lon="118.1426890008151531219482421875">
        <ele>53.200000762939453125</ele>
        <time>2025-04-05T12:14:08.000Z</time>
        <extensions>
          <ns3:TrackPointExtension>
            <ns3:hr>151</ns3:hr>
            <ns3:cad>87</ns3:cad>
          </ns3:TrackPointExtension>
        </extensions>
      </trkpt>
      <trkpt lat="24.47586628608405590057373046875" lon="118.14267969690263271331787109375">
        <ele>53.40000152587890625</ele>
        <time>2025-04-05T12:14:09.000Z</time>
        <extensions>
          <ns3:TrackPointExtension>
            <ns3:hr>151</ns3:hr>
            <ns3:cad>87</ns3:cad>
          </ns3:TrackPointExtension>
        </extensions>
      </trkpt>
      <trkpt lat="24.47586544789373874664306640625" lon="118.14265991561114788055419921875">
        <ele>53.40000152587890625</ele>
        <time>2025-04-05T12:14:10.000Z</time>
        <extensions>
          <ns3:TrackPointExtension>
            <ns3:hr>151</ns3:hr>
            <ns3:cad>87</ns3:cad>
          </ns3:TrackPointExtension>
        </extensions>
      </trkpt>
      <trkpt lat="24.4758618436753749847412109375" lon="118.1426449120044708251953125">
        <ele>53.59999847412109375</ele>
        <time>2025-04-05T12:14:11.000Z</time>
        <extensions>
          <ns3:TrackPointExtension>
            <ns3:hr>151</ns3:hr>
            <ns3:cad>86</ns3:cad>
          </ns3:TrackPointExtension>
        </extensions>
      </trkpt>
      <trkpt lat="24.47586175985634326934814453125" lon="118.14263141714036464691162109375">
        <ele>53.59999847412109375</ele>
        <time>2025-04-05T12:14:12.000Z</time>
        <extensions>
          <ns3:TrackPointExtension>
            <ns3:hr>151</ns3:hr>
            <ns3:cad>85</ns3:cad>
          </ns3:TrackPointExtension>
        </extensions>
      </trkpt>
      <trkpt lat="24.47586335241794586181640625" lon="118.14261331222951412200927734375">
        <ele>53.799999237060546875</ele>
        <time>2025-04-05T12:14:13.000Z</time>
        <extensions>
          <ns3:TrackPointExtension>
            <ns3:hr>151</ns3:hr>
            <ns3:cad>85</ns3:cad>
          </ns3:TrackPointExtension>
        </extensions>
      </trkpt>
      <trkpt lat="24.47586695663630962371826171875" lon="118.1425939500331878662109375">
        <ele>53.799999237060546875</ele>
        <time>2025-04-05T12:14:14.000Z</time>
        <extensions>
          <ns3:TrackPointExtension>
            <ns3:hr>151</ns3:hr>
            <ns3:cad>85</ns3:cad>
          </ns3:TrackPointExtension>
        </extensions>
      </trkpt>
      <trkpt lat="24.47587072849273681640625" lon="118.14257643185555934906005859375">
        <ele>54</ele>
        <time>2025-04-05T12:14:15.000Z</time>
        <extensions>
          <ns3:TrackPointExtension>
            <ns3:hr>151</ns3:hr>
            <ns3:cad>85</ns3:cad>
          </ns3:TrackPointExtension>
        </extensions>
      </trkpt>
      <trkpt lat="24.47587810456752777099609375" lon="118.14256804995238780975341796875">
        <ele>54</ele>
        <time>2025-04-05T12:14:16.000Z</time>
        <extensions>
          <ns3:TrackPointExtension>
            <ns3:hr>151</ns3:hr>
            <ns3:cad>85</ns3:cad>
          </ns3:TrackPointExtension>
        </extensions>
      </trkpt>
      <trkpt lat="24.47587810456752777099609375" lon="118.14256804995238780975341796875">
        <ele>54</ele>
        <time>2025-04-05T12:14:17.000Z</time>
        <extensions>
          <ns3:TrackPointExtension>
            <ns3:hr>151</ns3:hr>
            <ns3:cad>65</ns3:cad>
          </ns3:TrackPointExtension>
        </extensions>
      </trkpt>
      <trkpt lat="24.4757786951959133148193359375" lon="118.14249395392835140228271484375">
        <ele>40.799999237060546875</ele>
        <time>2025-04-05T12:14:57.000Z</time>
        <extensions>
          <ns3:TrackPointExtension>
            <ns3:hr>119</ns3:hr>
            <ns3:cad>0</ns3:cad>
          </ns3:TrackPointExtension>
        </extensions>
      </trkpt>
      <trkpt lat="24.4757847301661968231201171875" lon="118.14247467555105686187744140625">
        <ele>40.799999237060546875</ele>
        <time>2025-04-05T12:14:58.000Z</time>
        <extensions>
          <ns3:TrackPointExtension>
            <ns3:hr>119</ns3:hr>
            <ns3:cad>55</ns3:cad>
          </ns3:TrackPointExtension>
        </extensions>
      </trkpt>
      <trkpt lat="24.47579755447804927825927734375" lon="118.14244600944221019744873046875">
        <ele>40.799999237060546875</ele>
        <time>2025-04-05T12:14:59.000Z</time>
        <extensions>
          <ns3:TrackPointExtension>
            <ns3:hr>118</ns3:hr>
            <ns3:cad>55</ns3:cad>
          </ns3:TrackPointExtension>
        </extensions>
      </trkpt>
      <trkpt lat="24.47580694220960140228271484375" lon="118.1424284912645816802978515625">
        <ele>40.59999847412109375</ele>
        <time>2025-04-05T12:15:00.000Z</time>
        <extensions>
          <ns3:TrackPointExtension>
            <ns3:hr>118</ns3:hr>
            <ns3:cad>0</ns3:cad>
          </ns3:TrackPointExtension>
        </extensions>
      </trkpt>
      <trkpt lat="24.47582270018756389617919921875" lon="118.14240795560181140899658203125">
        <ele>40.40000152587890625</ele>
        <time>2025-04-05T12:15:01.000Z</time>
        <extensions>
          <ns3:TrackPointExtension>
            <ns3:hr>118</ns3:hr>
            <ns3:cad>0</ns3:cad>
          </ns3:TrackPointExtension>
        </extensions>
      </trkpt>
      <trkpt lat="24.47584784589707851409912109375" lon="118.14237945713102817535400390625">
        <ele>40.40000152587890625</ele>
        <time>2025-04-05T12:15:02.000Z</time>
        <extensions>
          <ns3:TrackPointExtension>
            <ns3:hr>118</ns3:hr>
            <ns3:cad>83</ns3:cad>
          </ns3:TrackPointExtension>
        </extensions>
      </trkpt>
      <trkpt lat="24.4758715666830539703369140625" lon="118.14235514961183071136474609375">
        <ele>40.200000762939453125</ele>
        <time>2025-04-05T12:15:03.000Z</time>
        <extensions>
          <ns3:TrackPointExtension>
            <ns3:hr>118</ns3:hr>
            <ns3:cad>83</ns3:cad>
          </ns3:TrackPointExtension>
        </extensions>
      </trkpt>
      <trkpt lat="24.475904591381549835205078125" lon="118.1423258967697620391845703125">
        <ele>40</ele>
        <time>2025-04-05T12:15:04.000Z</time>
        <extensions>
          <ns3:TrackPointExtension>
            <ns3:hr>118</ns3:hr>
            <ns3:cad>85</ns3:cad>
          </ns3:TrackPointExtension>
        </extensions>
      </trkpt>
      <trkpt lat="24.475933425128459930419921875" lon="118.142303265631198883056640625">
        <ele>40</ele>
        <time>2025-04-05T12:15:05.000Z</time>
        <extensions>
          <ns3:TrackPointExtension>
            <ns3:hr>118</ns3:hr>
            <ns3:cad>86</ns3:cad>
          </ns3:TrackPointExtension>
        </extensions>
      </trkpt>
      <trkpt lat="24.47595932520925998687744140625" lon="118.1422792933881282806396484375">
        <ele>39.799999237060546875</ele>
        <time>2025-04-05T12:15:06.000Z</time>
        <extensions>
          <ns3:TrackPointExtension>
            <ns3:hr>118</ns3:hr>
            <ns3:cad>86</ns3:cad>
          </ns3:TrackPointExtension>
        </extensions>
      </trkpt>
      <trkpt lat="24.47598363272845745086669921875" lon="118.14225724898278713226318359375">
        <ele>39.59999847412109375</ele>
        <time>2025-04-05T12:15:07.000Z</time>
        <extensions>
          <ns3:TrackPointExtension>
            <ns3:hr>118</ns3:hr>
            <ns3:cad>86</ns3:cad>
          </ns3:TrackPointExtension>
        </extensions>
      </trkpt>
      <trkpt lat="24.47600056417286396026611328125" lon="118.14223931171000003814697265625">
        <ele>39.59999847412109375</ele>
        <time>2025-04-05T12:15:08.000Z</time>
        <extensions>
          <ns3:TrackPointExtension>
            <ns3:hr>118</ns3:hr>
            <ns3:cad>87</ns3:cad>
          </ns3:TrackPointExtension>
        </extensions>
      </trkpt>
      <trkpt lat="24.47602160274982452392578125" lon="118.1422192789614200592041015625">
        <ele>39.59999847412109375</ele>
        <time>2025-04-05T12:15:09.000Z</time>
        <extensions>
          <ns3:TrackPointExtension>
            <ns3:hr>118</ns3:hr>
            <ns3:cad>88</ns3:cad>
          </ns3:TrackPointExtension>
        </extensions>
      </trkpt>
      <trkpt lat="24.4760378636419773101806640625" lon="118.14220209605991840362548828125">
        <ele>39.59999847412109375</ele>
        <time>2025-04-05T12:15:10.000Z</time>
        <extensions>
          <ns3:TrackPointExtension>
            <ns3:hr>118</ns3:hr>
            <ns3:cad>88</ns3:cad>
          </ns3:TrackPointExtension>
        </extensions>
      </trkpt>
      <trkpt lat="24.47606024332344532012939453125" lon="118.142182566225528717041015625">
        <ele>39.59999847412109375</ele>
        <time>2025-04-05T12:15:11.000Z</time>
        <extensions>
          <ns3:TrackPointExtension>
            <ns3:hr>118</ns3:hr>
            <ns3:cad>88</ns3:cad>
          </ns3:TrackPointExtension>
        </extensions>
      </trkpt>
      <trkpt lat="24.4760703854262828826904296875" lon="118.14217225648462772369384765625">
        <ele>39.40000152587890625</ele>
        <time>2025-04-05T12:15:12.000Z</time>
        <extensions>
          <ns3:TrackPointExtension>
            <ns3:hr>118</ns3:hr>
            <ns3:cad>88</ns3:cad>
          </ns3:TrackPointExtension>
        </extensions>
      </trkpt>
      <trkpt lat="24.476094357669353485107421875" lon="118.142158426344394683837890625">
        <ele>39.200000762939453125</ele>
        <time>2025-04-05T12:15:13.000Z</time>
        <extensions>
          <ns3:TrackPointExtension>
            <ns3:hr>118</ns3:hr>
            <ns3:cad>88</ns3:cad>
          </ns3:TrackPointExtension>
        </extensions>
      </trkpt>
      <trkpt lat="24.47610919363796710968017578125" lon="118.1421482004225254058837890625">
        <ele>39.200000762939453125</ele>
        <time>2025-04-05T12:15:14.000Z</time>
        <extensions>
          <ns3:TrackPointExtension>
            <ns3:hr>118</ns3:hr>
            <ns3:cad>88</ns3:cad>
          </ns3:TrackPointExtension>
        </extensions>
      </trkpt>
      <trkpt lat="24.4761371053755283355712890625" lon="118.14212900586426258087158203125">
        <ele>39.200000762939453125</ele>
        <time>2025-04-05T12:15:15.000Z</time>
        <extensions>
          <ns3:TrackPointExtension>
            <ns3:hr>118</ns3:hr>
            <ns3:cad>88</ns3:cad>
          </ns3:TrackPointExtension>
        </extensions>
      </trkpt>
      <trkpt lat="24.4761585630476474761962890625" lon="118.14211425371468067169189453125">
        <ele>39.200000762939453125</ele>
        <time>2025-04-05T12:15:16.000Z</time>
        <extensions>
          <ns3:TrackPointExtension>
            <ns3:hr>118</ns3:hr>
            <ns3:cad>88</ns3:cad>
          </ns3:TrackPointExtension>
        </extensions>
      </trkpt>
      <trkpt lat="24.4761847145855426788330078125" lon="118.14209170639514923095703125">
        <ele>39.200000762939453125</ele>
        <time>2025-04-05T12:15:17.000Z</time>
        <extensions>
          <ns3:TrackPointExtension>
            <ns3:hr>117</ns3:hr>
            <ns3:cad>88</ns3:cad>
          </ns3:TrackPointExtension>
        </extensions>
      </trkpt>
      <trkpt lat="24.4762021489441394805908203125" lon="118.14207670278847217559814453125">
        <ele>39</ele>
        <time>2025-04-05T12:15:18.000Z</time>
        <extensions>
          <ns3:TrackPointExtension>
            <ns3:hr>118</ns3:hr>
            <ns3:cad>88</ns3:cad>
          </ns3:TrackPointExtension>
        </extensions>
      </trkpt>
      <trkpt lat="24.47622151114046573638916015625" lon="118.14205742441117763519287109375">
        <ele>38.799999237060546875</ele>
        <time>2025-04-05T12:15:19.000Z</time>
        <extensions>
          <ns3:TrackPointExtension>
            <ns3:hr>118</ns3:hr>
            <ns3:cad>88</ns3:cad>
          </ns3:TrackPointExtension>
        </extensions>
      </trkpt>
      <trkpt lat="24.4762390293180942535400390625" lon="118.14204870723187923431396484375">
        <ele>38.799999237060546875</ele>
        <time>2025-04-05T12:15:20.000Z</time>
        <extensions>
          <ns3:TrackPointExtension>
            <ns3:hr>118</ns3:hr>
            <ns3:cad>88</ns3:cad>
          </ns3:TrackPointExtension>
        </extensions>
      </trkpt>
      <trkpt lat="24.47625772096216678619384765625" lon="118.1420368887484073638916015625">
        <ele>38.799999237060546875</ele>
        <time>2025-04-05T12:15:21.000Z</time>
        <extensions>
          <ns3:TrackPointExtension>
            <ns3:hr>118</ns3:hr>
            <ns3:cad>88</ns3:cad>
          </ns3:TrackPointExtension>
        </extensions>
      </trkpt>
      <trkpt lat="24.47627649642527103424072265625" lon="118.142024315893650054931640625">
        <ele>38.799999237060546875</ele>
        <time>2025-04-05T12:15:22.000Z</time>
        <extensions>
          <ns3:TrackPointExtension>
            <ns3:hr>119</ns3:hr>
            <ns3:cad>88</ns3:cad>
          </ns3:TrackPointExtension>
        </extensions>
      </trkpt>
      <trkpt lat="24.476291500031948089599609375" lon="118.14200763590633869171142578125">
        <ele>38.59999847412109375</ele>
        <time>2025-04-05T12:15:23.000Z</time>
        <extensions>
          <ns3:TrackPointExtension>
            <ns3:hr>119</ns3:hr>
            <ns3:cad>88</ns3:cad>
          </ns3:TrackPointExtension>
        </extensions>
      </trkpt>
      <trkpt lat="24.4763094373047351837158203125" lon="118.1419919617474079132080078125">
        <ele>38.59999847412109375</ele>
        <time>2025-04-05T12:15:24.000Z</time>
        <extensions>
          <ns3:TrackPointExtension>
            <ns3:hr>119</ns3:hr>
            <ns3:cad>88</ns3:cad>
          </ns3:TrackPointExtension>
        </extensions>
      </trkpt>
      <trkpt lat="24.4763248600065708160400390625" lon="118.1419741921126842498779296875">
        <ele>38.40000152587890625</ele>
        <time>2025-04-05T12:15:25.000Z</time>
        <extensions>
          <ns3:TrackPointExtension>
            <ns3:hr>119</ns3:hr>
            <ns3:cad>88</ns3:cad>
          </ns3:TrackPointExtension>
        </extensions>
      </trkpt>
      <trkpt lat="24.47634506039321422576904296875" lon="118.14195625483989715576171875">
        <ele>38.40000152587890625</ele>
        <time>2025-04-05T12:15:26.000Z</time>
        <extensions>
          <ns3:TrackPointExtension>
            <ns3:hr>119</ns3:hr>
            <ns3:cad>88</ns3:cad>
          </ns3:TrackPointExtension>
        </extensions>
      </trkpt>
      <trkpt lat="24.47635830380022525787353515625" lon="118.14193437807261943817138671875">
        <ele>38.40000152587890625</ele>
        <time>2025-04-05T12:15:27.000Z</time>
        <extensions>
          <ns3:TrackPointExtension>
            <ns3:hr>119</ns3:hr>
            <ns3:cad>88</ns3:cad>
          </ns3:TrackPointExtension>
        </extensions>
      </trkpt>
      <trkpt lat="24.47637959383428096771240234375" lon="118.14190923236310482025146484375">
        <ele>38.200000762939453125</ele>
        <time>2025-04-05T12:15:28.000Z</time>
        <extensions>
          <ns3:TrackPointExtension>
            <ns3:hr>120</ns3:hr>
            <ns3:cad>88</ns3:cad>
          </ns3:TrackPointExtension>
        </extensions>
      </trkpt>
      <trkpt lat="24.47639250196516513824462890625" lon="118.14187956042587757110595703125">
        <ele>38.200000762939453125</ele>
        <time>2025-04-05T12:15:29.000Z</time>
        <extensions>
          <ns3:TrackPointExtension>
            <ns3:hr>120</ns3:hr>
            <ns3:cad>88</ns3:cad>
          </ns3:TrackPointExtension>
        </extensions>
      </trkpt>
      <trkpt lat="24.4764113612473011016845703125" lon="118.14184670336544513702392578125">
        <ele>38.200000762939453125</ele>
        <time>2025-04-05T12:15:30.000Z</time>
        <extensions>
          <ns3:TrackPointExtension>
            <ns3:hr>120</ns3:hr>
            <ns3:cad>88</ns3:cad>
          </ns3:TrackPointExtension>
        </extensions>
      </trkpt>
      <trkpt lat="24.4764133729040622711181640625" lon="118.14182004891335964202880859375">
        <ele>38.200000762939453125</ele>
        <time>2025-04-05T12:15:31.000Z</time>
        <extensions>
          <ns3:TrackPointExtension>
            <ns3:hr>119</ns3:hr>
            <ns3:cad>88</ns3:cad>
          </ns3:TrackPointExtension>
        </extensions>
      </trkpt>
      <trkpt lat="24.47641856968402862548828125" lon="118.141790293157100677490234375">
        <ele>38.200000762939453125</ele>
        <time>2025-04-05T12:15:32.000Z</time>
        <extensions>
          <ns3:TrackPointExtension>
            <ns3:hr>120</ns3:hr>
            <ns3:cad>88</ns3:cad>
          </ns3:TrackPointExtension>
        </extensions>
      </trkpt>
      <trkpt lat="24.4764264486730098724365234375" lon="118.14175969921052455902099609375">
        <ele>38.200000762939453125</ele>
        <time>2025-04-05T12:15:33.000Z</time>
        <extensions>
          <ns3:TrackPointExtension>
            <ns3:hr>120</ns3:hr>
            <ns3:cad>88</ns3:cad>
          </ns3:TrackPointExtension>
        </extensions>
      </trkpt>
      <trkpt lat="24.47643139399588108062744140625" lon="118.141717202961444854736328125">
        <ele>38</ele>
        <time>2025-04-05T12:15:34.000Z</time>
        <extensions>
          <ns3:TrackPointExtension>
            <ns3:hr>120</ns3:hr>
            <ns3:cad>88</ns3:cad>
          </ns3:TrackPointExtension>
        </extensions>
      </trkpt>
      <trkpt lat="24.47643340565264225006103515625" lon="118.14168593846261501312255859375">
        <ele>38</ele>
        <time>2025-04-05T12:15:35.000Z</time>
        <extensions>
          <ns3:TrackPointExtension>
            <ns3:hr>120</ns3:hr>
            <ns3:cad>88</ns3:cad>
          </ns3:TrackPointExtension>
        </extensions>
      </trkpt>
      <trkpt lat="24.4764365069568157196044921875" lon="118.1416469626128673553466796875">
        <ele>38</ele>
        <time>2025-04-05T12:15:36.000Z</time>
        <extensions>
          <ns3:TrackPointExtension>
            <ns3:hr>120</ns3:hr>
            <ns3:cad>88</ns3:cad>
          </ns3:TrackPointExtension>
        </extensions>
      </trkpt>
      <trkpt lat="24.4764406979084014892578125" lon="118.14161687158048152923583984375">
        <ele>38</ele>
        <time>2025-04-05T12:15:37.000Z</time>
        <extensions>
          <ns3:TrackPointExtension>
            <ns3:hr>121</ns3:hr>
            <ns3:cad>88</ns3:cad>
          </ns3:TrackPointExtension>
        </extensions>
      </trkpt>
      <trkpt lat="24.476449079811573028564453125" lon="118.14158434979617595672607421875">
        <ele>38</ele>
        <time>2025-04-05T12:15:38.000Z</time>
        <extensions>
          <ns3:TrackPointExtension>
            <ns3:hr>121</ns3:hr>
            <ns3:cad>88</ns3:cad>
          </ns3:TrackPointExtension>
        </extensions>
      </trkpt>
      <trkpt lat="24.47646324522793292999267578125" lon="118.14156197011470794677734375">
        <ele>38</ele>
        <time>2025-04-05T12:15:39.000Z</time>
        <extensions>
          <ns3:TrackPointExtension>
            <ns3:hr>121</ns3:hr>
            <ns3:cad>88</ns3:cad>
          </ns3:TrackPointExtension>
        </extensions>
      </trkpt>
      <trkpt lat="24.47647531516849994659423828125" lon="118.1415349803864955902099609375">
        <ele>38</ele>
        <time>2025-04-05T12:15:40.000Z</time>
        <extensions>
          <ns3:TrackPointExtension>
            <ns3:hr>123</ns3:hr>
            <ns3:cad>88</ns3:cad>
          </ns3:TrackPointExtension>
        </extensions>
      </trkpt>
      <trkpt lat="24.4764889776706695556640625" lon="118.1415076553821563720703125">
        <ele>37.799999237060546875</ele>
        <time>2025-04-05T12:15:41.000Z</time>
        <extensions>
          <ns3:TrackPointExtension>
            <ns3:hr>123</ns3:hr>
            <ns3:cad>88</ns3:cad>
          </ns3:TrackPointExtension>
        </extensions>
      </trkpt>
      <trkpt lat="24.476491324603557586669921875" lon="118.1414835155010223388671875">
        <ele>37.799999237060546875</ele>
        <time>2025-04-05T12:15:42.000Z</time>
        <extensions>
          <ns3:TrackPointExtension>
            <ns3:hr>124</ns3:hr>
            <ns3:cad>88</ns3:cad>
          </ns3:TrackPointExtension>
        </extensions>
      </trkpt>
      <trkpt lat="24.47650146670639514923095703125" lon="118.1414566934108734130859375">
        <ele>37.799999237060546875</ele>
        <time>2025-04-05T12:15:43.000Z</time>
        <extensions>
          <ns3:TrackPointExtension>
            <ns3:hr>124</ns3:hr>
            <ns3:cad>87</ns3:cad>
          </ns3:TrackPointExtension>
        </extensions>
      </trkpt>
      <trkpt lat="24.47650171816349029541015625" lon="118.141437582671642303466796875">
        <ele>37.799999237060546875</ele>
        <time>2025-04-05T12:15:44.000Z</time>
        <extensions>
          <ns3:TrackPointExtension>
            <ns3:hr>124</ns3:hr>
            <ns3:cad>87</ns3:cad>
          </ns3:TrackPointExtension>
        </extensions>
      </trkpt>
      <trkpt lat="24.47650565765798091888427734375" lon="118.14141176640987396240234375">
        <ele>37.799999237060546875</ele>
        <time>2025-04-05T12:15:45.000Z</time>
        <extensions>
          <ns3:TrackPointExtension>
            <ns3:hr>124</ns3:hr>
            <ns3:cad>87</ns3:cad>
          </ns3:TrackPointExtension>
        </extensions>
      </trkpt>
      <trkpt lat="24.476504735648632049560546875" lon="118.14139391295611858367919921875">
        <ele>37.799999237060546875</ele>
        <time>2025-04-05T12:15:46.000Z</time>
        <extensions>
          <ns3:TrackPointExtension>
            <ns3:hr>125</ns3:hr>
            <ns3:cad>88</ns3:cad>
          </ns3:TrackPointExtension>
        </extensions>
      </trkpt>
      <trkpt lat="24.47650481946766376495361328125" lon="118.14136541448533535003662109375">
        <ele>37.799999237060546875</ele>
        <time>2025-04-05T12:15:47.000Z</time>
        <extensions>
          <ns3:TrackPointExtension>
            <ns3:hr>125</ns3:hr>
            <ns3:cad>88</ns3:cad>
          </ns3:TrackPointExtension>
        </extensions>
      </trkpt>
      <trkpt lat="24.47650213725864887237548828125" lon="118.14135099761188030242919921875">
        <ele>37.799999237060546875</ele>
        <time>2025-04-05T12:15:48.000Z</time>
        <extensions>
          <ns3:TrackPointExtension>
            <ns3:hr>125</ns3:hr>
            <ns3:cad>88</ns3:cad>
          </ns3:TrackPointExtension>
        </extensions>
      </trkpt>
      <trkpt lat="24.47650632821023464202880859375" lon="118.14131948165595531463623046875">
        <ele>37.799999237060546875</ele>
        <time>2025-04-05T12:15:49.000Z</time>
        <extensions>
          <ns3:TrackPointExtension>
            <ns3:hr>125</ns3:hr>
            <ns3:cad>88</ns3:cad>
          </ns3:TrackPointExtension>
        </extensions>
      </trkpt>
      <trkpt lat="24.47650196962058544158935546875" lon="118.14130246639251708984375">
        <ele>37.799999237060546875</ele>
        <time>2025-04-05T12:15:50.000Z</time>
        <extensions>
          <ns3:TrackPointExtension>
            <ns3:hr>126</ns3:hr>
            <ns3:cad>87</ns3:cad>
          </ns3:TrackPointExtension>
        </extensions>
      </trkpt>
      <trkpt lat="24.4765082560479640960693359375" lon="118.141263239085674285888671875">
        <ele>37.799999237060546875</ele>
        <time>2025-04-05T12:15:51.000Z</time>
        <extensions>
          <ns3:TrackPointExtension>
            <ns3:hr>126</ns3:hr>
            <ns3:cad>87</ns3:cad>
          </ns3:TrackPointExtension>
        </extensions>
      </trkpt>
      <trkpt lat="24.47650817222893238067626953125" lon="118.14123298041522502899169921875">
        <ele>37.799999237060546875</ele>
        <time>2025-04-05T12:15:52.000Z</time>
        <extensions>
          <ns3:TrackPointExtension>
            <ns3:hr>126</ns3:hr>
            <ns3:cad>88</ns3:cad>
          </ns3:TrackPointExtension>
        </extensions>
      </trkpt>
      <trkpt lat="24.4765132851898670196533203125" lon="118.14119425602257251739501953125">
        <ele>37.799999237060546875</ele>
        <time>2025-04-05T12:15:53.000Z</time>
        <extensions>
          <ns3:TrackPointExtension>
            <ns3:hr>126</ns3:hr>
            <ns3:cad>88</ns3:cad>
          </ns3:TrackPointExtension>
        </extensions>
      </trkpt>
      <trkpt lat="24.47651638649404048919677734375" lon="118.141163997352123260498046875">
        <ele>37.799999237060546875</ele>
        <time>2025-04-05T12:15:54.000Z</time>
        <extensions>
          <ns3:TrackPointExtension>
            <ns3:hr>126</ns3:hr>
            <ns3:cad>88</ns3:cad>
          </ns3:TrackPointExtension>
        </extensions>
      </trkpt>
      <trkpt lat="24.47651890106499195098876953125" lon="118.14113340340554714202880859375">
        <ele>37.799999237060546875</ele>
        <time>2025-04-05T12:15:55.000Z</time>
        <extensions>
          <ns3:TrackPointExtension>
            <ns3:hr>126</ns3:hr>
            <ns3:cad>88</ns3:cad>
          </ns3:TrackPointExtension>
        </extensions>
      </trkpt>
      <trkpt lat="24.4765233434736728668212890625" lon="118.14110624603927135467529296875">
        <ele>37.799999237060546875</ele>
        <time>2025-04-05T12:15:56.000Z</time>
        <extensions>
          <ns3:TrackPointExtension>
            <ns3:hr>126</ns3:hr>
            <ns3:cad>88</ns3:cad>
          </ns3:TrackPointExtension>
        </extensions>
      </trkpt>
      <trkpt lat="24.476526863873004913330078125" lon="118.14107221551239490509033203125">
        <ele>37.799999237060546875</ele>
        <time>2025-04-05T12:15:57.000Z</time>
        <extensions>
          <ns3:TrackPointExtension>
            <ns3:hr>126</ns3:hr>
            <ns3:cad>87</ns3:cad>
          </ns3:TrackPointExtension>
        </extensions>
      </trkpt>
      <trkpt lat="24.47653817944228649139404296875" lon="118.141041286289691925048828125">
        <ele>37.799999237060546875</ele>
        <time>2025-04-05T12:15:58.000Z</time>
        <extensions>
          <ns3:TrackPointExtension>
            <ns3:hr>126</ns3:hr>
            <ns3:cad>88</ns3:cad>
          </ns3:TrackPointExtension>
        </extensions>
      </trkpt>
      <trkpt lat="24.476542957127094268798828125" lon="118.14101538620889186859130859375">
        <ele>37.799999237060546875</ele>
        <time>2025-04-05T12:15:59.000Z</time>
        <extensions>
          <ns3:TrackPointExtension>
            <ns3:hr>126</ns3:hr>
            <ns3:cad>88</ns3:cad>
          </ns3:TrackPointExtension>
        </extensions>
      </trkpt>
      <trkpt lat="24.4765694439411163330078125" lon="118.1409953534603118896484375">
        <ele>37.59999847412109375</ele>
        <time>2025-04-05T12:16:00.000Z</time>
        <extensions>
          <ns3:TrackPointExtension>
            <ns3:hr>127</ns3:hr>
            <ns3:cad>88</ns3:cad>
          </ns3:TrackPointExtension>
        </extensions>
      </trkpt>
      <trkpt lat="24.47658394463360309600830078125" lon="118.14098060131072998046875">
        <ele>37.59999847412109375</ele>
        <time>2025-04-05T12:16:01.000Z</time>
        <extensions>
          <ns3:TrackPointExtension>
            <ns3:hr>126</ns3:hr>
            <ns3:cad>88</ns3:cad>
          </ns3:TrackPointExtension>
        </extensions>
      </trkpt>
      <trkpt lat="24.47661168873310089111328125" lon="118.14096291549503803253173828125">
        <ele>37.59999847412109375</ele>
        <time>2025-04-05T12:16:02.000Z</time>
        <extensions>
          <ns3:TrackPointExtension>
            <ns3:hr>126</ns3:hr>
            <ns3:cad>88</ns3:cad>
          </ns3:TrackPointExtension>
        </extensions>
      </trkpt>
      <trkpt lat="24.47662786580622196197509765625" lon="118.14094908535480499267578125">
        <ele>37.59999847412109375</ele>
        <time>2025-04-05T12:16:03.000Z</time>
        <extensions>
          <ns3:TrackPointExtension>
            <ns3:hr>126</ns3:hr>
            <ns3:cad>88</ns3:cad>
          </ns3:TrackPointExtension>
        </extensions>
      </trkpt>
      <trkpt lat="24.47665485553443431854248046875" lon="118.1409348361194133758544921875">
        <ele>37.59999847412109375</ele>
        <time>2025-04-05T12:16:04.000Z</time>
        <extensions>
          <ns3:TrackPointExtension>
            <ns3:hr>127</ns3:hr>
            <ns3:cad>88</ns3:cad>
          </ns3:TrackPointExtension>
        </extensions>
      </trkpt>
      <trkpt lat="24.47667061351239681243896484375" lon="118.14092787913978099822998046875">
        <ele>37.59999847412109375</ele>
        <time>2025-04-05T12:16:05.000Z</time>
        <extensions>
          <ns3:TrackPointExtension>
            <ns3:hr>125</ns3:hr>
            <ns3:cad>88</ns3:cad>
          </ns3:TrackPointExtension>
        </extensions>
      </trkpt>
      <trkpt lat="24.47669827379286289215087890625" lon="118.14092452637851238250732421875">
        <ele>37.59999847412109375</ele>
        <time>2025-04-05T12:16:06.000Z</time>
        <extensions>
          <ns3:TrackPointExtension>
            <ns3:hr>124</ns3:hr>
            <ns3:cad>88</ns3:cad>
          </ns3:TrackPointExtension>
        </extensions>
      </trkpt>
      <trkpt lat="24.4767184741795063018798828125" lon="118.14091865904629230499267578125">
        <ele>37.59999847412109375</ele>
        <time>2025-04-05T12:16:07.000Z</time>
        <extensions>
          <ns3:TrackPointExtension>
            <ns3:hr>124</ns3:hr>
            <ns3:cad>88</ns3:cad>
          </ns3:TrackPointExtension>
        </extensions>
      </trkpt>
      <trkpt lat="24.47675049304962158203125" lon="118.14091245643794536590576171875">
        <ele>37.40000152587890625</ele>
        <time>2025-04-05T12:16:08.000Z</time>
        <extensions>
          <ns3:TrackPointExtension>
            <ns3:hr>124</ns3:hr>
            <ns3:cad>88</ns3:cad>
          </ns3:TrackPointExtension>
        </extensions>
      </trkpt>
      <trkpt lat="24.4767768122255802154541015625" lon="118.14091145060956478118896484375">
        <ele>37.40000152587890625</ele>
        <time>2025-04-05T12:16:09.000Z</time>
        <extensions>
          <ns3:TrackPointExtension>
            <ns3:hr>124</ns3:hr>
            <ns3:cad>88</ns3:cad>
          </ns3:TrackPointExtension>
        </extensions>
      </trkpt>
      <trkpt lat="24.476809836924076080322265625" lon="118.14091019332408905029296875">
        <ele>37.40000152587890625</ele>
        <time>2025-04-05T12:16:10.000Z</time>
        <extensions>
          <ns3:TrackPointExtension>
            <ns3:hr>124</ns3:hr>
            <ns3:cad>88</ns3:cad>
          </ns3:TrackPointExtension>
        </extensions>
      </trkpt>
      <trkpt lat="24.4768331386148929595947265625" lon="118.14090885221958160400390625">
        <ele>37.40000152587890625</ele>
        <time>2025-04-05T12:16:11.000Z</time>
        <extensions>
          <ns3:TrackPointExtension>
            <ns3:hr>124</ns3:hr>
            <ns3:cad>88</ns3:cad>
          </ns3:TrackPointExtension>
        </extensions>
      </trkpt>
      <trkpt lat="24.476858116686344146728515625" lon="118.1409090198576450347900390625">
        <ele>37.40000152587890625</ele>
        <time>2025-04-05T12:16:12.000Z</time>
        <extensions>
          <ns3:TrackPointExtension>
            <ns3:hr>123</ns3:hr>
            <ns3:cad>88</ns3:cad>
          </ns3:TrackPointExtension>
        </extensions>
      </trkpt>
      <trkpt lat="24.4768807478249073028564453125" lon="118.14091346226632595062255859375">
        <ele>37.200000762939453125</ele>
        <time>2025-04-05T12:16:13.000Z</time>
        <extensions>
          <ns3:TrackPointExtension>
            <ns3:hr>123</ns3:hr>
            <ns3:cad>88</ns3:cad>
          </ns3:TrackPointExtension>
        </extensions>
      </trkpt>
      <trkpt lat="24.4769075699150562286376953125" lon="118.14091547392308712005615234375">
        <ele>37.200000762939453125</ele>
        <time>2025-04-05T12:16:14.000Z</time>
        <extensions>
          <ns3:TrackPointExtension>
            <ns3:hr>123</ns3:hr>
            <ns3:cad>88</ns3:cad>
          </ns3:TrackPointExtension>
        </extensions>
      </trkpt>
      <trkpt lat="24.4769350625574588775634765625" lon="118.14092067070305347442626953125">
        <ele>37.200000762939453125</ele>
        <time>2025-04-05T12:16:15.000Z</time>
        <extensions>
          <ns3:TrackPointExtension>
            <ns3:hr>123</ns3:hr>
            <ns3:cad>88</ns3:cad>
          </ns3:TrackPointExtension>
        </extensions>
      </trkpt>
      <trkpt lat="24.4769555144011974334716796875" lon="118.14092083834111690521240234375">
        <ele>37.200000762939453125</ele>
        <time>2025-04-05T12:16:16.000Z</time>
        <extensions>
          <ns3:TrackPointExtension>
            <ns3:hr>124</ns3:hr>
            <ns3:cad>88</ns3:cad>
          </ns3:TrackPointExtension>
        </extensions>
      </trkpt>
      <trkpt lat="24.4769816659390926361083984375" lon="118.1409247778356075286865234375">
        <ele>37.200000762939453125</ele>
        <time>2025-04-05T12:16:17.000Z</time>
        <extensions>
          <ns3:TrackPointExtension>
            <ns3:hr>124</ns3:hr>
            <ns3:cad>88</ns3:cad>
          </ns3:TrackPointExtension>
        </extensions>
      </trkpt>
      <trkpt lat="24.47700195014476776123046875" lon="118.14092628657817840576171875">
        <ele>37.200000762939453125</ele>
        <time>2025-04-05T12:16:18.000Z</time>
        <extensions>
          <ns3:TrackPointExtension>
            <ns3:hr>124</ns3:hr>
            <ns3:cad>89</ns3:cad>
          </ns3:TrackPointExtension>
        </extensions>
      </trkpt>
      <trkpt lat="24.47702734731137752532958984375" lon="118.14092989079654216766357421875">
        <ele>37.200000762939453125</ele>
        <time>2025-04-05T12:16:19.000Z</time>
        <extensions>
          <ns3:TrackPointExtension>
            <ns3:hr>124</ns3:hr>
            <ns3:cad>88</ns3:cad>
          </ns3:TrackPointExtension>
        </extensions>
      </trkpt>
      <trkpt lat="24.47705014608800411224365234375" lon="118.14092838205397129058837890625">
        <ele>37.200000762939453125</ele>
        <time>2025-04-05T12:16:20.000Z</time>
        <extensions>
          <ns3:TrackPointExtension>
            <ns3:hr>124</ns3:hr>
            <ns3:cad>88</ns3:cad>
          </ns3:TrackPointExtension>
        </extensions>
      </trkpt>
      <trkpt lat="24.47707797400653362274169921875" lon="118.14093324355781078338623046875">
        <ele>37.200000762939453125</ele>
        <time>2025-04-05T12:16:21.000Z</time>
        <extensions>
          <ns3:TrackPointExtension>
            <ns3:hr>123</ns3:hr>
            <ns3:cad>88</ns3:cad>
          </ns3:TrackPointExtension>
        </extensions>
      </trkpt>
      <trkpt lat="24.4770986773073673248291015625" lon="118.14093575812876224517822265625">
        <ele>37.200000762939453125</ele>
        <time>2025-04-05T12:16:22.000Z</time>
        <extensions>
          <ns3:TrackPointExtension>
            <ns3:hr>124</ns3:hr>
            <ns3:cad>88</ns3:cad>
          </ns3:TrackPointExtension>
        </extensions>
      </trkpt>
      <trkpt lat="24.47712399065494537353515625" lon="118.140936009585857391357421875">
        <ele>37.200000762939453125</ele>
        <time>2025-04-05T12:16:23.000Z</time>
        <extensions>
          <ns3:TrackPointExtension>
            <ns3:hr>124</ns3:hr>
            <ns3:cad>88</ns3:cad>
          </ns3:TrackPointExtension>
        </extensions>
      </trkpt>
      <trkpt lat="24.4771466217935085296630859375" lon="118.14093508757650852203369140625">
        <ele>37.200000762939453125</ele>
        <time>2025-04-05T12:16:24.000Z</time>
        <extensions>
          <ns3:TrackPointExtension>
            <ns3:hr>124</ns3:hr>
            <ns3:cad>88</ns3:cad>
          </ns3:TrackPointExtension>
        </extensions>
      </trkpt>
      <trkpt lat="24.47717386297881603240966796875" lon="118.140935339033603668212890625">
        <ele>37.200000762939453125</ele>
        <time>2025-04-05T12:16:25.000Z</time>
        <extensions>
          <ns3:TrackPointExtension>
            <ns3:hr>125</ns3:hr>
            <ns3:cad>88</ns3:cad>
          </ns3:TrackPointExtension>
        </extensions>
      </trkpt>
      <trkpt lat="24.4771962426602840423583984375" lon="118.14093072898685932159423828125">
        <ele>37.200000762939453125</ele>
        <time>2025-04-05T12:16:26.000Z</time>
        <extensions>
          <ns3:TrackPointExtension>
            <ns3:hr>127</ns3:hr>
            <ns3:cad>88</ns3:cad>
          </ns3:TrackPointExtension>
        </extensions>
      </trkpt>
      <trkpt lat="24.47722432203590869903564453125" lon="118.140931315720081329345703125">
        <ele>37.200000762939453125</ele>
        <time>2025-04-05T12:16:27.000Z</time>
        <extensions>
          <ns3:TrackPointExtension>
            <ns3:hr>129</ns3:hr>
            <ns3:cad>88</ns3:cad>
          </ns3:TrackPointExtension>
        </extensions>
      </trkpt>
      <trkpt lat="24.477247707545757293701171875" lon="118.14093693159520626068115234375">
        <ele>37</ele>
        <time>2025-04-05T12:16:28.000Z</time>
        <extensions>
          <ns3:TrackPointExtension>
            <ns3:hr>133</ns3:hr>
            <ns3:cad>88</ns3:cad>
          </ns3:TrackPointExtension>
        </extensions>
      </trkpt>
      <trkpt lat="24.47727846913039684295654296875" lon="118.1409371830523014068603515625">
        <ele>37</ele>
        <time>2025-04-05T12:16:29.000Z</time>
        <extensions>
          <ns3:TrackPointExtension>
            <ns3:hr>134</ns3:hr>
            <ns3:cad>89</ns3:cad>
          </ns3:TrackPointExtension>
        </extensions>
      </trkpt>
      <trkpt lat="24.47730126790702342987060546875" lon="118.14093542285263538360595703125">
        <ele>37</ele>
        <time>2025-04-05T12:16:30.000Z</time>
        <extensions>
          <ns3:TrackPointExtension>
            <ns3:hr>135</ns3:hr>
            <ns3:cad>88</ns3:cad>
          </ns3:TrackPointExtension>
        </extensions>
      </trkpt>
      <trkpt lat="24.477330185472965240478515625" lon="118.14093475230038166046142578125">
        <ele>37</ele>
        <time>2025-04-05T12:16:31.000Z</time>
        <extensions>
          <ns3:TrackPointExtension>
            <ns3:hr>135</ns3:hr>
            <ns3:cad>88</ns3:cad>
          </ns3:TrackPointExtension>
        </extensions>
      </trkpt>
      <trkpt lat="24.4773524813354015350341796875" lon="118.1409363448619842529296875">
        <ele>37</ele>
        <time>2025-04-05T12:16:32.000Z</time>
        <extensions>
          <ns3:TrackPointExtension>
            <ns3:hr>137</ns3:hr>
            <ns3:cad>88</ns3:cad>
          </ns3:TrackPointExtension>
        </extensions>
      </trkpt>
      <trkpt lat="24.4773786328732967376708984375" lon="118.140937350690364837646484375">
        <ele>37</ele>
        <time>2025-04-05T12:16:33.000Z</time>
        <extensions>
          <ns3:TrackPointExtension>
            <ns3:hr>138</ns3:hr>
            <ns3:cad>88</ns3:cad>
          </ns3:TrackPointExtension>
        </extensions>
      </trkpt>
      <trkpt lat="24.4774036109447479248046875" lon="118.14094564877450466156005859375">
        <ele>37</ele>
        <time>2025-04-05T12:16:34.000Z</time>
        <extensions>
          <ns3:TrackPointExtension>
            <ns3:hr>138</ns3:hr>
            <ns3:cad>88</ns3:cad>
          </ns3:TrackPointExtension>
        </extensions>
      </trkpt>
      <trkpt lat="24.4774306006729602813720703125" lon="118.14095352776348590850830078125">
        <ele>37</ele>
        <time>2025-04-05T12:16:35.000Z</time>
        <extensions>
          <ns3:TrackPointExtension>
            <ns3:hr>139</ns3:hr>
            <ns3:cad>88</ns3:cad>
          </ns3:TrackPointExtension>
        </extensions>
      </trkpt>
      <trkpt lat="24.4774560816586017608642578125" lon="118.140956126153469085693359375">
        <ele>37</ele>
        <time>2025-04-05T12:16:36.000Z</time>
        <extensions>
          <ns3:TrackPointExtension>
            <ns3:hr>139</ns3:hr>
            <ns3:cad>88</ns3:cad>
          </ns3:TrackPointExtension>
        </extensions>
      </trkpt>
      <trkpt lat="24.4774813950061798095703125" lon="118.14095847308635711669921875">
        <ele>37</ele>
        <time>2025-04-05T12:16:37.000Z</time>
        <extensions>
          <ns3:TrackPointExtension>
            <ns3:hr>139</ns3:hr>
            <ns3:cad>88</ns3:cad>
          </ns3:TrackPointExtension>
        </extensions>
      </trkpt>
      <trkpt lat="24.4775067083537578582763671875" lon="118.14096274785697460174560546875">
        <ele>37</ele>
        <time>2025-04-05T12:16:38.000Z</time>
        <extensions>
          <ns3:TrackPointExtension>
            <ns3:hr>138</ns3:hr>
            <ns3:cad>88</ns3:cad>
          </ns3:TrackPointExtension>
        </extensions>
      </trkpt>
      <trkpt lat="24.47753294371068477630615234375" lon="118.1409604847431182861328125">
        <ele>37</ele>
        <time>2025-04-05T12:16:39.000Z</time>
        <extensions>
          <ns3:TrackPointExtension>
            <ns3:hr>139</ns3:hr>
            <ns3:cad>88</ns3:cad>
          </ns3:TrackPointExtension>
        </extensions>
      </trkpt>
      <trkpt lat="24.47755875997245311737060546875" lon="118.140964172780513763427734375">
        <ele>36.799999237060546875</ele>
        <time>2025-04-05T12:16:40.000Z</time>
        <extensions>
          <ns3:TrackPointExtension>
            <ns3:hr>139</ns3:hr>
            <ns3:cad>88</ns3:cad>
          </ns3:TrackPointExtension>
        </extensions>
      </trkpt>
      <trkpt lat="24.4775831513106822967529296875" lon="118.14096224494278430938720703125">
        <ele>36.799999237060546875</ele>
        <time>2025-04-05T12:16:41.000Z</time>
        <extensions>
          <ns3:TrackPointExtension>
            <ns3:hr>139</ns3:hr>
            <ns3:cad>88</ns3:cad>
          </ns3:TrackPointExtension>
        </extensions>
      </trkpt>
      <trkpt lat="24.47761056013405323028564453125" lon="118.14096777699887752532958984375">
        <ele>36.799999237060546875</ele>
        <time>2025-04-05T12:16:42.000Z</time>
        <extensions>
          <ns3:TrackPointExtension>
            <ns3:hr>138</ns3:hr>
            <ns3:cad>88</ns3:cad>
          </ns3:TrackPointExtension>
        </extensions>
      </trkpt>
      <trkpt lat="24.47763486765325069427490234375" lon="118.14097062684595584869384765625">
        <ele>36.799999237060546875</ele>
        <time>2025-04-05T12:16:43.000Z</time>
        <extensions>
          <ns3:TrackPointExtension>
            <ns3:hr>139</ns3:hr>
            <ns3:cad>88</ns3:cad>
          </ns3:TrackPointExtension>
        </extensions>
      </trkpt>
      <trkpt lat="24.47766135446727275848388671875" lon="118.14097565598785877227783203125">
        <ele>36.799999237060546875</ele>
        <time>2025-04-05T12:16:44.000Z</time>
        <extensions>
          <ns3:TrackPointExtension>
            <ns3:hr>139</ns3:hr>
            <ns3:cad>88</ns3:cad>
          </ns3:TrackPointExtension>
        </extensions>
      </trkpt>
      <trkpt lat="24.4776810519397258758544921875" lon="118.1409723870456218719482421875">
        <ele>36.799999237060546875</ele>
        <time>2025-04-05T12:16:45.000Z</time>
        <extensions>
          <ns3:TrackPointExtension>
            <ns3:hr>139</ns3:hr>
            <ns3:cad>88</ns3:cad>
          </ns3:TrackPointExtension>
        </extensions>
      </trkpt>
      <trkpt lat="24.4777088798582553863525390625" lon="118.14097934402525424957275390625">
        <ele>36.799999237060546875</ele>
        <time>2025-04-05T12:16:46.000Z</time>
        <extensions>
          <ns3:TrackPointExtension>
            <ns3:hr>138</ns3:hr>
            <ns3:cad>88</ns3:cad>
          </ns3:TrackPointExtension>
        </extensions>
      </trkpt>
      <trkpt lat="24.47773092426359653472900390625" lon="118.140982948243618011474609375">
        <ele>36.799999237060546875</ele>
        <time>2025-04-05T12:16:47.000Z</time>
        <extensions>
          <ns3:TrackPointExtension>
            <ns3:hr>139</ns3:hr>
            <ns3:cad>88</ns3:cad>
          </ns3:TrackPointExtension>
        </extensions>
      </trkpt>
      <trkpt lat="24.47775992564857006072998046875" lon="118.14098537899553775787353515625">
        <ele>36.799999237060546875</ele>
        <time>2025-04-05T12:16:48.000Z</time>
        <extensions>
          <ns3:TrackPointExtension>
            <ns3:hr>139</ns3:hr>
            <ns3:cad>88</ns3:cad>
          </ns3:TrackPointExtension>
        </extensions>
      </trkpt>
      <trkpt lat="24.47777886874973773956298828125" lon="118.1409841217100620269775390625">
        <ele>36.799999237060546875</ele>
        <time>2025-04-05T12:16:49.000Z</time>
        <extensions>
          <ns3:TrackPointExtension>
            <ns3:hr>140</ns3:hr>
            <ns3:cad>88</ns3:cad>
          </ns3:TrackPointExtension>
        </extensions>
      </trkpt>
      <trkpt lat="24.47781306691467761993408203125" lon="118.1409901566803455352783203125">
        <ele>37</ele>
        <time>2025-04-05T12:16:50.000Z</time>
        <extensions>
          <ns3:TrackPointExtension>
            <ns3:hr>140</ns3:hr>
            <ns3:cad>88</ns3:cad>
          </ns3:TrackPointExtension>
        </extensions>
      </trkpt>
      <trkpt lat="24.477834440767765045166015625" lon="118.1409945152699947357177734375">
        <ele>36.799999237060546875</ele>
        <time>2025-04-05T12:16:51.000Z</time>
        <extensions>
          <ns3:TrackPointExtension>
            <ns3:hr>140</ns3:hr>
            <ns3:cad>88</ns3:cad>
          </ns3:TrackPointExtension>
        </extensions>
      </trkpt>
      <trkpt lat="24.4778610952198505401611328125" lon="118.1409948505461215972900390625">
        <ele>37</ele>
        <time>2025-04-05T12:16:52.000Z</time>
        <extensions>
          <ns3:TrackPointExtension>
            <ns3:hr>140</ns3:hr>
            <ns3:cad>88</ns3:cad>
          </ns3:TrackPointExtension>
        </extensions>
      </trkpt>
      <trkpt lat="24.477885067462921142578125" lon="118.14099602401256561279296875">
        <ele>37</ele>
        <time>2025-04-05T12:16:53.000Z</time>
        <extensions>
          <ns3:TrackPointExtension>
            <ns3:hr>141</ns3:hr>
            <ns3:cad>87</ns3:cad>
          </ns3:TrackPointExtension>
        </extensions>
      </trkpt>
      <trkpt lat="24.47791096754372119903564453125" lon="118.14099493436515331268310546875">
        <ele>37</ele>
        <time>2025-04-05T12:16:54.000Z</time>
        <extensions>
          <ns3:TrackPointExtension>
            <ns3:hr>141</ns3:hr>
            <ns3:cad>87</ns3:cad>
          </ns3:TrackPointExtension>
        </extensions>
      </trkpt>
      <trkpt lat="24.47793644852936267852783203125" lon="118.1409955210983753204345703125">
        <ele>36.799999237060546875</ele>
        <time>2025-04-05T12:16:55.000Z</time>
        <extensions>
          <ns3:TrackPointExtension>
            <ns3:hr>141</ns3:hr>
            <ns3:cad>87</ns3:cad>
          </ns3:TrackPointExtension>
        </extensions>
      </trkpt>
      <trkpt lat="24.47796125896275043487548828125" lon="118.1409901566803455352783203125">
        <ele>36.799999237060546875</ele>
        <time>2025-04-05T12:16:56.000Z</time>
        <extensions>
          <ns3:TrackPointExtension>
            <ns3:hr>140</ns3:hr>
            <ns3:cad>87</ns3:cad>
          </ns3:TrackPointExtension>
        </extensions>
      </trkpt>
      <trkpt lat="24.4779895059764385223388671875" lon="118.1409951858222484588623046875">
        <ele>36.799999237060546875</ele>
        <time>2025-04-05T12:16:57.000Z</time>
        <extensions>
          <ns3:TrackPointExtension>
            <ns3:hr>141</ns3:hr>
            <ns3:cad>87</ns3:cad>
          </ns3:TrackPointExtension>
        </extensions>
      </trkpt>
      <trkpt lat="24.47801322676241397857666015625" lon="118.14099526964128017425537109375">
        <ele>36.799999237060546875</ele>
        <time>2025-04-05T12:16:58.000Z</time>
        <extensions>
          <ns3:TrackPointExtension>
            <ns3:hr>141</ns3:hr>
            <ns3:cad>87</ns3:cad>
          </ns3:TrackPointExtension>
        </extensions>
      </trkpt>
      <trkpt lat="24.478040635585784912109375" lon="118.141002394258975982666015625">
        <ele>36.799999237060546875</ele>
        <time>2025-04-05T12:16:59.000Z</time>
        <extensions>
          <ns3:TrackPointExtension>
            <ns3:hr>141</ns3:hr>
            <ns3:cad>87</ns3:cad>
          </ns3:TrackPointExtension>
        </extensions>
      </trkpt>
      <trkpt lat="24.478063769638538360595703125" lon="118.14099962823092937469482421875">
        <ele>36.799999237060546875</ele>
        <time>2025-04-05T12:17:00.000Z</time>
        <extensions>
          <ns3:TrackPointExtension>
            <ns3:hr>141</ns3:hr>
            <ns3:cad>87</ns3:cad>
          </ns3:TrackPointExtension>
        </extensions>
      </trkpt>
      <trkpt lat="24.4780927710235118865966796875" lon="118.14100675284862518310546875">
        <ele>36.799999237060546875</ele>
        <time>2025-04-05T12:17:01.000Z</time>
        <extensions>
          <ns3:TrackPointExtension>
            <ns3:hr>141</ns3:hr>
            <ns3:cad>87</ns3:cad>
          </ns3:TrackPointExtension>
        </extensions>
      </trkpt>
      <trkpt lat="24.47811305522918701171875" lon="118.14100096933543682098388671875">
        <ele>36.799999237060546875</ele>
        <time>2025-04-05T12:17:02.000Z</time>
        <extensions>
          <ns3:TrackPointExtension>
            <ns3:hr>141</ns3:hr>
            <ns3:cad>88</ns3:cad>
          </ns3:TrackPointExtension>
        </extensions>
      </trkpt>
      <trkpt lat="24.47814499028027057647705078125" lon="118.14100633375346660614013671875">
        <ele>36.799999237060546875</ele>
        <time>2025-04-05T12:17:03.000Z</time>
        <extensions>
          <ns3:TrackPointExtension>
            <ns3:hr>141</ns3:hr>
            <ns3:cad>88</ns3:cad>
          </ns3:TrackPointExtension>
        </extensions>
      </trkpt>
      <trkpt lat="24.4781601615250110626220703125" lon="118.14099962823092937469482421875">
        <ele>36.799999237060546875</ele>
        <time>2025-04-05T12:17:04.000Z</time>
        <extensions>
          <ns3:TrackPointExtension>
            <ns3:hr>141</ns3:hr>
            <ns3:cad>88</ns3:cad>
          </ns3:TrackPointExtension>
        </extensions>
      </trkpt>
      <trkpt lat="24.478191174566745758056640625" lon="118.14098537899553775787353515625">
        <ele>36.799999237060546875</ele>
        <time>2025-04-05T12:17:05.000Z</time>
        <extensions>
          <ns3:TrackPointExtension>
            <ns3:hr>141</ns3:hr>
            <ns3:cad>88</ns3:cad>
          </ns3:TrackPointExtension>
        </extensions>
      </trkpt>
      <trkpt lat="24.4782124646008014678955078125" lon="118.14097247086465358734130859375">
        <ele>36.799999237060546875</ele>
        <time>2025-04-05T12:17:06.000Z</time>
        <extensions>
          <ns3:TrackPointExtension>
            <ns3:hr>142</ns3:hr>
            <ns3:cad>88</ns3:cad>
          </ns3:TrackPointExtension>
        </extensions>
      </trkpt>
      <trkpt lat="24.4782446511089801788330078125" lon="118.14096123911440372467041015625">
        <ele>36.799999237060546875</ele>
        <time>2025-04-05T12:17:07.000Z</time>
        <extensions>
          <ns3:TrackPointExtension>
            <ns3:hr>142</ns3:hr>
            <ns3:cad>88</ns3:cad>
          </ns3:TrackPointExtension>
        </extensions>
      </trkpt>
      <trkpt lat="24.47826149873435497283935546875" lon="118.14095973037183284759521484375">
        <ele>36.799999237060546875</ele>
        <time>2025-04-05T12:17:08.000Z</time>
        <extensions>
          <ns3:TrackPointExtension>
            <ns3:hr>142</ns3:hr>
            <ns3:cad>88</ns3:cad>
          </ns3:TrackPointExtension>
        </extensions>
      </trkpt>
      <trkpt lat="24.4782806932926177978515625" lon="118.140959478914737701416015625">
        <ele>36.799999237060546875</ele>
        <time>2025-04-05T12:17:09.000Z</time>
        <extensions>
          <ns3:TrackPointExtension>
            <ns3:hr>142</ns3:hr>
            <ns3:cad>88</ns3:cad>
          </ns3:TrackPointExtension>
        </extensions>
      </trkpt>
      <trkpt lat="24.478295780718326568603515625" lon="118.140959478914737701416015625">
        <ele>36.799999237060546875</ele>
        <time>2025-04-05T12:17:10.000Z</time>
        <extensions>
          <ns3:TrackPointExtension>
            <ns3:hr>141</ns3:hr>
            <ns3:cad>88</ns3:cad>
          </ns3:TrackPointExtension>
        </extensions>
      </trkpt>
      <trkpt lat="24.47831799276173114776611328125" lon="118.14095872454345226287841796875">
        <ele>36.799999237060546875</ele>
        <time>2025-04-05T12:17:11.000Z</time>
        <extensions>
          <ns3:TrackPointExtension>
            <ns3:hr>141</ns3:hr>
            <ns3:cad>88</ns3:cad>
          </ns3:TrackPointExtension>
        </extensions>
      </trkpt>
      <trkpt lat="24.47833928279578685760498046875" lon="118.14096249639987945556640625">
        <ele>36.799999237060546875</ele>
        <time>2025-04-05T12:17:12.000Z</time>
        <extensions>
          <ns3:TrackPointExtension>
            <ns3:hr>141</ns3:hr>
            <ns3:cad>88</ns3:cad>
          </ns3:TrackPointExtension>
        </extensions>
      </trkpt>
      <trkpt lat="24.478364847600460052490234375" lon="118.1409629993140697479248046875">
        <ele>36.799999237060546875</ele>
        <time>2025-04-05T12:17:13.000Z</time>
        <extensions>
          <ns3:TrackPointExtension>
            <ns3:hr>142</ns3:hr>
            <ns3:cad>87</ns3:cad>
          </ns3:TrackPointExtension>
        </extensions>
      </trkpt>
      <trkpt lat="24.47839074768126010894775390625" lon="118.1409636698663234710693359375">
        <ele>36.799999237060546875</ele>
        <time>2025-04-05T12:17:14.000Z</time>
        <extensions>
          <ns3:TrackPointExtension>
            <ns3:hr>141</ns3:hr>
            <ns3:cad>88</ns3:cad>
          </ns3:TrackPointExtension>
        </extensions>
      </trkpt>
      <trkpt lat="24.47841404937207698822021484375" lon="118.14096140675246715545654296875">
        <ele>37</ele>
        <time>2025-04-05T12:17:15.000Z</time>
        <extensions>
          <ns3:TrackPointExtension>
            <ns3:hr>141</ns3:hr>
            <ns3:cad>88</ns3:cad>
          </ns3:TrackPointExtension>
        </extensions>
      </trkpt>
      <trkpt lat="24.47844095528125762939453125" lon="118.14095847308635711669921875">
        <ele>37</ele>
        <time>2025-04-05T12:17:16.000Z</time>
        <extensions>
          <ns3:TrackPointExtension>
            <ns3:hr>141</ns3:hr>
            <ns3:cad>88</ns3:cad>
          </ns3:TrackPointExtension>
        </extensions>
      </trkpt>
      <trkpt lat="24.47845973074436187744140625" lon="118.140959478914737701416015625">
        <ele>37</ele>
        <time>2025-04-05T12:17:17.000Z</time>
        <extensions>
          <ns3:TrackPointExtension>
            <ns3:hr>141</ns3:hr>
            <ns3:cad>88</ns3:cad>
          </ns3:TrackPointExtension>
        </extensions>
      </trkpt>
      <trkpt lat="24.478488899767398834228515625" lon="118.1409596465528011322021484375">
        <ele>37</ele>
        <time>2025-04-05T12:17:18.000Z</time>
        <extensions>
          <ns3:TrackPointExtension>
            <ns3:hr>141</ns3:hr>
            <ns3:cad>87</ns3:cad>
          </ns3:TrackPointExtension>
        </extensions>
      </trkpt>
      <trkpt lat="24.47851144708693027496337890625" lon="118.1409497559070587158203125">
        <ele>37</ele>
        <time>2025-04-05T12:17:19.000Z</time>
        <extensions>
          <ns3:TrackPointExtension>
            <ns3:hr>141</ns3:hr>
            <ns3:cad>87</ns3:cad>
          </ns3:TrackPointExtension>
        </extensions>
      </trkpt>
      <trkpt lat="24.47854497469961643218994140625" lon="118.1409579701721668243408203125">
        <ele>37</ele>
        <time>2025-04-05T12:17:20.000Z</time>
        <extensions>
          <ns3:TrackPointExtension>
            <ns3:hr>141</ns3:hr>
            <ns3:cad>87</ns3:cad>
          </ns3:TrackPointExtension>
        </extensions>
      </trkpt>
      <trkpt lat="24.478563331067562103271484375" lon="118.14096358604729175567626953125">
        <ele>37</ele>
        <time>2025-04-05T12:17:21.000Z</time>
        <extensions>
          <ns3:TrackPointExtension>
            <ns3:hr>141</ns3:hr>
            <ns3:cad>88</ns3:cad>
          </ns3:TrackPointExtension>
        </extensions>
      </trkpt>
      <trkpt lat="24.47859174571931362152099609375" lon="118.140973560512065887451171875">
        <ele>37</ele>
        <time>2025-04-05T12:17:22.000Z</time>
        <extensions>
          <ns3:TrackPointExtension>
            <ns3:hr>141</ns3:hr>
            <ns3:cad>88</ns3:cad>
          </ns3:TrackPointExtension>
        </extensions>
      </trkpt>
      <trkpt lat="24.47861127555370330810546875" lon="118.1409811042249202728271484375">
        <ele>37</ele>
        <time>2025-04-05T12:17:23.000Z</time>
        <extensions>
          <ns3:TrackPointExtension>
            <ns3:hr>141</ns3:hr>
            <ns3:cad>88</ns3:cad>
          </ns3:TrackPointExtension>
        </extensions>
      </trkpt>
      <trkpt lat="24.47863901965320110321044921875" lon="118.1409953534603118896484375">
        <ele>37</ele>
        <time>2025-04-05T12:17:24.000Z</time>
        <extensions>
          <ns3:TrackPointExtension>
            <ns3:hr>141</ns3:hr>
            <ns3:cad>88</ns3:cad>
          </ns3:TrackPointExtension>
        </extensions>
      </trkpt>
      <trkpt lat="24.47865863330662250518798828125" lon="118.14099476672708988189697265625">
        <ele>37</ele>
        <time>2025-04-05T12:17:25.000Z</time>
        <extensions>
          <ns3:TrackPointExtension>
            <ns3:hr>140</ns3:hr>
            <ns3:cad>88</ns3:cad>
          </ns3:TrackPointExtension>
        </extensions>
      </trkpt>
      <trkpt lat="24.478684365749359130859375" lon="118.14099828712642192840576171875">
        <ele>37</ele>
        <time>2025-04-05T12:17:26.000Z</time>
        <extensions>
          <ns3:TrackPointExtension>
            <ns3:hr>140</ns3:hr>
            <ns3:cad>88</ns3:cad>
          </ns3:TrackPointExtension>
        </extensions>
      </trkpt>
      <trkpt lat="24.4787071645259857177734375" lon="118.1409965269267559051513671875">
        <ele>37</ele>
        <time>2025-04-05T12:17:27.000Z</time>
        <extensions>
          <ns3:TrackPointExtension>
            <ns3:hr>140</ns3:hr>
            <ns3:cad>88</ns3:cad>
          </ns3:TrackPointExtension>
        </extensions>
      </trkpt>
      <trkpt lat="24.478728957474231719970703125" lon="118.14099895767867565155029296875">
        <ele>37</ele>
        <time>2025-04-05T12:17:28.000Z</time>
        <extensions>
          <ns3:TrackPointExtension>
            <ns3:hr>140</ns3:hr>
            <ns3:cad>88</ns3:cad>
          </ns3:TrackPointExtension>
        </extensions>
      </trkpt>
      <trkpt lat="24.47875603102147579193115234375" lon="118.14098755829036235809326171875">
        <ele>37</ele>
        <time>2025-04-05T12:17:29.000Z</time>
        <extensions>
          <ns3:TrackPointExtension>
            <ns3:hr>139</ns3:hr>
            <ns3:cad>88</ns3:cad>
          </ns3:TrackPointExtension>
        </extensions>
      </trkpt>
      <trkpt lat="24.47877849452197551727294921875" lon="118.1409774161875247955322265625">
        <ele>37</ele>
        <time>2025-04-05T12:17:30.000Z</time>
        <extensions>
          <ns3:TrackPointExtension>
            <ns3:hr>140</ns3:hr>
            <ns3:cad>88</ns3:cad>
          </ns3:TrackPointExtension>
        </extensions>
      </trkpt>
      <trkpt lat="24.47879810817539691925048828125" lon="118.1409764103591442108154296875">
        <ele>37</ele>
        <time>2025-04-05T12:17:31.000Z</time>
        <extensions>
          <ns3:TrackPointExtension>
            <ns3:hr>140</ns3:hr>
            <ns3:cad>88</ns3:cad>
          </ns3:TrackPointExtension>
        </extensions>
      </trkpt>
      <trkpt lat="24.478812776505947113037109375" lon="118.14098118804395198822021484375">
        <ele>37</ele>
        <time>2025-04-05T12:17:32.000Z</time>
        <extensions>
          <ns3:TrackPointExtension>
            <ns3:hr>140</ns3:hr>
            <ns3:cad>88</ns3:cad>
          </ns3:TrackPointExtension>
        </extensions>
      </trkpt>
      <trkpt lat="24.4788411073386669158935546875" lon="118.14098529517650604248046875">
        <ele>37</ele>
        <time>2025-04-05T12:17:33.000Z</time>
        <extensions>
          <ns3:TrackPointExtension>
            <ns3:hr>139</ns3:hr>
            <ns3:cad>88</ns3:cad>
          </ns3:TrackPointExtension>
        </extensions>
      </trkpt>
      <trkpt lat="24.478865079581737518310546875" lon="118.140988312661647796630859375">
        <ele>37</ele>
        <time>2025-04-05T12:17:34.000Z</time>
        <extensions>
          <ns3:TrackPointExtension>
            <ns3:hr>140</ns3:hr>
            <ns3:cad>88</ns3:cad>
          </ns3:TrackPointExtension>
        </extensions>
      </trkpt>
      <trkpt lat="24.47889416478574275970458984375" lon="118.14098571427166461944580078125">
        <ele>37</ele>
        <time>2025-04-05T12:17:35.000Z</time>
        <extensions>
          <ns3:TrackPointExtension>
            <ns3:hr>140</ns3:hr>
            <ns3:cad>88</ns3:cad>
          </ns3:TrackPointExtension>
        </extensions>
      </trkpt>
      <trkpt lat="24.478920400142669677734375" lon="118.140981607139110565185546875">
        <ele>37</ele>
        <time>2025-04-05T12:17:36.000Z</time>
        <extensions>
          <ns3:TrackPointExtension>
            <ns3:hr>140</ns3:hr>
            <ns3:cad>88</ns3:cad>
          </ns3:TrackPointExtension>
        </extensions>
      </trkpt>
      <trkpt lat="24.47895593941211700439453125" lon="118.140986301004886627197265625">
        <ele>37</ele>
        <time>2025-04-05T12:17:37.000Z</time>
        <extensions>
          <ns3:TrackPointExtension>
            <ns3:hr>140</ns3:hr>
            <ns3:cad>88</ns3:cad>
          </ns3:TrackPointExtension>
        </extensions>
      </trkpt>
      <trkpt lat="24.47897831909358501434326171875" lon="118.14098152332007884979248046875">
        <ele>37</ele>
        <time>2025-04-05T12:17:38.000Z</time>
        <extensions>
          <ns3:TrackPointExtension>
            <ns3:hr>140</ns3:hr>
            <ns3:cad>87</ns3:cad>
          </ns3:TrackPointExtension>
        </extensions>
      </trkpt>
      <trkpt lat="24.47901050560176372528076171875" lon="118.1409881450235843658447265625">
        <ele>37</ele>
        <time>2025-04-05T12:17:39.000Z</time>
        <extensions>
          <ns3:TrackPointExtension>
            <ns3:hr>140</ns3:hr>
            <ns3:cad>88</ns3:cad>
          </ns3:TrackPointExtension>
        </extensions>
      </trkpt>
      <trkpt lat="24.47902861051261425018310546875" lon="118.14099107868969440460205078125">
        <ele>37</ele>
        <time>2025-04-05T12:17:40.000Z</time>
        <extensions>
          <ns3:TrackPointExtension>
            <ns3:hr>139</ns3:hr>
            <ns3:cad>88</ns3:cad>
          </ns3:TrackPointExtension>
        </extensions>
      </trkpt>
      <trkpt lat="24.47905912064015865325927734375" lon="118.14099325798451900482177734375">
        <ele>37</ele>
        <time>2025-04-05T12:17:41.000Z</time>
        <extensions>
          <ns3:TrackPointExtension>
            <ns3:hr>140</ns3:hr>
            <ns3:cad>88</ns3:cad>
          </ns3:TrackPointExtension>
        </extensions>
      </trkpt>
      <trkpt lat="24.4790768064558506011962890625" lon="118.140991665422916412353515625">
        <ele>37</ele>
        <time>2025-04-05T12:17:42.000Z</time>
        <extensions>
          <ns3:TrackPointExtension>
            <ns3:hr>140</ns3:hr>
            <ns3:cad>88</ns3:cad>
          </ns3:TrackPointExtension>
        </extensions>
      </trkpt>
      <trkpt lat="24.4790987670421600341796875" lon="118.1409925036132335662841796875">
        <ele>37</ele>
        <time>2025-04-05T12:17:43.000Z</time>
        <extensions>
          <ns3:TrackPointExtension>
            <ns3:hr>140</ns3:hr>
            <ns3:cad>88</ns3:cad>
          </ns3:TrackPointExtension>
        </extensions>
      </trkpt>
      <trkpt lat="24.47912114672362804412841796875" lon="118.14099862240254878997802734375">
        <ele>37</ele>
        <time>2025-04-05T12:17:44.000Z</time>
        <extensions>
          <ns3:TrackPointExtension>
            <ns3:hr>139</ns3:hr>
            <ns3:cad>88</ns3:cad>
          </ns3:TrackPointExtension>
        </extensions>
      </trkpt>
      <trkpt lat="24.479144029319286346435546875" lon="118.14100247807800769805908203125">
        <ele>37.200000762939453125</ele>
        <time>2025-04-05T12:17:45.000Z</time>
        <extensions>
          <ns3:TrackPointExtension>
            <ns3:hr>139</ns3:hr>
            <ns3:cad>88</ns3:cad>
          </ns3:TrackPointExtension>
        </extensions>
      </trkpt>
      <trkpt lat="24.47916892357170581817626953125" lon="118.14100549556314945220947265625">
        <ele>37.200000762939453125</ele>
        <time>2025-04-05T12:17:46.000Z</time>
        <extensions>
          <ns3:TrackPointExtension>
            <ns3:hr>139</ns3:hr>
            <ns3:cad>87</ns3:cad>
          </ns3:TrackPointExtension>
        </extensions>
      </trkpt>
      <trkpt lat="24.47918820194900035858154296875" lon="118.141009770333766937255859375">
        <ele>37.200000762939453125</ele>
        <time>2025-04-05T12:17:47.000Z</time>
        <extensions>
          <ns3:TrackPointExtension>
            <ns3:hr>139</ns3:hr>
            <ns3:cad>87</ns3:cad>
          </ns3:TrackPointExtension>
        </extensions>
      </trkpt>
      <trkpt lat="24.4792122580111026763916015625" lon="118.141006417572498321533203125">
        <ele>37.200000762939453125</ele>
        <time>2025-04-05T12:17:48.000Z</time>
        <extensions>
          <ns3:TrackPointExtension>
            <ns3:hr>140</ns3:hr>
            <ns3:cad>87</ns3:cad>
          </ns3:TrackPointExtension>
        </extensions>
      </trkpt>
      <trkpt lat="24.4792317040264606475830078125" lon="118.1410055793821811676025390625">
        <ele>37.40000152587890625</ele>
        <time>2025-04-05T12:17:49.000Z</time>
        <extensions>
          <ns3:TrackPointExtension>
            <ns3:hr>139</ns3:hr>
            <ns3:cad>87</ns3:cad>
          </ns3:TrackPointExtension>
        </extensions>
      </trkpt>
      <trkpt lat="24.47925743646919727325439453125" lon="118.14102225936949253082275390625">
        <ele>37.40000152587890625</ele>
        <time>2025-04-05T12:17:50.000Z</time>
        <extensions>
          <ns3:TrackPointExtension>
            <ns3:hr>139</ns3:hr>
            <ns3:cad>87</ns3:cad>
          </ns3:TrackPointExtension>
        </extensions>
      </trkpt>
      <trkpt lat="24.479277133941650390625" lon="118.1410230137407779693603515625">
        <ele>37.40000152587890625</ele>
        <time>2025-04-05T12:17:51.000Z</time>
        <extensions>
          <ns3:TrackPointExtension>
            <ns3:hr>139</ns3:hr>
            <ns3:cad>87</ns3:cad>
          </ns3:TrackPointExtension>
        </extensions>
      </trkpt>
      <trkpt lat="24.47930756025016307830810546875" lon="118.14102913253009319305419921875">
        <ele>37.40000152587890625</ele>
        <time>2025-04-05T12:17:52.000Z</time>
        <extensions>
          <ns3:TrackPointExtension>
            <ns3:hr>139</ns3:hr>
            <ns3:cad>87</ns3:cad>
          </ns3:TrackPointExtension>
        </extensions>
      </trkpt>
      <trkpt lat="24.47932851500809192657470703125" lon="118.1410297192633152008056640625">
        <ele>37.40000152587890625</ele>
        <time>2025-04-05T12:17:53.000Z</time>
        <extensions>
          <ns3:TrackPointExtension>
            <ns3:hr>139</ns3:hr>
            <ns3:cad>87</ns3:cad>
          </ns3:TrackPointExtension>
        </extensions>
      </trkpt>
      <trkpt lat="24.479351229965686798095703125" lon="118.1410354189574718475341796875">
        <ele>37.40000152587890625</ele>
        <time>2025-04-05T12:17:54.000Z</time>
        <extensions>
          <ns3:TrackPointExtension>
            <ns3:hr>139</ns3:hr>
            <ns3:cad>87</ns3:cad>
          </ns3:TrackPointExtension>
        </extensions>
      </trkpt>
      <trkpt lat="24.479369334876537322998046875" lon="118.14103801734745502471923828125">
        <ele>37.40000152587890625</ele>
        <time>2025-04-05T12:17:55.000Z</time>
        <extensions>
          <ns3:TrackPointExtension>
            <ns3:hr>139</ns3:hr>
            <ns3:cad>87</ns3:cad>
          </ns3:TrackPointExtension>
        </extensions>
      </trkpt>
      <trkpt lat="24.479396156966686248779296875" lon="118.14103835262358188629150390625">
        <ele>37.59999847412109375</ele>
        <time>2025-04-05T12:17:56.000Z</time>
        <extensions>
          <ns3:TrackPointExtension>
            <ns3:hr>139</ns3:hr>
            <ns3:cad>88</ns3:cad>
          </ns3:TrackPointExtension>
        </extensions>
      </trkpt>
      <trkpt lat="24.47941971011459827423095703125" lon="118.1410409510135650634765625">
        <ele>37.59999847412109375</ele>
        <time>2025-04-05T12:17:57.000Z</time>
        <extensions>
          <ns3:TrackPointExtension>
            <ns3:hr>139</ns3:hr>
            <ns3:cad>88</ns3:cad>
          </ns3:TrackPointExtension>
        </extensions>
      </trkpt>
      <trkpt lat="24.479443095624446868896484375" lon="118.14104187302291393280029296875">
        <ele>37.59999847412109375</ele>
        <time>2025-04-05T12:17:58.000Z</time>
        <extensions>
          <ns3:TrackPointExtension>
            <ns3:hr>139</ns3:hr>
            <ns3:cad>88</ns3:cad>
          </ns3:TrackPointExtension>
        </extensions>
      </trkpt>
      <trkpt lat="24.4794700853526592254638671875" lon="118.14104539342224597930908203125">
        <ele>37.59999847412109375</ele>
        <time>2025-04-05T12:17:59.000Z</time>
        <extensions>
          <ns3:TrackPointExtension>
            <ns3:hr>139</ns3:hr>
            <ns3:cad>88</ns3:cad>
          </ns3:TrackPointExtension>
        </extensions>
      </trkpt>
      <trkpt lat="24.47949212975800037384033203125" lon="118.1410444714128971099853515625">
        <ele>37.799999237060546875</ele>
        <time>2025-04-05T12:18:00.000Z</time>
        <extensions>
          <ns3:TrackPointExtension>
            <ns3:hr>139</ns3:hr>
            <ns3:cad>88</ns3:cad>
          </ns3:TrackPointExtension>
        </extensions>
      </trkpt>
      <trkpt lat="24.47952163405716419219970703125" lon="118.14104891382157802581787109375">
        <ele>37.799999237060546875</ele>
        <time>2025-04-05T12:18:01.000Z</time>
        <extensions>
          <ns3:TrackPointExtension>
            <ns3:hr>139</ns3:hr>
            <ns3:cad>87</ns3:cad>
          </ns3:TrackPointExtension>
        </extensions>
      </trkpt>
      <trkpt lat="24.479541666805744171142578125" lon="118.14104832708835601806640625">
        <ele>37.799999237060546875</ele>
        <time>2025-04-05T12:18:02.000Z</time>
        <extensions>
          <ns3:TrackPointExtension>
            <ns3:hr>139</ns3:hr>
            <ns3:cad>88</ns3:cad>
          </ns3:TrackPointExtension>
        </extensions>
      </trkpt>
      <trkpt lat="24.4795713387429714202880859375" lon="118.1410478241741657257080078125">
        <ele>37.799999237060546875</ele>
        <time>2025-04-05T12:18:03.000Z</time>
        <extensions>
          <ns3:TrackPointExtension>
            <ns3:hr>139</ns3:hr>
            <ns3:cad>88</ns3:cad>
          </ns3:TrackPointExtension>
        </extensions>
      </trkpt>
      <trkpt lat="24.47959036566317081451416015625" lon="118.14104857854545116424560546875">
        <ele>38</ele>
        <time>2025-04-05T12:18:04.000Z</time>
        <extensions>
          <ns3:TrackPointExtension>
            <ns3:hr>138</ns3:hr>
            <ns3:cad>88</ns3:cad>
          </ns3:TrackPointExtension>
        </extensions>
      </trkpt>
      <trkpt lat="24.47961785830557346343994140625" lon="118.14104824326932430267333984375">
        <ele>38</ele>
        <time>2025-04-05T12:18:05.000Z</time>
        <extensions>
          <ns3:TrackPointExtension>
            <ns3:hr>139</ns3:hr>
            <ns3:cad>87</ns3:cad>
          </ns3:TrackPointExtension>
        </extensions>
      </trkpt>
      <trkpt lat="24.47963990271091461181640625" lon="118.14104966819286346435546875">
        <ele>38</ele>
        <time>2025-04-05T12:18:06.000Z</time>
        <extensions>
          <ns3:TrackPointExtension>
            <ns3:hr>139</ns3:hr>
            <ns3:cad>87</ns3:cad>
          </ns3:TrackPointExtension>
        </extensions>
      </trkpt>
      <trkpt lat="24.47966027073562145233154296875" lon="118.14104589633643627166748046875">
        <ele>38</ele>
        <time>2025-04-05T12:18:07.000Z</time>
        <extensions>
          <ns3:TrackPointExtension>
            <ns3:hr>139</ns3:hr>
            <ns3:cad>87</ns3:cad>
          </ns3:TrackPointExtension>
        </extensions>
      </trkpt>
      <trkpt lat="24.47968608699738979339599609375" lon="118.14105360768735408782958984375">
        <ele>38</ele>
        <time>2025-04-05T12:18:08.000Z</time>
        <extensions>
          <ns3:TrackPointExtension>
            <ns3:hr>139</ns3:hr>
            <ns3:cad>86</ns3:cad>
          </ns3:TrackPointExtension>
        </extensions>
      </trkpt>
      <trkpt lat="24.47970519773662090301513671875" lon="118.14105545170605182647705078125">
        <ele>38.200000762939453125</ele>
        <time>2025-04-05T12:18:09.000Z</time>
        <extensions>
          <ns3:TrackPointExtension>
            <ns3:hr>139</ns3:hr>
            <ns3:cad>86</ns3:cad>
          </ns3:TrackPointExtension>
        </extensions>
      </trkpt>
      <trkpt lat="24.47973168455064296722412109375" lon="118.1410610675811767578125">
        <ele>38.200000762939453125</ele>
        <time>2025-04-05T12:18:10.000Z</time>
        <extensions>
          <ns3:TrackPointExtension>
            <ns3:hr>138</ns3:hr>
            <ns3:cad>86</ns3:cad>
          </ns3:TrackPointExtension>
        </extensions>
      </trkpt>
      <trkpt lat="24.47974341921508312225341796875" lon="118.141067437827587127685546875">
        <ele>38.200000762939453125</ele>
        <time>2025-04-05T12:18:11.000Z</time>
        <extensions>
          <ns3:TrackPointExtension>
            <ns3:hr>139</ns3:hr>
            <ns3:cad>86</ns3:cad>
          </ns3:TrackPointExtension>
        </extensions>
      </trkpt>
      <trkpt lat="24.47976454161107540130615234375" lon="118.14107389189302921295166015625">
        <ele>38.40000152587890625</ele>
        <time>2025-04-05T12:18:12.000Z</time>
        <extensions>
          <ns3:TrackPointExtension>
            <ns3:hr>139</ns3:hr>
            <ns3:cad>86</ns3:cad>
          </ns3:TrackPointExtension>
        </extensions>
      </trkpt>
      <trkpt lat="24.4797825627028942108154296875" lon="118.1410773284733295440673828125">
        <ele>38.40000152587890625</ele>
        <time>2025-04-05T12:18:13.000Z</time>
        <extensions>
          <ns3:TrackPointExtension>
            <ns3:hr>138</ns3:hr>
            <ns3:cad>87</ns3:cad>
          </ns3:TrackPointExtension>
        </extensions>
      </trkpt>
      <trkpt lat="24.4798117317259311676025390625" lon="118.14107757993042469024658203125">
        <ele>38.59999847412109375</ele>
        <time>2025-04-05T12:18:14.000Z</time>
        <extensions>
          <ns3:TrackPointExtension>
            <ns3:hr>138</ns3:hr>
            <ns3:cad>86</ns3:cad>
          </ns3:TrackPointExtension>
        </extensions>
      </trkpt>
      <trkpt lat="24.47983830235898494720458984375" lon="118.14107422716915607452392578125">
        <ele>38.59999847412109375</ele>
        <time>2025-04-05T12:18:15.000Z</time>
        <extensions>
          <ns3:TrackPointExtension>
            <ns3:hr>138</ns3:hr>
            <ns3:cad>86</ns3:cad>
          </ns3:TrackPointExtension>
        </extensions>
      </trkpt>
      <trkpt lat="24.479855485260486602783203125" lon="118.1410645879805088043212890625">
        <ele>38.799999237060546875</ele>
        <time>2025-04-05T12:18:16.000Z</time>
        <extensions>
          <ns3:TrackPointExtension>
            <ns3:hr>138</ns3:hr>
            <ns3:cad>86</ns3:cad>
          </ns3:TrackPointExtension>
        </extensions>
      </trkpt>
      <trkpt lat="24.479875266551971435546875" lon="118.141050674021244049072265625">
        <ele>39</ele>
        <time>2025-04-05T12:18:17.000Z</time>
        <extensions>
          <ns3:TrackPointExtension>
            <ns3:hr>138</ns3:hr>
            <ns3:cad>86</ns3:cad>
          </ns3:TrackPointExtension>
        </extensions>
      </trkpt>
      <trkpt lat="24.4798927009105682373046875" lon="118.14103315584361553192138671875">
        <ele>39</ele>
        <time>2025-04-05T12:18:18.000Z</time>
        <extensions>
          <ns3:TrackPointExtension>
            <ns3:hr>138</ns3:hr>
            <ns3:cad>86</ns3:cad>
          </ns3:TrackPointExtension>
        </extensions>
      </trkpt>
      <trkpt lat="24.4798995740711688995361328125" lon="118.14101622439920902252197265625">
        <ele>39</ele>
        <time>2025-04-05T12:18:19.000Z</time>
        <extensions>
          <ns3:TrackPointExtension>
            <ns3:hr>137</ns3:hr>
            <ns3:cad>85</ns3:cad>
          </ns3:TrackPointExtension>
        </extensions>
      </trkpt>
      <trkpt lat="24.4799079559743404388427734375" lon="118.14098906703293323516845703125">
        <ele>39.200000762939453125</ele>
        <time>2025-04-05T12:18:20.000Z</time>
        <extensions>
          <ns3:TrackPointExtension>
            <ns3:hr>138</ns3:hr>
            <ns3:cad>85</ns3:cad>
          </ns3:TrackPointExtension>
        </extensions>
      </trkpt>
      <trkpt lat="24.47990703396499156951904296875" lon="118.1409604847431182861328125">
        <ele>39.40000152587890625</ele>
        <time>2025-04-05T12:18:21.000Z</time>
        <extensions>
          <ns3:TrackPointExtension>
            <ns3:hr>138</ns3:hr>
            <ns3:cad>85</ns3:cad>
          </ns3:TrackPointExtension>
        </extensions>
      </trkpt>
      <trkpt lat="24.4799092970788478851318359375" lon="118.14094296656548976898193359375">
        <ele>39.799999237060546875</ele>
        <time>2025-04-05T12:18:22.000Z</time>
        <extensions>
          <ns3:TrackPointExtension>
            <ns3:hr>138</ns3:hr>
            <ns3:cad>84</ns3:cad>
          </ns3:TrackPointExtension>
        </extensions>
      </trkpt>
      <trkpt lat="24.47991323657333850860595703125" lon="118.14092335291206836700439453125">
        <ele>40</ele>
        <time>2025-04-05T12:18:23.000Z</time>
        <extensions>
          <ns3:TrackPointExtension>
            <ns3:hr>138</ns3:hr>
            <ns3:cad>84</ns3:cad>
          </ns3:TrackPointExtension>
        </extensions>
      </trkpt>
      <trkpt lat="24.4799163378775119781494140625" lon="118.14090424217283725738525390625">
        <ele>40.200000762939453125</ele>
        <time>2025-04-05T12:18:24.000Z</time>
        <extensions>
          <ns3:TrackPointExtension>
            <ns3:hr>138</ns3:hr>
            <ns3:cad>82</ns3:cad>
          </ns3:TrackPointExtension>
        </extensions>
      </trkpt>
      <trkpt lat="24.4799237139523029327392578125" lon="118.14088311977684497833251953125">
        <ele>40.200000762939453125</ele>
        <time>2025-04-05T12:18:25.000Z</time>
        <extensions>
          <ns3:TrackPointExtension>
            <ns3:hr>138</ns3:hr>
            <ns3:cad>83</ns3:cad>
          </ns3:TrackPointExtension>
        </extensions>
      </trkpt>
      <trkpt lat="24.47992681525647640228271484375" lon="118.140864260494709014892578125">
        <ele>40.200000762939453125</ele>
        <time>2025-04-05T12:18:26.000Z</time>
        <extensions>
          <ns3:TrackPointExtension>
            <ns3:hr>138</ns3:hr>
            <ns3:cad>83</ns3:cad>
          </ns3:TrackPointExtension>
        </extensions>
      </trkpt>
      <trkpt lat="24.4799327664077281951904296875" lon="118.14084473066031932830810546875">
        <ele>40.200000762939453125</ele>
        <time>2025-04-05T12:18:27.000Z</time>
        <extensions>
          <ns3:TrackPointExtension>
            <ns3:hr>139</ns3:hr>
            <ns3:cad>83</ns3:cad>
          </ns3:TrackPointExtension>
        </extensions>
      </trkpt>
      <trkpt lat="24.47993360459804534912109375" lon="118.14082595519721508026123046875">
        <ele>40.200000762939453125</ele>
        <time>2025-04-05T12:18:28.000Z</time>
        <extensions>
          <ns3:TrackPointExtension>
            <ns3:hr>139</ns3:hr>
            <ns3:cad>83</ns3:cad>
          </ns3:TrackPointExtension>
        </extensions>
      </trkpt>
      <trkpt lat="24.47993922047317028045654296875" lon="118.14079946838319301605224609375">
        <ele>40.200000762939453125</ele>
        <time>2025-04-05T12:18:29.000Z</time>
        <extensions>
          <ns3:TrackPointExtension>
            <ns3:hr>139</ns3:hr>
            <ns3:cad>86</ns3:cad>
          </ns3:TrackPointExtension>
        </extensions>
      </trkpt>
      <trkpt lat="24.47994290851056575775146484375" lon="118.1407754123210906982421875">
        <ele>40.200000762939453125</ele>
        <time>2025-04-05T12:18:30.000Z</time>
        <extensions>
          <ns3:TrackPointExtension>
            <ns3:hr>139</ns3:hr>
            <ns3:cad>87</ns3:cad>
          </ns3:TrackPointExtension>
        </extensions>
      </trkpt>
      <trkpt lat="24.47994542308151721954345703125" lon="118.14075169153511524200439453125">
        <ele>40.200000762939453125</ele>
        <time>2025-04-05T12:18:31.000Z</time>
        <extensions>
          <ns3:TrackPointExtension>
            <ns3:hr>139</ns3:hr>
            <ns3:cad>87</ns3:cad>
          </ns3:TrackPointExtension>
        </extensions>
      </trkpt>
      <trkpt lat="24.47994424961507320404052734375" lon="118.14072704873979091644287109375">
        <ele>40.200000762939453125</ele>
        <time>2025-04-05T12:18:32.000Z</time>
        <extensions>
          <ns3:TrackPointExtension>
            <ns3:hr>140</ns3:hr>
            <ns3:cad>87</ns3:cad>
          </ns3:TrackPointExtension>
        </extensions>
      </trkpt>
      <trkpt lat="24.47993989102542400360107421875" lon="118.14070123247802257537841796875">
        <ele>40.200000762939453125</ele>
        <time>2025-04-05T12:18:33.000Z</time>
        <extensions>
          <ns3:TrackPointExtension>
            <ns3:hr>140</ns3:hr>
            <ns3:cad>87</ns3:cad>
          </ns3:TrackPointExtension>
        </extensions>
      </trkpt>
      <trkpt lat="24.47993402369320392608642578125" lon="118.14066611230373382568359375">
        <ele>40.200000762939453125</ele>
        <time>2025-04-05T12:18:34.000Z</time>
        <extensions>
          <ns3:TrackPointExtension>
            <ns3:hr>141</ns3:hr>
            <ns3:cad>87</ns3:cad>
          </ns3:TrackPointExtension>
        </extensions>
      </trkpt>
      <trkpt lat="24.4799260608851909637451171875" lon="118.14063794910907745361328125">
        <ele>40.200000762939453125</ele>
        <time>2025-04-05T12:18:35.000Z</time>
        <extensions>
          <ns3:TrackPointExtension>
            <ns3:hr>141</ns3:hr>
            <ns3:cad>87</ns3:cad>
          </ns3:TrackPointExtension>
        </extensions>
      </trkpt>
      <trkpt lat="24.47992614470422267913818359375" lon="118.14061355777084827423095703125">
        <ele>40.200000762939453125</ele>
        <time>2025-04-05T12:18:36.000Z</time>
        <extensions>
          <ns3:TrackPointExtension>
            <ns3:hr>141</ns3:hr>
            <ns3:cad>87</ns3:cad>
          </ns3:TrackPointExtension>
        </extensions>
      </trkpt>
      <trkpt lat="24.479919187724590301513671875" lon="118.1405925191938877105712890625">
        <ele>40.200000762939453125</ele>
        <time>2025-04-05T12:18:37.000Z</time>
        <extensions>
          <ns3:TrackPointExtension>
            <ns3:hr>141</ns3:hr>
            <ns3:cad>87</ns3:cad>
          </ns3:TrackPointExtension>
        </extensions>
      </trkpt>
      <trkpt lat="24.47992446832358837127685546875" lon="118.140567876398563385009765625">
        <ele>40.200000762939453125</ele>
        <time>2025-04-05T12:18:38.000Z</time>
        <extensions>
          <ns3:TrackPointExtension>
            <ns3:hr>141</ns3:hr>
            <ns3:cad>87</ns3:cad>
          </ns3:TrackPointExtension>
        </extensions>
      </trkpt>
      <trkpt lat="24.47992916218936443328857421875" lon="118.1405472569167613983154296875">
        <ele>40.200000762939453125</ele>
        <time>2025-04-05T12:18:39.000Z</time>
        <extensions>
          <ns3:TrackPointExtension>
            <ns3:hr>141</ns3:hr>
            <ns3:cad>87</ns3:cad>
          </ns3:TrackPointExtension>
        </extensions>
      </trkpt>
      <trkpt lat="24.47993435896933078765869140625" lon="118.14052990637719631195068359375">
        <ele>40.200000762939453125</ele>
        <time>2025-04-05T12:18:40.000Z</time>
        <extensions>
          <ns3:TrackPointExtension>
            <ns3:hr>142</ns3:hr>
            <ns3:cad>87</ns3:cad>
          </ns3:TrackPointExtension>
        </extensions>
      </trkpt>
      <trkpt lat="24.47993771173059940338134765625" lon="118.14050945453345775604248046875">
        <ele>40.200000762939453125</ele>
        <time>2025-04-05T12:18:41.000Z</time>
        <extensions>
          <ns3:TrackPointExtension>
            <ns3:hr>142</ns3:hr>
            <ns3:cad>85</ns3:cad>
          </ns3:TrackPointExtension>
        </extensions>
      </trkpt>
      <trkpt lat="24.47994173504412174224853515625" lon="118.14048564992845058441162109375">
        <ele>40.200000762939453125</ele>
        <time>2025-04-05T12:18:42.000Z</time>
        <extensions>
          <ns3:TrackPointExtension>
            <ns3:hr>142</ns3:hr>
            <ns3:cad>84</ns3:cad>
          </ns3:TrackPointExtension>
        </extensions>
      </trkpt>
      <trkpt lat="24.47994232177734375" lon="118.14045765437185764312744140625">
        <ele>40.200000762939453125</ele>
        <time>2025-04-05T12:18:43.000Z</time>
        <extensions>
          <ns3:TrackPointExtension>
            <ns3:hr>141</ns3:hr>
            <ns3:cad>84</ns3:cad>
          </ns3:TrackPointExtension>
        </extensions>
      </trkpt>
      <trkpt lat="24.47994743473827838897705078125" lon="118.14043351449072360992431640625">
        <ele>40.200000762939453125</ele>
        <time>2025-04-05T12:18:44.000Z</time>
        <extensions>
          <ns3:TrackPointExtension>
            <ns3:hr>141</ns3:hr>
            <ns3:cad>84</ns3:cad>
          </ns3:TrackPointExtension>
        </extensions>
      </trkpt>
      <trkpt lat="24.47994341142475605010986328125" lon="118.140410967171192169189453125">
        <ele>40.200000762939453125</ele>
        <time>2025-04-05T12:18:45.000Z</time>
        <extensions>
          <ns3:TrackPointExtension>
            <ns3:hr>141</ns3:hr>
            <ns3:cad>84</ns3:cad>
          </ns3:TrackPointExtension>
        </extensions>
      </trkpt>
      <trkpt lat="24.4799381308257579803466796875" lon="118.140381462872028350830078125">
        <ele>40.200000762939453125</ele>
        <time>2025-04-05T12:18:46.000Z</time>
        <extensions>
          <ns3:TrackPointExtension>
            <ns3:hr>141</ns3:hr>
            <ns3:cad>84</ns3:cad>
          </ns3:TrackPointExtension>
        </extensions>
      </trkpt>
      <trkpt lat="24.4799367897212505340576171875" lon="118.1403511203825473785400390625">
        <ele>40.200000762939453125</ele>
        <time>2025-04-05T12:18:47.000Z</time>
        <extensions>
          <ns3:TrackPointExtension>
            <ns3:hr>141</ns3:hr>
            <ns3:cad>86</ns3:cad>
          </ns3:TrackPointExtension>
        </extensions>
      </trkpt>
      <trkpt lat="24.4799471832811832427978515625" lon="118.14031231217086315155029296875">
        <ele>40.200000762939453125</ele>
        <time>2025-04-05T12:18:48.000Z</time>
        <extensions>
          <ns3:TrackPointExtension>
            <ns3:hr>141</ns3:hr>
            <ns3:cad>86</ns3:cad>
          </ns3:TrackPointExtension>
        </extensions>
      </trkpt>
      <trkpt lat="24.47995581664144992828369140625" lon="118.14028850756585597991943359375">
        <ele>40.200000762939453125</ele>
        <time>2025-04-05T12:18:49.000Z</time>
        <extensions>
          <ns3:TrackPointExtension>
            <ns3:hr>141</ns3:hr>
            <ns3:cad>86</ns3:cad>
          </ns3:TrackPointExtension>
        </extensions>
      </trkpt>
      <trkpt lat="24.47996788658201694488525390625" lon="118.1402686424553394317626953125">
        <ele>40.200000762939453125</ele>
        <time>2025-04-05T12:18:50.000Z</time>
        <extensions>
          <ns3:TrackPointExtension>
            <ns3:hr>141</ns3:hr>
            <ns3:cad>86</ns3:cad>
          </ns3:TrackPointExtension>
        </extensions>
      </trkpt>
      <trkpt lat="24.47998247109353542327880859375" lon="118.14026185311377048492431640625">
        <ele>40.200000762939453125</ele>
        <time>2025-04-05T12:18:51.000Z</time>
        <extensions>
          <ns3:TrackPointExtension>
            <ns3:hr>141</ns3:hr>
            <ns3:cad>85</ns3:cad>
          </ns3:TrackPointExtension>
        </extensions>
      </trkpt>
      <trkpt lat="24.48000493459403514862060546875" lon="118.14027090556919574737548828125">
        <ele>40</ele>
        <time>2025-04-05T12:18:52.000Z</time>
        <extensions>
          <ns3:TrackPointExtension>
            <ns3:hr>141</ns3:hr>
            <ns3:cad>85</ns3:cad>
          </ns3:TrackPointExtension>
        </extensions>
      </trkpt>
      <trkpt lat="24.480021111667156219482421875" lon="118.140273503959178924560546875">
        <ele>40</ele>
        <time>2025-04-05T12:18:53.000Z</time>
        <extensions>
          <ns3:TrackPointExtension>
            <ns3:hr>141</ns3:hr>
            <ns3:cad>85</ns3:cad>
          </ns3:TrackPointExtension>
        </extensions>
      </trkpt>
      <trkpt lat="24.4800564832985401153564453125" lon="118.1402926146984100341796875">
        <ele>39.799999237060546875</ele>
        <time>2025-04-05T12:19:08.000Z</time>
        <extensions>
          <ns3:TrackPointExtension>
            <ns3:hr>128</ns3:hr>
            <ns3:cad>0</ns3:cad>
          </ns3:TrackPointExtension>
        </extensions>
      </trkpt>
      <trkpt lat="24.48008389212191104888916015625" lon="118.14029051922261714935302734375">
        <ele>39.799999237060546875</ele>
        <time>2025-04-05T12:19:09.000Z</time>
        <extensions>
          <ns3:TrackPointExtension>
            <ns3:hr>128</ns3:hr>
            <ns3:cad>0</ns3:cad>
          </ns3:TrackPointExtension>
        </extensions>
      </trkpt>
      <trkpt lat="24.4801118038594722747802734375" lon="118.14029454253613948822021484375">
        <ele>39.799999237060546875</ele>
        <time>2025-04-05T12:19:10.000Z</time>
        <extensions>
          <ns3:TrackPointExtension>
            <ns3:hr>125</ns3:hr>
            <ns3:cad>0</ns3:cad>
          </ns3:TrackPointExtension>
        </extensions>
      </trkpt>
      <trkpt lat="24.48013435117900371551513671875" lon="118.14029303379356861114501953125">
        <ele>39.59999847412109375</ele>
        <time>2025-04-05T12:19:11.000Z</time>
        <extensions>
          <ns3:TrackPointExtension>
            <ns3:hr>125</ns3:hr>
            <ns3:cad>0</ns3:cad>
          </ns3:TrackPointExtension>
        </extensions>
      </trkpt>
      <trkpt lat="24.4801567308604717254638671875" lon="118.14029538072645664215087890625">
        <ele>39.59999847412109375</ele>
        <time>2025-04-05T12:19:12.000Z</time>
        <extensions>
          <ns3:TrackPointExtension>
            <ns3:hr>125</ns3:hr>
            <ns3:cad>0</ns3:cad>
          </ns3:TrackPointExtension>
        </extensions>
      </trkpt>
      <trkpt lat="24.4801852293312549591064453125" lon="118.14029873348772525787353515625">
        <ele>39.40000152587890625</ele>
        <time>2025-04-05T12:19:13.000Z</time>
        <extensions>
          <ns3:TrackPointExtension>
            <ns3:hr>125</ns3:hr>
            <ns3:cad>0</ns3:cad>
          </ns3:TrackPointExtension>
        </extensions>
      </trkpt>
      <trkpt lat="24.4802194274961948394775390625" lon="118.1403035111725330352783203125">
        <ele>39.40000152587890625</ele>
        <time>2025-04-05T12:19:14.000Z</time>
        <extensions>
          <ns3:TrackPointExtension>
            <ns3:hr>126</ns3:hr>
            <ns3:cad>84</ns3:cad>
          </ns3:TrackPointExtension>
        </extensions>
      </trkpt>
      <trkpt lat="24.480235017836093902587890625" lon="118.140307702124118804931640625">
        <ele>39.40000152587890625</ele>
        <time>2025-04-05T12:19:15.000Z</time>
        <extensions>
          <ns3:TrackPointExtension>
            <ns3:hr>127</ns3:hr>
            <ns3:cad>85</ns3:cad>
          </ns3:TrackPointExtension>
        </extensions>
      </trkpt>
      <trkpt lat="24.48026661761105060577392578125" lon="118.14030208624899387359619140625">
        <ele>39.40000152587890625</ele>
        <time>2025-04-05T12:19:16.000Z</time>
        <extensions>
          <ns3:TrackPointExtension>
            <ns3:hr>127</ns3:hr>
            <ns3:cad>85</ns3:cad>
          </ns3:TrackPointExtension>
        </extensions>
      </trkpt>
      <trkpt lat="24.4802925176918506622314453125" lon="118.14030912704765796661376953125">
        <ele>39.40000152587890625</ele>
        <time>2025-04-05T12:19:17.000Z</time>
        <extensions>
          <ns3:TrackPointExtension>
            <ns3:hr>127</ns3:hr>
            <ns3:cad>85</ns3:cad>
          </ns3:TrackPointExtension>
        </extensions>
      </trkpt>
      <trkpt lat="24.48031489737331867218017578125" lon="118.140312731266021728515625">
        <ele>39.40000152587890625</ele>
        <time>2025-04-05T12:19:18.000Z</time>
        <extensions>
          <ns3:TrackPointExtension>
            <ns3:hr>127</ns3:hr>
            <ns3:cad>86</ns3:cad>
          </ns3:TrackPointExtension>
        </extensions>
      </trkpt>
      <trkpt lat="24.4803458265960216522216796875" lon="118.1403140723705291748046875">
        <ele>39.59999847412109375</ele>
        <time>2025-04-05T12:19:19.000Z</time>
        <extensions>
          <ns3:TrackPointExtension>
            <ns3:hr>128</ns3:hr>
            <ns3:cad>86</ns3:cad>
          </ns3:TrackPointExtension>
        </extensions>
      </trkpt>
      <trkpt lat="24.4803706370294094085693359375" lon="118.140318430960178375244140625">
        <ele>39.59999847412109375</ele>
        <time>2025-04-05T12:19:20.000Z</time>
        <extensions>
          <ns3:TrackPointExtension>
            <ns3:hr>128</ns3:hr>
            <ns3:cad>86</ns3:cad>
          </ns3:TrackPointExtension>
        </extensions>
      </trkpt>
      <trkpt lat="24.480400644242763519287109375" lon="118.14031868241727352142333984375">
        <ele>39.59999847412109375</ele>
        <time>2025-04-05T12:19:21.000Z</time>
        <extensions>
          <ns3:TrackPointExtension>
            <ns3:hr>128</ns3:hr>
            <ns3:cad>86</ns3:cad>
          </ns3:TrackPointExtension>
        </extensions>
      </trkpt>
      <trkpt lat="24.48042604140937328338623046875" lon="118.14031885005533695220947265625">
        <ele>39.59999847412109375</ele>
        <time>2025-04-05T12:19:22.000Z</time>
        <extensions>
          <ns3:TrackPointExtension>
            <ns3:hr>128</ns3:hr>
            <ns3:cad>86</ns3:cad>
          </ns3:TrackPointExtension>
        </extensions>
      </trkpt>
      <trkpt lat="24.4804474152624607086181640625" lon="118.14031600020825862884521484375">
        <ele>39.59999847412109375</ele>
        <time>2025-04-05T12:19:23.000Z</time>
        <extensions>
          <ns3:TrackPointExtension>
            <ns3:hr>128</ns3:hr>
            <ns3:cad>86</ns3:cad>
          </ns3:TrackPointExtension>
        </extensions>
      </trkpt>
      <trkpt lat="24.48046493344008922576904296875" lon="118.1403025053441524505615234375">
        <ele>39.59999847412109375</ele>
        <time>2025-04-05T12:19:24.000Z</time>
        <extensions>
          <ns3:TrackPointExtension>
            <ns3:hr>128</ns3:hr>
            <ns3:cad>86</ns3:cad>
          </ns3:TrackPointExtension>
        </extensions>
      </trkpt>
      <trkpt lat="24.480482451617717742919921875" lon="118.1402894295752048492431640625">
        <ele>39.59999847412109375</ele>
        <time>2025-04-05T12:19:25.000Z</time>
        <extensions>
          <ns3:TrackPointExtension>
            <ns3:hr>128</ns3:hr>
            <ns3:cad>86</ns3:cad>
          </ns3:TrackPointExtension>
        </extensions>
      </trkpt>
      <trkpt lat="24.48049686849117279052734375" lon="118.140270821750164031982421875">
        <ele>39.59999847412109375</ele>
        <time>2025-04-05T12:19:26.000Z</time>
        <extensions>
          <ns3:TrackPointExtension>
            <ns3:hr>127</ns3:hr>
            <ns3:cad>85</ns3:cad>
          </ns3:TrackPointExtension>
        </extensions>
      </trkpt>
      <trkpt lat="24.480508603155612945556640625" lon="118.14025380648672580718994140625">
        <ele>39.59999847412109375</ele>
        <time>2025-04-05T12:19:27.000Z</time>
        <extensions>
          <ns3:TrackPointExtension>
            <ns3:hr>126</ns3:hr>
            <ns3:cad>85</ns3:cad>
          </ns3:TrackPointExtension>
        </extensions>
      </trkpt>
      <trkpt lat="24.4805134646594524383544921875" lon="118.14023251645267009735107421875">
        <ele>39.59999847412109375</ele>
        <time>2025-04-05T12:19:28.000Z</time>
        <extensions>
          <ns3:TrackPointExtension>
            <ns3:hr>126</ns3:hr>
            <ns3:cad>83</ns3:cad>
          </ns3:TrackPointExtension>
        </extensions>
      </trkpt>
      <trkpt lat="24.48051656596362590789794921875" lon="118.14020686782896518707275390625">
        <ele>39.59999847412109375</ele>
        <time>2025-04-05T12:19:29.000Z</time>
        <extensions>
          <ns3:TrackPointExtension>
            <ns3:hr>126</ns3:hr>
            <ns3:cad>83</ns3:cad>
          </ns3:TrackPointExtension>
        </extensions>
      </trkpt>
      <trkpt lat="24.4805148057639598846435546875" lon="118.14018272794783115386962890625">
        <ele>39.59999847412109375</ele>
        <time>2025-04-05T12:19:30.000Z</time>
        <extensions>
          <ns3:TrackPointExtension>
            <ns3:hr>126</ns3:hr>
            <ns3:cad>83</ns3:cad>
          </ns3:TrackPointExtension>
        </extensions>
      </trkpt>
      <trkpt lat="24.48051698505878448486328125" lon="118.14015355892479419708251953125">
        <ele>39.59999847412109375</ele>
        <time>2025-04-05T12:19:31.000Z</time>
        <extensions>
          <ns3:TrackPointExtension>
            <ns3:hr>126</ns3:hr>
            <ns3:cad>86</ns3:cad>
          </ns3:TrackPointExtension>
        </extensions>
      </trkpt>
      <trkpt lat="24.48051857762038707733154296875" lon="118.1401338614523410797119140625">
        <ele>39.59999847412109375</ele>
        <time>2025-04-05T12:19:32.000Z</time>
        <extensions>
          <ns3:TrackPointExtension>
            <ns3:hr>126</ns3:hr>
            <ns3:cad>86</ns3:cad>
          </ns3:TrackPointExtension>
        </extensions>
      </trkpt>
      <trkpt lat="24.48051958344876766204833984375" lon="118.1401040218770503997802734375">
        <ele>39.59999847412109375</ele>
        <time>2025-04-05T12:19:33.000Z</time>
        <extensions>
          <ns3:TrackPointExtension>
            <ns3:hr>126</ns3:hr>
            <ns3:cad>86</ns3:cad>
          </ns3:TrackPointExtension>
        </extensions>
      </trkpt>
      <trkpt lat="24.4805181585252285003662109375" lon="118.14008382149040699005126953125">
        <ele>39.59999847412109375</ele>
        <time>2025-04-05T12:19:34.000Z</time>
        <extensions>
          <ns3:TrackPointExtension>
            <ns3:hr>126</ns3:hr>
            <ns3:cad>87</ns3:cad>
          </ns3:TrackPointExtension>
        </extensions>
      </trkpt>
      <trkpt lat="24.48051874525845050811767578125" lon="118.14005565829575061798095703125">
        <ele>39.59999847412109375</ele>
        <time>2025-04-05T12:19:35.000Z</time>
        <extensions>
          <ns3:TrackPointExtension>
            <ns3:hr>126</ns3:hr>
            <ns3:cad>87</ns3:cad>
          </ns3:TrackPointExtension>
        </extensions>
      </trkpt>
      <trkpt lat="24.48052125982940196990966796875" lon="118.14003269188106060028076171875">
        <ele>39.59999847412109375</ele>
        <time>2025-04-05T12:19:36.000Z</time>
        <extensions>
          <ns3:TrackPointExtension>
            <ns3:hr>126</ns3:hr>
            <ns3:cad>88</ns3:cad>
          </ns3:TrackPointExtension>
        </extensions>
      </trkpt>
      <trkpt lat="24.48052461259067058563232421875" lon="118.1399990804493427276611328125">
        <ele>39.59999847412109375</ele>
        <time>2025-04-05T12:19:37.000Z</time>
        <extensions>
          <ns3:TrackPointExtension>
            <ns3:hr>126</ns3:hr>
            <ns3:cad>88</ns3:cad>
          </ns3:TrackPointExtension>
        </extensions>
      </trkpt>
      <trkpt lat="24.480523355305194854736328125" lon="118.1399739347398281097412109375">
        <ele>39.59999847412109375</ele>
        <time>2025-04-05T12:19:38.000Z</time>
        <extensions>
          <ns3:TrackPointExtension>
            <ns3:hr>126</ns3:hr>
            <ns3:cad>88</ns3:cad>
          </ns3:TrackPointExtension>
        </extensions>
      </trkpt>
      <trkpt lat="24.48052494786679744720458984375" lon="118.13994417898356914520263671875">
        <ele>39.59999847412109375</ele>
        <time>2025-04-05T12:19:39.000Z</time>
        <extensions>
          <ns3:TrackPointExtension>
            <ns3:hr>127</ns3:hr>
            <ns3:cad>88</ns3:cad>
          </ns3:TrackPointExtension>
        </extensions>
      </trkpt>
      <trkpt lat="24.48052763007581233978271484375" lon="118.13991886563599109649658203125">
        <ele>39.59999847412109375</ele>
        <time>2025-04-05T12:19:40.000Z</time>
        <extensions>
          <ns3:TrackPointExtension>
            <ns3:hr>126</ns3:hr>
            <ns3:cad>88</ns3:cad>
          </ns3:TrackPointExtension>
        </extensions>
      </trkpt>
      <trkpt lat="24.48053064756095409393310546875" lon="118.13989506103098392486572265625">
        <ele>39.59999847412109375</ele>
        <time>2025-04-05T12:19:41.000Z</time>
        <extensions>
          <ns3:TrackPointExtension>
            <ns3:hr>126</ns3:hr>
            <ns3:cad>88</ns3:cad>
          </ns3:TrackPointExtension>
        </extensions>
      </trkpt>
      <trkpt lat="24.48053852654993534088134765625" lon="118.1398720107972621917724609375">
        <ele>39.59999847412109375</ele>
        <time>2025-04-05T12:19:42.000Z</time>
        <extensions>
          <ns3:TrackPointExtension>
            <ns3:hr>126</ns3:hr>
            <ns3:cad>87</ns3:cad>
          </ns3:TrackPointExtension>
        </extensions>
      </trkpt>
      <trkpt lat="24.4805431365966796875" lon="118.1398542411625385284423828125">
        <ele>39.59999847412109375</ele>
        <time>2025-04-05T12:19:43.000Z</time>
        <extensions>
          <ns3:TrackPointExtension>
            <ns3:hr>126</ns3:hr>
            <ns3:cad>87</ns3:cad>
          </ns3:TrackPointExtension>
        </extensions>
      </trkpt>
      <trkpt lat="24.4805503450334072113037109375" lon="118.139828927814960479736328125">
        <ele>39.59999847412109375</ele>
        <time>2025-04-05T12:19:44.000Z</time>
        <extensions>
          <ns3:TrackPointExtension>
            <ns3:hr>126</ns3:hr>
            <ns3:cad>87</ns3:cad>
          </ns3:TrackPointExtension>
        </extensions>
      </trkpt>
      <trkpt lat="24.48055160231888294219970703125" lon="118.13980906270444393157958984375">
        <ele>39.59999847412109375</ele>
        <time>2025-04-05T12:19:45.000Z</time>
        <extensions>
          <ns3:TrackPointExtension>
            <ns3:hr>126</ns3:hr>
            <ns3:cad>87</ns3:cad>
          </ns3:TrackPointExtension>
        </extensions>
      </trkpt>
      <trkpt lat="24.48055093176662921905517578125" lon="118.1397818215191364288330078125">
        <ele>39.59999847412109375</ele>
        <time>2025-04-05T12:19:46.000Z</time>
        <extensions>
          <ns3:TrackPointExtension>
            <ns3:hr>126</ns3:hr>
            <ns3:cad>87</ns3:cad>
          </ns3:TrackPointExtension>
        </extensions>
      </trkpt>
      <trkpt lat="24.4805567152798175811767578125" lon="118.139754831790924072265625">
        <ele>39.40000152587890625</ele>
        <time>2025-04-05T12:19:47.000Z</time>
        <extensions>
          <ns3:TrackPointExtension>
            <ns3:hr>126</ns3:hr>
            <ns3:cad>86</ns3:cad>
          </ns3:TrackPointExtension>
        </extensions>
      </trkpt>
      <trkpt lat="24.4805597327649593353271484375" lon="118.1397298537194728851318359375">
        <ele>39.40000152587890625</ele>
        <time>2025-04-05T12:19:48.000Z</time>
        <extensions>
          <ns3:TrackPointExtension>
            <ns3:hr>127</ns3:hr>
            <ns3:cad>85</ns3:cad>
          </ns3:TrackPointExtension>
        </extensions>
      </trkpt>
      <trkpt lat="24.480561912059783935546875" lon="118.139700852334499359130859375">
        <ele>39.40000152587890625</ele>
        <time>2025-04-05T12:19:49.000Z</time>
        <extensions>
          <ns3:TrackPointExtension>
            <ns3:hr>126</ns3:hr>
            <ns3:cad>85</ns3:cad>
          </ns3:TrackPointExtension>
        </extensions>
      </trkpt>
      <trkpt lat="24.48056350462138652801513671875" lon="118.139676712453365325927734375">
        <ele>39.40000152587890625</ele>
        <time>2025-04-05T12:19:50.000Z</time>
        <extensions>
          <ns3:TrackPointExtension>
            <ns3:hr>126</ns3:hr>
            <ns3:cad>85</ns3:cad>
          </ns3:TrackPointExtension>
        </extensions>
      </trkpt>
      <trkpt lat="24.480567611753940582275390625" lon="118.139649219810962677001953125">
        <ele>39.40000152587890625</ele>
        <time>2025-04-05T12:19:51.000Z</time>
        <extensions>
          <ns3:TrackPointExtension>
            <ns3:hr>126</ns3:hr>
            <ns3:cad>86</ns3:cad>
          </ns3:TrackPointExtension>
        </extensions>
      </trkpt>
      <trkpt lat="24.48057331144809722900390625" lon="118.13963019289076328277587890625">
        <ele>39.40000152587890625</ele>
        <time>2025-04-05T12:19:52.000Z</time>
        <extensions>
          <ns3:TrackPointExtension>
            <ns3:hr>126</ns3:hr>
            <ns3:cad>86</ns3:cad>
          </ns3:TrackPointExtension>
        </extensions>
      </trkpt>
      <trkpt lat="24.48058127425611019134521484375" lon="118.13960504718124866485595703125">
        <ele>39.40000152587890625</ele>
        <time>2025-04-05T12:19:53.000Z</time>
        <extensions>
          <ns3:TrackPointExtension>
            <ns3:hr>126</ns3:hr>
            <ns3:cad>86</ns3:cad>
          </ns3:TrackPointExtension>
        </extensions>
      </trkpt>
      <trkpt lat="24.4805865548551082611083984375" lon="118.1395806558430194854736328125">
        <ele>39.40000152587890625</ele>
        <time>2025-04-05T12:19:54.000Z</time>
        <extensions>
          <ns3:TrackPointExtension>
            <ns3:hr>126</ns3:hr>
            <ns3:cad>86</ns3:cad>
          </ns3:TrackPointExtension>
        </extensions>
      </trkpt>
      <trkpt lat="24.48058538138866424560546875" lon="118.1395514868199825286865234375">
        <ele>39.40000152587890625</ele>
        <time>2025-04-05T12:19:55.000Z</time>
        <extensions>
          <ns3:TrackPointExtension>
            <ns3:hr>126</ns3:hr>
            <ns3:cad>86</ns3:cad>
          </ns3:TrackPointExtension>
        </extensions>
      </trkpt>
      <trkpt lat="24.48058730922639369964599609375" lon="118.13952692784368991851806640625">
        <ele>39.40000152587890625</ele>
        <time>2025-04-05T12:19:56.000Z</time>
        <extensions>
          <ns3:TrackPointExtension>
            <ns3:hr>126</ns3:hr>
            <ns3:cad>86</ns3:cad>
          </ns3:TrackPointExtension>
        </extensions>
      </trkpt>
      <trkpt lat="24.480591081082820892333984375" lon="118.13950194977223873138427734375">
        <ele>39.40000152587890625</ele>
        <time>2025-04-05T12:19:57.000Z</time>
        <extensions>
          <ns3:TrackPointExtension>
            <ns3:hr>127</ns3:hr>
            <ns3:cad>86</ns3:cad>
          </ns3:TrackPointExtension>
        </extensions>
      </trkpt>
      <trkpt lat="24.48059518821537494659423828125" lon="118.13947596587240695953369140625">
        <ele>39.40000152587890625</ele>
        <time>2025-04-05T12:19:58.000Z</time>
        <extensions>
          <ns3:TrackPointExtension>
            <ns3:hr>126</ns3:hr>
            <ns3:cad>87</ns3:cad>
          </ns3:TrackPointExtension>
        </extensions>
      </trkpt>
      <trkpt lat="24.4805996306240558624267578125" lon="118.13944570720195770263671875">
        <ele>39.40000152587890625</ele>
        <time>2025-04-05T12:19:59.000Z</time>
        <extensions>
          <ns3:TrackPointExtension>
            <ns3:hr>126</ns3:hr>
            <ns3:cad>87</ns3:cad>
          </ns3:TrackPointExtension>
        </extensions>
      </trkpt>
      <trkpt lat="24.48060792870819568634033203125" lon="118.1394113413989543914794921875">
        <ele>39.40000152587890625</ele>
        <time>2025-04-05T12:20:00.000Z</time>
        <extensions>
          <ns3:TrackPointExtension>
            <ns3:hr>126</ns3:hr>
            <ns3:cad>87</ns3:cad>
          </ns3:TrackPointExtension>
        </extensions>
      </trkpt>
      <trkpt lat="24.48060474358499050140380859375" lon="118.1393887102603912353515625">
        <ele>39.40000152587890625</ele>
        <time>2025-04-05T12:20:01.000Z</time>
        <extensions>
          <ns3:TrackPointExtension>
            <ns3:hr>127</ns3:hr>
            <ns3:cad>87</ns3:cad>
          </ns3:TrackPointExtension>
        </extensions>
      </trkpt>
      <trkpt lat="24.4806100241839885711669921875" lon="118.1393550150096416473388671875">
        <ele>39.40000152587890625</ele>
        <time>2025-04-05T12:20:02.000Z</time>
        <extensions>
          <ns3:TrackPointExtension>
            <ns3:hr>126</ns3:hr>
            <ns3:cad>87</ns3:cad>
          </ns3:TrackPointExtension>
        </extensions>
      </trkpt>
      <trkpt lat="24.48060692287981510162353515625" lon="118.13933037221431732177734375">
        <ele>39.200000762939453125</ele>
        <time>2025-04-05T12:20:03.000Z</time>
        <extensions>
          <ns3:TrackPointExtension>
            <ns3:hr>127</ns3:hr>
            <ns3:cad>88</ns3:cad>
          </ns3:TrackPointExtension>
        </extensions>
      </trkpt>
      <trkpt lat="24.4806086830794811248779296875" lon="118.139293491840362548828125">
        <ele>39.200000762939453125</ele>
        <time>2025-04-05T12:20:04.000Z</time>
        <extensions>
          <ns3:TrackPointExtension>
            <ns3:hr>127</ns3:hr>
            <ns3:cad>88</ns3:cad>
          </ns3:TrackPointExtension>
        </extensions>
      </trkpt>
      <trkpt lat="24.4806060008704662322998046875" lon="118.139266669750213623046875">
        <ele>39.200000762939453125</ele>
        <time>2025-04-05T12:20:05.000Z</time>
        <extensions>
          <ns3:TrackPointExtension>
            <ns3:hr>128</ns3:hr>
            <ns3:cad>88</ns3:cad>
          </ns3:TrackPointExtension>
        </extensions>
      </trkpt>
      <trkpt lat="24.48060776107013225555419921875" lon="118.13923289068043231964111328125">
        <ele>39.200000762939453125</ele>
        <time>2025-04-05T12:20:06.000Z</time>
        <extensions>
          <ns3:TrackPointExtension>
            <ns3:hr>128</ns3:hr>
            <ns3:cad>88</ns3:cad>
          </ns3:TrackPointExtension>
        </extensions>
      </trkpt>
      <trkpt lat="24.480609856545925140380859375" lon="118.1392061524093151092529296875">
        <ele>39.200000762939453125</ele>
        <time>2025-04-05T12:20:07.000Z</time>
        <extensions>
          <ns3:TrackPointExtension>
            <ns3:hr>128</ns3:hr>
            <ns3:cad>88</ns3:cad>
          </ns3:TrackPointExtension>
        </extensions>
      </trkpt>
      <trkpt lat="24.48061228729784488677978515625" lon="118.13917991705238819122314453125">
        <ele>39.200000762939453125</ele>
        <time>2025-04-05T12:20:08.000Z</time>
        <extensions>
          <ns3:TrackPointExtension>
            <ns3:hr>128</ns3:hr>
            <ns3:cad>88</ns3:cad>
          </ns3:TrackPointExtension>
        </extensions>
      </trkpt>
      <trkpt lat="24.4806177355349063873291015625" lon="118.13914270140230655670166015625">
        <ele>39.200000762939453125</ele>
        <time>2025-04-05T12:20:09.000Z</time>
        <extensions>
          <ns3:TrackPointExtension>
            <ns3:hr>128</ns3:hr>
            <ns3:cad>88</ns3:cad>
          </ns3:TrackPointExtension>
        </extensions>
      </trkpt>
      <trkpt lat="24.4806194119155406951904296875" lon="118.13911386765539646148681640625">
        <ele>39</ele>
        <time>2025-04-05T12:20:10.000Z</time>
        <extensions>
          <ns3:TrackPointExtension>
            <ns3:hr>128</ns3:hr>
            <ns3:cad>88</ns3:cad>
          </ns3:TrackPointExtension>
        </extensions>
      </trkpt>
      <trkpt lat="24.4806244410574436187744140625" lon="118.139079920947551727294921875">
        <ele>39</ele>
        <time>2025-04-05T12:20:11.000Z</time>
        <extensions>
          <ns3:TrackPointExtension>
            <ns3:hr>127</ns3:hr>
            <ns3:cad>88</ns3:cad>
          </ns3:TrackPointExtension>
        </extensions>
      </trkpt>
      <trkpt lat="24.4806222617626190185546875" lon="118.139057792723178863525390625">
        <ele>39</ele>
        <time>2025-04-05T12:20:12.000Z</time>
        <extensions>
          <ns3:TrackPointExtension>
            <ns3:hr>128</ns3:hr>
            <ns3:cad>88</ns3:cad>
          </ns3:TrackPointExtension>
        </extensions>
      </trkpt>
      <trkpt lat="24.4806264527142047882080078125" lon="118.1390261091291904449462890625">
        <ele>39</ele>
        <time>2025-04-05T12:20:13.000Z</time>
        <extensions>
          <ns3:TrackPointExtension>
            <ns3:hr>128</ns3:hr>
            <ns3:cad>87</ns3:cad>
          </ns3:TrackPointExtension>
        </extensions>
      </trkpt>
      <trkpt lat="24.48062553070485591888427734375" lon="118.1390056572854518890380859375">
        <ele>38.799999237060546875</ele>
        <time>2025-04-05T12:20:14.000Z</time>
        <extensions>
          <ns3:TrackPointExtension>
            <ns3:hr>128</ns3:hr>
            <ns3:cad>86</ns3:cad>
          </ns3:TrackPointExtension>
        </extensions>
      </trkpt>
      <trkpt lat="24.48063106276094913482666015625" lon="118.13897573389112949371337890625">
        <ele>38.799999237060546875</ele>
        <time>2025-04-05T12:20:15.000Z</time>
        <extensions>
          <ns3:TrackPointExtension>
            <ns3:hr>128</ns3:hr>
            <ns3:cad>86</ns3:cad>
          </ns3:TrackPointExtension>
        </extensions>
      </trkpt>
      <trkpt lat="24.48063433170318603515625" lon="118.13895897008478641510009765625">
        <ele>38.799999237060546875</ele>
        <time>2025-04-05T12:20:16.000Z</time>
        <extensions>
          <ns3:TrackPointExtension>
            <ns3:hr>128</ns3:hr>
            <ns3:cad>88</ns3:cad>
          </ns3:TrackPointExtension>
        </extensions>
      </trkpt>
      <trkpt lat="24.48063860647380352020263671875" lon="118.138934075832366943359375">
        <ele>38.799999237060546875</ele>
        <time>2025-04-05T12:20:17.000Z</time>
        <extensions>
          <ns3:TrackPointExtension>
            <ns3:hr>128</ns3:hr>
            <ns3:cad>88</ns3:cad>
          </ns3:TrackPointExtension>
        </extensions>
      </trkpt>
      <trkpt lat="24.480643384158611297607421875" lon="118.13891421072185039520263671875">
        <ele>38.799999237060546875</ele>
        <time>2025-04-05T12:20:18.000Z</time>
        <extensions>
          <ns3:TrackPointExtension>
            <ns3:hr>129</ns3:hr>
            <ns3:cad>88</ns3:cad>
          </ns3:TrackPointExtension>
        </extensions>
      </trkpt>
      <trkpt lat="24.4806536100804805755615234375" lon="118.1388883106410503387451171875">
        <ele>38.799999237060546875</ele>
        <time>2025-04-05T12:20:19.000Z</time>
        <extensions>
          <ns3:TrackPointExtension>
            <ns3:hr>128</ns3:hr>
            <ns3:cad>87</ns3:cad>
          </ns3:TrackPointExtension>
        </extensions>
      </trkpt>
      <trkpt lat="24.48066048324108123779296875" lon="118.13886458985507488250732421875">
        <ele>38.799999237060546875</ele>
        <time>2025-04-05T12:20:20.000Z</time>
        <extensions>
          <ns3:TrackPointExtension>
            <ns3:hr>128</ns3:hr>
            <ns3:cad>87</ns3:cad>
          </ns3:TrackPointExtension>
        </extensions>
      </trkpt>
      <trkpt lat="24.4806660152971744537353515625" lon="118.138841204345226287841796875">
        <ele>38.799999237060546875</ele>
        <time>2025-04-05T12:20:21.000Z</time>
        <extensions>
          <ns3:TrackPointExtension>
            <ns3:hr>129</ns3:hr>
            <ns3:cad>88</ns3:cad>
          </ns3:TrackPointExtension>
        </extensions>
      </trkpt>
      <trkpt lat="24.480680935084819793701171875" lon="118.13881781883537769317626953125">
        <ele>38.799999237060546875</ele>
        <time>2025-04-05T12:20:22.000Z</time>
        <extensions>
          <ns3:TrackPointExtension>
            <ns3:hr>128</ns3:hr>
            <ns3:cad>88</ns3:cad>
          </ns3:TrackPointExtension>
        </extensions>
      </trkpt>
      <trkpt lat="24.4806908257305622100830078125" lon="118.13879602588713169097900390625">
        <ele>38.799999237060546875</ele>
        <time>2025-04-05T12:20:23.000Z</time>
        <extensions>
          <ns3:TrackPointExtension>
            <ns3:hr>128</ns3:hr>
            <ns3:cad>88</ns3:cad>
          </ns3:TrackPointExtension>
        </extensions>
      </trkpt>
      <trkpt lat="24.48070943355560302734375" lon="118.13877155072987079620361328125">
        <ele>38.799999237060546875</ele>
        <time>2025-04-05T12:20:24.000Z</time>
        <extensions>
          <ns3:TrackPointExtension>
            <ns3:hr>129</ns3:hr>
            <ns3:cad>88</ns3:cad>
          </ns3:TrackPointExtension>
        </extensions>
      </trkpt>
      <trkpt lat="24.48072276078164577484130859375" lon="118.1387557089328765869140625">
        <ele>38.799999237060546875</ele>
        <time>2025-04-05T12:20:25.000Z</time>
        <extensions>
          <ns3:TrackPointExtension>
            <ns3:hr>129</ns3:hr>
            <ns3:cad>87</ns3:cad>
          </ns3:TrackPointExtension>
        </extensions>
      </trkpt>
      <trkpt lat="24.48074472136795520782470703125" lon="118.13873634673655033111572265625">
        <ele>38.799999237060546875</ele>
        <time>2025-04-05T12:20:26.000Z</time>
        <extensions>
          <ns3:TrackPointExtension>
            <ns3:hr>129</ns3:hr>
            <ns3:cad>87</ns3:cad>
          </ns3:TrackPointExtension>
        </extensions>
      </trkpt>
      <trkpt lat="24.48075762949883937835693359375" lon="118.1387213431298732757568359375">
        <ele>38.799999237060546875</ele>
        <time>2025-04-05T12:20:27.000Z</time>
        <extensions>
          <ns3:TrackPointExtension>
            <ns3:hr>129</ns3:hr>
            <ns3:cad>88</ns3:cad>
          </ns3:TrackPointExtension>
        </extensions>
      </trkpt>
      <trkpt lat="24.48077690787613391876220703125" lon="118.13870332203805446624755859375">
        <ele>38.799999237060546875</ele>
        <time>2025-04-05T12:20:28.000Z</time>
        <extensions>
          <ns3:TrackPointExtension>
            <ns3:hr>129</ns3:hr>
            <ns3:cad>88</ns3:cad>
          </ns3:TrackPointExtension>
        </extensions>
      </trkpt>
      <trkpt lat="24.4807840324938297271728515625" lon="118.138695023953914642333984375">
        <ele>38.799999237060546875</ele>
        <time>2025-04-05T12:20:29.000Z</time>
        <extensions>
          <ns3:TrackPointExtension>
            <ns3:hr>130</ns3:hr>
            <ns3:cad>88</ns3:cad>
          </ns3:TrackPointExtension>
        </extensions>
      </trkpt>
      <trkpt lat="24.48079886846244335174560546875" lon="118.13868085853755474090576171875">
        <ele>38.799999237060546875</ele>
        <time>2025-04-05T12:20:30.000Z</time>
        <extensions>
          <ns3:TrackPointExtension>
            <ns3:hr>131</ns3:hr>
            <ns3:cad>87</ns3:cad>
          </ns3:TrackPointExtension>
        </extensions>
      </trkpt>
      <trkpt lat="24.4808085076510906219482421875" lon="118.138674907386302947998046875">
        <ele>38.59999847412109375</ele>
        <time>2025-04-05T12:20:31.000Z</time>
        <extensions>
          <ns3:TrackPointExtension>
            <ns3:hr>132</ns3:hr>
            <ns3:cad>87</ns3:cad>
          </ns3:TrackPointExtension>
        </extensions>
      </trkpt>
      <trkpt lat="24.4808272831141948699951171875" lon="118.13866677694022655487060546875">
        <ele>38.59999847412109375</ele>
        <time>2025-04-05T12:20:32.000Z</time>
        <extensions>
          <ns3:TrackPointExtension>
            <ns3:hr>132</ns3:hr>
            <ns3:cad>88</ns3:cad>
          </ns3:TrackPointExtension>
        </extensions>
      </trkpt>
      <trkpt lat="24.48084664531052112579345703125" lon="118.13865923322737216949462890625">
        <ele>38.59999847412109375</ele>
        <time>2025-04-05T12:20:33.000Z</time>
        <extensions>
          <ns3:TrackPointExtension>
            <ns3:hr>133</ns3:hr>
            <ns3:cad>88</ns3:cad>
          </ns3:TrackPointExtension>
        </extensions>
      </trkpt>
      <trkpt lat="24.48087363503873348236083984375" lon="118.13865018077194690704345703125">
        <ele>38.59999847412109375</ele>
        <time>2025-04-05T12:20:34.000Z</time>
        <extensions>
          <ns3:TrackPointExtension>
            <ns3:hr>133</ns3:hr>
            <ns3:cad>88</ns3:cad>
          </ns3:TrackPointExtension>
        </extensions>
      </trkpt>
      <trkpt lat="24.48089341633021831512451171875" lon="118.13864951021969318389892578125">
        <ele>38.59999847412109375</ele>
        <time>2025-04-05T12:20:35.000Z</time>
        <extensions>
          <ns3:TrackPointExtension>
            <ns3:hr>133</ns3:hr>
            <ns3:cad>88</ns3:cad>
          </ns3:TrackPointExtension>
        </extensions>
      </trkpt>
      <trkpt lat="24.48091604746878147125244140625" lon="118.1386430561542510986328125">
        <ele>38.40000152587890625</ele>
        <time>2025-04-05T12:20:36.000Z</time>
        <extensions>
          <ns3:TrackPointExtension>
            <ns3:hr>133</ns3:hr>
            <ns3:cad>87</ns3:cad>
          </ns3:TrackPointExtension>
        </extensions>
      </trkpt>
      <trkpt lat="24.48094001971185207366943359375" lon="118.1386408768594264984130859375">
        <ele>38.40000152587890625</ele>
        <time>2025-04-05T12:20:37.000Z</time>
        <extensions>
          <ns3:TrackPointExtension>
            <ns3:hr>133</ns3:hr>
            <ns3:cad>87</ns3:cad>
          </ns3:TrackPointExtension>
        </extensions>
      </trkpt>
      <trkpt lat="24.4809664227068424224853515625" lon="118.138631992042064666748046875">
        <ele>38.40000152587890625</ele>
        <time>2025-04-05T12:20:38.000Z</time>
        <extensions>
          <ns3:TrackPointExtension>
            <ns3:hr>133</ns3:hr>
            <ns3:cad>88</ns3:cad>
          </ns3:TrackPointExtension>
        </extensions>
      </trkpt>
      <trkpt lat="24.48099181987345218658447265625" lon="118.13862537033855915069580078125">
        <ele>38.40000152587890625</ele>
        <time>2025-04-05T12:20:39.000Z</time>
        <extensions>
          <ns3:TrackPointExtension>
            <ns3:hr>133</ns3:hr>
            <ns3:cad>88</ns3:cad>
          </ns3:TrackPointExtension>
        </extensions>
      </trkpt>
      <trkpt lat="24.4810193963348865509033203125" lon="118.13861631788313388824462890625">
        <ele>38.200000762939453125</ele>
        <time>2025-04-05T12:20:40.000Z</time>
        <extensions>
          <ns3:TrackPointExtension>
            <ns3:hr>133</ns3:hr>
            <ns3:cad>88</ns3:cad>
          </ns3:TrackPointExtension>
        </extensions>
      </trkpt>
      <trkpt lat="24.4810489006340503692626953125" lon="118.1386103667318820953369140625">
        <ele>38.200000762939453125</ele>
        <time>2025-04-05T12:20:41.000Z</time>
        <extensions>
          <ns3:TrackPointExtension>
            <ns3:hr>133</ns3:hr>
            <ns3:cad>88</ns3:cad>
          </ns3:TrackPointExtension>
        </extensions>
      </trkpt>
      <trkpt lat="24.481071531772613525390625" lon="118.13860458321869373321533203125">
        <ele>38.200000762939453125</ele>
        <time>2025-04-05T12:20:42.000Z</time>
        <extensions>
          <ns3:TrackPointExtension>
            <ns3:hr>133</ns3:hr>
            <ns3:cad>88</ns3:cad>
          </ns3:TrackPointExtension>
        </extensions>
      </trkpt>
      <trkpt lat="24.48109961114823818206787109375" lon="118.13860927708446979522705078125">
        <ele>38</ele>
        <time>2025-04-05T12:20:43.000Z</time>
        <extensions>
          <ns3:TrackPointExtension>
            <ns3:hr>133</ns3:hr>
            <ns3:cad>88</ns3:cad>
          </ns3:TrackPointExtension>
        </extensions>
      </trkpt>
      <trkpt lat="24.48112073354423046112060546875" lon="118.13861313275992870330810546875">
        <ele>38</ele>
        <time>2025-04-05T12:20:44.000Z</time>
        <extensions>
          <ns3:TrackPointExtension>
            <ns3:hr>134</ns3:hr>
            <ns3:cad>88</ns3:cad>
          </ns3:TrackPointExtension>
        </extensions>
      </trkpt>
      <trkpt lat="24.481146298348903656005859375" lon="118.1386254541575908660888671875">
        <ele>37.799999237060546875</ele>
        <time>2025-04-05T12:20:45.000Z</time>
        <extensions>
          <ns3:TrackPointExtension>
            <ns3:hr>133</ns3:hr>
            <ns3:cad>88</ns3:cad>
          </ns3:TrackPointExtension>
        </extensions>
      </trkpt>
      <trkpt lat="24.4811628945171833038330078125" lon="118.1386281363666057586669921875">
        <ele>37.799999237060546875</ele>
        <time>2025-04-05T12:20:46.000Z</time>
        <extensions>
          <ns3:TrackPointExtension>
            <ns3:hr>133</ns3:hr>
            <ns3:cad>88</ns3:cad>
          </ns3:TrackPointExtension>
        </extensions>
      </trkpt>
      <trkpt lat="24.48118778876960277557373046875" lon="118.138638027012348175048828125">
        <ele>37.799999237060546875</ele>
        <time>2025-04-05T12:20:47.000Z</time>
        <extensions>
          <ns3:TrackPointExtension>
            <ns3:hr>134</ns3:hr>
            <ns3:cad>87</ns3:cad>
          </ns3:TrackPointExtension>
        </extensions>
      </trkpt>
      <trkpt lat="24.48120639659464359283447265625" lon="118.1386422179639339447021484375">
        <ele>37.799999237060546875</ele>
        <time>2025-04-05T12:20:48.000Z</time>
        <extensions>
          <ns3:TrackPointExtension>
            <ns3:hr>133</ns3:hr>
            <ns3:cad>87</ns3:cad>
          </ns3:TrackPointExtension>
        </extensions>
      </trkpt>
      <trkpt lat="24.48123045265674591064453125" lon="118.13864951021969318389892578125">
        <ele>37.799999237060546875</ele>
        <time>2025-04-05T12:20:49.000Z</time>
        <extensions>
          <ns3:TrackPointExtension>
            <ns3:hr>133</ns3:hr>
            <ns3:cad>87</ns3:cad>
          </ns3:TrackPointExtension>
        </extensions>
      </trkpt>
      <trkpt lat="24.4812477193772792816162109375" lon="118.13865822739899158477783203125">
        <ele>37.799999237060546875</ele>
        <time>2025-04-05T12:20:50.000Z</time>
        <extensions>
          <ns3:TrackPointExtension>
            <ns3:hr>134</ns3:hr>
            <ns3:cad>88</ns3:cad>
          </ns3:TrackPointExtension>
        </extensions>
      </trkpt>
      <trkpt lat="24.48126959614455699920654296875" lon="118.13866652548313140869140625">
        <ele>37.799999237060546875</ele>
        <time>2025-04-05T12:20:51.000Z</time>
        <extensions>
          <ns3:TrackPointExtension>
            <ns3:hr>133</ns3:hr>
            <ns3:cad>88</ns3:cad>
          </ns3:TrackPointExtension>
        </extensions>
      </trkpt>
      <trkpt lat="24.481291808187961578369140625" lon="118.138676248490810394287109375">
        <ele>37.799999237060546875</ele>
        <time>2025-04-05T12:20:52.000Z</time>
        <extensions>
          <ns3:TrackPointExtension>
            <ns3:hr>133</ns3:hr>
            <ns3:cad>88</ns3:cad>
          </ns3:TrackPointExtension>
        </extensions>
      </trkpt>
      <trkpt lat="24.48131837882101535797119140625" lon="118.13868504948914051055908203125">
        <ele>37.799999237060546875</ele>
        <time>2025-04-05T12:20:53.000Z</time>
        <extensions>
          <ns3:TrackPointExtension>
            <ns3:hr>133</ns3:hr>
            <ns3:cad>88</ns3:cad>
          </ns3:TrackPointExtension>
        </extensions>
      </trkpt>
      <trkpt lat="24.48133698664605617523193359375" lon="118.13868773169815540313720703125">
        <ele>37.59999847412109375</ele>
        <time>2025-04-05T12:20:54.000Z</time>
        <extensions>
          <ns3:TrackPointExtension>
            <ns3:hr>132</ns3:hr>
            <ns3:cad>88</ns3:cad>
          </ns3:TrackPointExtension>
        </extensions>
      </trkpt>
      <trkpt lat="24.4813620485365390777587890625" lon="118.138696365058422088623046875">
        <ele>37.59999847412109375</ele>
        <time>2025-04-05T12:20:55.000Z</time>
        <extensions>
          <ns3:TrackPointExtension>
            <ns3:hr>133</ns3:hr>
            <ns3:cad>88</ns3:cad>
          </ns3:TrackPointExtension>
        </extensions>
      </trkpt>
      <trkpt lat="24.4813808239996433258056640625" lon="118.1387035734951496124267578125">
        <ele>37.59999847412109375</ele>
        <time>2025-04-05T12:20:56.000Z</time>
        <extensions>
          <ns3:TrackPointExtension>
            <ns3:hr>133</ns3:hr>
            <ns3:cad>88</ns3:cad>
          </ns3:TrackPointExtension>
        </extensions>
      </trkpt>
      <trkpt lat="24.48140555061399936676025390625" lon="118.13870734535157680511474609375">
        <ele>37.59999847412109375</ele>
        <time>2025-04-05T12:20:57.000Z</time>
        <extensions>
          <ns3:TrackPointExtension>
            <ns3:hr>133</ns3:hr>
            <ns3:cad>88</ns3:cad>
          </ns3:TrackPointExtension>
        </extensions>
      </trkpt>
      <trkpt lat="24.48142818175256252288818359375" lon="118.13871270976960659027099609375">
        <ele>37.59999847412109375</ele>
        <time>2025-04-05T12:20:58.000Z</time>
        <extensions>
          <ns3:TrackPointExtension>
            <ns3:hr>133</ns3:hr>
            <ns3:cad>88</ns3:cad>
          </ns3:TrackPointExtension>
        </extensions>
      </trkpt>
      <trkpt lat="24.48145030997693538665771484375" lon="118.138717152178287506103515625">
        <ele>37.59999847412109375</ele>
        <time>2025-04-05T12:20:59.000Z</time>
        <extensions>
          <ns3:TrackPointExtension>
            <ns3:hr>134</ns3:hr>
            <ns3:cad>88</ns3:cad>
          </ns3:TrackPointExtension>
        </extensions>
      </trkpt>
      <trkpt lat="24.4814700074493885040283203125" lon="118.13872612081468105316162109375">
        <ele>37.59999847412109375</ele>
        <time>2025-04-05T12:21:00.000Z</time>
        <extensions>
          <ns3:TrackPointExtension>
            <ns3:hr>134</ns3:hr>
            <ns3:cad>88</ns3:cad>
          </ns3:TrackPointExtension>
        </extensions>
      </trkpt>
      <trkpt lat="24.4814934767782688140869140625" lon="118.13872729428112506866455078125">
        <ele>37.59999847412109375</ele>
        <time>2025-04-05T12:21:01.000Z</time>
        <extensions>
          <ns3:TrackPointExtension>
            <ns3:hr>134</ns3:hr>
            <ns3:cad>88</ns3:cad>
          </ns3:TrackPointExtension>
        </extensions>
      </trkpt>
      <trkpt lat="24.481519125401973724365234375" lon="118.13873827457427978515625">
        <ele>37.59999847412109375</ele>
        <time>2025-04-05T12:21:02.000Z</time>
        <extensions>
          <ns3:TrackPointExtension>
            <ns3:hr>133</ns3:hr>
            <ns3:cad>88</ns3:cad>
          </ns3:TrackPointExtension>
        </extensions>
      </trkpt>
      <trkpt lat="24.4815395772457122802734375" lon="118.138739950954914093017578125">
        <ele>37.59999847412109375</ele>
        <time>2025-04-05T12:21:03.000Z</time>
        <extensions>
          <ns3:TrackPointExtension>
            <ns3:hr>134</ns3:hr>
            <ns3:cad>88</ns3:cad>
          </ns3:TrackPointExtension>
        </extensions>
      </trkpt>
      <trkpt lat="24.4815662316977977752685546875" lon="118.13875327818095684051513671875">
        <ele>37.40000152587890625</ele>
        <time>2025-04-05T12:21:04.000Z</time>
        <extensions>
          <ns3:TrackPointExtension>
            <ns3:hr>134</ns3:hr>
            <ns3:cad>88</ns3:cad>
          </ns3:TrackPointExtension>
        </extensions>
      </trkpt>
      <trkpt lat="24.48158827610313892364501953125" lon="118.1387528590857982635498046875">
        <ele>37.40000152587890625</ele>
        <time>2025-04-05T12:21:05.000Z</time>
        <extensions>
          <ns3:TrackPointExtension>
            <ns3:hr>133</ns3:hr>
            <ns3:cad>89</ns3:cad>
          </ns3:TrackPointExtension>
        </extensions>
      </trkpt>
      <trkpt lat="24.48161241598427295684814453125" lon="118.1387605704367160797119140625">
        <ele>37.40000152587890625</ele>
        <time>2025-04-05T12:21:06.000Z</time>
        <extensions>
          <ns3:TrackPointExtension>
            <ns3:hr>134</ns3:hr>
            <ns3:cad>89</ns3:cad>
          </ns3:TrackPointExtension>
        </extensions>
      </trkpt>
      <trkpt lat="24.4816363044083118438720703125" lon="118.1387639231979846954345703125">
        <ele>37.40000152587890625</ele>
        <time>2025-04-05T12:21:07.000Z</time>
        <extensions>
          <ns3:TrackPointExtension>
            <ns3:hr>134</ns3:hr>
            <ns3:cad>88</ns3:cad>
          </ns3:TrackPointExtension>
        </extensions>
      </trkpt>
      <trkpt lat="24.481663964688777923583984375" lon="118.13877515494823455810546875">
        <ele>37.40000152587890625</ele>
        <time>2025-04-05T12:21:08.000Z</time>
        <extensions>
          <ns3:TrackPointExtension>
            <ns3:hr>133</ns3:hr>
            <ns3:cad>88</ns3:cad>
          </ns3:TrackPointExtension>
        </extensions>
      </trkpt>
      <trkpt lat="24.48168584145605564117431640625" lon="118.13877725042402744293212890625">
        <ele>37.200000762939453125</ele>
        <time>2025-04-05T12:21:09.000Z</time>
        <extensions>
          <ns3:TrackPointExtension>
            <ns3:hr>133</ns3:hr>
            <ns3:cad>88</ns3:cad>
          </ns3:TrackPointExtension>
        </extensions>
      </trkpt>
      <trkpt lat="24.48170763440430164337158203125" lon="118.1387843750417232513427734375">
        <ele>37.200000762939453125</ele>
        <time>2025-04-05T12:21:10.000Z</time>
        <extensions>
          <ns3:TrackPointExtension>
            <ns3:hr>133</ns3:hr>
            <ns3:cad>88</ns3:cad>
          </ns3:TrackPointExtension>
        </extensions>
      </trkpt>
      <trkpt lat="24.48172691278159618377685546875" lon="118.13878454267978668212890625">
        <ele>37.200000762939453125</ele>
        <time>2025-04-05T12:21:11.000Z</time>
        <extensions>
          <ns3:TrackPointExtension>
            <ns3:hr>133</ns3:hr>
            <ns3:cad>88</ns3:cad>
          </ns3:TrackPointExtension>
        </extensions>
      </trkpt>
      <trkpt lat="24.481754489243030548095703125" lon="118.13879468478262424468994140625">
        <ele>37.200000762939453125</ele>
        <time>2025-04-05T12:21:12.000Z</time>
        <extensions>
          <ns3:TrackPointExtension>
            <ns3:hr>133</ns3:hr>
            <ns3:cad>88</ns3:cad>
          </ns3:TrackPointExtension>
        </extensions>
      </trkpt>
      <trkpt lat="24.48177452199161052703857421875" lon="118.1387937627732753753662109375">
        <ele>37.200000762939453125</ele>
        <time>2025-04-05T12:21:13.000Z</time>
        <extensions>
          <ns3:TrackPointExtension>
            <ns3:hr>133</ns3:hr>
            <ns3:cad>88</ns3:cad>
          </ns3:TrackPointExtension>
        </extensions>
      </trkpt>
      <trkpt lat="24.48179782368242740631103515625" lon="118.13879636116325855255126953125">
        <ele>37.200000762939453125</ele>
        <time>2025-04-05T12:21:14.000Z</time>
        <extensions>
          <ns3:TrackPointExtension>
            <ns3:hr>133</ns3:hr>
            <ns3:cad>88</ns3:cad>
          </ns3:TrackPointExtension>
        </extensions>
      </trkpt>
      <trkpt lat="24.48182179592549800872802734375" lon="118.1387991271913051605224609375">
        <ele>37</ele>
        <time>2025-04-05T12:21:15.000Z</time>
        <extensions>
          <ns3:TrackPointExtension>
            <ns3:hr>132</ns3:hr>
            <ns3:cad>88</ns3:cad>
          </ns3:TrackPointExtension>
        </extensions>
      </trkpt>
      <trkpt lat="24.48184828273952007293701171875" lon="118.13880256377160549163818359375">
        <ele>37</ele>
        <time>2025-04-05T12:21:16.000Z</time>
        <extensions>
          <ns3:TrackPointExtension>
            <ns3:hr>132</ns3:hr>
            <ns3:cad>89</ns3:cad>
          </ns3:TrackPointExtension>
        </extensions>
      </trkpt>
      <trkpt lat="24.48187175206840038299560546875" lon="118.138802982866764068603515625">
        <ele>37</ele>
        <time>2025-04-05T12:21:17.000Z</time>
        <extensions>
          <ns3:TrackPointExtension>
            <ns3:hr>132</ns3:hr>
            <ns3:cad>89</ns3:cad>
          </ns3:TrackPointExtension>
        </extensions>
      </trkpt>
      <trkpt lat="24.481900669634342193603515625" lon="118.13880725763738155364990234375">
        <ele>37</ele>
        <time>2025-04-05T12:21:18.000Z</time>
        <extensions>
          <ns3:TrackPointExtension>
            <ns3:hr>132</ns3:hr>
            <ns3:cad>88</ns3:cad>
          </ns3:TrackPointExtension>
        </extensions>
      </trkpt>
      <trkpt lat="24.481924809515476226806640625" lon="118.13881111331284046173095703125">
        <ele>37</ele>
        <time>2025-04-05T12:21:19.000Z</time>
        <extensions>
          <ns3:TrackPointExtension>
            <ns3:hr>132</ns3:hr>
            <ns3:cad>89</ns3:cad>
          </ns3:TrackPointExtension>
        </extensions>
      </trkpt>
      <trkpt lat="24.48194920085370540618896484375" lon="118.138817064464092254638671875">
        <ele>37</ele>
        <time>2025-04-05T12:21:20.000Z</time>
        <extensions>
          <ns3:TrackPointExtension>
            <ns3:hr>132</ns3:hr>
            <ns3:cad>89</ns3:cad>
          </ns3:TrackPointExtension>
        </extensions>
      </trkpt>
      <trkpt lat="24.4819702394306659698486328125" lon="118.1388209201395511627197265625">
        <ele>37</ele>
        <time>2025-04-05T12:21:21.000Z</time>
        <extensions>
          <ns3:TrackPointExtension>
            <ns3:hr>131</ns3:hr>
            <ns3:cad>89</ns3:cad>
          </ns3:TrackPointExtension>
        </extensions>
      </trkpt>
      <trkpt lat="24.4819982349872589111328125" lon="118.13882988877594470977783203125">
        <ele>37</ele>
        <time>2025-04-05T12:21:22.000Z</time>
        <extensions>
          <ns3:TrackPointExtension>
            <ns3:hr>131</ns3:hr>
            <ns3:cad>89</ns3:cad>
          </ns3:TrackPointExtension>
        </extensions>
      </trkpt>
      <trkpt lat="24.4820191897451877593994140625" lon="118.1388403661549091339111328125">
        <ele>36.799999237060546875</ele>
        <time>2025-04-05T12:21:23.000Z</time>
        <extensions>
          <ns3:TrackPointExtension>
            <ns3:hr>131</ns3:hr>
            <ns3:cad>89</ns3:cad>
          </ns3:TrackPointExtension>
        </extensions>
      </trkpt>
      <trkpt lat="24.4820411503314971923828125" lon="118.1388531066477298736572265625">
        <ele>36.799999237060546875</ele>
        <time>2025-04-05T12:21:24.000Z</time>
        <extensions>
          <ns3:TrackPointExtension>
            <ns3:hr>130</ns3:hr>
            <ns3:cad>89</ns3:cad>
          </ns3:TrackPointExtension>
        </extensions>
      </trkpt>
      <trkpt lat="24.48206101544201374053955078125" lon="118.1388631649315357208251953125">
        <ele>36.59999847412109375</ele>
        <time>2025-04-05T12:21:25.000Z</time>
        <extensions>
          <ns3:TrackPointExtension>
            <ns3:hr>130</ns3:hr>
            <ns3:cad>89</ns3:cad>
          </ns3:TrackPointExtension>
        </extensions>
      </trkpt>
      <trkpt lat="24.4820812158286571502685546875" lon="118.13887313939630985260009765625">
        <ele>36.59999847412109375</ele>
        <time>2025-04-05T12:21:26.000Z</time>
        <extensions>
          <ns3:TrackPointExtension>
            <ns3:hr>130</ns3:hr>
            <ns3:cad>89</ns3:cad>
          </ns3:TrackPointExtension>
        </extensions>
      </trkpt>
      <trkpt lat="24.48209948837757110595703125" lon="118.13888085074722766876220703125">
        <ele>36.59999847412109375</ele>
        <time>2025-04-05T12:21:27.000Z</time>
        <extensions>
          <ns3:TrackPointExtension>
            <ns3:hr>130</ns3:hr>
            <ns3:cad>89</ns3:cad>
          </ns3:TrackPointExtension>
        </extensions>
      </trkpt>
      <trkpt lat="24.48212186805903911590576171875" lon="118.13888512551784515380859375">
        <ele>36.59999847412109375</ele>
        <time>2025-04-05T12:21:28.000Z</time>
        <extensions>
          <ns3:TrackPointExtension>
            <ns3:hr>130</ns3:hr>
            <ns3:cad>89</ns3:cad>
          </ns3:TrackPointExtension>
        </extensions>
      </trkpt>
      <trkpt lat="24.48214231990277767181396484375" lon="118.1388903222978115081787109375">
        <ele>36.59999847412109375</ele>
        <time>2025-04-05T12:21:29.000Z</time>
        <extensions>
          <ns3:TrackPointExtension>
            <ns3:hr>130</ns3:hr>
            <ns3:cad>88</ns3:cad>
          </ns3:TrackPointExtension>
        </extensions>
      </trkpt>
      <trkpt lat="24.48216578923165798187255859375" lon="118.13889392651617527008056640625">
        <ele>36.59999847412109375</ele>
        <time>2025-04-05T12:21:30.000Z</time>
        <extensions>
          <ns3:TrackPointExtension>
            <ns3:hr>130</ns3:hr>
            <ns3:cad>89</ns3:cad>
          </ns3:TrackPointExtension>
        </extensions>
      </trkpt>
      <trkpt lat="24.4821841455996036529541015625" lon="118.138900883495807647705078125">
        <ele>36.59999847412109375</ele>
        <time>2025-04-05T12:21:31.000Z</time>
        <extensions>
          <ns3:TrackPointExtension>
            <ns3:hr>130</ns3:hr>
            <ns3:cad>89</ns3:cad>
          </ns3:TrackPointExtension>
        </extensions>
      </trkpt>
      <trkpt lat="24.48220585472881793975830078125" lon="118.13890532590448856353759765625">
        <ele>36.59999847412109375</ele>
        <time>2025-04-05T12:21:32.000Z</time>
        <extensions>
          <ns3:TrackPointExtension>
            <ns3:hr>130</ns3:hr>
            <ns3:cad>89</ns3:cad>
          </ns3:TrackPointExtension>
        </extensions>
      </trkpt>
      <trkpt lat="24.482230246067047119140625" lon="118.1389104388654232025146484375">
        <ele>36.59999847412109375</ele>
        <time>2025-04-05T12:21:33.000Z</time>
        <extensions>
          <ns3:TrackPointExtension>
            <ns3:hr>130</ns3:hr>
            <ns3:cad>88</ns3:cad>
          </ns3:TrackPointExtension>
        </extensions>
      </trkpt>
      <trkpt lat="24.48225178755819797515869140625" lon="118.13891588710248470306396484375">
        <ele>36.59999847412109375</ele>
        <time>2025-04-05T12:21:34.000Z</time>
        <extensions>
          <ns3:TrackPointExtension>
            <ns3:hr>130</ns3:hr>
            <ns3:cad>88</ns3:cad>
          </ns3:TrackPointExtension>
        </extensions>
      </trkpt>
      <trkpt lat="24.48227475397288799285888671875" lon="118.13892577774822711944580078125">
        <ele>36.59999847412109375</ele>
        <time>2025-04-05T12:21:35.000Z</time>
        <extensions>
          <ns3:TrackPointExtension>
            <ns3:hr>130</ns3:hr>
            <ns3:cad>88</ns3:cad>
          </ns3:TrackPointExtension>
        </extensions>
      </trkpt>
      <trkpt lat="24.48229520581662654876708984375" lon="118.1389272026717662811279296875">
        <ele>36.40000152587890625</ele>
        <time>2025-04-05T12:21:36.000Z</time>
        <extensions>
          <ns3:TrackPointExtension>
            <ns3:hr>130</ns3:hr>
            <ns3:cad>89</ns3:cad>
          </ns3:TrackPointExtension>
        </extensions>
      </trkpt>
      <trkpt lat="24.48231783695518970489501953125" lon="118.138937763869762420654296875">
        <ele>36.40000152587890625</ele>
        <time>2025-04-05T12:21:37.000Z</time>
        <extensions>
          <ns3:TrackPointExtension>
            <ns3:hr>130</ns3:hr>
            <ns3:cad>89</ns3:cad>
          </ns3:TrackPointExtension>
        </extensions>
      </trkpt>
      <trkpt lat="24.4823390431702136993408203125" lon="118.1389426253736019134521484375">
        <ele>36.200000762939453125</ele>
        <time>2025-04-05T12:21:38.000Z</time>
        <extensions>
          <ns3:TrackPointExtension>
            <ns3:hr>131</ns3:hr>
            <ns3:cad>89</ns3:cad>
          </ns3:TrackPointExtension>
        </extensions>
      </trkpt>
      <trkpt lat="24.482366032898426055908203125" lon="118.13895662315189838409423828125">
        <ele>36.200000762939453125</ele>
        <time>2025-04-05T12:21:39.000Z</time>
        <extensions>
          <ns3:TrackPointExtension>
            <ns3:hr>130</ns3:hr>
            <ns3:cad>88</ns3:cad>
          </ns3:TrackPointExtension>
        </extensions>
      </trkpt>
      <trkpt lat="24.4823829643428325653076171875" lon="118.1389580480754375457763671875">
        <ele>36.200000762939453125</ele>
        <time>2025-04-05T12:21:40.000Z</time>
        <extensions>
          <ns3:TrackPointExtension>
            <ns3:hr>130</ns3:hr>
            <ns3:cad>88</ns3:cad>
          </ns3:TrackPointExtension>
        </extensions>
      </trkpt>
      <trkpt lat="24.4824087806046009063720703125" lon="118.1389738060534000396728515625">
        <ele>36.200000762939453125</ele>
        <time>2025-04-05T12:21:41.000Z</time>
        <extensions>
          <ns3:TrackPointExtension>
            <ns3:hr>130</ns3:hr>
            <ns3:cad>88</ns3:cad>
          </ns3:TrackPointExtension>
        </extensions>
      </trkpt>
      <trkpt lat="24.482430405914783477783203125" lon="118.13898193649947643280029296875">
        <ele>36.200000762939453125</ele>
        <time>2025-04-05T12:21:42.000Z</time>
        <extensions>
          <ns3:TrackPointExtension>
            <ns3:hr>130</ns3:hr>
            <ns3:cad>88</ns3:cad>
          </ns3:TrackPointExtension>
        </extensions>
      </trkpt>
      <trkpt lat="24.482455216348171234130859375" lon="118.13898948021233081817626953125">
        <ele>36.200000762939453125</ele>
        <time>2025-04-05T12:21:43.000Z</time>
        <extensions>
          <ns3:TrackPointExtension>
            <ns3:hr>130</ns3:hr>
            <ns3:cad>88</ns3:cad>
          </ns3:TrackPointExtension>
        </extensions>
      </trkpt>
      <trkpt lat="24.4824755005538463592529296875" lon="118.1389952637255191802978515625">
        <ele>36.200000762939453125</ele>
        <time>2025-04-05T12:21:44.000Z</time>
        <extensions>
          <ns3:TrackPointExtension>
            <ns3:hr>130</ns3:hr>
            <ns3:cad>88</ns3:cad>
          </ns3:TrackPointExtension>
        </extensions>
      </trkpt>
      <trkpt lat="24.4825016520917415618896484375" lon="118.13900582492351531982421875">
        <ele>36.200000762939453125</ele>
        <time>2025-04-05T12:21:45.000Z</time>
        <extensions>
          <ns3:TrackPointExtension>
            <ns3:hr>130</ns3:hr>
            <ns3:cad>88</ns3:cad>
          </ns3:TrackPointExtension>
        </extensions>
      </trkpt>
      <trkpt lat="24.4825214333832263946533203125" lon="118.1390137039124965667724609375">
        <ele>36.200000762939453125</ele>
        <time>2025-04-05T12:21:46.000Z</time>
        <extensions>
          <ns3:TrackPointExtension>
            <ns3:hr>130</ns3:hr>
            <ns3:cad>87</ns3:cad>
          </ns3:TrackPointExtension>
        </extensions>
      </trkpt>
      <trkpt lat="24.48254766874015331268310546875" lon="118.139018900692462921142578125">
        <ele>36.200000762939453125</ele>
        <time>2025-04-05T12:21:47.000Z</time>
        <extensions>
          <ns3:TrackPointExtension>
            <ns3:hr>129</ns3:hr>
            <ns3:cad>87</ns3:cad>
          </ns3:TrackPointExtension>
        </extensions>
      </trkpt>
      <trkpt lat="24.48257097043097019195556640625" lon="118.13902728259563446044921875">
        <ele>36.200000762939453125</ele>
        <time>2025-04-05T12:21:48.000Z</time>
        <extensions>
          <ns3:TrackPointExtension>
            <ns3:hr>129</ns3:hr>
            <ns3:cad>88</ns3:cad>
          </ns3:TrackPointExtension>
        </extensions>
      </trkpt>
      <trkpt lat="24.48259435594081878662109375" lon="118.139030635356903076171875">
        <ele>36</ele>
        <time>2025-04-05T12:21:49.000Z</time>
        <extensions>
          <ns3:TrackPointExtension>
            <ns3:hr>129</ns3:hr>
            <ns3:cad>88</ns3:cad>
          </ns3:TrackPointExtension>
        </extensions>
      </trkpt>
      <trkpt lat="24.482616819441318511962890625" lon="118.13903826288878917694091796875">
        <ele>36</ele>
        <time>2025-04-05T12:21:50.000Z</time>
        <extensions>
          <ns3:TrackPointExtension>
            <ns3:hr>130</ns3:hr>
            <ns3:cad>88</ns3:cad>
          </ns3:TrackPointExtension>
        </extensions>
      </trkpt>
      <trkpt lat="24.48263651691377162933349609375" lon="118.13903935253620147705078125">
        <ele>35.799999237060546875</ele>
        <time>2025-04-05T12:21:51.000Z</time>
        <extensions>
          <ns3:TrackPointExtension>
            <ns3:hr>130</ns3:hr>
            <ns3:cad>88</ns3:cad>
          </ns3:TrackPointExtension>
        </extensions>
      </trkpt>
      <trkpt lat="24.48265981860458850860595703125" lon="118.1390480697154998779296875">
        <ele>35.799999237060546875</ele>
        <time>2025-04-05T12:21:52.000Z</time>
        <extensions>
          <ns3:TrackPointExtension>
            <ns3:hr>130</ns3:hr>
            <ns3:cad>87</ns3:cad>
          </ns3:TrackPointExtension>
        </extensions>
      </trkpt>
      <trkpt lat="24.4826786778867244720458984375" lon="118.13904748298227787017822265625">
        <ele>35.799999237060546875</ele>
        <time>2025-04-05T12:21:53.000Z</time>
        <extensions>
          <ns3:TrackPointExtension>
            <ns3:hr>129</ns3:hr>
            <ns3:cad>87</ns3:cad>
          </ns3:TrackPointExtension>
        </extensions>
      </trkpt>
      <trkpt lat="24.4827065058052539825439453125" lon="118.1390562839806079864501953125">
        <ele>35.799999237060546875</ele>
        <time>2025-04-05T12:21:54.000Z</time>
        <extensions>
          <ns3:TrackPointExtension>
            <ns3:hr>130</ns3:hr>
            <ns3:cad>88</ns3:cad>
          </ns3:TrackPointExtension>
        </extensions>
      </trkpt>
      <trkpt lat="24.4827259518206119537353515625" lon="118.13905720598995685577392578125">
        <ele>35.59999847412109375</ele>
        <time>2025-04-05T12:21:55.000Z</time>
        <extensions>
          <ns3:TrackPointExtension>
            <ns3:hr>130</ns3:hr>
            <ns3:cad>88</ns3:cad>
          </ns3:TrackPointExtension>
        </extensions>
      </trkpt>
      <trkpt lat="24.48275805450975894927978515625" lon="118.13906810246407985687255859375">
        <ele>35.59999847412109375</ele>
        <time>2025-04-05T12:21:56.000Z</time>
        <extensions>
          <ns3:TrackPointExtension>
            <ns3:hr>131</ns3:hr>
            <ns3:cad>88</ns3:cad>
          </ns3:TrackPointExtension>
        </extensions>
      </trkpt>
      <trkpt lat="24.482777751982212066650390625" lon="118.1390693597495555877685546875">
        <ele>35.59999847412109375</ele>
        <time>2025-04-05T12:21:57.000Z</time>
        <extensions>
          <ns3:TrackPointExtension>
            <ns3:hr>131</ns3:hr>
            <ns3:cad>88</ns3:cad>
          </ns3:TrackPointExtension>
        </extensions>
      </trkpt>
      <trkpt lat="24.4828020595014095306396484375" lon="118.13907631672918796539306640625">
        <ele>35.40000152587890625</ele>
        <time>2025-04-05T12:21:58.000Z</time>
        <extensions>
          <ns3:TrackPointExtension>
            <ns3:hr>131</ns3:hr>
            <ns3:cad>87</ns3:cad>
          </ns3:TrackPointExtension>
        </extensions>
      </trkpt>
      <trkpt lat="24.48282561264932155609130859375" lon="118.13908721320331096649169921875">
        <ele>35.40000152587890625</ele>
        <time>2025-04-05T12:21:59.000Z</time>
        <extensions>
          <ns3:TrackPointExtension>
            <ns3:hr>131</ns3:hr>
            <ns3:cad>87</ns3:cad>
          </ns3:TrackPointExtension>
        </extensions>
      </trkpt>
      <trkpt lat="24.48285025544464588165283203125" lon="118.139086626470088958740234375">
        <ele>35.40000152587890625</ele>
        <time>2025-04-05T12:22:00.000Z</time>
        <extensions>
          <ns3:TrackPointExtension>
            <ns3:hr>131</ns3:hr>
            <ns3:cad>88</ns3:cad>
          </ns3:TrackPointExtension>
        </extensions>
      </trkpt>
      <trkpt lat="24.482874311506748199462890625" lon="118.13908788375556468963623046875">
        <ele>35.200000762939453125</ele>
        <time>2025-04-05T12:22:01.000Z</time>
        <extensions>
          <ns3:TrackPointExtension>
            <ns3:hr>131</ns3:hr>
            <ns3:cad>88</ns3:cad>
          </ns3:TrackPointExtension>
        </extensions>
      </trkpt>
      <trkpt lat="24.4828969426453113555908203125" lon="118.13907514326274394989013671875">
        <ele>35.200000762939453125</ele>
        <time>2025-04-05T12:22:02.000Z</time>
        <extensions>
          <ns3:TrackPointExtension>
            <ns3:hr>131</ns3:hr>
            <ns3:cad>88</ns3:cad>
          </ns3:TrackPointExtension>
        </extensions>
      </trkpt>
      <trkpt lat="24.48292158544063568115234375" lon="118.139055110514163970947265625">
        <ele>35</ele>
        <time>2025-04-05T12:22:03.000Z</time>
        <extensions>
          <ns3:TrackPointExtension>
            <ns3:hr>131</ns3:hr>
            <ns3:cad>88</ns3:cad>
          </ns3:TrackPointExtension>
        </extensions>
      </trkpt>
      <trkpt lat="24.482936672866344451904296875" lon="118.13904605805873870849609375">
        <ele>35</ele>
        <time>2025-04-05T12:22:04.000Z</time>
        <extensions>
          <ns3:TrackPointExtension>
            <ns3:hr>132</ns3:hr>
            <ns3:cad>88</ns3:cad>
          </ns3:TrackPointExtension>
        </extensions>
      </trkpt>
      <trkpt lat="24.48295134119689464569091796875" lon="118.139022924005985260009765625">
        <ele>35</ele>
        <time>2025-04-05T12:22:05.000Z</time>
        <extensions>
          <ns3:TrackPointExtension>
            <ns3:hr>131</ns3:hr>
            <ns3:cad>85</ns3:cad>
          </ns3:TrackPointExtension>
        </extensions>
      </trkpt>
      <trkpt lat="24.4829611480236053466796875" lon="118.1389996223151683807373046875">
        <ele>34.799999237060546875</ele>
        <time>2025-04-05T12:22:06.000Z</time>
        <extensions>
          <ns3:TrackPointExtension>
            <ns3:hr>131</ns3:hr>
            <ns3:cad>85</ns3:cad>
          </ns3:TrackPointExtension>
        </extensions>
      </trkpt>
      <trkpt lat="24.48296207003295421600341796875" lon="118.13897497951984405517578125">
        <ele>34.799999237060546875</ele>
        <time>2025-04-05T12:22:07.000Z</time>
        <extensions>
          <ns3:TrackPointExtension>
            <ns3:hr>131</ns3:hr>
            <ns3:cad>84</ns3:cad>
          </ns3:TrackPointExtension>
        </extensions>
      </trkpt>
      <trkpt lat="24.4829718768596649169921875" lon="118.1389419548213481903076171875">
        <ele>34.799999237060546875</ele>
        <time>2025-04-05T12:22:08.000Z</time>
        <extensions>
          <ns3:TrackPointExtension>
            <ns3:hr>132</ns3:hr>
            <ns3:cad>84</ns3:cad>
          </ns3:TrackPointExtension>
        </extensions>
      </trkpt>
      <trkpt lat="24.48297833092510700225830078125" lon="118.13893047161400318145751953125">
        <ele>34.799999237060546875</ele>
        <time>2025-04-05T12:22:09.000Z</time>
        <extensions>
          <ns3:TrackPointExtension>
            <ns3:hr>132</ns3:hr>
            <ns3:cad>84</ns3:cad>
          </ns3:TrackPointExtension>
        </extensions>
      </trkpt>
      <trkpt lat="24.48298755101859569549560546875" lon="118.13890499062836170196533203125">
        <ele>34.799999237060546875</ele>
        <time>2025-04-05T12:22:10.000Z</time>
        <extensions>
          <ns3:TrackPointExtension>
            <ns3:hr>132</ns3:hr>
            <ns3:cad>84</ns3:cad>
          </ns3:TrackPointExtension>
        </extensions>
      </trkpt>
      <trkpt lat="24.483003057539463043212890625" lon="118.1388819403946399688720703125">
        <ele>35</ele>
        <time>2025-04-05T12:22:11.000Z</time>
        <extensions>
          <ns3:TrackPointExtension>
            <ns3:hr>131</ns3:hr>
            <ns3:cad>85</ns3:cad>
          </ns3:TrackPointExtension>
        </extensions>
      </trkpt>
      <trkpt lat="24.48301521129906177520751953125" lon="118.1388608179986476898193359375">
        <ele>35</ele>
        <time>2025-04-05T12:22:12.000Z</time>
        <extensions>
          <ns3:TrackPointExtension>
            <ns3:hr>131</ns3:hr>
            <ns3:cad>85</ns3:cad>
          </ns3:TrackPointExtension>
        </extensions>
      </trkpt>
      <trkpt lat="24.48303532786667346954345703125" lon="118.1388333253562450408935546875">
        <ele>35</ele>
        <time>2025-04-05T12:22:13.000Z</time>
        <extensions>
          <ns3:TrackPointExtension>
            <ns3:hr>131</ns3:hr>
            <ns3:cad>84</ns3:cad>
          </ns3:TrackPointExtension>
        </extensions>
      </trkpt>
      <trkpt lat="24.483045302331447601318359375" lon="118.1388122029602527618408203125">
        <ele>35</ele>
        <time>2025-04-05T12:22:14.000Z</time>
        <extensions>
          <ns3:TrackPointExtension>
            <ns3:hr>132</ns3:hr>
            <ns3:cad>84</ns3:cad>
          </ns3:TrackPointExtension>
        </extensions>
      </trkpt>
      <trkpt lat="24.48306852020323276519775390625" lon="118.1387917511165142059326171875">
        <ele>35</ele>
        <time>2025-04-05T12:22:15.000Z</time>
        <extensions>
          <ns3:TrackPointExtension>
            <ns3:hr>131</ns3:hr>
            <ns3:cad>83</ns3:cad>
          </ns3:TrackPointExtension>
        </extensions>
      </trkpt>
      <trkpt lat="24.4830791652202606201171875" lon="118.13877741806209087371826171875">
        <ele>35</ele>
        <time>2025-04-05T12:22:16.000Z</time>
        <extensions>
          <ns3:TrackPointExtension>
            <ns3:hr>131</ns3:hr>
            <ns3:cad>83</ns3:cad>
          </ns3:TrackPointExtension>
        </extensions>
      </trkpt>
      <trkpt lat="24.4831048138439655303955078125" lon="118.1387583911418914794921875">
        <ele>34.799999237060546875</ele>
        <time>2025-04-05T12:22:17.000Z</time>
        <extensions>
          <ns3:TrackPointExtension>
            <ns3:hr>131</ns3:hr>
            <ns3:cad>87</ns3:cad>
          </ns3:TrackPointExtension>
        </extensions>
      </trkpt>
      <trkpt lat="24.483119733631610870361328125" lon="118.1387441419064998626708984375">
        <ele>34.799999237060546875</ele>
        <time>2025-04-05T12:22:18.000Z</time>
        <extensions>
          <ns3:TrackPointExtension>
            <ns3:hr>131</ns3:hr>
            <ns3:cad>87</ns3:cad>
          </ns3:TrackPointExtension>
        </extensions>
      </trkpt>
      <trkpt lat="24.48313557542860507965087890625" lon="118.1387173198163509368896484375">
        <ele>34.799999237060546875</ele>
        <time>2025-04-05T12:22:19.000Z</time>
        <extensions>
          <ns3:TrackPointExtension>
            <ns3:hr>131</ns3:hr>
            <ns3:cad>87</ns3:cad>
          </ns3:TrackPointExtension>
        </extensions>
      </trkpt>
      <trkpt lat="24.48314898647367954254150390625" lon="118.138698376715183258056640625">
        <ele>34.59999847412109375</ele>
        <time>2025-04-05T12:22:20.000Z</time>
        <extensions>
          <ns3:TrackPointExtension>
            <ns3:hr>131</ns3:hr>
            <ns3:cad>87</ns3:cad>
          </ns3:TrackPointExtension>
        </extensions>
      </trkpt>
      <trkpt lat="24.4831611402332782745361328125" lon="118.13867784105241298675537109375">
        <ele>34.59999847412109375</ele>
        <time>2025-04-05T12:22:21.000Z</time>
        <extensions>
          <ns3:TrackPointExtension>
            <ns3:hr>131</ns3:hr>
            <ns3:cad>87</ns3:cad>
          </ns3:TrackPointExtension>
        </extensions>
      </trkpt>
      <trkpt lat="24.48316809721291065216064453125" lon="118.13866191543638706207275390625">
        <ele>34.40000152587890625</ele>
        <time>2025-04-05T12:22:22.000Z</time>
        <extensions>
          <ns3:TrackPointExtension>
            <ns3:hr>131</ns3:hr>
            <ns3:cad>88</ns3:cad>
          </ns3:TrackPointExtension>
        </extensions>
      </trkpt>
      <trkpt lat="24.48317362926900386810302734375" lon="118.138639032840728759765625">
        <ele>34.40000152587890625</ele>
        <time>2025-04-05T12:22:23.000Z</time>
        <extensions>
          <ns3:TrackPointExtension>
            <ns3:hr>131</ns3:hr>
            <ns3:cad>88</ns3:cad>
          </ns3:TrackPointExtension>
        </extensions>
      </trkpt>
      <trkpt lat="24.4831792451441287994384765625" lon="118.13861556351184844970703125">
        <ele>34.40000152587890625</ele>
        <time>2025-04-05T12:22:24.000Z</time>
        <extensions>
          <ns3:TrackPointExtension>
            <ns3:hr>131</ns3:hr>
            <ns3:cad>88</ns3:cad>
          </ns3:TrackPointExtension>
        </extensions>
      </trkpt>
      <trkpt lat="24.4831842742860317230224609375" lon="118.13859435729682445526123046875">
        <ele>34.200000762939453125</ele>
        <time>2025-04-05T12:22:25.000Z</time>
        <extensions>
          <ns3:TrackPointExtension>
            <ns3:hr>131</ns3:hr>
            <ns3:cad>88</ns3:cad>
          </ns3:TrackPointExtension>
        </extensions>
      </trkpt>
      <trkpt lat="24.4831903092563152313232421875" lon="118.1385706365108489990234375">
        <ele>34.200000762939453125</ele>
        <time>2025-04-05T12:22:26.000Z</time>
        <extensions>
          <ns3:TrackPointExtension>
            <ns3:hr>131</ns3:hr>
            <ns3:cad>88</ns3:cad>
          </ns3:TrackPointExtension>
        </extensions>
      </trkpt>
      <trkpt lat="24.4831939972937107086181640625" lon="118.13854624517261981964111328125">
        <ele>34.200000762939453125</ele>
        <time>2025-04-05T12:22:27.000Z</time>
        <extensions>
          <ns3:TrackPointExtension>
            <ns3:hr>130</ns3:hr>
            <ns3:cad>88</ns3:cad>
          </ns3:TrackPointExtension>
        </extensions>
      </trkpt>
      <trkpt lat="24.4831966795027256011962890625" lon="118.13851774670183658599853515625">
        <ele>34.200000762939453125</ele>
        <time>2025-04-05T12:22:28.000Z</time>
        <extensions>
          <ns3:TrackPointExtension>
            <ns3:hr>131</ns3:hr>
            <ns3:cad>87</ns3:cad>
          </ns3:TrackPointExtension>
        </extensions>
      </trkpt>
      <trkpt lat="24.4831986911594867706298828125" lon="118.1384953670203685760498046875">
        <ele>34.200000762939453125</ele>
        <time>2025-04-05T12:22:29.000Z</time>
        <extensions>
          <ns3:TrackPointExtension>
            <ns3:hr>131</ns3:hr>
            <ns3:cad>87</ns3:cad>
          </ns3:TrackPointExtension>
        </extensions>
      </trkpt>
      <trkpt lat="24.4832037203013896942138671875" lon="118.1384547986090183258056640625">
        <ele>34.200000762939453125</ele>
        <time>2025-04-05T12:22:30.000Z</time>
        <extensions>
          <ns3:TrackPointExtension>
            <ns3:hr>131</ns3:hr>
            <ns3:cad>87</ns3:cad>
          </ns3:TrackPointExtension>
        </extensions>
      </trkpt>
      <trkpt lat="24.483202211558818817138671875" lon="118.13842453993856906890869140625">
        <ele>34.200000762939453125</ele>
        <time>2025-04-05T12:22:31.000Z</time>
        <extensions>
          <ns3:TrackPointExtension>
            <ns3:hr>131</ns3:hr>
            <ns3:cad>87</ns3:cad>
          </ns3:TrackPointExtension>
        </extensions>
      </trkpt>
      <trkpt lat="24.48320229537785053253173828125" lon="118.13838531263172626495361328125">
        <ele>34.200000762939453125</ele>
        <time>2025-04-05T12:22:32.000Z</time>
        <extensions>
          <ns3:TrackPointExtension>
            <ns3:hr>131</ns3:hr>
            <ns3:cad>87</ns3:cad>
          </ns3:TrackPointExtension>
        </extensions>
      </trkpt>
      <trkpt lat="24.48320464231073856353759765625" lon="118.13835429958999156951904296875">
        <ele>34.200000762939453125</ele>
        <time>2025-04-05T12:22:33.000Z</time>
        <extensions>
          <ns3:TrackPointExtension>
            <ns3:hr>130</ns3:hr>
            <ns3:cad>87</ns3:cad>
          </ns3:TrackPointExtension>
        </extensions>
      </trkpt>
      <trkpt lat="24.48320514522492885589599609375" lon="118.1383233703672885894775390625">
        <ele>34.200000762939453125</ele>
        <time>2025-04-05T12:22:34.000Z</time>
        <extensions>
          <ns3:TrackPointExtension>
            <ns3:hr>131</ns3:hr>
            <ns3:cad>88</ns3:cad>
          </ns3:TrackPointExtension>
        </extensions>
      </trkpt>
      <trkpt lat="24.48320581577718257904052734375" lon="118.138294033706188201904296875">
        <ele>34.200000762939453125</ele>
        <time>2025-04-05T12:22:35.000Z</time>
        <extensions>
          <ns3:TrackPointExtension>
            <ns3:hr>131</ns3:hr>
            <ns3:cad>88</ns3:cad>
          </ns3:TrackPointExtension>
        </extensions>
      </trkpt>
      <trkpt lat="24.4832033850252628326416015625" lon="118.138269223272800445556640625">
        <ele>34.200000762939453125</ele>
        <time>2025-04-05T12:22:36.000Z</time>
        <extensions>
          <ns3:TrackPointExtension>
            <ns3:hr>131</ns3:hr>
            <ns3:cad>88</ns3:cad>
          </ns3:TrackPointExtension>
        </extensions>
      </trkpt>
      <trkpt lat="24.48320346884429454803466796875" lon="118.13824214972555637359619140625">
        <ele>34.200000762939453125</ele>
        <time>2025-04-05T12:22:37.000Z</time>
        <extensions>
          <ns3:TrackPointExtension>
            <ns3:hr>131</ns3:hr>
            <ns3:cad>88</ns3:cad>
          </ns3:TrackPointExtension>
        </extensions>
      </trkpt>
      <trkpt lat="24.483204223215579986572265625" lon="118.13822270371019840240478515625">
        <ele>34.200000762939453125</ele>
        <time>2025-04-05T12:22:38.000Z</time>
        <extensions>
          <ns3:TrackPointExtension>
            <ns3:hr>131</ns3:hr>
            <ns3:cad>87</ns3:cad>
          </ns3:TrackPointExtension>
        </extensions>
      </trkpt>
      <trkpt lat="24.4832074083387851715087890625" lon="118.13819604925811290740966796875">
        <ele>34.200000762939453125</ele>
        <time>2025-04-05T12:22:39.000Z</time>
        <extensions>
          <ns3:TrackPointExtension>
            <ns3:hr>131</ns3:hr>
            <ns3:cad>87</ns3:cad>
          </ns3:TrackPointExtension>
        </extensions>
      </trkpt>
      <trkpt lat="24.48320187628269195556640625" lon="118.13817626796662807464599609375">
        <ele>34.200000762939453125</ele>
        <time>2025-04-05T12:22:40.000Z</time>
        <extensions>
          <ns3:TrackPointExtension>
            <ns3:hr>131</ns3:hr>
            <ns3:cad>88</ns3:cad>
          </ns3:TrackPointExtension>
        </extensions>
      </trkpt>
      <trkpt lat="24.48320078663527965545654296875" lon="118.13815162517130374908447265625">
        <ele>34.200000762939453125</ele>
        <time>2025-04-05T12:22:41.000Z</time>
        <extensions>
          <ns3:TrackPointExtension>
            <ns3:hr>131</ns3:hr>
            <ns3:cad>88</ns3:cad>
          </ns3:TrackPointExtension>
        </extensions>
      </trkpt>
      <trkpt lat="24.48320397175848484039306640625" lon="118.13812740147113800048828125">
        <ele>34.200000762939453125</ele>
        <time>2025-04-05T12:22:42.000Z</time>
        <extensions>
          <ns3:TrackPointExtension>
            <ns3:hr>132</ns3:hr>
            <ns3:cad>88</ns3:cad>
          </ns3:TrackPointExtension>
        </extensions>
      </trkpt>
      <trkpt lat="24.483207575976848602294921875" lon="118.1380930356681346893310546875">
        <ele>34.200000762939453125</ele>
        <time>2025-04-05T12:22:43.000Z</time>
        <extensions>
          <ns3:TrackPointExtension>
            <ns3:hr>132</ns3:hr>
            <ns3:cad>87</ns3:cad>
          </ns3:TrackPointExtension>
        </extensions>
      </trkpt>
      <trkpt lat="24.48320967145264148712158203125" lon="118.13807375729084014892578125">
        <ele>34.200000762939453125</ele>
        <time>2025-04-05T12:22:44.000Z</time>
        <extensions>
          <ns3:TrackPointExtension>
            <ns3:hr>133</ns3:hr>
            <ns3:cad>87</ns3:cad>
          </ns3:TrackPointExtension>
        </extensions>
      </trkpt>
      <trkpt lat="24.483210258185863494873046875" lon="118.13804836012423038482666015625">
        <ele>34.200000762939453125</ele>
        <time>2025-04-05T12:22:45.000Z</time>
        <extensions>
          <ns3:TrackPointExtension>
            <ns3:hr>133</ns3:hr>
            <ns3:cad>87</ns3:cad>
          </ns3:TrackPointExtension>
        </extensions>
      </trkpt>
      <trkpt lat="24.48320916853845119476318359375" lon="118.13801567070186138153076171875">
        <ele>34.200000762939453125</ele>
        <time>2025-04-05T12:22:46.000Z</time>
        <extensions>
          <ns3:TrackPointExtension>
            <ns3:hr>134</ns3:hr>
            <ns3:cad>87</ns3:cad>
          </ns3:TrackPointExtension>
        </extensions>
      </trkpt>
      <trkpt lat="24.4832057319581508636474609375" lon="118.13799320720136165618896484375">
        <ele>34.200000762939453125</ele>
        <time>2025-04-05T12:22:47.000Z</time>
        <extensions>
          <ns3:TrackPointExtension>
            <ns3:hr>135</ns3:hr>
            <ns3:cad>87</ns3:cad>
          </ns3:TrackPointExtension>
        </extensions>
      </trkpt>
      <trkpt lat="24.483201541006565093994140625" lon="118.1379659660160541534423828125">
        <ele>34.200000762939453125</ele>
        <time>2025-04-05T12:22:48.000Z</time>
        <extensions>
          <ns3:TrackPointExtension>
            <ns3:hr>135</ns3:hr>
            <ns3:cad>87</ns3:cad>
          </ns3:TrackPointExtension>
        </extensions>
      </trkpt>
      <trkpt lat="24.4831919856369495391845703125" lon="118.1379505433142185211181640625">
        <ele>34.40000152587890625</ele>
        <time>2025-04-05T12:22:49.000Z</time>
        <extensions>
          <ns3:TrackPointExtension>
            <ns3:hr>135</ns3:hr>
            <ns3:cad>86</ns3:cad>
          </ns3:TrackPointExtension>
        </extensions>
      </trkpt>
      <trkpt lat="24.48319156654179096221923828125" lon="118.137918524444103240966796875">
        <ele>34.40000152587890625</ele>
        <time>2025-04-05T12:22:50.000Z</time>
        <extensions>
          <ns3:TrackPointExtension>
            <ns3:hr>135</ns3:hr>
            <ns3:cad>86</ns3:cad>
          </ns3:TrackPointExtension>
        </extensions>
      </trkpt>
      <trkpt lat="24.4831916503608226776123046875" lon="118.1378982402384281158447265625">
        <ele>34.40000152587890625</ele>
        <time>2025-04-05T12:22:51.000Z</time>
        <extensions>
          <ns3:TrackPointExtension>
            <ns3:hr>135</ns3:hr>
            <ns3:cad>86</ns3:cad>
          </ns3:TrackPointExtension>
        </extensions>
      </trkpt>
      <trkpt lat="24.48319458402693271636962890625" lon="118.137871585786342620849609375">
        <ele>34.40000152587890625</ele>
        <time>2025-04-05T12:22:52.000Z</time>
        <extensions>
          <ns3:TrackPointExtension>
            <ns3:hr>135</ns3:hr>
            <ns3:cad>86</ns3:cad>
          </ns3:TrackPointExtension>
        </extensions>
      </trkpt>
      <trkpt lat="24.48319424875080585479736328125" lon="118.1378445960581302642822265625">
        <ele>34.40000152587890625</ele>
        <time>2025-04-05T12:22:53.000Z</time>
        <extensions>
          <ns3:TrackPointExtension>
            <ns3:hr>135</ns3:hr>
            <ns3:cad>86</ns3:cad>
          </ns3:TrackPointExtension>
        </extensions>
      </trkpt>
      <trkpt lat="24.4831916503608226776123046875" lon="118.1378181092441082000732421875">
        <ele>34.40000152587890625</ele>
        <time>2025-04-05T12:22:54.000Z</time>
        <extensions>
          <ns3:TrackPointExtension>
            <ns3:hr>135</ns3:hr>
            <ns3:cad>86</ns3:cad>
          </ns3:TrackPointExtension>
        </extensions>
      </trkpt>
      <trkpt lat="24.48319114744663238525390625" lon="118.1377832405269145965576171875">
        <ele>34.40000152587890625</ele>
        <time>2025-04-05T12:22:55.000Z</time>
        <extensions>
          <ns3:TrackPointExtension>
            <ns3:hr>135</ns3:hr>
            <ns3:cad>86</ns3:cad>
          </ns3:TrackPointExtension>
        </extensions>
      </trkpt>
      <trkpt lat="24.48318980634212493896484375" lon="118.137755580246448516845703125">
        <ele>34.40000152587890625</ele>
        <time>2025-04-05T12:22:56.000Z</time>
        <extensions>
          <ns3:TrackPointExtension>
            <ns3:hr>135</ns3:hr>
            <ns3:cad>86</ns3:cad>
          </ns3:TrackPointExtension>
        </extensions>
      </trkpt>
      <trkpt lat="24.4831893034279346466064453125" lon="118.13772515393793582916259765625">
        <ele>34.40000152587890625</ele>
        <time>2025-04-05T12:22:57.000Z</time>
        <extensions>
          <ns3:TrackPointExtension>
            <ns3:hr>135</ns3:hr>
            <ns3:cad>87</ns3:cad>
          </ns3:TrackPointExtension>
        </extensions>
      </trkpt>
      <trkpt lat="24.48318704031407833099365234375" lon="118.13770419918000698089599609375">
        <ele>34.40000152587890625</ele>
        <time>2025-04-05T12:22:58.000Z</time>
        <extensions>
          <ns3:TrackPointExtension>
            <ns3:hr>135</ns3:hr>
            <ns3:cad>88</ns3:cad>
          </ns3:TrackPointExtension>
        </extensions>
      </trkpt>
      <trkpt lat="24.48318569920957088470458984375" lon="118.137669079005718231201171875">
        <ele>34.40000152587890625</ele>
        <time>2025-04-05T12:22:59.000Z</time>
        <extensions>
          <ns3:TrackPointExtension>
            <ns3:hr>135</ns3:hr>
            <ns3:cad>88</ns3:cad>
          </ns3:TrackPointExtension>
        </extensions>
      </trkpt>
      <trkpt lat="24.4831785745918750762939453125" lon="118.1376394070684909820556640625">
        <ele>34.40000152587890625</ele>
        <time>2025-04-05T12:23:00.000Z</time>
        <extensions>
          <ns3:TrackPointExtension>
            <ns3:hr>135</ns3:hr>
            <ns3:cad>88</ns3:cad>
          </ns3:TrackPointExtension>
        </extensions>
      </trkpt>
      <trkpt lat="24.48317932896316051483154296875" lon="118.13760294578969478607177734375">
        <ele>34.40000152587890625</ele>
        <time>2025-04-05T12:23:01.000Z</time>
        <extensions>
          <ns3:TrackPointExtension>
            <ns3:hr>135</ns3:hr>
            <ns3:cad>87</ns3:cad>
          </ns3:TrackPointExtension>
        </extensions>
      </trkpt>
      <trkpt lat="24.48317798785865306854248046875" lon="118.13757679425179958343505859375">
        <ele>34.40000152587890625</ele>
        <time>2025-04-05T12:23:02.000Z</time>
        <extensions>
          <ns3:TrackPointExtension>
            <ns3:hr>135</ns3:hr>
            <ns3:cad>87</ns3:cad>
          </ns3:TrackPointExtension>
        </extensions>
      </trkpt>
      <trkpt lat="24.4831825979053974151611328125" lon="118.13754494301974773406982421875">
        <ele>34.40000152587890625</ele>
        <time>2025-04-05T12:23:03.000Z</time>
        <extensions>
          <ns3:TrackPointExtension>
            <ns3:hr>135</ns3:hr>
            <ns3:cad>87</ns3:cad>
          </ns3:TrackPointExtension>
        </extensions>
      </trkpt>
      <trkpt lat="24.483190141618251800537109375" lon="118.13752046786248683929443359375">
        <ele>34.40000152587890625</ele>
        <time>2025-04-05T12:23:04.000Z</time>
        <extensions>
          <ns3:TrackPointExtension>
            <ns3:hr>135</ns3:hr>
            <ns3:cad>87</ns3:cad>
          </ns3:TrackPointExtension>
        </extensions>
      </trkpt>
      <trkpt lat="24.48319961316883563995361328125" lon="118.1374985910952091217041015625">
        <ele>34.40000152587890625</ele>
        <time>2025-04-05T12:23:05.000Z</time>
        <extensions>
          <ns3:TrackPointExtension>
            <ns3:hr>135</ns3:hr>
            <ns3:cad>87</ns3:cad>
          </ns3:TrackPointExtension>
        </extensions>
      </trkpt>
      <trkpt lat="24.48321998119354248046875" lon="118.13747403211891651153564453125">
        <ele>34.40000152587890625</ele>
        <time>2025-04-05T12:23:06.000Z</time>
        <extensions>
          <ns3:TrackPointExtension>
            <ns3:hr>136</ns3:hr>
            <ns3:cad>87</ns3:cad>
          </ns3:TrackPointExtension>
        </extensions>
      </trkpt>
      <trkpt lat="24.48323766700923442840576171875" lon="118.13745425082743167877197265625">
        <ele>34.40000152587890625</ele>
        <time>2025-04-05T12:23:07.000Z</time>
        <extensions>
          <ns3:TrackPointExtension>
            <ns3:hr>136</ns3:hr>
            <ns3:cad>86</ns3:cad>
          </ns3:TrackPointExtension>
        </extensions>
      </trkpt>
      <trkpt lat="24.48326432146131992340087890625" lon="118.1374436058104038238525390625">
        <ele>34.40000152587890625</ele>
        <time>2025-04-05T12:23:08.000Z</time>
        <extensions>
          <ns3:TrackPointExtension>
            <ns3:hr>136</ns3:hr>
            <ns3:cad>86</ns3:cad>
          </ns3:TrackPointExtension>
        </extensions>
      </trkpt>
      <trkpt lat="24.48328460566699504852294921875" lon="118.1374382413923740386962890625">
        <ele>34.40000152587890625</ele>
        <time>2025-04-05T12:23:09.000Z</time>
        <extensions>
          <ns3:TrackPointExtension>
            <ns3:hr>135</ns3:hr>
            <ns3:cad>87</ns3:cad>
          </ns3:TrackPointExtension>
        </extensions>
      </trkpt>
      <trkpt lat="24.4833106733858585357666015625" lon="118.137433715164661407470703125">
        <ele>34.40000152587890625</ele>
        <time>2025-04-05T12:23:10.000Z</time>
        <extensions>
          <ns3:TrackPointExtension>
            <ns3:hr>136</ns3:hr>
            <ns3:cad>87</ns3:cad>
          </ns3:TrackPointExtension>
        </extensions>
      </trkpt>
      <trkpt lat="24.4833301194012165069580078125" lon="118.1374278478324413299560546875">
        <ele>34.40000152587890625</ele>
        <time>2025-04-05T12:23:11.000Z</time>
        <extensions>
          <ns3:TrackPointExtension>
            <ns3:hr>136</ns3:hr>
            <ns3:cad>87</ns3:cad>
          </ns3:TrackPointExtension>
        </extensions>
      </trkpt>
      <trkpt lat="24.48335216380655765533447265625" lon="118.1374275125563144683837890625">
        <ele>34.40000152587890625</ele>
        <time>2025-04-05T12:23:12.000Z</time>
        <extensions>
          <ns3:TrackPointExtension>
            <ns3:hr>135</ns3:hr>
            <ns3:cad>87</ns3:cad>
          </ns3:TrackPointExtension>
        </extensions>
      </trkpt>
      <trkpt lat="24.48337311856448650360107421875" lon="118.13744016923010349273681640625">
        <ele>34.200000762939453125</ele>
        <time>2025-04-05T12:23:13.000Z</time>
        <extensions>
          <ns3:TrackPointExtension>
            <ns3:hr>136</ns3:hr>
            <ns3:cad>87</ns3:cad>
          </ns3:TrackPointExtension>
        </extensions>
      </trkpt>
      <trkpt lat="24.4833988510072231292724609375" lon="118.13743941485881805419921875">
        <ele>34.200000762939453125</ele>
        <time>2025-04-05T12:23:14.000Z</time>
        <extensions>
          <ns3:TrackPointExtension>
            <ns3:hr>136</ns3:hr>
            <ns3:cad>87</ns3:cad>
          </ns3:TrackPointExtension>
        </extensions>
      </trkpt>
      <trkpt lat="24.48342491872608661651611328125" lon="118.13743539154529571533203125">
        <ele>34.200000762939453125</ele>
        <time>2025-04-05T12:23:15.000Z</time>
        <extensions>
          <ns3:TrackPointExtension>
            <ns3:hr>135</ns3:hr>
            <ns3:cad>88</ns3:cad>
          </ns3:TrackPointExtension>
        </extensions>
      </trkpt>
      <trkpt lat="24.48345274664461612701416015625" lon="118.13742575235664844512939453125">
        <ele>34.200000762939453125</ele>
        <time>2025-04-05T12:23:16.000Z</time>
        <extensions>
          <ns3:TrackPointExtension>
            <ns3:hr>136</ns3:hr>
            <ns3:cad>88</ns3:cad>
          </ns3:TrackPointExtension>
        </extensions>
      </trkpt>
      <trkpt lat="24.48348459787666797637939453125" lon="118.13742172904312610626220703125">
        <ele>34</ele>
        <time>2025-04-05T12:23:17.000Z</time>
        <extensions>
          <ns3:TrackPointExtension>
            <ns3:hr>136</ns3:hr>
            <ns3:cad>87</ns3:cad>
          </ns3:TrackPointExtension>
        </extensions>
      </trkpt>
      <trkpt lat="24.483513347804546356201171875" lon="118.1374147720634937286376953125">
        <ele>34</ele>
        <time>2025-04-05T12:23:18.000Z</time>
        <extensions>
          <ns3:TrackPointExtension>
            <ns3:hr>135</ns3:hr>
            <ns3:cad>87</ns3:cad>
          </ns3:TrackPointExtension>
        </extensions>
      </trkpt>
      <trkpt lat="24.48353891260921955108642578125" lon="118.13740991055965423583984375">
        <ele>33.799999237060546875</ele>
        <time>2025-04-05T12:23:19.000Z</time>
        <extensions>
          <ns3:TrackPointExtension>
            <ns3:hr>136</ns3:hr>
            <ns3:cad>87</ns3:cad>
          </ns3:TrackPointExtension>
        </extensions>
      </trkpt>
      <trkpt lat="24.48356104083359241485595703125" lon="118.13741083256900310516357421875">
        <ele>33.799999237060546875</ele>
        <time>2025-04-05T12:23:20.000Z</time>
        <extensions>
          <ns3:TrackPointExtension>
            <ns3:hr>136</ns3:hr>
            <ns3:cad>88</ns3:cad>
          </ns3:TrackPointExtension>
        </extensions>
      </trkpt>
      <trkpt lat="24.48358585126698017120361328125" lon="118.13741032965481281280517578125">
        <ele>33.799999237060546875</ele>
        <time>2025-04-05T12:23:21.000Z</time>
        <extensions>
          <ns3:TrackPointExtension>
            <ns3:hr>136</ns3:hr>
            <ns3:cad>88</ns3:cad>
          </ns3:TrackPointExtension>
        </extensions>
      </trkpt>
      <trkpt lat="24.4836077280342578887939453125" lon="118.1374043785035610198974609375">
        <ele>33.799999237060546875</ele>
        <time>2025-04-05T12:23:22.000Z</time>
        <extensions>
          <ns3:TrackPointExtension>
            <ns3:hr>135</ns3:hr>
            <ns3:cad>88</ns3:cad>
          </ns3:TrackPointExtension>
        </extensions>
      </trkpt>
      <trkpt lat="24.48363061062991619110107421875" lon="118.13740479759871959686279296875">
        <ele>33.799999237060546875</ele>
        <time>2025-04-05T12:23:23.000Z</time>
        <extensions>
          <ns3:TrackPointExtension>
            <ns3:hr>136</ns3:hr>
            <ns3:cad>88</ns3:cad>
          </ns3:TrackPointExtension>
        </extensions>
      </trkpt>
      <trkpt lat="24.4836526550352573394775390625" lon="118.13740597106516361236572265625">
        <ele>33.59999847412109375</ele>
        <time>2025-04-05T12:23:24.000Z</time>
        <extensions>
          <ns3:TrackPointExtension>
            <ns3:hr>136</ns3:hr>
            <ns3:cad>88</ns3:cad>
          </ns3:TrackPointExtension>
        </extensions>
      </trkpt>
      <trkpt lat="24.48368006385862827301025390625" lon="118.1374047137796878814697265625">
        <ele>33.59999847412109375</ele>
        <time>2025-04-05T12:23:25.000Z</time>
        <extensions>
          <ns3:TrackPointExtension>
            <ns3:hr>136</ns3:hr>
            <ns3:cad>88</ns3:cad>
          </ns3:TrackPointExtension>
        </extensions>
      </trkpt>
      <trkpt lat="24.483694396913051605224609375" lon="118.1373931467533111572265625">
        <ele>33.59999847412109375</ele>
        <time>2025-04-05T12:23:26.000Z</time>
        <extensions>
          <ns3:TrackPointExtension>
            <ns3:hr>135</ns3:hr>
            <ns3:cad>88</ns3:cad>
          </ns3:TrackPointExtension>
        </extensions>
      </trkpt>
      <trkpt lat="24.4837257452309131622314453125" lon="118.13738317228853702545166015625">
        <ele>33.40000152587890625</ele>
        <time>2025-04-05T12:23:27.000Z</time>
        <extensions>
          <ns3:TrackPointExtension>
            <ns3:hr>136</ns3:hr>
            <ns3:cad>88</ns3:cad>
          </ns3:TrackPointExtension>
        </extensions>
      </trkpt>
      <trkpt lat="24.4837502203881740570068359375" lon="118.137381412088871002197265625">
        <ele>33.40000152587890625</ele>
        <time>2025-04-05T12:23:28.000Z</time>
        <extensions>
          <ns3:TrackPointExtension>
            <ns3:hr>136</ns3:hr>
            <ns3:cad>87</ns3:cad>
          </ns3:TrackPointExtension>
        </extensions>
      </trkpt>
      <trkpt lat="24.4837746955454349517822265625" lon="118.13737504184246063232421875">
        <ele>33.200000762939453125</ele>
        <time>2025-04-05T12:23:29.000Z</time>
        <extensions>
          <ns3:TrackPointExtension>
            <ns3:hr>135</ns3:hr>
            <ns3:cad>87</ns3:cad>
          </ns3:TrackPointExtension>
        </extensions>
      </trkpt>
      <trkpt lat="24.4837998412549495697021484375" lon="118.13737445510923862457275390625">
        <ele>33.200000762939453125</ele>
        <time>2025-04-05T12:23:30.000Z</time>
        <extensions>
          <ns3:TrackPointExtension>
            <ns3:hr>136</ns3:hr>
            <ns3:cad>87</ns3:cad>
          </ns3:TrackPointExtension>
        </extensions>
      </trkpt>
      <trkpt lat="24.48382473550736904144287109375" lon="118.13737294636666774749755859375">
        <ele>33.200000762939453125</ele>
        <time>2025-04-05T12:23:31.000Z</time>
        <extensions>
          <ns3:TrackPointExtension>
            <ns3:hr>136</ns3:hr>
            <ns3:cad>88</ns3:cad>
          </ns3:TrackPointExtension>
        </extensions>
      </trkpt>
      <trkpt lat="24.48385373689234256744384765625" lon="118.13736875541508197784423828125">
        <ele>33.200000762939453125</ele>
        <time>2025-04-05T12:23:32.000Z</time>
        <extensions>
          <ns3:TrackPointExtension>
            <ns3:hr>135</ns3:hr>
            <ns3:cad>88</ns3:cad>
          </ns3:TrackPointExtension>
        </extensions>
      </trkpt>
      <trkpt lat="24.48387636803090572357177734375" lon="118.13736431300640106201171875">
        <ele>33.200000762939453125</ele>
        <time>2025-04-05T12:23:33.000Z</time>
        <extensions>
          <ns3:TrackPointExtension>
            <ns3:hr>136</ns3:hr>
            <ns3:cad>87</ns3:cad>
          </ns3:TrackPointExtension>
        </extensions>
      </trkpt>
      <trkpt lat="24.4839052855968475341796875" lon="118.13736104406416416168212890625">
        <ele>33</ele>
        <time>2025-04-05T12:23:34.000Z</time>
        <extensions>
          <ns3:TrackPointExtension>
            <ns3:hr>136</ns3:hr>
            <ns3:cad>87</ns3:cad>
          </ns3:TrackPointExtension>
        </extensions>
      </trkpt>
      <trkpt lat="24.4839269109070301055908203125" lon="118.137356601655483245849609375">
        <ele>33</ele>
        <time>2025-04-05T12:23:35.000Z</time>
        <extensions>
          <ns3:TrackPointExtension>
            <ns3:hr>135</ns3:hr>
            <ns3:cad>87</ns3:cad>
          </ns3:TrackPointExtension>
        </extensions>
      </trkpt>
      <trkpt lat="24.48394954204559326171875" lon="118.13735417090356349945068359375">
        <ele>33</ele>
        <time>2025-04-05T12:23:36.000Z</time>
        <extensions>
          <ns3:TrackPointExtension>
            <ns3:hr>136</ns3:hr>
            <ns3:cad>87</ns3:cad>
          </ns3:TrackPointExtension>
        </extensions>
      </trkpt>
      <trkpt lat="24.48396739549934864044189453125" lon="118.13735215924680233001708984375">
        <ele>33</ele>
        <time>2025-04-05T12:23:37.000Z</time>
        <extensions>
          <ns3:TrackPointExtension>
            <ns3:hr>136</ns3:hr>
            <ns3:cad>88</ns3:cad>
          </ns3:TrackPointExtension>
        </extensions>
      </trkpt>
      <trkpt lat="24.4839932955801486968994140625" lon="118.1373524107038974761962890625">
        <ele>33</ele>
        <time>2025-04-05T12:23:38.000Z</time>
        <extensions>
          <ns3:TrackPointExtension>
            <ns3:hr>135</ns3:hr>
            <ns3:cad>88</ns3:cad>
          </ns3:TrackPointExtension>
        </extensions>
      </trkpt>
      <trkpt lat="24.48401450179517269134521484375" lon="118.137351237237453460693359375">
        <ele>32.799999237060546875</ele>
        <time>2025-04-05T12:23:39.000Z</time>
        <extensions>
          <ns3:TrackPointExtension>
            <ns3:hr>136</ns3:hr>
            <ns3:cad>88</ns3:cad>
          </ns3:TrackPointExtension>
        </extensions>
      </trkpt>
      <trkpt lat="24.48403947986662387847900390625" lon="118.137352578341960906982421875">
        <ele>32.799999237060546875</ele>
        <time>2025-04-05T12:23:40.000Z</time>
        <extensions>
          <ns3:TrackPointExtension>
            <ns3:hr>136</ns3:hr>
            <ns3:cad>87</ns3:cad>
          </ns3:TrackPointExtension>
        </extensions>
      </trkpt>
      <trkpt lat="24.4840650446712970733642578125" lon="118.13735425472259521484375">
        <ele>32.799999237060546875</ele>
        <time>2025-04-05T12:23:41.000Z</time>
        <extensions>
          <ns3:TrackPointExtension>
            <ns3:hr>136</ns3:hr>
            <ns3:cad>87</ns3:cad>
          </ns3:TrackPointExtension>
        </extensions>
      </trkpt>
      <trkpt lat="24.48409639298915863037109375" lon="118.13735098578035831451416015625">
        <ele>32.799999237060546875</ele>
        <time>2025-04-05T12:23:42.000Z</time>
        <extensions>
          <ns3:TrackPointExtension>
            <ns3:hr>136</ns3:hr>
            <ns3:cad>87</ns3:cad>
          </ns3:TrackPointExtension>
        </extensions>
      </trkpt>
      <trkpt lat="24.48412313126027584075927734375" lon="118.1373529136180877685546875">
        <ele>32.59999847412109375</ele>
        <time>2025-04-05T12:23:43.000Z</time>
        <extensions>
          <ns3:TrackPointExtension>
            <ns3:hr>136</ns3:hr>
            <ns3:cad>88</ns3:cad>
          </ns3:TrackPointExtension>
        </extensions>
      </trkpt>
      <trkpt lat="24.4841495342552661895751953125" lon="118.137351907789707183837890625">
        <ele>32.59999847412109375</ele>
        <time>2025-04-05T12:23:44.000Z</time>
        <extensions>
          <ns3:TrackPointExtension>
            <ns3:hr>136</ns3:hr>
            <ns3:cad>88</ns3:cad>
          </ns3:TrackPointExtension>
        </extensions>
      </trkpt>
      <trkpt lat="24.48417794890701770782470703125" lon="118.13735282979905605316162109375">
        <ele>32.59999847412109375</ele>
        <time>2025-04-05T12:23:45.000Z</time>
        <extensions>
          <ns3:TrackPointExtension>
            <ns3:hr>136</ns3:hr>
            <ns3:cad>87</ns3:cad>
          </ns3:TrackPointExtension>
        </extensions>
      </trkpt>
      <trkpt lat="24.48420024476945400238037109375" lon="118.13734713010489940643310546875">
        <ele>32.59999847412109375</ele>
        <time>2025-04-05T12:23:46.000Z</time>
        <extensions>
          <ns3:TrackPointExtension>
            <ns3:hr>135</ns3:hr>
            <ns3:cad>87</ns3:cad>
          </ns3:TrackPointExtension>
        </extensions>
      </trkpt>
      <trkpt lat="24.48422606103122234344482421875" lon="118.13734562136232852935791015625">
        <ele>32.59999847412109375</ele>
        <time>2025-04-05T12:23:47.000Z</time>
        <extensions>
          <ns3:TrackPointExtension>
            <ns3:hr>135</ns3:hr>
            <ns3:cad>87</ns3:cad>
          </ns3:TrackPointExtension>
        </extensions>
      </trkpt>
      <trkpt lat="24.48424684815108776092529296875" lon="118.1373395025730133056640625">
        <ele>32.40000152587890625</ele>
        <time>2025-04-05T12:23:48.000Z</time>
        <extensions>
          <ns3:TrackPointExtension>
            <ns3:hr>135</ns3:hr>
            <ns3:cad>87</ns3:cad>
          </ns3:TrackPointExtension>
        </extensions>
      </trkpt>
      <trkpt lat="24.4842647016048431396484375" lon="118.1373369880020618438720703125">
        <ele>32.40000152587890625</ele>
        <time>2025-04-05T12:23:49.000Z</time>
        <extensions>
          <ns3:TrackPointExtension>
            <ns3:hr>135</ns3:hr>
            <ns3:cad>88</ns3:cad>
          </ns3:TrackPointExtension>
        </extensions>
      </trkpt>
      <trkpt lat="24.484281800687313079833984375" lon="118.1373319588601589202880859375">
        <ele>32.40000152587890625</ele>
        <time>2025-04-05T12:23:50.000Z</time>
        <extensions>
          <ns3:TrackPointExtension>
            <ns3:hr>135</ns3:hr>
            <ns3:cad>88</ns3:cad>
          </ns3:TrackPointExtension>
        </extensions>
      </trkpt>
      <trkpt lat="24.4843108020722866058349609375" lon="118.13732181675732135772705078125">
        <ele>32.40000152587890625</ele>
        <time>2025-04-05T12:23:51.000Z</time>
        <extensions>
          <ns3:TrackPointExtension>
            <ns3:hr>135</ns3:hr>
            <ns3:cad>88</ns3:cad>
          </ns3:TrackPointExtension>
        </extensions>
      </trkpt>
      <trkpt lat="24.48433552868664264678955078125" lon="118.13731544651091098785400390625">
        <ele>32.40000152587890625</ele>
        <time>2025-04-05T12:23:52.000Z</time>
        <extensions>
          <ns3:TrackPointExtension>
            <ns3:hr>135</ns3:hr>
            <ns3:cad>88</ns3:cad>
          </ns3:TrackPointExtension>
        </extensions>
      </trkpt>
      <trkpt lat="24.48436796665191650390625" lon="118.137315697968006134033203125">
        <ele>32.200000762939453125</ele>
        <time>2025-04-05T12:23:53.000Z</time>
        <extensions>
          <ns3:TrackPointExtension>
            <ns3:hr>135</ns3:hr>
            <ns3:cad>88</ns3:cad>
          </ns3:TrackPointExtension>
        </extensions>
      </trkpt>
      <trkpt lat="24.48438582010567188262939453125" lon="118.1373115070164203643798828125">
        <ele>32.200000762939453125</ele>
        <time>2025-04-05T12:23:54.000Z</time>
        <extensions>
          <ns3:TrackPointExtension>
            <ns3:hr>135</ns3:hr>
            <ns3:cad>87</ns3:cad>
          </ns3:TrackPointExtension>
        </extensions>
      </trkpt>
      <trkpt lat="24.48441280983388423919677734375" lon="118.1373115070164203643798828125">
        <ele>32</ele>
        <time>2025-04-05T12:23:55.000Z</time>
        <extensions>
          <ns3:TrackPointExtension>
            <ns3:hr>135</ns3:hr>
            <ns3:cad>88</ns3:cad>
          </ns3:TrackPointExtension>
        </extensions>
      </trkpt>
      <trkpt lat="24.4844351895153522491455078125" lon="118.137314356863498687744140625">
        <ele>32</ele>
        <time>2025-04-05T12:23:56.000Z</time>
        <extensions>
          <ns3:TrackPointExtension>
            <ns3:hr>136</ns3:hr>
            <ns3:cad>87</ns3:cad>
          </ns3:TrackPointExtension>
        </extensions>
      </trkpt>
      <trkpt lat="24.48446192778646945953369140625" lon="118.13730932772159576416015625">
        <ele>31.6000003814697265625</ele>
        <time>2025-04-05T12:23:57.000Z</time>
        <extensions>
          <ns3:TrackPointExtension>
            <ns3:hr>135</ns3:hr>
            <ns3:cad>87</ns3:cad>
          </ns3:TrackPointExtension>
        </extensions>
      </trkpt>
      <trkpt lat="24.48448707349598407745361328125" lon="118.13730337657034397125244140625">
        <ele>31.6000003814697265625</ele>
        <time>2025-04-05T12:23:58.000Z</time>
        <extensions>
          <ns3:TrackPointExtension>
            <ns3:hr>135</ns3:hr>
            <ns3:cad>87</ns3:cad>
          </ns3:TrackPointExtension>
        </extensions>
      </trkpt>
      <trkpt lat="24.484509117901325225830078125" lon="118.13729147426784038543701171875">
        <ele>31.3999996185302734375</ele>
        <time>2025-04-05T12:23:59.000Z</time>
        <extensions>
          <ns3:TrackPointExtension>
            <ns3:hr>135</ns3:hr>
            <ns3:cad>87</ns3:cad>
          </ns3:TrackPointExtension>
        </extensions>
      </trkpt>
      <trkpt lat="24.48453920893371105194091796875" lon="118.137284852564334869384765625">
        <ele>31.200000762939453125</ele>
        <time>2025-04-05T12:24:00.000Z</time>
        <extensions>
          <ns3:TrackPointExtension>
            <ns3:hr>135</ns3:hr>
            <ns3:cad>87</ns3:cad>
          </ns3:TrackPointExtension>
        </extensions>
      </trkpt>
      <trkpt lat="24.48456234298646450042724609375" lon="118.13727856613695621490478515625">
        <ele>31</ele>
        <time>2025-04-05T12:24:01.000Z</time>
        <extensions>
          <ns3:TrackPointExtension>
            <ns3:hr>135</ns3:hr>
            <ns3:cad>87</ns3:cad>
          </ns3:TrackPointExtension>
        </extensions>
      </trkpt>
      <trkpt lat="24.48459302075207233428955078125" lon="118.13728091306984424591064453125">
        <ele>31</ele>
        <time>2025-04-05T12:24:02.000Z</time>
        <extensions>
          <ns3:TrackPointExtension>
            <ns3:hr>136</ns3:hr>
            <ns3:cad>87</ns3:cad>
          </ns3:TrackPointExtension>
        </extensions>
      </trkpt>
      <trkpt lat="24.484611712396144866943359375" lon="118.137276135385036468505859375">
        <ele>30.799999237060546875</ele>
        <time>2025-04-05T12:24:03.000Z</time>
        <extensions>
          <ns3:TrackPointExtension>
            <ns3:hr>136</ns3:hr>
            <ns3:cad>88</ns3:cad>
          </ns3:TrackPointExtension>
        </extensions>
      </trkpt>
      <trkpt lat="24.48464331217110157012939453125" lon="118.13727806322276592254638671875">
        <ele>30.799999237060546875</ele>
        <time>2025-04-05T12:24:04.000Z</time>
        <extensions>
          <ns3:TrackPointExtension>
            <ns3:hr>136</ns3:hr>
            <ns3:cad>88</ns3:cad>
          </ns3:TrackPointExtension>
        </extensions>
      </trkpt>
      <trkpt lat="24.484662674367427825927734375" lon="118.13727806322276592254638671875">
        <ele>30.6000003814697265625</ele>
        <time>2025-04-05T12:24:05.000Z</time>
        <extensions>
          <ns3:TrackPointExtension>
            <ns3:hr>136</ns3:hr>
            <ns3:cad>88</ns3:cad>
          </ns3:TrackPointExtension>
        </extensions>
      </trkpt>
      <trkpt lat="24.48469125665724277496337890625" lon="118.1372759677469730377197265625">
        <ele>30.6000003814697265625</ele>
        <time>2025-04-05T12:24:06.000Z</time>
        <extensions>
          <ns3:TrackPointExtension>
            <ns3:hr>136</ns3:hr>
            <ns3:cad>88</ns3:cad>
          </ns3:TrackPointExtension>
        </extensions>
      </trkpt>
      <trkpt lat="24.4847121275961399078369140625" lon="118.13727311789989471435546875">
        <ele>30.3999996185302734375</ele>
        <time>2025-04-05T12:24:07.000Z</time>
        <extensions>
          <ns3:TrackPointExtension>
            <ns3:hr>136</ns3:hr>
            <ns3:cad>88</ns3:cad>
          </ns3:TrackPointExtension>
        </extensions>
      </trkpt>
      <trkpt lat="24.4847376085817813873291015625" lon="118.13726842403411865234375">
        <ele>30.200000762939453125</ele>
        <time>2025-04-05T12:24:08.000Z</time>
        <extensions>
          <ns3:TrackPointExtension>
            <ns3:hr>136</ns3:hr>
            <ns3:cad>87</ns3:cad>
          </ns3:TrackPointExtension>
        </extensions>
      </trkpt>
      <trkpt lat="24.48476233519613742828369140625" lon="118.1372706033289432525634765625">
        <ele>30.200000762939453125</ele>
        <time>2025-04-05T12:24:09.000Z</time>
        <extensions>
          <ns3:TrackPointExtension>
            <ns3:hr>136</ns3:hr>
            <ns3:cad>87</ns3:cad>
          </ns3:TrackPointExtension>
        </extensions>
      </trkpt>
      <trkpt lat="24.48478706181049346923828125" lon="118.1372685916721820831298828125">
        <ele>30</ele>
        <time>2025-04-05T12:24:10.000Z</time>
        <extensions>
          <ns3:TrackPointExtension>
            <ns3:hr>136</ns3:hr>
            <ns3:cad>88</ns3:cad>
          </ns3:TrackPointExtension>
        </extensions>
      </trkpt>
      <trkpt lat="24.4848157279193401336669921875" lon="118.137265741825103759765625">
        <ele>30</ele>
        <time>2025-04-05T12:24:11.000Z</time>
        <extensions>
          <ns3:TrackPointExtension>
            <ns3:hr>136</ns3:hr>
            <ns3:cad>88</ns3:cad>
          </ns3:TrackPointExtension>
        </extensions>
      </trkpt>
      <trkpt lat="24.48483810760080814361572265625" lon="118.1372642330825328826904296875">
        <ele>29.799999237060546875</ele>
        <time>2025-04-05T12:24:12.000Z</time>
        <extensions>
          <ns3:TrackPointExtension>
            <ns3:hr>136</ns3:hr>
            <ns3:cad>88</ns3:cad>
          </ns3:TrackPointExtension>
        </extensions>
      </trkpt>
      <trkpt lat="24.484864175319671630859375" lon="118.1372638978064060211181640625">
        <ele>29.799999237060546875</ele>
        <time>2025-04-05T12:24:13.000Z</time>
        <extensions>
          <ns3:TrackPointExtension>
            <ns3:hr>135</ns3:hr>
            <ns3:cad>88</ns3:cad>
          </ns3:TrackPointExtension>
        </extensions>
      </trkpt>
      <trkpt lat="24.4848837889730930328369140625" lon="118.13725643791258335113525390625">
        <ele>29.6000003814697265625</ele>
        <time>2025-04-05T12:24:14.000Z</time>
        <extensions>
          <ns3:TrackPointExtension>
            <ns3:hr>133</ns3:hr>
            <ns3:cad>88</ns3:cad>
          </ns3:TrackPointExtension>
        </extensions>
      </trkpt>
      <trkpt lat="24.4849097728729248046875" lon="118.137252330780029296875">
        <ele>29.6000003814697265625</ele>
        <time>2025-04-05T12:24:15.000Z</time>
        <extensions>
          <ns3:TrackPointExtension>
            <ns3:hr>131</ns3:hr>
            <ns3:cad>88</ns3:cad>
          </ns3:TrackPointExtension>
        </extensions>
      </trkpt>
      <trkpt lat="24.4849273748695850372314453125" lon="118.13724637962877750396728515625">
        <ele>29.3999996185302734375</ele>
        <time>2025-04-05T12:24:16.000Z</time>
        <extensions>
          <ns3:TrackPointExtension>
            <ns3:hr>131</ns3:hr>
            <ns3:cad>88</ns3:cad>
          </ns3:TrackPointExtension>
        </extensions>
      </trkpt>
      <trkpt lat="24.48495738208293914794921875" lon="118.1372441165149211883544921875">
        <ele>29.200000762939453125</ele>
        <time>2025-04-05T12:24:17.000Z</time>
        <extensions>
          <ns3:TrackPointExtension>
            <ns3:hr>131</ns3:hr>
            <ns3:cad>88</ns3:cad>
          </ns3:TrackPointExtension>
        </extensions>
      </trkpt>
      <trkpt lat="24.4849773310124874114990234375" lon="118.1372416019439697265625">
        <ele>29.200000762939453125</ele>
        <time>2025-04-05T12:24:18.000Z</time>
        <extensions>
          <ns3:TrackPointExtension>
            <ns3:hr>131</ns3:hr>
            <ns3:cad>88</ns3:cad>
          </ns3:TrackPointExtension>
        </extensions>
      </trkpt>
      <trkpt lat="24.4850051589310169219970703125" lon="118.1372380815446376800537109375">
        <ele>29</ele>
        <time>2025-04-05T12:24:19.000Z</time>
        <extensions>
          <ns3:TrackPointExtension>
            <ns3:hr>131</ns3:hr>
            <ns3:cad>88</ns3:cad>
          </ns3:TrackPointExtension>
        </extensions>
      </trkpt>
      <trkpt lat="24.48502804152667522430419921875" lon="118.1372387520968914031982421875">
        <ele>29</ele>
        <time>2025-04-05T12:24:20.000Z</time>
        <extensions>
          <ns3:TrackPointExtension>
            <ns3:hr>131</ns3:hr>
            <ns3:cad>87</ns3:cad>
          </ns3:TrackPointExtension>
        </extensions>
      </trkpt>
      <trkpt lat="24.48505436070263385772705078125" lon="118.13723263330757617950439453125">
        <ele>28.799999237060546875</ele>
        <time>2025-04-05T12:24:21.000Z</time>
        <extensions>
          <ns3:TrackPointExtension>
            <ns3:hr>130</ns3:hr>
            <ns3:cad>87</ns3:cad>
          </ns3:TrackPointExtension>
        </extensions>
      </trkpt>
      <trkpt lat="24.4850775785744190216064453125" lon="118.13723179511725902557373046875">
        <ele>28.6000003814697265625</ele>
        <time>2025-04-05T12:24:22.000Z</time>
        <extensions>
          <ns3:TrackPointExtension>
            <ns3:hr>131</ns3:hr>
            <ns3:cad>87</ns3:cad>
          </ns3:TrackPointExtension>
        </extensions>
      </trkpt>
      <trkpt lat="24.485104568302631378173828125" lon="118.1372260116040706634521484375">
        <ele>28.6000003814697265625</ele>
        <time>2025-04-05T12:24:23.000Z</time>
        <extensions>
          <ns3:TrackPointExtension>
            <ns3:hr>131</ns3:hr>
            <ns3:cad>87</ns3:cad>
          </ns3:TrackPointExtension>
        </extensions>
      </trkpt>
      <trkpt lat="24.48513440787792205810546875" lon="118.13722508959472179412841796875">
        <ele>28.3999996185302734375</ele>
        <time>2025-04-05T12:24:24.000Z</time>
        <extensions>
          <ns3:TrackPointExtension>
            <ns3:hr>130</ns3:hr>
            <ns3:cad>87</ns3:cad>
          </ns3:TrackPointExtension>
        </extensions>
      </trkpt>
      <trkpt lat="24.48515779338777065277099609375" lon="118.1372188031673431396484375">
        <ele>28.200000762939453125</ele>
        <time>2025-04-05T12:24:25.000Z</time>
        <extensions>
          <ns3:TrackPointExtension>
            <ns3:hr>131</ns3:hr>
            <ns3:cad>87</ns3:cad>
          </ns3:TrackPointExtension>
        </extensions>
      </trkpt>
      <trkpt lat="24.4851862080395221710205078125" lon="118.13722223974764347076416015625">
        <ele>28.200000762939453125</ele>
        <time>2025-04-05T12:24:26.000Z</time>
        <extensions>
          <ns3:TrackPointExtension>
            <ns3:hr>130</ns3:hr>
            <ns3:cad>87</ns3:cad>
          </ns3:TrackPointExtension>
        </extensions>
      </trkpt>
      <trkpt lat="24.48520439676940441131591796875" lon="118.13721570186316967010498046875">
        <ele>28</ele>
        <time>2025-04-05T12:24:27.000Z</time>
        <extensions>
          <ns3:TrackPointExtension>
            <ns3:hr>130</ns3:hr>
            <ns3:cad>88</ns3:cad>
          </ns3:TrackPointExtension>
        </extensions>
      </trkpt>
      <trkpt lat="24.485229961574077606201171875" lon="118.13721218146383762359619140625">
        <ele>28</ele>
        <time>2025-04-05T12:24:28.000Z</time>
        <extensions>
          <ns3:TrackPointExtension>
            <ns3:hr>130</ns3:hr>
            <ns3:cad>88</ns3:cad>
          </ns3:TrackPointExtension>
        </extensions>
      </trkpt>
      <trkpt lat="24.4852472282946109771728515625" lon="118.13720866106450557708740234375">
        <ele>27.799999237060546875</ele>
        <time>2025-04-05T12:24:29.000Z</time>
        <extensions>
          <ns3:TrackPointExtension>
            <ns3:hr>131</ns3:hr>
            <ns3:cad>88</ns3:cad>
          </ns3:TrackPointExtension>
        </extensions>
      </trkpt>
      <trkpt lat="24.4852760620415210723876953125" lon="118.13720581121742725372314453125">
        <ele>27.799999237060546875</ele>
        <time>2025-04-05T12:24:30.000Z</time>
        <extensions>
          <ns3:TrackPointExtension>
            <ns3:hr>130</ns3:hr>
            <ns3:cad>88</ns3:cad>
          </ns3:TrackPointExtension>
        </extensions>
      </trkpt>
      <trkpt lat="24.4852928258478641510009765625" lon="118.13720547594130039215087890625">
        <ele>27.799999237060546875</ele>
        <time>2025-04-05T12:24:31.000Z</time>
        <extensions>
          <ns3:TrackPointExtension>
            <ns3:hr>130</ns3:hr>
            <ns3:cad>87</ns3:cad>
          </ns3:TrackPointExtension>
        </extensions>
      </trkpt>
      <trkpt lat="24.48532090522348880767822265625" lon="118.137211091816425323486328125">
        <ele>27.799999237060546875</ele>
        <time>2025-04-05T12:24:32.000Z</time>
        <extensions>
          <ns3:TrackPointExtension>
            <ns3:hr>131</ns3:hr>
            <ns3:cad>87</ns3:cad>
          </ns3:TrackPointExtension>
        </extensions>
      </trkpt>
      <trkpt lat="24.48534227907657623291015625" lon="118.13721486367285251617431640625">
        <ele>27.6000003814697265625</ele>
        <time>2025-04-05T12:24:33.000Z</time>
        <extensions>
          <ns3:TrackPointExtension>
            <ns3:hr>130</ns3:hr>
            <ns3:cad>88</ns3:cad>
          </ns3:TrackPointExtension>
        </extensions>
      </trkpt>
      <trkpt lat="24.48536650277674198150634765625" lon="118.13721486367285251617431640625">
        <ele>27.6000003814697265625</ele>
        <time>2025-04-05T12:24:34.000Z</time>
        <extensions>
          <ns3:TrackPointExtension>
            <ns3:hr>130</ns3:hr>
            <ns3:cad>88</ns3:cad>
          </ns3:TrackPointExtension>
        </extensions>
      </trkpt>
      <trkpt lat="24.485389553010463714599609375" lon="118.137211091816425323486328125">
        <ele>27.6000003814697265625</ele>
        <time>2025-04-05T12:24:35.000Z</time>
        <extensions>
          <ns3:TrackPointExtension>
            <ns3:hr>130</ns3:hr>
            <ns3:cad>88</ns3:cad>
          </ns3:TrackPointExtension>
        </extensions>
      </trkpt>
      <trkpt lat="24.485408328473567962646484375" lon="118.1372079066932201385498046875">
        <ele>27.6000003814697265625</ele>
        <time>2025-04-05T12:24:36.000Z</time>
        <extensions>
          <ns3:TrackPointExtension>
            <ns3:hr>131</ns3:hr>
            <ns3:cad>88</ns3:cad>
          </ns3:TrackPointExtension>
        </extensions>
      </trkpt>
      <trkpt lat="24.485435821115970611572265625" lon="118.1372075714170932769775390625">
        <ele>27.6000003814697265625</ele>
        <time>2025-04-05T12:24:37.000Z</time>
        <extensions>
          <ns3:TrackPointExtension>
            <ns3:hr>130</ns3:hr>
            <ns3:cad>87</ns3:cad>
          </ns3:TrackPointExtension>
        </extensions>
      </trkpt>
      <trkpt lat="24.485451914370059967041015625" lon="118.1372080743312835693359375">
        <ele>27.6000003814697265625</ele>
        <time>2025-04-05T12:24:38.000Z</time>
        <extensions>
          <ns3:TrackPointExtension>
            <ns3:hr>130</ns3:hr>
            <ns3:cad>88</ns3:cad>
          </ns3:TrackPointExtension>
        </extensions>
      </trkpt>
      <trkpt lat="24.4854809157550334930419921875" lon="118.137207068502902984619140625">
        <ele>27.6000003814697265625</ele>
        <time>2025-04-05T12:24:39.000Z</time>
        <extensions>
          <ns3:TrackPointExtension>
            <ns3:hr>130</ns3:hr>
            <ns3:cad>88</ns3:cad>
          </ns3:TrackPointExtension>
        </extensions>
      </trkpt>
      <trkpt lat="24.48549927212297916412353515625" lon="118.1372015364468097686767578125">
        <ele>27.3999996185302734375</ele>
        <time>2025-04-05T12:24:40.000Z</time>
        <extensions>
          <ns3:TrackPointExtension>
            <ns3:hr>131</ns3:hr>
            <ns3:cad>88</ns3:cad>
          </ns3:TrackPointExtension>
        </extensions>
      </trkpt>
      <trkpt lat="24.4855307042598724365234375" lon="118.1372000277042388916015625">
        <ele>27.3999996185302734375</ele>
        <time>2025-04-05T12:24:41.000Z</time>
        <extensions>
          <ns3:TrackPointExtension>
            <ns3:hr>130</ns3:hr>
            <ns3:cad>88</ns3:cad>
          </ns3:TrackPointExtension>
        </extensions>
      </trkpt>
      <trkpt lat="24.48554922826588153839111328125" lon="118.13720027916133403778076171875">
        <ele>27.3999996185302734375</ele>
        <time>2025-04-05T12:24:42.000Z</time>
        <extensions>
          <ns3:TrackPointExtension>
            <ns3:hr>130</ns3:hr>
            <ns3:cad>87</ns3:cad>
          </ns3:TrackPointExtension>
        </extensions>
      </trkpt>
      <trkpt lat="24.48557605035603046417236328125" lon="118.13720447011291980743408203125">
        <ele>27.200000762939453125</ele>
        <time>2025-04-05T12:24:43.000Z</time>
        <extensions>
          <ns3:TrackPointExtension>
            <ns3:hr>130</ns3:hr>
            <ns3:cad>87</ns3:cad>
          </ns3:TrackPointExtension>
        </extensions>
      </trkpt>
      <trkpt lat="24.48559381999075412750244140625" lon="118.1372042186558246612548828125">
        <ele>27.200000762939453125</ele>
        <time>2025-04-05T12:24:44.000Z</time>
        <extensions>
          <ns3:TrackPointExtension>
            <ns3:hr>131</ns3:hr>
            <ns3:cad>87</ns3:cad>
          </ns3:TrackPointExtension>
        </extensions>
      </trkpt>
      <trkpt lat="24.48562030680477619171142578125" lon="118.13720472157001495361328125">
        <ele>27</ele>
        <time>2025-04-05T12:24:45.000Z</time>
        <extensions>
          <ns3:TrackPointExtension>
            <ns3:hr>130</ns3:hr>
            <ns3:cad>88</ns3:cad>
          </ns3:TrackPointExtension>
        </extensions>
      </trkpt>
      <trkpt lat="24.4856374897062778472900390625" lon="118.1372058950364589691162109375">
        <ele>27</ele>
        <time>2025-04-05T12:24:46.000Z</time>
        <extensions>
          <ns3:TrackPointExtension>
            <ns3:hr>130</ns3:hr>
            <ns3:cad>88</ns3:cad>
          </ns3:TrackPointExtension>
        </extensions>
      </trkpt>
      <trkpt lat="24.4856602884829044342041015625" lon="118.1372109241783618927001953125">
        <ele>26.799999237060546875</ele>
        <time>2025-04-05T12:24:47.000Z</time>
        <extensions>
          <ns3:TrackPointExtension>
            <ns3:hr>131</ns3:hr>
            <ns3:cad>88</ns3:cad>
          </ns3:TrackPointExtension>
        </extensions>
      </trkpt>
      <trkpt lat="24.48568082414567470550537109375" lon="118.137211091816425323486328125">
        <ele>26.799999237060546875</ele>
        <time>2025-04-05T12:24:48.000Z</time>
        <extensions>
          <ns3:TrackPointExtension>
            <ns3:hr>131</ns3:hr>
            <ns3:cad>88</ns3:cad>
          </ns3:TrackPointExtension>
        </extensions>
      </trkpt>
      <trkpt lat="24.48570312000811100006103515625" lon="118.1372025422751903533935546875">
        <ele>26.6000003814697265625</ele>
        <time>2025-04-05T12:24:49.000Z</time>
        <extensions>
          <ns3:TrackPointExtension>
            <ns3:hr>131</ns3:hr>
            <ns3:cad>88</ns3:cad>
          </ns3:TrackPointExtension>
        </extensions>
      </trkpt>
      <trkpt lat="24.48572692461311817169189453125" lon="118.13720379956066608428955078125">
        <ele>26.6000003814697265625</ele>
        <time>2025-04-05T12:24:50.000Z</time>
        <extensions>
          <ns3:TrackPointExtension>
            <ns3:hr>131</ns3:hr>
            <ns3:cad>88</ns3:cad>
          </ns3:TrackPointExtension>
        </extensions>
      </trkpt>
      <trkpt lat="24.48574461042881011962890625" lon="118.1371951662003993988037109375">
        <ele>26.6000003814697265625</ele>
        <time>2025-04-05T12:24:51.000Z</time>
        <extensions>
          <ns3:TrackPointExtension>
            <ns3:hr>131</ns3:hr>
            <ns3:cad>88</ns3:cad>
          </ns3:TrackPointExtension>
        </extensions>
      </trkpt>
      <trkpt lat="24.4857721030712127685546875" lon="118.13719223253428936004638671875">
        <ele>26.6000003814697265625</ele>
        <time>2025-04-05T12:24:52.000Z</time>
        <extensions>
          <ns3:TrackPointExtension>
            <ns3:hr>131</ns3:hr>
            <ns3:cad>88</ns3:cad>
          </ns3:TrackPointExtension>
        </extensions>
      </trkpt>
      <trkpt lat="24.4857897050678730010986328125" lon="118.1371874548494815826416015625">
        <ele>26.3999996185302734375</ele>
        <time>2025-04-05T12:24:53.000Z</time>
        <extensions>
          <ns3:TrackPointExtension>
            <ns3:hr>131</ns3:hr>
            <ns3:cad>88</ns3:cad>
          </ns3:TrackPointExtension>
        </extensions>
      </trkpt>
      <trkpt lat="24.4858182035386562347412109375" lon="118.13718334771692752838134765625">
        <ele>26.3999996185302734375</ele>
        <time>2025-04-05T12:24:54.000Z</time>
        <extensions>
          <ns3:TrackPointExtension>
            <ns3:hr>131</ns3:hr>
            <ns3:cad>87</ns3:cad>
          </ns3:TrackPointExtension>
        </extensions>
      </trkpt>
      <trkpt lat="24.48583555407822132110595703125" lon="118.13717999495565891265869140625">
        <ele>26.3999996185302734375</ele>
        <time>2025-04-05T12:24:55.000Z</time>
        <extensions>
          <ns3:TrackPointExtension>
            <ns3:hr>131</ns3:hr>
            <ns3:cad>87</ns3:cad>
          </ns3:TrackPointExtension>
        </extensions>
      </trkpt>
      <trkpt lat="24.48586237616837024688720703125" lon="118.1371753849089145660400390625">
        <ele>26.200000762939453125</ele>
        <time>2025-04-05T12:24:56.000Z</time>
        <extensions>
          <ns3:TrackPointExtension>
            <ns3:hr>131</ns3:hr>
            <ns3:cad>87</ns3:cad>
          </ns3:TrackPointExtension>
        </extensions>
      </trkpt>
      <trkpt lat="24.48588349856436252593994140625" lon="118.137166164815425872802734375">
        <ele>26.200000762939453125</ele>
        <time>2025-04-05T12:24:57.000Z</time>
        <extensions>
          <ns3:TrackPointExtension>
            <ns3:hr>131</ns3:hr>
            <ns3:cad>87</ns3:cad>
          </ns3:TrackPointExtension>
        </extensions>
      </trkpt>
      <trkpt lat="24.48590864427387714385986328125" lon="118.13715803436934947967529296875">
        <ele>26</ele>
        <time>2025-04-05T12:24:58.000Z</time>
        <extensions>
          <ns3:TrackPointExtension>
            <ns3:hr>131</ns3:hr>
            <ns3:cad>87</ns3:cad>
          </ns3:TrackPointExtension>
        </extensions>
      </trkpt>
      <trkpt lat="24.4859338738024234771728515625" lon="118.137148730456829071044921875">
        <ele>26</ele>
        <time>2025-04-05T12:24:59.000Z</time>
        <extensions>
          <ns3:TrackPointExtension>
            <ns3:hr>131</ns3:hr>
            <ns3:cad>87</ns3:cad>
          </ns3:TrackPointExtension>
        </extensions>
      </trkpt>
      <trkpt lat="24.48595206253230571746826171875" lon="118.13712752424180507659912109375">
        <ele>25.799999237060546875</ele>
        <time>2025-04-05T12:25:00.000Z</time>
        <extensions>
          <ns3:TrackPointExtension>
            <ns3:hr>132</ns3:hr>
            <ns3:cad>87</ns3:cad>
          </ns3:TrackPointExtension>
        </extensions>
      </trkpt>
      <trkpt lat="24.48597318492829799652099609375" lon="118.1371086649596691131591796875">
        <ele>25.799999237060546875</ele>
        <time>2025-04-05T12:25:01.000Z</time>
        <extensions>
          <ns3:TrackPointExtension>
            <ns3:hr>131</ns3:hr>
            <ns3:cad>87</ns3:cad>
          </ns3:TrackPointExtension>
        </extensions>
      </trkpt>
      <trkpt lat="24.48598592542111873626708984375" lon="118.13708846457302570343017578125">
        <ele>25.799999237060546875</ele>
        <time>2025-04-05T12:25:02.000Z</time>
        <extensions>
          <ns3:TrackPointExtension>
            <ns3:hr>131</ns3:hr>
            <ns3:cad>88</ns3:cad>
          </ns3:TrackPointExtension>
        </extensions>
      </trkpt>
      <trkpt lat="24.48600218631327152252197265625" lon="118.137061558663845062255859375">
        <ele>25.799999237060546875</ele>
        <time>2025-04-05T12:25:03.000Z</time>
        <extensions>
          <ns3:TrackPointExtension>
            <ns3:hr>131</ns3:hr>
            <ns3:cad>88</ns3:cad>
          </ns3:TrackPointExtension>
        </extensions>
      </trkpt>
      <trkpt lat="24.48600905947387218475341796875" lon="118.13703783787786960601806640625">
        <ele>25.799999237060546875</ele>
        <time>2025-04-05T12:25:04.000Z</time>
        <extensions>
          <ns3:TrackPointExtension>
            <ns3:hr>131</ns3:hr>
            <ns3:cad>88</ns3:cad>
          </ns3:TrackPointExtension>
        </extensions>
      </trkpt>
      <trkpt lat="24.48601291514933109283447265625" lon="118.13700766302645206451416015625">
        <ele>25.799999237060546875</ele>
        <time>2025-04-05T12:25:05.000Z</time>
        <extensions>
          <ns3:TrackPointExtension>
            <ns3:hr>130</ns3:hr>
            <ns3:cad>88</ns3:cad>
          </ns3:TrackPointExtension>
        </extensions>
      </trkpt>
      <trkpt lat="24.48601710610091686248779296875" lon="118.1369879655539989471435546875">
        <ele>25.799999237060546875</ele>
        <time>2025-04-05T12:25:06.000Z</time>
        <extensions>
          <ns3:TrackPointExtension>
            <ns3:hr>130</ns3:hr>
            <ns3:cad>87</ns3:cad>
          </ns3:TrackPointExtension>
        </extensions>
      </trkpt>
      <trkpt lat="24.48602096177637577056884765625" lon="118.13695904798805713653564453125">
        <ele>25.799999237060546875</ele>
        <time>2025-04-05T12:25:07.000Z</time>
        <extensions>
          <ns3:TrackPointExtension>
            <ns3:hr>130</ns3:hr>
            <ns3:cad>87</ns3:cad>
          </ns3:TrackPointExtension>
        </extensions>
      </trkpt>
      <trkpt lat="24.4860240630805492401123046875" lon="118.1369359977543354034423828125">
        <ele>25.799999237060546875</ele>
        <time>2025-04-05T12:25:08.000Z</time>
        <extensions>
          <ns3:TrackPointExtension>
            <ns3:hr>130</ns3:hr>
            <ns3:cad>87</ns3:cad>
          </ns3:TrackPointExtension>
        </extensions>
      </trkpt>
      <trkpt lat="24.48602582328021526336669921875" lon="118.136911690235137939453125">
        <ele>25.799999237060546875</ele>
        <time>2025-04-05T12:25:09.000Z</time>
        <extensions>
          <ns3:TrackPointExtension>
            <ns3:hr>130</ns3:hr>
            <ns3:cad>87</ns3:cad>
          </ns3:TrackPointExtension>
        </extensions>
      </trkpt>
      <trkpt lat="24.48603202588856220245361328125" lon="118.1368883885443210601806640625">
        <ele>26</ele>
        <time>2025-04-05T12:25:10.000Z</time>
        <extensions>
          <ns3:TrackPointExtension>
            <ns3:hr>130</ns3:hr>
            <ns3:cad>87</ns3:cad>
          </ns3:TrackPointExtension>
        </extensions>
      </trkpt>
      <trkpt lat="24.48603185825049877166748046875" lon="118.136867098510265350341796875">
        <ele>26</ele>
        <time>2025-04-05T12:25:11.000Z</time>
        <extensions>
          <ns3:TrackPointExtension>
            <ns3:hr>129</ns3:hr>
            <ns3:cad>87</ns3:cad>
          </ns3:TrackPointExtension>
        </extensions>
      </trkpt>
      <trkpt lat="24.48603169061243534088134765625" lon="118.13684371300041675567626953125">
        <ele>26</ele>
        <time>2025-04-05T12:25:12.000Z</time>
        <extensions>
          <ns3:TrackPointExtension>
            <ns3:hr>130</ns3:hr>
            <ns3:cad>87</ns3:cad>
          </ns3:TrackPointExtension>
        </extensions>
      </trkpt>
      <trkpt lat="24.48602951131761074066162109375" lon="118.136820159852504730224609375">
        <ele>25.799999237060546875</ele>
        <time>2025-04-05T12:25:13.000Z</time>
        <extensions>
          <ns3:TrackPointExtension>
            <ns3:hr>130</ns3:hr>
            <ns3:cad>88</ns3:cad>
          </ns3:TrackPointExtension>
        </extensions>
      </trkpt>
      <trkpt lat="24.48602867312729358673095703125" lon="118.13678235746920108795166015625">
        <ele>25.799999237060546875</ele>
        <time>2025-04-05T12:25:14.000Z</time>
        <extensions>
          <ns3:TrackPointExtension>
            <ns3:hr>130</ns3:hr>
            <ns3:cad>88</ns3:cad>
          </ns3:TrackPointExtension>
        </extensions>
      </trkpt>
      <trkpt lat="24.4860254041850566864013671875" lon="118.1367492489516735076904296875">
        <ele>25.799999237060546875</ele>
        <time>2025-04-05T12:25:15.000Z</time>
        <extensions>
          <ns3:TrackPointExtension>
            <ns3:hr>129</ns3:hr>
            <ns3:cad>88</ns3:cad>
          </ns3:TrackPointExtension>
        </extensions>
      </trkpt>
      <trkpt lat="24.48602431453764438629150390625" lon="118.1367177329957485198974609375">
        <ele>25.799999237060546875</ele>
        <time>2025-04-05T12:25:16.000Z</time>
        <extensions>
          <ns3:TrackPointExtension>
            <ns3:hr>130</ns3:hr>
            <ns3:cad>88</ns3:cad>
          </ns3:TrackPointExtension>
        </extensions>
      </trkpt>
      <trkpt lat="24.4860156811773777008056640625" lon="118.13669015653431415557861328125">
        <ele>25.799999237060546875</ele>
        <time>2025-04-05T12:25:17.000Z</time>
        <extensions>
          <ns3:TrackPointExtension>
            <ns3:hr>129</ns3:hr>
            <ns3:cad>88</ns3:cad>
          </ns3:TrackPointExtension>
        </extensions>
      </trkpt>
      <trkpt lat="24.48601325042545795440673828125" lon="118.13665377907454967498779296875">
        <ele>26</ele>
        <time>2025-04-05T12:25:18.000Z</time>
        <extensions>
          <ns3:TrackPointExtension>
            <ns3:hr>129</ns3:hr>
            <ns3:cad>88</ns3:cad>
          </ns3:TrackPointExtension>
        </extensions>
      </trkpt>
      <trkpt lat="24.48600637726485729217529296875" lon="118.13662779517471790313720703125">
        <ele>26</ele>
        <time>2025-04-05T12:25:19.000Z</time>
        <extensions>
          <ns3:TrackPointExtension>
            <ns3:hr>129</ns3:hr>
            <ns3:cad>88</ns3:cad>
          </ns3:TrackPointExtension>
        </extensions>
      </trkpt>
      <trkpt lat="24.4860066287219524383544921875" lon="118.13659007661044597625732421875">
        <ele>26</ele>
        <time>2025-04-05T12:25:20.000Z</time>
        <extensions>
          <ns3:TrackPointExtension>
            <ns3:hr>130</ns3:hr>
            <ns3:cad>88</ns3:cad>
          </ns3:TrackPointExtension>
        </extensions>
      </trkpt>
      <trkpt lat="24.48600168339908123016357421875" lon="118.13656275160610675811767578125">
        <ele>26</ele>
        <time>2025-04-05T12:25:21.000Z</time>
        <extensions>
          <ns3:TrackPointExtension>
            <ns3:hr>129</ns3:hr>
            <ns3:cad>88</ns3:cad>
          </ns3:TrackPointExtension>
        </extensions>
      </trkpt>
      <trkpt lat="24.48600118048489093780517578125" lon="118.13652436248958110809326171875">
        <ele>26</ele>
        <time>2025-04-05T12:25:22.000Z</time>
        <extensions>
          <ns3:TrackPointExtension>
            <ns3:hr>129</ns3:hr>
            <ns3:cad>88</ns3:cad>
          </ns3:TrackPointExtension>
        </extensions>
      </trkpt>
      <trkpt lat="24.48600201867520809173583984375" lon="118.13650055788457393646240234375">
        <ele>26</ele>
        <time>2025-04-05T12:25:23.000Z</time>
        <extensions>
          <ns3:TrackPointExtension>
            <ns3:hr>128</ns3:hr>
            <ns3:cad>88</ns3:cad>
          </ns3:TrackPointExtension>
        </extensions>
      </trkpt>
      <trkpt lat="24.4860049523413181304931640625" lon="118.13647172413766384124755859375">
        <ele>26</ele>
        <time>2025-04-05T12:25:24.000Z</time>
        <extensions>
          <ns3:TrackPointExtension>
            <ns3:hr>128</ns3:hr>
            <ns3:cad>88</ns3:cad>
          </ns3:TrackPointExtension>
        </extensions>
      </trkpt>
      <trkpt lat="24.486005119979381561279296875" lon="118.1364471651613712310791015625">
        <ele>26</ele>
        <time>2025-04-05T12:25:25.000Z</time>
        <extensions>
          <ns3:TrackPointExtension>
            <ns3:hr>128</ns3:hr>
            <ns3:cad>88</ns3:cad>
          </ns3:TrackPointExtension>
        </extensions>
      </trkpt>
      <trkpt lat="24.4860022701323032379150390625" lon="118.1364183314144611358642578125">
        <ele>26</ele>
        <time>2025-04-05T12:25:26.000Z</time>
        <extensions>
          <ns3:TrackPointExtension>
            <ns3:hr>128</ns3:hr>
            <ns3:cad>88</ns3:cad>
          </ns3:TrackPointExtension>
        </extensions>
      </trkpt>
      <trkpt lat="24.48599983938038349151611328125" lon="118.1363837979733943939208984375">
        <ele>26</ele>
        <time>2025-04-05T12:25:27.000Z</time>
        <extensions>
          <ns3:TrackPointExtension>
            <ns3:hr>128</ns3:hr>
            <ns3:cad>88</ns3:cad>
          </ns3:TrackPointExtension>
        </extensions>
      </trkpt>
      <trkpt lat="24.4859962351620197296142578125" lon="118.13635018654167652130126953125">
        <ele>26</ele>
        <time>2025-04-05T12:25:28.000Z</time>
        <extensions>
          <ns3:TrackPointExtension>
            <ns3:hr>129</ns3:hr>
            <ns3:cad>88</ns3:cad>
          </ns3:TrackPointExtension>
        </extensions>
      </trkpt>
      <trkpt lat="24.48599430732429027557373046875" lon="118.136321939527988433837890625">
        <ele>26</ele>
        <time>2025-04-05T12:25:29.000Z</time>
        <extensions>
          <ns3:TrackPointExtension>
            <ns3:hr>128</ns3:hr>
            <ns3:cad>88</ns3:cad>
          </ns3:TrackPointExtension>
        </extensions>
      </trkpt>
      <trkpt lat="24.4860000908374786376953125" lon="118.1362988054752349853515625">
        <ele>26</ele>
        <time>2025-04-05T12:25:30.000Z</time>
        <extensions>
          <ns3:TrackPointExtension>
            <ns3:hr>128</ns3:hr>
            <ns3:cad>88</ns3:cad>
          </ns3:TrackPointExtension>
        </extensions>
      </trkpt>
      <trkpt lat="24.4859974086284637451171875" lon="118.13626904971897602081298828125">
        <ele>26</ele>
        <time>2025-04-05T12:25:31.000Z</time>
        <extensions>
          <ns3:TrackPointExtension>
            <ns3:hr>129</ns3:hr>
            <ns3:cad>88</ns3:cad>
          </ns3:TrackPointExtension>
        </extensions>
      </trkpt>
      <trkpt lat="24.48599212802946567535400390625" lon="118.13624625094234943389892578125">
        <ele>26</ele>
        <time>2025-04-05T12:25:32.000Z</time>
        <extensions>
          <ns3:TrackPointExtension>
            <ns3:hr>129</ns3:hr>
            <ns3:cad>88</ns3:cad>
          </ns3:TrackPointExtension>
        </extensions>
      </trkpt>
      <trkpt lat="24.4859893620014190673828125" lon="118.1362151540815830230712890625">
        <ele>26</ele>
        <time>2025-04-05T12:25:33.000Z</time>
        <extensions>
          <ns3:TrackPointExtension>
            <ns3:hr>129</ns3:hr>
            <ns3:cad>88</ns3:cad>
          </ns3:TrackPointExtension>
        </extensions>
      </trkpt>
      <trkpt lat="24.4859821535646915435791015625" lon="118.13618958927690982818603515625">
        <ele>26</ele>
        <time>2025-04-05T12:25:34.000Z</time>
        <extensions>
          <ns3:TrackPointExtension>
            <ns3:hr>129</ns3:hr>
            <ns3:cad>88</ns3:cad>
          </ns3:TrackPointExtension>
        </extensions>
      </trkpt>
      <trkpt lat="24.48597821407020092010498046875" lon="118.13616042025387287139892578125">
        <ele>26</ele>
        <time>2025-04-05T12:25:35.000Z</time>
        <extensions>
          <ns3:TrackPointExtension>
            <ns3:hr>130</ns3:hr>
            <ns3:cad>88</ns3:cad>
          </ns3:TrackPointExtension>
        </extensions>
      </trkpt>
      <trkpt lat="24.4859737716615200042724609375" lon="118.1361383758485317230224609375">
        <ele>26</ele>
        <time>2025-04-05T12:25:36.000Z</time>
        <extensions>
          <ns3:TrackPointExtension>
            <ns3:hr>130</ns3:hr>
            <ns3:cad>88</ns3:cad>
          </ns3:TrackPointExtension>
        </extensions>
      </trkpt>
      <trkpt lat="24.485967569053173065185546875" lon="118.13611029647290706634521484375">
        <ele>26.200000762939453125</ele>
        <time>2025-04-05T12:25:37.000Z</time>
        <extensions>
          <ns3:TrackPointExtension>
            <ns3:hr>130</ns3:hr>
            <ns3:cad>87</ns3:cad>
          </ns3:TrackPointExtension>
        </extensions>
      </trkpt>
      <trkpt lat="24.48596379719674587249755859375" lon="118.13609738834202289581298828125">
        <ele>26</ele>
        <time>2025-04-05T12:25:38.000Z</time>
        <extensions>
          <ns3:TrackPointExtension>
            <ns3:hr>130</ns3:hr>
            <ns3:cad>87</ns3:cad>
          </ns3:TrackPointExtension>
        </extensions>
      </trkpt>
      <trkpt lat="24.4859606958925724029541015625" lon="118.13607014715671539306640625">
        <ele>26</ele>
        <time>2025-04-05T12:25:39.000Z</time>
        <extensions>
          <ns3:TrackPointExtension>
            <ns3:hr>130</ns3:hr>
            <ns3:cad>87</ns3:cad>
          </ns3:TrackPointExtension>
        </extensions>
      </trkpt>
      <trkpt lat="24.4859566725790500640869140625" lon="118.1360493600368499755859375">
        <ele>26</ele>
        <time>2025-04-05T12:25:40.000Z</time>
        <extensions>
          <ns3:TrackPointExtension>
            <ns3:hr>131</ns3:hr>
            <ns3:cad>87</ns3:cad>
          </ns3:TrackPointExtension>
        </extensions>
      </trkpt>
      <trkpt lat="24.485954828560352325439453125" lon="118.13602312467992305755615234375">
        <ele>26</ele>
        <time>2025-04-05T12:25:41.000Z</time>
        <extensions>
          <ns3:TrackPointExtension>
            <ns3:hr>130</ns3:hr>
            <ns3:cad>87</ns3:cad>
          </ns3:TrackPointExtension>
        </extensions>
      </trkpt>
      <trkpt lat="24.485952816903591156005859375" lon="118.13599772751331329345703125">
        <ele>26</ele>
        <time>2025-04-05T12:25:42.000Z</time>
        <extensions>
          <ns3:TrackPointExtension>
            <ns3:hr>130</ns3:hr>
            <ns3:cad>87</ns3:cad>
          </ns3:TrackPointExtension>
        </extensions>
      </trkpt>
      <trkpt lat="24.48595122434198856353759765625" lon="118.1359707377851009368896484375">
        <ele>26</ele>
        <time>2025-04-05T12:25:43.000Z</time>
        <extensions>
          <ns3:TrackPointExtension>
            <ns3:hr>131</ns3:hr>
            <ns3:cad>87</ns3:cad>
          </ns3:TrackPointExtension>
        </extensions>
      </trkpt>
      <trkpt lat="24.48594837449491024017333984375" lon="118.1359462626278400421142578125">
        <ele>26</ele>
        <time>2025-04-05T12:25:44.000Z</time>
        <extensions>
          <ns3:TrackPointExtension>
            <ns3:hr>131</ns3:hr>
            <ns3:cad>87</ns3:cad>
          </ns3:TrackPointExtension>
        </extensions>
      </trkpt>
      <trkpt lat="24.48594636283814907073974609375" lon="118.13592472113668918609619140625">
        <ele>26</ele>
        <time>2025-04-05T12:25:45.000Z</time>
        <extensions>
          <ns3:TrackPointExtension>
            <ns3:hr>131</ns3:hr>
            <ns3:cad>87</ns3:cad>
          </ns3:TrackPointExtension>
        </extensions>
      </trkpt>
      <trkpt lat="24.4859479553997516632080078125" lon="118.1358966417610645294189453125">
        <ele>26</ele>
        <time>2025-04-05T12:25:46.000Z</time>
        <extensions>
          <ns3:TrackPointExtension>
            <ns3:hr>130</ns3:hr>
            <ns3:cad>88</ns3:cad>
          </ns3:TrackPointExtension>
        </extensions>
      </trkpt>
      <trkpt lat="24.4859435968101024627685546875" lon="118.13587342388927936553955078125">
        <ele>26</ele>
        <time>2025-04-05T12:25:47.000Z</time>
        <extensions>
          <ns3:TrackPointExtension>
            <ns3:hr>131</ns3:hr>
            <ns3:cad>88</ns3:cad>
          </ns3:TrackPointExtension>
        </extensions>
      </trkpt>
      <trkpt lat="24.48594066314399242401123046875" lon="118.13584961928427219390869140625">
        <ele>26</ele>
        <time>2025-04-05T12:25:48.000Z</time>
        <extensions>
          <ns3:TrackPointExtension>
            <ns3:hr>131</ns3:hr>
            <ns3:cad>88</ns3:cad>
          </ns3:TrackPointExtension>
        </extensions>
      </trkpt>
      <trkpt lat="24.48593764565885066986083984375" lon="118.13582665286958217620849609375">
        <ele>26</ele>
        <time>2025-04-05T12:25:49.000Z</time>
        <extensions>
          <ns3:TrackPointExtension>
            <ns3:hr>131</ns3:hr>
            <ns3:cad>88</ns3:cad>
          </ns3:TrackPointExtension>
        </extensions>
      </trkpt>
      <trkpt lat="24.48593462817370891571044921875" lon="118.13580351881682872772216796875">
        <ele>26</ele>
        <time>2025-04-05T12:25:50.000Z</time>
        <extensions>
          <ns3:TrackPointExtension>
            <ns3:hr>130</ns3:hr>
            <ns3:cad>87</ns3:cad>
          </ns3:TrackPointExtension>
        </extensions>
      </trkpt>
      <trkpt lat="24.48593211360275745391845703125" lon="118.13577669672667980194091796875">
        <ele>26</ele>
        <time>2025-04-05T12:25:51.000Z</time>
        <extensions>
          <ns3:TrackPointExtension>
            <ns3:hr>131</ns3:hr>
            <ns3:cad>87</ns3:cad>
          </ns3:TrackPointExtension>
        </extensions>
      </trkpt>
      <trkpt lat="24.48592809028923511505126953125" lon="118.13575088046491146087646484375">
        <ele>26</ele>
        <time>2025-04-05T12:25:52.000Z</time>
        <extensions>
          <ns3:TrackPointExtension>
            <ns3:hr>131</ns3:hr>
            <ns3:cad>87</ns3:cad>
          </ns3:TrackPointExtension>
        </extensions>
      </trkpt>
      <trkpt lat="24.485923312604427337646484375" lon="118.135726153850555419921875">
        <ele>26</ele>
        <time>2025-04-05T12:25:53.000Z</time>
        <extensions>
          <ns3:TrackPointExtension>
            <ns3:hr>131</ns3:hr>
            <ns3:cad>87</ns3:cad>
          </ns3:TrackPointExtension>
        </extensions>
      </trkpt>
      <trkpt lat="24.4859167747199535369873046875" lon="118.1357065401971340179443359375">
        <ele>26</ele>
        <time>2025-04-05T12:25:54.000Z</time>
        <extensions>
          <ns3:TrackPointExtension>
            <ns3:hr>131</ns3:hr>
            <ns3:cad>87</ns3:cad>
          </ns3:TrackPointExtension>
        </extensions>
      </trkpt>
      <trkpt lat="24.48590847663581371307373046875" lon="118.13568265177309513092041015625">
        <ele>26</ele>
        <time>2025-04-05T12:25:55.000Z</time>
        <extensions>
          <ns3:TrackPointExtension>
            <ns3:hr>131</ns3:hr>
            <ns3:cad>87</ns3:cad>
          </ns3:TrackPointExtension>
        </extensions>
      </trkpt>
      <trkpt lat="24.48590244166553020477294921875" lon="118.13565884716808795928955078125">
        <ele>26</ele>
        <time>2025-04-05T12:25:56.000Z</time>
        <extensions>
          <ns3:TrackPointExtension>
            <ns3:hr>132</ns3:hr>
            <ns3:cad>87</ns3:cad>
          </ns3:TrackPointExtension>
        </extensions>
      </trkpt>
      <trkpt lat="24.48589590378105640411376953125" lon="118.13563001342117786407470703125">
        <ele>26</ele>
        <time>2025-04-05T12:25:57.000Z</time>
        <extensions>
          <ns3:TrackPointExtension>
            <ns3:hr>132</ns3:hr>
            <ns3:cad>87</ns3:cad>
          </ns3:TrackPointExtension>
        </extensions>
      </trkpt>
      <trkpt lat="24.48588819243013858795166015625" lon="118.13560746610164642333984375">
        <ele>26</ele>
        <time>2025-04-05T12:25:58.000Z</time>
        <extensions>
          <ns3:TrackPointExtension>
            <ns3:hr>133</ns3:hr>
            <ns3:cad>87</ns3:cad>
          </ns3:TrackPointExtension>
        </extensions>
      </trkpt>
      <trkpt lat="24.48588400147855281829833984375" lon="118.1355764530599117279052734375">
        <ele>26</ele>
        <time>2025-04-05T12:25:59.000Z</time>
        <extensions>
          <ns3:TrackPointExtension>
            <ns3:hr>133</ns3:hr>
            <ns3:cad>87</ns3:cad>
          </ns3:TrackPointExtension>
        </extensions>
      </trkpt>
      <trkpt lat="24.48588366620242595672607421875" lon="118.13555181026458740234375">
        <ele>25.799999237060546875</ele>
        <time>2025-04-05T12:26:00.000Z</time>
        <extensions>
          <ns3:TrackPointExtension>
            <ns3:hr>135</ns3:hr>
            <ns3:cad>87</ns3:cad>
          </ns3:TrackPointExtension>
        </extensions>
      </trkpt>
      <trkpt lat="24.48587612248957157135009765625" lon="118.13552029430866241455078125">
        <ele>25.799999237060546875</ele>
        <time>2025-04-05T12:26:01.000Z</time>
        <extensions>
          <ns3:TrackPointExtension>
            <ns3:hr>135</ns3:hr>
            <ns3:cad>87</ns3:cad>
          </ns3:TrackPointExtension>
        </extensions>
      </trkpt>
      <trkpt lat="24.48587042279541492462158203125" lon="118.13549221493303775787353515625">
        <ele>25.799999237060546875</ele>
        <time>2025-04-05T12:26:02.000Z</time>
        <extensions>
          <ns3:TrackPointExtension>
            <ns3:hr>135</ns3:hr>
            <ns3:cad>87</ns3:cad>
          </ns3:TrackPointExtension>
        </extensions>
      </trkpt>
      <trkpt lat="24.48586237616837024688720703125" lon="118.13546396791934967041015625">
        <ele>25.799999237060546875</ele>
        <time>2025-04-05T12:26:03.000Z</time>
        <extensions>
          <ns3:TrackPointExtension>
            <ns3:hr>135</ns3:hr>
            <ns3:cad>87</ns3:cad>
          </ns3:TrackPointExtension>
        </extensions>
      </trkpt>
      <trkpt lat="24.48585852049291133880615234375" lon="118.13543044030666351318359375">
        <ele>25.799999237060546875</ele>
        <time>2025-04-05T12:26:04.000Z</time>
        <extensions>
          <ns3:TrackPointExtension>
            <ns3:hr>136</ns3:hr>
            <ns3:cad>88</ns3:cad>
          </ns3:TrackPointExtension>
        </extensions>
      </trkpt>
      <trkpt lat="24.48585282079875469207763671875" lon="118.13540202565491199493408203125">
        <ele>25.799999237060546875</ele>
        <time>2025-04-05T12:26:05.000Z</time>
        <extensions>
          <ns3:TrackPointExtension>
            <ns3:hr>136</ns3:hr>
            <ns3:cad>88</ns3:cad>
          </ns3:TrackPointExtension>
        </extensions>
      </trkpt>
      <trkpt lat="24.4858473725616931915283203125" lon="118.13536698929965496063232421875">
        <ele>25.799999237060546875</ele>
        <time>2025-04-05T12:26:06.000Z</time>
        <extensions>
          <ns3:TrackPointExtension>
            <ns3:hr>136</ns3:hr>
            <ns3:cad>88</ns3:cad>
          </ns3:TrackPointExtension>
        </extensions>
      </trkpt>
      <trkpt lat="24.48583924211561679840087890625" lon="118.13534402288496494293212890625">
        <ele>25.799999237060546875</ele>
        <time>2025-04-05T12:26:07.000Z</time>
        <extensions>
          <ns3:TrackPointExtension>
            <ns3:hr>136</ns3:hr>
            <ns3:cad>87</ns3:cad>
          </ns3:TrackPointExtension>
        </extensions>
      </trkpt>
      <trkpt lat="24.485835470259189605712890625" lon="118.13531468622386455535888671875">
        <ele>25.799999237060546875</ele>
        <time>2025-04-05T12:26:08.000Z</time>
        <extensions>
          <ns3:TrackPointExtension>
            <ns3:hr>135</ns3:hr>
            <ns3:cad>87</ns3:cad>
          </ns3:TrackPointExtension>
        </extensions>
      </trkpt>
      <trkpt lat="24.48584125377237796783447265625" lon="118.1352931447327136993408203125">
        <ele>25.799999237060546875</ele>
        <time>2025-04-05T12:26:09.000Z</time>
        <extensions>
          <ns3:TrackPointExtension>
            <ns3:hr>136</ns3:hr>
            <ns3:cad>87</ns3:cad>
          </ns3:TrackPointExtension>
        </extensions>
      </trkpt>
      <trkpt lat="24.4858579337596893310546875" lon="118.135270513594150543212890625">
        <ele>25.799999237060546875</ele>
        <time>2025-04-05T12:26:10.000Z</time>
        <extensions>
          <ns3:TrackPointExtension>
            <ns3:hr>136</ns3:hr>
            <ns3:cad>87</ns3:cad>
          </ns3:TrackPointExtension>
        </extensions>
      </trkpt>
      <trkpt lat="24.4858778826892375946044921875" lon="118.1352529115974903106689453125">
        <ele>25.799999237060546875</ele>
        <time>2025-04-05T12:26:11.000Z</time>
        <extensions>
          <ns3:TrackPointExtension>
            <ns3:hr>136</ns3:hr>
            <ns3:cad>87</ns3:cad>
          </ns3:TrackPointExtension>
        </extensions>
      </trkpt>
      <trkpt lat="24.48589607141911983489990234375" lon="118.135232292115688323974609375">
        <ele>25.799999237060546875</ele>
        <time>2025-04-05T12:26:12.000Z</time>
        <extensions>
          <ns3:TrackPointExtension>
            <ns3:hr>135</ns3:hr>
            <ns3:cad>86</ns3:cad>
          </ns3:TrackPointExtension>
        </extensions>
      </trkpt>
      <trkpt lat="24.48592239059507846832275390625" lon="118.13520639203488826751708984375">
        <ele>25.799999237060546875</ele>
        <time>2025-04-05T12:26:13.000Z</time>
        <extensions>
          <ns3:TrackPointExtension>
            <ns3:hr>136</ns3:hr>
            <ns3:cad>86</ns3:cad>
          </ns3:TrackPointExtension>
        </extensions>
      </trkpt>
      <trkpt lat="24.48594032786786556243896484375" lon="118.1351905502378940582275390625">
        <ele>25.6000003814697265625</ele>
        <time>2025-04-05T12:26:14.000Z</time>
        <extensions>
          <ns3:TrackPointExtension>
            <ns3:hr>136</ns3:hr>
            <ns3:cad>85</ns3:cad>
          </ns3:TrackPointExtension>
        </extensions>
      </trkpt>
      <trkpt lat="24.485975615680217742919921875" lon="118.135170601308345794677734375">
        <ele>25.6000003814697265625</ele>
        <time>2025-04-05T12:26:15.000Z</time>
        <extensions>
          <ns3:TrackPointExtension>
            <ns3:hr>136</ns3:hr>
            <ns3:cad>85</ns3:cad>
          </ns3:TrackPointExtension>
        </extensions>
      </trkpt>
      <trkpt lat="24.48600302450358867645263671875" lon="118.13515677116811275482177734375">
        <ele>25.6000003814697265625</ele>
        <time>2025-04-05T12:26:16.000Z</time>
        <extensions>
          <ns3:TrackPointExtension>
            <ns3:hr>135</ns3:hr>
            <ns3:cad>85</ns3:cad>
          </ns3:TrackPointExtension>
        </extensions>
      </trkpt>
      <trkpt lat="24.48603470809757709503173828125" lon="118.13514604233205318450927734375">
        <ele>25.3999996185302734375</ele>
        <time>2025-04-05T12:26:17.000Z</time>
        <extensions>
          <ns3:TrackPointExtension>
            <ns3:hr>136</ns3:hr>
            <ns3:cad>85</ns3:cad>
          </ns3:TrackPointExtension>
        </extensions>
      </trkpt>
      <trkpt lat="24.4860616140067577362060546875" lon="118.13514671288430690765380859375">
        <ele>25.200000762939453125</ele>
        <time>2025-04-05T12:26:18.000Z</time>
        <extensions>
          <ns3:TrackPointExtension>
            <ns3:hr>136</ns3:hr>
            <ns3:cad>85</ns3:cad>
          </ns3:TrackPointExtension>
        </extensions>
      </trkpt>
      <trkpt lat="24.48608097620308399200439453125" lon="118.13514268957078456878662109375">
        <ele>25.200000762939453125</ele>
        <time>2025-04-05T12:26:19.000Z</time>
        <extensions>
          <ns3:TrackPointExtension>
            <ns3:hr>135</ns3:hr>
            <ns3:cad>85</ns3:cad>
          </ns3:TrackPointExtension>
        </extensions>
      </trkpt>
      <trkpt lat="24.486103691160678863525390625" lon="118.135140426456928253173828125">
        <ele>25.200000762939453125</ele>
        <time>2025-04-05T12:26:20.000Z</time>
        <extensions>
          <ns3:TrackPointExtension>
            <ns3:hr>135</ns3:hr>
            <ns3:cad>86</ns3:cad>
          </ns3:TrackPointExtension>
        </extensions>
      </trkpt>
      <trkpt lat="24.48612523265182971954345703125" lon="118.13513967208564281463623046875">
        <ele>25</ele>
        <time>2025-04-05T12:26:21.000Z</time>
        <extensions>
          <ns3:TrackPointExtension>
            <ns3:hr>135</ns3:hr>
            <ns3:cad>86</ns3:cad>
          </ns3:TrackPointExtension>
        </extensions>
      </trkpt>
      <trkpt lat="24.4861477799713611602783203125" lon="118.13514268957078456878662109375">
        <ele>24.799999237060546875</ele>
        <time>2025-04-05T12:26:22.000Z</time>
        <extensions>
          <ns3:TrackPointExtension>
            <ns3:hr>135</ns3:hr>
            <ns3:cad>86</ns3:cad>
          </ns3:TrackPointExtension>
        </extensions>
      </trkpt>
      <trkpt lat="24.4861663877964019775390625" lon="118.13514034263789653778076171875">
        <ele>24.6000003814697265625</ele>
        <time>2025-04-05T12:26:23.000Z</time>
        <extensions>
          <ns3:TrackPointExtension>
            <ns3:hr>135</ns3:hr>
            <ns3:cad>87</ns3:cad>
          </ns3:TrackPointExtension>
        </extensions>
      </trkpt>
      <trkpt lat="24.48619388043880462646484375" lon="118.13514000736176967620849609375">
        <ele>24.6000003814697265625</ele>
        <time>2025-04-05T12:26:24.000Z</time>
        <extensions>
          <ns3:TrackPointExtension>
            <ns3:hr>135</ns3:hr>
            <ns3:cad>87</ns3:cad>
          </ns3:TrackPointExtension>
        </extensions>
      </trkpt>
      <trkpt lat="24.4862181879580020904541015625" lon="118.135140426456928253173828125">
        <ele>24.3999996185302734375</ele>
        <time>2025-04-05T12:26:25.000Z</time>
        <extensions>
          <ns3:TrackPointExtension>
            <ns3:hr>135</ns3:hr>
            <ns3:cad>87</ns3:cad>
          </ns3:TrackPointExtension>
        </extensions>
      </trkpt>
      <trkpt lat="24.48624291457235813140869140625" lon="118.13513916917145252227783203125">
        <ele>24.3999996185302734375</ele>
        <time>2025-04-05T12:26:26.000Z</time>
        <extensions>
          <ns3:TrackPointExtension>
            <ns3:hr>135</ns3:hr>
            <ns3:cad>87</ns3:cad>
          </ns3:TrackPointExtension>
        </extensions>
      </trkpt>
      <trkpt lat="24.486271999776363372802734375" lon="118.135140426456928253173828125">
        <ele>24.200000762939453125</ele>
        <time>2025-04-05T12:26:27.000Z</time>
        <extensions>
          <ns3:TrackPointExtension>
            <ns3:hr>135</ns3:hr>
            <ns3:cad>87</ns3:cad>
          </ns3:TrackPointExtension>
        </extensions>
      </trkpt>
      <trkpt lat="24.48629722930490970611572265625" lon="118.13513405621051788330078125">
        <ele>24</ele>
        <time>2025-04-05T12:26:28.000Z</time>
        <extensions>
          <ns3:TrackPointExtension>
            <ns3:hr>135</ns3:hr>
            <ns3:cad>87</ns3:cad>
          </ns3:TrackPointExtension>
        </extensions>
      </trkpt>
      <trkpt lat="24.4863268174231052398681640625" lon="118.1351325474679470062255859375">
        <ele>23.799999237060546875</ele>
        <time>2025-04-05T12:26:29.000Z</time>
        <extensions>
          <ns3:TrackPointExtension>
            <ns3:hr>135</ns3:hr>
            <ns3:cad>86</ns3:cad>
          </ns3:TrackPointExtension>
        </extensions>
      </trkpt>
      <trkpt lat="24.486346431076526641845703125" lon="118.13512927852571010589599609375">
        <ele>23.799999237060546875</ele>
        <time>2025-04-05T12:26:30.000Z</time>
        <extensions>
          <ns3:TrackPointExtension>
            <ns3:hr>135</ns3:hr>
            <ns3:cad>86</ns3:cad>
          </ns3:TrackPointExtension>
        </extensions>
      </trkpt>
      <trkpt lat="24.4863693974912166595458984375" lon="118.1351255066692829132080078125">
        <ele>23.6000003814697265625</ele>
        <time>2025-04-05T12:26:31.000Z</time>
        <extensions>
          <ns3:TrackPointExtension>
            <ns3:hr>135</ns3:hr>
            <ns3:cad>86</ns3:cad>
          </ns3:TrackPointExtension>
        </extensions>
      </trkpt>
      <trkpt lat="24.4863864965736865997314453125" lon="118.1351241655647754669189453125">
        <ele>23.3999996185302734375</ele>
        <time>2025-04-05T12:26:32.000Z</time>
        <extensions>
          <ns3:TrackPointExtension>
            <ns3:hr>135</ns3:hr>
            <ns3:cad>86</ns3:cad>
          </ns3:TrackPointExtension>
        </extensions>
      </trkpt>
      <trkpt lat="24.48641289956867694854736328125" lon="118.135118298232555389404296875">
        <ele>23.3999996185302734375</ele>
        <time>2025-04-05T12:26:33.000Z</time>
        <extensions>
          <ns3:TrackPointExtension>
            <ns3:hr>135</ns3:hr>
            <ns3:cad>86</ns3:cad>
          </ns3:TrackPointExtension>
        </extensions>
      </trkpt>
      <trkpt lat="24.48644005693495273590087890625" lon="118.13511662185192108154296875">
        <ele>23.3999996185302734375</ele>
        <time>2025-04-05T12:26:34.000Z</time>
        <extensions>
          <ns3:TrackPointExtension>
            <ns3:hr>135</ns3:hr>
            <ns3:cad>86</ns3:cad>
          </ns3:TrackPointExtension>
        </extensions>
      </trkpt>
      <trkpt lat="24.4864615984261035919189453125" lon="118.1351184658706188201904296875">
        <ele>23.200000762939453125</ele>
        <time>2025-04-05T12:26:35.000Z</time>
        <extensions>
          <ns3:TrackPointExtension>
            <ns3:hr>135</ns3:hr>
            <ns3:cad>86</ns3:cad>
          </ns3:TrackPointExtension>
        </extensions>
      </trkpt>
      <trkpt lat="24.4864909350872039794921875" lon="118.13511435873806476593017578125">
        <ele>23</ele>
        <time>2025-04-05T12:26:36.000Z</time>
        <extensions>
          <ns3:TrackPointExtension>
            <ns3:hr>135</ns3:hr>
            <ns3:cad>86</ns3:cad>
          </ns3:TrackPointExtension>
        </extensions>
      </trkpt>
      <trkpt lat="24.48651096783578395843505859375" lon="118.13510731793940067291259765625">
        <ele>22.799999237060546875</ele>
        <time>2025-04-05T12:26:37.000Z</time>
        <extensions>
          <ns3:TrackPointExtension>
            <ns3:hr>135</ns3:hr>
            <ns3:cad>86</ns3:cad>
          </ns3:TrackPointExtension>
        </extensions>
      </trkpt>
      <trkpt lat="24.48654516600072383880615234375" lon="118.1351117603480815887451171875">
        <ele>22.799999237060546875</ele>
        <time>2025-04-05T12:26:38.000Z</time>
        <extensions>
          <ns3:TrackPointExtension>
            <ns3:hr>135</ns3:hr>
            <ns3:cad>86</ns3:cad>
          </ns3:TrackPointExtension>
        </extensions>
      </trkpt>
      <trkpt lat="24.4865708984434604644775390625" lon="118.13510589301586151123046875">
        <ele>22.799999237060546875</ele>
        <time>2025-04-05T12:26:39.000Z</time>
        <extensions>
          <ns3:TrackPointExtension>
            <ns3:hr>135</ns3:hr>
            <ns3:cad>86</ns3:cad>
          </ns3:TrackPointExtension>
        </extensions>
      </trkpt>
      <trkpt lat="24.486608617007732391357421875" lon="118.13510228879749774932861328125">
        <ele>22.6000003814697265625</ele>
        <time>2025-04-05T12:26:40.000Z</time>
        <extensions>
          <ns3:TrackPointExtension>
            <ns3:hr>135</ns3:hr>
            <ns3:cad>86</ns3:cad>
          </ns3:TrackPointExtension>
        </extensions>
      </trkpt>
      <trkpt lat="24.486632756888866424560546875" lon="118.13510094769299030303955078125">
        <ele>22.6000003814697265625</ele>
        <time>2025-04-05T12:26:41.000Z</time>
        <extensions>
          <ns3:TrackPointExtension>
            <ns3:hr>135</ns3:hr>
            <ns3:cad>86</ns3:cad>
          </ns3:TrackPointExtension>
        </extensions>
      </trkpt>
      <trkpt lat="24.48666083626449108123779296875" lon="118.13509650528430938720703125">
        <ele>22.6000003814697265625</ele>
        <time>2025-04-05T12:26:42.000Z</time>
        <extensions>
          <ns3:TrackPointExtension>
            <ns3:hr>135</ns3:hr>
            <ns3:cad>87</ns3:cad>
          </ns3:TrackPointExtension>
        </extensions>
      </trkpt>
      <trkpt lat="24.48668128810822963714599609375" lon="118.1350966729223728179931640625">
        <ele>22.3999996185302734375</ele>
        <time>2025-04-05T12:26:43.000Z</time>
        <extensions>
          <ns3:TrackPointExtension>
            <ns3:hr>136</ns3:hr>
            <ns3:cad>87</ns3:cad>
          </ns3:TrackPointExtension>
        </extensions>
      </trkpt>
      <trkpt lat="24.4867036677896976470947265625" lon="118.13509558327496051788330078125">
        <ele>22.3999996185302734375</ele>
        <time>2025-04-05T12:26:44.000Z</time>
        <extensions>
          <ns3:TrackPointExtension>
            <ns3:hr>135</ns3:hr>
            <ns3:cad>87</ns3:cad>
          </ns3:TrackPointExtension>
        </extensions>
      </trkpt>
      <trkpt lat="24.48672923259437084197998046875" lon="118.13509256578981876373291015625">
        <ele>22.3999996185302734375</ele>
        <time>2025-04-05T12:26:45.000Z</time>
        <extensions>
          <ns3:TrackPointExtension>
            <ns3:hr>135</ns3:hr>
            <ns3:cad>87</ns3:cad>
          </ns3:TrackPointExtension>
        </extensions>
      </trkpt>
      <trkpt lat="24.48675337247550487518310546875" lon="118.1350849382579326629638671875">
        <ele>22.3999996185302734375</ele>
        <time>2025-04-05T12:26:46.000Z</time>
        <extensions>
          <ns3:TrackPointExtension>
            <ns3:hr>135</ns3:hr>
            <ns3:cad>87</ns3:cad>
          </ns3:TrackPointExtension>
        </extensions>
      </trkpt>
      <trkpt lat="24.48678287677466869354248046875" lon="118.13508133403956890106201171875">
        <ele>22.3999996185302734375</ele>
        <time>2025-04-05T12:26:47.000Z</time>
        <extensions>
          <ns3:TrackPointExtension>
            <ns3:hr>135</ns3:hr>
            <ns3:cad>87</ns3:cad>
          </ns3:TrackPointExtension>
        </extensions>
      </trkpt>
      <trkpt lat="24.48680466972291469573974609375" lon="118.13507613725960254669189453125">
        <ele>22.3999996185302734375</ele>
        <time>2025-04-05T12:26:48.000Z</time>
        <extensions>
          <ns3:TrackPointExtension>
            <ns3:hr>135</ns3:hr>
            <ns3:cad>87</ns3:cad>
          </ns3:TrackPointExtension>
        </extensions>
      </trkpt>
      <trkpt lat="24.48683434166014194488525390625" lon="118.13506943173706531524658203125">
        <ele>22.200000762939453125</ele>
        <time>2025-04-05T12:26:49.000Z</time>
        <extensions>
          <ns3:TrackPointExtension>
            <ns3:hr>135</ns3:hr>
            <ns3:cad>87</ns3:cad>
          </ns3:TrackPointExtension>
        </extensions>
      </trkpt>
      <trkpt lat="24.4868582300841808319091796875" lon="118.13506297767162322998046875">
        <ele>22.200000762939453125</ele>
        <time>2025-04-05T12:26:50.000Z</time>
        <extensions>
          <ns3:TrackPointExtension>
            <ns3:hr>134</ns3:hr>
            <ns3:cad>87</ns3:cad>
          </ns3:TrackPointExtension>
        </extensions>
      </trkpt>
      <trkpt lat="24.48688128031790256500244140625" lon="118.1350591219961643218994140625">
        <ele>22.200000762939453125</ele>
        <time>2025-04-05T12:26:51.000Z</time>
        <extensions>
          <ns3:TrackPointExtension>
            <ns3:hr>134</ns3:hr>
            <ns3:cad>87</ns3:cad>
          </ns3:TrackPointExtension>
        </extensions>
      </trkpt>
      <trkpt lat="24.48690575547516345977783203125" lon="118.1350534223020076751708984375">
        <ele>22.200000762939453125</ele>
        <time>2025-04-05T12:26:52.000Z</time>
        <extensions>
          <ns3:TrackPointExtension>
            <ns3:hr>134</ns3:hr>
            <ns3:cad>87</ns3:cad>
          </ns3:TrackPointExtension>
        </extensions>
      </trkpt>
      <trkpt lat="24.48693140409886837005615234375" lon="118.13505115918815135955810546875">
        <ele>22</ele>
        <time>2025-04-05T12:26:53.000Z</time>
        <extensions>
          <ns3:TrackPointExtension>
            <ns3:hr>134</ns3:hr>
            <ns3:cad>86</ns3:cad>
          </ns3:TrackPointExtension>
        </extensions>
      </trkpt>
      <trkpt lat="24.4869581423699855804443359375" lon="118.1350483931601047515869140625">
        <ele>22</ele>
        <time>2025-04-05T12:26:54.000Z</time>
        <extensions>
          <ns3:TrackPointExtension>
            <ns3:hr>134</ns3:hr>
            <ns3:cad>86</ns3:cad>
          </ns3:TrackPointExtension>
        </extensions>
      </trkpt>
      <trkpt lat="24.486979432404041290283203125" lon="118.135044537484645843505859375">
        <ele>22</ele>
        <time>2025-04-05T12:26:55.000Z</time>
        <extensions>
          <ns3:TrackPointExtension>
            <ns3:hr>134</ns3:hr>
            <ns3:cad>86</ns3:cad>
          </ns3:TrackPointExtension>
        </extensions>
      </trkpt>
      <trkpt lat="24.48700449429452419281005859375" lon="118.1350426934659481048583984375">
        <ele>22</ele>
        <time>2025-04-05T12:26:56.000Z</time>
        <extensions>
          <ns3:TrackPointExtension>
            <ns3:hr>135</ns3:hr>
            <ns3:cad>86</ns3:cad>
          </ns3:TrackPointExtension>
        </extensions>
      </trkpt>
      <trkpt lat="24.487020336091518402099609375" lon="118.1350396759808063507080078125">
        <ele>22</ele>
        <time>2025-04-05T12:26:57.000Z</time>
        <extensions>
          <ns3:TrackPointExtension>
            <ns3:hr>134</ns3:hr>
            <ns3:cad>86</ns3:cad>
          </ns3:TrackPointExtension>
        </extensions>
      </trkpt>
      <trkpt lat="24.48704372160136699676513671875" lon="118.13503908924758434295654296875">
        <ele>22</ele>
        <time>2025-04-05T12:26:58.000Z</time>
        <extensions>
          <ns3:TrackPointExtension>
            <ns3:hr>134</ns3:hr>
            <ns3:cad>86</ns3:cad>
          </ns3:TrackPointExtension>
        </extensions>
      </trkpt>
      <trkpt lat="24.48706484399735927581787109375" lon="118.13503338955342769622802734375">
        <ele>21.799999237060546875</ele>
        <time>2025-04-05T12:26:59.000Z</time>
        <extensions>
          <ns3:TrackPointExtension>
            <ns3:hr>134</ns3:hr>
            <ns3:cad>86</ns3:cad>
          </ns3:TrackPointExtension>
        </extensions>
      </trkpt>
      <trkpt lat="24.487085044384002685546875" lon="118.135028779506683349609375">
        <ele>21.799999237060546875</ele>
        <time>2025-04-05T12:27:00.000Z</time>
        <extensions>
          <ns3:TrackPointExtension>
            <ns3:hr>134</ns3:hr>
            <ns3:cad>86</ns3:cad>
          </ns3:TrackPointExtension>
        </extensions>
      </trkpt>
      <trkpt lat="24.4871056638658046722412109375" lon="118.1350262649357318878173828125">
        <ele>21.799999237060546875</ele>
        <time>2025-04-05T12:27:01.000Z</time>
        <extensions>
          <ns3:TrackPointExtension>
            <ns3:hr>134</ns3:hr>
            <ns3:cad>86</ns3:cad>
          </ns3:TrackPointExtension>
        </extensions>
      </trkpt>
      <trkpt lat="24.48712251149117946624755859375" lon="118.13502115197479724884033203125">
        <ele>21.799999237060546875</ele>
        <time>2025-04-05T12:27:02.000Z</time>
        <extensions>
          <ns3:TrackPointExtension>
            <ns3:hr>134</ns3:hr>
            <ns3:cad>86</ns3:cad>
          </ns3:TrackPointExtension>
        </extensions>
      </trkpt>
      <trkpt lat="24.4871499203145503997802734375" lon="118.135024420917034149169921875">
        <ele>21.6000003814697265625</ele>
        <time>2025-04-05T12:27:03.000Z</time>
        <extensions>
          <ns3:TrackPointExtension>
            <ns3:hr>134</ns3:hr>
            <ns3:cad>87</ns3:cad>
          </ns3:TrackPointExtension>
        </extensions>
      </trkpt>
      <trkpt lat="24.48717364110052585601806640625" lon="118.13502182252705097198486328125">
        <ele>21.6000003814697265625</ele>
        <time>2025-04-05T12:27:04.000Z</time>
        <extensions>
          <ns3:TrackPointExtension>
            <ns3:hr>134</ns3:hr>
            <ns3:cad>87</ns3:cad>
          </ns3:TrackPointExtension>
        </extensions>
      </trkpt>
      <trkpt lat="24.4872116111218929290771484375" lon="118.13501578755676746368408203125">
        <ele>21.6000003814697265625</ele>
        <time>2025-04-05T12:27:05.000Z</time>
        <extensions>
          <ns3:TrackPointExtension>
            <ns3:hr>134</ns3:hr>
            <ns3:cad>87</ns3:cad>
          </ns3:TrackPointExtension>
        </extensions>
      </trkpt>
      <trkpt lat="24.48724119924008846282958984375" lon="118.1350141949951648712158203125">
        <ele>21.3999996185302734375</ele>
        <time>2025-04-05T12:27:06.000Z</time>
        <extensions>
          <ns3:TrackPointExtension>
            <ns3:hr>134</ns3:hr>
            <ns3:cad>87</ns3:cad>
          </ns3:TrackPointExtension>
        </extensions>
      </trkpt>
      <trkpt lat="24.48727346956729888916015625" lon="118.1350138597190380096435546875">
        <ele>21.3999996185302734375</ele>
        <time>2025-04-05T12:27:07.000Z</time>
        <extensions>
          <ns3:TrackPointExtension>
            <ns3:hr>135</ns3:hr>
            <ns3:cad>87</ns3:cad>
          </ns3:TrackPointExtension>
        </extensions>
      </trkpt>
      <trkpt lat="24.48729769326746463775634765625" lon="118.13500539399683475494384765625">
        <ele>21.3999996185302734375</ele>
        <time>2025-04-05T12:27:08.000Z</time>
        <extensions>
          <ns3:TrackPointExtension>
            <ns3:hr>135</ns3:hr>
            <ns3:cad>87</ns3:cad>
          </ns3:TrackPointExtension>
        </extensions>
      </trkpt>
      <trkpt lat="24.4873242639005184173583984375" lon="118.13500556163489818572998046875">
        <ele>21.200000762939453125</ele>
        <time>2025-04-05T12:27:09.000Z</time>
        <extensions>
          <ns3:TrackPointExtension>
            <ns3:hr>135</ns3:hr>
            <ns3:cad>87</ns3:cad>
          </ns3:TrackPointExtension>
        </extensions>
      </trkpt>
      <trkpt lat="24.48734731413424015045166015625" lon="118.134999610483646392822265625">
        <ele>21.200000762939453125</ele>
        <time>2025-04-05T12:27:10.000Z</time>
        <extensions>
          <ns3:TrackPointExtension>
            <ns3:hr>135</ns3:hr>
            <ns3:cad>87</ns3:cad>
          </ns3:TrackPointExtension>
        </extensions>
      </trkpt>
      <trkpt lat="24.4873755611479282379150390625" lon="118.135000281035900115966796875">
        <ele>21.200000762939453125</ele>
        <time>2025-04-05T12:27:11.000Z</time>
        <extensions>
          <ns3:TrackPointExtension>
            <ns3:hr>135</ns3:hr>
            <ns3:cad>88</ns3:cad>
          </ns3:TrackPointExtension>
        </extensions>
      </trkpt>
      <trkpt lat="24.48740087449550628662109375" lon="118.134991563856601715087890625">
        <ele>21.200000762939453125</ele>
        <time>2025-04-05T12:27:12.000Z</time>
        <extensions>
          <ns3:TrackPointExtension>
            <ns3:hr>135</ns3:hr>
            <ns3:cad>88</ns3:cad>
          </ns3:TrackPointExtension>
        </extensions>
      </trkpt>
      <trkpt lat="24.4874218292534351348876953125" lon="118.134987540543079376220703125">
        <ele>21.200000762939453125</ele>
        <time>2025-04-05T12:27:13.000Z</time>
        <extensions>
          <ns3:TrackPointExtension>
            <ns3:hr>136</ns3:hr>
            <ns3:cad>88</ns3:cad>
          </ns3:TrackPointExtension>
        </extensions>
      </trkpt>
      <trkpt lat="24.48744990862905979156494140625" lon="118.13498251140117645263671875">
        <ele>21.200000762939453125</ele>
        <time>2025-04-05T12:27:14.000Z</time>
        <extensions>
          <ns3:TrackPointExtension>
            <ns3:hr>135</ns3:hr>
            <ns3:cad>88</ns3:cad>
          </ns3:TrackPointExtension>
        </extensions>
      </trkpt>
      <trkpt lat="24.4874667562544345855712890625" lon="118.1349799968302249908447265625">
        <ele>21.200000762939453125</ele>
        <time>2025-04-05T12:27:15.000Z</time>
        <extensions>
          <ns3:TrackPointExtension>
            <ns3:hr>136</ns3:hr>
            <ns3:cad>87</ns3:cad>
          </ns3:TrackPointExtension>
        </extensions>
      </trkpt>
      <trkpt lat="24.487497769296169281005859375" lon="118.13497538678348064422607421875">
        <ele>21.200000762939453125</ele>
        <time>2025-04-05T12:27:16.000Z</time>
        <extensions>
          <ns3:TrackPointExtension>
            <ns3:hr>136</ns3:hr>
            <ns3:cad>87</ns3:cad>
          </ns3:TrackPointExtension>
        </extensions>
      </trkpt>
      <trkpt lat="24.48752098716795444488525390625" lon="118.13497203402221202850341796875">
        <ele>21.200000762939453125</ele>
        <time>2025-04-05T12:27:17.000Z</time>
        <extensions>
          <ns3:TrackPointExtension>
            <ns3:hr>136</ns3:hr>
            <ns3:cad>86</ns3:cad>
          </ns3:TrackPointExtension>
        </extensions>
      </trkpt>
      <trkpt lat="24.48754571378231048583984375" lon="118.1349732913076877593994140625">
        <ele>21.200000762939453125</ele>
        <time>2025-04-05T12:27:18.000Z</time>
        <extensions>
          <ns3:TrackPointExtension>
            <ns3:hr>136</ns3:hr>
            <ns3:cad>86</ns3:cad>
          </ns3:TrackPointExtension>
        </extensions>
      </trkpt>
      <trkpt lat="24.4875747151672840118408203125" lon="118.13496817834675312042236328125">
        <ele>21.200000762939453125</ele>
        <time>2025-04-05T12:27:19.000Z</time>
        <extensions>
          <ns3:TrackPointExtension>
            <ns3:hr>136</ns3:hr>
            <ns3:cad>86</ns3:cad>
          </ns3:TrackPointExtension>
        </extensions>
      </trkpt>
      <trkpt lat="24.48760011233389377593994140625" lon="118.134966753423213958740234375">
        <ele>21</ele>
        <time>2025-04-05T12:27:20.000Z</time>
        <extensions>
          <ns3:TrackPointExtension>
            <ns3:hr>136</ns3:hr>
            <ns3:cad>86</ns3:cad>
          </ns3:TrackPointExtension>
        </extensions>
      </trkpt>
      <trkpt lat="24.48763213120400905609130859375" lon="118.1349571980535984039306640625">
        <ele>21</ele>
        <time>2025-04-05T12:27:21.000Z</time>
        <extensions>
          <ns3:TrackPointExtension>
            <ns3:hr>136</ns3:hr>
            <ns3:cad>86</ns3:cad>
          </ns3:TrackPointExtension>
        </extensions>
      </trkpt>
      <trkpt lat="24.48765090666711330413818359375" lon="118.1349496543407440185546875">
        <ele>20.799999237060546875</ele>
        <time>2025-04-05T12:27:22.000Z</time>
        <extensions>
          <ns3:TrackPointExtension>
            <ns3:hr>136</ns3:hr>
            <ns3:cad>86</ns3:cad>
          </ns3:TrackPointExtension>
        </extensions>
      </trkpt>
      <trkpt lat="24.48767605237662792205810546875" lon="118.13494588248431682586669921875">
        <ele>20.799999237060546875</ele>
        <time>2025-04-05T12:27:23.000Z</time>
        <extensions>
          <ns3:TrackPointExtension>
            <ns3:hr>136</ns3:hr>
            <ns3:cad>85</ns3:cad>
          </ns3:TrackPointExtension>
        </extensions>
      </trkpt>
      <trkpt lat="24.487699605524539947509765625" lon="118.1349441222846508026123046875">
        <ele>20.799999237060546875</ele>
        <time>2025-04-05T12:27:24.000Z</time>
        <extensions>
          <ns3:TrackPointExtension>
            <ns3:hr>137</ns3:hr>
            <ns3:cad>85</ns3:cad>
          </ns3:TrackPointExtension>
        </extensions>
      </trkpt>
      <trkpt lat="24.48772466741502285003662109375" lon="118.13494051806628704071044921875">
        <ele>20.799999237060546875</ele>
        <time>2025-04-05T12:27:25.000Z</time>
        <extensions>
          <ns3:TrackPointExtension>
            <ns3:hr>136</ns3:hr>
            <ns3:cad>85</ns3:cad>
          </ns3:TrackPointExtension>
        </extensions>
      </trkpt>
      <trkpt lat="24.4877557642757892608642578125" lon="118.1349374167621135711669921875">
        <ele>20.799999237060546875</ele>
        <time>2025-04-05T12:27:26.000Z</time>
        <extensions>
          <ns3:TrackPointExtension>
            <ns3:hr>136</ns3:hr>
            <ns3:cad>85</ns3:cad>
          </ns3:TrackPointExtension>
        </extensions>
      </trkpt>
      <trkpt lat="24.48777504265308380126953125" lon="118.13493381254374980926513671875">
        <ele>20.799999237060546875</ele>
        <time>2025-04-05T12:27:27.000Z</time>
        <extensions>
          <ns3:TrackPointExtension>
            <ns3:hr>136</ns3:hr>
            <ns3:cad>84</ns3:cad>
          </ns3:TrackPointExtension>
        </extensions>
      </trkpt>
      <trkpt lat="24.48780161328613758087158203125" lon="118.1349317170679569244384765625">
        <ele>20.799999237060546875</ele>
        <time>2025-04-05T12:27:28.000Z</time>
        <extensions>
          <ns3:TrackPointExtension>
            <ns3:hr>136</ns3:hr>
            <ns3:cad>84</ns3:cad>
          </ns3:TrackPointExtension>
        </extensions>
      </trkpt>
      <trkpt lat="24.4878154434263706207275390625" lon="118.13492744229733943939208984375">
        <ele>20.6000003814697265625</ele>
        <time>2025-04-05T12:27:29.000Z</time>
        <extensions>
          <ns3:TrackPointExtension>
            <ns3:hr>136</ns3:hr>
            <ns3:cad>86</ns3:cad>
          </ns3:TrackPointExtension>
        </extensions>
      </trkpt>
      <trkpt lat="24.4878395833075046539306640625" lon="118.13493096269667148590087890625">
        <ele>20.6000003814697265625</ele>
        <time>2025-04-05T12:27:30.000Z</time>
        <extensions>
          <ns3:TrackPointExtension>
            <ns3:hr>136</ns3:hr>
            <ns3:cad>86</ns3:cad>
          </ns3:TrackPointExtension>
        </extensions>
      </trkpt>
      <trkpt lat="24.4878583587706089019775390625" lon="118.13492962159216403961181640625">
        <ele>20.6000003814697265625</ele>
        <time>2025-04-05T12:27:31.000Z</time>
        <extensions>
          <ns3:TrackPointExtension>
            <ns3:hr>136</ns3:hr>
            <ns3:cad>86</ns3:cad>
          </ns3:TrackPointExtension>
        </extensions>
      </trkpt>
      <trkpt lat="24.4878781400620937347412109375" lon="118.134930543601512908935546875">
        <ele>20.6000003814697265625</ele>
        <time>2025-04-05T12:27:32.000Z</time>
        <extensions>
          <ns3:TrackPointExtension>
            <ns3:hr>136</ns3:hr>
            <ns3:cad>86</ns3:cad>
          </ns3:TrackPointExtension>
        </extensions>
      </trkpt>
      <trkpt lat="24.48790538124740123748779296875" lon="118.134929873049259185791015625">
        <ele>20.3999996185302734375</ele>
        <time>2025-04-05T12:27:33.000Z</time>
        <extensions>
          <ns3:TrackPointExtension>
            <ns3:hr>136</ns3:hr>
            <ns3:cad>86</ns3:cad>
          </ns3:TrackPointExtension>
        </extensions>
      </trkpt>
      <trkpt lat="24.48792834766209125518798828125" lon="118.1349256820976734161376953125">
        <ele>20.3999996185302734375</ele>
        <time>2025-04-05T12:27:34.000Z</time>
        <extensions>
          <ns3:TrackPointExtension>
            <ns3:hr>136</ns3:hr>
            <ns3:cad>87</ns3:cad>
          </ns3:TrackPointExtension>
        </extensions>
      </trkpt>
      <trkpt lat="24.48795919306576251983642578125" lon="118.1349209882318973541259765625">
        <ele>20.3999996185302734375</ele>
        <time>2025-04-05T12:27:35.000Z</time>
        <extensions>
          <ns3:TrackPointExtension>
            <ns3:hr>137</ns3:hr>
            <ns3:cad>86</ns3:cad>
          </ns3:TrackPointExtension>
        </extensions>
      </trkpt>
      <trkpt lat="24.48797830380499362945556640625" lon="118.134915791451930999755859375">
        <ele>20.3999996185302734375</ele>
        <time>2025-04-05T12:27:36.000Z</time>
        <extensions>
          <ns3:TrackPointExtension>
            <ns3:hr>136</ns3:hr>
            <ns3:cad>86</ns3:cad>
          </ns3:TrackPointExtension>
        </extensions>
      </trkpt>
      <trkpt lat="24.487996660172939300537109375" lon="118.13490363769233226776123046875">
        <ele>20.3999996185302734375</ele>
        <time>2025-04-05T12:27:37.000Z</time>
        <extensions>
          <ns3:TrackPointExtension>
            <ns3:hr>136</ns3:hr>
            <ns3:cad>86</ns3:cad>
          </ns3:TrackPointExtension>
        </extensions>
      </trkpt>
      <trkpt lat="24.48801568709313869476318359375" lon="118.134889304637908935546875">
        <ele>20.200000762939453125</ele>
        <time>2025-04-05T12:27:38.000Z</time>
        <extensions>
          <ns3:TrackPointExtension>
            <ns3:hr>136</ns3:hr>
            <ns3:cad>85</ns3:cad>
          </ns3:TrackPointExtension>
        </extensions>
      </trkpt>
      <trkpt lat="24.4880259968340396881103515625" lon="118.13488167710602283477783203125">
        <ele>20.200000762939453125</ele>
        <time>2025-04-05T12:27:39.000Z</time>
        <extensions>
          <ns3:TrackPointExtension>
            <ns3:hr>136</ns3:hr>
            <ns3:cad>85</ns3:cad>
          </ns3:TrackPointExtension>
        </extensions>
      </trkpt>
      <trkpt lat="24.48804502375423908233642578125" lon="118.13486122526228427886962890625">
        <ele>20.200000762939453125</ele>
        <time>2025-04-05T12:27:40.000Z</time>
        <extensions>
          <ns3:TrackPointExtension>
            <ns3:hr>136</ns3:hr>
            <ns3:cad>84</ns3:cad>
          </ns3:TrackPointExtension>
        </extensions>
      </trkpt>
      <trkpt lat="24.488052986562252044677734375" lon="118.13484395854175090789794921875">
        <ele>20.200000762939453125</ele>
        <time>2025-04-05T12:27:41.000Z</time>
        <extensions>
          <ns3:TrackPointExtension>
            <ns3:hr>135</ns3:hr>
            <ns3:cad>84</ns3:cad>
          </ns3:TrackPointExtension>
        </extensions>
      </trkpt>
      <trkpt lat="24.4880618713796138763427734375" lon="118.1348214112222194671630859375">
        <ele>20.200000762939453125</ele>
        <time>2025-04-05T12:27:42.000Z</time>
        <extensions>
          <ns3:TrackPointExtension>
            <ns3:hr>135</ns3:hr>
            <ns3:cad>84</ns3:cad>
          </ns3:TrackPointExtension>
        </extensions>
      </trkpt>
      <trkpt lat="24.48806815780699253082275390625" lon="118.13479819335043430328369140625">
        <ele>20.200000762939453125</ele>
        <time>2025-04-05T12:27:43.000Z</time>
        <extensions>
          <ns3:TrackPointExtension>
            <ns3:hr>135</ns3:hr>
            <ns3:cad>84</ns3:cad>
          </ns3:TrackPointExtension>
        </extensions>
      </trkpt>
      <trkpt lat="24.4880679063498973846435546875" lon="118.134782016277313232421875">
        <ele>20.200000762939453125</ele>
        <time>2025-04-05T12:27:44.000Z</time>
        <extensions>
          <ns3:TrackPointExtension>
            <ns3:hr>134</ns3:hr>
            <ns3:cad>84</ns3:cad>
          </ns3:TrackPointExtension>
        </extensions>
      </trkpt>
      <trkpt lat="24.4880712591111660003662109375" lon="118.1347637437283992767333984375">
        <ele>20.200000762939453125</ele>
        <time>2025-04-05T12:27:45.000Z</time>
        <extensions>
          <ns3:TrackPointExtension>
            <ns3:hr>134</ns3:hr>
            <ns3:cad>83</ns3:cad>
          </ns3:TrackPointExtension>
        </extensions>
      </trkpt>
      <trkpt lat="24.4880707561969757080078125" lon="118.1347536854445934295654296875">
        <ele>20.200000762939453125</ele>
        <time>2025-04-05T12:27:46.000Z</time>
        <extensions>
          <ns3:TrackPointExtension>
            <ns3:hr>134</ns3:hr>
            <ns3:cad>83</ns3:cad>
          </ns3:TrackPointExtension>
        </extensions>
      </trkpt>
      <trkpt lat="24.48806882835924625396728515625" lon="118.13474739901721477508544921875">
        <ele>20.200000762939453125</ele>
        <time>2025-04-05T12:27:47.000Z</time>
        <extensions>
          <ns3:TrackPointExtension>
            <ns3:hr>134</ns3:hr>
            <ns3:cad>83</ns3:cad>
          </ns3:TrackPointExtension>
        </extensions>
      </trkpt>
      <trkpt lat="24.4880652241408824920654296875" lon="118.13472946174442768096923828125">
        <ele>20.200000762939453125</ele>
        <time>2025-04-05T12:27:48.000Z</time>
        <extensions>
          <ns3:TrackPointExtension>
            <ns3:hr>133</ns3:hr>
            <ns3:cad>83</ns3:cad>
          </ns3:TrackPointExtension>
        </extensions>
      </trkpt>
      <trkpt lat="24.48806312866508960723876953125" lon="118.1347208283841609954833984375">
        <ele>20.200000762939453125</ele>
        <time>2025-04-05T12:27:49.000Z</time>
        <extensions>
          <ns3:TrackPointExtension>
            <ns3:hr>133</ns3:hr>
            <ns3:cad>83</ns3:cad>
          </ns3:TrackPointExtension>
        </extensions>
      </trkpt>
      <trkpt lat="24.48806279338896274566650390625" lon="118.134703896939754486083984375">
        <ele>20.200000762939453125</ele>
        <time>2025-04-05T12:27:50.000Z</time>
        <extensions>
          <ns3:TrackPointExtension>
            <ns3:hr>133</ns3:hr>
            <ns3:cad>83</ns3:cad>
          </ns3:TrackPointExtension>
        </extensions>
      </trkpt>
      <trkpt lat="24.48805541731417179107666015625" lon="118.13468034379184246063232421875">
        <ele>20.200000762939453125</ele>
        <time>2025-04-05T12:27:51.000Z</time>
        <extensions>
          <ns3:TrackPointExtension>
            <ns3:hr>133</ns3:hr>
            <ns3:cad>83</ns3:cad>
          </ns3:TrackPointExtension>
        </extensions>
      </trkpt>
      <trkpt lat="24.4880467839539051055908203125" lon="118.13466106541454792022705078125">
        <ele>20.200000762939453125</ele>
        <time>2025-04-05T12:27:52.000Z</time>
        <extensions>
          <ns3:TrackPointExtension>
            <ns3:hr>133</ns3:hr>
            <ns3:cad>83</ns3:cad>
          </ns3:TrackPointExtension>
        </extensions>
      </trkpt>
      <trkpt lat="24.4880414195358753204345703125" lon="118.1346380151808261871337890625">
        <ele>20.200000762939453125</ele>
        <time>2025-04-05T12:27:53.000Z</time>
        <extensions>
          <ns3:TrackPointExtension>
            <ns3:hr>133</ns3:hr>
            <ns3:cad>83</ns3:cad>
          </ns3:TrackPointExtension>
        </extensions>
      </trkpt>
      <trkpt lat="24.48804460465908050537109375" lon="118.13461362384259700775146484375">
        <ele>20.200000762939453125</ele>
        <time>2025-04-05T12:27:54.000Z</time>
        <extensions>
          <ns3:TrackPointExtension>
            <ns3:hr>133</ns3:hr>
            <ns3:cad>83</ns3:cad>
          </ns3:TrackPointExtension>
        </extensions>
      </trkpt>
      <trkpt lat="24.4880424253642559051513671875" lon="118.1345873884856700897216796875">
        <ele>20.200000762939453125</ele>
        <time>2025-04-05T12:27:55.000Z</time>
        <extensions>
          <ns3:TrackPointExtension>
            <ns3:hr>133</ns3:hr>
            <ns3:cad>83</ns3:cad>
          </ns3:TrackPointExtension>
        </extensions>
      </trkpt>
      <trkpt lat="24.4880384020507335662841796875" lon="118.1345634162425994873046875">
        <ele>20.200000762939453125</ele>
        <time>2025-04-05T12:27:56.000Z</time>
        <extensions>
          <ns3:TrackPointExtension>
            <ns3:hr>133</ns3:hr>
            <ns3:cad>83</ns3:cad>
          </ns3:TrackPointExtension>
        </extensions>
      </trkpt>
      <trkpt lat="24.4880333729088306427001953125" lon="118.134539611637592315673828125">
        <ele>20.200000762939453125</ele>
        <time>2025-04-05T12:27:57.000Z</time>
        <extensions>
          <ns3:TrackPointExtension>
            <ns3:hr>132</ns3:hr>
            <ns3:cad>85</ns3:cad>
          </ns3:TrackPointExtension>
        </extensions>
      </trkpt>
      <trkpt lat="24.48802876286208629608154296875" lon="118.13451672904193401336669921875">
        <ele>20.200000762939453125</ele>
        <time>2025-04-05T12:27:58.000Z</time>
        <extensions>
          <ns3:TrackPointExtension>
            <ns3:hr>132</ns3:hr>
            <ns3:cad>85</ns3:cad>
          </ns3:TrackPointExtension>
        </extensions>
      </trkpt>
      <trkpt lat="24.48802105151116847991943359375" lon="118.13449141569435596466064453125">
        <ele>20.200000762939453125</ele>
        <time>2025-04-05T12:27:59.000Z</time>
        <extensions>
          <ns3:TrackPointExtension>
            <ns3:hr>132</ns3:hr>
            <ns3:cad>86</ns3:cad>
          </ns3:TrackPointExtension>
        </extensions>
      </trkpt>
      <trkpt lat="24.48801199905574321746826171875" lon="118.134464509785175323486328125">
        <ele>20.200000762939453125</ele>
        <time>2025-04-05T12:28:00.000Z</time>
        <extensions>
          <ns3:TrackPointExtension>
            <ns3:hr>132</ns3:hr>
            <ns3:cad>86</ns3:cad>
          </ns3:TrackPointExtension>
        </extensions>
      </trkpt>
      <trkpt lat="24.48800696991384029388427734375" lon="118.13443894498050212860107421875">
        <ele>20.3999996185302734375</ele>
        <time>2025-04-05T12:28:01.000Z</time>
        <extensions>
          <ns3:TrackPointExtension>
            <ns3:hr>133</ns3:hr>
            <ns3:cad>87</ns3:cad>
          </ns3:TrackPointExtension>
        </extensions>
      </trkpt>
      <trkpt lat="24.48801099322736263275146484375" lon="118.13441094942390918731689453125">
        <ele>20.3999996185302734375</ele>
        <time>2025-04-05T12:28:02.000Z</time>
        <extensions>
          <ns3:TrackPointExtension>
            <ns3:hr>132</ns3:hr>
            <ns3:cad>87</ns3:cad>
          </ns3:TrackPointExtension>
        </extensions>
      </trkpt>
      <trkpt lat="24.4880125857889652252197265625" lon="118.134385049343109130859375">
        <ele>20.3999996185302734375</ele>
        <time>2025-04-05T12:28:03.000Z</time>
        <extensions>
          <ns3:TrackPointExtension>
            <ns3:hr>132</ns3:hr>
            <ns3:cad>86</ns3:cad>
          </ns3:TrackPointExtension>
        </extensions>
      </trkpt>
      <trkpt lat="24.48800797574222087860107421875" lon="118.13434389419853687286376953125">
        <ele>20.3999996185302734375</ele>
        <time>2025-04-05T12:28:04.000Z</time>
        <extensions>
          <ns3:TrackPointExtension>
            <ns3:hr>132</ns3:hr>
            <ns3:cad>86</ns3:cad>
          </ns3:TrackPointExtension>
        </extensions>
      </trkpt>
      <trkpt lat="24.48800839483737945556640625" lon="118.13430952839553356170654296875">
        <ele>20.3999996185302734375</ele>
        <time>2025-04-05T12:28:05.000Z</time>
        <extensions>
          <ns3:TrackPointExtension>
            <ns3:hr>132</ns3:hr>
            <ns3:cad>86</ns3:cad>
          </ns3:TrackPointExtension>
        </extensions>
      </trkpt>
      <trkpt lat="24.48800780810415744781494140625" lon="118.1342759169638156890869140625">
        <ele>20.3999996185302734375</ele>
        <time>2025-04-05T12:28:06.000Z</time>
        <extensions>
          <ns3:TrackPointExtension>
            <ns3:hr>133</ns3:hr>
            <ns3:cad>86</ns3:cad>
          </ns3:TrackPointExtension>
        </extensions>
      </trkpt>
      <trkpt lat="24.48800696991384029388427734375" lon="118.13423744402825832366943359375">
        <ele>20.3999996185302734375</ele>
        <time>2025-04-05T12:28:07.000Z</time>
        <extensions>
          <ns3:TrackPointExtension>
            <ns3:hr>132</ns3:hr>
            <ns3:cad>86</ns3:cad>
          </ns3:TrackPointExtension>
        </extensions>
      </trkpt>
      <trkpt lat="24.48800663463771343231201171875" lon="118.1342175789177417755126953125">
        <ele>20.3999996185302734375</ele>
        <time>2025-04-05T12:28:08.000Z</time>
        <extensions>
          <ns3:TrackPointExtension>
            <ns3:hr>132</ns3:hr>
            <ns3:cad>86</ns3:cad>
          </ns3:TrackPointExtension>
        </extensions>
      </trkpt>
      <trkpt lat="24.48800948448479175567626953125" lon="118.1341806985437870025634765625">
        <ele>20.200000762939453125</ele>
        <time>2025-04-05T12:28:09.000Z</time>
        <extensions>
          <ns3:TrackPointExtension>
            <ns3:hr>133</ns3:hr>
            <ns3:cad>87</ns3:cad>
          </ns3:TrackPointExtension>
        </extensions>
      </trkpt>
      <trkpt lat="24.48801099322736263275146484375" lon="118.13415504992008209228515625">
        <ele>20.200000762939453125</ele>
        <time>2025-04-05T12:28:10.000Z</time>
        <extensions>
          <ns3:TrackPointExtension>
            <ns3:hr>133</ns3:hr>
            <ns3:cad>87</ns3:cad>
          </ns3:TrackPointExtension>
        </extensions>
      </trkpt>
      <trkpt lat="24.488010741770267486572265625" lon="118.13412420451641082763671875">
        <ele>20.200000762939453125</ele>
        <time>2025-04-05T12:28:11.000Z</time>
        <extensions>
          <ns3:TrackPointExtension>
            <ns3:hr>133</ns3:hr>
            <ns3:cad>87</ns3:cad>
          </ns3:TrackPointExtension>
        </extensions>
      </trkpt>
      <trkpt lat="24.48800797574222087860107421875" lon="118.13409780152142047882080078125">
        <ele>20.200000762939453125</ele>
        <time>2025-04-05T12:28:12.000Z</time>
        <extensions>
          <ns3:TrackPointExtension>
            <ns3:hr>133</ns3:hr>
            <ns3:cad>87</ns3:cad>
          </ns3:TrackPointExtension>
        </extensions>
      </trkpt>
      <trkpt lat="24.4880112446844577789306640625" lon="118.134073577821254730224609375">
        <ele>20.200000762939453125</ele>
        <time>2025-04-05T12:28:13.000Z</time>
        <extensions>
          <ns3:TrackPointExtension>
            <ns3:hr>133</ns3:hr>
            <ns3:cad>87</ns3:cad>
          </ns3:TrackPointExtension>
        </extensions>
      </trkpt>
      <trkpt lat="24.48801317252218723297119140625" lon="118.1340506114065647125244140625">
        <ele>20.200000762939453125</ele>
        <time>2025-04-05T12:28:14.000Z</time>
        <extensions>
          <ns3:TrackPointExtension>
            <ns3:hr>133</ns3:hr>
            <ns3:cad>87</ns3:cad>
          </ns3:TrackPointExtension>
        </extensions>
      </trkpt>
      <trkpt lat="24.4880152679979801177978515625" lon="118.134027309715747833251953125">
        <ele>20.200000762939453125</ele>
        <time>2025-04-05T12:28:15.000Z</time>
        <extensions>
          <ns3:TrackPointExtension>
            <ns3:hr>133</ns3:hr>
            <ns3:cad>87</ns3:cad>
          </ns3:TrackPointExtension>
        </extensions>
      </trkpt>
      <trkpt lat="24.488019458949565887451171875" lon="118.13399638049304485321044921875">
        <ele>20.200000762939453125</ele>
        <time>2025-04-05T12:28:16.000Z</time>
        <extensions>
          <ns3:TrackPointExtension>
            <ns3:hr>133</ns3:hr>
            <ns3:cad>87</ns3:cad>
          </ns3:TrackPointExtension>
        </extensions>
      </trkpt>
      <trkpt lat="24.48802054859697818756103515625" lon="118.13397609628736972808837890625">
        <ele>20.3999996185302734375</ele>
        <time>2025-04-05T12:28:17.000Z</time>
        <extensions>
          <ns3:TrackPointExtension>
            <ns3:hr>133</ns3:hr>
            <ns3:cad>87</ns3:cad>
          </ns3:TrackPointExtension>
        </extensions>
      </trkpt>
      <trkpt lat="24.4880206324160099029541015625" lon="118.13394315540790557861328125">
        <ele>20.3999996185302734375</ele>
        <time>2025-04-05T12:28:18.000Z</time>
        <extensions>
          <ns3:TrackPointExtension>
            <ns3:hr>133</ns3:hr>
            <ns3:cad>87</ns3:cad>
          </ns3:TrackPointExtension>
        </extensions>
      </trkpt>
      <trkpt lat="24.488023817539215087890625" lon="118.13392094336450099945068359375">
        <ele>20.3999996185302734375</ele>
        <time>2025-04-05T12:28:19.000Z</time>
        <extensions>
          <ns3:TrackPointExtension>
            <ns3:hr>134</ns3:hr>
            <ns3:cad>86</ns3:cad>
          </ns3:TrackPointExtension>
        </extensions>
      </trkpt>
      <trkpt lat="24.48802708648145198822021484375" lon="118.13388624228537082672119140625">
        <ele>20.3999996185302734375</ele>
        <time>2025-04-05T12:28:20.000Z</time>
        <extensions>
          <ns3:TrackPointExtension>
            <ns3:hr>134</ns3:hr>
            <ns3:cad>86</ns3:cad>
          </ns3:TrackPointExtension>
        </extensions>
      </trkpt>
      <trkpt lat="24.4880310259759426116943359375" lon="118.13386260531842708587646484375">
        <ele>20.3999996185302734375</ele>
        <time>2025-04-05T12:28:21.000Z</time>
        <extensions>
          <ns3:TrackPointExtension>
            <ns3:hr>134</ns3:hr>
            <ns3:cad>86</ns3:cad>
          </ns3:TrackPointExtension>
        </extensions>
      </trkpt>
      <trkpt lat="24.48802985250949859619140625" lon="118.1338377110660076141357421875">
        <ele>20.3999996185302734375</ele>
        <time>2025-04-05T12:28:22.000Z</time>
        <extensions>
          <ns3:TrackPointExtension>
            <ns3:hr>134</ns3:hr>
            <ns3:cad>86</ns3:cad>
          </ns3:TrackPointExtension>
        </extensions>
      </trkpt>
      <trkpt lat="24.4880296848714351654052734375" lon="118.13381172716617584228515625">
        <ele>20.3999996185302734375</ele>
        <time>2025-04-05T12:28:23.000Z</time>
        <extensions>
          <ns3:TrackPointExtension>
            <ns3:hr>134</ns3:hr>
            <ns3:cad>86</ns3:cad>
          </ns3:TrackPointExtension>
        </extensions>
      </trkpt>
      <trkpt lat="24.4880249910056591033935546875" lon="118.13379085622727870941162109375">
        <ele>20.3999996185302734375</ele>
        <time>2025-04-05T12:28:24.000Z</time>
        <extensions>
          <ns3:TrackPointExtension>
            <ns3:hr>134</ns3:hr>
            <ns3:cad>86</ns3:cad>
          </ns3:TrackPointExtension>
        </extensions>
      </trkpt>
      <trkpt lat="24.48802792467176914215087890625" lon="118.13375531695783138275146484375">
        <ele>20.3999996185302734375</ele>
        <time>2025-04-05T12:28:25.000Z</time>
        <extensions>
          <ns3:TrackPointExtension>
            <ns3:hr>134</ns3:hr>
            <ns3:cad>86</ns3:cad>
          </ns3:TrackPointExtension>
        </extensions>
      </trkpt>
      <trkpt lat="24.48802976869046688079833984375" lon="118.1337186880409717559814453125">
        <ele>20.3999996185302734375</ele>
        <time>2025-04-05T12:28:26.000Z</time>
        <extensions>
          <ns3:TrackPointExtension>
            <ns3:hr>135</ns3:hr>
            <ns3:cad>87</ns3:cad>
          </ns3:TrackPointExtension>
        </extensions>
      </trkpt>
      <trkpt lat="24.488034211099147796630859375" lon="118.13367786817252635955810546875">
        <ele>20.3999996185302734375</ele>
        <time>2025-04-05T12:28:27.000Z</time>
        <extensions>
          <ns3:TrackPointExtension>
            <ns3:hr>135</ns3:hr>
            <ns3:cad>87</ns3:cad>
          </ns3:TrackPointExtension>
        </extensions>
      </trkpt>
      <trkpt lat="24.48803412728011608123779296875" lon="118.13365138135850429534912109375">
        <ele>20.3999996185302734375</ele>
        <time>2025-04-05T12:28:28.000Z</time>
        <extensions>
          <ns3:TrackPointExtension>
            <ns3:hr>135</ns3:hr>
            <ns3:cad>87</ns3:cad>
          </ns3:TrackPointExtension>
        </extensions>
      </trkpt>
      <trkpt lat="24.48802926577627658843994140625" lon="118.13362724147737026214599609375">
        <ele>20.3999996185302734375</ele>
        <time>2025-04-05T12:28:29.000Z</time>
        <extensions>
          <ns3:TrackPointExtension>
            <ns3:hr>135</ns3:hr>
            <ns3:cad>86</ns3:cad>
          </ns3:TrackPointExtension>
        </extensions>
      </trkpt>
      <trkpt lat="24.48802976869046688079833984375" lon="118.13360176049172878265380859375">
        <ele>20.3999996185302734375</ele>
        <time>2025-04-05T12:28:30.000Z</time>
        <extensions>
          <ns3:TrackPointExtension>
            <ns3:hr>136</ns3:hr>
            <ns3:cad>86</ns3:cad>
          </ns3:TrackPointExtension>
        </extensions>
      </trkpt>
      <trkpt lat="24.48802691884338855743408203125" lon="118.13358382321894168853759765625">
        <ele>20.3999996185302734375</ele>
        <time>2025-04-05T12:28:31.000Z</time>
        <extensions>
          <ns3:TrackPointExtension>
            <ns3:hr>136</ns3:hr>
            <ns3:cad>86</ns3:cad>
          </ns3:TrackPointExtension>
        </extensions>
      </trkpt>
      <trkpt lat="24.48802842758595943450927734375" lon="118.13356035389006137847900390625">
        <ele>20.3999996185302734375</ele>
        <time>2025-04-05T12:28:32.000Z</time>
        <extensions>
          <ns3:TrackPointExtension>
            <ns3:hr>136</ns3:hr>
            <ns3:cad>85</ns3:cad>
          </ns3:TrackPointExtension>
        </extensions>
      </trkpt>
      <trkpt lat="24.48802356608211994171142578125" lon="118.133542500436305999755859375">
        <ele>20.6000003814697265625</ele>
        <time>2025-04-05T12:28:33.000Z</time>
        <extensions>
          <ns3:TrackPointExtension>
            <ns3:hr>136</ns3:hr>
            <ns3:cad>85</ns3:cad>
          </ns3:TrackPointExtension>
        </extensions>
      </trkpt>
      <trkpt lat="24.4880172796547412872314453125" lon="118.1335238926112651824951171875">
        <ele>20.6000003814697265625</ele>
        <time>2025-04-05T12:28:34.000Z</time>
        <extensions>
          <ns3:TrackPointExtension>
            <ns3:hr>136</ns3:hr>
            <ns3:cad>85</ns3:cad>
          </ns3:TrackPointExtension>
        </extensions>
      </trkpt>
      <trkpt lat="24.48801283724606037139892578125" lon="118.13350268639624118804931640625">
        <ele>20.6000003814697265625</ele>
        <time>2025-04-05T12:28:35.000Z</time>
        <extensions>
          <ns3:TrackPointExtension>
            <ns3:hr>136</ns3:hr>
            <ns3:cad>84</ns3:cad>
          </ns3:TrackPointExtension>
        </extensions>
      </trkpt>
      <trkpt lat="24.48800571262836456298828125" lon="118.13348458148539066314697265625">
        <ele>20.6000003814697265625</ele>
        <time>2025-04-05T12:28:36.000Z</time>
        <extensions>
          <ns3:TrackPointExtension>
            <ns3:hr>136</ns3:hr>
            <ns3:cad>83</ns3:cad>
          </ns3:TrackPointExtension>
        </extensions>
      </trkpt>
      <trkpt lat="24.48800378479063510894775390625" lon="118.13346748240292072296142578125">
        <ele>20.799999237060546875</ele>
        <time>2025-04-05T12:28:37.000Z</time>
        <extensions>
          <ns3:TrackPointExtension>
            <ns3:hr>135</ns3:hr>
            <ns3:cad>84</ns3:cad>
          </ns3:TrackPointExtension>
        </extensions>
      </trkpt>
      <trkpt lat="24.48800227604806423187255859375" lon="118.133447282016277313232421875">
        <ele>20.799999237060546875</ele>
        <time>2025-04-05T12:28:38.000Z</time>
        <extensions>
          <ns3:TrackPointExtension>
            <ns3:hr>136</ns3:hr>
            <ns3:cad>84</ns3:cad>
          </ns3:TrackPointExtension>
        </extensions>
      </trkpt>
      <trkpt lat="24.487998671829700469970703125" lon="118.13342456705868244171142578125">
        <ele>20.799999237060546875</ele>
        <time>2025-04-05T12:28:39.000Z</time>
        <extensions>
          <ns3:TrackPointExtension>
            <ns3:hr>136</ns3:hr>
            <ns3:cad>84</ns3:cad>
          </ns3:TrackPointExtension>
        </extensions>
      </trkpt>
      <trkpt lat="24.48799489997327327728271484375" lon="118.13339724205434322357177734375">
        <ele>20.799999237060546875</ele>
        <time>2025-04-05T12:28:40.000Z</time>
        <extensions>
          <ns3:TrackPointExtension>
            <ns3:hr>136</ns3:hr>
            <ns3:cad>84</ns3:cad>
          </ns3:TrackPointExtension>
        </extensions>
      </trkpt>
      <trkpt lat="24.48798618279397487640380859375" lon="118.13337829895317554473876953125">
        <ele>20.799999237060546875</ele>
        <time>2025-04-05T12:28:41.000Z</time>
        <extensions>
          <ns3:TrackPointExtension>
            <ns3:hr>136</ns3:hr>
            <ns3:cad>84</ns3:cad>
          </ns3:TrackPointExtension>
        </extensions>
      </trkpt>
      <trkpt lat="24.48798215948045253753662109375" lon="118.133356757462024688720703125">
        <ele>20.799999237060546875</ele>
        <time>2025-04-05T12:28:42.000Z</time>
        <extensions>
          <ns3:TrackPointExtension>
            <ns3:hr>136</ns3:hr>
            <ns3:cad>84</ns3:cad>
          </ns3:TrackPointExtension>
        </extensions>
      </trkpt>
      <trkpt lat="24.48797964490950107574462890625" lon="118.133344352245330810546875">
        <ele>20.799999237060546875</ele>
        <time>2025-04-05T12:28:43.000Z</time>
        <extensions>
          <ns3:TrackPointExtension>
            <ns3:hr>136</ns3:hr>
            <ns3:cad>84</ns3:cad>
          </ns3:TrackPointExtension>
        </extensions>
      </trkpt>
      <trkpt lat="24.48797595687210559844970703125" lon="118.1333187036216259002685546875">
        <ele>20.799999237060546875</ele>
        <time>2025-04-05T12:28:44.000Z</time>
        <extensions>
          <ns3:TrackPointExtension>
            <ns3:hr>136</ns3:hr>
            <ns3:cad>84</ns3:cad>
          </ns3:TrackPointExtension>
        </extensions>
      </trkpt>
      <trkpt lat="24.48797545395791530609130859375" lon="118.13329934142529964447021484375">
        <ele>20.799999237060546875</ele>
        <time>2025-04-05T12:28:45.000Z</time>
        <extensions>
          <ns3:TrackPointExtension>
            <ns3:hr>136</ns3:hr>
            <ns3:cad>84</ns3:cad>
          </ns3:TrackPointExtension>
        </extensions>
      </trkpt>
      <trkpt lat="24.48797176592051982879638671875" lon="118.1332717649638652801513671875">
        <ele>21</ele>
        <time>2025-04-05T12:28:46.000Z</time>
        <extensions>
          <ns3:TrackPointExtension>
            <ns3:hr>136</ns3:hr>
            <ns3:cad>86</ns3:cad>
          </ns3:TrackPointExtension>
        </extensions>
      </trkpt>
      <trkpt lat="24.4879693351686000823974609375" lon="118.1332385726273059844970703125">
        <ele>21</ele>
        <time>2025-04-05T12:28:47.000Z</time>
        <extensions>
          <ns3:TrackPointExtension>
            <ns3:hr>136</ns3:hr>
            <ns3:cad>86</ns3:cad>
          </ns3:TrackPointExtension>
        </extensions>
      </trkpt>
      <trkpt lat="24.487961120903491973876953125" lon="118.1332174502313137054443359375">
        <ele>21</ele>
        <time>2025-04-05T12:28:48.000Z</time>
        <extensions>
          <ns3:TrackPointExtension>
            <ns3:hr>136</ns3:hr>
            <ns3:cad>85</ns3:cad>
          </ns3:TrackPointExtension>
        </extensions>
      </trkpt>
      <trkpt lat="24.48795533739030361175537109375" lon="118.13319138251245021820068359375">
        <ele>21</ele>
        <time>2025-04-05T12:28:49.000Z</time>
        <extensions>
          <ns3:TrackPointExtension>
            <ns3:hr>135</ns3:hr>
            <ns3:cad>85</ns3:cad>
          </ns3:TrackPointExtension>
        </extensions>
      </trkpt>
      <trkpt lat="24.48794628493487834930419921875" lon="118.1331705115735530853271484375">
        <ele>21</ele>
        <time>2025-04-05T12:28:50.000Z</time>
        <extensions>
          <ns3:TrackPointExtension>
            <ns3:hr>136</ns3:hr>
            <ns3:cad>85</ns3:cad>
          </ns3:TrackPointExtension>
        </extensions>
      </trkpt>
      <trkpt lat="24.4879361428320407867431640625" lon="118.13314712606370449066162109375">
        <ele>21</ele>
        <time>2025-04-05T12:28:51.000Z</time>
        <extensions>
          <ns3:TrackPointExtension>
            <ns3:hr>136</ns3:hr>
            <ns3:cad>85</ns3:cad>
          </ns3:TrackPointExtension>
        </extensions>
      </trkpt>
      <trkpt lat="24.4879341311752796173095703125" lon="118.13312063924968242645263671875">
        <ele>21</ele>
        <time>2025-04-05T12:28:52.000Z</time>
        <extensions>
          <ns3:TrackPointExtension>
            <ns3:hr>136</ns3:hr>
            <ns3:cad>85</ns3:cad>
          </ns3:TrackPointExtension>
        </extensions>
      </trkpt>
      <trkpt lat="24.487928934395313262939453125" lon="118.1330984272062778472900390625">
        <ele>21</ele>
        <time>2025-04-05T12:28:53.000Z</time>
        <extensions>
          <ns3:TrackPointExtension>
            <ns3:hr>136</ns3:hr>
            <ns3:cad>84</ns3:cad>
          </ns3:TrackPointExtension>
        </extensions>
      </trkpt>
      <trkpt lat="24.48792097158730030059814453125" lon="118.13308417797088623046875">
        <ele>21.200000762939453125</ele>
        <time>2025-04-05T12:28:54.000Z</time>
        <extensions>
          <ns3:TrackPointExtension>
            <ns3:hr>136</ns3:hr>
            <ns3:cad>84</ns3:cad>
          </ns3:TrackPointExtension>
        </extensions>
      </trkpt>
      <trkpt lat="24.48791242204606533050537109375" lon="118.13306582160294055938720703125">
        <ele>21.200000762939453125</ele>
        <time>2025-04-05T12:28:55.000Z</time>
        <extensions>
          <ns3:TrackPointExtension>
            <ns3:hr>136</ns3:hr>
            <ns3:cad>83</ns3:cad>
          </ns3:TrackPointExtension>
        </extensions>
      </trkpt>
      <trkpt lat="24.48791510425508022308349609375" lon="118.13304117880761623382568359375">
        <ele>21.200000762939453125</ele>
        <time>2025-04-05T12:28:56.000Z</time>
        <extensions>
          <ns3:TrackPointExtension>
            <ns3:hr>136</ns3:hr>
            <ns3:cad>83</ns3:cad>
          </ns3:TrackPointExtension>
        </extensions>
      </trkpt>
      <trkpt lat="24.4879151880741119384765625" lon="118.133022822439670562744140625">
        <ele>21.3999996185302734375</ele>
        <time>2025-04-05T12:28:57.000Z</time>
        <extensions>
          <ns3:TrackPointExtension>
            <ns3:hr>136</ns3:hr>
            <ns3:cad>82</ns3:cad>
          </ns3:TrackPointExtension>
        </extensions>
      </trkpt>
      <trkpt lat="24.48791359551250934600830078125" lon="118.1329981796443462371826171875">
        <ele>21.3999996185302734375</ele>
        <time>2025-04-05T12:28:58.000Z</time>
        <extensions>
          <ns3:TrackPointExtension>
            <ns3:hr>136</ns3:hr>
            <ns3:cad>82</ns3:cad>
          </ns3:TrackPointExtension>
        </extensions>
      </trkpt>
      <trkpt lat="24.48792080394923686981201171875" lon="118.13297043554484844207763671875">
        <ele>21.3999996185302734375</ele>
        <time>2025-04-05T12:28:59.000Z</time>
        <extensions>
          <ns3:TrackPointExtension>
            <ns3:hr>135</ns3:hr>
            <ns3:cad>82</ns3:cad>
          </ns3:TrackPointExtension>
        </extensions>
      </trkpt>
      <trkpt lat="24.48791963048279285430908203125" lon="118.132952414453029632568359375">
        <ele>21.200000762939453125</ele>
        <time>2025-04-05T12:29:00.000Z</time>
        <extensions>
          <ns3:TrackPointExtension>
            <ns3:hr>136</ns3:hr>
            <ns3:cad>82</ns3:cad>
          </ns3:TrackPointExtension>
        </extensions>
      </trkpt>
      <trkpt lat="24.487930946052074432373046875" lon="118.132923580706119537353515625">
        <ele>21.200000762939453125</ele>
        <time>2025-04-05T12:29:01.000Z</time>
        <extensions>
          <ns3:TrackPointExtension>
            <ns3:hr>136</ns3:hr>
            <ns3:cad>83</ns3:cad>
          </ns3:TrackPointExtension>
        </extensions>
      </trkpt>
      <trkpt lat="24.4879361428320407867431640625" lon="118.132907487452030181884765625">
        <ele>21.200000762939453125</ele>
        <time>2025-04-05T12:29:02.000Z</time>
        <extensions>
          <ns3:TrackPointExtension>
            <ns3:hr>136</ns3:hr>
            <ns3:cad>83</ns3:cad>
          </ns3:TrackPointExtension>
        </extensions>
      </trkpt>
      <trkpt lat="24.4879361428320407867431640625" lon="118.1328865326941013336181640625">
        <ele>21.200000762939453125</ele>
        <time>2025-04-05T12:29:03.000Z</time>
        <extensions>
          <ns3:TrackPointExtension>
            <ns3:hr>136</ns3:hr>
            <ns3:cad>84</ns3:cad>
          </ns3:TrackPointExtension>
        </extensions>
      </trkpt>
      <trkpt lat="24.4879207201302051544189453125" lon="118.13286784105002880096435546875">
        <ele>21.200000762939453125</ele>
        <time>2025-04-05T12:29:04.000Z</time>
        <extensions>
          <ns3:TrackPointExtension>
            <ns3:hr>135</ns3:hr>
            <ns3:cad>85</ns3:cad>
          </ns3:TrackPointExtension>
        </extensions>
      </trkpt>
      <trkpt lat="24.487916529178619384765625" lon="118.1328597106039524078369140625">
        <ele>21</ele>
        <time>2025-04-05T12:29:05.000Z</time>
        <extensions>
          <ns3:TrackPointExtension>
            <ns3:hr>136</ns3:hr>
            <ns3:cad>85</ns3:cad>
          </ns3:TrackPointExtension>
        </extensions>
      </trkpt>
      <trkpt lat="24.4879180379211902618408203125" lon="118.13283808529376983642578125">
        <ele>21</ele>
        <time>2025-04-05T12:29:06.000Z</time>
        <extensions>
          <ns3:TrackPointExtension>
            <ns3:hr>136</ns3:hr>
            <ns3:cad>85</ns3:cad>
          </ns3:TrackPointExtension>
        </extensions>
      </trkpt>
      <trkpt lat="24.48791979812085628509521484375" lon="118.13281662762165069580078125">
        <ele>21</ele>
        <time>2025-04-05T12:29:07.000Z</time>
        <extensions>
          <ns3:TrackPointExtension>
            <ns3:hr>136</ns3:hr>
            <ns3:cad>85</ns3:cad>
          </ns3:TrackPointExtension>
        </extensions>
      </trkpt>
      <trkpt lat="24.48791158385574817657470703125" lon="118.1328000314533710479736328125">
        <ele>21</ele>
        <time>2025-04-05T12:29:08.000Z</time>
        <extensions>
          <ns3:TrackPointExtension>
            <ns3:hr>135</ns3:hr>
            <ns3:cad>84</ns3:cad>
          </ns3:TrackPointExtension>
        </extensions>
      </trkpt>
      <trkpt lat="24.48790739290416240692138671875" lon="118.13277647830545902252197265625">
        <ele>21.200000762939453125</ele>
        <time>2025-04-05T12:29:09.000Z</time>
        <extensions>
          <ns3:TrackPointExtension>
            <ns3:hr>136</ns3:hr>
            <ns3:cad>81</ns3:cad>
          </ns3:TrackPointExtension>
        </extensions>
      </trkpt>
      <trkpt lat="24.48790119029581546783447265625" lon="118.13276105560362339019775390625">
        <ele>21.200000762939453125</ele>
        <time>2025-04-05T12:29:10.000Z</time>
        <extensions>
          <ns3:TrackPointExtension>
            <ns3:hr>136</ns3:hr>
            <ns3:cad>81</ns3:cad>
          </ns3:TrackPointExtension>
        </extensions>
      </trkpt>
      <trkpt lat="24.48790521360933780670166015625" lon="118.1327292881906032562255859375">
        <ele>21.200000762939453125</ele>
        <time>2025-04-05T12:29:11.000Z</time>
        <extensions>
          <ns3:TrackPointExtension>
            <ns3:hr>135</ns3:hr>
            <ns3:cad>83</ns3:cad>
          </ns3:TrackPointExtension>
        </extensions>
      </trkpt>
      <trkpt lat="24.48790387250483036041259765625" lon="118.1327073276042938232421875">
        <ele>21.200000762939453125</ele>
        <time>2025-04-05T12:29:12.000Z</time>
        <extensions>
          <ns3:TrackPointExtension>
            <ns3:hr>136</ns3:hr>
            <ns3:cad>84</ns3:cad>
          </ns3:TrackPointExtension>
        </extensions>
      </trkpt>
      <trkpt lat="24.48789867572486400604248046875" lon="118.1326840259134769439697265625">
        <ele>21.200000762939453125</ele>
        <time>2025-04-05T12:29:13.000Z</time>
        <extensions>
          <ns3:TrackPointExtension>
            <ns3:hr>136</ns3:hr>
            <ns3:cad>84</ns3:cad>
          </ns3:TrackPointExtension>
        </extensions>
      </trkpt>
      <trkpt lat="24.48789834044873714447021484375" lon="118.13265678472816944122314453125">
        <ele>21.200000762939453125</ele>
        <time>2025-04-05T12:29:14.000Z</time>
        <extensions>
          <ns3:TrackPointExtension>
            <ns3:hr>135</ns3:hr>
            <ns3:cad>84</ns3:cad>
          </ns3:TrackPointExtension>
        </extensions>
      </trkpt>
      <trkpt lat="24.4878959096968173980712890625" lon="118.1326367519795894622802734375">
        <ele>21.200000762939453125</ele>
        <time>2025-04-05T12:29:15.000Z</time>
        <extensions>
          <ns3:TrackPointExtension>
            <ns3:hr>135</ns3:hr>
            <ns3:cad>85</ns3:cad>
          </ns3:TrackPointExtension>
        </extensions>
      </trkpt>
      <trkpt lat="24.48789146728813648223876953125" lon="118.1326116062700748443603515625">
        <ele>21.200000762939453125</ele>
        <time>2025-04-05T12:29:16.000Z</time>
        <extensions>
          <ns3:TrackPointExtension>
            <ns3:hr>135</ns3:hr>
            <ns3:cad>85</ns3:cad>
          </ns3:TrackPointExtension>
        </extensions>
      </trkpt>
      <trkpt lat="24.48788962326943874359130859375" lon="118.1325784139335155487060546875">
        <ele>21.200000762939453125</ele>
        <time>2025-04-05T12:29:17.000Z</time>
        <extensions>
          <ns3:TrackPointExtension>
            <ns3:hr>136</ns3:hr>
            <ns3:cad>84</ns3:cad>
          </ns3:TrackPointExtension>
        </extensions>
      </trkpt>
      <trkpt lat="24.487883336842060089111328125" lon="118.1325522623956203460693359375">
        <ele>21.200000762939453125</ele>
        <time>2025-04-05T12:29:18.000Z</time>
        <extensions>
          <ns3:TrackPointExtension>
            <ns3:hr>135</ns3:hr>
            <ns3:cad>84</ns3:cad>
          </ns3:TrackPointExtension>
        </extensions>
      </trkpt>
      <trkpt lat="24.4878811575472354888916015625" lon="118.13251680694520473480224609375">
        <ele>21.200000762939453125</ele>
        <time>2025-04-05T12:29:19.000Z</time>
        <extensions>
          <ns3:TrackPointExtension>
            <ns3:hr>135</ns3:hr>
            <ns3:cad>84</ns3:cad>
          </ns3:TrackPointExtension>
        </extensions>
      </trkpt>
      <trkpt lat="24.4878784753382205963134765625" lon="118.13250239007174968719482421875">
        <ele>21.200000762939453125</ele>
        <time>2025-04-05T12:29:20.000Z</time>
        <extensions>
          <ns3:TrackPointExtension>
            <ns3:hr>135</ns3:hr>
            <ns3:cad>83</ns3:cad>
          </ns3:TrackPointExtension>
        </extensions>
      </trkpt>
      <trkpt lat="24.48787671513855457305908203125" lon="118.13247640617191791534423828125">
        <ele>21.200000762939453125</ele>
        <time>2025-04-05T12:29:21.000Z</time>
        <extensions>
          <ns3:TrackPointExtension>
            <ns3:hr>135</ns3:hr>
            <ns3:cad>83</ns3:cad>
          </ns3:TrackPointExtension>
        </extensions>
      </trkpt>
      <trkpt lat="24.48787202127277851104736328125" lon="118.1324530206620693206787109375">
        <ele>21.200000762939453125</ele>
        <time>2025-04-05T12:29:22.000Z</time>
        <extensions>
          <ns3:TrackPointExtension>
            <ns3:hr>136</ns3:hr>
            <ns3:cad>82</ns3:cad>
          </ns3:TrackPointExtension>
        </extensions>
      </trkpt>
      <trkpt lat="24.48786548338830471038818359375" lon="118.13243684358894824981689453125">
        <ele>21.200000762939453125</ele>
        <time>2025-04-05T12:29:23.000Z</time>
        <extensions>
          <ns3:TrackPointExtension>
            <ns3:hr>135</ns3:hr>
            <ns3:cad>83</ns3:cad>
          </ns3:TrackPointExtension>
        </extensions>
      </trkpt>
      <trkpt lat="24.48786498047411441802978515625" lon="118.1324111111462116241455078125">
        <ele>21.200000762939453125</ele>
        <time>2025-04-05T12:29:24.000Z</time>
        <extensions>
          <ns3:TrackPointExtension>
            <ns3:hr>135</ns3:hr>
            <ns3:cad>83</ns3:cad>
          </ns3:TrackPointExtension>
        </extensions>
      </trkpt>
      <trkpt lat="24.48786648921668529510498046875" lon="118.13239359296858310699462890625">
        <ele>21.200000762939453125</ele>
        <time>2025-04-05T12:29:25.000Z</time>
        <extensions>
          <ns3:TrackPointExtension>
            <ns3:hr>135</ns3:hr>
            <ns3:cad>83</ns3:cad>
          </ns3:TrackPointExtension>
        </extensions>
      </trkpt>
      <trkpt lat="24.48786682449281215667724609375" lon="118.13236274756491184234619140625">
        <ele>21.200000762939453125</ele>
        <time>2025-04-05T12:29:26.000Z</time>
        <extensions>
          <ns3:TrackPointExtension>
            <ns3:hr>135</ns3:hr>
            <ns3:cad>83</ns3:cad>
          </ns3:TrackPointExtension>
        </extensions>
      </trkpt>
      <trkpt lat="24.487867243587970733642578125" lon="118.13233290798962116241455078125">
        <ele>21.200000762939453125</ele>
        <time>2025-04-05T12:29:27.000Z</time>
        <extensions>
          <ns3:TrackPointExtension>
            <ns3:hr>135</ns3:hr>
            <ns3:cad>83</ns3:cad>
          </ns3:TrackPointExtension>
        </extensions>
      </trkpt>
      <trkpt lat="24.487863220274448394775390625" lon="118.13231580890715122222900390625">
        <ele>21.200000762939453125</ele>
        <time>2025-04-05T12:29:28.000Z</time>
        <extensions>
          <ns3:TrackPointExtension>
            <ns3:hr>135</ns3:hr>
            <ns3:cad>85</ns3:cad>
          </ns3:TrackPointExtension>
        </extensions>
      </trkpt>
      <trkpt lat="24.48786246590316295623779296875" lon="118.132283203303813934326171875">
        <ele>21.200000762939453125</ele>
        <time>2025-04-05T12:29:29.000Z</time>
        <extensions>
          <ns3:TrackPointExtension>
            <ns3:hr>135</ns3:hr>
            <ns3:cad>85</ns3:cad>
          </ns3:TrackPointExtension>
        </extensions>
      </trkpt>
      <trkpt lat="24.48786045424640178680419921875" lon="118.13225914724171161651611328125">
        <ele>21.200000762939453125</ele>
        <time>2025-04-05T12:29:30.000Z</time>
        <extensions>
          <ns3:TrackPointExtension>
            <ns3:hr>135</ns3:hr>
            <ns3:cad>85</ns3:cad>
          </ns3:TrackPointExtension>
        </extensions>
      </trkpt>
      <trkpt lat="24.48786028660833835601806640625" lon="118.13221874646842479705810546875">
        <ele>21.200000762939453125</ele>
        <time>2025-04-05T12:29:31.000Z</time>
        <extensions>
          <ns3:TrackPointExtension>
            <ns3:hr>135</ns3:hr>
            <ns3:cad>85</ns3:cad>
          </ns3:TrackPointExtension>
        </extensions>
      </trkpt>
      <trkpt lat="24.48786112479865550994873046875" lon="118.1321941874921321868896484375">
        <ele>21.200000762939453125</ele>
        <time>2025-04-05T12:29:32.000Z</time>
        <extensions>
          <ns3:TrackPointExtension>
            <ns3:hr>135</ns3:hr>
            <ns3:cad>85</ns3:cad>
          </ns3:TrackPointExtension>
        </extensions>
      </trkpt>
      <trkpt lat="24.4878670759499073028564453125" lon="118.13216594047844409942626953125">
        <ele>21</ele>
        <time>2025-04-05T12:29:33.000Z</time>
        <extensions>
          <ns3:TrackPointExtension>
            <ns3:hr>135</ns3:hr>
            <ns3:cad>85</ns3:cad>
          </ns3:TrackPointExtension>
        </extensions>
      </trkpt>
      <trkpt lat="24.48787772096693515777587890625" lon="118.13214196823537349700927734375">
        <ele>21</ele>
        <time>2025-04-05T12:29:34.000Z</time>
        <extensions>
          <ns3:TrackPointExtension>
            <ns3:hr>135</ns3:hr>
            <ns3:cad>84</ns3:cad>
          </ns3:TrackPointExtension>
        </extensions>
      </trkpt>
      <trkpt lat="24.48787688277661800384521484375" lon="118.13212017528712749481201171875">
        <ele>21</ele>
        <time>2025-04-05T12:29:35.000Z</time>
        <extensions>
          <ns3:TrackPointExtension>
            <ns3:hr>135</ns3:hr>
            <ns3:cad>84</ns3:cad>
          </ns3:TrackPointExtension>
        </extensions>
      </trkpt>
      <trkpt lat="24.48788140900433063507080078125" lon="118.13208145089447498321533203125">
        <ele>20.799999237060546875</ele>
        <time>2025-04-05T12:29:36.000Z</time>
        <extensions>
          <ns3:TrackPointExtension>
            <ns3:hr>135</ns3:hr>
            <ns3:cad>84</ns3:cad>
          </ns3:TrackPointExtension>
        </extensions>
      </trkpt>
      <trkpt lat="24.48788291774690151214599609375" lon="118.1320600770413875579833984375">
        <ele>20.799999237060546875</ele>
        <time>2025-04-05T12:29:37.000Z</time>
        <extensions>
          <ns3:TrackPointExtension>
            <ns3:hr>135</ns3:hr>
            <ns3:cad>84</ns3:cad>
          </ns3:TrackPointExtension>
        </extensions>
      </trkpt>
      <trkpt lat="24.4878835044801235198974609375" lon="118.13203065656125545501708984375">
        <ele>20.799999237060546875</ele>
        <time>2025-04-05T12:29:38.000Z</time>
        <extensions>
          <ns3:TrackPointExtension>
            <ns3:hr>134</ns3:hr>
            <ns3:cad>84</ns3:cad>
          </ns3:TrackPointExtension>
        </extensions>
      </trkpt>
      <trkpt lat="24.487886019051074981689453125" lon="118.132008947432041168212890625">
        <ele>20.6000003814697265625</ele>
        <time>2025-04-05T12:29:39.000Z</time>
        <extensions>
          <ns3:TrackPointExtension>
            <ns3:hr>135</ns3:hr>
            <ns3:cad>85</ns3:cad>
          </ns3:TrackPointExtension>
        </extensions>
      </trkpt>
      <trkpt lat="24.48788233101367950439453125" lon="118.13198623247444629669189453125">
        <ele>20.3999996185302734375</ele>
        <time>2025-04-05T12:29:40.000Z</time>
        <extensions>
          <ns3:TrackPointExtension>
            <ns3:hr>135</ns3:hr>
            <ns3:cad>86</ns3:cad>
          </ns3:TrackPointExtension>
        </extensions>
      </trkpt>
      <trkpt lat="24.4878830015659332275390625" lon="118.13195832073688507080078125">
        <ele>20.3999996185302734375</ele>
        <time>2025-04-05T12:29:41.000Z</time>
        <extensions>
          <ns3:TrackPointExtension>
            <ns3:hr>134</ns3:hr>
            <ns3:cad>86</ns3:cad>
          </ns3:TrackPointExtension>
        </extensions>
      </trkpt>
      <trkpt lat="24.48787906207144260406494140625" lon="118.13193552196025848388671875">
        <ele>20.3999996185302734375</ele>
        <time>2025-04-05T12:29:42.000Z</time>
        <extensions>
          <ns3:TrackPointExtension>
            <ns3:hr>134</ns3:hr>
            <ns3:cad>86</ns3:cad>
          </ns3:TrackPointExtension>
        </extensions>
      </trkpt>
      <trkpt lat="24.48787788860499858856201171875" lon="118.1319026648998260498046875">
        <ele>20.3999996185302734375</ele>
        <time>2025-04-05T12:29:43.000Z</time>
        <extensions>
          <ns3:TrackPointExtension>
            <ns3:hr>134</ns3:hr>
            <ns3:cad>86</ns3:cad>
          </ns3:TrackPointExtension>
        </extensions>
      </trkpt>
      <trkpt lat="24.487873613834381103515625" lon="118.13188162632286548614501953125">
        <ele>20.200000762939453125</ele>
        <time>2025-04-05T12:29:44.000Z</time>
        <extensions>
          <ns3:TrackPointExtension>
            <ns3:hr>135</ns3:hr>
            <ns3:cad>86</ns3:cad>
          </ns3:TrackPointExtension>
        </extensions>
      </trkpt>
      <trkpt lat="24.48787235654890537261962890625" lon="118.13184843398630619049072265625">
        <ele>20.200000762939453125</ele>
        <time>2025-04-05T12:29:45.000Z</time>
        <extensions>
          <ns3:TrackPointExtension>
            <ns3:hr>135</ns3:hr>
            <ns3:cad>86</ns3:cad>
          </ns3:TrackPointExtension>
        </extensions>
      </trkpt>
      <trkpt lat="24.487869255244731903076171875" lon="118.131827227771282196044921875">
        <ele>20.200000762939453125</ele>
        <time>2025-04-05T12:29:46.000Z</time>
        <extensions>
          <ns3:TrackPointExtension>
            <ns3:hr>135</ns3:hr>
            <ns3:cad>86</ns3:cad>
          </ns3:TrackPointExtension>
        </extensions>
      </trkpt>
      <trkpt lat="24.48786514811217784881591796875" lon="118.13180233351886272430419921875">
        <ele>20.200000762939453125</ele>
        <time>2025-04-05T12:29:47.000Z</time>
        <extensions>
          <ns3:TrackPointExtension>
            <ns3:hr>135</ns3:hr>
            <ns3:cad>86</ns3:cad>
          </ns3:TrackPointExtension>
        </extensions>
      </trkpt>
      <trkpt lat="24.48786296881735324859619140625" lon="118.131778277456760406494140625">
        <ele>20.200000762939453125</ele>
        <time>2025-04-05T12:29:48.000Z</time>
        <extensions>
          <ns3:TrackPointExtension>
            <ns3:hr>134</ns3:hr>
            <ns3:cad>86</ns3:cad>
          </ns3:TrackPointExtension>
        </extensions>
      </trkpt>
      <trkpt lat="24.48786112479865550994873046875" lon="118.1317573226988315582275390625">
        <ele>20.200000762939453125</ele>
        <time>2025-04-05T12:29:49.000Z</time>
        <extensions>
          <ns3:TrackPointExtension>
            <ns3:hr>135</ns3:hr>
            <ns3:cad>86</ns3:cad>
          </ns3:TrackPointExtension>
        </extensions>
      </trkpt>
      <trkpt lat="24.48786028660833835601806640625" lon="118.13172806985676288604736328125">
        <ele>20.200000762939453125</ele>
        <time>2025-04-05T12:29:50.000Z</time>
        <extensions>
          <ns3:TrackPointExtension>
            <ns3:hr>135</ns3:hr>
            <ns3:cad>86</ns3:cad>
          </ns3:TrackPointExtension>
        </extensions>
      </trkpt>
      <trkpt lat="24.48785609565675258636474609375" lon="118.131708204746246337890625">
        <ele>20.200000762939453125</ele>
        <time>2025-04-05T12:29:51.000Z</time>
        <extensions>
          <ns3:TrackPointExtension>
            <ns3:hr>135</ns3:hr>
            <ns3:cad>86</ns3:cad>
          </ns3:TrackPointExtension>
        </extensions>
      </trkpt>
      <trkpt lat="24.4878570176661014556884765625" lon="118.131677694618701934814453125">
        <ele>20</ele>
        <time>2025-04-05T12:29:52.000Z</time>
        <extensions>
          <ns3:TrackPointExtension>
            <ns3:hr>135</ns3:hr>
            <ns3:cad>86</ns3:cad>
          </ns3:TrackPointExtension>
        </extensions>
      </trkpt>
      <trkpt lat="24.4878516532480716705322265625" lon="118.13165732659399509429931640625">
        <ele>20</ele>
        <time>2025-04-05T12:29:53.000Z</time>
        <extensions>
          <ns3:TrackPointExtension>
            <ns3:hr>135</ns3:hr>
            <ns3:cad>86</ns3:cad>
          </ns3:TrackPointExtension>
        </extensions>
      </trkpt>
      <trkpt lat="24.4878508150577545166015625" lon="118.13162530772387981414794921875">
        <ele>20</ele>
        <time>2025-04-05T12:29:54.000Z</time>
        <extensions>
          <ns3:TrackPointExtension>
            <ns3:hr>135</ns3:hr>
            <ns3:cad>86</ns3:cad>
          </ns3:TrackPointExtension>
        </extensions>
      </trkpt>
      <trkpt lat="24.4878466241061687469482421875" lon="118.1316084600985050201416015625">
        <ele>20</ele>
        <time>2025-04-05T12:29:55.000Z</time>
        <extensions>
          <ns3:TrackPointExtension>
            <ns3:hr>135</ns3:hr>
            <ns3:cad>86</ns3:cad>
          </ns3:TrackPointExtension>
        </extensions>
      </trkpt>
      <trkpt lat="24.48784620501101016998291015625" lon="118.131585158407688140869140625">
        <ele>19.799999237060546875</ele>
        <time>2025-04-05T12:29:56.000Z</time>
        <extensions>
          <ns3:TrackPointExtension>
            <ns3:hr>135</ns3:hr>
            <ns3:cad>86</ns3:cad>
          </ns3:TrackPointExtension>
        </extensions>
      </trkpt>
      <trkpt lat="24.4878454506397247314453125" lon="118.13155942596495151519775390625">
        <ele>19.799999237060546875</ele>
        <time>2025-04-05T12:29:57.000Z</time>
        <extensions>
          <ns3:TrackPointExtension>
            <ns3:hr>135</ns3:hr>
            <ns3:cad>86</ns3:cad>
          </ns3:TrackPointExtension>
        </extensions>
      </trkpt>
      <trkpt lat="24.4878385774791240692138671875" lon="118.13153344206511974334716796875">
        <ele>19.799999237060546875</ele>
        <time>2025-04-05T12:29:58.000Z</time>
        <extensions>
          <ns3:TrackPointExtension>
            <ns3:hr>135</ns3:hr>
            <ns3:cad>86</ns3:cad>
          </ns3:TrackPointExtension>
        </extensions>
      </trkpt>
      <trkpt lat="24.4878298602998256683349609375" lon="118.13150678761303424835205078125">
        <ele>19.799999237060546875</ele>
        <time>2025-04-05T12:29:59.000Z</time>
        <extensions>
          <ns3:TrackPointExtension>
            <ns3:hr>135</ns3:hr>
            <ns3:cad>86</ns3:cad>
          </ns3:TrackPointExtension>
        </extensions>
      </trkpt>
      <trkpt lat="24.48782307095825672149658203125" lon="118.13147879205644130706787109375">
        <ele>19.799999237060546875</ele>
        <time>2025-04-05T12:30:00.000Z</time>
        <extensions>
          <ns3:TrackPointExtension>
            <ns3:hr>135</ns3:hr>
            <ns3:cad>86</ns3:cad>
          </ns3:TrackPointExtension>
        </extensions>
      </trkpt>
      <trkpt lat="24.48781854473054409027099609375" lon="118.1314481981098651885986328125">
        <ele>19.6000003814697265625</ele>
        <time>2025-04-05T12:30:01.000Z</time>
        <extensions>
          <ns3:TrackPointExtension>
            <ns3:hr>135</ns3:hr>
            <ns3:cad>86</ns3:cad>
          </ns3:TrackPointExtension>
        </extensions>
      </trkpt>
      <trkpt lat="24.48781435377895832061767578125" lon="118.131418861448764801025390625">
        <ele>19.6000003814697265625</ele>
        <time>2025-04-05T12:30:02.000Z</time>
        <extensions>
          <ns3:TrackPointExtension>
            <ns3:hr>135</ns3:hr>
            <ns3:cad>86</ns3:cad>
          </ns3:TrackPointExtension>
        </extensions>
      </trkpt>
      <trkpt lat="24.48781259357929229736328125" lon="118.13139581121504306793212890625">
        <ele>19.6000003814697265625</ele>
        <time>2025-04-05T12:30:03.000Z</time>
        <extensions>
          <ns3:TrackPointExtension>
            <ns3:hr>135</ns3:hr>
            <ns3:cad>86</ns3:cad>
          </ns3:TrackPointExtension>
        </extensions>
      </trkpt>
      <trkpt lat="24.4878110848367214202880859375" lon="118.131371252238750457763671875">
        <ele>19.3999996185302734375</ele>
        <time>2025-04-05T12:30:04.000Z</time>
        <extensions>
          <ns3:TrackPointExtension>
            <ns3:hr>135</ns3:hr>
            <ns3:cad>86</ns3:cad>
          </ns3:TrackPointExtension>
        </extensions>
      </trkpt>
      <trkpt lat="24.48780681006610393524169921875" lon="118.1313516385853290557861328125">
        <ele>19.3999996185302734375</ele>
        <time>2025-04-05T12:30:05.000Z</time>
        <extensions>
          <ns3:TrackPointExtension>
            <ns3:hr>135</ns3:hr>
            <ns3:cad>86</ns3:cad>
          </ns3:TrackPointExtension>
        </extensions>
      </trkpt>
      <trkpt lat="24.48779742233455181121826171875" lon="118.131324984133243560791015625">
        <ele>19.3999996185302734375</ele>
        <time>2025-04-05T12:30:06.000Z</time>
        <extensions>
          <ns3:TrackPointExtension>
            <ns3:hr>135</ns3:hr>
            <ns3:cad>86</ns3:cad>
          </ns3:TrackPointExtension>
        </extensions>
      </trkpt>
      <trkpt lat="24.48778971098363399505615234375" lon="118.1313053704798221588134765625">
        <ele>19.3999996185302734375</ele>
        <time>2025-04-05T12:30:07.000Z</time>
        <extensions>
          <ns3:TrackPointExtension>
            <ns3:hr>135</ns3:hr>
            <ns3:cad>86</ns3:cad>
          </ns3:TrackPointExtension>
        </extensions>
      </trkpt>
      <trkpt lat="24.48778350837528705596923828125" lon="118.1312755309045314788818359375">
        <ele>19.3999996185302734375</ele>
        <time>2025-04-05T12:30:08.000Z</time>
        <extensions>
          <ns3:TrackPointExtension>
            <ns3:hr>135</ns3:hr>
            <ns3:cad>86</ns3:cad>
          </ns3:TrackPointExtension>
        </extensions>
      </trkpt>
      <trkpt lat="24.487784095108509063720703125" lon="118.13125021755695343017578125">
        <ele>19.200000762939453125</ele>
        <time>2025-04-05T12:30:09.000Z</time>
        <extensions>
          <ns3:TrackPointExtension>
            <ns3:hr>135</ns3:hr>
            <ns3:cad>86</ns3:cad>
          </ns3:TrackPointExtension>
        </extensions>
      </trkpt>
      <trkpt lat="24.4877795688807964324951171875" lon="118.1312249042093753814697265625">
        <ele>19.200000762939453125</ele>
        <time>2025-04-05T12:30:10.000Z</time>
        <extensions>
          <ns3:TrackPointExtension>
            <ns3:hr>135</ns3:hr>
            <ns3:cad>86</ns3:cad>
          </ns3:TrackPointExtension>
        </extensions>
      </trkpt>
      <trkpt lat="24.487773366272449493408203125" lon="118.1311984173953533172607421875">
        <ele>19.200000762939453125</ele>
        <time>2025-04-05T12:30:11.000Z</time>
        <extensions>
          <ns3:TrackPointExtension>
            <ns3:hr>135</ns3:hr>
            <ns3:cad>85</ns3:cad>
          </ns3:TrackPointExtension>
        </extensions>
      </trkpt>
      <trkpt lat="24.4877728633582592010498046875" lon="118.1311746127903461456298828125">
        <ele>19.200000762939453125</ele>
        <time>2025-04-05T12:30:12.000Z</time>
        <extensions>
          <ns3:TrackPointExtension>
            <ns3:hr>135</ns3:hr>
            <ns3:cad>86</ns3:cad>
          </ns3:TrackPointExtension>
        </extensions>
      </trkpt>
      <trkpt lat="24.48777101933956146240234375" lon="118.131140582263469696044921875">
        <ele>19.200000762939453125</ele>
        <time>2025-04-05T12:30:13.000Z</time>
        <extensions>
          <ns3:TrackPointExtension>
            <ns3:hr>135</ns3:hr>
            <ns3:cad>86</ns3:cad>
          </ns3:TrackPointExtension>
        </extensions>
      </trkpt>
      <trkpt lat="24.48776506818830966949462890625" lon="118.1311199627816677093505859375">
        <ele>19.200000762939453125</ele>
        <time>2025-04-05T12:30:14.000Z</time>
        <extensions>
          <ns3:TrackPointExtension>
            <ns3:hr>136</ns3:hr>
            <ns3:cad>86</ns3:cad>
          </ns3:TrackPointExtension>
        </extensions>
      </trkpt>
      <trkpt lat="24.48775702156126499176025390625" lon="118.13111132942140102386474609375">
        <ele>19.200000762939453125</ele>
        <time>2025-04-05T12:30:15.000Z</time>
        <extensions>
          <ns3:TrackPointExtension>
            <ns3:hr>136</ns3:hr>
            <ns3:cad>86</ns3:cad>
          </ns3:TrackPointExtension>
        </extensions>
      </trkpt>
      <trkpt lat="24.4877514056861400604248046875" lon="118.13109473325312137603759765625">
        <ele>19.200000762939453125</ele>
        <time>2025-04-05T12:30:16.000Z</time>
        <extensions>
          <ns3:TrackPointExtension>
            <ns3:hr>136</ns3:hr>
            <ns3:cad>86</ns3:cad>
          </ns3:TrackPointExtension>
        </extensions>
      </trkpt>
      <trkpt lat="24.4877493940293788909912109375" lon="118.13107595779001712799072265625">
        <ele>19.200000762939453125</ele>
        <time>2025-04-05T12:30:17.000Z</time>
        <extensions>
          <ns3:TrackPointExtension>
            <ns3:hr>136</ns3:hr>
            <ns3:cad>86</ns3:cad>
          </ns3:TrackPointExtension>
        </extensions>
      </trkpt>
      <trkpt lat="24.487744532525539398193359375" lon="118.13105014152824878692626953125">
        <ele>19.200000762939453125</ele>
        <time>2025-04-05T12:30:18.000Z</time>
        <extensions>
          <ns3:TrackPointExtension>
            <ns3:hr>136</ns3:hr>
            <ns3:cad>85</ns3:cad>
          </ns3:TrackPointExtension>
        </extensions>
      </trkpt>
      <trkpt lat="24.48774285614490509033203125" lon="118.13101376406848430633544921875">
        <ele>19.200000762939453125</ele>
        <time>2025-04-05T12:30:19.000Z</time>
        <extensions>
          <ns3:TrackPointExtension>
            <ns3:hr>135</ns3:hr>
            <ns3:cad>83</ns3:cad>
          </ns3:TrackPointExtension>
        </extensions>
      </trkpt>
      <trkpt lat="24.48773656971752643585205078125" lon="118.13099046237766742706298828125">
        <ele>19.200000762939453125</ele>
        <time>2025-04-05T12:30:20.000Z</time>
        <extensions>
          <ns3:TrackPointExtension>
            <ns3:hr>136</ns3:hr>
            <ns3:cad>83</ns3:cad>
          </ns3:TrackPointExtension>
        </extensions>
      </trkpt>
      <trkpt lat="24.48773103766143321990966796875" lon="118.1309483014047145843505859375">
        <ele>19.200000762939453125</ele>
        <time>2025-04-05T12:30:21.000Z</time>
        <extensions>
          <ns3:TrackPointExtension>
            <ns3:hr>136</ns3:hr>
            <ns3:cad>79</ns3:cad>
          </ns3:TrackPointExtension>
        </extensions>
      </trkpt>
      <trkpt lat="24.4877333007752895355224609375" lon="118.13092843629419803619384765625">
        <ele>19.200000762939453125</ele>
        <time>2025-04-05T12:30:22.000Z</time>
        <extensions>
          <ns3:TrackPointExtension>
            <ns3:hr>136</ns3:hr>
            <ns3:cad>83</ns3:cad>
          </ns3:TrackPointExtension>
        </extensions>
      </trkpt>
      <trkpt lat="24.48772818781435489654541015625" lon="118.1309043802320957183837890625">
        <ele>19.200000762939453125</ele>
        <time>2025-04-05T12:30:23.000Z</time>
        <extensions>
          <ns3:TrackPointExtension>
            <ns3:hr>136</ns3:hr>
            <ns3:cad>83</ns3:cad>
          </ns3:TrackPointExtension>
        </extensions>
      </trkpt>
      <trkpt lat="24.4877262599766254425048828125" lon="118.13087361864745616912841796875">
        <ele>19.200000762939453125</ele>
        <time>2025-04-05T12:30:24.000Z</time>
        <extensions>
          <ns3:TrackPointExtension>
            <ns3:hr>136</ns3:hr>
            <ns3:cad>83</ns3:cad>
          </ns3:TrackPointExtension>
        </extensions>
      </trkpt>
      <trkpt lat="24.48772567324340343475341796875" lon="118.13085048459470272064208984375">
        <ele>19</ele>
        <time>2025-04-05T12:30:25.000Z</time>
        <extensions>
          <ns3:TrackPointExtension>
            <ns3:hr>135</ns3:hr>
            <ns3:cad>83</ns3:cad>
          </ns3:TrackPointExtension>
        </extensions>
      </trkpt>
      <trkpt lat="24.48772500269114971160888671875" lon="118.13081712462007999420166015625">
        <ele>19</ele>
        <time>2025-04-05T12:30:26.000Z</time>
        <extensions>
          <ns3:TrackPointExtension>
            <ns3:hr>136</ns3:hr>
            <ns3:cad>83</ns3:cad>
          </ns3:TrackPointExtension>
        </extensions>
      </trkpt>
      <trkpt lat="24.48772282339632511138916015625" lon="118.1307949125766754150390625">
        <ele>19</ele>
        <time>2025-04-05T12:30:27.000Z</time>
        <extensions>
          <ns3:TrackPointExtension>
            <ns3:hr>136</ns3:hr>
            <ns3:cad>84</ns3:cad>
          </ns3:TrackPointExtension>
        </extensions>
      </trkpt>
      <trkpt lat="24.48771812953054904937744140625" lon="118.13077236525714397430419921875">
        <ele>19</ele>
        <time>2025-04-05T12:30:28.000Z</time>
        <extensions>
          <ns3:TrackPointExtension>
            <ns3:hr>136</ns3:hr>
            <ns3:cad>84</ns3:cad>
          </ns3:TrackPointExtension>
        </extensions>
      </trkpt>
      <trkpt lat="24.48771326802670955657958984375" lon="118.13075090758502483367919921875">
        <ele>19</ele>
        <time>2025-04-05T12:30:29.000Z</time>
        <extensions>
          <ns3:TrackPointExtension>
            <ns3:hr>135</ns3:hr>
            <ns3:cad>83</ns3:cad>
          </ns3:TrackPointExtension>
        </extensions>
      </trkpt>
      <trkpt lat="24.48770907707512378692626953125" lon="118.13073531724512577056884765625">
        <ele>19</ele>
        <time>2025-04-05T12:30:30.000Z</time>
        <extensions>
          <ns3:TrackPointExtension>
            <ns3:hr>135</ns3:hr>
            <ns3:cad>83</ns3:cad>
          </ns3:TrackPointExtension>
        </extensions>
      </trkpt>
      <trkpt lat="24.48769918642938137054443359375" lon="118.130707405507564544677734375">
        <ele>18.799999237060546875</ele>
        <time>2025-04-05T12:30:31.000Z</time>
        <extensions>
          <ns3:TrackPointExtension>
            <ns3:hr>135</ns3:hr>
            <ns3:cad>83</ns3:cad>
          </ns3:TrackPointExtension>
        </extensions>
      </trkpt>
      <trkpt lat="24.48769323527812957763671875" lon="118.1306955032050609588623046875">
        <ele>18.799999237060546875</ele>
        <time>2025-04-05T12:30:32.000Z</time>
        <extensions>
          <ns3:TrackPointExtension>
            <ns3:hr>135</ns3:hr>
            <ns3:cad>84</ns3:cad>
          </ns3:TrackPointExtension>
        </extensions>
      </trkpt>
      <trkpt lat="24.4876818358898162841796875" lon="118.13067278824746608734130859375">
        <ele>18.799999237060546875</ele>
        <time>2025-04-05T12:30:33.000Z</time>
        <extensions>
          <ns3:TrackPointExtension>
            <ns3:hr>135</ns3:hr>
            <ns3:cad>84</ns3:cad>
          </ns3:TrackPointExtension>
        </extensions>
      </trkpt>
      <trkpt lat="24.48767848312854766845703125" lon="118.13065418042242527008056640625">
        <ele>18.799999237060546875</ele>
        <time>2025-04-05T12:30:34.000Z</time>
        <extensions>
          <ns3:TrackPointExtension>
            <ns3:hr>135</ns3:hr>
            <ns3:cad>84</ns3:cad>
          </ns3:TrackPointExtension>
        </extensions>
      </trkpt>
      <trkpt lat="24.48767001740634441375732421875" lon="118.13064579851925373077392578125">
        <ele>18.799999237060546875</ele>
        <time>2025-04-05T12:30:35.000Z</time>
        <extensions>
          <ns3:TrackPointExtension>
            <ns3:hr>134</ns3:hr>
            <ns3:cad>84</ns3:cad>
          </ns3:TrackPointExtension>
        </extensions>
      </trkpt>
      <trkpt lat="24.487660713493824005126953125" lon="118.1306361593306064605712890625">
        <ele>18.6000003814697265625</ele>
        <time>2025-04-05T12:30:36.000Z</time>
        <extensions>
          <ns3:TrackPointExtension>
            <ns3:hr>135</ns3:hr>
            <ns3:cad>84</ns3:cad>
          </ns3:TrackPointExtension>
        </extensions>
      </trkpt>
      <trkpt lat="24.48765392415225505828857421875" lon="118.13063574023544788360595703125">
        <ele>18.6000003814697265625</ele>
        <time>2025-04-05T12:30:37.000Z</time>
        <extensions>
          <ns3:TrackPointExtension>
            <ns3:hr>135</ns3:hr>
            <ns3:cad>84</ns3:cad>
          </ns3:TrackPointExtension>
        </extensions>
      </trkpt>
      <trkpt lat="24.487645961344242095947265625" lon="118.1306234188377857208251953125">
        <ele>18.6000003814697265625</ele>
        <time>2025-04-05T12:30:38.000Z</time>
        <extensions>
          <ns3:TrackPointExtension>
            <ns3:hr>134</ns3:hr>
            <ns3:cad>85</ns3:cad>
          </ns3:TrackPointExtension>
        </extensions>
      </trkpt>
      <trkpt lat="24.48764101602137088775634765625" lon="118.1306133605539798736572265625">
        <ele>18.6000003814697265625</ele>
        <time>2025-04-05T12:30:39.000Z</time>
        <extensions>
          <ns3:TrackPointExtension>
            <ns3:hr>135</ns3:hr>
            <ns3:cad>86</ns3:cad>
          </ns3:TrackPointExtension>
        </extensions>
      </trkpt>
      <trkpt lat="24.48763414286077022552490234375" lon="118.130603469908237457275390625">
        <ele>18.799999237060546875</ele>
        <time>2025-04-05T12:30:40.000Z</time>
        <extensions>
          <ns3:TrackPointExtension>
            <ns3:hr>134</ns3:hr>
            <ns3:cad>86</ns3:cad>
          </ns3:TrackPointExtension>
        </extensions>
      </trkpt>
      <trkpt lat="24.487619139254093170166015625" lon="118.13058561645448207855224609375">
        <ele>18.799999237060546875</ele>
        <time>2025-04-05T12:30:41.000Z</time>
        <extensions>
          <ns3:TrackPointExtension>
            <ns3:hr>134</ns3:hr>
            <ns3:cad>86</ns3:cad>
          </ns3:TrackPointExtension>
        </extensions>
      </trkpt>
      <trkpt lat="24.48760866187512874603271484375" lon="118.13057421706616878509521484375">
        <ele>18.799999237060546875</ele>
        <time>2025-04-05T12:30:42.000Z</time>
        <extensions>
          <ns3:TrackPointExtension>
            <ns3:hr>134</ns3:hr>
            <ns3:cad>85</ns3:cad>
          </ns3:TrackPointExtension>
        </extensions>
      </trkpt>
      <trkpt lat="24.487589634954929351806640625" lon="118.130551837384700775146484375">
        <ele>18.799999237060546875</ele>
        <time>2025-04-05T12:30:43.000Z</time>
        <extensions>
          <ns3:TrackPointExtension>
            <ns3:hr>134</ns3:hr>
            <ns3:cad>85</ns3:cad>
          </ns3:TrackPointExtension>
        </extensions>
      </trkpt>
      <trkpt lat="24.4875799119472503662109375" lon="118.1305320560932159423828125">
        <ele>19</ele>
        <time>2025-04-05T12:30:44.000Z</time>
        <extensions>
          <ns3:TrackPointExtension>
            <ns3:hr>134</ns3:hr>
            <ns3:cad>84</ns3:cad>
          </ns3:TrackPointExtension>
        </extensions>
      </trkpt>
      <trkpt lat="24.48757119476795196533203125" lon="118.13051755540072917938232421875">
        <ele>19</ele>
        <time>2025-04-05T12:30:45.000Z</time>
        <extensions>
          <ns3:TrackPointExtension>
            <ns3:hr>134</ns3:hr>
            <ns3:cad>83</ns3:cad>
          </ns3:TrackPointExtension>
        </extensions>
      </trkpt>
      <trkpt lat="24.487554766237735748291015625" lon="118.1304883025586605072021484375">
        <ele>19.200000762939453125</ele>
        <time>2025-04-05T12:30:46.000Z</time>
        <extensions>
          <ns3:TrackPointExtension>
            <ns3:hr>134</ns3:hr>
            <ns3:cad>83</ns3:cad>
          </ns3:TrackPointExtension>
        </extensions>
      </trkpt>
      <trkpt lat="24.48753607459366321563720703125" lon="118.1304584629833698272705078125">
        <ele>19.200000762939453125</ele>
        <time>2025-04-05T12:30:47.000Z</time>
        <extensions>
          <ns3:TrackPointExtension>
            <ns3:hr>134</ns3:hr>
            <ns3:cad>83</ns3:cad>
          </ns3:TrackPointExtension>
        </extensions>
      </trkpt>
      <trkpt lat="24.48751796968281269073486328125" lon="118.13043356873095035552978515625">
        <ele>19.200000762939453125</ele>
        <time>2025-04-05T12:30:48.000Z</time>
        <extensions>
          <ns3:TrackPointExtension>
            <ns3:hr>133</ns3:hr>
            <ns3:cad>83</ns3:cad>
          </ns3:TrackPointExtension>
        </extensions>
      </trkpt>
      <trkpt lat="24.48750145733356475830078125" lon="118.13040792010724544525146484375">
        <ele>19.200000762939453125</ele>
        <time>2025-04-05T12:30:49.000Z</time>
        <extensions>
          <ns3:TrackPointExtension>
            <ns3:hr>132</ns3:hr>
            <ns3:cad>83</ns3:cad>
          </ns3:TrackPointExtension>
        </extensions>
      </trkpt>
      <trkpt lat="24.48748670518398284912109375" lon="118.130388222634792327880859375">
        <ele>19.200000762939453125</ele>
        <time>2025-04-05T12:30:50.000Z</time>
        <extensions>
          <ns3:TrackPointExtension>
            <ns3:hr>132</ns3:hr>
            <ns3:cad>83</ns3:cad>
          </ns3:TrackPointExtension>
        </extensions>
      </trkpt>
      <trkpt lat="24.487470947206020355224609375" lon="118.13035846687853336334228515625">
        <ele>19.200000762939453125</ele>
        <time>2025-04-05T12:30:51.000Z</time>
        <extensions>
          <ns3:TrackPointExtension>
            <ns3:hr>132</ns3:hr>
            <ns3:cad>83</ns3:cad>
          </ns3:TrackPointExtension>
        </extensions>
      </trkpt>
      <trkpt lat="24.48745611123740673065185546875" lon="118.1303469836711883544921875">
        <ele>19.200000762939453125</ele>
        <time>2025-04-05T12:30:52.000Z</time>
        <extensions>
          <ns3:TrackPointExtension>
            <ns3:hr>132</ns3:hr>
            <ns3:cad>83</ns3:cad>
          </ns3:TrackPointExtension>
        </extensions>
      </trkpt>
      <trkpt lat="24.48744085617363452911376953125" lon="118.1303317286074161529541015625">
        <ele>19.200000762939453125</ele>
        <time>2025-04-05T12:30:53.000Z</time>
        <extensions>
          <ns3:TrackPointExtension>
            <ns3:hr>133</ns3:hr>
            <ns3:cad>84</ns3:cad>
          </ns3:TrackPointExtension>
        </extensions>
      </trkpt>
      <trkpt lat="24.48742677457630634307861328125" lon="118.13031203113496303558349609375">
        <ele>19.200000762939453125</ele>
        <time>2025-04-05T12:30:54.000Z</time>
        <extensions>
          <ns3:TrackPointExtension>
            <ns3:hr>133</ns3:hr>
            <ns3:cad>84</ns3:cad>
          </ns3:TrackPointExtension>
        </extensions>
      </trkpt>
      <trkpt lat="24.48742241598665714263916015625" lon="118.1302941776812076568603515625">
        <ele>19.200000762939453125</ele>
        <time>2025-04-05T12:30:55.000Z</time>
        <extensions>
          <ns3:TrackPointExtension>
            <ns3:hr>133</ns3:hr>
            <ns3:cad>84</ns3:cad>
          </ns3:TrackPointExtension>
        </extensions>
      </trkpt>
      <trkpt lat="24.48742610402405261993408203125" lon="118.13028235919773578643798828125">
        <ele>19.3999996185302734375</ele>
        <time>2025-04-05T12:30:56.000Z</time>
        <extensions>
          <ns3:TrackPointExtension>
            <ns3:hr>133</ns3:hr>
            <ns3:cad>84</ns3:cad>
          </ns3:TrackPointExtension>
        </extensions>
      </trkpt>
      <trkpt lat="24.48742962442338466644287109375" lon="118.13026626594364643096923828125">
        <ele>19.3999996185302734375</ele>
        <time>2025-04-05T12:30:57.000Z</time>
        <extensions>
          <ns3:TrackPointExtension>
            <ns3:hr>133</ns3:hr>
            <ns3:cad>83</ns3:cad>
          </ns3:TrackPointExtension>
        </extensions>
      </trkpt>
      <trkpt lat="24.48743314482271671295166015625" lon="118.1302619911730289459228515625">
        <ele>19.6000003814697265625</ele>
        <time>2025-04-05T12:30:58.000Z</time>
        <extensions>
          <ns3:TrackPointExtension>
            <ns3:hr>133</ns3:hr>
            <ns3:cad>83</ns3:cad>
          </ns3:TrackPointExtension>
        </extensions>
      </trkpt>
      <trkpt lat="24.48743079788982868194580078125" lon="118.13025805167853832244873046875">
        <ele>19.6000003814697265625</ele>
        <time>2025-04-05T12:30:59.000Z</time>
        <extensions>
          <ns3:TrackPointExtension>
            <ns3:hr>133</ns3:hr>
            <ns3:cad>83</ns3:cad>
          </ns3:TrackPointExtension>
        </extensions>
      </trkpt>
      <trkpt lat="24.487425349652767181396484375" lon="118.130248077213764190673828125">
        <ele>19.799999237060546875</ele>
        <time>2025-04-05T12:31:00.000Z</time>
        <extensions>
          <ns3:TrackPointExtension>
            <ns3:hr>133</ns3:hr>
            <ns3:cad>83</ns3:cad>
          </ns3:TrackPointExtension>
        </extensions>
      </trkpt>
      <trkpt lat="24.48742308653891086578369140625" lon="118.13024036586284637451171875">
        <ele>19.799999237060546875</ele>
        <time>2025-04-05T12:31:01.000Z</time>
        <extensions>
          <ns3:TrackPointExtension>
            <ns3:hr>134</ns3:hr>
            <ns3:cad>83</ns3:cad>
          </ns3:TrackPointExtension>
        </extensions>
      </trkpt>
      <trkpt lat="24.4874162971973419189453125" lon="118.13022854737937450408935546875">
        <ele>19.799999237060546875</ele>
        <time>2025-04-05T12:31:02.000Z</time>
        <extensions>
          <ns3:TrackPointExtension>
            <ns3:hr>133</ns3:hr>
            <ns3:cad>83</ns3:cad>
          </ns3:TrackPointExtension>
        </extensions>
      </trkpt>
      <trkpt lat="24.48740984313189983367919921875" lon="118.130217231810092926025390625">
        <ele>20</ele>
        <time>2025-04-05T12:31:03.000Z</time>
        <extensions>
          <ns3:TrackPointExtension>
            <ns3:hr>133</ns3:hr>
            <ns3:cad>83</ns3:cad>
          </ns3:TrackPointExtension>
        </extensions>
      </trkpt>
      <trkpt lat="24.4874043948948383331298828125" lon="118.13020172528922557830810546875">
        <ele>20</ele>
        <time>2025-04-05T12:31:04.000Z</time>
        <extensions>
          <ns3:TrackPointExtension>
            <ns3:hr>133</ns3:hr>
            <ns3:cad>83</ns3:cad>
          </ns3:TrackPointExtension>
        </extensions>
      </trkpt>
      <trkpt lat="24.48739710263907909393310546875" lon="118.13018940389156341552734375">
        <ele>20</ele>
        <time>2025-04-05T12:31:05.000Z</time>
        <extensions>
          <ns3:TrackPointExtension>
            <ns3:hr>133</ns3:hr>
            <ns3:cad>83</ns3:cad>
          </ns3:TrackPointExtension>
        </extensions>
      </trkpt>
      <trkpt lat="24.48739090003073215484619140625" lon="118.13017942942678928375244140625">
        <ele>20</ele>
        <time>2025-04-05T12:31:06.000Z</time>
        <extensions>
          <ns3:TrackPointExtension>
            <ns3:hr>133</ns3:hr>
            <ns3:cad>83</ns3:cad>
          </ns3:TrackPointExtension>
        </extensions>
      </trkpt>
      <trkpt lat="24.48738419450819492340087890625" lon="118.1301701255142688751220703125">
        <ele>20.200000762939453125</ele>
        <time>2025-04-05T12:31:07.000Z</time>
        <extensions>
          <ns3:TrackPointExtension>
            <ns3:hr>132</ns3:hr>
            <ns3:cad>83</ns3:cad>
          </ns3:TrackPointExtension>
        </extensions>
      </trkpt>
      <trkpt lat="24.487378410995006561279296875" lon="118.130161575973033905029296875">
        <ele>20.200000762939453125</ele>
        <time>2025-04-05T12:31:08.000Z</time>
        <extensions>
          <ns3:TrackPointExtension>
            <ns3:hr>132</ns3:hr>
            <ns3:cad>58</ns3:cad>
          </ns3:TrackPointExtension>
        </extensions>
      </trkpt>
      <trkpt lat="24.4873706996440887451171875" lon="118.1301496736705303192138671875">
        <ele>20.200000762939453125</ele>
        <time>2025-04-05T12:31:09.000Z</time>
        <extensions>
          <ns3:TrackPointExtension>
            <ns3:hr>132</ns3:hr>
            <ns3:cad>58</ns3:cad>
          </ns3:TrackPointExtension>
        </extensions>
      </trkpt>
      <trkpt lat="24.487358629703521728515625" lon="118.1301359273493289947509765625">
        <ele>20.200000762939453125</ele>
        <time>2025-04-05T12:31:10.000Z</time>
        <extensions>
          <ns3:TrackPointExtension>
            <ns3:hr>131</ns3:hr>
            <ns3:cad>58</ns3:cad>
          </ns3:TrackPointExtension>
        </extensions>
      </trkpt>
      <trkpt lat="24.48734530247747898101806640625" lon="118.1301215104758739471435546875">
        <ele>20.200000762939453125</ele>
        <time>2025-04-05T12:31:11.000Z</time>
        <extensions>
          <ns3:TrackPointExtension>
            <ns3:hr>131</ns3:hr>
            <ns3:cad>58</ns3:cad>
          </ns3:TrackPointExtension>
        </extensions>
      </trkpt>
      <trkpt lat="24.48733356781303882598876953125" lon="118.1301097758114337921142578125">
        <ele>20.200000762939453125</ele>
        <time>2025-04-05T12:31:12.000Z</time>
        <extensions>
          <ns3:TrackPointExtension>
            <ns3:hr>130</ns3:hr>
            <ns3:cad>58</ns3:cad>
          </ns3:TrackPointExtension>
        </extensions>
      </trkpt>
      <trkpt lat="24.487310685217380523681640625" lon="118.1300889886915683746337890625">
        <ele>20.3999996185302734375</ele>
        <time>2025-04-05T12:31:13.000Z</time>
        <extensions>
          <ns3:TrackPointExtension>
            <ns3:hr>130</ns3:hr>
            <ns3:cad>57</ns3:cad>
          </ns3:TrackPointExtension>
        </extensions>
      </trkpt>
      <trkpt lat="24.4872897304594516754150390625" lon="118.13007096759974956512451171875">
        <ele>20.3999996185302734375</ele>
        <time>2025-04-05T12:31:14.000Z</time>
        <extensions>
          <ns3:TrackPointExtension>
            <ns3:hr>130</ns3:hr>
            <ns3:cad>57</ns3:cad>
          </ns3:TrackPointExtension>
        </extensions>
      </trkpt>
      <trkpt lat="24.48727305047214031219482421875" lon="118.130055963993072509765625">
        <ele>20.3999996185302734375</ele>
        <time>2025-04-05T12:31:15.000Z</time>
        <extensions>
          <ns3:TrackPointExtension>
            <ns3:hr>129</ns3:hr>
            <ns3:cad>57</ns3:cad>
          </ns3:TrackPointExtension>
        </extensions>
      </trkpt>
      <trkpt lat="24.4872481562197208404541015625" lon="118.13003861345350742340087890625">
        <ele>20.3999996185302734375</ele>
        <time>2025-04-05T12:31:16.000Z</time>
        <extensions>
          <ns3:TrackPointExtension>
            <ns3:hr>129</ns3:hr>
            <ns3:cad>57</ns3:cad>
          </ns3:TrackPointExtension>
        </extensions>
      </trkpt>
      <trkpt lat="24.48722946457564830780029296875" lon="118.13002754934132099151611328125">
        <ele>20.3999996185302734375</ele>
        <time>2025-04-05T12:31:17.000Z</time>
        <extensions>
          <ns3:TrackPointExtension>
            <ns3:hr>129</ns3:hr>
            <ns3:cad>83</ns3:cad>
          </ns3:TrackPointExtension>
        </extensions>
      </trkpt>
      <trkpt lat="24.4872049055993556976318359375" lon="118.13001061789691448211669921875">
        <ele>20.6000003814697265625</ele>
        <time>2025-04-05T12:31:18.000Z</time>
        <extensions>
          <ns3:TrackPointExtension>
            <ns3:hr>128</ns3:hr>
            <ns3:cad>83</ns3:cad>
          </ns3:TrackPointExtension>
        </extensions>
      </trkpt>
      <trkpt lat="24.4871824420988559722900390625" lon="118.12999435700476169586181640625">
        <ele>20.6000003814697265625</ele>
        <time>2025-04-05T12:31:19.000Z</time>
        <extensions>
          <ns3:TrackPointExtension>
            <ns3:hr>128</ns3:hr>
            <ns3:cad>85</ns3:cad>
          </ns3:TrackPointExtension>
        </extensions>
      </trkpt>
      <trkpt lat="24.48715939186513423919677734375" lon="118.12997859902679920196533203125">
        <ele>20.6000003814697265625</ele>
        <time>2025-04-05T12:31:20.000Z</time>
        <extensions>
          <ns3:TrackPointExtension>
            <ns3:hr>128</ns3:hr>
            <ns3:cad>85</ns3:cad>
          </ns3:TrackPointExtension>
        </extensions>
      </trkpt>
      <trkpt lat="24.4871358387172222137451171875" lon="118.12995412386953830718994140625">
        <ele>20.6000003814697265625</ele>
        <time>2025-04-05T12:31:21.000Z</time>
        <extensions>
          <ns3:TrackPointExtension>
            <ns3:hr>128</ns3:hr>
            <ns3:cad>85</ns3:cad>
          </ns3:TrackPointExtension>
        </extensions>
      </trkpt>
      <trkpt lat="24.487118236720561981201171875" lon="118.12993937171995639801025390625">
        <ele>20.6000003814697265625</ele>
        <time>2025-04-05T12:31:22.000Z</time>
        <extensions>
          <ns3:TrackPointExtension>
            <ns3:hr>128</ns3:hr>
            <ns3:cad>85</ns3:cad>
          </ns3:TrackPointExtension>
        </extensions>
      </trkpt>
      <trkpt lat="24.4870959408581256866455078125" lon="118.1299231946468353271484375">
        <ele>20.6000003814697265625</ele>
        <time>2025-04-05T12:31:23.000Z</time>
        <extensions>
          <ns3:TrackPointExtension>
            <ns3:hr>128</ns3:hr>
            <ns3:cad>85</ns3:cad>
          </ns3:TrackPointExtension>
        </extensions>
      </trkpt>
      <trkpt lat="24.48707490228116512298583984375" lon="118.12991254962980747222900390625">
        <ele>20.6000003814697265625</ele>
        <time>2025-04-05T12:31:24.000Z</time>
        <extensions>
          <ns3:TrackPointExtension>
            <ns3:hr>128</ns3:hr>
            <ns3:cad>85</ns3:cad>
          </ns3:TrackPointExtension>
        </extensions>
      </trkpt>
      <trkpt lat="24.48705579154193401336669921875" lon="118.1299126334488391876220703125">
        <ele>20.6000003814697265625</ele>
        <time>2025-04-05T12:31:25.000Z</time>
        <extensions>
          <ns3:TrackPointExtension>
            <ns3:hr>129</ns3:hr>
            <ns3:cad>84</ns3:cad>
          </ns3:TrackPointExtension>
        </extensions>
      </trkpt>
      <trkpt lat="24.48703668080270290374755859375" lon="118.12990500591695308685302734375">
        <ele>20.6000003814697265625</ele>
        <time>2025-04-05T12:31:26.000Z</time>
        <extensions>
          <ns3:TrackPointExtension>
            <ns3:hr>129</ns3:hr>
            <ns3:cad>84</ns3:cad>
          </ns3:TrackPointExtension>
        </extensions>
      </trkpt>
      <trkpt lat="24.48701689951121807098388671875" lon="118.12989863567054271697998046875">
        <ele>20.6000003814697265625</ele>
        <time>2025-04-05T12:31:27.000Z</time>
        <extensions>
          <ns3:TrackPointExtension>
            <ns3:hr>130</ns3:hr>
            <ns3:cad>84</ns3:cad>
          </ns3:TrackPointExtension>
        </extensions>
      </trkpt>
      <trkpt lat="24.4870050810277462005615234375" lon="118.12989511527121067047119140625">
        <ele>20.799999237060546875</ele>
        <time>2025-04-05T12:31:28.000Z</time>
        <extensions>
          <ns3:TrackPointExtension>
            <ns3:hr>130</ns3:hr>
            <ns3:cad>84</ns3:cad>
          </ns3:TrackPointExtension>
        </extensions>
      </trkpt>
      <trkpt lat="24.48700499720871448516845703125" lon="118.12990383245050907135009765625">
        <ele>20.799999237060546875</ele>
        <time>2025-04-05T12:31:29.000Z</time>
        <extensions>
          <ns3:TrackPointExtension>
            <ns3:hr>130</ns3:hr>
            <ns3:cad>83</ns3:cad>
          </ns3:TrackPointExtension>
        </extensions>
      </trkpt>
      <trkpt lat="24.4870023988187313079833984375" lon="118.12991322018206119537353515625">
        <ele>20.799999237060546875</ele>
        <time>2025-04-05T12:31:30.000Z</time>
        <extensions>
          <ns3:TrackPointExtension>
            <ns3:hr>130</ns3:hr>
            <ns3:cad>83</ns3:cad>
          </ns3:TrackPointExtension>
        </extensions>
      </trkpt>
      <trkpt lat="24.48700449429452419281005859375" lon="118.12992629595100879669189453125">
        <ele>20.799999237060546875</ele>
        <time>2025-04-05T12:31:31.000Z</time>
        <extensions>
          <ns3:TrackPointExtension>
            <ns3:hr>130</ns3:hr>
            <ns3:cad>83</ns3:cad>
          </ns3:TrackPointExtension>
        </extensions>
      </trkpt>
      <trkpt lat="24.4870032370090484619140625" lon="118.129938282072544097900390625">
        <ele>20.799999237060546875</ele>
        <time>2025-04-05T12:31:32.000Z</time>
        <extensions>
          <ns3:TrackPointExtension>
            <ns3:hr>130</ns3:hr>
            <ns3:cad>83</ns3:cad>
          </ns3:TrackPointExtension>
        </extensions>
      </trkpt>
      <trkpt lat="24.48698571883141994476318359375" lon="118.1299441494047641754150390625">
        <ele>20.799999237060546875</ele>
        <time>2025-04-05T12:31:33.000Z</time>
        <extensions>
          <ns3:TrackPointExtension>
            <ns3:hr>130</ns3:hr>
            <ns3:cad>83</ns3:cad>
          </ns3:TrackPointExtension>
        </extensions>
      </trkpt>
      <trkpt lat="24.4869769178330898284912109375" lon="118.12995160929858684539794921875">
        <ele>20.799999237060546875</ele>
        <time>2025-04-05T12:31:34.000Z</time>
        <extensions>
          <ns3:TrackPointExtension>
            <ns3:hr>130</ns3:hr>
            <ns3:cad>83</ns3:cad>
          </ns3:TrackPointExtension>
        </extensions>
      </trkpt>
      <trkpt lat="24.48696711100637912750244140625" lon="118.12996049411594867706298828125">
        <ele>20.799999237060546875</ele>
        <time>2025-04-05T12:31:35.000Z</time>
        <extensions>
          <ns3:TrackPointExtension>
            <ns3:hr>131</ns3:hr>
            <ns3:cad>83</ns3:cad>
          </ns3:TrackPointExtension>
        </extensions>
      </trkpt>
      <trkpt lat="24.48695990256965160369873046875" lon="118.1299682892858982086181640625">
        <ele>20.799999237060546875</ele>
        <time>2025-04-05T12:31:36.000Z</time>
        <extensions>
          <ns3:TrackPointExtension>
            <ns3:hr>130</ns3:hr>
            <ns3:cad>83</ns3:cad>
          </ns3:TrackPointExtension>
        </extensions>
      </trkpt>
      <trkpt lat="24.486953951418399810791015625" lon="118.12998362816870212554931640625">
        <ele>20.799999237060546875</ele>
        <time>2025-04-05T12:31:37.000Z</time>
        <extensions>
          <ns3:TrackPointExtension>
            <ns3:hr>130</ns3:hr>
            <ns3:cad>54</ns3:cad>
          </ns3:TrackPointExtension>
        </extensions>
      </trkpt>
      <trkpt lat="24.4869561307132244110107421875" lon="118.12999360263347625732421875">
        <ele>20.799999237060546875</ele>
        <time>2025-04-05T12:31:38.000Z</time>
        <extensions>
          <ns3:TrackPointExtension>
            <ns3:hr>130</ns3:hr>
            <ns3:cad>54</ns3:cad>
          </ns3:TrackPointExtension>
        </extensions>
      </trkpt>
      <trkpt lat="24.486964009702205657958984375" lon="118.130007684230804443359375">
        <ele>21</ele>
        <time>2025-04-05T12:31:39.000Z</time>
        <extensions>
          <ns3:TrackPointExtension>
            <ns3:hr>129</ns3:hr>
            <ns3:cad>54</ns3:cad>
          </ns3:TrackPointExtension>
        </extensions>
      </trkpt>
      <trkpt lat="24.48698253370821475982666015625" lon="118.130021430552005767822265625">
        <ele>21</ele>
        <time>2025-04-05T12:31:40.000Z</time>
        <extensions>
          <ns3:TrackPointExtension>
            <ns3:hr>129</ns3:hr>
            <ns3:cad>55</ns3:cad>
          </ns3:TrackPointExtension>
        </extensions>
      </trkpt>
      <trkpt lat="24.486994184553623199462890625" lon="118.13003526069223880767822265625">
        <ele>21</ele>
        <time>2025-04-05T12:31:41.000Z</time>
        <extensions>
          <ns3:TrackPointExtension>
            <ns3:hr>129</ns3:hr>
            <ns3:cad>55</ns3:cad>
          </ns3:TrackPointExtension>
        </extensions>
      </trkpt>
      <trkpt lat="24.4870112836360931396484375" lon="118.1300541199743747711181640625">
        <ele>21.200000762939453125</ele>
        <time>2025-04-05T12:31:42.000Z</time>
        <extensions>
          <ns3:TrackPointExtension>
            <ns3:hr>128</ns3:hr>
            <ns3:cad>55</ns3:cad>
          </ns3:TrackPointExtension>
        </extensions>
      </trkpt>
      <trkpt lat="24.48702762834727764129638671875" lon="118.13007272779941558837890625">
        <ele>21.200000762939453125</ele>
        <time>2025-04-05T12:31:43.000Z</time>
        <extensions>
          <ns3:TrackPointExtension>
            <ns3:hr>128</ns3:hr>
            <ns3:cad>80</ns3:cad>
          </ns3:TrackPointExtension>
        </extensions>
      </trkpt>
      <trkpt lat="24.4870429672300815582275390625" lon="118.13008253462612628936767578125">
        <ele>21.200000762939453125</ele>
        <time>2025-04-05T12:31:44.000Z</time>
        <extensions>
          <ns3:TrackPointExtension>
            <ns3:hr>128</ns3:hr>
            <ns3:cad>83</ns3:cad>
          </ns3:TrackPointExtension>
        </extensions>
      </trkpt>
      <trkpt lat="24.48705076240003108978271484375" lon="118.13009007833898067474365234375">
        <ele>21.200000762939453125</ele>
        <time>2025-04-05T12:31:45.000Z</time>
        <extensions>
          <ns3:TrackPointExtension>
            <ns3:hr>128</ns3:hr>
            <ns3:cad>83</ns3:cad>
          </ns3:TrackPointExtension>
        </extensions>
      </trkpt>
      <trkpt lat="24.48706232942640781402587890625" lon="118.130089826881885528564453125">
        <ele>21</ele>
        <time>2025-04-05T12:31:46.000Z</time>
        <extensions>
          <ns3:TrackPointExtension>
            <ns3:hr>128</ns3:hr>
            <ns3:cad>83</ns3:cad>
          </ns3:TrackPointExtension>
        </extensions>
      </trkpt>
      <trkpt lat="24.4870805181562900543212890625" lon="118.130104579031467437744140625">
        <ele>21</ele>
        <time>2025-04-05T12:31:47.000Z</time>
        <extensions>
          <ns3:TrackPointExtension>
            <ns3:hr>127</ns3:hr>
            <ns3:cad>83</ns3:cad>
          </ns3:TrackPointExtension>
        </extensions>
      </trkpt>
      <trkpt lat="24.48708998970687389373779296875" lon="118.13011857680976390838623046875">
        <ele>21.200000762939453125</ele>
        <time>2025-04-05T12:31:48.000Z</time>
        <extensions>
          <ns3:TrackPointExtension>
            <ns3:hr>127</ns3:hr>
            <ns3:cad>84</ns3:cad>
          </ns3:TrackPointExtension>
        </extensions>
      </trkpt>
      <trkpt lat="24.48710138909518718719482421875" lon="118.1301285512745380401611328125">
        <ele>21</ele>
        <time>2025-04-05T12:31:49.000Z</time>
        <extensions>
          <ns3:TrackPointExtension>
            <ns3:hr>127</ns3:hr>
            <ns3:cad>84</ns3:cad>
          </ns3:TrackPointExtension>
        </extensions>
      </trkpt>
      <trkpt lat="24.4871200807392597198486328125" lon="118.13014556653797626495361328125">
        <ele>21</ele>
        <time>2025-04-05T12:31:50.000Z</time>
        <extensions>
          <ns3:TrackPointExtension>
            <ns3:hr>126</ns3:hr>
            <ns3:cad>84</ns3:cad>
          </ns3:TrackPointExtension>
        </extensions>
      </trkpt>
      <trkpt lat="24.487133659422397613525390625" lon="118.1301563791930675506591796875">
        <ele>21</ele>
        <time>2025-04-05T12:31:51.000Z</time>
        <extensions>
          <ns3:TrackPointExtension>
            <ns3:hr>126</ns3:hr>
            <ns3:cad>84</ns3:cad>
          </ns3:TrackPointExtension>
        </extensions>
      </trkpt>
      <trkpt lat="24.4871566258370876312255859375" lon="118.1301828660070896148681640625">
        <ele>21</ele>
        <time>2025-04-05T12:31:52.000Z</time>
        <extensions>
          <ns3:TrackPointExtension>
            <ns3:hr>126</ns3:hr>
            <ns3:cad>84</ns3:cad>
          </ns3:TrackPointExtension>
        </extensions>
      </trkpt>
      <trkpt lat="24.4871757365763187408447265625" lon="118.1301982887089252471923828125">
        <ele>21</ele>
        <time>2025-04-05T12:31:53.000Z</time>
        <extensions>
          <ns3:TrackPointExtension>
            <ns3:hr>126</ns3:hr>
            <ns3:cad>83</ns3:cad>
          </ns3:TrackPointExtension>
        </extensions>
      </trkpt>
      <trkpt lat="24.48719124309718608856201171875" lon="118.13021664507687091827392578125">
        <ele>21</ele>
        <time>2025-04-05T12:31:54.000Z</time>
        <extensions>
          <ns3:TrackPointExtension>
            <ns3:hr>126</ns3:hr>
            <ns3:cad>83</ns3:cad>
          </ns3:TrackPointExtension>
        </extensions>
      </trkpt>
      <trkpt lat="24.48720641434192657470703125" lon="118.1302311457693576812744140625">
        <ele>21</ele>
        <time>2025-04-05T12:31:55.000Z</time>
        <extensions>
          <ns3:TrackPointExtension>
            <ns3:hr>126</ns3:hr>
            <ns3:cad>83</ns3:cad>
          </ns3:TrackPointExtension>
        </extensions>
      </trkpt>
      <trkpt lat="24.48721806518733501434326171875" lon="118.130243383347988128662109375">
        <ele>20.799999237060546875</ele>
        <time>2025-04-05T12:31:56.000Z</time>
        <extensions>
          <ns3:TrackPointExtension>
            <ns3:hr>126</ns3:hr>
            <ns3:cad>83</ns3:cad>
          </ns3:TrackPointExtension>
        </extensions>
      </trkpt>
      <trkpt lat="24.487233571708202362060546875" lon="118.130258135497570037841796875">
        <ele>20.799999237060546875</ele>
        <time>2025-04-05T12:31:57.000Z</time>
        <extensions>
          <ns3:TrackPointExtension>
            <ns3:hr>126</ns3:hr>
            <ns3:cad>83</ns3:cad>
          </ns3:TrackPointExtension>
        </extensions>
      </trkpt>
      <trkpt lat="24.48724874295294284820556640625" lon="118.13027632422745227813720703125">
        <ele>20.799999237060546875</ele>
        <time>2025-04-05T12:31:58.000Z</time>
        <extensions>
          <ns3:TrackPointExtension>
            <ns3:hr>126</ns3:hr>
            <ns3:cad>83</ns3:cad>
          </ns3:TrackPointExtension>
        </extensions>
      </trkpt>
      <trkpt lat="24.4872635789215564727783203125" lon="118.13029644079506397247314453125">
        <ele>20.799999237060546875</ele>
        <time>2025-04-05T12:31:59.000Z</time>
        <extensions>
          <ns3:TrackPointExtension>
            <ns3:hr>126</ns3:hr>
            <ns3:cad>84</ns3:cad>
          </ns3:TrackPointExtension>
        </extensions>
      </trkpt>
      <trkpt lat="24.48727455921471118927001953125" lon="118.13030633144080638885498046875">
        <ele>20.6000003814697265625</ele>
        <time>2025-04-05T12:32:00.000Z</time>
        <extensions>
          <ns3:TrackPointExtension>
            <ns3:hr>125</ns3:hr>
            <ns3:cad>84</ns3:cad>
          </ns3:TrackPointExtension>
        </extensions>
      </trkpt>
      <trkpt lat="24.4872816838324069976806640625" lon="118.13031856901943683624267578125">
        <ele>20.6000003814697265625</ele>
        <time>2025-04-05T12:32:01.000Z</time>
        <extensions>
          <ns3:TrackPointExtension>
            <ns3:hr>125</ns3:hr>
            <ns3:cad>83</ns3:cad>
          </ns3:TrackPointExtension>
        </extensions>
      </trkpt>
      <trkpt lat="24.48729517869651317596435546875" lon="118.130340278148651123046875">
        <ele>20.6000003814697265625</ele>
        <time>2025-04-05T12:32:02.000Z</time>
        <extensions>
          <ns3:TrackPointExtension>
            <ns3:hr>124</ns3:hr>
            <ns3:cad>83</ns3:cad>
          </ns3:TrackPointExtension>
        </extensions>
      </trkpt>
      <trkpt lat="24.48730808682739734649658203125" lon="118.13033801503479480743408203125">
        <ele>20.6000003814697265625</ele>
        <time>2025-04-05T12:32:03.000Z</time>
        <extensions>
          <ns3:TrackPointExtension>
            <ns3:hr>124</ns3:hr>
            <ns3:cad>83</ns3:cad>
          </ns3:TrackPointExtension>
        </extensions>
      </trkpt>
    </trkseg>
  </trk>
</gpx>
