<gpx xmlns:ns3="http://www.garmin.com/xmlschemas/TrackPointExtension/v1" xmlns="http://www.topografix.com/GPX/1/1" xmlns:xsi="http://www.w3.org/2001/XMLSchema-instance" xmlns:ns2="http://www.garmin.com/xmlschemas/GpxExtensions/v3" creator="Garmin Connect" version="1.1" xsi:schemaLocation="http://www.topografix.com/GPX/1/1 http://www.topografix.com/GPX/11.xsd">
  <extensions>
<distance>5009.76</distance>
<average_hr>141.0</average_hr>
<average_speed>2.9230000972747803</average_speed>
<start_time>2025-06-10T22:28:59+00:00</start_time>
<end_time>2025-06-10T22:57:32.836000+00:00</end_time>
<moving_time>1704.894</moving_time>
<elapsed_time>1799.902</elapsed_time>
</extensions>
<metadata>
    <link href="connect.garmin.com">
      <text>Garmin Connect</text>
    </link>
    <time>2025-06-10T22:28:59.000Z</time>
  </metadata>
  <trk>
    <name>厦门市 跑步</name>
    <type>running</type>
    <trkseg>
      <trkpt lat="24.4955190829932689666748046875" lon="118.14332929439842700958251953125">
        <ele>23.200000762939453125</ele>
        <time>2025-06-10T22:28:59.000Z</time>
        <extensions>
          <ns3:TrackPointExtension>
            <ns3:hr>74</ns3:hr>
            <ns3:cad>52</ns3:cad>
          </ns3:TrackPointExtension>
        </extensions>
      </trkpt>
      <trkpt lat="24.4955039955675601959228515625" lon="118.14326777122914791107177734375">
        <ele>23.200000762939453125</ele>
        <time>2025-06-10T22:29:00.000Z</time>
        <extensions>
          <ns3:TrackPointExtension>
            <ns3:hr>75</ns3:hr>
            <ns3:cad>52</ns3:cad>
          </ns3:TrackPointExtension>
        </extensions>
      </trkpt>
      <trkpt lat="24.49549846351146697998046875" lon="118.1432448886334896087646484375">
        <ele>23.200000762939453125</ele>
        <time>2025-06-10T22:29:01.000Z</time>
        <extensions>
          <ns3:TrackPointExtension>
            <ns3:hr>75</ns3:hr>
            <ns3:cad>52</ns3:cad>
          </ns3:TrackPointExtension>
        </extensions>
      </trkpt>
      <trkpt lat="24.4954902492463588714599609375" lon="118.143228627741336822509765625">
        <ele>23.3999996185302734375</ele>
        <time>2025-06-10T22:29:02.000Z</time>
        <extensions>
          <ns3:TrackPointExtension>
            <ns3:hr>74</ns3:hr>
            <ns3:cad>52</ns3:cad>
          </ns3:TrackPointExtension>
        </extensions>
      </trkpt>
      <trkpt lat="24.49547105468809604644775390625" lon="118.143213205039501190185546875">
        <ele>23.200000762939453125</ele>
        <time>2025-06-10T22:29:03.000Z</time>
        <extensions>
          <ns3:TrackPointExtension>
            <ns3:hr>74</ns3:hr>
            <ns3:cad>83</ns3:cad>
          </ns3:TrackPointExtension>
        </extensions>
      </trkpt>
      <trkpt lat="24.49545663781464099884033203125" lon="118.14319216646254062652587890625">
        <ele>23.3999996185302734375</ele>
        <time>2025-06-10T22:29:04.000Z</time>
        <extensions>
          <ns3:TrackPointExtension>
            <ns3:hr>74</ns3:hr>
            <ns3:cad>83</ns3:cad>
          </ns3:TrackPointExtension>
        </extensions>
      </trkpt>
      <trkpt lat="24.49544238857924938201904296875" lon="118.14316400326788425445556640625">
        <ele>23.3999996185302734375</ele>
        <time>2025-06-10T22:29:05.000Z</time>
        <extensions>
          <ns3:TrackPointExtension>
            <ns3:hr>75</ns3:hr>
            <ns3:cad>83</ns3:cad>
          </ns3:TrackPointExtension>
        </extensions>
      </trkpt>
      <trkpt lat="24.4954342581331729888916015625" lon="118.14314581453800201416015625">
        <ele>23.3999996185302734375</ele>
        <time>2025-06-10T22:29:06.000Z</time>
        <extensions>
          <ns3:TrackPointExtension>
            <ns3:hr>75</ns3:hr>
            <ns3:cad>84</ns3:cad>
          </ns3:TrackPointExtension>
        </extensions>
      </trkpt>
      <trkpt lat="24.495415650308132171630859375" lon="118.14312594942748546600341796875">
        <ele>23.3999996185302734375</ele>
        <time>2025-06-10T22:29:07.000Z</time>
        <extensions>
          <ns3:TrackPointExtension>
            <ns3:hr>75</ns3:hr>
            <ns3:cad>84</ns3:cad>
          </ns3:TrackPointExtension>
        </extensions>
      </trkpt>
      <trkpt lat="24.49539997614920139312744140625" lon="118.14310834743082523345947265625">
        <ele>23.3999996185302734375</ele>
        <time>2025-06-10T22:29:08.000Z</time>
        <extensions>
          <ns3:TrackPointExtension>
            <ns3:hr>76</ns3:hr>
            <ns3:cad>85</ns3:cad>
          </ns3:TrackPointExtension>
        </extensions>
      </trkpt>
      <trkpt lat="24.4953843019902706146240234375" lon="118.1430913321673870086669921875">
        <ele>23.3999996185302734375</ele>
        <time>2025-06-10T22:29:09.000Z</time>
        <extensions>
          <ns3:TrackPointExtension>
            <ns3:hr>77</ns3:hr>
            <ns3:cad>85</ns3:cad>
          </ns3:TrackPointExtension>
        </extensions>
      </trkpt>
      <trkpt lat="24.49537315405905246734619140625" lon="118.14306761138141155242919921875">
        <ele>23.6000003814697265625</ele>
        <time>2025-06-10T22:29:10.000Z</time>
        <extensions>
          <ns3:TrackPointExtension>
            <ns3:hr>77</ns3:hr>
            <ns3:cad>85</ns3:cad>
          </ns3:TrackPointExtension>
        </extensions>
      </trkpt>
      <trkpt lat="24.49536326341331005096435546875" lon="118.1430474109947681427001953125">
        <ele>23.6000003814697265625</ele>
        <time>2025-06-10T22:29:11.000Z</time>
        <extensions>
          <ns3:TrackPointExtension>
            <ns3:hr>78</ns3:hr>
            <ns3:cad>85</ns3:cad>
          </ns3:TrackPointExtension>
        </extensions>
      </trkpt>
      <trkpt lat="24.4953534565865993499755859375" lon="118.14302586950361728668212890625">
        <ele>23.6000003814697265625</ele>
        <time>2025-06-10T22:29:12.000Z</time>
        <extensions>
          <ns3:TrackPointExtension>
            <ns3:hr>79</ns3:hr>
            <ns3:cad>85</ns3:cad>
          </ns3:TrackPointExtension>
        </extensions>
      </trkpt>
      <trkpt lat="24.49534499086439609527587890625" lon="118.14300508238375186920166015625">
        <ele>23.6000003814697265625</ele>
        <time>2025-06-10T22:29:13.000Z</time>
        <extensions>
          <ns3:TrackPointExtension>
            <ns3:hr>80</ns3:hr>
            <ns3:cad>85</ns3:cad>
          </ns3:TrackPointExtension>
        </extensions>
      </trkpt>
      <trkpt lat="24.49533778242766857147216796875" lon="118.14298295415937900543212890625">
        <ele>23.799999237060546875</ele>
        <time>2025-06-10T22:29:14.000Z</time>
        <extensions>
          <ns3:TrackPointExtension>
            <ns3:hr>83</ns3:hr>
            <ns3:cad>86</ns3:cad>
          </ns3:TrackPointExtension>
        </extensions>
      </trkpt>
      <trkpt lat="24.495332501828670501708984375" lon="118.14295747317373752593994140625">
        <ele>23.799999237060546875</ele>
        <time>2025-06-10T22:29:15.000Z</time>
        <extensions>
          <ns3:TrackPointExtension>
            <ns3:hr>85</ns3:hr>
            <ns3:cad>86</ns3:cad>
          </ns3:TrackPointExtension>
        </extensions>
      </trkpt>
      <trkpt lat="24.4953279756009578704833984375" lon="118.14292629249393939971923828125">
        <ele>23.799999237060546875</ele>
        <time>2025-06-10T22:29:16.000Z</time>
        <extensions>
          <ns3:TrackPointExtension>
            <ns3:hr>87</ns3:hr>
            <ns3:cad>86</ns3:cad>
          </ns3:TrackPointExtension>
        </extensions>
      </trkpt>
      <trkpt lat="24.49531850405037403106689453125" lon="118.142889998853206634521484375">
        <ele>23.799999237060546875</ele>
        <time>2025-06-10T22:29:17.000Z</time>
        <extensions>
          <ns3:TrackPointExtension>
            <ns3:hr>88</ns3:hr>
            <ns3:cad>86</ns3:cad>
          </ns3:TrackPointExtension>
        </extensions>
      </trkpt>
      <trkpt lat="24.49530961923301219940185546875" lon="118.14286627806723117828369140625">
        <ele>23.799999237060546875</ele>
        <time>2025-06-10T22:29:18.000Z</time>
        <extensions>
          <ns3:TrackPointExtension>
            <ns3:hr>90</ns3:hr>
            <ns3:cad>85</ns3:cad>
          </ns3:TrackPointExtension>
        </extensions>
      </trkpt>
      <trkpt lat="24.4952957890927791595458984375" lon="118.14284197054803371429443359375">
        <ele>23.799999237060546875</ele>
        <time>2025-06-10T22:29:19.000Z</time>
        <extensions>
          <ns3:TrackPointExtension>
            <ns3:hr>92</ns3:hr>
            <ns3:cad>85</ns3:cad>
          </ns3:TrackPointExtension>
        </extensions>
      </trkpt>
      <trkpt lat="24.49528899975121021270751953125" lon="118.142830990254878997802734375">
        <ele>23.799999237060546875</ele>
        <time>2025-06-10T22:29:20.000Z</time>
        <extensions>
          <ns3:TrackPointExtension>
            <ns3:hr>94</ns3:hr>
            <ns3:cad>85</ns3:cad>
          </ns3:TrackPointExtension>
        </extensions>
      </trkpt>
      <trkpt lat="24.4952751696109771728515625" lon="118.14281992614269256591796875">
        <ele>23.6000003814697265625</ele>
        <time>2025-06-10T22:29:21.000Z</time>
        <extensions>
          <ns3:TrackPointExtension>
            <ns3:hr>96</ns3:hr>
            <ns3:cad>85</ns3:cad>
          </ns3:TrackPointExtension>
        </extensions>
      </trkpt>
      <trkpt lat="24.4952595792710781097412109375" lon="118.14280844293534755706787109375">
        <ele>23.6000003814697265625</ele>
        <time>2025-06-10T22:29:22.000Z</time>
        <extensions>
          <ns3:TrackPointExtension>
            <ns3:hr>98</ns3:hr>
            <ns3:cad>84</ns3:cad>
          </ns3:TrackPointExtension>
        </extensions>
      </trkpt>
      <trkpt lat="24.4952483475208282470703125" lon="118.14280383288860321044921875">
        <ele>23.6000003814697265625</ele>
        <time>2025-06-10T22:29:23.000Z</time>
        <extensions>
          <ns3:TrackPointExtension>
            <ns3:hr>100</ns3:hr>
            <ns3:cad>84</ns3:cad>
          </ns3:TrackPointExtension>
        </extensions>
      </trkpt>
      <trkpt lat="24.49523024260997772216796875" lon="118.14279578626155853271484375">
        <ele>23.6000003814697265625</ele>
        <time>2025-06-10T22:29:24.000Z</time>
        <extensions>
          <ns3:TrackPointExtension>
            <ns3:hr>101</ns3:hr>
            <ns3:cad>85</ns3:cad>
          </ns3:TrackPointExtension>
        </extensions>
      </trkpt>
      <trkpt lat="24.49521741829812526702880859375" lon="118.14279234968125820159912109375">
        <ele>23.799999237060546875</ele>
        <time>2025-06-10T22:29:25.000Z</time>
        <extensions>
          <ns3:TrackPointExtension>
            <ns3:hr>101</ns3:hr>
            <ns3:cad>85</ns3:cad>
          </ns3:TrackPointExtension>
        </extensions>
      </trkpt>
      <trkpt lat="24.49519780464470386505126953125" lon="118.14278463833034038543701171875">
        <ele>23.799999237060546875</ele>
        <time>2025-06-10T22:29:26.000Z</time>
        <extensions>
          <ns3:TrackPointExtension>
            <ns3:hr>102</ns3:hr>
            <ns3:cad>85</ns3:cad>
          </ns3:TrackPointExtension>
        </extensions>
      </trkpt>
      <trkpt lat="24.49518062174320220947265625" lon="118.1427817046642303466796875">
        <ele>23.799999237060546875</ele>
        <time>2025-06-10T22:29:27.000Z</time>
        <extensions>
          <ns3:TrackPointExtension>
            <ns3:hr>103</ns3:hr>
            <ns3:cad>85</ns3:cad>
          </ns3:TrackPointExtension>
        </extensions>
      </trkpt>
      <trkpt lat="24.4951616786420345306396484375" lon="118.1427744962275028228759765625">
        <ele>23.799999237060546875</ele>
        <time>2025-06-10T22:29:28.000Z</time>
        <extensions>
          <ns3:TrackPointExtension>
            <ns3:hr>103</ns3:hr>
            <ns3:cad>86</ns3:cad>
          </ns3:TrackPointExtension>
        </extensions>
      </trkpt>
      <trkpt lat="24.49514332227408885955810546875" lon="118.1427664496004581451416015625">
        <ele>24</ele>
        <time>2025-06-10T22:29:29.000Z</time>
        <extensions>
          <ns3:TrackPointExtension>
            <ns3:hr>104</ns3:hr>
            <ns3:cad>86</ns3:cad>
          </ns3:TrackPointExtension>
        </extensions>
      </trkpt>
      <trkpt lat="24.49512186460196971893310546875" lon="118.14275966025888919830322265625">
        <ele>24</ele>
        <time>2025-06-10T22:29:30.000Z</time>
        <extensions>
          <ns3:TrackPointExtension>
            <ns3:hr>104</ns3:hr>
            <ns3:cad>86</ns3:cad>
          </ns3:TrackPointExtension>
        </extensions>
      </trkpt>
      <trkpt lat="24.49509805999696254730224609375" lon="118.1427506916224956512451171875">
        <ele>24.200000762939453125</ele>
        <time>2025-06-10T22:29:31.000Z</time>
        <extensions>
          <ns3:TrackPointExtension>
            <ns3:hr>105</ns3:hr>
            <ns3:cad>86</ns3:cad>
          </ns3:TrackPointExtension>
        </extensions>
      </trkpt>
      <trkpt lat="24.4950802065432071685791015625" lon="118.142745494842529296875">
        <ele>24.200000762939453125</ele>
        <time>2025-06-10T22:29:32.000Z</time>
        <extensions>
          <ns3:TrackPointExtension>
            <ns3:hr>106</ns3:hr>
            <ns3:cad>87</ns3:cad>
          </ns3:TrackPointExtension>
        </extensions>
      </trkpt>
      <trkpt lat="24.49505732394754886627197265625" lon="118.142732419073581695556640625">
        <ele>24.200000762939453125</ele>
        <time>2025-06-10T22:29:33.000Z</time>
        <extensions>
          <ns3:TrackPointExtension>
            <ns3:hr>108</ns3:hr>
            <ns3:cad>87</ns3:cad>
          </ns3:TrackPointExtension>
        </extensions>
      </trkpt>
      <trkpt lat="24.495038799941539764404296875" lon="118.14272831194102764129638671875">
        <ele>24.200000762939453125</ele>
        <time>2025-06-10T22:29:34.000Z</time>
        <extensions>
          <ns3:TrackPointExtension>
            <ns3:hr>110</ns3:hr>
            <ns3:cad>87</ns3:cad>
          </ns3:TrackPointExtension>
        </extensions>
      </trkpt>
      <trkpt lat="24.49501725845038890838623046875" lon="118.142715655267238616943359375">
        <ele>24.200000762939453125</ele>
        <time>2025-06-10T22:29:35.000Z</time>
        <extensions>
          <ns3:TrackPointExtension>
            <ns3:hr>110</ns3:hr>
            <ns3:cad>88</ns3:cad>
          </ns3:TrackPointExtension>
        </extensions>
      </trkpt>
      <trkpt lat="24.49500091373920440673828125" lon="118.14270953647792339324951171875">
        <ele>24.3999996185302734375</ele>
        <time>2025-06-10T22:29:36.000Z</time>
        <extensions>
          <ns3:TrackPointExtension>
            <ns3:hr>111</ns3:hr>
            <ns3:cad>88</ns3:cad>
          </ns3:TrackPointExtension>
        </extensions>
      </trkpt>
      <trkpt lat="24.4949782826006412506103515625" lon="118.14269880764186382293701171875">
        <ele>24.3999996185302734375</ele>
        <time>2025-06-10T22:29:37.000Z</time>
        <extensions>
          <ns3:TrackPointExtension>
            <ns3:hr>111</ns3:hr>
            <ns3:cad>87</ns3:cad>
          </ns3:TrackPointExtension>
        </extensions>
      </trkpt>
      <trkpt lat="24.49495959095656871795654296875" lon="118.14269118010997772216796875">
        <ele>24.3999996185302734375</ele>
        <time>2025-06-10T22:29:38.000Z</time>
        <extensions>
          <ns3:TrackPointExtension>
            <ns3:hr>112</ns3:hr>
            <ns3:cad>87</ns3:cad>
          </ns3:TrackPointExtension>
        </extensions>
      </trkpt>
      <trkpt lat="24.49493863619863986968994140625" lon="118.14268313348293304443359375">
        <ele>24.3999996185302734375</ele>
        <time>2025-06-10T22:29:39.000Z</time>
        <extensions>
          <ns3:TrackPointExtension>
            <ns3:hr>112</ns3:hr>
            <ns3:cad>87</ns3:cad>
          </ns3:TrackPointExtension>
        </extensions>
      </trkpt>
      <trkpt lat="24.49491650797426700592041015625" lon="118.14267550595104694366455078125">
        <ele>24.3999996185302734375</ele>
        <time>2025-06-10T22:29:40.000Z</time>
        <extensions>
          <ns3:TrackPointExtension>
            <ns3:hr>112</ns3:hr>
            <ns3:cad>88</ns3:cad>
          </ns3:TrackPointExtension>
        </extensions>
      </trkpt>
      <trkpt lat="24.49489488266408443450927734375" lon="118.14267106354236602783203125">
        <ele>24.3999996185302734375</ele>
        <time>2025-06-10T22:29:41.000Z</time>
        <extensions>
          <ns3:TrackPointExtension>
            <ns3:hr>112</ns3:hr>
            <ns3:cad>88</ns3:cad>
          </ns3:TrackPointExtension>
        </extensions>
      </trkpt>
      <trkpt lat="24.4948733411729335784912109375" lon="118.14266678877174854278564453125">
        <ele>24.3999996185302734375</ele>
        <time>2025-06-10T22:29:42.000Z</time>
        <extensions>
          <ns3:TrackPointExtension>
            <ns3:hr>113</ns3:hr>
            <ns3:cad>88</ns3:cad>
          </ns3:TrackPointExtension>
        </extensions>
      </trkpt>
      <trkpt lat="24.49485615827143192291259765625" lon="118.14266243018209934234619140625">
        <ele>24.3999996185302734375</ele>
        <time>2025-06-10T22:29:43.000Z</time>
        <extensions>
          <ns3:TrackPointExtension>
            <ns3:hr>113</ns3:hr>
            <ns3:cad>88</ns3:cad>
          </ns3:TrackPointExtension>
        </extensions>
      </trkpt>
      <trkpt lat="24.4948418252170085906982421875" lon="118.1426578201353549957275390625">
        <ele>24.6000003814697265625</ele>
        <time>2025-06-10T22:29:44.000Z</time>
        <extensions>
          <ns3:TrackPointExtension>
            <ns3:hr>113</ns3:hr>
            <ns3:cad>88</ns3:cad>
          </ns3:TrackPointExtension>
        </extensions>
      </trkpt>
      <trkpt lat="24.49482548050582408905029296875" lon="118.14265488646924495697021484375">
        <ele>24.6000003814697265625</ele>
        <time>2025-06-10T22:29:45.000Z</time>
        <extensions>
          <ns3:TrackPointExtension>
            <ns3:hr>113</ns3:hr>
            <ns3:cad>88</ns3:cad>
          </ns3:TrackPointExtension>
        </extensions>
      </trkpt>
      <trkpt lat="24.49480586685240268707275390625" lon="118.14264650456607341766357421875">
        <ele>24.6000003814697265625</ele>
        <time>2025-06-10T22:29:46.000Z</time>
        <extensions>
          <ns3:TrackPointExtension>
            <ns3:hr>114</ns3:hr>
            <ns3:cad>88</ns3:cad>
          </ns3:TrackPointExtension>
        </extensions>
      </trkpt>
      <trkpt lat="24.49478675611317157745361328125" lon="118.14264667220413684844970703125">
        <ele>24.6000003814697265625</ele>
        <time>2025-06-10T22:29:47.000Z</time>
        <extensions>
          <ns3:TrackPointExtension>
            <ns3:hr>114</ns3:hr>
            <ns3:cad>88</ns3:cad>
          </ns3:TrackPointExtension>
        </extensions>
      </trkpt>
      <trkpt lat="24.4947593472898006439208984375" lon="118.142643906176090240478515625">
        <ele>24.799999237060546875</ele>
        <time>2025-06-10T22:29:48.000Z</time>
        <extensions>
          <ns3:TrackPointExtension>
            <ns3:hr>115</ns3:hr>
            <ns3:cad>88</ns3:cad>
          </ns3:TrackPointExtension>
        </extensions>
      </trkpt>
      <trkpt lat="24.49473797343671321868896484375" lon="118.14264583401381969451904296875">
        <ele>24.799999237060546875</ele>
        <time>2025-06-10T22:29:49.000Z</time>
        <extensions>
          <ns3:TrackPointExtension>
            <ns3:hr>115</ns3:hr>
            <ns3:cad>88</ns3:cad>
          </ns3:TrackPointExtension>
        </extensions>
      </trkpt>
      <trkpt lat="24.49471098370850086212158203125" lon="118.14264130778610706329345703125">
        <ele>25</ele>
        <time>2025-06-10T22:29:50.000Z</time>
        <extensions>
          <ns3:TrackPointExtension>
            <ns3:hr>115</ns3:hr>
            <ns3:cad>88</ns3:cad>
          </ns3:TrackPointExtension>
        </extensions>
      </trkpt>
      <trkpt lat="24.49468751437962055206298828125" lon="118.14263728447258472442626953125">
        <ele>25</ele>
        <time>2025-06-10T22:29:51.000Z</time>
        <extensions>
          <ns3:TrackPointExtension>
            <ns3:hr>115</ns3:hr>
            <ns3:cad>87</ns3:cad>
          </ns3:TrackPointExtension>
        </extensions>
      </trkpt>
      <trkpt lat="24.49466471560299396514892578125" lon="118.14263141714036464691162109375">
        <ele>25.200000762939453125</ele>
        <time>2025-06-10T22:29:52.000Z</time>
        <extensions>
          <ns3:TrackPointExtension>
            <ns3:hr>115</ns3:hr>
            <ns3:cad>87</ns3:cad>
          </ns3:TrackPointExtension>
        </extensions>
      </trkpt>
      <trkpt lat="24.494642503559589385986328125" lon="118.14262437634170055389404296875">
        <ele>25.200000762939453125</ele>
        <time>2025-06-10T22:29:53.000Z</time>
        <extensions>
          <ns3:TrackPointExtension>
            <ns3:hr>116</ns3:hr>
            <ns3:cad>87</ns3:cad>
          </ns3:TrackPointExtension>
        </extensions>
      </trkpt>
      <trkpt lat="24.49462012387812137603759765625" lon="118.14261197112500667572021484375">
        <ele>25.200000762939453125</ele>
        <time>2025-06-10T22:29:54.000Z</time>
        <extensions>
          <ns3:TrackPointExtension>
            <ns3:hr>115</ns3:hr>
            <ns3:cad>87</ns3:cad>
          </ns3:TrackPointExtension>
        </extensions>
      </trkpt>
      <trkpt lat="24.49460369534790515899658203125" lon="118.14260392449796199798583984375">
        <ele>25.200000762939453125</ele>
        <time>2025-06-10T22:29:55.000Z</time>
        <extensions>
          <ns3:TrackPointExtension>
            <ns3:hr>115</ns3:hr>
            <ns3:cad>87</ns3:cad>
          </ns3:TrackPointExtension>
        </extensions>
      </trkpt>
      <trkpt lat="24.4945876859128475189208984375" lon="118.14259705133736133575439453125">
        <ele>25.200000762939453125</ele>
        <time>2025-06-10T22:29:56.000Z</time>
        <extensions>
          <ns3:TrackPointExtension>
            <ns3:hr>116</ns3:hr>
            <ns3:cad>87</ns3:cad>
          </ns3:TrackPointExtension>
        </extensions>
      </trkpt>
      <trkpt lat="24.49457134120166301727294921875" lon="118.14258883707225322723388671875">
        <ele>25.3999996185302734375</ele>
        <time>2025-06-10T22:29:57.000Z</time>
        <extensions>
          <ns3:TrackPointExtension>
            <ns3:hr>116</ns3:hr>
            <ns3:cad>88</ns3:cad>
          </ns3:TrackPointExtension>
        </extensions>
      </trkpt>
      <trkpt lat="24.4945514760911464691162109375" lon="118.14258095808327198028564453125">
        <ele>25.3999996185302734375</ele>
        <time>2025-06-10T22:29:58.000Z</time>
        <extensions>
          <ns3:TrackPointExtension>
            <ns3:hr>116</ns3:hr>
            <ns3:cad>88</ns3:cad>
          </ns3:TrackPointExtension>
        </extensions>
      </trkpt>
      <trkpt lat="24.4945268332958221435546875" lon="118.14257224090397357940673828125">
        <ele>25.6000003814697265625</ele>
        <time>2025-06-10T22:29:59.000Z</time>
        <extensions>
          <ns3:TrackPointExtension>
            <ns3:hr>116</ns3:hr>
            <ns3:cad>88</ns3:cad>
          </ns3:TrackPointExtension>
        </extensions>
      </trkpt>
      <trkpt lat="24.4945085607469081878662109375" lon="118.1425639428198337554931640625">
        <ele>26</ele>
        <time>2025-06-10T22:30:00.000Z</time>
        <extensions>
          <ns3:TrackPointExtension>
            <ns3:hr>117</ns3:hr>
            <ns3:cad>88</ns3:cad>
          </ns3:TrackPointExtension>
        </extensions>
      </trkpt>
      <trkpt lat="24.4944891147315502166748046875" lon="118.14255849458277225494384765625">
        <ele>26.200000762939453125</ele>
        <time>2025-06-10T22:30:01.000Z</time>
        <extensions>
          <ns3:TrackPointExtension>
            <ns3:hr>117</ns3:hr>
            <ns3:cad>88</ns3:cad>
          </ns3:TrackPointExtension>
        </extensions>
      </trkpt>
      <trkpt lat="24.49446690268814563751220703125" lon="118.14255044795572757720947265625">
        <ele>26.3999996185302734375</ele>
        <time>2025-06-10T22:30:02.000Z</time>
        <extensions>
          <ns3:TrackPointExtension>
            <ns3:hr>118</ns3:hr>
            <ns3:cad>88</ns3:cad>
          </ns3:TrackPointExtension>
        </extensions>
      </trkpt>
      <trkpt lat="24.49444033205509185791015625" lon="118.1425367854535579681396484375">
        <ele>26.6000003814697265625</ele>
        <time>2025-06-10T22:30:03.000Z</time>
        <extensions>
          <ns3:TrackPointExtension>
            <ns3:hr>119</ns3:hr>
            <ns3:cad>88</ns3:cad>
          </ns3:TrackPointExtension>
        </extensions>
      </trkpt>
      <trkpt lat="24.49441577307879924774169921875" lon="118.14252488315105438232421875">
        <ele>27</ele>
        <time>2025-06-10T22:30:04.000Z</time>
        <extensions>
          <ns3:TrackPointExtension>
            <ns3:hr>120</ns3:hr>
            <ns3:cad>88</ns3:cad>
          </ns3:TrackPointExtension>
        </extensions>
      </trkpt>
      <trkpt lat="24.49439330957829952239990234375" lon="118.14251155592501163482666015625">
        <ele>27.200000762939453125</ele>
        <time>2025-06-10T22:30:05.000Z</time>
        <extensions>
          <ns3:TrackPointExtension>
            <ns3:hr>120</ns3:hr>
            <ns3:cad>88</ns3:cad>
          </ns3:TrackPointExtension>
        </extensions>
      </trkpt>
      <trkpt lat="24.49437419883906841278076171875" lon="118.14250518567860126495361328125">
        <ele>27.200000762939453125</ele>
        <time>2025-06-10T22:30:06.000Z</time>
        <extensions>
          <ns3:TrackPointExtension>
            <ns3:hr>121</ns3:hr>
            <ns3:cad>88</ns3:cad>
          </ns3:TrackPointExtension>
        </extensions>
      </trkpt>
      <trkpt lat="24.49434871785342693328857421875" lon="118.14249210990965366363525390625">
        <ele>27.3999996185302734375</ele>
        <time>2025-06-10T22:30:07.000Z</time>
        <extensions>
          <ns3:TrackPointExtension>
            <ns3:hr>121</ns3:hr>
            <ns3:cad>88</ns3:cad>
          </ns3:TrackPointExtension>
        </extensions>
      </trkpt>
      <trkpt lat="24.49432876892387866973876953125" lon="118.14248121343553066253662109375">
        <ele>27.3999996185302734375</ele>
        <time>2025-06-10T22:30:08.000Z</time>
        <extensions>
          <ns3:TrackPointExtension>
            <ns3:hr>121</ns3:hr>
            <ns3:cad>88</ns3:cad>
          </ns3:TrackPointExtension>
        </extensions>
      </trkpt>
      <trkpt lat="24.4943117536604404449462890625" lon="118.1424754299223423004150390625">
        <ele>27.6000003814697265625</ele>
        <time>2025-06-10T22:30:09.000Z</time>
        <extensions>
          <ns3:TrackPointExtension>
            <ns3:hr>121</ns3:hr>
            <ns3:cad>88</ns3:cad>
          </ns3:TrackPointExtension>
        </extensions>
      </trkpt>
      <trkpt lat="24.49429825879633426666259765625" lon="118.14248104579746723175048828125">
        <ele>27.6000003814697265625</ele>
        <time>2025-06-10T22:30:10.000Z</time>
        <extensions>
          <ns3:TrackPointExtension>
            <ns3:hr>122</ns3:hr>
            <ns3:cad>88</ns3:cad>
          </ns3:TrackPointExtension>
        </extensions>
      </trkpt>
      <trkpt lat="24.49429457075893878936767578125" lon="118.1425002403557300567626953125">
        <ele>27.6000003814697265625</ele>
        <time>2025-06-10T22:30:11.000Z</time>
        <extensions>
          <ns3:TrackPointExtension>
            <ns3:hr>121</ns3:hr>
            <ns3:cad>88</ns3:cad>
          </ns3:TrackPointExtension>
        </extensions>
      </trkpt>
      <trkpt lat="24.49429214000701904296875" lon="118.14251842908561229705810546875">
        <ele>27.799999237060546875</ele>
        <time>2025-06-10T22:30:12.000Z</time>
        <extensions>
          <ns3:TrackPointExtension>
            <ns3:hr>122</ns3:hr>
            <ns3:cad>88</ns3:cad>
          </ns3:TrackPointExtension>
        </extensions>
      </trkpt>
      <trkpt lat="24.494288451969623565673828125" lon="118.1425374560058116912841796875">
        <ele>28</ele>
        <time>2025-06-10T22:30:13.000Z</time>
        <extensions>
          <ns3:TrackPointExtension>
            <ns3:hr>122</ns3:hr>
            <ns3:cad>87</ns3:cad>
          </ns3:TrackPointExtension>
        </extensions>
      </trkpt>
      <trkpt lat="24.4942819140851497650146484375" lon="118.1425709836184978485107421875">
        <ele>28</ele>
        <time>2025-06-10T22:30:14.000Z</time>
        <extensions>
          <ns3:TrackPointExtension>
            <ns3:hr>122</ns3:hr>
            <ns3:cad>87</ns3:cad>
          </ns3:TrackPointExtension>
        </extensions>
      </trkpt>
      <trkpt lat="24.49428099207580089569091796875" lon="118.1425880827009677886962890625">
        <ele>28.200000762939453125</ele>
        <time>2025-06-10T22:30:15.000Z</time>
        <extensions>
          <ns3:TrackPointExtension>
            <ns3:hr>122</ns3:hr>
            <ns3:cad>87</ns3:cad>
          </ns3:TrackPointExtension>
        </extensions>
      </trkpt>
      <trkpt lat="24.49427160434424877166748046875" lon="118.142618425190448760986328125">
        <ele>28.3999996185302734375</ele>
        <time>2025-06-10T22:30:16.000Z</time>
        <extensions>
          <ns3:TrackPointExtension>
            <ns3:hr>122</ns3:hr>
            <ns3:cad>87</ns3:cad>
          </ns3:TrackPointExtension>
        </extensions>
      </trkpt>
      <trkpt lat="24.49426992796361446380615234375" lon="118.1426413916051387786865234375">
        <ele>28.3999996185302734375</ele>
        <time>2025-06-10T22:30:17.000Z</time>
        <extensions>
          <ns3:TrackPointExtension>
            <ns3:hr>122</ns3:hr>
            <ns3:cad>87</ns3:cad>
          </ns3:TrackPointExtension>
        </extensions>
      </trkpt>
      <trkpt lat="24.49425970204174518585205078125" lon="118.14267106354236602783203125">
        <ele>28.6000003814697265625</ele>
        <time>2025-06-10T22:30:18.000Z</time>
        <extensions>
          <ns3:TrackPointExtension>
            <ns3:hr>122</ns3:hr>
            <ns3:cad>87</ns3:cad>
          </ns3:TrackPointExtension>
        </extensions>
      </trkpt>
      <trkpt lat="24.4942559301853179931640625" lon="118.14269721508026123046875">
        <ele>28.799999237060546875</ele>
        <time>2025-06-10T22:30:19.000Z</time>
        <extensions>
          <ns3:TrackPointExtension>
            <ns3:hr>122</ns3:hr>
            <ns3:cad>87</ns3:cad>
          </ns3:TrackPointExtension>
        </extensions>
      </trkpt>
      <trkpt lat="24.49425123631954193115234375" lon="118.14272630028426647186279296875">
        <ele>29</ele>
        <time>2025-06-10T22:30:20.000Z</time>
        <extensions>
          <ns3:TrackPointExtension>
            <ns3:hr>122</ns3:hr>
            <ns3:cad>87</ns3:cad>
          </ns3:TrackPointExtension>
        </extensions>
      </trkpt>
      <trkpt lat="24.49424277059733867645263671875" lon="118.142747841775417327880859375">
        <ele>29.200000762939453125</ele>
        <time>2025-06-10T22:30:21.000Z</time>
        <extensions>
          <ns3:TrackPointExtension>
            <ns3:hr>122</ns3:hr>
            <ns3:cad>87</ns3:cad>
          </ns3:TrackPointExtension>
        </extensions>
      </trkpt>
      <trkpt lat="24.494237489998340606689453125" lon="118.14276670105755329132080078125">
        <ele>29.200000762939453125</ele>
        <time>2025-06-10T22:30:22.000Z</time>
        <extensions>
          <ns3:TrackPointExtension>
            <ns3:hr>123</ns3:hr>
            <ns3:cad>87</ns3:cad>
          </ns3:TrackPointExtension>
        </extensions>
      </trkpt>
      <trkpt lat="24.49422969482839107513427734375" lon="118.14279100857675075531005859375">
        <ele>29.200000762939453125</ele>
        <time>2025-06-10T22:30:23.000Z</time>
        <extensions>
          <ns3:TrackPointExtension>
            <ns3:hr>123</ns3:hr>
            <ns3:cad>87</ns3:cad>
          </ns3:TrackPointExtension>
        </extensions>
      </trkpt>
      <trkpt lat="24.49422265402972698211669921875" lon="118.1428174115717411041259765625">
        <ele>29.3999996185302734375</ele>
        <time>2025-06-10T22:30:24.000Z</time>
        <extensions>
          <ns3:TrackPointExtension>
            <ns3:hr>123</ns3:hr>
            <ns3:cad>87</ns3:cad>
          </ns3:TrackPointExtension>
        </extensions>
      </trkpt>
      <trkpt lat="24.49421368539333343505859375" lon="118.14284783788025379180908203125">
        <ele>29.3999996185302734375</ele>
        <time>2025-06-10T22:30:25.000Z</time>
        <extensions>
          <ns3:TrackPointExtension>
            <ns3:hr>122</ns3:hr>
            <ns3:cad>87</ns3:cad>
          </ns3:TrackPointExtension>
        </extensions>
      </trkpt>
      <trkpt lat="24.4941969215869903564453125" lon="118.142870552837848663330078125">
        <ele>29.3999996185302734375</ele>
        <time>2025-06-10T22:30:26.000Z</time>
        <extensions>
          <ns3:TrackPointExtension>
            <ns3:hr>122</ns3:hr>
            <ns3:cad>87</ns3:cad>
          </ns3:TrackPointExtension>
        </extensions>
      </trkpt>
      <trkpt lat="24.494191221892833709716796875" lon="118.1429002247750759124755859375">
        <ele>29.6000003814697265625</ele>
        <time>2025-06-10T22:30:27.000Z</time>
        <extensions>
          <ns3:TrackPointExtension>
            <ns3:hr>122</ns3:hr>
            <ns3:cad>88</ns3:cad>
          </ns3:TrackPointExtension>
        </extensions>
      </trkpt>
      <trkpt lat="24.4941830076277256011962890625" lon="118.14291791059076786041259765625">
        <ele>29.799999237060546875</ele>
        <time>2025-06-10T22:30:28.000Z</time>
        <extensions>
          <ns3:TrackPointExtension>
            <ns3:hr>123</ns3:hr>
            <ns3:cad>88</ns3:cad>
          </ns3:TrackPointExtension>
        </extensions>
      </trkpt>
      <trkpt lat="24.494173787534236907958984375" lon="118.142942301928997039794921875">
        <ele>29.799999237060546875</ele>
        <time>2025-06-10T22:30:29.000Z</time>
        <extensions>
          <ns3:TrackPointExtension>
            <ns3:hr>122</ns3:hr>
            <ns3:cad>88</ns3:cad>
          </ns3:TrackPointExtension>
        </extensions>
      </trkpt>
      <trkpt lat="24.4941700994968414306640625" lon="118.1429599039256572723388671875">
        <ele>30</ele>
        <time>2025-06-10T22:30:30.000Z</time>
        <extensions>
          <ns3:TrackPointExtension>
            <ns3:hr>122</ns3:hr>
            <ns3:cad>88</ns3:cad>
          </ns3:TrackPointExtension>
        </extensions>
      </trkpt>
      <trkpt lat="24.49416129849851131439208984375" lon="118.142980523407459259033203125">
        <ele>30</ele>
        <time>2025-06-10T22:30:31.000Z</time>
        <extensions>
          <ns3:TrackPointExtension>
            <ns3:hr>123</ns3:hr>
            <ns3:cad>88</ns3:cad>
          </ns3:TrackPointExtension>
        </extensions>
      </trkpt>
      <trkpt lat="24.494155347347259521484375" lon="118.1429987959563732147216796875">
        <ele>30.200000762939453125</ele>
        <time>2025-06-10T22:30:32.000Z</time>
        <extensions>
          <ns3:TrackPointExtension>
            <ns3:hr>122</ns3:hr>
            <ns3:cad>88</ns3:cad>
          </ns3:TrackPointExtension>
        </extensions>
      </trkpt>
      <trkpt lat="24.4941474683582782745361328125" lon="118.14302050508558750152587890625">
        <ele>30.200000762939453125</ele>
        <time>2025-06-10T22:30:33.000Z</time>
        <extensions>
          <ns3:TrackPointExtension>
            <ns3:hr>122</ns3:hr>
            <ns3:cad>88</ns3:cad>
          </ns3:TrackPointExtension>
        </extensions>
      </trkpt>
      <trkpt lat="24.49414126574993133544921875" lon="118.143043220043182373046875">
        <ele>30.200000762939453125</ele>
        <time>2025-06-10T22:30:34.000Z</time>
        <extensions>
          <ns3:TrackPointExtension>
            <ns3:hr>123</ns3:hr>
            <ns3:cad>88</ns3:cad>
          </ns3:TrackPointExtension>
        </extensions>
      </trkpt>
      <trkpt lat="24.4941424392163753509521484375" lon="118.14306710846722126007080078125">
        <ele>30.200000762939453125</ele>
        <time>2025-06-10T22:30:35.000Z</time>
        <extensions>
          <ns3:TrackPointExtension>
            <ns3:hr>122</ns3:hr>
            <ns3:cad>88</ns3:cad>
          </ns3:TrackPointExtension>
        </extensions>
      </trkpt>
      <trkpt lat="24.49413900263607501983642578125" lon="118.1430953554809093475341796875">
        <ele>30.200000762939453125</ele>
        <time>2025-06-10T22:30:36.000Z</time>
        <extensions>
          <ns3:TrackPointExtension>
            <ns3:hr>122</ns3:hr>
            <ns3:cad>88</ns3:cad>
          </ns3:TrackPointExtension>
        </extensions>
      </trkpt>
      <trkpt lat="24.49413120746612548828125" lon="118.14312511123716831207275390625">
        <ele>30.200000762939453125</ele>
        <time>2025-06-10T22:30:37.000Z</time>
        <extensions>
          <ns3:TrackPointExtension>
            <ns3:hr>122</ns3:hr>
            <ns3:cad>88</ns3:cad>
          </ns3:TrackPointExtension>
        </extensions>
      </trkpt>
      <trkpt lat="24.49412844143807888031005859375" lon="118.14315528608858585357666015625">
        <ele>30.3999996185302734375</ele>
        <time>2025-06-10T22:30:38.000Z</time>
        <extensions>
          <ns3:TrackPointExtension>
            <ns3:hr>122</ns3:hr>
            <ns3:cad>88</ns3:cad>
          </ns3:TrackPointExtension>
        </extensions>
      </trkpt>
      <trkpt lat="24.494123160839080810546875" lon="118.1431813538074493408203125">
        <ele>30.3999996185302734375</ele>
        <time>2025-06-10T22:30:39.000Z</time>
        <extensions>
          <ns3:TrackPointExtension>
            <ns3:hr>122</ns3:hr>
            <ns3:cad>88</ns3:cad>
          </ns3:TrackPointExtension>
        </extensions>
      </trkpt>
      <trkpt lat="24.49411637149751186370849609375" lon="118.14320021308958530426025390625">
        <ele>30.3999996185302734375</ele>
        <time>2025-06-10T22:30:40.000Z</time>
        <extensions>
          <ns3:TrackPointExtension>
            <ns3:hr>122</ns3:hr>
            <ns3:cad>87</ns3:cad>
          </ns3:TrackPointExtension>
        </extensions>
      </trkpt>
      <trkpt lat="24.49410061351954936981201171875" lon="118.14320708625018596649169921875">
        <ele>30.3999996185302734375</ele>
        <time>2025-06-10T22:30:41.000Z</time>
        <extensions>
          <ns3:TrackPointExtension>
            <ns3:hr>123</ns3:hr>
            <ns3:cad>87</ns3:cad>
          </ns3:TrackPointExtension>
        </extensions>
      </trkpt>
      <trkpt lat="24.49408502317965030670166015625" lon="118.14321446232497692108154296875">
        <ele>30.200000762939453125</ele>
        <time>2025-06-10T22:30:42.000Z</time>
        <extensions>
          <ns3:TrackPointExtension>
            <ns3:hr>122</ns3:hr>
            <ns3:cad>86</ns3:cad>
          </ns3:TrackPointExtension>
        </extensions>
      </trkpt>
      <trkpt lat="24.4940737076103687286376953125" lon="118.1432190723717212677001953125">
        <ele>30</ele>
        <time>2025-06-10T22:30:43.000Z</time>
        <extensions>
          <ns3:TrackPointExtension>
            <ns3:hr>122</ns3:hr>
            <ns3:cad>86</ns3:cad>
          </ns3:TrackPointExtension>
        </extensions>
      </trkpt>
      <trkpt lat="24.4940599612891674041748046875" lon="118.14321999438107013702392578125">
        <ele>29.799999237060546875</ele>
        <time>2025-06-10T22:30:44.000Z</time>
        <extensions>
          <ns3:TrackPointExtension>
            <ns3:hr>122</ns3:hr>
            <ns3:cad>0</ns3:cad>
          </ns3:TrackPointExtension>
        </extensions>
      </trkpt>
      <trkpt lat="24.49405166320502758026123046875" lon="118.143219240009784698486328125">
        <ele>29.6000003814697265625</ele>
        <time>2025-06-10T22:30:45.000Z</time>
        <extensions>
          <ns3:TrackPointExtension>
            <ns3:hr>122</ns3:hr>
            <ns3:cad>0</ns3:cad>
          </ns3:TrackPointExtension>
        </extensions>
      </trkpt>
      <trkpt lat="24.49405032210052013397216796875" lon="118.1432130374014377593994140625">
        <ele>29.3999996185302734375</ele>
        <time>2025-06-10T22:30:46.000Z</time>
        <extensions>
          <ns3:TrackPointExtension>
            <ns3:hr>122</ns3:hr>
            <ns3:cad>0</ns3:cad>
          </ns3:TrackPointExtension>
        </extensions>
      </trkpt>
      <trkpt lat="24.4940413534641265869140625" lon="118.143211863934993743896484375">
        <ele>29.200000762939453125</ele>
        <time>2025-06-10T22:30:47.000Z</time>
        <extensions>
          <ns3:TrackPointExtension>
            <ns3:hr>123</ns3:hr>
            <ns3:cad>0</ns3:cad>
          </ns3:TrackPointExtension>
        </extensions>
      </trkpt>
      <trkpt lat="24.49403322301805019378662109375" lon="118.1432133726775646209716796875">
        <ele>29.200000762939453125</ele>
        <time>2025-06-10T22:30:48.000Z</time>
        <extensions>
          <ns3:TrackPointExtension>
            <ns3:hr>122</ns3:hr>
            <ns3:cad>0</ns3:cad>
          </ns3:TrackPointExtension>
        </extensions>
      </trkpt>
      <trkpt lat="24.4940185546875" lon="118.14322066493332386016845703125">
        <ele>29.200000762939453125</ele>
        <time>2025-06-10T22:30:49.000Z</time>
        <extensions>
          <ns3:TrackPointExtension>
            <ns3:hr>121</ns3:hr>
            <ns3:cad>0</ns3:cad>
          </ns3:TrackPointExtension>
        </extensions>
      </trkpt>
      <trkpt lat="24.493987374007701873779296875" lon="118.1432187370955944061279296875">
        <ele>29.200000762939453125</ele>
        <time>2025-06-10T22:30:50.000Z</time>
        <extensions>
          <ns3:TrackPointExtension>
            <ns3:hr>120</ns3:hr>
            <ns3:cad>0</ns3:cad>
          </ns3:TrackPointExtension>
        </extensions>
      </trkpt>
      <trkpt lat="24.49396130628883838653564453125" lon="118.14322150312364101409912109375">
        <ele>29.200000762939453125</ele>
        <time>2025-06-10T22:30:51.000Z</time>
        <extensions>
          <ns3:TrackPointExtension>
            <ns3:hr>120</ns3:hr>
            <ns3:cad>0</ns3:cad>
          </ns3:TrackPointExtension>
        </extensions>
      </trkpt>
      <trkpt lat="24.49392543174326419830322265625" lon="118.14322116784751415252685546875">
        <ele>29.200000762939453125</ele>
        <time>2025-06-10T22:30:52.000Z</time>
        <extensions>
          <ns3:TrackPointExtension>
            <ns3:hr>119</ns3:hr>
            <ns3:cad>0</ns3:cad>
          </ns3:TrackPointExtension>
        </extensions>
      </trkpt>
      <trkpt lat="24.49391084723174571990966796875" lon="118.14322368241846561431884765625">
        <ele>29.200000762939453125</ele>
        <time>2025-06-10T22:30:53.000Z</time>
        <extensions>
          <ns3:TrackPointExtension>
            <ns3:hr>118</ns3:hr>
            <ns3:cad>83</ns3:cad>
          </ns3:TrackPointExtension>
        </extensions>
      </trkpt>
      <trkpt lat="24.493892826139926910400390625" lon="118.1432344950735569000244140625">
        <ele>29.3999996185302734375</ele>
        <time>2025-06-10T22:30:54.000Z</time>
        <extensions>
          <ns3:TrackPointExtension>
            <ns3:hr>118</ns3:hr>
            <ns3:cad>85</ns3:cad>
          </ns3:TrackPointExtension>
        </extensions>
      </trkpt>
      <trkpt lat="24.49387430213391780853271484375" lon="118.14325285144150257110595703125">
        <ele>29.3999996185302734375</ele>
        <time>2025-06-10T22:30:55.000Z</time>
        <extensions>
          <ns3:TrackPointExtension>
            <ns3:hr>118</ns3:hr>
            <ns3:cad>85</ns3:cad>
          </ns3:TrackPointExtension>
        </extensions>
      </trkpt>
      <trkpt lat="24.49387170374393463134765625" lon="118.1432700343430042266845703125">
        <ele>29.6000003814697265625</ele>
        <time>2025-06-10T22:30:56.000Z</time>
        <extensions>
          <ns3:TrackPointExtension>
            <ns3:hr>117</ns3:hr>
            <ns3:cad>85</ns3:cad>
          </ns3:TrackPointExtension>
        </extensions>
      </trkpt>
      <trkpt lat="24.49386139400303363800048828125" lon="118.14330247230827808380126953125">
        <ele>29.799999237060546875</ele>
        <time>2025-06-10T22:30:57.000Z</time>
        <extensions>
          <ns3:TrackPointExtension>
            <ns3:hr>117</ns3:hr>
            <ns3:cad>85</ns3:cad>
          </ns3:TrackPointExtension>
        </extensions>
      </trkpt>
      <trkpt lat="24.49385452084243297576904296875" lon="118.143322505056858062744140625">
        <ele>29.799999237060546875</ele>
        <time>2025-06-10T22:30:58.000Z</time>
        <extensions>
          <ns3:TrackPointExtension>
            <ns3:hr>117</ns3:hr>
            <ns3:cad>84</ns3:cad>
          </ns3:TrackPointExtension>
        </extensions>
      </trkpt>
      <trkpt lat="24.49385183863341808319091796875" lon="118.14334907568991184234619140625">
        <ele>30</ele>
        <time>2025-06-10T22:30:59.000Z</time>
        <extensions>
          <ns3:TrackPointExtension>
            <ns3:hr>117</ns3:hr>
            <ns3:cad>84</ns3:cad>
          </ns3:TrackPointExtension>
        </extensions>
      </trkpt>
      <trkpt lat="24.49384412728250026702880859375" lon="118.1433722935616970062255859375">
        <ele>30.200000762939453125</ele>
        <time>2025-06-10T22:31:00.000Z</time>
        <extensions>
          <ns3:TrackPointExtension>
            <ns3:hr>117</ns3:hr>
            <ns3:cad>84</ns3:cad>
          </ns3:TrackPointExtension>
        </extensions>
      </trkpt>
      <trkpt lat="24.49383926577866077423095703125" lon="118.1433986127376556396484375">
        <ele>30.3999996185302734375</ele>
        <time>2025-06-10T22:31:01.000Z</time>
        <extensions>
          <ns3:TrackPointExtension>
            <ns3:hr>117</ns3:hr>
            <ns3:cad>85</ns3:cad>
          </ns3:TrackPointExtension>
        </extensions>
      </trkpt>
      <trkpt lat="24.49382878839969635009765625" lon="118.14342652447521686553955078125">
        <ele>30.3999996185302734375</ele>
        <time>2025-06-10T22:31:02.000Z</time>
        <extensions>
          <ns3:TrackPointExtension>
            <ns3:hr>117</ns3:hr>
            <ns3:cad>86</ns3:cad>
          </ns3:TrackPointExtension>
        </extensions>
      </trkpt>
      <trkpt lat="24.4938212446868419647216796875" lon="118.143445551395416259765625">
        <ele>30.6000003814697265625</ele>
        <time>2025-06-10T22:31:03.000Z</time>
        <extensions>
          <ns3:TrackPointExtension>
            <ns3:hr>117</ns3:hr>
            <ns3:cad>86</ns3:cad>
          </ns3:TrackPointExtension>
        </extensions>
      </trkpt>
      <trkpt lat="24.49381361715495586395263671875" lon="118.143471367657184600830078125">
        <ele>30.799999237060546875</ele>
        <time>2025-06-10T22:31:04.000Z</time>
        <extensions>
          <ns3:TrackPointExtension>
            <ns3:hr>117</ns3:hr>
            <ns3:cad>87</ns3:cad>
          </ns3:TrackPointExtension>
        </extensions>
      </trkpt>
      <trkpt lat="24.493812359869480133056640625" lon="118.14348871819674968719482421875">
        <ele>30.799999237060546875</ele>
        <time>2025-06-10T22:31:05.000Z</time>
        <extensions>
          <ns3:TrackPointExtension>
            <ns3:hr>117</ns3:hr>
            <ns3:cad>87</ns3:cad>
          </ns3:TrackPointExtension>
        </extensions>
      </trkpt>
      <trkpt lat="24.49380456469953060150146484375" lon="118.14351352863013744354248046875">
        <ele>30.6000003814697265625</ele>
        <time>2025-06-10T22:31:06.000Z</time>
        <extensions>
          <ns3:TrackPointExtension>
            <ns3:hr>117</ns3:hr>
            <ns3:cad>87</ns3:cad>
          </ns3:TrackPointExtension>
        </extensions>
      </trkpt>
      <trkpt lat="24.4937994517385959625244140625" lon="118.14353364519774913787841796875">
        <ele>30.6000003814697265625</ele>
        <time>2025-06-10T22:31:07.000Z</time>
        <extensions>
          <ns3:TrackPointExtension>
            <ns3:hr>118</ns3:hr>
            <ns3:cad>87</ns3:cad>
          </ns3:TrackPointExtension>
        </extensions>
      </trkpt>
      <trkpt lat="24.49379266239702701568603515625" lon="118.14356482587754726409912109375">
        <ele>30.6000003814697265625</ele>
        <time>2025-06-10T22:31:08.000Z</time>
        <extensions>
          <ns3:TrackPointExtension>
            <ns3:hr>118</ns3:hr>
            <ns3:cad>87</ns3:cad>
          </ns3:TrackPointExtension>
        </extensions>
      </trkpt>
      <trkpt lat="24.4937892258167266845703125" lon="118.14358594827353954315185546875">
        <ele>30.6000003814697265625</ele>
        <time>2025-06-10T22:31:09.000Z</time>
        <extensions>
          <ns3:TrackPointExtension>
            <ns3:hr>118</ns3:hr>
            <ns3:cad>87</ns3:cad>
          </ns3:TrackPointExtension>
        </extensions>
      </trkpt>
      <trkpt lat="24.493785202503204345703125" lon="118.14361712895333766937255859375">
        <ele>30.6000003814697265625</ele>
        <time>2025-06-10T22:31:10.000Z</time>
        <extensions>
          <ns3:TrackPointExtension>
            <ns3:hr>117</ns3:hr>
            <ns3:cad>87</ns3:cad>
          </ns3:TrackPointExtension>
        </extensions>
      </trkpt>
      <trkpt lat="24.49378210119903087615966796875" lon="118.1436421908438205718994140625">
        <ele>30.6000003814697265625</ele>
        <time>2025-06-10T22:31:11.000Z</time>
        <extensions>
          <ns3:TrackPointExtension>
            <ns3:hr>118</ns3:hr>
            <ns3:cad>87</ns3:cad>
          </ns3:TrackPointExtension>
        </extensions>
      </trkpt>
      <trkpt lat="24.49378210119903087615966796875" lon="118.143668510019779205322265625">
        <ele>30.6000003814697265625</ele>
        <time>2025-06-10T22:31:12.000Z</time>
        <extensions>
          <ns3:TrackPointExtension>
            <ns3:hr>118</ns3:hr>
            <ns3:cad>88</ns3:cad>
          </ns3:TrackPointExtension>
        </extensions>
      </trkpt>
      <trkpt lat="24.49377355165779590606689453125" lon="118.1436985172331333160400390625">
        <ele>30.6000003814697265625</ele>
        <time>2025-06-10T22:31:13.000Z</time>
        <extensions>
          <ns3:TrackPointExtension>
            <ns3:hr>117</ns3:hr>
            <ns3:cad>88</ns3:cad>
          </ns3:TrackPointExtension>
        </extensions>
      </trkpt>
      <trkpt lat="24.49377556331455707550048828125" lon="118.14372517168521881103515625">
        <ele>30.6000003814697265625</ele>
        <time>2025-06-10T22:31:14.000Z</time>
        <extensions>
          <ns3:TrackPointExtension>
            <ns3:hr>118</ns3:hr>
            <ns3:cad>87</ns3:cad>
          </ns3:TrackPointExtension>
        </extensions>
      </trkpt>
      <trkpt lat="24.49377120472490787506103515625" lon="118.14375459216535091400146484375">
        <ele>30.799999237060546875</ele>
        <time>2025-06-10T22:31:15.000Z</time>
        <extensions>
          <ns3:TrackPointExtension>
            <ns3:hr>118</ns3:hr>
            <ns3:cad>87</ns3:cad>
          </ns3:TrackPointExtension>
        </extensions>
      </trkpt>
      <trkpt lat="24.49377221055328845977783203125" lon="118.14377479255199432373046875">
        <ele>30.799999237060546875</ele>
        <time>2025-06-10T22:31:16.000Z</time>
        <extensions>
          <ns3:TrackPointExtension>
            <ns3:hr>119</ns3:hr>
            <ns3:cad>87</ns3:cad>
          </ns3:TrackPointExtension>
        </extensions>
      </trkpt>
      <trkpt lat="24.49376902543008327484130859375" lon="118.14380890689790248870849609375">
        <ele>30.799999237060546875</ele>
        <time>2025-06-10T22:31:17.000Z</time>
        <extensions>
          <ns3:TrackPointExtension>
            <ns3:hr>119</ns3:hr>
            <ns3:cad>87</ns3:cad>
          </ns3:TrackPointExtension>
        </extensions>
      </trkpt>
      <trkpt lat="24.4937702827155590057373046875" lon="118.143832124769687652587890625">
        <ele>30.799999237060546875</ele>
        <time>2025-06-10T22:31:18.000Z</time>
        <extensions>
          <ns3:TrackPointExtension>
            <ns3:hr>120</ns3:hr>
            <ns3:cad>87</ns3:cad>
          </ns3:TrackPointExtension>
        </extensions>
      </trkpt>
      <trkpt lat="24.4937682710587978363037109375" lon="118.1438617967069149017333984375">
        <ele>30.799999237060546875</ele>
        <time>2025-06-10T22:31:19.000Z</time>
        <extensions>
          <ns3:TrackPointExtension>
            <ns3:hr>120</ns3:hr>
            <ns3:cad>87</ns3:cad>
          </ns3:TrackPointExtension>
        </extensions>
      </trkpt>
      <trkpt lat="24.4937642477452754974365234375" lon="118.143884427845478057861328125">
        <ele>30.799999237060546875</ele>
        <time>2025-06-10T22:31:20.000Z</time>
        <extensions>
          <ns3:TrackPointExtension>
            <ns3:hr>120</ns3:hr>
            <ns3:cad>87</ns3:cad>
          </ns3:TrackPointExtension>
        </extensions>
      </trkpt>
      <trkpt lat="24.4937662594020366668701171875" lon="118.1439087353646755218505859375">
        <ele>30.799999237060546875</ele>
        <time>2025-06-10T22:31:21.000Z</time>
        <extensions>
          <ns3:TrackPointExtension>
            <ns3:hr>120</ns3:hr>
            <ns3:cad>87</ns3:cad>
          </ns3:TrackPointExtension>
        </extensions>
      </trkpt>
      <trkpt lat="24.4937602244317531585693359375" lon="118.14392927102744579315185546875">
        <ele>31</ele>
        <time>2025-06-10T22:31:22.000Z</time>
        <extensions>
          <ns3:TrackPointExtension>
            <ns3:hr>121</ns3:hr>
            <ns3:cad>87</ns3:cad>
          </ns3:TrackPointExtension>
        </extensions>
      </trkpt>
      <trkpt lat="24.49375980533659458160400390625" lon="118.1439503096044063568115234375">
        <ele>31</ele>
        <time>2025-06-10T22:31:23.000Z</time>
        <extensions>
          <ns3:TrackPointExtension>
            <ns3:hr>121</ns3:hr>
            <ns3:cad>87</ns3:cad>
          </ns3:TrackPointExtension>
        </extensions>
      </trkpt>
      <trkpt lat="24.49375460855662822723388671875" lon="118.14397201873362064361572265625">
        <ele>31</ele>
        <time>2025-06-10T22:31:24.000Z</time>
        <extensions>
          <ns3:TrackPointExtension>
            <ns3:hr>121</ns3:hr>
            <ns3:cad>87</ns3:cad>
          </ns3:TrackPointExtension>
        </extensions>
      </trkpt>
      <trkpt lat="24.49375326745212078094482421875" lon="118.14399347640573978424072265625">
        <ele>31</ele>
        <time>2025-06-10T22:31:25.000Z</time>
        <extensions>
          <ns3:TrackPointExtension>
            <ns3:hr>120</ns3:hr>
            <ns3:cad>87</ns3:cad>
          </ns3:TrackPointExtension>
        </extensions>
      </trkpt>
      <trkpt lat="24.49374429881572723388671875" lon="118.1440163590013980865478515625">
        <ele>31.200000762939453125</ele>
        <time>2025-06-10T22:31:26.000Z</time>
        <extensions>
          <ns3:TrackPointExtension>
            <ns3:hr>120</ns3:hr>
            <ns3:cad>87</ns3:cad>
          </ns3:TrackPointExtension>
        </extensions>
      </trkpt>
      <trkpt lat="24.49374119751155376434326171875" lon="118.14404075033962726593017578125">
        <ele>31</ele>
        <time>2025-06-10T22:31:27.000Z</time>
        <extensions>
          <ns3:TrackPointExtension>
            <ns3:hr>120</ns3:hr>
            <ns3:cad>88</ns3:cad>
          </ns3:TrackPointExtension>
        </extensions>
      </trkpt>
      <trkpt lat="24.49372426606714725494384765625" lon="118.14407025463879108428955078125">
        <ele>31</ele>
        <time>2025-06-10T22:31:28.000Z</time>
        <extensions>
          <ns3:TrackPointExtension>
            <ns3:hr>121</ns3:hr>
            <ns3:cad>88</ns3:cad>
          </ns3:TrackPointExtension>
        </extensions>
      </trkpt>
      <trkpt lat="24.493717141449451446533203125" lon="118.14408970065414905548095703125">
        <ele>31</ele>
        <time>2025-06-10T22:31:29.000Z</time>
        <extensions>
          <ns3:TrackPointExtension>
            <ns3:hr>121</ns3:hr>
            <ns3:cad>87</ns3:cad>
          </ns3:TrackPointExtension>
        </extensions>
      </trkpt>
      <trkpt lat="24.49369811452925205230712890625" lon="118.14411920495331287384033203125">
        <ele>31</ele>
        <time>2025-06-10T22:31:30.000Z</time>
        <extensions>
          <ns3:TrackPointExtension>
            <ns3:hr>121</ns3:hr>
            <ns3:cad>87</ns3:cad>
          </ns3:TrackPointExtension>
        </extensions>
      </trkpt>
      <trkpt lat="24.4936924986541271209716796875" lon="118.14413764514029026031494140625">
        <ele>31</ele>
        <time>2025-06-10T22:31:31.000Z</time>
        <extensions>
          <ns3:TrackPointExtension>
            <ns3:hr>120</ns3:hr>
            <ns3:cad>87</ns3:cad>
          </ns3:TrackPointExtension>
        </extensions>
      </trkpt>
      <trkpt lat="24.49368537403643131256103515625" lon="118.1441705860197544097900390625">
        <ele>31</ele>
        <time>2025-06-10T22:31:32.000Z</time>
        <extensions>
          <ns3:TrackPointExtension>
            <ns3:hr>121</ns3:hr>
            <ns3:cad>88</ns3:cad>
          </ns3:TrackPointExtension>
        </extensions>
      </trkpt>
      <trkpt lat="24.493686296045780181884765625" lon="118.14418676309287548065185546875">
        <ele>31</ele>
        <time>2025-06-10T22:31:33.000Z</time>
        <extensions>
          <ns3:TrackPointExtension>
            <ns3:hr>121</ns3:hr>
            <ns3:cad>88</ns3:cad>
          </ns3:TrackPointExtension>
        </extensions>
      </trkpt>
      <trkpt lat="24.49368202127516269683837890625" lon="118.14421677030622959136962890625">
        <ele>31</ele>
        <time>2025-06-10T22:31:34.000Z</time>
        <extensions>
          <ns3:TrackPointExtension>
            <ns3:hr>120</ns3:hr>
            <ns3:cad>88</ns3:cad>
          </ns3:TrackPointExtension>
        </extensions>
      </trkpt>
      <trkpt lat="24.4936747290194034576416015625" lon="118.14423755742609500885009765625">
        <ele>31</ele>
        <time>2025-06-10T22:31:35.000Z</time>
        <extensions>
          <ns3:TrackPointExtension>
            <ns3:hr>121</ns3:hr>
            <ns3:cad>88</ns3:cad>
          </ns3:TrackPointExtension>
        </extensions>
      </trkpt>
      <trkpt lat="24.49367447756230831146240234375" lon="118.14425968565046787261962890625">
        <ele>31</ele>
        <time>2025-06-10T22:31:36.000Z</time>
        <extensions>
          <ns3:TrackPointExtension>
            <ns3:hr>121</ns3:hr>
            <ns3:cad>88</ns3:cad>
          </ns3:TrackPointExtension>
        </extensions>
      </trkpt>
      <trkpt lat="24.493668861687183380126953125" lon="118.14428080804646015167236328125">
        <ele>31</ele>
        <time>2025-06-10T22:31:37.000Z</time>
        <extensions>
          <ns3:TrackPointExtension>
            <ns3:hr>120</ns3:hr>
            <ns3:cad>88</ns3:cad>
          </ns3:TrackPointExtension>
        </extensions>
      </trkpt>
      <trkpt lat="24.49365972541272640228271484375" lon="118.1443070434033870697021484375">
        <ele>31</ele>
        <time>2025-06-10T22:31:38.000Z</time>
        <extensions>
          <ns3:TrackPointExtension>
            <ns3:hr>121</ns3:hr>
            <ns3:cad>88</ns3:cad>
          </ns3:TrackPointExtension>
        </extensions>
      </trkpt>
      <trkpt lat="24.49364530853927135467529296875" lon="118.14432732760906219482421875">
        <ele>31</ele>
        <time>2025-06-10T22:31:39.000Z</time>
        <extensions>
          <ns3:TrackPointExtension>
            <ns3:hr>121</ns3:hr>
            <ns3:cad>88</ns3:cad>
          </ns3:TrackPointExtension>
        </extensions>
      </trkpt>
      <trkpt lat="24.4936358369886875152587890625" lon="118.14435071311891078948974609375">
        <ele>31</ele>
        <time>2025-06-10T22:31:40.000Z</time>
        <extensions>
          <ns3:TrackPointExtension>
            <ns3:hr>120</ns3:hr>
            <ns3:cad>88</ns3:cad>
          </ns3:TrackPointExtension>
        </extensions>
      </trkpt>
      <trkpt lat="24.4936244376003742218017578125" lon="118.144374601542949676513671875">
        <ele>31</ele>
        <time>2025-06-10T22:31:41.000Z</time>
        <extensions>
          <ns3:TrackPointExtension>
            <ns3:hr>121</ns3:hr>
            <ns3:cad>88</ns3:cad>
          </ns3:TrackPointExtension>
        </extensions>
      </trkpt>
      <trkpt lat="24.49362267740070819854736328125" lon="118.1443948857486248016357421875">
        <ele>31</ele>
        <time>2025-06-10T22:31:42.000Z</time>
        <extensions>
          <ns3:TrackPointExtension>
            <ns3:hr>121</ns3:hr>
            <ns3:cad>88</ns3:cad>
          </ns3:TrackPointExtension>
        </extensions>
      </trkpt>
      <trkpt lat="24.49361161328852176666259765625" lon="118.14442246221005916595458984375">
        <ele>31</ele>
        <time>2025-06-10T22:31:43.000Z</time>
        <extensions>
          <ns3:TrackPointExtension>
            <ns3:hr>120</ns3:hr>
            <ns3:cad>88</ns3:cad>
          </ns3:TrackPointExtension>
        </extensions>
      </trkpt>
      <trkpt lat="24.493602477014064788818359375" lon="118.14443863928318023681640625">
        <ele>31</ele>
        <time>2025-06-10T22:31:44.000Z</time>
        <extensions>
          <ns3:TrackPointExtension>
            <ns3:hr>121</ns3:hr>
            <ns3:cad>88</ns3:cad>
          </ns3:TrackPointExtension>
        </extensions>
      </trkpt>
      <trkpt lat="24.49359216727316379547119140625" lon="118.14447040669620037078857421875">
        <ele>31</ele>
        <time>2025-06-10T22:31:45.000Z</time>
        <extensions>
          <ns3:TrackPointExtension>
            <ns3:hr>121</ns3:hr>
            <ns3:cad>88</ns3:cad>
          </ns3:TrackPointExtension>
        </extensions>
      </trkpt>
      <trkpt lat="24.49359183199703693389892578125" lon="118.144493959844112396240234375">
        <ele>31</ele>
        <time>2025-06-10T22:31:46.000Z</time>
        <extensions>
          <ns3:TrackPointExtension>
            <ns3:hr>120</ns3:hr>
            <ns3:cad>88</ns3:cad>
          </ns3:TrackPointExtension>
        </extensions>
      </trkpt>
      <trkpt lat="24.49358604848384857177734375" lon="118.144517429172992706298828125">
        <ele>31</ele>
        <time>2025-06-10T22:31:47.000Z</time>
        <extensions>
          <ns3:TrackPointExtension>
            <ns3:hr>121</ns3:hr>
            <ns3:cad>88</ns3:cad>
          </ns3:TrackPointExtension>
        </extensions>
      </trkpt>
      <trkpt lat="24.49358428828418254852294921875" lon="118.14453729428350925445556640625">
        <ele>31</ele>
        <time>2025-06-10T22:31:48.000Z</time>
        <extensions>
          <ns3:TrackPointExtension>
            <ns3:hr>121</ns3:hr>
            <ns3:cad>88</ns3:cad>
          </ns3:TrackPointExtension>
        </extensions>
      </trkpt>
      <trkpt lat="24.49357573874294757843017578125" lon="118.14456847496330738067626953125">
        <ele>31</ele>
        <time>2025-06-10T22:31:49.000Z</time>
        <extensions>
          <ns3:TrackPointExtension>
            <ns3:hr>121</ns3:hr>
            <ns3:cad>88</ns3:cad>
          </ns3:TrackPointExtension>
        </extensions>
      </trkpt>
      <trkpt lat="24.493571631610393524169921875" lon="118.144588172435760498046875">
        <ele>31.200000762939453125</ele>
        <time>2025-06-10T22:31:50.000Z</time>
        <extensions>
          <ns3:TrackPointExtension>
            <ns3:hr>120</ns3:hr>
            <ns3:cad>88</ns3:cad>
          </ns3:TrackPointExtension>
        </extensions>
      </trkpt>
      <trkpt lat="24.49356484226882457733154296875" lon="118.1446108035743236541748046875">
        <ele>31.200000762939453125</ele>
        <time>2025-06-10T22:31:51.000Z</time>
        <extensions>
          <ns3:TrackPointExtension>
            <ns3:hr>121</ns3:hr>
            <ns3:cad>88</ns3:cad>
          </ns3:TrackPointExtension>
        </extensions>
      </trkpt>
      <trkpt lat="24.4935536943376064300537109375" lon="118.14462882466614246368408203125">
        <ele>31.200000762939453125</ele>
        <time>2025-06-10T22:31:52.000Z</time>
        <extensions>
          <ns3:TrackPointExtension>
            <ns3:hr>121</ns3:hr>
            <ns3:cad>88</ns3:cad>
          </ns3:TrackPointExtension>
        </extensions>
      </trkpt>
      <trkpt lat="24.49354841373860836029052734375" lon="118.14465682022273540496826171875">
        <ele>31.200000762939453125</ele>
        <time>2025-06-10T22:31:53.000Z</time>
        <extensions>
          <ns3:TrackPointExtension>
            <ns3:hr>121</ns3:hr>
            <ns3:cad>88</ns3:cad>
          </ns3:TrackPointExtension>
        </extensions>
      </trkpt>
      <trkpt lat="24.4935406185686588287353515625" lon="118.144679702818393707275390625">
        <ele>31.200000762939453125</ele>
        <time>2025-06-10T22:31:54.000Z</time>
        <extensions>
          <ns3:TrackPointExtension>
            <ns3:hr>121</ns3:hr>
            <ns3:cad>88</ns3:cad>
          </ns3:TrackPointExtension>
        </extensions>
      </trkpt>
      <trkpt lat="24.49353315867483615875244140625" lon="118.14470644108951091766357421875">
        <ele>31.200000762939453125</ele>
        <time>2025-06-10T22:31:55.000Z</time>
        <extensions>
          <ns3:TrackPointExtension>
            <ns3:hr>122</ns3:hr>
            <ns3:cad>88</ns3:cad>
          </ns3:TrackPointExtension>
        </extensions>
      </trkpt>
      <trkpt lat="24.49352947063744068145751953125" lon="118.144729323685169219970703125">
        <ele>31.200000762939453125</ele>
        <time>2025-06-10T22:31:56.000Z</time>
        <extensions>
          <ns3:TrackPointExtension>
            <ns3:hr>122</ns3:hr>
            <ns3:cad>88</ns3:cad>
          </ns3:TrackPointExtension>
        </extensions>
      </trkpt>
      <trkpt lat="24.49352310039103031158447265625" lon="118.1447529606521129608154296875">
        <ele>31.200000762939453125</ele>
        <time>2025-06-10T22:31:57.000Z</time>
        <extensions>
          <ns3:TrackPointExtension>
            <ns3:hr>122</ns3:hr>
            <ns3:cad>88</ns3:cad>
          </ns3:TrackPointExtension>
        </extensions>
      </trkpt>
      <trkpt lat="24.49351228773593902587890625" lon="118.14477366395294666290283203125">
        <ele>31.200000762939453125</ele>
        <time>2025-06-10T22:31:58.000Z</time>
        <extensions>
          <ns3:TrackPointExtension>
            <ns3:hr>122</ns3:hr>
            <ns3:cad>88</ns3:cad>
          </ns3:TrackPointExtension>
        </extensions>
      </trkpt>
      <trkpt lat="24.49349963106215000152587890625" lon="118.14479512162506580352783203125">
        <ele>31.200000762939453125</ele>
        <time>2025-06-10T22:31:59.000Z</time>
        <extensions>
          <ns3:TrackPointExtension>
            <ns3:hr>123</ns3:hr>
            <ns3:cad>89</ns3:cad>
          </ns3:TrackPointExtension>
        </extensions>
      </trkpt>
      <trkpt lat="24.4934846274554729461669921875" lon="118.1448206864297389984130859375">
        <ele>31.200000762939453125</ele>
        <time>2025-06-10T22:32:00.000Z</time>
        <extensions>
          <ns3:TrackPointExtension>
            <ns3:hr>123</ns3:hr>
            <ns3:cad>89</ns3:cad>
          </ns3:TrackPointExtension>
        </extensions>
      </trkpt>
      <trkpt lat="24.49347381480038166046142578125" lon="118.1448441557586193084716796875">
        <ele>31.3999996185302734375</ele>
        <time>2025-06-10T22:32:01.000Z</time>
        <extensions>
          <ns3:TrackPointExtension>
            <ns3:hr>124</ns3:hr>
            <ns3:cad>89</ns3:cad>
          </ns3:TrackPointExtension>
        </extensions>
      </trkpt>
      <trkpt lat="24.49346979148685932159423828125" lon="118.14486905001103878021240234375">
        <ele>31.3999996185302734375</ele>
        <time>2025-06-10T22:32:02.000Z</time>
        <extensions>
          <ns3:TrackPointExtension>
            <ns3:hr>124</ns3:hr>
            <ns3:cad>89</ns3:cad>
          </ns3:TrackPointExtension>
        </extensions>
      </trkpt>
      <trkpt lat="24.49346828274428844451904296875" lon="118.14489520154893398284912109375">
        <ele>31.3999996185302734375</ele>
        <time>2025-06-10T22:32:03.000Z</time>
        <extensions>
          <ns3:TrackPointExtension>
            <ns3:hr>124</ns3:hr>
            <ns3:cad>89</ns3:cad>
          </ns3:TrackPointExtension>
        </extensions>
      </trkpt>
      <trkpt lat="24.49346107430756092071533203125" lon="118.14492286182940006256103515625">
        <ele>31.6000003814697265625</ele>
        <time>2025-06-10T22:32:04.000Z</time>
        <extensions>
          <ns3:TrackPointExtension>
            <ns3:hr>124</ns3:hr>
            <ns3:cad>88</ns3:cad>
          </ns3:TrackPointExtension>
        </extensions>
      </trkpt>
      <trkpt lat="24.4934635050594806671142578125" lon="118.144943900406360626220703125">
        <ele>31.6000003814697265625</ele>
        <time>2025-06-10T22:32:05.000Z</time>
        <extensions>
          <ns3:TrackPointExtension>
            <ns3:hr>124</ns3:hr>
            <ns3:cad>89</ns3:cad>
          </ns3:TrackPointExtension>
        </extensions>
      </trkpt>
      <trkpt lat="24.49345990084111690521240234375" lon="118.14496795646846294403076171875">
        <ele>31.6000003814697265625</ele>
        <time>2025-06-10T22:32:06.000Z</time>
        <extensions>
          <ns3:TrackPointExtension>
            <ns3:hr>124</ns3:hr>
            <ns3:cad>88</ns3:cad>
          </ns3:TrackPointExtension>
        </extensions>
      </trkpt>
      <trkpt lat="24.4934566318988800048828125" lon="118.1449920125305652618408203125">
        <ele>31.6000003814697265625</ele>
        <time>2025-06-10T22:32:07.000Z</time>
        <extensions>
          <ns3:TrackPointExtension>
            <ns3:hr>124</ns3:hr>
            <ns3:cad>88</ns3:cad>
          </ns3:TrackPointExtension>
        </extensions>
      </trkpt>
      <trkpt lat="24.49344850145280361175537109375" lon="118.14502009190618991851806640625">
        <ele>31.6000003814697265625</ele>
        <time>2025-06-10T22:32:08.000Z</time>
        <extensions>
          <ns3:TrackPointExtension>
            <ns3:hr>125</ns3:hr>
            <ns3:cad>88</ns3:cad>
          </ns3:TrackPointExtension>
        </extensions>
      </trkpt>
      <trkpt lat="24.49344883672893047332763671875" lon="118.145043142139911651611328125">
        <ele>31.6000003814697265625</ele>
        <time>2025-06-10T22:32:09.000Z</time>
        <extensions>
          <ns3:TrackPointExtension>
            <ns3:hr>125</ns3:hr>
            <ns3:cad>88</ns3:cad>
          </ns3:TrackPointExtension>
        </extensions>
      </trkpt>
      <trkpt lat="24.49343584477901458740234375" lon="118.1450741551816463470458984375">
        <ele>31.6000003814697265625</ele>
        <time>2025-06-10T22:32:10.000Z</time>
        <extensions>
          <ns3:TrackPointExtension>
            <ns3:hr>125</ns3:hr>
            <ns3:cad>88</ns3:cad>
          </ns3:TrackPointExtension>
        </extensions>
      </trkpt>
      <trkpt lat="24.4934269599616527557373046875" lon="118.14509971998631954193115234375">
        <ele>31.6000003814697265625</ele>
        <time>2025-06-10T22:32:11.000Z</time>
        <extensions>
          <ns3:TrackPointExtension>
            <ns3:hr>126</ns3:hr>
            <ns3:cad>88</ns3:cad>
          </ns3:TrackPointExtension>
        </extensions>
      </trkpt>
      <trkpt lat="24.49341178871691226959228515625" lon="118.1451261229813098907470703125">
        <ele>31.6000003814697265625</ele>
        <time>2025-06-10T22:32:12.000Z</time>
        <extensions>
          <ns3:TrackPointExtension>
            <ns3:hr>127</ns3:hr>
            <ns3:cad>89</ns3:cad>
          </ns3:TrackPointExtension>
        </extensions>
      </trkpt>
      <trkpt lat="24.49339301325380802154541015625" lon="118.145148754119873046875">
        <ele>31.799999237060546875</ele>
        <time>2025-06-10T22:32:13.000Z</time>
        <extensions>
          <ns3:TrackPointExtension>
            <ns3:hr>127</ns3:hr>
            <ns3:cad>89</ns3:cad>
          </ns3:TrackPointExtension>
        </extensions>
      </trkpt>
      <trkpt lat="24.4933679513633251190185546875" lon="118.14516509883105754852294921875">
        <ele>31.6000003814697265625</ele>
        <time>2025-06-10T22:32:14.000Z</time>
        <extensions>
          <ns3:TrackPointExtension>
            <ns3:hr>127</ns3:hr>
            <ns3:cad>89</ns3:cad>
          </ns3:TrackPointExtension>
        </extensions>
      </trkpt>
      <trkpt lat="24.49334330856800079345703125" lon="118.1451769173145294189453125">
        <ele>31.6000003814697265625</ele>
        <time>2025-06-10T22:32:15.000Z</time>
        <extensions>
          <ns3:TrackPointExtension>
            <ns3:hr>128</ns3:hr>
            <ns3:cad>88</ns3:cad>
          </ns3:TrackPointExtension>
        </extensions>
      </trkpt>
      <trkpt lat="24.493316151201725006103515625" lon="118.14518387429416179656982421875">
        <ele>31.6000003814697265625</ele>
        <time>2025-06-10T22:32:16.000Z</time>
        <extensions>
          <ns3:TrackPointExtension>
            <ns3:hr>128</ns3:hr>
            <ns3:cad>88</ns3:cad>
          </ns3:TrackPointExtension>
        </extensions>
      </trkpt>
      <trkpt lat="24.49329930357635021209716796875" lon="118.14518488012254238128662109375">
        <ele>31.6000003814697265625</ele>
        <time>2025-06-10T22:32:17.000Z</time>
        <extensions>
          <ns3:TrackPointExtension>
            <ns3:hr>128</ns3:hr>
            <ns3:cad>88</ns3:cad>
          </ns3:TrackPointExtension>
        </extensions>
      </trkpt>
      <trkpt lat="24.49327231384813785552978515625" lon="118.145179264247417449951171875">
        <ele>31.6000003814697265625</ele>
        <time>2025-06-10T22:32:18.000Z</time>
        <extensions>
          <ns3:TrackPointExtension>
            <ns3:hr>129</ns3:hr>
            <ns3:cad>88</ns3:cad>
          </ns3:TrackPointExtension>
        </extensions>
      </trkpt>
      <trkpt lat="24.49325504712760448455810546875" lon="118.145177923142910003662109375">
        <ele>31.799999237060546875</ele>
        <time>2025-06-10T22:32:19.000Z</time>
        <extensions>
          <ns3:TrackPointExtension>
            <ns3:hr>129</ns3:hr>
            <ns3:cad>88</ns3:cad>
          </ns3:TrackPointExtension>
        </extensions>
      </trkpt>
      <trkpt lat="24.49323694221675395965576171875" lon="118.145179264247417449951171875">
        <ele>32</ele>
        <time>2025-06-10T22:32:20.000Z</time>
        <extensions>
          <ns3:TrackPointExtension>
            <ns3:hr>129</ns3:hr>
            <ns3:cad>88</ns3:cad>
          </ns3:TrackPointExtension>
        </extensions>
      </trkpt>
      <trkpt lat="24.49321967549622058868408203125" lon="118.1451787613332271575927734375">
        <ele>32</ele>
        <time>2025-06-10T22:32:21.000Z</time>
        <extensions>
          <ns3:TrackPointExtension>
            <ns3:hr>129</ns3:hr>
            <ns3:cad>88</ns3:cad>
          </ns3:TrackPointExtension>
        </extensions>
      </trkpt>
      <trkpt lat="24.49320207349956035614013671875" lon="118.14517834223806858062744140625">
        <ele>32</ele>
        <time>2025-06-10T22:32:22.000Z</time>
        <extensions>
          <ns3:TrackPointExtension>
            <ns3:hr>129</ns3:hr>
            <ns3:cad>88</ns3:cad>
          </ns3:TrackPointExtension>
        </extensions>
      </trkpt>
      <trkpt lat="24.49318195693194866180419921875" lon="118.1451730616390705108642578125">
        <ele>32</ele>
        <time>2025-06-10T22:32:23.000Z</time>
        <extensions>
          <ns3:TrackPointExtension>
            <ns3:hr>130</ns3:hr>
            <ns3:cad>88</ns3:cad>
          </ns3:TrackPointExtension>
        </extensions>
      </trkpt>
      <trkpt lat="24.4931607507169246673583984375" lon="118.14517448656260967254638671875">
        <ele>32</ele>
        <time>2025-06-10T22:32:24.000Z</time>
        <extensions>
          <ns3:TrackPointExtension>
            <ns3:hr>129</ns3:hr>
            <ns3:cad>88</ns3:cad>
          </ns3:TrackPointExtension>
        </extensions>
      </trkpt>
      <trkpt lat="24.493134431540966033935546875" lon="118.14517281018197536468505859375">
        <ele>32</ele>
        <time>2025-06-10T22:32:25.000Z</time>
        <extensions>
          <ns3:TrackPointExtension>
            <ns3:hr>130</ns3:hr>
            <ns3:cad>88</ns3:cad>
          </ns3:TrackPointExtension>
        </extensions>
      </trkpt>
      <trkpt lat="24.49310987256467342376708984375" lon="118.1451730616390705108642578125">
        <ele>32</ele>
        <time>2025-06-10T22:32:26.000Z</time>
        <extensions>
          <ns3:TrackPointExtension>
            <ns3:hr>130</ns3:hr>
            <ns3:cad>88</ns3:cad>
          </ns3:TrackPointExtension>
        </extensions>
      </trkpt>
      <trkpt lat="24.4930826313793659210205078125" lon="118.14517264254391193389892578125">
        <ele>32</ele>
        <time>2025-06-10T22:32:27.000Z</time>
        <extensions>
          <ns3:TrackPointExtension>
            <ns3:hr>130</ns3:hr>
            <ns3:cad>88</ns3:cad>
          </ns3:TrackPointExtension>
        </extensions>
      </trkpt>
      <trkpt lat="24.4930594973266124725341796875" lon="118.1451727263629436492919921875">
        <ele>32</ele>
        <time>2025-06-10T22:32:28.000Z</time>
        <extensions>
          <ns3:TrackPointExtension>
            <ns3:hr>129</ns3:hr>
            <ns3:cad>88</ns3:cad>
          </ns3:TrackPointExtension>
        </extensions>
      </trkpt>
      <trkpt lat="24.49302873574197292327880859375" lon="118.14516677521169185638427734375">
        <ele>32</ele>
        <time>2025-06-10T22:32:29.000Z</time>
        <extensions>
          <ns3:TrackPointExtension>
            <ns3:hr>130</ns3:hr>
            <ns3:cad>88</ns3:cad>
          </ns3:TrackPointExtension>
        </extensions>
      </trkpt>
      <trkpt lat="24.49300467967987060546875" lon="118.1451663561165332794189453125">
        <ele>32</ele>
        <time>2025-06-10T22:32:30.000Z</time>
        <extensions>
          <ns3:TrackPointExtension>
            <ns3:hr>130</ns3:hr>
            <ns3:cad>88</ns3:cad>
          </ns3:TrackPointExtension>
        </extensions>
      </trkpt>
      <trkpt lat="24.49297140352427959442138671875" lon="118.14516493119299411773681640625">
        <ele>32</ele>
        <time>2025-06-10T22:32:31.000Z</time>
        <extensions>
          <ns3:TrackPointExtension>
            <ns3:hr>129</ns3:hr>
            <ns3:cad>88</ns3:cad>
          </ns3:TrackPointExtension>
        </extensions>
      </trkpt>
      <trkpt lat="24.4929488562047481536865234375" lon="118.14516275189816951751708984375">
        <ele>32</ele>
        <time>2025-06-10T22:32:32.000Z</time>
        <extensions>
          <ns3:TrackPointExtension>
            <ns3:hr>129</ns3:hr>
            <ns3:cad>88</ns3:cad>
          </ns3:TrackPointExtension>
        </extensions>
      </trkpt>
      <trkpt lat="24.4929159991443157196044921875" lon="118.14515721984207630157470703125">
        <ele>32</ele>
        <time>2025-06-10T22:32:33.000Z</time>
        <extensions>
          <ns3:TrackPointExtension>
            <ns3:hr>129</ns3:hr>
            <ns3:cad>88</ns3:cad>
          </ns3:TrackPointExtension>
        </extensions>
      </trkpt>
      <trkpt lat="24.49289127252995967864990234375" lon="118.1451562978327274322509765625">
        <ele>32</ele>
        <time>2025-06-10T22:32:34.000Z</time>
        <extensions>
          <ns3:TrackPointExtension>
            <ns3:hr>129</ns3:hr>
            <ns3:cad>88</ns3:cad>
          </ns3:TrackPointExtension>
        </extensions>
      </trkpt>
      <trkpt lat="24.49285958893597126007080078125" lon="118.14514833502471446990966796875">
        <ele>32</ele>
        <time>2025-06-10T22:32:35.000Z</time>
        <extensions>
          <ns3:TrackPointExtension>
            <ns3:hr>129</ns3:hr>
            <ns3:cad>88</ns3:cad>
          </ns3:TrackPointExtension>
        </extensions>
      </trkpt>
      <trkpt lat="24.4928388856351375579833984375" lon="118.1451474130153656005859375">
        <ele>32</ele>
        <time>2025-06-10T22:32:36.000Z</time>
        <extensions>
          <ns3:TrackPointExtension>
            <ns3:hr>129</ns3:hr>
            <ns3:cad>88</ns3:cad>
          </ns3:TrackPointExtension>
        </extensions>
      </trkpt>
      <trkpt lat="24.4928147457540035247802734375" lon="118.14513341523706912994384765625">
        <ele>32</ele>
        <time>2025-06-10T22:32:37.000Z</time>
        <extensions>
          <ns3:TrackPointExtension>
            <ns3:hr>129</ns3:hr>
            <ns3:cad>89</ns3:cad>
          </ns3:TrackPointExtension>
        </extensions>
      </trkpt>
      <trkpt lat="24.49279286898672580718994140625" lon="118.14512654207646846771240234375">
        <ele>32</ele>
        <time>2025-06-10T22:32:38.000Z</time>
        <extensions>
          <ns3:TrackPointExtension>
            <ns3:hr>129</ns3:hr>
            <ns3:cad>89</ns3:cad>
          </ns3:TrackPointExtension>
        </extensions>
      </trkpt>
      <trkpt lat="24.4927654601633548736572265625" lon="118.14511053264141082763671875">
        <ele>32</ele>
        <time>2025-06-10T22:32:39.000Z</time>
        <extensions>
          <ns3:TrackPointExtension>
            <ns3:hr>128</ns3:hr>
            <ns3:cad>89</ns3:cad>
          </ns3:TrackPointExtension>
        </extensions>
      </trkpt>
      <trkpt lat="24.49274651706218719482421875" lon="118.145102821290493011474609375">
        <ele>32</ele>
        <time>2025-06-10T22:32:40.000Z</time>
        <extensions>
          <ns3:TrackPointExtension>
            <ns3:hr>128</ns3:hr>
            <ns3:cad>89</ns3:cad>
          </ns3:TrackPointExtension>
        </extensions>
      </trkpt>
      <trkpt lat="24.49271257035434246063232421875" lon="118.14509217627346515655517578125">
        <ele>32</ele>
        <time>2025-06-10T22:32:41.000Z</time>
        <extensions>
          <ns3:TrackPointExtension>
            <ns3:hr>129</ns3:hr>
            <ns3:cad>89</ns3:cad>
          </ns3:TrackPointExtension>
        </extensions>
      </trkpt>
      <trkpt lat="24.49269379489123821258544921875" lon="118.1450925953686237335205078125">
        <ele>32</ele>
        <time>2025-06-10T22:32:42.000Z</time>
        <extensions>
          <ns3:TrackPointExtension>
            <ns3:hr>129</ns3:hr>
            <ns3:cad>89</ns3:cad>
          </ns3:TrackPointExtension>
        </extensions>
      </trkpt>
      <trkpt lat="24.492666386067867279052734375" lon="118.145090080797672271728515625">
        <ele>32</ele>
        <time>2025-06-10T22:32:43.000Z</time>
        <extensions>
          <ns3:TrackPointExtension>
            <ns3:hr>129</ns3:hr>
            <ns3:cad>88</ns3:cad>
          </ns3:TrackPointExtension>
        </extensions>
      </trkpt>
      <trkpt lat="24.4926430843770503997802734375" lon="118.14509267918765544891357421875">
        <ele>32</ele>
        <time>2025-06-10T22:32:44.000Z</time>
        <extensions>
          <ns3:TrackPointExtension>
            <ns3:hr>130</ns3:hr>
            <ns3:cad>88</ns3:cad>
          </ns3:TrackPointExtension>
        </extensions>
      </trkpt>
      <trkpt lat="24.49261265806853771209716796875" lon="118.14508412964642047882080078125">
        <ele>32</ele>
        <time>2025-06-10T22:32:45.000Z</time>
        <extensions>
          <ns3:TrackPointExtension>
            <ns3:hr>130</ns3:hr>
            <ns3:cad>88</ns3:cad>
          </ns3:TrackPointExtension>
        </extensions>
      </trkpt>
      <trkpt lat="24.4925956428050994873046875" lon="118.14507759176194667816162109375">
        <ele>32.200000762939453125</ele>
        <time>2025-06-10T22:32:46.000Z</time>
        <extensions>
          <ns3:TrackPointExtension>
            <ns3:hr>130</ns3:hr>
            <ns3:cad>89</ns3:cad>
          </ns3:TrackPointExtension>
        </extensions>
      </trkpt>
      <trkpt lat="24.49257158674299716949462890625" lon="118.14506493508815765380859375">
        <ele>32.200000762939453125</ele>
        <time>2025-06-10T22:32:47.000Z</time>
        <extensions>
          <ns3:TrackPointExtension>
            <ns3:hr>130</ns3:hr>
            <ns3:cad>89</ns3:cad>
          </ns3:TrackPointExtension>
        </extensions>
      </trkpt>
      <trkpt lat="24.49255079962313175201416015625" lon="118.1450500153005123138427734375">
        <ele>32.200000762939453125</ele>
        <time>2025-06-10T22:32:48.000Z</time>
        <extensions>
          <ns3:TrackPointExtension>
            <ns3:hr>131</ns3:hr>
            <ns3:cad>88</ns3:cad>
          </ns3:TrackPointExtension>
        </extensions>
      </trkpt>
      <trkpt lat="24.492526240646839141845703125" lon="118.1450352631509304046630859375">
        <ele>32.200000762939453125</ele>
        <time>2025-06-10T22:32:49.000Z</time>
        <extensions>
          <ns3:TrackPointExtension>
            <ns3:hr>131</ns3:hr>
            <ns3:cad>88</ns3:cad>
          </ns3:TrackPointExtension>
        </extensions>
      </trkpt>
      <trkpt lat="24.4925056211650371551513671875" lon="118.1450231932103633880615234375">
        <ele>32.200000762939453125</ele>
        <time>2025-06-10T22:32:50.000Z</time>
        <extensions>
          <ns3:TrackPointExtension>
            <ns3:hr>131</ns3:hr>
            <ns3:cad>89</ns3:cad>
          </ns3:TrackPointExtension>
        </extensions>
      </trkpt>
      <trkpt lat="24.49247972108423709869384765625" lon="118.14500634558498859405517578125">
        <ele>32.200000762939453125</ele>
        <time>2025-06-10T22:32:51.000Z</time>
        <extensions>
          <ns3:TrackPointExtension>
            <ns3:hr>131</ns3:hr>
            <ns3:cad>89</ns3:cad>
          </ns3:TrackPointExtension>
        </extensions>
      </trkpt>
      <trkpt lat="24.49246513657271862030029296875" lon="118.14500047825276851654052734375">
        <ele>32.200000762939453125</ele>
        <time>2025-06-10T22:32:52.000Z</time>
        <extensions>
          <ns3:TrackPointExtension>
            <ns3:hr>130</ns3:hr>
            <ns3:cad>89</ns3:cad>
          </ns3:TrackPointExtension>
        </extensions>
      </trkpt>
      <trkpt lat="24.492439068853855133056640625" lon="118.14497902058064937591552734375">
        <ele>32.200000762939453125</ele>
        <time>2025-06-10T22:32:53.000Z</time>
        <extensions>
          <ns3:TrackPointExtension>
            <ns3:hr>131</ns3:hr>
            <ns3:cad>89</ns3:cad>
          </ns3:TrackPointExtension>
        </extensions>
      </trkpt>
      <trkpt lat="24.492414928972721099853515625" lon="118.14497382380068302154541015625">
        <ele>32.200000762939453125</ele>
        <time>2025-06-10T22:32:54.000Z</time>
        <extensions>
          <ns3:TrackPointExtension>
            <ns3:hr>131</ns3:hr>
            <ns3:cad>89</ns3:cad>
          </ns3:TrackPointExtension>
        </extensions>
      </trkpt>
      <trkpt lat="24.49239104054868221282958984375" lon="118.1449703872203826904296875">
        <ele>32.200000762939453125</ele>
        <time>2025-06-10T22:32:55.000Z</time>
        <extensions>
          <ns3:TrackPointExtension>
            <ns3:hr>131</ns3:hr>
            <ns3:cad>89</ns3:cad>
          </ns3:TrackPointExtension>
        </extensions>
      </trkpt>
      <trkpt lat="24.49236539192497730255126953125" lon="118.1449621729552745819091796875">
        <ele>32.40000152587890625</ele>
        <time>2025-06-10T22:32:56.000Z</time>
        <extensions>
          <ns3:TrackPointExtension>
            <ns3:hr>132</ns3:hr>
            <ns3:cad>88</ns3:cad>
          </ns3:TrackPointExtension>
        </extensions>
      </trkpt>
      <trkpt lat="24.4923463650047779083251953125" lon="118.14495990984141826629638671875">
        <ele>32.40000152587890625</ele>
        <time>2025-06-10T22:32:57.000Z</time>
        <extensions>
          <ns3:TrackPointExtension>
            <ns3:hr>132</ns3:hr>
            <ns3:cad>88</ns3:cad>
          </ns3:TrackPointExtension>
        </extensions>
      </trkpt>
      <trkpt lat="24.492322392761707305908203125" lon="118.14495605416595935821533203125">
        <ele>32.40000152587890625</ele>
        <time>2025-06-10T22:32:58.000Z</time>
        <extensions>
          <ns3:TrackPointExtension>
            <ns3:hr>132</ns3:hr>
            <ns3:cad>89</ns3:cad>
          </ns3:TrackPointExtension>
        </extensions>
      </trkpt>
      <trkpt lat="24.49230127036571502685546875" lon="118.14495169557631015777587890625">
        <ele>32.40000152587890625</ele>
        <time>2025-06-10T22:32:59.000Z</time>
        <extensions>
          <ns3:TrackPointExtension>
            <ns3:hr>132</ns3:hr>
            <ns3:cad>89</ns3:cad>
          </ns3:TrackPointExtension>
        </extensions>
      </trkpt>
      <trkpt lat="24.492278806865215301513671875" lon="118.1449433974921703338623046875">
        <ele>32.40000152587890625</ele>
        <time>2025-06-10T22:33:00.000Z</time>
        <extensions>
          <ns3:TrackPointExtension>
            <ns3:hr>131</ns3:hr>
            <ns3:cad>89</ns3:cad>
          </ns3:TrackPointExtension>
        </extensions>
      </trkpt>
      <trkpt lat="24.49225977994501590728759765625" lon="118.14493878744542598724365234375">
        <ele>32.40000152587890625</ele>
        <time>2025-06-10T22:33:01.000Z</time>
        <extensions>
          <ns3:TrackPointExtension>
            <ns3:hr>131</ns3:hr>
            <ns3:cad>88</ns3:cad>
          </ns3:TrackPointExtension>
        </extensions>
      </trkpt>
      <trkpt lat="24.492237567901611328125" lon="118.14493560232222080230712890625">
        <ele>32.40000152587890625</ele>
        <time>2025-06-10T22:33:02.000Z</time>
        <extensions>
          <ns3:TrackPointExtension>
            <ns3:hr>131</ns3:hr>
            <ns3:cad>88</ns3:cad>
          </ns3:TrackPointExtension>
        </extensions>
      </trkpt>
      <trkpt lat="24.49221585877239704132080078125" lon="118.14493493176996707916259765625">
        <ele>32.40000152587890625</ele>
        <time>2025-06-10T22:33:03.000Z</time>
        <extensions>
          <ns3:TrackPointExtension>
            <ns3:hr>131</ns3:hr>
            <ns3:cad>88</ns3:cad>
          </ns3:TrackPointExtension>
        </extensions>
      </trkpt>
      <trkpt lat="24.49219406582415103912353515625" lon="118.1449286453425884246826171875">
        <ele>32.59999847412109375</ele>
        <time>2025-06-10T22:33:04.000Z</time>
        <extensions>
          <ns3:TrackPointExtension>
            <ns3:hr>131</ns3:hr>
            <ns3:cad>88</ns3:cad>
          </ns3:TrackPointExtension>
        </extensions>
      </trkpt>
      <trkpt lat="24.4921723566949367523193359375" lon="118.144923783838748931884765625">
        <ele>32.40000152587890625</ele>
        <time>2025-06-10T22:33:05.000Z</time>
        <extensions>
          <ns3:TrackPointExtension>
            <ns3:hr>131</ns3:hr>
            <ns3:cad>88</ns3:cad>
          </ns3:TrackPointExtension>
        </extensions>
      </trkpt>
      <trkpt lat="24.49214897118508815765380859375" lon="118.1449132226407527923583984375">
        <ele>32.59999847412109375</ele>
        <time>2025-06-10T22:33:06.000Z</time>
        <extensions>
          <ns3:TrackPointExtension>
            <ns3:hr>130</ns3:hr>
            <ns3:cad>88</ns3:cad>
          </ns3:TrackPointExtension>
        </extensions>
      </trkpt>
      <trkpt lat="24.49212952516973018646240234375" lon="118.14490559510886669158935546875">
        <ele>32.40000152587890625</ele>
        <time>2025-06-10T22:33:07.000Z</time>
        <extensions>
          <ns3:TrackPointExtension>
            <ns3:hr>130</ns3:hr>
            <ns3:cad>88</ns3:cad>
          </ns3:TrackPointExtension>
        </extensions>
      </trkpt>
      <trkpt lat="24.49210345745086669921875" lon="118.1449006497859954833984375">
        <ele>32.40000152587890625</ele>
        <time>2025-06-10T22:33:08.000Z</time>
        <extensions>
          <ns3:TrackPointExtension>
            <ns3:hr>130</ns3:hr>
            <ns3:cad>88</ns3:cad>
          </ns3:TrackPointExtension>
        </extensions>
      </trkpt>
      <trkpt lat="24.4920858554542064666748046875" lon="118.1448952853679656982421875">
        <ele>32.40000152587890625</ele>
        <time>2025-06-10T22:33:09.000Z</time>
        <extensions>
          <ns3:TrackPointExtension>
            <ns3:hr>129</ns3:hr>
            <ns3:cad>88</ns3:cad>
          </ns3:TrackPointExtension>
        </extensions>
      </trkpt>
      <trkpt lat="24.4920620508491992950439453125" lon="118.144886903464794158935546875">
        <ele>32.40000152587890625</ele>
        <time>2025-06-10T22:33:10.000Z</time>
        <extensions>
          <ns3:TrackPointExtension>
            <ns3:hr>129</ns3:hr>
            <ns3:cad>88</ns3:cad>
          </ns3:TrackPointExtension>
        </extensions>
      </trkpt>
      <trkpt lat="24.492047131061553955078125" lon="118.1448770128190517425537109375">
        <ele>32.40000152587890625</ele>
        <time>2025-06-10T22:33:11.000Z</time>
        <extensions>
          <ns3:TrackPointExtension>
            <ns3:hr>129</ns3:hr>
            <ns3:cad>88</ns3:cad>
          </ns3:TrackPointExtension>
        </extensions>
      </trkpt>
      <trkpt lat="24.4920243322849273681640625" lon="118.14486536197364330291748046875">
        <ele>32.59999847412109375</ele>
        <time>2025-06-10T22:33:12.000Z</time>
        <extensions>
          <ns3:TrackPointExtension>
            <ns3:hr>129</ns3:hr>
            <ns3:cad>88</ns3:cad>
          </ns3:TrackPointExtension>
        </extensions>
      </trkpt>
      <trkpt lat="24.49200111441314220428466796875" lon="118.144849352538585662841796875">
        <ele>32.59999847412109375</ele>
        <time>2025-06-10T22:33:13.000Z</time>
        <extensions>
          <ns3:TrackPointExtension>
            <ns3:hr>128</ns3:hr>
            <ns3:cad>88</ns3:cad>
          </ns3:TrackPointExtension>
        </extensions>
      </trkpt>
      <trkpt lat="24.49197781272232532501220703125" lon="118.1448416411876678466796875">
        <ele>32.799999237060546875</ele>
        <time>2025-06-10T22:33:14.000Z</time>
        <extensions>
          <ns3:TrackPointExtension>
            <ns3:hr>128</ns3:hr>
            <ns3:cad>88</ns3:cad>
          </ns3:TrackPointExtension>
        </extensions>
      </trkpt>
      <trkpt lat="24.49195367284119129180908203125" lon="118.14483367837965488433837890625">
        <ele>32.799999237060546875</ele>
        <time>2025-06-10T22:33:15.000Z</time>
        <extensions>
          <ns3:TrackPointExtension>
            <ns3:hr>128</ns3:hr>
            <ns3:cad>88</ns3:cad>
          </ns3:TrackPointExtension>
        </extensions>
      </trkpt>
      <trkpt lat="24.491933472454547882080078125" lon="118.14482613466680049896240234375">
        <ele>32.799999237060546875</ele>
        <time>2025-06-10T22:33:16.000Z</time>
        <extensions>
          <ns3:TrackPointExtension>
            <ns3:hr>128</ns3:hr>
            <ns3:cad>88</ns3:cad>
          </ns3:TrackPointExtension>
        </extensions>
      </trkpt>
      <trkpt lat="24.49190774001181125640869140625" lon="118.14481590874493122100830078125">
        <ele>32.799999237060546875</ele>
        <time>2025-06-10T22:33:17.000Z</time>
        <extensions>
          <ns3:TrackPointExtension>
            <ns3:hr>128</ns3:hr>
            <ns3:cad>87</ns3:cad>
          </ns3:TrackPointExtension>
        </extensions>
      </trkpt>
      <trkpt lat="24.4918913953006267547607421875" lon="118.144816495478153228759765625">
        <ele>32.799999237060546875</ele>
        <time>2025-06-10T22:33:18.000Z</time>
        <extensions>
          <ns3:TrackPointExtension>
            <ns3:hr>128</ns3:hr>
            <ns3:cad>87</ns3:cad>
          </ns3:TrackPointExtension>
        </extensions>
      </trkpt>
      <trkpt lat="24.491871781647205352783203125" lon="118.14482764340937137603759765625">
        <ele>32.799999237060546875</ele>
        <time>2025-06-10T22:33:19.000Z</time>
        <extensions>
          <ns3:TrackPointExtension>
            <ns3:hr>128</ns3:hr>
            <ns3:cad>88</ns3:cad>
          </ns3:TrackPointExtension>
        </extensions>
      </trkpt>
      <trkpt lat="24.4918538443744182586669921875" lon="118.1448428146541118621826171875">
        <ele>33</ele>
        <time>2025-06-10T22:33:20.000Z</time>
        <extensions>
          <ns3:TrackPointExtension>
            <ns3:hr>128</ns3:hr>
            <ns3:cad>88</ns3:cad>
          </ns3:TrackPointExtension>
        </extensions>
      </trkpt>
      <trkpt lat="24.49184386990964412689208984375" lon="118.144863434135913848876953125">
        <ele>33.200000762939453125</ele>
        <time>2025-06-10T22:33:21.000Z</time>
        <extensions>
          <ns3:TrackPointExtension>
            <ns3:hr>128</ns3:hr>
            <ns3:cad>87</ns3:cad>
          </ns3:TrackPointExtension>
        </extensions>
      </trkpt>
      <trkpt lat="24.49183029122650623321533203125" lon="118.144887574017047882080078125">
        <ele>33.200000762939453125</ele>
        <time>2025-06-10T22:33:22.000Z</time>
        <extensions>
          <ns3:TrackPointExtension>
            <ns3:hr>129</ns3:hr>
            <ns3:cad>84</ns3:cad>
          </ns3:TrackPointExtension>
        </extensions>
      </trkpt>
      <trkpt lat="24.4918213225901126861572265625" lon="118.14490827731788158416748046875">
        <ele>33.200000762939453125</ele>
        <time>2025-06-10T22:33:23.000Z</time>
        <extensions>
          <ns3:TrackPointExtension>
            <ns3:hr>129</ns3:hr>
            <ns3:cad>84</ns3:cad>
          </ns3:TrackPointExtension>
        </extensions>
      </trkpt>
      <trkpt lat="24.491814784705638885498046875" lon="118.144936524331569671630859375">
        <ele>33.200000762939453125</ele>
        <time>2025-06-10T22:33:24.000Z</time>
        <extensions>
          <ns3:TrackPointExtension>
            <ns3:hr>129</ns3:hr>
            <ns3:cad>84</ns3:cad>
          </ns3:TrackPointExtension>
        </extensions>
      </trkpt>
      <trkpt lat="24.49181386269629001617431640625" lon="118.1449594907462596893310546875">
        <ele>33.200000762939453125</ele>
        <time>2025-06-10T22:33:25.000Z</time>
        <extensions>
          <ns3:TrackPointExtension>
            <ns3:hr>128</ns3:hr>
            <ns3:cad>84</ns3:cad>
          </ns3:TrackPointExtension>
        </extensions>
      </trkpt>
      <trkpt lat="24.491809420287609100341796875" lon="118.144985139369964599609375">
        <ele>33.200000762939453125</ele>
        <time>2025-06-10T22:33:26.000Z</time>
        <extensions>
          <ns3:TrackPointExtension>
            <ns3:hr>128</ns3:hr>
            <ns3:cad>87</ns3:cad>
          </ns3:TrackPointExtension>
        </extensions>
      </trkpt>
      <trkpt lat="24.4918092526495456695556640625" lon="118.1450067646801471710205078125">
        <ele>33.200000762939453125</ele>
        <time>2025-06-10T22:33:27.000Z</time>
        <extensions>
          <ns3:TrackPointExtension>
            <ns3:hr>128</ns3:hr>
            <ns3:cad>87</ns3:cad>
          </ns3:TrackPointExtension>
        </extensions>
      </trkpt>
      <trkpt lat="24.49180363677442073822021484375" lon="118.1450347602367401123046875">
        <ele>33.200000762939453125</ele>
        <time>2025-06-10T22:33:28.000Z</time>
        <extensions>
          <ns3:TrackPointExtension>
            <ns3:hr>129</ns3:hr>
            <ns3:cad>88</ns3:cad>
          </ns3:TrackPointExtension>
        </extensions>
      </trkpt>
      <trkpt lat="24.49179860763251781463623046875" lon="118.145055882632732391357421875">
        <ele>33.200000762939453125</ele>
        <time>2025-06-10T22:33:29.000Z</time>
        <extensions>
          <ns3:TrackPointExtension>
            <ns3:hr>128</ns3:hr>
            <ns3:cad>88</ns3:cad>
          </ns3:TrackPointExtension>
        </extensions>
      </trkpt>
      <trkpt lat="24.4917971827089786529541015625" lon="118.14508010633289813995361328125">
        <ele>33.200000762939453125</ele>
        <time>2025-06-10T22:33:30.000Z</time>
        <extensions>
          <ns3:TrackPointExtension>
            <ns3:hr>128</ns3:hr>
            <ns3:cad>88</ns3:cad>
          </ns3:TrackPointExtension>
        </extensions>
      </trkpt>
      <trkpt lat="24.49179391376674175262451171875" lon="118.14510122872889041900634765625">
        <ele>33.200000762939453125</ele>
        <time>2025-06-10T22:33:31.000Z</time>
        <extensions>
          <ns3:TrackPointExtension>
            <ns3:hr>129</ns3:hr>
            <ns3:cad>88</ns3:cad>
          </ns3:TrackPointExtension>
        </extensions>
      </trkpt>
      <trkpt lat="24.49178771115839481353759765625" lon="118.1451257877051830291748046875">
        <ele>33.200000762939453125</ele>
        <time>2025-06-10T22:33:32.000Z</time>
        <extensions>
          <ns3:TrackPointExtension>
            <ns3:hr>129</ns3:hr>
            <ns3:cad>88</ns3:cad>
          </ns3:TrackPointExtension>
        </extensions>
      </trkpt>
      <trkpt lat="24.491780586540699005126953125" lon="118.14514808356761932373046875">
        <ele>33.200000762939453125</ele>
        <time>2025-06-10T22:33:33.000Z</time>
        <extensions>
          <ns3:TrackPointExtension>
            <ns3:hr>129</ns3:hr>
            <ns3:cad>88</ns3:cad>
          </ns3:TrackPointExtension>
        </extensions>
      </trkpt>
      <trkpt lat="24.49177396483719348907470703125" lon="118.1451750732958316802978515625">
        <ele>33</ele>
        <time>2025-06-10T22:33:34.000Z</time>
        <extensions>
          <ns3:TrackPointExtension>
            <ns3:hr>130</ns3:hr>
            <ns3:cad>88</ns3:cad>
          </ns3:TrackPointExtension>
        </extensions>
      </trkpt>
      <trkpt lat="24.49176122434437274932861328125" lon="118.14519510604441165924072265625">
        <ele>33.200000762939453125</ele>
        <time>2025-06-10T22:33:35.000Z</time>
        <extensions>
          <ns3:TrackPointExtension>
            <ns3:hr>130</ns3:hr>
            <ns3:cad>88</ns3:cad>
          </ns3:TrackPointExtension>
        </extensions>
      </trkpt>
      <trkpt lat="24.49175502173602581024169921875" lon="118.14522762782871723175048828125">
        <ele>33.200000762939453125</ele>
        <time>2025-06-10T22:33:36.000Z</time>
        <extensions>
          <ns3:TrackPointExtension>
            <ns3:hr>130</ns3:hr>
            <ns3:cad>88</ns3:cad>
          </ns3:TrackPointExtension>
        </extensions>
      </trkpt>
      <trkpt lat="24.4917502440512180328369140625" lon="118.1452520191669464111328125">
        <ele>33</ele>
        <time>2025-06-10T22:33:37.000Z</time>
        <extensions>
          <ns3:TrackPointExtension>
            <ns3:hr>130</ns3:hr>
            <ns3:cad>88</ns3:cad>
          </ns3:TrackPointExtension>
        </extensions>
      </trkpt>
      <trkpt lat="24.4917455501854419708251953125" lon="118.14528076909482479095458984375">
        <ele>33</ele>
        <time>2025-06-10T22:33:38.000Z</time>
        <extensions>
          <ns3:TrackPointExtension>
            <ns3:hr>129</ns3:hr>
            <ns3:cad>88</ns3:cad>
          </ns3:TrackPointExtension>
        </extensions>
      </trkpt>
      <trkpt lat="24.4917373359203338623046875" lon="118.145304657518863677978515625">
        <ele>33</ele>
        <time>2025-06-10T22:33:39.000Z</time>
        <extensions>
          <ns3:TrackPointExtension>
            <ns3:hr>129</ns3:hr>
            <ns3:cad>88</ns3:cad>
          </ns3:TrackPointExtension>
        </extensions>
      </trkpt>
      <trkpt lat="24.49172635562717914581298828125" lon="118.1453282944858074188232421875">
        <ele>33</ele>
        <time>2025-06-10T22:33:40.000Z</time>
        <extensions>
          <ns3:TrackPointExtension>
            <ns3:hr>129</ns3:hr>
            <ns3:cad>88</ns3:cad>
          </ns3:TrackPointExtension>
        </extensions>
      </trkpt>
      <trkpt lat="24.49171579442918300628662109375" lon="118.14535369165241718292236328125">
        <ele>33</ele>
        <time>2025-06-10T22:33:41.000Z</time>
        <extensions>
          <ns3:TrackPointExtension>
            <ns3:hr>129</ns3:hr>
            <ns3:cad>88</ns3:cad>
          </ns3:TrackPointExtension>
        </extensions>
      </trkpt>
      <trkpt lat="24.4917103461921215057373046875" lon="118.14537900499999523162841796875">
        <ele>33</ele>
        <time>2025-06-10T22:33:42.000Z</time>
        <extensions>
          <ns3:TrackPointExtension>
            <ns3:hr>130</ns3:hr>
            <ns3:cad>88</ns3:cad>
          </ns3:TrackPointExtension>
        </extensions>
      </trkpt>
      <trkpt lat="24.4917011260986328125" lon="118.14540733583271503448486328125">
        <ele>33</ele>
        <time>2025-06-10T22:33:43.000Z</time>
        <extensions>
          <ns3:TrackPointExtension>
            <ns3:hr>130</ns3:hr>
            <ns3:cad>88</ns3:cad>
          </ns3:TrackPointExtension>
        </extensions>
      </trkpt>
      <trkpt lat="24.49169618077576160430908203125" lon="118.14543717540800571441650390625">
        <ele>33</ele>
        <time>2025-06-10T22:33:44.000Z</time>
        <extensions>
          <ns3:TrackPointExtension>
            <ns3:hr>130</ns3:hr>
            <ns3:cad>88</ns3:cad>
          </ns3:TrackPointExtension>
        </extensions>
      </trkpt>
      <trkpt lat="24.49168679304420948028564453125" lon="118.14546802081167697906494140625">
        <ele>33</ele>
        <time>2025-06-10T22:33:45.000Z</time>
        <extensions>
          <ns3:TrackPointExtension>
            <ns3:hr>130</ns3:hr>
            <ns3:cad>89</ns3:cad>
          </ns3:TrackPointExtension>
        </extensions>
      </trkpt>
      <trkpt lat="24.49168662540614604949951171875" lon="118.145495764911174774169921875">
        <ele>33</ele>
        <time>2025-06-10T22:33:46.000Z</time>
        <extensions>
          <ns3:TrackPointExtension>
            <ns3:hr>130</ns3:hr>
            <ns3:cad>89</ns3:cad>
          </ns3:TrackPointExtension>
        </extensions>
      </trkpt>
      <trkpt lat="24.49167153798043727874755859375" lon="118.145522587001323699951171875">
        <ele>33</ele>
        <time>2025-06-10T22:33:47.000Z</time>
        <extensions>
          <ns3:TrackPointExtension>
            <ns3:hr>130</ns3:hr>
            <ns3:cad>89</ns3:cad>
          </ns3:TrackPointExtension>
        </extensions>
      </trkpt>
      <trkpt lat="24.49166064150631427764892578125" lon="118.14555150456726551055908203125">
        <ele>32.799999237060546875</ele>
        <time>2025-06-10T22:33:48.000Z</time>
        <extensions>
          <ns3:TrackPointExtension>
            <ns3:hr>130</ns3:hr>
            <ns3:cad>88</ns3:cad>
          </ns3:TrackPointExtension>
        </extensions>
      </trkpt>
      <trkpt lat="24.49164756573736667633056640625" lon="118.14558084122836589813232421875">
        <ele>32.799999237060546875</ele>
        <time>2025-06-10T22:33:49.000Z</time>
        <extensions>
          <ns3:TrackPointExtension>
            <ns3:hr>130</ns3:hr>
            <ns3:cad>88</ns3:cad>
          </ns3:TrackPointExtension>
        </extensions>
      </trkpt>
      <trkpt lat="24.49164119549095630645751953125" lon="118.14560464583337306976318359375">
        <ele>32.799999237060546875</ele>
        <time>2025-06-10T22:33:50.000Z</time>
        <extensions>
          <ns3:TrackPointExtension>
            <ns3:hr>130</ns3:hr>
            <ns3:cad>88</ns3:cad>
          </ns3:TrackPointExtension>
        </extensions>
      </trkpt>
      <trkpt lat="24.49162677861750125885009765625" lon="118.14563356339931488037109375">
        <ele>32.59999847412109375</ele>
        <time>2025-06-10T22:33:51.000Z</time>
        <extensions>
          <ns3:TrackPointExtension>
            <ns3:hr>129</ns3:hr>
            <ns3:cad>88</ns3:cad>
          </ns3:TrackPointExtension>
        </extensions>
      </trkpt>
      <trkpt lat="24.49162325821816921234130859375" lon="118.1456516683101654052734375">
        <ele>32.59999847412109375</ele>
        <time>2025-06-10T22:33:52.000Z</time>
        <extensions>
          <ns3:TrackPointExtension>
            <ns3:hr>130</ns3:hr>
            <ns3:cad>88</ns3:cad>
          </ns3:TrackPointExtension>
        </extensions>
      </trkpt>
      <trkpt lat="24.49161252938210964202880859375" lon="118.1456823460757732391357421875">
        <ele>32.59999847412109375</ele>
        <time>2025-06-10T22:33:53.000Z</time>
        <extensions>
          <ns3:TrackPointExtension>
            <ns3:hr>130</ns3:hr>
            <ns3:cad>88</ns3:cad>
          </ns3:TrackPointExtension>
        </extensions>
      </trkpt>
      <trkpt lat="24.49160766787827014923095703125" lon="118.14570455811917781829833984375">
        <ele>32.59999847412109375</ele>
        <time>2025-06-10T22:33:54.000Z</time>
        <extensions>
          <ns3:TrackPointExtension>
            <ns3:hr>131</ns3:hr>
            <ns3:cad>88</ns3:cad>
          </ns3:TrackPointExtension>
        </extensions>
      </trkpt>
      <trkpt lat="24.49159853160381317138671875" lon="118.145735822618007659912109375">
        <ele>32.59999847412109375</ele>
        <time>2025-06-10T22:33:55.000Z</time>
        <extensions>
          <ns3:TrackPointExtension>
            <ns3:hr>131</ns3:hr>
            <ns3:cad>88</ns3:cad>
          </ns3:TrackPointExtension>
        </extensions>
      </trkpt>
      <trkpt lat="24.491591490805149078369140625" lon="118.1457581184804439544677734375">
        <ele>32.40000152587890625</ele>
        <time>2025-06-10T22:33:56.000Z</time>
        <extensions>
          <ns3:TrackPointExtension>
            <ns3:hr>132</ns3:hr>
            <ns3:cad>88</ns3:cad>
          </ns3:TrackPointExtension>
        </extensions>
      </trkpt>
      <trkpt lat="24.49157883413136005401611328125" lon="118.14578510820865631103515625">
        <ele>32.40000152587890625</ele>
        <time>2025-06-10T22:33:57.000Z</time>
        <extensions>
          <ns3:TrackPointExtension>
            <ns3:hr>132</ns3:hr>
            <ns3:cad>88</ns3:cad>
          </ns3:TrackPointExtension>
        </extensions>
      </trkpt>
      <trkpt lat="24.49156575836241245269775390625" lon="118.1458047218620777130126953125">
        <ele>32.40000152587890625</ele>
        <time>2025-06-10T22:33:58.000Z</time>
        <extensions>
          <ns3:TrackPointExtension>
            <ns3:hr>131</ns3:hr>
            <ns3:cad>88</ns3:cad>
          </ns3:TrackPointExtension>
        </extensions>
      </trkpt>
      <trkpt lat="24.4915549457073211669921875" lon="118.1458340585231781005859375">
        <ele>32.40000152587890625</ele>
        <time>2025-06-10T22:33:59.000Z</time>
        <extensions>
          <ns3:TrackPointExtension>
            <ns3:hr>131</ns3:hr>
            <ns3:cad>88</ns3:cad>
          </ns3:TrackPointExtension>
        </extensions>
      </trkpt>
      <trkpt lat="24.49154698289930820465087890625" lon="118.1458600424230098724365234375">
        <ele>32.40000152587890625</ele>
        <time>2025-06-10T22:34:00.000Z</time>
        <extensions>
          <ns3:TrackPointExtension>
            <ns3:hr>131</ns3:hr>
            <ns3:cad>88</ns3:cad>
          </ns3:TrackPointExtension>
        </extensions>
      </trkpt>
      <trkpt lat="24.4915386848151683807373046875" lon="118.14588728360831737518310546875">
        <ele>32.40000152587890625</ele>
        <time>2025-06-10T22:34:01.000Z</time>
        <extensions>
          <ns3:TrackPointExtension>
            <ns3:hr>131</ns3:hr>
            <ns3:cad>88</ns3:cad>
          </ns3:TrackPointExtension>
        </extensions>
      </trkpt>
      <trkpt lat="24.49152879416942596435546875" lon="118.1459130160510540008544921875">
        <ele>32.40000152587890625</ele>
        <time>2025-06-10T22:34:02.000Z</time>
        <extensions>
          <ns3:TrackPointExtension>
            <ns3:hr>131</ns3:hr>
            <ns3:cad>88</ns3:cad>
          </ns3:TrackPointExtension>
        </extensions>
      </trkpt>
      <trkpt lat="24.49151881970465183258056640625" lon="118.14594310708343982696533203125">
        <ele>32.40000152587890625</ele>
        <time>2025-06-10T22:34:03.000Z</time>
        <extensions>
          <ns3:TrackPointExtension>
            <ns3:hr>131</ns3:hr>
            <ns3:cad>89</ns3:cad>
          </ns3:TrackPointExtension>
        </extensions>
      </trkpt>
      <trkpt lat="24.4915108568966388702392578125" lon="118.1459700129926204681396484375">
        <ele>32.40000152587890625</ele>
        <time>2025-06-10T22:34:04.000Z</time>
        <extensions>
          <ns3:TrackPointExtension>
            <ns3:hr>131</ns3:hr>
            <ns3:cad>89</ns3:cad>
          </ns3:TrackPointExtension>
        </extensions>
      </trkpt>
      <trkpt lat="24.49150205589830875396728515625" lon="118.1459971703588962554931640625">
        <ele>32.40000152587890625</ele>
        <time>2025-06-10T22:34:05.000Z</time>
        <extensions>
          <ns3:TrackPointExtension>
            <ns3:hr>131</ns3:hr>
            <ns3:cad>89</ns3:cad>
          </ns3:TrackPointExtension>
        </extensions>
      </trkpt>
      <trkpt lat="24.4914887286722660064697265625" lon="118.14602340571582317352294921875">
        <ele>32.40000152587890625</ele>
        <time>2025-06-10T22:34:06.000Z</time>
        <extensions>
          <ns3:TrackPointExtension>
            <ns3:hr>131</ns3:hr>
            <ns3:cad>89</ns3:cad>
          </ns3:TrackPointExtension>
        </extensions>
      </trkpt>
      <trkpt lat="24.4914790056645870208740234375" lon="118.14604653976857662200927734375">
        <ele>32.40000152587890625</ele>
        <time>2025-06-10T22:34:07.000Z</time>
        <extensions>
          <ns3:TrackPointExtension>
            <ns3:hr>131</ns3:hr>
            <ns3:cad>89</ns3:cad>
          </ns3:TrackPointExtension>
        </extensions>
      </trkpt>
      <trkpt lat="24.49147045612335205078125" lon="118.1460679136216640472412109375">
        <ele>32.40000152587890625</ele>
        <time>2025-06-10T22:34:08.000Z</time>
        <extensions>
          <ns3:TrackPointExtension>
            <ns3:hr>131</ns3:hr>
            <ns3:cad>89</ns3:cad>
          </ns3:TrackPointExtension>
        </extensions>
      </trkpt>
      <trkpt lat="24.491463415324687957763671875" lon="118.14609490334987640380859375">
        <ele>32.40000152587890625</ele>
        <time>2025-06-10T22:34:09.000Z</time>
        <extensions>
          <ns3:TrackPointExtension>
            <ns3:hr>131</ns3:hr>
            <ns3:cad>89</ns3:cad>
          </ns3:TrackPointExtension>
        </extensions>
      </trkpt>
      <trkpt lat="24.49145327322185039520263671875" lon="118.14611778594553470611572265625">
        <ele>32.40000152587890625</ele>
        <time>2025-06-10T22:34:10.000Z</time>
        <extensions>
          <ns3:TrackPointExtension>
            <ns3:hr>131</ns3:hr>
            <ns3:cad>88</ns3:cad>
          </ns3:TrackPointExtension>
        </extensions>
      </trkpt>
      <trkpt lat="24.4914501719176769256591796875" lon="118.14614108763635158538818359375">
        <ele>32.40000152587890625</ele>
        <time>2025-06-10T22:34:11.000Z</time>
        <extensions>
          <ns3:TrackPointExtension>
            <ns3:hr>131</ns3:hr>
            <ns3:cad>88</ns3:cad>
          </ns3:TrackPointExtension>
        </extensions>
      </trkpt>
      <trkpt lat="24.4914340786635875701904296875" lon="118.14616606570780277252197265625">
        <ele>32.40000152587890625</ele>
        <time>2025-06-10T22:34:12.000Z</time>
        <extensions>
          <ns3:TrackPointExtension>
            <ns3:hr>131</ns3:hr>
            <ns3:cad>88</ns3:cad>
          </ns3:TrackPointExtension>
        </extensions>
      </trkpt>
      <trkpt lat="24.4914317317306995391845703125" lon="118.14618350006639957427978515625">
        <ele>32.40000152587890625</ele>
        <time>2025-06-10T22:34:13.000Z</time>
        <extensions>
          <ns3:TrackPointExtension>
            <ns3:hr>131</ns3:hr>
            <ns3:cad>88</ns3:cad>
          </ns3:TrackPointExtension>
        </extensions>
      </trkpt>
      <trkpt lat="24.49141622520983219146728515625" lon="118.1462107412517070770263671875">
        <ele>32.40000152587890625</ele>
        <time>2025-06-10T22:34:14.000Z</time>
        <extensions>
          <ns3:TrackPointExtension>
            <ns3:hr>131</ns3:hr>
            <ns3:cad>88</ns3:cad>
          </ns3:TrackPointExtension>
        </extensions>
      </trkpt>
      <trkpt lat="24.49140750803053379058837890625" lon="118.146228678524494171142578125">
        <ele>32.200000762939453125</ele>
        <time>2025-06-10T22:34:15.000Z</time>
        <extensions>
          <ns3:TrackPointExtension>
            <ns3:hr>130</ns3:hr>
            <ns3:cad>87</ns3:cad>
          </ns3:TrackPointExtension>
        </extensions>
      </trkpt>
      <trkpt lat="24.491409771144390106201171875" lon="118.14624016173183917999267578125">
        <ele>32.200000762939453125</ele>
        <time>2025-06-10T22:34:16.000Z</time>
        <extensions>
          <ns3:TrackPointExtension>
            <ns3:hr>130</ns3:hr>
            <ns3:cad>87</ns3:cad>
          </ns3:TrackPointExtension>
        </extensions>
      </trkpt>
      <trkpt lat="24.49141270481050014495849609375" lon="118.14625524915754795074462890625">
        <ele>32.200000762939453125</ele>
        <time>2025-06-10T22:34:17.000Z</time>
        <extensions>
          <ns3:TrackPointExtension>
            <ns3:hr>130</ns3:hr>
            <ns3:cad>87</ns3:cad>
          </ns3:TrackPointExtension>
        </extensions>
      </trkpt>
      <trkpt lat="24.49141287244856357574462890625" lon="118.1462851725518703460693359375">
        <ele>31.6000003814697265625</ele>
        <time>2025-06-10T22:34:31.000Z</time>
        <extensions>
          <ns3:TrackPointExtension>
            <ns3:hr>126</ns3:hr>
            <ns3:cad>0</ns3:cad>
          </ns3:TrackPointExtension>
        </extensions>
      </trkpt>
      <trkpt lat="24.49140080250799655914306640625" lon="118.146307803690433502197265625">
        <ele>31.6000003814697265625</ele>
        <time>2025-06-10T22:34:32.000Z</time>
        <extensions>
          <ns3:TrackPointExtension>
            <ns3:hr>125</ns3:hr>
            <ns3:cad>0</ns3:cad>
          </ns3:TrackPointExtension>
        </extensions>
      </trkpt>
      <trkpt lat="24.49139225296676158905029296875" lon="118.1463304348289966583251953125">
        <ele>31.6000003814697265625</ele>
        <time>2025-06-10T22:34:33.000Z</time>
        <extensions>
          <ns3:TrackPointExtension>
            <ns3:hr>125</ns3:hr>
            <ns3:cad>0</ns3:cad>
          </ns3:TrackPointExtension>
        </extensions>
      </trkpt>
      <trkpt lat="24.49138127267360687255859375" lon="118.1463575921952724456787109375">
        <ele>31.6000003814697265625</ele>
        <time>2025-06-10T22:34:34.000Z</time>
        <extensions>
          <ns3:TrackPointExtension>
            <ns3:hr>124</ns3:hr>
            <ns3:cad>0</ns3:cad>
          </ns3:TrackPointExtension>
        </extensions>
      </trkpt>
      <trkpt lat="24.49137012474238872528076171875" lon="118.14638332463800907135009765625">
        <ele>31.6000003814697265625</ele>
        <time>2025-06-10T22:34:35.000Z</time>
        <extensions>
          <ns3:TrackPointExtension>
            <ns3:hr>124</ns3:hr>
            <ns3:cad>83</ns3:cad>
          </ns3:TrackPointExtension>
        </extensions>
      </trkpt>
      <trkpt lat="24.49136123992502689361572265625" lon="118.14640947617590427398681640625">
        <ele>31.3999996185302734375</ele>
        <time>2025-06-10T22:34:36.000Z</time>
        <extensions>
          <ns3:TrackPointExtension>
            <ns3:hr>123</ns3:hr>
            <ns3:cad>86</ns3:cad>
          </ns3:TrackPointExtension>
        </extensions>
      </trkpt>
      <trkpt lat="24.49134598486125469207763671875" lon="118.146435879170894622802734375">
        <ele>31.3999996185302734375</ele>
        <time>2025-06-10T22:34:37.000Z</time>
        <extensions>
          <ns3:TrackPointExtension>
            <ns3:hr>123</ns3:hr>
            <ns3:cad>86</ns3:cad>
          </ns3:TrackPointExtension>
        </extensions>
      </trkpt>
      <trkpt lat="24.49133609421551227569580078125" lon="118.1464551575481891632080078125">
        <ele>31.3999996185302734375</ele>
        <time>2025-06-10T22:34:38.000Z</time>
        <extensions>
          <ns3:TrackPointExtension>
            <ns3:hr>123</ns3:hr>
            <ns3:cad>85</ns3:cad>
          </ns3:TrackPointExtension>
        </extensions>
      </trkpt>
      <trkpt lat="24.4913200847804546356201171875" lon="118.14647871069610118865966796875">
        <ele>31.200000762939453125</ele>
        <time>2025-06-10T22:34:39.000Z</time>
        <extensions>
          <ns3:TrackPointExtension>
            <ns3:hr>123</ns3:hr>
            <ns3:cad>85</ns3:cad>
          </ns3:TrackPointExtension>
        </extensions>
      </trkpt>
      <trkpt lat="24.491309188306331634521484375" lon="118.14649782143533229827880859375">
        <ele>31.3999996185302734375</ele>
        <time>2025-06-10T22:34:40.000Z</time>
        <extensions>
          <ns3:TrackPointExtension>
            <ns3:hr>123</ns3:hr>
            <ns3:cad>86</ns3:cad>
          </ns3:TrackPointExtension>
        </extensions>
      </trkpt>
      <trkpt lat="24.49129451997578144073486328125" lon="118.1465168483555316925048828125">
        <ele>31.200000762939453125</ele>
        <time>2025-06-10T22:34:41.000Z</time>
        <extensions>
          <ns3:TrackPointExtension>
            <ns3:hr>122</ns3:hr>
            <ns3:cad>86</ns3:cad>
          </ns3:TrackPointExtension>
        </extensions>
      </trkpt>
      <trkpt lat="24.49128471314907073974609375" lon="118.1465349532663822174072265625">
        <ele>31.200000762939453125</ele>
        <time>2025-06-10T22:34:42.000Z</time>
        <extensions>
          <ns3:TrackPointExtension>
            <ns3:hr>122</ns3:hr>
            <ns3:cad>86</ns3:cad>
          </ns3:TrackPointExtension>
        </extensions>
      </trkpt>
      <trkpt lat="24.49127222411334514617919921875" lon="118.1465517170727252960205078125">
        <ele>31.3999996185302734375</ele>
        <time>2025-06-10T22:34:43.000Z</time>
        <extensions>
          <ns3:TrackPointExtension>
            <ns3:hr>122</ns3:hr>
            <ns3:cad>87</ns3:cad>
          </ns3:TrackPointExtension>
        </extensions>
      </trkpt>
      <trkpt lat="24.4912580586969852447509765625" lon="118.14656621776521205902099609375">
        <ele>31.3999996185302734375</ele>
        <time>2025-06-10T22:34:44.000Z</time>
        <extensions>
          <ns3:TrackPointExtension>
            <ns3:hr>122</ns3:hr>
            <ns3:cad>87</ns3:cad>
          </ns3:TrackPointExtension>
        </extensions>
      </trkpt>
      <trkpt lat="24.49124774895608425140380859375" lon="118.1465839035809040069580078125">
        <ele>31.200000762939453125</ele>
        <time>2025-06-10T22:34:45.000Z</time>
        <extensions>
          <ns3:TrackPointExtension>
            <ns3:hr>122</ns3:hr>
            <ns3:cad>87</ns3:cad>
          </ns3:TrackPointExtension>
        </extensions>
      </trkpt>
      <trkpt lat="24.49123442173004150390625" lon="118.14660251140594482421875">
        <ele>31.200000762939453125</ele>
        <time>2025-06-10T22:34:46.000Z</time>
        <extensions>
          <ns3:TrackPointExtension>
            <ns3:hr>122</ns3:hr>
            <ns3:cad>87</ns3:cad>
          </ns3:TrackPointExtension>
        </extensions>
      </trkpt>
      <trkpt lat="24.4912265427410602569580078125" lon="118.1466201134026050567626953125">
        <ele>31.200000762939453125</ele>
        <time>2025-06-10T22:34:47.000Z</time>
        <extensions>
          <ns3:TrackPointExtension>
            <ns3:hr>121</ns3:hr>
            <ns3:cad>87</ns3:cad>
          </ns3:TrackPointExtension>
        </extensions>
      </trkpt>
      <trkpt lat="24.49120885692536830902099609375" lon="118.1466440856456756591796875">
        <ele>31.200000762939453125</ele>
        <time>2025-06-10T22:34:48.000Z</time>
        <extensions>
          <ns3:TrackPointExtension>
            <ns3:hr>121</ns3:hr>
            <ns3:cad>88</ns3:cad>
          </ns3:TrackPointExtension>
        </extensions>
      </trkpt>
      <trkpt lat="24.49119661934673786163330078125" lon="118.1466630287468433380126953125">
        <ele>31.200000762939453125</ele>
        <time>2025-06-10T22:34:49.000Z</time>
        <extensions>
          <ns3:TrackPointExtension>
            <ns3:hr>121</ns3:hr>
            <ns3:cad>88</ns3:cad>
          </ns3:TrackPointExtension>
        </extensions>
      </trkpt>
      <trkpt lat="24.491179771721363067626953125" lon="118.146688677370548248291015625">
        <ele>31</ele>
        <time>2025-06-10T22:34:50.000Z</time>
        <extensions>
          <ns3:TrackPointExtension>
            <ns3:hr>121</ns3:hr>
            <ns3:cad>88</ns3:cad>
          </ns3:TrackPointExtension>
        </extensions>
      </trkpt>
      <trkpt lat="24.49117214418947696685791015625" lon="118.1467133201658725738525390625">
        <ele>31</ele>
        <time>2025-06-10T22:34:51.000Z</time>
        <extensions>
          <ns3:TrackPointExtension>
            <ns3:hr>121</ns3:hr>
            <ns3:cad>88</ns3:cad>
          </ns3:TrackPointExtension>
        </extensions>
      </trkpt>
      <trkpt lat="24.491156972944736480712890625" lon="118.14674072898924350738525390625">
        <ele>31</ele>
        <time>2025-06-10T22:34:52.000Z</time>
        <extensions>
          <ns3:TrackPointExtension>
            <ns3:hr>121</ns3:hr>
            <ns3:cad>88</ns3:cad>
          </ns3:TrackPointExtension>
        </extensions>
      </trkpt>
      <trkpt lat="24.49114750139415264129638671875" lon="118.14676403068006038665771484375">
        <ele>31</ele>
        <time>2025-06-10T22:34:53.000Z</time>
        <extensions>
          <ns3:TrackPointExtension>
            <ns3:hr>121</ns3:hr>
            <ns3:cad>88</ns3:cad>
          </ns3:TrackPointExtension>
        </extensions>
      </trkpt>
      <trkpt lat="24.49113576672971248626708984375" lon="118.1467847339808940887451171875">
        <ele>31</ele>
        <time>2025-06-10T22:34:54.000Z</time>
        <extensions>
          <ns3:TrackPointExtension>
            <ns3:hr>121</ns3:hr>
            <ns3:cad>88</ns3:cad>
          </ns3:TrackPointExtension>
        </extensions>
      </trkpt>
      <trkpt lat="24.4911266304552555084228515625" lon="118.14680459909141063690185546875">
        <ele>30.799999237060546875</ele>
        <time>2025-06-10T22:34:55.000Z</time>
        <extensions>
          <ns3:TrackPointExtension>
            <ns3:hr>121</ns3:hr>
            <ns3:cad>88</ns3:cad>
          </ns3:TrackPointExtension>
        </extensions>
      </trkpt>
      <trkpt lat="24.49111263267695903778076171875" lon="118.1468299962580204010009765625">
        <ele>30.799999237060546875</ele>
        <time>2025-06-10T22:34:56.000Z</time>
        <extensions>
          <ns3:TrackPointExtension>
            <ns3:hr>121</ns3:hr>
            <ns3:cad>88</ns3:cad>
          </ns3:TrackPointExtension>
        </extensions>
      </trkpt>
      <trkpt lat="24.4911021552979946136474609375" lon="118.1468494422733783721923828125">
        <ele>30.799999237060546875</ele>
        <time>2025-06-10T22:34:57.000Z</time>
        <extensions>
          <ns3:TrackPointExtension>
            <ns3:hr>120</ns3:hr>
            <ns3:cad>88</ns3:cad>
          </ns3:TrackPointExtension>
        </extensions>
      </trkpt>
      <trkpt lat="24.49108664877712726593017578125" lon="118.1468755938112735748291015625">
        <ele>30.6000003814697265625</ele>
        <time>2025-06-10T22:34:58.000Z</time>
        <extensions>
          <ns3:TrackPointExtension>
            <ns3:hr>121</ns3:hr>
            <ns3:cad>88</ns3:cad>
          </ns3:TrackPointExtension>
        </extensions>
      </trkpt>
      <trkpt lat="24.49107357300817966461181640625" lon="118.14689730294048786163330078125">
        <ele>30.6000003814697265625</ele>
        <time>2025-06-10T22:34:59.000Z</time>
        <extensions>
          <ns3:TrackPointExtension>
            <ns3:hr>120</ns3:hr>
            <ns3:cad>88</ns3:cad>
          </ns3:TrackPointExtension>
        </extensions>
      </trkpt>
      <trkpt lat="24.49106284417212009429931640625" lon="118.14692638814449310302734375">
        <ele>30.6000003814697265625</ele>
        <time>2025-06-10T22:35:00.000Z</time>
        <extensions>
          <ns3:TrackPointExtension>
            <ns3:hr>120</ns3:hr>
            <ns3:cad>88</ns3:cad>
          </ns3:TrackPointExtension>
        </extensions>
      </trkpt>
      <trkpt lat="24.49104943312704563140869140625" lon="118.1469498574733734130859375">
        <ele>30.6000003814697265625</ele>
        <time>2025-06-10T22:35:01.000Z</time>
        <extensions>
          <ns3:TrackPointExtension>
            <ns3:hr>120</ns3:hr>
            <ns3:cad>88</ns3:cad>
          </ns3:TrackPointExtension>
        </extensions>
      </trkpt>
      <trkpt lat="24.4910354353487491607666015625" lon="118.14697575755417346954345703125">
        <ele>30.6000003814697265625</ele>
        <time>2025-06-10T22:35:02.000Z</time>
        <extensions>
          <ns3:TrackPointExtension>
            <ns3:hr>120</ns3:hr>
            <ns3:cad>88</ns3:cad>
          </ns3:TrackPointExtension>
        </extensions>
      </trkpt>
      <trkpt lat="24.49102177284657955169677734375" lon="118.14699838869273662567138671875">
        <ele>30.6000003814697265625</ele>
        <time>2025-06-10T22:35:03.000Z</time>
        <extensions>
          <ns3:TrackPointExtension>
            <ns3:hr>121</ns3:hr>
            <ns3:cad>88</ns3:cad>
          </ns3:TrackPointExtension>
        </extensions>
      </trkpt>
      <trkpt lat="24.4910092838108539581298828125" lon="118.147022612392902374267578125">
        <ele>30.6000003814697265625</ele>
        <time>2025-06-10T22:35:04.000Z</time>
        <extensions>
          <ns3:TrackPointExtension>
            <ns3:hr>121</ns3:hr>
            <ns3:cad>88</ns3:cad>
          </ns3:TrackPointExtension>
        </extensions>
      </trkpt>
      <trkpt lat="24.4909931905567646026611328125" lon="118.147045075893402099609375">
        <ele>30.6000003814697265625</ele>
        <time>2025-06-10T22:35:05.000Z</time>
        <extensions>
          <ns3:TrackPointExtension>
            <ns3:hr>121</ns3:hr>
            <ns3:cad>88</ns3:cad>
          </ns3:TrackPointExtension>
        </extensions>
      </trkpt>
      <trkpt lat="24.49097986333072185516357421875" lon="118.1470697186887264251708984375">
        <ele>30.6000003814697265625</ele>
        <time>2025-06-10T22:35:06.000Z</time>
        <extensions>
          <ns3:TrackPointExtension>
            <ns3:hr>121</ns3:hr>
            <ns3:cad>88</ns3:cad>
          </ns3:TrackPointExtension>
        </extensions>
      </trkpt>
      <trkpt lat="24.49096553027629852294921875" lon="118.14709494821727275848388671875">
        <ele>30.6000003814697265625</ele>
        <time>2025-06-10T22:35:07.000Z</time>
        <extensions>
          <ns3:TrackPointExtension>
            <ns3:hr>121</ns3:hr>
            <ns3:cad>88</ns3:cad>
          </ns3:TrackPointExtension>
        </extensions>
      </trkpt>
      <trkpt lat="24.49095614254474639892578125" lon="118.147117160260677337646484375">
        <ele>30.6000003814697265625</ele>
        <time>2025-06-10T22:35:08.000Z</time>
        <extensions>
          <ns3:TrackPointExtension>
            <ns3:hr>122</ns3:hr>
            <ns3:cad>88</ns3:cad>
          </ns3:TrackPointExtension>
        </extensions>
      </trkpt>
      <trkpt lat="24.4909425638616085052490234375" lon="118.14714037813246250152587890625">
        <ele>30.6000003814697265625</ele>
        <time>2025-06-10T22:35:09.000Z</time>
        <extensions>
          <ns3:TrackPointExtension>
            <ns3:hr>122</ns3:hr>
            <ns3:cad>88</ns3:cad>
          </ns3:TrackPointExtension>
        </extensions>
      </trkpt>
      <trkpt lat="24.49093393050134181976318359375" lon="118.14715999178588390350341796875">
        <ele>30.6000003814697265625</ele>
        <time>2025-06-10T22:35:10.000Z</time>
        <extensions>
          <ns3:TrackPointExtension>
            <ns3:hr>122</ns3:hr>
            <ns3:cad>88</ns3:cad>
          </ns3:TrackPointExtension>
        </extensions>
      </trkpt>
      <trkpt lat="24.49091859161853790283203125" lon="118.1471847184002399444580078125">
        <ele>30.6000003814697265625</ele>
        <time>2025-06-10T22:35:11.000Z</time>
        <extensions>
          <ns3:TrackPointExtension>
            <ns3:hr>122</ns3:hr>
            <ns3:cad>88</ns3:cad>
          </ns3:TrackPointExtension>
        </extensions>
      </trkpt>
      <trkpt lat="24.490909874439239501953125" lon="118.14720693044364452362060546875">
        <ele>30.6000003814697265625</ele>
        <time>2025-06-10T22:35:12.000Z</time>
        <extensions>
          <ns3:TrackPointExtension>
            <ns3:hr>122</ns3:hr>
            <ns3:cad>88</ns3:cad>
          </ns3:TrackPointExtension>
        </extensions>
      </trkpt>
      <trkpt lat="24.4908949546515941619873046875" lon="118.14723626710474491119384765625">
        <ele>30.6000003814697265625</ele>
        <time>2025-06-10T22:35:13.000Z</time>
        <extensions>
          <ns3:TrackPointExtension>
            <ns3:hr>122</ns3:hr>
            <ns3:cad>88</ns3:cad>
          </ns3:TrackPointExtension>
        </extensions>
      </trkpt>
      <trkpt lat="24.49088238179683685302734375" lon="118.1472611613571643829345703125">
        <ele>30.6000003814697265625</ele>
        <time>2025-06-10T22:35:14.000Z</time>
        <extensions>
          <ns3:TrackPointExtension>
            <ns3:hr>123</ns3:hr>
            <ns3:cad>88</ns3:cad>
          </ns3:TrackPointExtension>
        </extensions>
      </trkpt>
      <trkpt lat="24.490865953266620635986328125" lon="118.14729041419923305511474609375">
        <ele>30.6000003814697265625</ele>
        <time>2025-06-10T22:35:15.000Z</time>
        <extensions>
          <ns3:TrackPointExtension>
            <ns3:hr>123</ns3:hr>
            <ns3:cad>88</ns3:cad>
          </ns3:TrackPointExtension>
        </extensions>
      </trkpt>
      <trkpt lat="24.4908557273447513580322265625" lon="118.14731773920357227325439453125">
        <ele>30.6000003814697265625</ele>
        <time>2025-06-10T22:35:16.000Z</time>
        <extensions>
          <ns3:TrackPointExtension>
            <ns3:hr>123</ns3:hr>
            <ns3:cad>88</ns3:cad>
          </ns3:TrackPointExtension>
        </extensions>
      </trkpt>
      <trkpt lat="24.4908387959003448486328125" lon="118.14734883606433868408203125">
        <ele>30.6000003814697265625</ele>
        <time>2025-06-10T22:35:17.000Z</time>
        <extensions>
          <ns3:TrackPointExtension>
            <ns3:hr>123</ns3:hr>
            <ns3:cad>88</ns3:cad>
          </ns3:TrackPointExtension>
        </extensions>
      </trkpt>
      <trkpt lat="24.490824043750762939453125" lon="118.14737389795482158660888671875">
        <ele>30.6000003814697265625</ele>
        <time>2025-06-10T22:35:18.000Z</time>
        <extensions>
          <ns3:TrackPointExtension>
            <ns3:hr>123</ns3:hr>
            <ns3:cad>89</ns3:cad>
          </ns3:TrackPointExtension>
        </extensions>
      </trkpt>
      <trkpt lat="24.49080803431570529937744140625" lon="118.14740516245365142822265625">
        <ele>30.6000003814697265625</ele>
        <time>2025-06-10T22:35:19.000Z</time>
        <extensions>
          <ns3:TrackPointExtension>
            <ns3:hr>124</ns3:hr>
            <ns3:cad>89</ns3:cad>
          </ns3:TrackPointExtension>
        </extensions>
      </trkpt>
      <trkpt lat="24.4907920248806476593017578125" lon="118.14743357710540294647216796875">
        <ele>30.6000003814697265625</ele>
        <time>2025-06-10T22:35:20.000Z</time>
        <extensions>
          <ns3:TrackPointExtension>
            <ns3:hr>124</ns3:hr>
            <ns3:cad>89</ns3:cad>
          </ns3:TrackPointExtension>
        </extensions>
      </trkpt>
      <trkpt lat="24.490778110921382904052734375" lon="118.14745805226266384124755859375">
        <ele>30.799999237060546875</ele>
        <time>2025-06-10T22:35:21.000Z</time>
        <extensions>
          <ns3:TrackPointExtension>
            <ns3:hr>124</ns3:hr>
            <ns3:cad>88</ns3:cad>
          </ns3:TrackPointExtension>
        </extensions>
      </trkpt>
      <trkpt lat="24.49076411314308643341064453125" lon="118.14748185686767101287841796875">
        <ele>30.799999237060546875</ele>
        <time>2025-06-10T22:35:22.000Z</time>
        <extensions>
          <ns3:TrackPointExtension>
            <ns3:hr>124</ns3:hr>
            <ns3:cad>88</ns3:cad>
          </ns3:TrackPointExtension>
        </extensions>
      </trkpt>
      <trkpt lat="24.4907487742602825164794921875" lon="118.14750708639621734619140625">
        <ele>30.799999237060546875</ele>
        <time>2025-06-10T22:35:23.000Z</time>
        <extensions>
          <ns3:TrackPointExtension>
            <ns3:hr>125</ns3:hr>
            <ns3:cad>88</ns3:cad>
          </ns3:TrackPointExtension>
        </extensions>
      </trkpt>
      <trkpt lat="24.49073486030101776123046875" lon="118.147530220448970794677734375">
        <ele>30.799999237060546875</ele>
        <time>2025-06-10T22:35:24.000Z</time>
        <extensions>
          <ns3:TrackPointExtension>
            <ns3:hr>125</ns3:hr>
            <ns3:cad>88</ns3:cad>
          </ns3:TrackPointExtension>
        </extensions>
      </trkpt>
      <trkpt lat="24.49072119779884815216064453125" lon="118.14755628816783428192138671875">
        <ele>30.799999237060546875</ele>
        <time>2025-06-10T22:35:25.000Z</time>
        <extensions>
          <ns3:TrackPointExtension>
            <ns3:hr>126</ns3:hr>
            <ns3:cad>88</ns3:cad>
          </ns3:TrackPointExtension>
        </extensions>
      </trkpt>
      <trkpt lat="24.4907078705728054046630859375" lon="118.147579170763492584228515625">
        <ele>30.799999237060546875</ele>
        <time>2025-06-10T22:35:26.000Z</time>
        <extensions>
          <ns3:TrackPointExtension>
            <ns3:hr>126</ns3:hr>
            <ns3:cad>88</ns3:cad>
          </ns3:TrackPointExtension>
        </extensions>
      </trkpt>
      <trkpt lat="24.4906937889754772186279296875" lon="118.14760523848235607147216796875">
        <ele>30.799999237060546875</ele>
        <time>2025-06-10T22:35:27.000Z</time>
        <extensions>
          <ns3:TrackPointExtension>
            <ns3:hr>126</ns3:hr>
            <ns3:cad>88</ns3:cad>
          </ns3:TrackPointExtension>
        </extensions>
      </trkpt>
      <trkpt lat="24.4906750135123729705810546875" lon="118.14762904308736324310302734375">
        <ele>30.799999237060546875</ele>
        <time>2025-06-10T22:35:28.000Z</time>
        <extensions>
          <ns3:TrackPointExtension>
            <ns3:hr>126</ns3:hr>
            <ns3:cad>88</ns3:cad>
          </ns3:TrackPointExtension>
        </extensions>
      </trkpt>
      <trkpt lat="24.49066520668566226959228515625" lon="118.14765385352075099945068359375">
        <ele>30.799999237060546875</ele>
        <time>2025-06-10T22:35:29.000Z</time>
        <extensions>
          <ns3:TrackPointExtension>
            <ns3:hr>127</ns3:hr>
            <ns3:cad>88</ns3:cad>
          </ns3:TrackPointExtension>
        </extensions>
      </trkpt>
      <trkpt lat="24.490654729306697845458984375" lon="118.14767430536448955535888671875">
        <ele>31</ele>
        <time>2025-06-10T22:35:30.000Z</time>
        <extensions>
          <ns3:TrackPointExtension>
            <ns3:hr>127</ns3:hr>
            <ns3:cad>88</ns3:cad>
          </ns3:TrackPointExtension>
        </extensions>
      </trkpt>
      <trkpt lat="24.49064173735678195953369140625" lon="118.14769752323627471923828125">
        <ele>31</ele>
        <time>2025-06-10T22:35:31.000Z</time>
        <extensions>
          <ns3:TrackPointExtension>
            <ns3:hr>127</ns3:hr>
            <ns3:cad>88</ns3:cad>
          </ns3:TrackPointExtension>
        </extensions>
      </trkpt>
      <trkpt lat="24.49062782339751720428466796875" lon="118.14771587960422039031982421875">
        <ele>30.799999237060546875</ele>
        <time>2025-06-10T22:35:32.000Z</time>
        <extensions>
          <ns3:TrackPointExtension>
            <ns3:hr>127</ns3:hr>
            <ns3:cad>88</ns3:cad>
          </ns3:TrackPointExtension>
        </extensions>
      </trkpt>
      <trkpt lat="24.49061441235244274139404296875" lon="118.14774203114211559295654296875">
        <ele>31</ele>
        <time>2025-06-10T22:35:33.000Z</time>
        <extensions>
          <ns3:TrackPointExtension>
            <ns3:hr>128</ns3:hr>
            <ns3:cad>88</ns3:cad>
          </ns3:TrackPointExtension>
        </extensions>
      </trkpt>
      <trkpt lat="24.49059898965060710906982421875" lon="118.1477603875100612640380859375">
        <ele>30.799999237060546875</ele>
        <time>2025-06-10T22:35:34.000Z</time>
        <extensions>
          <ns3:TrackPointExtension>
            <ns3:hr>128</ns3:hr>
            <ns3:cad>88</ns3:cad>
          </ns3:TrackPointExtension>
        </extensions>
      </trkpt>
      <trkpt lat="24.49058608151972293853759765625" lon="118.1477818451821804046630859375">
        <ele>30.799999237060546875</ele>
        <time>2025-06-10T22:35:35.000Z</time>
        <extensions>
          <ns3:TrackPointExtension>
            <ns3:hr>128</ns3:hr>
            <ns3:cad>88</ns3:cad>
          </ns3:TrackPointExtension>
        </extensions>
      </trkpt>
      <trkpt lat="24.490571580827236175537109375" lon="118.1478027999401092529296875">
        <ele>30.799999237060546875</ele>
        <time>2025-06-10T22:35:36.000Z</time>
        <extensions>
          <ns3:TrackPointExtension>
            <ns3:hr>128</ns3:hr>
            <ns3:cad>88</ns3:cad>
          </ns3:TrackPointExtension>
        </extensions>
      </trkpt>
      <trkpt lat="24.49056277982890605926513671875" lon="118.14782082103192806243896484375">
        <ele>30.799999237060546875</ele>
        <time>2025-06-10T22:35:37.000Z</time>
        <extensions>
          <ns3:TrackPointExtension>
            <ns3:hr>128</ns3:hr>
            <ns3:cad>88</ns3:cad>
          </ns3:TrackPointExtension>
        </extensions>
      </trkpt>
      <trkpt lat="24.49054777622222900390625" lon="118.147844374179840087890625">
        <ele>30.799999237060546875</ele>
        <time>2025-06-10T22:35:38.000Z</time>
        <extensions>
          <ns3:TrackPointExtension>
            <ns3:hr>128</ns3:hr>
            <ns3:cad>88</ns3:cad>
          </ns3:TrackPointExtension>
        </extensions>
      </trkpt>
      <trkpt lat="24.49053704738616943359375" lon="118.14786490984261035919189453125">
        <ele>30.799999237060546875</ele>
        <time>2025-06-10T22:35:39.000Z</time>
        <extensions>
          <ns3:TrackPointExtension>
            <ns3:hr>129</ns3:hr>
            <ns3:cad>88</ns3:cad>
          </ns3:TrackPointExtension>
        </extensions>
      </trkpt>
      <trkpt lat="24.49052372016012668609619140625" lon="118.14788972027599811553955078125">
        <ele>30.799999237060546875</ele>
        <time>2025-06-10T22:35:40.000Z</time>
        <extensions>
          <ns3:TrackPointExtension>
            <ns3:hr>129</ns3:hr>
            <ns3:cad>89</ns3:cad>
          </ns3:TrackPointExtension>
        </extensions>
      </trkpt>
      <trkpt lat="24.49051760137081146240234375" lon="118.147914111614227294921875">
        <ele>30.799999237060546875</ele>
        <time>2025-06-10T22:35:41.000Z</time>
        <extensions>
          <ns3:TrackPointExtension>
            <ns3:hr>130</ns3:hr>
            <ns3:cad>89</ns3:cad>
          </ns3:TrackPointExtension>
        </extensions>
      </trkpt>
      <trkpt lat="24.49050779454410076141357421875" lon="118.14794068224728107452392578125">
        <ele>30.799999237060546875</ele>
        <time>2025-06-10T22:35:42.000Z</time>
        <extensions>
          <ns3:TrackPointExtension>
            <ns3:hr>130</ns3:hr>
            <ns3:cad>89</ns3:cad>
          </ns3:TrackPointExtension>
        </extensions>
      </trkpt>
      <trkpt lat="24.49049723334610462188720703125" lon="118.14796314574778079986572265625">
        <ele>30.799999237060546875</ele>
        <time>2025-06-10T22:35:43.000Z</time>
        <extensions>
          <ns3:TrackPointExtension>
            <ns3:hr>131</ns3:hr>
            <ns3:cad>89</ns3:cad>
          </ns3:TrackPointExtension>
        </extensions>
      </trkpt>
      <trkpt lat="24.49048818089067935943603515625" lon="118.14799114130437374114990234375">
        <ele>30.6000003814697265625</ele>
        <time>2025-06-10T22:35:44.000Z</time>
        <extensions>
          <ns3:TrackPointExtension>
            <ns3:hr>132</ns3:hr>
            <ns3:cad>89</ns3:cad>
          </ns3:TrackPointExtension>
        </extensions>
      </trkpt>
      <trkpt lat="24.49048382230103015899658203125" lon="118.1480128504335880279541015625">
        <ele>30.6000003814697265625</ele>
        <time>2025-06-10T22:35:45.000Z</time>
        <extensions>
          <ns3:TrackPointExtension>
            <ns3:hr>132</ns3:hr>
            <ns3:cad>88</ns3:cad>
          </ns3:TrackPointExtension>
        </extensions>
      </trkpt>
      <trkpt lat="24.49047560803592205047607421875" lon="118.14804218709468841552734375">
        <ele>30.6000003814697265625</ele>
        <time>2025-06-10T22:35:46.000Z</time>
        <extensions>
          <ns3:TrackPointExtension>
            <ns3:hr>132</ns3:hr>
            <ns3:cad>88</ns3:cad>
          </ns3:TrackPointExtension>
        </extensions>
      </trkpt>
      <trkpt lat="24.4904691539704799652099609375" lon="118.14806791953742504119873046875">
        <ele>30.3999996185302734375</ele>
        <time>2025-06-10T22:35:47.000Z</time>
        <extensions>
          <ns3:TrackPointExtension>
            <ns3:hr>131</ns3:hr>
            <ns3:cad>88</ns3:cad>
          </ns3:TrackPointExtension>
        </extensions>
      </trkpt>
      <trkpt lat="24.49045934714376926422119140625" lon="118.14809658564627170562744140625">
        <ele>30.3999996185302734375</ele>
        <time>2025-06-10T22:35:48.000Z</time>
        <extensions>
          <ns3:TrackPointExtension>
            <ns3:hr>131</ns3:hr>
            <ns3:cad>89</ns3:cad>
          </ns3:TrackPointExtension>
        </extensions>
      </trkpt>
      <trkpt lat="24.490452222526073455810546875" lon="118.148118294775485992431640625">
        <ele>30.3999996185302734375</ele>
        <time>2025-06-10T22:35:49.000Z</time>
        <extensions>
          <ns3:TrackPointExtension>
            <ns3:hr>131</ns3:hr>
            <ns3:cad>89</ns3:cad>
          </ns3:TrackPointExtension>
        </extensions>
      </trkpt>
      <trkpt lat="24.49044275097548961639404296875" lon="118.1481509841978549957275390625">
        <ele>30.6000003814697265625</ele>
        <time>2025-06-10T22:35:50.000Z</time>
        <extensions>
          <ns3:TrackPointExtension>
            <ns3:hr>131</ns3:hr>
            <ns3:cad>88</ns3:cad>
          </ns3:TrackPointExtension>
        </extensions>
      </trkpt>
      <trkpt lat="24.49043571017682552337646484375" lon="118.14817638136446475982666015625">
        <ele>30.6000003814697265625</ele>
        <time>2025-06-10T22:35:51.000Z</time>
        <extensions>
          <ns3:TrackPointExtension>
            <ns3:hr>132</ns3:hr>
            <ns3:cad>88</ns3:cad>
          </ns3:TrackPointExtension>
        </extensions>
      </trkpt>
      <trkpt lat="24.49042900465428829193115234375" lon="118.148202784359455108642578125">
        <ele>30.6000003814697265625</ele>
        <time>2025-06-10T22:35:52.000Z</time>
        <extensions>
          <ns3:TrackPointExtension>
            <ns3:hr>131</ns3:hr>
            <ns3:cad>88</ns3:cad>
          </ns3:TrackPointExtension>
        </extensions>
      </trkpt>
      <trkpt lat="24.490425400435924530029296875" lon="118.1482294388115406036376953125">
        <ele>30.799999237060546875</ele>
        <time>2025-06-10T22:35:53.000Z</time>
        <extensions>
          <ns3:TrackPointExtension>
            <ns3:hr>131</ns3:hr>
            <ns3:cad>88</ns3:cad>
          </ns3:TrackPointExtension>
        </extensions>
      </trkpt>
      <trkpt lat="24.49042682535946369171142578125" lon="118.1482569314539432525634765625">
        <ele>30.799999237060546875</ele>
        <time>2025-06-10T22:35:54.000Z</time>
        <extensions>
          <ns3:TrackPointExtension>
            <ns3:hr>132</ns3:hr>
            <ns3:cad>88</ns3:cad>
          </ns3:TrackPointExtension>
        </extensions>
      </trkpt>
      <trkpt lat="24.4904275797307491302490234375" lon="118.14828383736312389373779296875">
        <ele>31</ele>
        <time>2025-06-10T22:35:55.000Z</time>
        <extensions>
          <ns3:TrackPointExtension>
            <ns3:hr>131</ns3:hr>
            <ns3:cad>88</ns3:cad>
          </ns3:TrackPointExtension>
        </extensions>
      </trkpt>
      <trkpt lat="24.4904339499771595001220703125" lon="118.14830579794943332672119140625">
        <ele>31</ele>
        <time>2025-06-10T22:35:56.000Z</time>
        <extensions>
          <ns3:TrackPointExtension>
            <ns3:hr>131</ns3:hr>
            <ns3:cad>88</ns3:cad>
          </ns3:TrackPointExtension>
        </extensions>
      </trkpt>
      <trkpt lat="24.49044459499418735504150390625" lon="118.1483306922018527984619140625">
        <ele>31</ele>
        <time>2025-06-10T22:35:57.000Z</time>
        <extensions>
          <ns3:TrackPointExtension>
            <ns3:hr>132</ns3:hr>
            <ns3:cad>88</ns3:cad>
          </ns3:TrackPointExtension>
        </extensions>
      </trkpt>
      <trkpt lat="24.49045767076313495635986328125" lon="118.1483504734933376312255859375">
        <ele>31</ele>
        <time>2025-06-10T22:35:58.000Z</time>
        <extensions>
          <ns3:TrackPointExtension>
            <ns3:hr>131</ns3:hr>
            <ns3:cad>88</ns3:cad>
          </ns3:TrackPointExtension>
        </extensions>
      </trkpt>
      <trkpt lat="24.4904728420078754425048828125" lon="118.14838089980185031890869140625">
        <ele>31</ele>
        <time>2025-06-10T22:35:59.000Z</time>
        <extensions>
          <ns3:TrackPointExtension>
            <ns3:hr>132</ns3:hr>
            <ns3:cad>88</ns3:cad>
          </ns3:TrackPointExtension>
        </extensions>
      </trkpt>
      <trkpt lat="24.4904815591871738433837890625" lon="118.1483967415988445281982421875">
        <ele>31</ele>
        <time>2025-06-10T22:36:00.000Z</time>
        <extensions>
          <ns3:TrackPointExtension>
            <ns3:hr>132</ns3:hr>
            <ns3:cad>87</ns3:cad>
          </ns3:TrackPointExtension>
        </extensions>
      </trkpt>
      <trkpt lat="24.4904902763664722442626953125" lon="118.14842037856578826904296875">
        <ele>31</ele>
        <time>2025-06-10T22:36:01.000Z</time>
        <extensions>
          <ns3:TrackPointExtension>
            <ns3:hr>132</ns3:hr>
            <ns3:cad>87</ns3:cad>
          </ns3:TrackPointExtension>
        </extensions>
      </trkpt>
      <trkpt lat="24.4904956407845020294189453125" lon="118.1484411656856536865234375">
        <ele>31</ele>
        <time>2025-06-10T22:36:02.000Z</time>
        <extensions>
          <ns3:TrackPointExtension>
            <ns3:hr>131</ns3:hr>
            <ns3:cad>87</ns3:cad>
          </ns3:TrackPointExtension>
        </extensions>
      </trkpt>
      <trkpt lat="24.49050025083124637603759765625" lon="118.14847896806895732879638671875">
        <ele>30.799999237060546875</ele>
        <time>2025-06-10T22:36:03.000Z</time>
        <extensions>
          <ns3:TrackPointExtension>
            <ns3:hr>132</ns3:hr>
            <ns3:cad>87</ns3:cad>
          </ns3:TrackPointExtension>
        </extensions>
      </trkpt>
      <trkpt lat="24.49050419032573699951171875" lon="118.14850511960685253143310546875">
        <ele>30.799999237060546875</ele>
        <time>2025-06-10T22:36:04.000Z</time>
        <extensions>
          <ns3:TrackPointExtension>
            <ns3:hr>132</ns3:hr>
            <ns3:cad>87</ns3:cad>
          </ns3:TrackPointExtension>
        </extensions>
      </trkpt>
      <trkpt lat="24.4905087165534496307373046875" lon="118.14852900803089141845703125">
        <ele>30.799999237060546875</ele>
        <time>2025-06-10T22:36:05.000Z</time>
        <extensions>
          <ns3:TrackPointExtension>
            <ns3:hr>131</ns3:hr>
            <ns3:cad>87</ns3:cad>
          </ns3:TrackPointExtension>
        </extensions>
      </trkpt>
      <trkpt lat="24.49051785282790660858154296875" lon="118.1485452689230442047119140625">
        <ele>30.799999237060546875</ele>
        <time>2025-06-10T22:36:06.000Z</time>
        <extensions>
          <ns3:TrackPointExtension>
            <ns3:hr>132</ns3:hr>
            <ns3:cad>87</ns3:cad>
          </ns3:TrackPointExtension>
        </extensions>
      </trkpt>
      <trkpt lat="24.4905217923223972320556640625" lon="118.14856161363422870635986328125">
        <ele>31</ele>
        <time>2025-06-10T22:36:07.000Z</time>
        <extensions>
          <ns3:TrackPointExtension>
            <ns3:hr>132</ns3:hr>
            <ns3:cad>87</ns3:cad>
          </ns3:TrackPointExtension>
        </extensions>
      </trkpt>
      <trkpt lat="24.49052472598850727081298828125" lon="118.1485774554312229156494140625">
        <ele>31.200000762939453125</ele>
        <time>2025-06-10T22:36:08.000Z</time>
        <extensions>
          <ns3:TrackPointExtension>
            <ns3:hr>131</ns3:hr>
            <ns3:cad>87</ns3:cad>
          </ns3:TrackPointExtension>
        </extensions>
      </trkpt>
      <trkpt lat="24.4907139055430889129638671875" lon="118.14863252453505992889404296875">
        <ele>37</ele>
        <time>2025-06-10T22:36:39.000Z</time>
        <extensions>
          <ns3:TrackPointExtension>
            <ns3:hr>112</ns3:hr>
            <ns3:cad>0</ns3:cad>
          </ns3:TrackPointExtension>
        </extensions>
      </trkpt>
      <trkpt lat="24.49072203598916530609130859375" lon="118.1486257351934909820556640625">
        <ele>37</ele>
        <time>2025-06-10T22:36:40.000Z</time>
        <extensions>
          <ns3:TrackPointExtension>
            <ns3:hr>112</ns3:hr>
            <ns3:cad>0</ns3:cad>
          </ns3:TrackPointExtension>
        </extensions>
      </trkpt>
      <trkpt lat="24.49073444120585918426513671875" lon="118.14860855229198932647705078125">
        <ele>36.799999237060546875</ele>
        <time>2025-06-10T22:36:41.000Z</time>
        <extensions>
          <ns3:TrackPointExtension>
            <ns3:hr>111</ns3:hr>
            <ns3:cad>0</ns3:cad>
          </ns3:TrackPointExtension>
        </extensions>
      </trkpt>
      <trkpt lat="24.49074064381420612335205078125" lon="118.14859296195209026336669921875">
        <ele>37</ele>
        <time>2025-06-10T22:36:42.000Z</time>
        <extensions>
          <ns3:TrackPointExtension>
            <ns3:hr>110</ns3:hr>
            <ns3:cad>0</ns3:cad>
          </ns3:TrackPointExtension>
        </extensions>
      </trkpt>
      <trkpt lat="24.490747265517711639404296875" lon="118.14857192337512969970703125">
        <ele>37</ele>
        <time>2025-06-10T22:36:43.000Z</time>
        <extensions>
          <ns3:TrackPointExtension>
            <ns3:hr>110</ns3:hr>
            <ns3:cad>0</ns3:cad>
          </ns3:TrackPointExtension>
        </extensions>
      </trkpt>
      <trkpt lat="24.4907511211931705474853515625" lon="118.148545436561107635498046875">
        <ele>37</ele>
        <time>2025-06-10T22:36:44.000Z</time>
        <extensions>
          <ns3:TrackPointExtension>
            <ns3:hr>109</ns3:hr>
            <ns3:cad>0</ns3:cad>
          </ns3:TrackPointExtension>
        </extensions>
      </trkpt>
      <trkpt lat="24.4907410629093647003173828125" lon="118.14853194169700145721435546875">
        <ele>37</ele>
        <time>2025-06-10T22:36:45.000Z</time>
        <extensions>
          <ns3:TrackPointExtension>
            <ns3:hr>109</ns3:hr>
            <ns3:cad>82</ns3:cad>
          </ns3:TrackPointExtension>
        </extensions>
      </trkpt>
      <trkpt lat="24.49072203598916530609130859375" lon="118.14852741546928882598876953125">
        <ele>37</ele>
        <time>2025-06-10T22:36:46.000Z</time>
        <extensions>
          <ns3:TrackPointExtension>
            <ns3:hr>108</ns3:hr>
            <ns3:cad>82</ns3:cad>
          </ns3:TrackPointExtension>
        </extensions>
      </trkpt>
      <trkpt lat="24.4907051883637905120849609375" lon="118.14851970411837100982666015625">
        <ele>37</ele>
        <time>2025-06-10T22:36:47.000Z</time>
        <extensions>
          <ns3:TrackPointExtension>
            <ns3:hr>108</ns3:hr>
            <ns3:cad>83</ns3:cad>
          </ns3:TrackPointExtension>
        </extensions>
      </trkpt>
      <trkpt lat="24.4906787015497684478759765625" lon="118.14851132221519947052001953125">
        <ele>37</ele>
        <time>2025-06-10T22:36:48.000Z</time>
        <extensions>
          <ns3:TrackPointExtension>
            <ns3:hr>108</ns3:hr>
            <ns3:cad>84</ns3:cad>
          </ns3:TrackPointExtension>
        </extensions>
      </trkpt>
      <trkpt lat="24.490654729306697845458984375" lon="118.14850579015910625457763671875">
        <ele>37</ele>
        <time>2025-06-10T22:36:49.000Z</time>
        <extensions>
          <ns3:TrackPointExtension>
            <ns3:hr>109</ns3:hr>
            <ns3:cad>84</ns3:cad>
          </ns3:TrackPointExtension>
        </extensions>
      </trkpt>
      <trkpt lat="24.49062623083591461181640625" lon="118.14849858172237873077392578125">
        <ele>37</ele>
        <time>2025-06-10T22:36:50.000Z</time>
        <extensions>
          <ns3:TrackPointExtension>
            <ns3:hr>109</ns3:hr>
            <ns3:cad>85</ns3:cad>
          </ns3:TrackPointExtension>
        </extensions>
      </trkpt>
      <trkpt lat="24.49059999547898769378662109375" lon="118.1484953127801418304443359375">
        <ele>36.799999237060546875</ele>
        <time>2025-06-10T22:36:51.000Z</time>
        <extensions>
          <ns3:TrackPointExtension>
            <ns3:hr>109</ns3:hr>
            <ns3:cad>85</ns3:cad>
          </ns3:TrackPointExtension>
        </extensions>
      </trkpt>
      <trkpt lat="24.49057518504559993743896484375" lon="118.148497156798839569091796875">
        <ele>36.799999237060546875</ele>
        <time>2025-06-10T22:36:52.000Z</time>
        <extensions>
          <ns3:TrackPointExtension>
            <ns3:hr>109</ns3:hr>
            <ns3:cad>86</ns3:cad>
          </ns3:TrackPointExtension>
        </extensions>
      </trkpt>
      <trkpt lat="24.4905466027557849884033203125" lon="118.1484996713697910308837890625">
        <ele>36.799999237060546875</ele>
        <time>2025-06-10T22:36:53.000Z</time>
        <extensions>
          <ns3:TrackPointExtension>
            <ns3:hr>110</ns3:hr>
            <ns3:cad>87</ns3:cad>
          </ns3:TrackPointExtension>
        </extensions>
      </trkpt>
      <trkpt lat="24.49052707292139530181884765625" lon="118.1485097296535968780517578125">
        <ele>36.799999237060546875</ele>
        <time>2025-06-10T22:36:54.000Z</time>
        <extensions>
          <ns3:TrackPointExtension>
            <ns3:hr>110</ns3:hr>
            <ns3:cad>87</ns3:cad>
          </ns3:TrackPointExtension>
        </extensions>
      </trkpt>
      <trkpt lat="24.49050159193575382232666015625" lon="118.14852154813706874847412109375">
        <ele>36.799999237060546875</ele>
        <time>2025-06-10T22:36:55.000Z</time>
        <extensions>
          <ns3:TrackPointExtension>
            <ns3:hr>110</ns3:hr>
            <ns3:cad>88</ns3:cad>
          </ns3:TrackPointExtension>
        </extensions>
      </trkpt>
      <trkpt lat="24.49048583395779132843017578125" lon="118.148542083799839019775390625">
        <ele>36.799999237060546875</ele>
        <time>2025-06-10T22:36:56.000Z</time>
        <extensions>
          <ns3:TrackPointExtension>
            <ns3:hr>111</ns3:hr>
            <ns3:cad>88</ns3:cad>
          </ns3:TrackPointExtension>
        </extensions>
      </trkpt>
      <trkpt lat="24.49046437628567218780517578125" lon="118.14856052398681640625">
        <ele>36.799999237060546875</ele>
        <time>2025-06-10T22:36:57.000Z</time>
        <extensions>
          <ns3:TrackPointExtension>
            <ns3:hr>111</ns3:hr>
            <ns3:cad>88</ns3:cad>
          </ns3:TrackPointExtension>
        </extensions>
      </trkpt>
      <trkpt lat="24.49045314453542232513427734375" lon="118.1485794670879840850830078125">
        <ele>36.799999237060546875</ele>
        <time>2025-06-10T22:36:58.000Z</time>
        <extensions>
          <ns3:TrackPointExtension>
            <ns3:hr>112</ns3:hr>
            <ns3:cad>88</ns3:cad>
          </ns3:TrackPointExtension>
        </extensions>
      </trkpt>
      <trkpt lat="24.49042975902557373046875" lon="118.148601092398166656494140625">
        <ele>36.799999237060546875</ele>
        <time>2025-06-10T22:36:59.000Z</time>
        <extensions>
          <ns3:TrackPointExtension>
            <ns3:hr>112</ns3:hr>
            <ns3:cad>88</ns3:cad>
          </ns3:TrackPointExtension>
        </extensions>
      </trkpt>
      <trkpt lat="24.490416683256626129150390625" lon="118.148619197309017181396484375">
        <ele>36.799999237060546875</ele>
        <time>2025-06-10T22:37:00.000Z</time>
        <extensions>
          <ns3:TrackPointExtension>
            <ns3:hr>112</ns3:hr>
            <ns3:cad>88</ns3:cad>
          </ns3:TrackPointExtension>
        </extensions>
      </trkpt>
      <trkpt lat="24.49039313010871410369873046875" lon="118.14863587729632854461669921875">
        <ele>36.799999237060546875</ele>
        <time>2025-06-10T22:37:01.000Z</time>
        <extensions>
          <ns3:TrackPointExtension>
            <ns3:hr>113</ns3:hr>
            <ns3:cad>88</ns3:cad>
          </ns3:TrackPointExtension>
        </extensions>
      </trkpt>
      <trkpt lat="24.49037670157849788665771484375" lon="118.1486532278358936309814453125">
        <ele>36.799999237060546875</ele>
        <time>2025-06-10T22:37:02.000Z</time>
        <extensions>
          <ns3:TrackPointExtension>
            <ns3:hr>113</ns3:hr>
            <ns3:cad>88</ns3:cad>
          </ns3:TrackPointExtension>
        </extensions>
      </trkpt>
      <trkpt lat="24.49035130441188812255859375" lon="118.14867326058447360992431640625">
        <ele>36.59999847412109375</ele>
        <time>2025-06-10T22:37:03.000Z</time>
        <extensions>
          <ns3:TrackPointExtension>
            <ns3:hr>113</ns3:hr>
            <ns3:cad>88</ns3:cad>
          </ns3:TrackPointExtension>
        </extensions>
      </trkpt>
      <trkpt lat="24.49033143930137157440185546875" lon="118.14868449233472347259521484375">
        <ele>36.59999847412109375</ele>
        <time>2025-06-10T22:37:04.000Z</time>
        <extensions>
          <ns3:TrackPointExtension>
            <ns3:hr>113</ns3:hr>
            <ns3:cad>88</ns3:cad>
          </ns3:TrackPointExtension>
        </extensions>
      </trkpt>
      <trkpt lat="24.49030159972608089447021484375" lon="118.14869455061852931976318359375">
        <ele>36.59999847412109375</ele>
        <time>2025-06-10T22:37:05.000Z</time>
        <extensions>
          <ns3:TrackPointExtension>
            <ns3:hr>114</ns3:hr>
            <ns3:cad>88</ns3:cad>
          </ns3:TrackPointExtension>
        </extensions>
      </trkpt>
      <trkpt lat="24.49027352035045623779296875" lon="118.14870494417846202850341796875">
        <ele>36.59999847412109375</ele>
        <time>2025-06-10T22:37:06.000Z</time>
        <extensions>
          <ns3:TrackPointExtension>
            <ns3:hr>114</ns3:hr>
            <ns3:cad>88</ns3:cad>
          </ns3:TrackPointExtension>
        </extensions>
      </trkpt>
      <trkpt lat="24.49025214649736881256103515625" lon="118.14871416427195072174072265625">
        <ele>36.799999237060546875</ele>
        <time>2025-06-10T22:37:07.000Z</time>
        <extensions>
          <ns3:TrackPointExtension>
            <ns3:hr>114</ns3:hr>
            <ns3:cad>88</ns3:cad>
          </ns3:TrackPointExtension>
        </extensions>
      </trkpt>
      <trkpt lat="24.490228258073329925537109375" lon="118.1487269885838031768798828125">
        <ele>36.799999237060546875</ele>
        <time>2025-06-10T22:37:08.000Z</time>
        <extensions>
          <ns3:TrackPointExtension>
            <ns3:hr>114</ns3:hr>
            <ns3:cad>88</ns3:cad>
          </ns3:TrackPointExtension>
        </extensions>
      </trkpt>
      <trkpt lat="24.49020269326865673065185546875" lon="118.14873562194406986236572265625">
        <ele>36.799999237060546875</ele>
        <time>2025-06-10T22:37:09.000Z</time>
        <extensions>
          <ns3:TrackPointExtension>
            <ns3:hr>114</ns3:hr>
            <ns3:cad>88</ns3:cad>
          </ns3:TrackPointExtension>
        </extensions>
      </trkpt>
      <trkpt lat="24.490181989967823028564453125" lon="118.1487407349050045013427734375">
        <ele>36.59999847412109375</ele>
        <time>2025-06-10T22:37:10.000Z</time>
        <extensions>
          <ns3:TrackPointExtension>
            <ns3:hr>114</ns3:hr>
            <ns3:cad>88</ns3:cad>
          </ns3:TrackPointExtension>
        </extensions>
      </trkpt>
      <trkpt lat="24.49016815982758998870849609375" lon="118.14874182455241680145263671875">
        <ele>36.59999847412109375</ele>
        <time>2025-06-10T22:37:11.000Z</time>
        <extensions>
          <ns3:TrackPointExtension>
            <ns3:hr>114</ns3:hr>
            <ns3:cad>88</ns3:cad>
          </ns3:TrackPointExtension>
        </extensions>
      </trkpt>
      <trkpt lat="24.4901429302990436553955078125" lon="118.1487442553043365478515625">
        <ele>36.40000152587890625</ele>
        <time>2025-06-10T22:37:12.000Z</time>
        <extensions>
          <ns3:TrackPointExtension>
            <ns3:hr>115</ns3:hr>
            <ns3:cad>88</ns3:cad>
          </ns3:TrackPointExtension>
        </extensions>
      </trkpt>
      <trkpt lat="24.4901226460933685302734375" lon="118.14874199219048023223876953125">
        <ele>36.40000152587890625</ele>
        <time>2025-06-10T22:37:13.000Z</time>
        <extensions>
          <ns3:TrackPointExtension>
            <ns3:hr>115</ns3:hr>
            <ns3:cad>88</ns3:cad>
          </ns3:TrackPointExtension>
        </extensions>
      </trkpt>
      <trkpt lat="24.49008869938552379608154296875" lon="118.14873109571635723114013671875">
        <ele>36.40000152587890625</ele>
        <time>2025-06-10T22:37:14.000Z</time>
        <extensions>
          <ns3:TrackPointExtension>
            <ns3:hr>115</ns3:hr>
            <ns3:cad>88</ns3:cad>
          </ns3:TrackPointExtension>
        </extensions>
      </trkpt>
      <trkpt lat="24.4900584407150745391845703125" lon="118.14872556366026401519775390625">
        <ele>36.40000152587890625</ele>
        <time>2025-06-10T22:37:15.000Z</time>
        <extensions>
          <ns3:TrackPointExtension>
            <ns3:hr>114</ns3:hr>
            <ns3:cad>88</ns3:cad>
          </ns3:TrackPointExtension>
        </extensions>
      </trkpt>
      <trkpt lat="24.4900287687778472900390625" lon="118.1487135775387287139892578125">
        <ele>36.40000152587890625</ele>
        <time>2025-06-10T22:37:16.000Z</time>
        <extensions>
          <ns3:TrackPointExtension>
            <ns3:hr>115</ns3:hr>
            <ns3:cad>89</ns3:cad>
          </ns3:TrackPointExtension>
        </extensions>
      </trkpt>
      <trkpt lat="24.49001041240990161895751953125" lon="118.14870779402554035186767578125">
        <ele>36.59999847412109375</ele>
        <time>2025-06-10T22:37:17.000Z</time>
        <extensions>
          <ns3:TrackPointExtension>
            <ns3:hr>115</ns3:hr>
            <ns3:cad>89</ns3:cad>
          </ns3:TrackPointExtension>
        </extensions>
      </trkpt>
      <trkpt lat="24.48998392559587955474853515625" lon="118.1486921198666095733642578125">
        <ele>36.59999847412109375</ele>
        <time>2025-06-10T22:37:18.000Z</time>
        <extensions>
          <ns3:TrackPointExtension>
            <ns3:hr>115</ns3:hr>
            <ns3:cad>88</ns3:cad>
          </ns3:TrackPointExtension>
        </extensions>
      </trkpt>
      <trkpt lat="24.48996841907501220703125" lon="118.148686923086643218994140625">
        <ele>36.59999847412109375</ele>
        <time>2025-06-10T22:37:19.000Z</time>
        <extensions>
          <ns3:TrackPointExtension>
            <ns3:hr>116</ns3:hr>
            <ns3:cad>88</ns3:cad>
          </ns3:TrackPointExtension>
        </extensions>
      </trkpt>
      <trkpt lat="24.48994402773678302764892578125" lon="118.1486706621944904327392578125">
        <ele>36.59999847412109375</ele>
        <time>2025-06-10T22:37:20.000Z</time>
        <extensions>
          <ns3:TrackPointExtension>
            <ns3:hr>116</ns3:hr>
            <ns3:cad>89</ns3:cad>
          </ns3:TrackPointExtension>
        </extensions>
      </trkpt>
      <trkpt lat="24.48992550373077392578125" lon="118.14866454340517520904541015625">
        <ele>36.59999847412109375</ele>
        <time>2025-06-10T22:37:21.000Z</time>
        <extensions>
          <ns3:TrackPointExtension>
            <ns3:hr>116</ns3:hr>
            <ns3:cad>89</ns3:cad>
          </ns3:TrackPointExtension>
        </extensions>
      </trkpt>
      <trkpt lat="24.489901028573513031005859375" lon="118.1486488692462444305419921875">
        <ele>36.59999847412109375</ele>
        <time>2025-06-10T22:37:22.000Z</time>
        <extensions>
          <ns3:TrackPointExtension>
            <ns3:hr>116</ns3:hr>
            <ns3:cad>89</ns3:cad>
          </ns3:TrackPointExtension>
        </extensions>
      </trkpt>
      <trkpt lat="24.48987948708236217498779296875" lon="118.148639984428882598876953125">
        <ele>36.59999847412109375</ele>
        <time>2025-06-10T22:37:23.000Z</time>
        <extensions>
          <ns3:TrackPointExtension>
            <ns3:hr>117</ns3:hr>
            <ns3:cad>89</ns3:cad>
          </ns3:TrackPointExtension>
        </extensions>
      </trkpt>
      <trkpt lat="24.4898582808673381805419921875" lon="118.14862900413572788238525390625">
        <ele>36.799999237060546875</ele>
        <time>2025-06-10T22:37:24.000Z</time>
        <extensions>
          <ns3:TrackPointExtension>
            <ns3:hr>117</ns3:hr>
            <ns3:cad>88</ns3:cad>
          </ns3:TrackPointExtension>
        </extensions>
      </trkpt>
      <trkpt lat="24.4898348115384578704833984375" lon="118.14861961640417575836181640625">
        <ele>36.799999237060546875</ele>
        <time>2025-06-10T22:37:25.000Z</time>
        <extensions>
          <ns3:TrackPointExtension>
            <ns3:hr>117</ns3:hr>
            <ns3:cad>88</ns3:cad>
          </ns3:TrackPointExtension>
        </extensions>
      </trkpt>
      <trkpt lat="24.48980639688670635223388671875" lon="118.1486083008348941802978515625">
        <ele>36.799999237060546875</ele>
        <time>2025-06-10T22:37:26.000Z</time>
        <extensions>
          <ns3:TrackPointExtension>
            <ns3:hr>117</ns3:hr>
            <ns3:cad>88</ns3:cad>
          </ns3:TrackPointExtension>
        </extensions>
      </trkpt>
      <trkpt lat="24.48978535830974578857421875" lon="118.14859799109399318695068359375">
        <ele>36.799999237060546875</ele>
        <time>2025-06-10T22:37:27.000Z</time>
        <extensions>
          <ns3:TrackPointExtension>
            <ns3:hr>117</ns3:hr>
            <ns3:cad>88</ns3:cad>
          </ns3:TrackPointExtension>
        </extensions>
      </trkpt>
      <trkpt lat="24.48976130224764347076416015625" lon="118.148583658039569854736328125">
        <ele>36.799999237060546875</ele>
        <time>2025-06-10T22:37:28.000Z</time>
        <extensions>
          <ns3:TrackPointExtension>
            <ns3:hr>117</ns3:hr>
            <ns3:cad>88</ns3:cad>
          </ns3:TrackPointExtension>
        </extensions>
      </trkpt>
      <trkpt lat="24.48974319733679294586181640625" lon="118.14857552759349346160888671875">
        <ele>36.799999237060546875</ele>
        <time>2025-06-10T22:37:29.000Z</time>
        <extensions>
          <ns3:TrackPointExtension>
            <ns3:hr>118</ns3:hr>
            <ns3:cad>88</ns3:cad>
          </ns3:TrackPointExtension>
        </extensions>
      </trkpt>
      <trkpt lat="24.48972173966467380523681640625" lon="118.14856815151870250701904296875">
        <ele>37</ele>
        <time>2025-06-10T22:37:30.000Z</time>
        <extensions>
          <ns3:TrackPointExtension>
            <ns3:hr>118</ns3:hr>
            <ns3:cad>88</ns3:cad>
          </ns3:TrackPointExtension>
        </extensions>
      </trkpt>
      <trkpt lat="24.48970061726868152618408203125" lon="118.1485591828823089599609375">
        <ele>37</ele>
        <time>2025-06-10T22:37:31.000Z</time>
        <extensions>
          <ns3:TrackPointExtension>
            <ns3:hr>118</ns3:hr>
            <ns3:cad>88</ns3:cad>
          </ns3:TrackPointExtension>
        </extensions>
      </trkpt>
      <trkpt lat="24.48968016542494297027587890625" lon="118.1485546566545963287353515625">
        <ele>37</ele>
        <time>2025-06-10T22:37:32.000Z</time>
        <extensions>
          <ns3:TrackPointExtension>
            <ns3:hr>119</ns3:hr>
            <ns3:cad>88</ns3:cad>
          </ns3:TrackPointExtension>
        </extensions>
      </trkpt>
      <trkpt lat="24.48966055177152156829833984375" lon="118.14854778349399566650390625">
        <ele>37</ele>
        <time>2025-06-10T22:37:33.000Z</time>
        <extensions>
          <ns3:TrackPointExtension>
            <ns3:hr>120</ns3:hr>
            <ns3:cad>88</ns3:cad>
          </ns3:TrackPointExtension>
        </extensions>
      </trkpt>
      <trkpt lat="24.48964194394648075103759765625" lon="118.14853931777179241180419921875">
        <ele>37</ele>
        <time>2025-06-10T22:37:34.000Z</time>
        <extensions>
          <ns3:TrackPointExtension>
            <ns3:hr>120</ns3:hr>
            <ns3:cad>88</ns3:cad>
          </ns3:TrackPointExtension>
        </extensions>
      </trkpt>
      <trkpt lat="24.48961696587502956390380859375" lon="118.14852624200284481048583984375">
        <ele>37</ele>
        <time>2025-06-10T22:37:35.000Z</time>
        <extensions>
          <ns3:TrackPointExtension>
            <ns3:hr>120</ns3:hr>
            <ns3:cad>88</ns3:cad>
          </ns3:TrackPointExtension>
        </extensions>
      </trkpt>
      <trkpt lat="24.48959718458354473114013671875" lon="118.14851819537580013275146484375">
        <ele>37</ele>
        <time>2025-06-10T22:37:36.000Z</time>
        <extensions>
          <ns3:TrackPointExtension>
            <ns3:hr>120</ns3:hr>
            <ns3:cad>88</ns3:cad>
          </ns3:TrackPointExtension>
        </extensions>
      </trkpt>
      <trkpt lat="24.4895743019878864288330078125" lon="118.14850159920752048492431640625">
        <ele>37</ele>
        <time>2025-06-10T22:37:37.000Z</time>
        <extensions>
          <ns3:TrackPointExtension>
            <ns3:hr>120</ns3:hr>
            <ns3:cad>87</ns3:cad>
          </ns3:TrackPointExtension>
        </extensions>
      </trkpt>
      <trkpt lat="24.4895558618009090423583984375" lon="118.14849355258047580718994140625">
        <ele>37.200000762939453125</ele>
        <time>2025-06-10T22:37:38.000Z</time>
        <extensions>
          <ns3:TrackPointExtension>
            <ns3:hr>120</ns3:hr>
            <ns3:cad>87</ns3:cad>
          </ns3:TrackPointExtension>
        </extensions>
      </trkpt>
      <trkpt lat="24.4895330630242824554443359375" lon="118.14847938716411590576171875">
        <ele>37.200000762939453125</ele>
        <time>2025-06-10T22:37:39.000Z</time>
        <extensions>
          <ns3:TrackPointExtension>
            <ns3:hr>120</ns3:hr>
            <ns3:cad>88</ns3:cad>
          </ns3:TrackPointExtension>
        </extensions>
      </trkpt>
      <trkpt lat="24.48950816877186298370361328125" lon="118.1484735198318958282470703125">
        <ele>37.200000762939453125</ele>
        <time>2025-06-10T22:37:40.000Z</time>
        <extensions>
          <ns3:TrackPointExtension>
            <ns3:hr>120</ns3:hr>
            <ns3:cad>88</ns3:cad>
          </ns3:TrackPointExtension>
        </extensions>
      </trkpt>
      <trkpt lat="24.48948117904365062713623046875" lon="118.14846237190067768096923828125">
        <ele>37.200000762939453125</ele>
        <time>2025-06-10T22:37:41.000Z</time>
        <extensions>
          <ns3:TrackPointExtension>
            <ns3:hr>121</ns3:hr>
            <ns3:cad>89</ns3:cad>
          </ns3:TrackPointExtension>
        </extensions>
      </trkpt>
      <trkpt lat="24.48946206830441951751708984375" lon="118.14845901913940906524658203125">
        <ele>37.200000762939453125</ele>
        <time>2025-06-10T22:37:42.000Z</time>
        <extensions>
          <ns3:TrackPointExtension>
            <ns3:hr>121</ns3:hr>
            <ns3:cad>89</ns3:cad>
          </ns3:TrackPointExtension>
        </extensions>
      </trkpt>
      <trkpt lat="24.4894375093281269073486328125" lon="118.14844577573239803314208984375">
        <ele>37.200000762939453125</ele>
        <time>2025-06-10T22:37:43.000Z</time>
        <extensions>
          <ns3:TrackPointExtension>
            <ns3:hr>121</ns3:hr>
            <ns3:cad>89</ns3:cad>
          </ns3:TrackPointExtension>
        </extensions>
      </trkpt>
      <trkpt lat="24.48941697366535663604736328125" lon="118.14844242297112941741943359375">
        <ele>37.200000762939453125</ele>
        <time>2025-06-10T22:37:44.000Z</time>
        <extensions>
          <ns3:TrackPointExtension>
            <ns3:hr>122</ns3:hr>
            <ns3:cad>88</ns3:cad>
          </ns3:TrackPointExtension>
        </extensions>
      </trkpt>
      <trkpt lat="24.4893904030323028564453125" lon="118.14843001775443553924560546875">
        <ele>37.40000152587890625</ele>
        <time>2025-06-10T22:37:45.000Z</time>
        <extensions>
          <ns3:TrackPointExtension>
            <ns3:hr>122</ns3:hr>
            <ns3:cad>88</ns3:cad>
          </ns3:TrackPointExtension>
        </extensions>
      </trkpt>
      <trkpt lat="24.48937288485467433929443359375" lon="118.14842649735510349273681640625">
        <ele>37.40000152587890625</ele>
        <time>2025-06-10T22:37:46.000Z</time>
        <extensions>
          <ns3:TrackPointExtension>
            <ns3:hr>122</ns3:hr>
            <ns3:cad>88</ns3:cad>
          </ns3:TrackPointExtension>
        </extensions>
      </trkpt>
      <trkpt lat="24.489347152411937713623046875" lon="118.14841425977647304534912109375">
        <ele>37.40000152587890625</ele>
        <time>2025-06-10T22:37:47.000Z</time>
        <extensions>
          <ns3:TrackPointExtension>
            <ns3:hr>123</ns3:hr>
            <ns3:cad>88</ns3:cad>
          </ns3:TrackPointExtension>
        </extensions>
      </trkpt>
      <trkpt lat="24.489331729710102081298828125" lon="118.1484108231961727142333984375">
        <ele>37.59999847412109375</ele>
        <time>2025-06-10T22:37:48.000Z</time>
        <extensions>
          <ns3:TrackPointExtension>
            <ns3:hr>124</ns3:hr>
            <ns3:cad>89</ns3:cad>
          </ns3:TrackPointExtension>
        </extensions>
      </trkpt>
      <trkpt lat="24.48930767364799976348876953125" lon="118.14839883707463741302490234375">
        <ele>37.59999847412109375</ele>
        <time>2025-06-10T22:37:49.000Z</time>
        <extensions>
          <ns3:TrackPointExtension>
            <ns3:hr>126</ns3:hr>
            <ns3:cad>89</ns3:cad>
          </ns3:TrackPointExtension>
        </extensions>
      </trkpt>
      <trkpt lat="24.4892883114516735076904296875" lon="118.14839498139917850494384765625">
        <ele>37.59999847412109375</ele>
        <time>2025-06-10T22:37:50.000Z</time>
        <extensions>
          <ns3:TrackPointExtension>
            <ns3:hr>126</ns3:hr>
            <ns3:cad>89</ns3:cad>
          </ns3:TrackPointExtension>
        </extensions>
      </trkpt>
      <trkpt lat="24.48926039971411228179931640625" lon="118.1483803130686283111572265625">
        <ele>37.799999237060546875</ele>
        <time>2025-06-10T22:37:51.000Z</time>
        <extensions>
          <ns3:TrackPointExtension>
            <ns3:hr>127</ns3:hr>
            <ns3:cad>89</ns3:cad>
          </ns3:TrackPointExtension>
        </extensions>
      </trkpt>
      <trkpt lat="24.48923684656620025634765625" lon="118.148373775184154510498046875">
        <ele>37.799999237060546875</ele>
        <time>2025-06-10T22:37:52.000Z</time>
        <extensions>
          <ns3:TrackPointExtension>
            <ns3:hr>128</ns3:hr>
            <ns3:cad>89</ns3:cad>
          </ns3:TrackPointExtension>
        </extensions>
      </trkpt>
      <trkpt lat="24.48920734226703643798828125" lon="118.1483642198145389556884765625">
        <ele>38</ele>
        <time>2025-06-10T22:37:53.000Z</time>
        <extensions>
          <ns3:TrackPointExtension>
            <ns3:hr>128</ns3:hr>
            <ns3:cad>89</ns3:cad>
          </ns3:TrackPointExtension>
        </extensions>
      </trkpt>
      <trkpt lat="24.48918613605201244354248046875" lon="118.14836204051971435546875">
        <ele>38</ele>
        <time>2025-06-10T22:37:54.000Z</time>
        <extensions>
          <ns3:TrackPointExtension>
            <ns3:hr>128</ns3:hr>
            <ns3:cad>89</ns3:cad>
          </ns3:TrackPointExtension>
        </extensions>
      </trkpt>
      <trkpt lat="24.48915906250476837158203125" lon="118.14834821037948131561279296875">
        <ele>38</ele>
        <time>2025-06-10T22:37:55.000Z</time>
        <extensions>
          <ns3:TrackPointExtension>
            <ns3:hr>128</ns3:hr>
            <ns3:cad>89</ns3:cad>
          </ns3:TrackPointExtension>
        </extensions>
      </trkpt>
      <trkpt lat="24.48914187960326671600341796875" lon="118.14834150485694408416748046875">
        <ele>38</ele>
        <time>2025-06-10T22:37:56.000Z</time>
        <extensions>
          <ns3:TrackPointExtension>
            <ns3:hr>128</ns3:hr>
            <ns3:cad>89</ns3:cad>
          </ns3:TrackPointExtension>
        </extensions>
      </trkpt>
      <trkpt lat="24.48911606334149837493896484375" lon="118.1483263336122035980224609375">
        <ele>38</ele>
        <time>2025-06-10T22:37:57.000Z</time>
        <extensions>
          <ns3:TrackPointExtension>
            <ns3:hr>128</ns3:hr>
            <ns3:cad>89</ns3:cad>
          </ns3:TrackPointExtension>
        </extensions>
      </trkpt>
      <trkpt lat="24.4890995509922504425048828125" lon="118.1483189575374126434326171875">
        <ele>38.200000762939453125</ele>
        <time>2025-06-10T22:37:58.000Z</time>
        <extensions>
          <ns3:TrackPointExtension>
            <ns3:hr>129</ns3:hr>
            <ns3:cad>89</ns3:cad>
          </ns3:TrackPointExtension>
        </extensions>
      </trkpt>
      <trkpt lat="24.48907457292079925537109375" lon="118.1483031995594501495361328125">
        <ele>38.200000762939453125</ele>
        <time>2025-06-10T22:37:59.000Z</time>
        <extensions>
          <ns3:TrackPointExtension>
            <ns3:hr>129</ns3:hr>
            <ns3:cad>89</ns3:cad>
          </ns3:TrackPointExtension>
        </extensions>
      </trkpt>
      <trkpt lat="24.48905386961996555328369140625" lon="118.14829431474208831787109375">
        <ele>38.200000762939453125</ele>
        <time>2025-06-10T22:38:00.000Z</time>
        <extensions>
          <ns3:TrackPointExtension>
            <ns3:hr>129</ns3:hr>
            <ns3:cad>89</ns3:cad>
          </ns3:TrackPointExtension>
        </extensions>
      </trkpt>
      <trkpt lat="24.48903392069041728973388671875" lon="118.1482807360589504241943359375">
        <ele>38.40000152587890625</ele>
        <time>2025-06-10T22:38:01.000Z</time>
        <extensions>
          <ns3:TrackPointExtension>
            <ns3:hr>129</ns3:hr>
            <ns3:cad>89</ns3:cad>
          </ns3:TrackPointExtension>
        </extensions>
      </trkpt>
      <trkpt lat="24.48902168311178684234619140625" lon="118.148273862898349761962890625">
        <ele>38.40000152587890625</ele>
        <time>2025-06-10T22:38:02.000Z</time>
        <extensions>
          <ns3:TrackPointExtension>
            <ns3:hr>129</ns3:hr>
            <ns3:cad>89</ns3:cad>
          </ns3:TrackPointExtension>
        </extensions>
      </trkpt>
      <trkpt lat="24.4889989681541919708251953125" lon="118.14825810492038726806640625">
        <ele>38.59999847412109375</ele>
        <time>2025-06-10T22:38:03.000Z</time>
        <extensions>
          <ns3:TrackPointExtension>
            <ns3:hr>129</ns3:hr>
            <ns3:cad>89</ns3:cad>
          </ns3:TrackPointExtension>
        </extensions>
      </trkpt>
      <trkpt lat="24.48898203670978546142578125" lon="118.14824997447431087493896484375">
        <ele>38.59999847412109375</ele>
        <time>2025-06-10T22:38:04.000Z</time>
        <extensions>
          <ns3:TrackPointExtension>
            <ns3:hr>129</ns3:hr>
            <ns3:cad>89</ns3:cad>
          </ns3:TrackPointExtension>
        </extensions>
      </trkpt>
      <trkpt lat="24.4889543764293193817138671875" lon="118.14823756925761699676513671875">
        <ele>38.59999847412109375</ele>
        <time>2025-06-10T22:38:05.000Z</time>
        <extensions>
          <ns3:TrackPointExtension>
            <ns3:hr>129</ns3:hr>
            <ns3:cad>89</ns3:cad>
          </ns3:TrackPointExtension>
        </extensions>
      </trkpt>
      <trkpt lat="24.4889359362423419952392578125" lon="118.14823488704860210418701171875">
        <ele>38.59999847412109375</ele>
        <time>2025-06-10T22:38:06.000Z</time>
        <extensions>
          <ns3:TrackPointExtension>
            <ns3:hr>130</ns3:hr>
            <ns3:cad>89</ns3:cad>
          </ns3:TrackPointExtension>
        </extensions>
      </trkpt>
      <trkpt lat="24.48891238309442996978759765625" lon="118.1482223980128765106201171875">
        <ele>38.59999847412109375</ele>
        <time>2025-06-10T22:38:07.000Z</time>
        <extensions>
          <ns3:TrackPointExtension>
            <ns3:hr>130</ns3:hr>
            <ns3:cad>89</ns3:cad>
          </ns3:TrackPointExtension>
        </extensions>
      </trkpt>
      <trkpt lat="24.4888967089354991912841796875" lon="118.14821862615644931793212890625">
        <ele>38.799999237060546875</ele>
        <time>2025-06-10T22:38:08.000Z</time>
        <extensions>
          <ns3:TrackPointExtension>
            <ns3:hr>130</ns3:hr>
            <ns3:cad>89</ns3:cad>
          </ns3:TrackPointExtension>
        </extensions>
      </trkpt>
      <trkpt lat="24.48887734673917293548583984375" lon="118.14820873551070690155029296875">
        <ele>38.799999237060546875</ele>
        <time>2025-06-10T22:38:09.000Z</time>
        <extensions>
          <ns3:TrackPointExtension>
            <ns3:hr>130</ns3:hr>
            <ns3:cad>89</ns3:cad>
          </ns3:TrackPointExtension>
        </extensions>
      </trkpt>
      <trkpt lat="24.48885723017156124114990234375" lon="118.14819783903658390045166015625">
        <ele>38.799999237060546875</ele>
        <time>2025-06-10T22:38:10.000Z</time>
        <extensions>
          <ns3:TrackPointExtension>
            <ns3:hr>130</ns3:hr>
            <ns3:cad>89</ns3:cad>
          </ns3:TrackPointExtension>
        </extensions>
      </trkpt>
      <trkpt lat="24.488834850490093231201171875" lon="118.1481845118105411529541015625">
        <ele>38.799999237060546875</ele>
        <time>2025-06-10T22:38:11.000Z</time>
        <extensions>
          <ns3:TrackPointExtension>
            <ns3:hr>130</ns3:hr>
            <ns3:cad>89</ns3:cad>
          </ns3:TrackPointExtension>
        </extensions>
      </trkpt>
      <trkpt lat="24.488819427788257598876953125" lon="118.14817621372640132904052734375">
        <ele>39</ele>
        <time>2025-06-10T22:38:12.000Z</time>
        <extensions>
          <ns3:TrackPointExtension>
            <ns3:hr>130</ns3:hr>
            <ns3:cad>89</ns3:cad>
          </ns3:TrackPointExtension>
        </extensions>
      </trkpt>
      <trkpt lat="24.4887971319258213043212890625" lon="118.1481643952429294586181640625">
        <ele>39</ele>
        <time>2025-06-10T22:38:13.000Z</time>
        <extensions>
          <ns3:TrackPointExtension>
            <ns3:hr>131</ns3:hr>
            <ns3:cad>88</ns3:cad>
          </ns3:TrackPointExtension>
        </extensions>
      </trkpt>
      <trkpt lat="24.488779194653034210205078125" lon="118.1481536664068698883056640625">
        <ele>39.200000762939453125</ele>
        <time>2025-06-10T22:38:14.000Z</time>
        <extensions>
          <ns3:TrackPointExtension>
            <ns3:hr>131</ns3:hr>
            <ns3:cad>89</ns3:cad>
          </ns3:TrackPointExtension>
        </extensions>
      </trkpt>
      <trkpt lat="24.4887525402009487152099609375" lon="118.14814369194209575653076171875">
        <ele>39.200000762939453125</ele>
        <time>2025-06-10T22:38:15.000Z</time>
        <extensions>
          <ns3:TrackPointExtension>
            <ns3:hr>131</ns3:hr>
            <ns3:cad>89</ns3:cad>
          </ns3:TrackPointExtension>
        </extensions>
      </trkpt>
      <trkpt lat="24.4887361116707324981689453125" lon="118.14813983626663684844970703125">
        <ele>39.200000762939453125</ele>
        <time>2025-06-10T22:38:16.000Z</time>
        <extensions>
          <ns3:TrackPointExtension>
            <ns3:hr>131</ns3:hr>
            <ns3:cad>89</ns3:cad>
          </ns3:TrackPointExtension>
        </extensions>
      </trkpt>
      <trkpt lat="24.48871247470378875732421875" lon="118.14812667667865753173828125">
        <ele>39.200000762939453125</ele>
        <time>2025-06-10T22:38:17.000Z</time>
        <extensions>
          <ns3:TrackPointExtension>
            <ns3:hr>131</ns3:hr>
            <ns3:cad>89</ns3:cad>
          </ns3:TrackPointExtension>
        </extensions>
      </trkpt>
      <trkpt lat="24.48869730345904827117919921875" lon="118.1481211446225643157958984375">
        <ele>39.40000152587890625</ele>
        <time>2025-06-10T22:38:18.000Z</time>
        <extensions>
          <ns3:TrackPointExtension>
            <ns3:hr>132</ns3:hr>
            <ns3:cad>89</ns3:cad>
          </ns3:TrackPointExtension>
        </extensions>
      </trkpt>
      <trkpt lat="24.48867450468242168426513671875" lon="118.14810966141521930694580078125">
        <ele>39.40000152587890625</ele>
        <time>2025-06-10T22:38:19.000Z</time>
        <extensions>
          <ns3:TrackPointExtension>
            <ns3:hr>132</ns3:hr>
            <ns3:cad>89</ns3:cad>
          </ns3:TrackPointExtension>
        </extensions>
      </trkpt>
      <trkpt lat="24.488655142486095428466796875" lon="118.14810329116880893707275390625">
        <ele>39.40000152587890625</ele>
        <time>2025-06-10T22:38:20.000Z</time>
        <extensions>
          <ns3:TrackPointExtension>
            <ns3:hr>132</ns3:hr>
            <ns3:cad>89</ns3:cad>
          </ns3:TrackPointExtension>
        </extensions>
      </trkpt>
      <trkpt lat="24.4886325113475322723388671875" lon="118.14809356816112995147705078125">
        <ele>39.59999847412109375</ele>
        <time>2025-06-10T22:38:21.000Z</time>
        <extensions>
          <ns3:TrackPointExtension>
            <ns3:hr>133</ns3:hr>
            <ns3:cad>89</ns3:cad>
          </ns3:TrackPointExtension>
        </extensions>
      </trkpt>
      <trkpt lat="24.4886120595037937164306640625" lon="118.14808585681021213531494140625">
        <ele>39.59999847412109375</ele>
        <time>2025-06-10T22:38:22.000Z</time>
        <extensions>
          <ns3:TrackPointExtension>
            <ns3:hr>134</ns3:hr>
            <ns3:cad>89</ns3:cad>
          </ns3:TrackPointExtension>
        </extensions>
      </trkpt>
      <trkpt lat="24.48858867399394512176513671875" lon="118.14807839691638946533203125">
        <ele>39.799999237060546875</ele>
        <time>2025-06-10T22:38:23.000Z</time>
        <extensions>
          <ns3:TrackPointExtension>
            <ns3:hr>135</ns3:hr>
            <ns3:cad>89</ns3:cad>
          </ns3:TrackPointExtension>
        </extensions>
      </trkpt>
      <trkpt lat="24.488571323454380035400390625" lon="118.14807579852640628814697265625">
        <ele>39.799999237060546875</ele>
        <time>2025-06-10T22:38:24.000Z</time>
        <extensions>
          <ns3:TrackPointExtension>
            <ns3:hr>135</ns3:hr>
            <ns3:cad>89</ns3:cad>
          </ns3:TrackPointExtension>
        </extensions>
      </trkpt>
      <trkpt lat="24.4885547272861003875732421875" lon="118.14806708134710788726806640625">
        <ele>40</ele>
        <time>2025-06-10T22:38:25.000Z</time>
        <extensions>
          <ns3:TrackPointExtension>
            <ns3:hr>136</ns3:hr>
            <ns3:cad>89</ns3:cad>
          </ns3:TrackPointExtension>
        </extensions>
      </trkpt>
      <trkpt lat="24.48853502981364727020263671875" lon="118.148058950901031494140625">
        <ele>40.200000762939453125</ele>
        <time>2025-06-10T22:38:26.000Z</time>
        <extensions>
          <ns3:TrackPointExtension>
            <ns3:hr>137</ns3:hr>
            <ns3:cad>89</ns3:cad>
          </ns3:TrackPointExtension>
        </extensions>
      </trkpt>
      <trkpt lat="24.4885087944567203521728515625" lon="118.148048222064971923828125">
        <ele>40.200000762939453125</ele>
        <time>2025-06-10T22:38:27.000Z</time>
        <extensions>
          <ns3:TrackPointExtension>
            <ns3:hr>138</ns3:hr>
            <ns3:cad>88</ns3:cad>
          </ns3:TrackPointExtension>
        </extensions>
      </trkpt>
      <trkpt lat="24.48848423548042774200439453125" lon="118.14804210327565670013427734375">
        <ele>40.200000762939453125</ele>
        <time>2025-06-10T22:38:28.000Z</time>
        <extensions>
          <ns3:TrackPointExtension>
            <ns3:hr>138</ns3:hr>
            <ns3:cad>88</ns3:cad>
          </ns3:TrackPointExtension>
        </extensions>
      </trkpt>
      <trkpt lat="24.48845892213284969329833984375" lon="118.14803548157215118408203125">
        <ele>40.200000762939453125</ele>
        <time>2025-06-10T22:38:29.000Z</time>
        <extensions>
          <ns3:TrackPointExtension>
            <ns3:hr>139</ns3:hr>
            <ns3:cad>88</ns3:cad>
          </ns3:TrackPointExtension>
        </extensions>
      </trkpt>
      <trkpt lat="24.488436877727508544921875" lon="118.14802902750670909881591796875">
        <ele>40.200000762939453125</ele>
        <time>2025-06-10T22:38:30.000Z</time>
        <extensions>
          <ns3:TrackPointExtension>
            <ns3:hr>139</ns3:hr>
            <ns3:cad>88</ns3:cad>
          </ns3:TrackPointExtension>
        </extensions>
      </trkpt>
      <trkpt lat="24.48841164819896221160888671875" lon="118.14802198670804500579833984375">
        <ele>40.200000762939453125</ele>
        <time>2025-06-10T22:38:31.000Z</time>
        <extensions>
          <ns3:TrackPointExtension>
            <ns3:hr>139</ns3:hr>
            <ns3:cad>89</ns3:cad>
          </ns3:TrackPointExtension>
        </extensions>
      </trkpt>
      <trkpt lat="24.4883911125361919403076171875" lon="118.1480141915380954742431640625">
        <ele>40.40000152587890625</ele>
        <time>2025-06-10T22:38:32.000Z</time>
        <extensions>
          <ns3:TrackPointExtension>
            <ns3:hr>139</ns3:hr>
            <ns3:cad>89</ns3:cad>
          </ns3:TrackPointExtension>
        </extensions>
      </trkpt>
      <trkpt lat="24.48837091214954853057861328125" lon="118.14800471998751163482666015625">
        <ele>40.59999847412109375</ele>
        <time>2025-06-10T22:38:33.000Z</time>
        <extensions>
          <ns3:TrackPointExtension>
            <ns3:hr>139</ns3:hr>
            <ns3:cad>89</ns3:cad>
          </ns3:TrackPointExtension>
        </extensions>
      </trkpt>
      <trkpt lat="24.48834978975355625152587890625" lon="118.147996254265308380126953125">
        <ele>40.59999847412109375</ele>
        <time>2025-06-10T22:38:34.000Z</time>
        <extensions>
          <ns3:TrackPointExtension>
            <ns3:hr>139</ns3:hr>
            <ns3:cad>89</ns3:cad>
          </ns3:TrackPointExtension>
        </extensions>
      </trkpt>
      <trkpt lat="24.48832464404404163360595703125" lon="118.147989213466644287109375">
        <ele>40.59999847412109375</ele>
        <time>2025-06-10T22:38:35.000Z</time>
        <extensions>
          <ns3:TrackPointExtension>
            <ns3:hr>139</ns3:hr>
            <ns3:cad>89</ns3:cad>
          </ns3:TrackPointExtension>
        </extensions>
      </trkpt>
      <trkpt lat="24.48830670677125453948974609375" lon="118.147984854876995086669921875">
        <ele>40.799999237060546875</ele>
        <time>2025-06-10T22:38:36.000Z</time>
        <extensions>
          <ns3:TrackPointExtension>
            <ns3:hr>140</ns3:hr>
            <ns3:cad>89</ns3:cad>
          </ns3:TrackPointExtension>
        </extensions>
      </trkpt>
      <trkpt lat="24.48828726075589656829833984375" lon="118.14797605387866497039794921875">
        <ele>40.59999847412109375</ele>
        <time>2025-06-10T22:38:37.000Z</time>
        <extensions>
          <ns3:TrackPointExtension>
            <ns3:hr>140</ns3:hr>
            <ns3:cad>89</ns3:cad>
          </ns3:TrackPointExtension>
        </extensions>
      </trkpt>
      <trkpt lat="24.48826345615088939666748046875" lon="118.14797018654644489288330078125">
        <ele>40.59999847412109375</ele>
        <time>2025-06-10T22:38:38.000Z</time>
        <extensions>
          <ns3:TrackPointExtension>
            <ns3:hr>140</ns3:hr>
            <ns3:cad>89</ns3:cad>
          </ns3:TrackPointExtension>
        </extensions>
      </trkpt>
      <trkpt lat="24.48823831044137477874755859375" lon="118.147968091070652008056640625">
        <ele>40.799999237060546875</ele>
        <time>2025-06-10T22:38:39.000Z</time>
        <extensions>
          <ns3:TrackPointExtension>
            <ns3:hr>140</ns3:hr>
            <ns3:cad>89</ns3:cad>
          </ns3:TrackPointExtension>
        </extensions>
      </trkpt>
      <trkpt lat="24.48821358382701873779296875" lon="118.14796113409101963043212890625">
        <ele>40.799999237060546875</ele>
        <time>2025-06-10T22:38:40.000Z</time>
        <extensions>
          <ns3:TrackPointExtension>
            <ns3:hr>140</ns3:hr>
            <ns3:cad>89</ns3:cad>
          </ns3:TrackPointExtension>
        </extensions>
      </trkpt>
      <trkpt lat="24.488189108669757843017578125" lon="118.14795526675879955291748046875">
        <ele>40.799999237060546875</ele>
        <time>2025-06-10T22:38:41.000Z</time>
        <extensions>
          <ns3:TrackPointExtension>
            <ns3:hr>140</ns3:hr>
            <ns3:cad>89</ns3:cad>
          </ns3:TrackPointExtension>
        </extensions>
      </trkpt>
      <trkpt lat="24.48816689662635326385498046875" lon="118.14795141108334064483642578125">
        <ele>41</ele>
        <time>2025-06-10T22:38:42.000Z</time>
        <extensions>
          <ns3:TrackPointExtension>
            <ns3:hr>140</ns3:hr>
            <ns3:cad>89</ns3:cad>
          </ns3:TrackPointExtension>
        </extensions>
      </trkpt>
      <trkpt lat="24.488142840564250946044921875" lon="118.14794420264661312103271484375">
        <ele>41</ele>
        <time>2025-06-10T22:38:43.000Z</time>
        <extensions>
          <ns3:TrackPointExtension>
            <ns3:hr>140</ns3:hr>
            <ns3:cad>89</ns3:cad>
          </ns3:TrackPointExtension>
        </extensions>
      </trkpt>
      <trkpt lat="24.488122053444385528564453125" lon="118.14793766476213932037353515625">
        <ele>41</ele>
        <time>2025-06-10T22:38:44.000Z</time>
        <extensions>
          <ns3:TrackPointExtension>
            <ns3:hr>140</ns3:hr>
            <ns3:cad>89</ns3:cad>
          </ns3:TrackPointExtension>
        </extensions>
      </trkpt>
      <trkpt lat="24.48810227215290069580078125" lon="118.14793146215379238128662109375">
        <ele>41.200000762939453125</ele>
        <time>2025-06-10T22:38:45.000Z</time>
        <extensions>
          <ns3:TrackPointExtension>
            <ns3:hr>140</ns3:hr>
            <ns3:cad>89</ns3:cad>
          </ns3:TrackPointExtension>
        </extensions>
      </trkpt>
      <trkpt lat="24.4880793057382106781005859375" lon="118.147925846278667449951171875">
        <ele>41.200000762939453125</ele>
        <time>2025-06-10T22:38:46.000Z</time>
        <extensions>
          <ns3:TrackPointExtension>
            <ns3:hr>140</ns3:hr>
            <ns3:cad>89</ns3:cad>
          </ns3:TrackPointExtension>
        </extensions>
      </trkpt>
      <trkpt lat="24.4880573451519012451171875" lon="118.1479203142225742340087890625">
        <ele>41.40000152587890625</ele>
        <time>2025-06-10T22:38:47.000Z</time>
        <extensions>
          <ns3:TrackPointExtension>
            <ns3:hr>140</ns3:hr>
            <ns3:cad>89</ns3:cad>
          </ns3:TrackPointExtension>
        </extensions>
      </trkpt>
      <trkpt lat="24.48803194798529148101806640625" lon="118.14791553653776645660400390625">
        <ele>41.40000152587890625</ele>
        <time>2025-06-10T22:38:48.000Z</time>
        <extensions>
          <ns3:TrackPointExtension>
            <ns3:hr>140</ns3:hr>
            <ns3:cad>89</ns3:cad>
          </ns3:TrackPointExtension>
        </extensions>
      </trkpt>
      <trkpt lat="24.48800814338028430938720703125" lon="118.14791251905262470245361328125">
        <ele>41.40000152587890625</ele>
        <time>2025-06-10T22:38:49.000Z</time>
        <extensions>
          <ns3:TrackPointExtension>
            <ns3:hr>140</ns3:hr>
            <ns3:cad>89</ns3:cad>
          </ns3:TrackPointExtension>
        </extensions>
      </trkpt>
      <trkpt lat="24.48798417113721370697021484375" lon="118.1479085795581340789794921875">
        <ele>41.40000152587890625</ele>
        <time>2025-06-10T22:38:50.000Z</time>
        <extensions>
          <ns3:TrackPointExtension>
            <ns3:hr>138</ns3:hr>
            <ns3:cad>89</ns3:cad>
          </ns3:TrackPointExtension>
        </extensions>
      </trkpt>
      <trkpt lat="24.4879626296460628509521484375" lon="118.1479062326252460479736328125">
        <ele>41.59999847412109375</ele>
        <time>2025-06-10T22:38:51.000Z</time>
        <extensions>
          <ns3:TrackPointExtension>
            <ns3:hr>138</ns3:hr>
            <ns3:cad>90</ns3:cad>
          </ns3:TrackPointExtension>
        </extensions>
      </trkpt>
      <trkpt lat="24.48794268071651458740234375" lon="118.147900365293025970458984375">
        <ele>41.59999847412109375</ele>
        <time>2025-06-10T22:38:52.000Z</time>
        <extensions>
          <ns3:TrackPointExtension>
            <ns3:hr>138</ns3:hr>
            <ns3:cad>89</ns3:cad>
          </ns3:TrackPointExtension>
        </extensions>
      </trkpt>
      <trkpt lat="24.48792164213955402374267578125" lon="118.14789826981723308563232421875">
        <ele>41.799999237060546875</ele>
        <time>2025-06-10T22:38:53.000Z</time>
        <extensions>
          <ns3:TrackPointExtension>
            <ns3:hr>138</ns3:hr>
            <ns3:cad>89</ns3:cad>
          </ns3:TrackPointExtension>
        </extensions>
      </trkpt>
      <trkpt lat="24.48789850808680057525634765625" lon="118.14789441414177417755126953125">
        <ele>41.799999237060546875</ele>
        <time>2025-06-10T22:38:54.000Z</time>
        <extensions>
          <ns3:TrackPointExtension>
            <ns3:hr>137</ns3:hr>
            <ns3:cad>89</ns3:cad>
          </ns3:TrackPointExtension>
        </extensions>
      </trkpt>
      <trkpt lat="24.4878774695098400115966796875" lon="118.14789206720888614654541015625">
        <ele>42</ele>
        <time>2025-06-10T22:38:55.000Z</time>
        <extensions>
          <ns3:TrackPointExtension>
            <ns3:hr>137</ns3:hr>
            <ns3:cad>89</ns3:cad>
          </ns3:TrackPointExtension>
        </extensions>
      </trkpt>
      <trkpt lat="24.48785508982837200164794921875" lon="118.1478887982666492462158203125">
        <ele>42</ele>
        <time>2025-06-10T22:38:56.000Z</time>
        <extensions>
          <ns3:TrackPointExtension>
            <ns3:hr>137</ns3:hr>
            <ns3:cad>89</ns3:cad>
          </ns3:TrackPointExtension>
        </extensions>
      </trkpt>
      <trkpt lat="24.48783363215625286102294921875" lon="118.14788737334311008453369140625">
        <ele>42</ele>
        <time>2025-06-10T22:38:57.000Z</time>
        <extensions>
          <ns3:TrackPointExtension>
            <ns3:hr>137</ns3:hr>
            <ns3:cad>89</ns3:cad>
          </ns3:TrackPointExtension>
        </extensions>
      </trkpt>
      <trkpt lat="24.4878104142844676971435546875" lon="118.147882930934429168701171875">
        <ele>42.200000762939453125</ele>
        <time>2025-06-10T22:38:58.000Z</time>
        <extensions>
          <ns3:TrackPointExtension>
            <ns3:hr>137</ns3:hr>
            <ns3:cad>89</ns3:cad>
          </ns3:TrackPointExtension>
        </extensions>
      </trkpt>
      <trkpt lat="24.48778937570750713348388671875" lon="118.14788150601089000701904296875">
        <ele>42.40000152587890625</ele>
        <time>2025-06-10T22:38:59.000Z</time>
        <extensions>
          <ns3:TrackPointExtension>
            <ns3:hr>137</ns3:hr>
            <ns3:cad>89</ns3:cad>
          </ns3:TrackPointExtension>
        </extensions>
      </trkpt>
      <trkpt lat="24.48776372708380222320556640625" lon="118.1478716991841793060302734375">
        <ele>42.40000152587890625</ele>
        <time>2025-06-10T22:39:00.000Z</time>
        <extensions>
          <ns3:TrackPointExtension>
            <ns3:hr>137</ns3:hr>
            <ns3:cad>89</ns3:cad>
          </ns3:TrackPointExtension>
        </extensions>
      </trkpt>
      <trkpt lat="24.48774126358330249786376953125" lon="118.14786692149937152862548828125">
        <ele>42.40000152587890625</ele>
        <time>2025-06-10T22:39:01.000Z</time>
        <extensions>
          <ns3:TrackPointExtension>
            <ns3:hr>137</ns3:hr>
            <ns3:cad>89</ns3:cad>
          </ns3:TrackPointExtension>
        </extensions>
      </trkpt>
      <trkpt lat="24.48771712370216846466064453125" lon="118.14785988070070743560791015625">
        <ele>42.40000152587890625</ele>
        <time>2025-06-10T22:39:02.000Z</time>
        <extensions>
          <ns3:TrackPointExtension>
            <ns3:hr>137</ns3:hr>
            <ns3:cad>89</ns3:cad>
          </ns3:TrackPointExtension>
        </extensions>
      </trkpt>
      <trkpt lat="24.4876980967819690704345703125" lon="118.1478562764823436737060546875">
        <ele>42.59999847412109375</ele>
        <time>2025-06-10T22:39:03.000Z</time>
        <extensions>
          <ns3:TrackPointExtension>
            <ns3:hr>136</ns3:hr>
            <ns3:cad>89</ns3:cad>
          </ns3:TrackPointExtension>
        </extensions>
      </trkpt>
      <trkpt lat="24.48767445981502532958984375" lon="118.1478489004075527191162109375">
        <ele>42.59999847412109375</ele>
        <time>2025-06-10T22:39:04.000Z</time>
        <extensions>
          <ns3:TrackPointExtension>
            <ns3:hr>137</ns3:hr>
            <ns3:cad>89</ns3:cad>
          </ns3:TrackPointExtension>
        </extensions>
      </trkpt>
      <trkpt lat="24.4876518286764621734619140625" lon="118.1478458829224109649658203125">
        <ele>42.59999847412109375</ele>
        <time>2025-06-10T22:39:05.000Z</time>
        <extensions>
          <ns3:TrackPointExtension>
            <ns3:hr>137</ns3:hr>
            <ns3:cad>89</ns3:cad>
          </ns3:TrackPointExtension>
        </extensions>
      </trkpt>
      <trkpt lat="24.4876280240714550018310546875" lon="118.14784345217049121856689453125">
        <ele>42.59999847412109375</ele>
        <time>2025-06-10T22:39:06.000Z</time>
        <extensions>
          <ns3:TrackPointExtension>
            <ns3:hr>137</ns3:hr>
            <ns3:cad>89</ns3:cad>
          </ns3:TrackPointExtension>
        </extensions>
      </trkpt>
      <trkpt lat="24.48760312981903553009033203125" lon="118.1478415243327617645263671875">
        <ele>42.799999237060546875</ele>
        <time>2025-06-10T22:39:07.000Z</time>
        <extensions>
          <ns3:TrackPointExtension>
            <ns3:hr>137</ns3:hr>
            <ns3:cad>89</ns3:cad>
          </ns3:TrackPointExtension>
        </extensions>
      </trkpt>
      <trkpt lat="24.48757647536695003509521484375" lon="118.14783657900989055633544921875">
        <ele>42.799999237060546875</ele>
        <time>2025-06-10T22:39:08.000Z</time>
        <extensions>
          <ns3:TrackPointExtension>
            <ns3:hr>137</ns3:hr>
            <ns3:cad>89</ns3:cad>
          </ns3:TrackPointExtension>
        </extensions>
      </trkpt>
      <trkpt lat="24.48755443096160888671875" lon="118.14783590845763683319091796875">
        <ele>42.799999237060546875</ele>
        <time>2025-06-10T22:39:09.000Z</time>
        <extensions>
          <ns3:TrackPointExtension>
            <ns3:hr>137</ns3:hr>
            <ns3:cad>89</ns3:cad>
          </ns3:TrackPointExtension>
        </extensions>
      </trkpt>
      <trkpt lat="24.4875277765095233917236328125" lon="118.14782769419252872467041015625">
        <ele>43</ele>
        <time>2025-06-10T22:39:10.000Z</time>
        <extensions>
          <ns3:TrackPointExtension>
            <ns3:hr>136</ns3:hr>
            <ns3:cad>89</ns3:cad>
          </ns3:TrackPointExtension>
        </extensions>
      </trkpt>
      <trkpt lat="24.487509168684482574462890625" lon="118.1478264369070529937744140625">
        <ele>43</ele>
        <time>2025-06-10T22:39:11.000Z</time>
        <extensions>
          <ns3:TrackPointExtension>
            <ns3:hr>137</ns3:hr>
            <ns3:cad>88</ns3:cad>
          </ns3:TrackPointExtension>
        </extensions>
      </trkpt>
      <trkpt lat="24.487474970519542694091796875" lon="118.14782400615513324737548828125">
        <ele>43.200000762939453125</ele>
        <time>2025-06-10T22:39:12.000Z</time>
        <extensions>
          <ns3:TrackPointExtension>
            <ns3:hr>137</ns3:hr>
            <ns3:cad>88</ns3:cad>
          </ns3:TrackPointExtension>
        </extensions>
      </trkpt>
      <trkpt lat="24.48745745234191417694091796875" lon="118.14783423207700252532958984375">
        <ele>43.200000762939453125</ele>
        <time>2025-06-10T22:39:13.000Z</time>
        <extensions>
          <ns3:TrackPointExtension>
            <ns3:hr>138</ns3:hr>
            <ns3:cad>89</ns3:cad>
          </ns3:TrackPointExtension>
        </extensions>
      </trkpt>
      <trkpt lat="24.48742107488214969635009765625" lon="118.1478401832282543182373046875">
        <ele>43.200000762939453125</ele>
        <time>2025-06-10T22:39:14.000Z</time>
        <extensions>
          <ns3:TrackPointExtension>
            <ns3:hr>138</ns3:hr>
            <ns3:cad>89</ns3:cad>
          </ns3:TrackPointExtension>
        </extensions>
      </trkpt>
      <trkpt lat="24.48740280233323574066162109375" lon="118.14784797839820384979248046875">
        <ele>43.40000152587890625</ele>
        <time>2025-06-10T22:39:15.000Z</time>
        <extensions>
          <ns3:TrackPointExtension>
            <ns3:hr>139</ns3:hr>
            <ns3:cad>88</ns3:cad>
          </ns3:TrackPointExtension>
        </extensions>
      </trkpt>
      <trkpt lat="24.4873732142150402069091796875" lon="118.14785351045429706573486328125">
        <ele>43.40000152587890625</ele>
        <time>2025-06-10T22:39:16.000Z</time>
        <extensions>
          <ns3:TrackPointExtension>
            <ns3:hr>139</ns3:hr>
            <ns3:cad>88</ns3:cad>
          </ns3:TrackPointExtension>
        </extensions>
      </trkpt>
      <trkpt lat="24.48735720477998256683349609375" lon="118.147864155471324920654296875">
        <ele>43.59999847412109375</ele>
        <time>2025-06-10T22:39:17.000Z</time>
        <extensions>
          <ns3:TrackPointExtension>
            <ns3:hr>139</ns3:hr>
            <ns3:cad>88</ns3:cad>
          </ns3:TrackPointExtension>
        </extensions>
      </trkpt>
      <trkpt lat="24.4873326458036899566650390625" lon="118.1478737108409404754638671875">
        <ele>43.59999847412109375</ele>
        <time>2025-06-10T22:39:18.000Z</time>
        <extensions>
          <ns3:TrackPointExtension>
            <ns3:hr>138</ns3:hr>
            <ns3:cad>89</ns3:cad>
          </ns3:TrackPointExtension>
        </extensions>
      </trkpt>
      <trkpt lat="24.48731998912990093231201171875" lon="118.14788636751472949981689453125">
        <ele>43.799999237060546875</ele>
        <time>2025-06-10T22:39:19.000Z</time>
        <extensions>
          <ns3:TrackPointExtension>
            <ns3:hr>139</ns3:hr>
            <ns3:cad>89</ns3:cad>
          </ns3:TrackPointExtension>
        </extensions>
      </trkpt>
      <trkpt lat="24.4872984476387500762939453125" lon="118.14789927564561367034912109375">
        <ele>44</ele>
        <time>2025-06-10T22:39:20.000Z</time>
        <extensions>
          <ns3:TrackPointExtension>
            <ns3:hr>139</ns3:hr>
            <ns3:cad>89</ns3:cad>
          </ns3:TrackPointExtension>
        </extensions>
      </trkpt>
      <trkpt lat="24.4872883893549442291259765625" lon="118.14791134558618068695068359375">
        <ele>44.200000762939453125</ele>
        <time>2025-06-10T22:39:21.000Z</time>
        <extensions>
          <ns3:TrackPointExtension>
            <ns3:hr>138</ns3:hr>
            <ns3:cad>89</ns3:cad>
          </ns3:TrackPointExtension>
        </extensions>
      </trkpt>
      <trkpt lat="24.48726986534893512725830078125" lon="118.14793129451572895050048828125">
        <ele>44.200000762939453125</ele>
        <time>2025-06-10T22:39:22.000Z</time>
        <extensions>
          <ns3:TrackPointExtension>
            <ns3:hr>139</ns3:hr>
            <ns3:cad>89</ns3:cad>
          </ns3:TrackPointExtension>
        </extensions>
      </trkpt>
      <trkpt lat="24.48726114816963672637939453125" lon="118.14794923178851604461669921875">
        <ele>44.40000152587890625</ele>
        <time>2025-06-10T22:39:23.000Z</time>
        <extensions>
          <ns3:TrackPointExtension>
            <ns3:hr>138</ns3:hr>
            <ns3:cad>89</ns3:cad>
          </ns3:TrackPointExtension>
        </extensions>
      </trkpt>
      <trkpt lat="24.48724270798265933990478515625" lon="118.1479744613170623779296875">
        <ele>44.40000152587890625</ele>
        <time>2025-06-10T22:39:24.000Z</time>
        <extensions>
          <ns3:TrackPointExtension>
            <ns3:hr>138</ns3:hr>
            <ns3:cad>89</ns3:cad>
          </ns3:TrackPointExtension>
        </extensions>
      </trkpt>
      <trkpt lat="24.4872307218611240386962890625" lon="118.14799013547599315643310546875">
        <ele>44.59999847412109375</ele>
        <time>2025-06-10T22:39:25.000Z</time>
        <extensions>
          <ns3:TrackPointExtension>
            <ns3:hr>138</ns3:hr>
            <ns3:cad>89</ns3:cad>
          </ns3:TrackPointExtension>
        </extensions>
      </trkpt>
      <trkpt lat="24.48720834217965602874755859375" lon="118.148011676967144012451171875">
        <ele>44.59999847412109375</ele>
        <time>2025-06-10T22:39:26.000Z</time>
        <extensions>
          <ns3:TrackPointExtension>
            <ns3:hr>138</ns3:hr>
            <ns3:cad>89</ns3:cad>
          </ns3:TrackPointExtension>
        </extensions>
      </trkpt>
      <trkpt lat="24.48719526641070842742919921875" lon="118.14802684821188449859619140625">
        <ele>44.799999237060546875</ele>
        <time>2025-06-10T22:39:27.000Z</time>
        <extensions>
          <ns3:TrackPointExtension>
            <ns3:hr>138</ns3:hr>
            <ns3:cad>89</ns3:cad>
          </ns3:TrackPointExtension>
        </extensions>
      </trkpt>
      <trkpt lat="24.48717414401471614837646484375" lon="118.1480447016656398773193359375">
        <ele>44.799999237060546875</ele>
        <time>2025-06-10T22:39:28.000Z</time>
        <extensions>
          <ns3:TrackPointExtension>
            <ns3:hr>138</ns3:hr>
            <ns3:cad>89</ns3:cad>
          </ns3:TrackPointExtension>
        </extensions>
      </trkpt>
      <trkpt lat="24.48716157115995883941650390625" lon="118.14805828034877777099609375">
        <ele>45</ele>
        <time>2025-06-10T22:39:29.000Z</time>
        <extensions>
          <ns3:TrackPointExtension>
            <ns3:hr>139</ns3:hr>
            <ns3:cad>89</ns3:cad>
          </ns3:TrackPointExtension>
        </extensions>
      </trkpt>
      <trkpt lat="24.48713458143174648284912109375" lon="118.14807848073542118072509765625">
        <ele>45</ele>
        <time>2025-06-10T22:39:30.000Z</time>
        <extensions>
          <ns3:TrackPointExtension>
            <ns3:hr>139</ns3:hr>
            <ns3:cad>89</ns3:cad>
          </ns3:TrackPointExtension>
        </extensions>
      </trkpt>
      <trkpt lat="24.48711521923542022705078125" lon="118.1480896286666393280029296875">
        <ele>45.200000762939453125</ele>
        <time>2025-06-10T22:39:31.000Z</time>
        <extensions>
          <ns3:TrackPointExtension>
            <ns3:hr>139</ns3:hr>
            <ns3:cad>89</ns3:cad>
          </ns3:TrackPointExtension>
        </extensions>
      </trkpt>
      <trkpt lat="24.4870865531265735626220703125" lon="118.14810060895979404449462890625">
        <ele>45.200000762939453125</ele>
        <time>2025-06-10T22:39:32.000Z</time>
        <extensions>
          <ns3:TrackPointExtension>
            <ns3:hr>139</ns3:hr>
            <ns3:cad>89</ns3:cad>
          </ns3:TrackPointExtension>
        </extensions>
      </trkpt>
      <trkpt lat="24.48706467635929584503173828125" lon="118.148105554282665252685546875">
        <ele>45.40000152587890625</ele>
        <time>2025-06-10T22:39:33.000Z</time>
        <extensions>
          <ns3:TrackPointExtension>
            <ns3:hr>139</ns3:hr>
            <ns3:cad>89</ns3:cad>
          </ns3:TrackPointExtension>
        </extensions>
      </trkpt>
      <trkpt lat="24.487033747136592864990234375" lon="118.14810915850102901458740234375">
        <ele>45.40000152587890625</ele>
        <time>2025-06-10T22:39:34.000Z</time>
        <extensions>
          <ns3:TrackPointExtension>
            <ns3:hr>138</ns3:hr>
            <ns3:cad>89</ns3:cad>
          </ns3:TrackPointExtension>
        </extensions>
      </trkpt>
      <trkpt lat="24.48701354674994945526123046875" lon="118.1481050513684749603271484375">
        <ele>45.59999847412109375</ele>
        <time>2025-06-10T22:39:35.000Z</time>
        <extensions>
          <ns3:TrackPointExtension>
            <ns3:hr>139</ns3:hr>
            <ns3:cad>89</ns3:cad>
          </ns3:TrackPointExtension>
        </extensions>
      </trkpt>
      <trkpt lat="24.48698806576430797576904296875" lon="118.1481080688536167144775390625">
        <ele>45.59999847412109375</ele>
        <time>2025-06-10T22:39:36.000Z</time>
        <extensions>
          <ns3:TrackPointExtension>
            <ns3:hr>139</ns3:hr>
            <ns3:cad>89</ns3:cad>
          </ns3:TrackPointExtension>
        </extensions>
      </trkpt>
      <trkpt lat="24.48697029612958431243896484375" lon="118.1481050513684749603271484375">
        <ele>45.799999237060546875</ele>
        <time>2025-06-10T22:39:37.000Z</time>
        <extensions>
          <ns3:TrackPointExtension>
            <ns3:hr>139</ns3:hr>
            <ns3:cad>88</ns3:cad>
          </ns3:TrackPointExtension>
        </extensions>
      </trkpt>
      <trkpt lat="24.48695302940905094146728515625" lon="118.14810144715011119842529296875">
        <ele>45.799999237060546875</ele>
        <time>2025-06-10T22:39:38.000Z</time>
        <extensions>
          <ns3:TrackPointExtension>
            <ns3:hr>139</ns3:hr>
            <ns3:cad>88</ns3:cad>
          </ns3:TrackPointExtension>
        </extensions>
      </trkpt>
      <trkpt lat="24.4869313202798366546630859375" lon="118.14809641800820827484130859375">
        <ele>46</ele>
        <time>2025-06-10T22:39:39.000Z</time>
        <extensions>
          <ns3:TrackPointExtension>
            <ns3:hr>139</ns3:hr>
            <ns3:cad>87</ns3:cad>
          </ns3:TrackPointExtension>
        </extensions>
      </trkpt>
      <trkpt lat="24.48691128753125667572021484375" lon="118.14808652736246585845947265625">
        <ele>46</ele>
        <time>2025-06-10T22:39:40.000Z</time>
        <extensions>
          <ns3:TrackPointExtension>
            <ns3:hr>140</ns3:hr>
            <ns3:cad>87</ns3:cad>
          </ns3:TrackPointExtension>
        </extensions>
      </trkpt>
      <trkpt lat="24.48689469136297702789306640625" lon="118.14805853180587291717529296875">
        <ele>46</ele>
        <time>2025-06-10T22:39:41.000Z</time>
        <extensions>
          <ns3:TrackPointExtension>
            <ns3:hr>140</ns3:hr>
            <ns3:cad>86</ns3:cad>
          </ns3:TrackPointExtension>
        </extensions>
      </trkpt>
      <trkpt lat="24.486886225640773773193359375" lon="118.1480460427701473236083984375">
        <ele>46</ele>
        <time>2025-06-10T22:39:42.000Z</time>
        <extensions>
          <ns3:TrackPointExtension>
            <ns3:hr>140</ns3:hr>
            <ns3:cad>86</ns3:cad>
          </ns3:TrackPointExtension>
        </extensions>
      </trkpt>
      <trkpt lat="24.48688698001205921173095703125" lon="118.1480192206799983978271484375">
        <ele>46</ele>
        <time>2025-06-10T22:39:43.000Z</time>
        <extensions>
          <ns3:TrackPointExtension>
            <ns3:hr>140</ns3:hr>
            <ns3:cad>87</ns3:cad>
          </ns3:TrackPointExtension>
        </extensions>
      </trkpt>
      <trkpt lat="24.4868910871446132659912109375" lon="118.1479923985898494720458984375">
        <ele>46</ele>
        <time>2025-06-10T22:39:44.000Z</time>
        <extensions>
          <ns3:TrackPointExtension>
            <ns3:hr>140</ns3:hr>
            <ns3:cad>87</ns3:cad>
          </ns3:TrackPointExtension>
        </extensions>
      </trkpt>
      <trkpt lat="24.486897289752960205078125" lon="118.14796264283359050750732421875">
        <ele>46.200000762939453125</ele>
        <time>2025-06-10T22:39:45.000Z</time>
        <extensions>
          <ns3:TrackPointExtension>
            <ns3:hr>140</ns3:hr>
            <ns3:cad>87</ns3:cad>
          </ns3:TrackPointExtension>
        </extensions>
      </trkpt>
      <trkpt lat="24.48690198361873626708984375" lon="118.1479374133050441741943359375">
        <ele>46.200000762939453125</ele>
        <time>2025-06-10T22:39:46.000Z</time>
        <extensions>
          <ns3:TrackPointExtension>
            <ns3:hr>140</ns3:hr>
            <ns3:cad>87</ns3:cad>
          </ns3:TrackPointExtension>
        </extensions>
      </trkpt>
      <trkpt lat="24.48690324090421199798583984375" lon="118.1479102559387683868408203125">
        <ele>46.40000152587890625</ele>
        <time>2025-06-10T22:39:47.000Z</time>
        <extensions>
          <ns3:TrackPointExtension>
            <ns3:hr>140</ns3:hr>
            <ns3:cad>87</ns3:cad>
          </ns3:TrackPointExtension>
        </extensions>
      </trkpt>
      <trkpt lat="24.48690961115062236785888671875" lon="118.14788393676280975341796875">
        <ele>46.40000152587890625</ele>
        <time>2025-06-10T22:39:48.000Z</time>
        <extensions>
          <ns3:TrackPointExtension>
            <ns3:hr>140</ns3:hr>
            <ns3:cad>88</ns3:cad>
          </ns3:TrackPointExtension>
        </extensions>
      </trkpt>
      <trkpt lat="24.4869091920554637908935546875" lon="118.14785568974912166595458984375">
        <ele>46.40000152587890625</ele>
        <time>2025-06-10T22:39:49.000Z</time>
        <extensions>
          <ns3:TrackPointExtension>
            <ns3:hr>140</ns3:hr>
            <ns3:cad>88</ns3:cad>
          </ns3:TrackPointExtension>
        </extensions>
      </trkpt>
      <trkpt lat="24.48691279627382755279541015625" lon="118.14782283268868923187255859375">
        <ele>46.59999847412109375</ele>
        <time>2025-06-10T22:39:50.000Z</time>
        <extensions>
          <ns3:TrackPointExtension>
            <ns3:hr>140</ns3:hr>
            <ns3:cad>88</ns3:cad>
          </ns3:TrackPointExtension>
        </extensions>
      </trkpt>
      <trkpt lat="24.486917741596698760986328125" lon="118.14779517240822315216064453125">
        <ele>46.59999847412109375</ele>
        <time>2025-06-10T22:39:51.000Z</time>
        <extensions>
          <ns3:TrackPointExtension>
            <ns3:hr>140</ns3:hr>
            <ns3:cad>88</ns3:cad>
          </ns3:TrackPointExtension>
        </extensions>
      </trkpt>
      <trkpt lat="24.48692302219569683074951171875" lon="118.14776902087032794952392578125">
        <ele>46.59999847412109375</ele>
        <time>2025-06-10T22:39:52.000Z</time>
        <extensions>
          <ns3:TrackPointExtension>
            <ns3:hr>140</ns3:hr>
            <ns3:cad>88</ns3:cad>
          </ns3:TrackPointExtension>
        </extensions>
      </trkpt>
      <trkpt lat="24.48692386038601398468017578125" lon="118.14774638973176479339599609375">
        <ele>46.59999847412109375</ele>
        <time>2025-06-10T22:39:53.000Z</time>
        <extensions>
          <ns3:TrackPointExtension>
            <ns3:hr>140</ns3:hr>
            <ns3:cad>88</ns3:cad>
          </ns3:TrackPointExtension>
        </extensions>
      </trkpt>
      <trkpt lat="24.486921094357967376708984375" lon="118.1477196514606475830078125">
        <ele>46.59999847412109375</ele>
        <time>2025-06-10T22:39:54.000Z</time>
        <extensions>
          <ns3:TrackPointExtension>
            <ns3:hr>140</ns3:hr>
            <ns3:cad>88</ns3:cad>
          </ns3:TrackPointExtension>
        </extensions>
      </trkpt>
      <trkpt lat="24.486923106014728546142578125" lon="118.1477084197103977203369140625">
        <ele>46.59999847412109375</ele>
        <time>2025-06-10T22:39:55.000Z</time>
        <extensions>
          <ns3:TrackPointExtension>
            <ns3:hr>141</ns3:hr>
            <ns3:cad>88</ns3:cad>
          </ns3:TrackPointExtension>
        </extensions>
      </trkpt>
      <trkpt lat="24.48692704550921916961669921875" lon="118.147683441638946533203125">
        <ele>46.59999847412109375</ele>
        <time>2025-06-10T22:39:56.000Z</time>
        <extensions>
          <ns3:TrackPointExtension>
            <ns3:hr>140</ns3:hr>
            <ns3:cad>88</ns3:cad>
          </ns3:TrackPointExtension>
        </extensions>
      </trkpt>
      <trkpt lat="24.4869319908320903778076171875" lon="118.14765620045363903045654296875">
        <ele>46.40000152587890625</ele>
        <time>2025-06-10T22:39:57.000Z</time>
        <extensions>
          <ns3:TrackPointExtension>
            <ns3:hr>140</ns3:hr>
            <ns3:cad>88</ns3:cad>
          </ns3:TrackPointExtension>
        </extensions>
      </trkpt>
      <trkpt lat="24.48693224228918552398681640625" lon="118.14762501977384090423583984375">
        <ele>46.40000152587890625</ele>
        <time>2025-06-10T22:39:58.000Z</time>
        <extensions>
          <ns3:TrackPointExtension>
            <ns3:hr>140</ns3:hr>
            <ns3:cad>88</ns3:cad>
          </ns3:TrackPointExtension>
        </extensions>
      </trkpt>
      <trkpt lat="24.486933164298534393310546875" lon="118.147590570151805877685546875">
        <ele>46.40000152587890625</ele>
        <time>2025-06-10T22:39:59.000Z</time>
        <extensions>
          <ns3:TrackPointExtension>
            <ns3:hr>140</ns3:hr>
            <ns3:cad>88</ns3:cad>
          </ns3:TrackPointExtension>
        </extensions>
      </trkpt>
      <trkpt lat="24.4869334995746612548828125" lon="118.14756475389003753662109375">
        <ele>46.200000762939453125</ele>
        <time>2025-06-10T22:40:00.000Z</time>
        <extensions>
          <ns3:TrackPointExtension>
            <ns3:hr>140</ns3:hr>
            <ns3:cad>88</ns3:cad>
          </ns3:TrackPointExtension>
        </extensions>
      </trkpt>
      <trkpt lat="24.48693207465112209320068359375" lon="118.14753499813377857208251953125">
        <ele>46.200000762939453125</ele>
        <time>2025-06-10T22:40:01.000Z</time>
        <extensions>
          <ns3:TrackPointExtension>
            <ns3:hr>140</ns3:hr>
            <ns3:cad>88</ns3:cad>
          </ns3:TrackPointExtension>
        </extensions>
      </trkpt>
      <trkpt lat="24.4869246147572994232177734375" lon="118.147510103881359100341796875">
        <ele>46</ele>
        <time>2025-06-10T22:40:02.000Z</time>
        <extensions>
          <ns3:TrackPointExtension>
            <ns3:hr>140</ns3:hr>
            <ns3:cad>88</ns3:cad>
          </ns3:TrackPointExtension>
        </extensions>
      </trkpt>
      <trkpt lat="24.48691363446414470672607421875" lon="118.14748562872409820556640625">
        <ele>46</ele>
        <time>2025-06-10T22:40:03.000Z</time>
        <extensions>
          <ns3:TrackPointExtension>
            <ns3:hr>140</ns3:hr>
            <ns3:cad>87</ns3:cad>
          </ns3:TrackPointExtension>
        </extensions>
      </trkpt>
      <trkpt lat="24.4869058392941951751708984375" lon="118.1474690325558185577392578125">
        <ele>46</ele>
        <time>2025-06-10T22:40:04.000Z</time>
        <extensions>
          <ns3:TrackPointExtension>
            <ns3:hr>140</ns3:hr>
            <ns3:cad>87</ns3:cad>
          </ns3:TrackPointExtension>
        </extensions>
      </trkpt>
      <trkpt lat="24.4868937693536281585693359375" lon="118.14746391959488391876220703125">
        <ele>46</ele>
        <time>2025-06-10T22:40:05.000Z</time>
        <extensions>
          <ns3:TrackPointExtension>
            <ns3:hr>140</ns3:hr>
            <ns3:cad>87</ns3:cad>
          </ns3:TrackPointExtension>
        </extensions>
      </trkpt>
      <trkpt lat="24.48686853982508182525634765625" lon="118.147462494671344757080078125">
        <ele>46</ele>
        <time>2025-06-10T22:40:06.000Z</time>
        <extensions>
          <ns3:TrackPointExtension>
            <ns3:hr>140</ns3:hr>
            <ns3:cad>87</ns3:cad>
          </ns3:TrackPointExtension>
        </extensions>
      </trkpt>
      <trkpt lat="24.4868511892855167388916015625" lon="118.14746073447167873382568359375">
        <ele>45.799999237060546875</ele>
        <time>2025-06-10T22:40:07.000Z</time>
        <extensions>
          <ns3:TrackPointExtension>
            <ns3:hr>140</ns3:hr>
            <ns3:cad>87</ns3:cad>
          </ns3:TrackPointExtension>
        </extensions>
      </trkpt>
      <trkpt lat="24.48682931251823902130126953125" lon="118.14745872281491756439208984375">
        <ele>45.40000152587890625</ele>
        <time>2025-06-10T22:40:08.000Z</time>
        <extensions>
          <ns3:TrackPointExtension>
            <ns3:hr>139</ns3:hr>
            <ns3:cad>87</ns3:cad>
          </ns3:TrackPointExtension>
        </extensions>
      </trkpt>
      <trkpt lat="24.4868153147399425506591796875" lon="118.14745805226266384124755859375">
        <ele>45</ele>
        <time>2025-06-10T22:40:09.000Z</time>
        <extensions>
          <ns3:TrackPointExtension>
            <ns3:hr>139</ns3:hr>
            <ns3:cad>87</ns3:cad>
          </ns3:TrackPointExtension>
        </extensions>
      </trkpt>
      <trkpt lat="24.48679737746715545654296875" lon="118.14745604060590267181396484375">
        <ele>44.40000152587890625</ele>
        <time>2025-06-10T22:40:10.000Z</time>
        <extensions>
          <ns3:TrackPointExtension>
            <ns3:hr>138</ns3:hr>
            <ns3:cad>87</ns3:cad>
          </ns3:TrackPointExtension>
        </extensions>
      </trkpt>
      <trkpt lat="24.48677164502441883087158203125" lon="118.1474514305591583251953125">
        <ele>43.799999237060546875</ele>
        <time>2025-06-10T22:40:11.000Z</time>
        <extensions>
          <ns3:TrackPointExtension>
            <ns3:hr>137</ns3:hr>
            <ns3:cad>81</ns3:cad>
          </ns3:TrackPointExtension>
        </extensions>
      </trkpt>
      <trkpt lat="24.4867593236267566680908203125" lon="118.14744807779788970947265625">
        <ele>43.40000152587890625</ele>
        <time>2025-06-10T22:40:12.000Z</time>
        <extensions>
          <ns3:TrackPointExtension>
            <ns3:hr>137</ns3:hr>
            <ns3:cad>81</ns3:cad>
          </ns3:TrackPointExtension>
        </extensions>
      </trkpt>
      <trkpt lat="24.48674264363944530487060546875" lon="118.1474425457417964935302734375">
        <ele>43</ele>
        <time>2025-06-10T22:40:13.000Z</time>
        <extensions>
          <ns3:TrackPointExtension>
            <ns3:hr>138</ns3:hr>
            <ns3:cad>82</ns3:cad>
          </ns3:TrackPointExtension>
        </extensions>
      </trkpt>
      <trkpt lat="24.48671934194862842559814453125" lon="118.14744262956082820892333984375">
        <ele>42.59999847412109375</ele>
        <time>2025-06-10T22:40:14.000Z</time>
        <extensions>
          <ns3:TrackPointExtension>
            <ns3:hr>138</ns3:hr>
            <ns3:cad>82</ns3:cad>
          </ns3:TrackPointExtension>
        </extensions>
      </trkpt>
      <trkpt lat="24.48670006357133388519287109375" lon="118.14745184965431690216064453125">
        <ele>42.200000762939453125</ele>
        <time>2025-06-10T22:40:15.000Z</time>
        <extensions>
          <ns3:TrackPointExtension>
            <ns3:hr>138</ns3:hr>
            <ns3:cad>82</ns3:cad>
          </ns3:TrackPointExtension>
        </extensions>
      </trkpt>
      <trkpt lat="24.4866815395653247833251953125" lon="118.1474579684436321258544921875">
        <ele>42</ele>
        <time>2025-06-10T22:40:16.000Z</time>
        <extensions>
          <ns3:TrackPointExtension>
            <ns3:hr>138</ns3:hr>
            <ns3:cad>82</ns3:cad>
          </ns3:TrackPointExtension>
        </extensions>
      </trkpt>
      <trkpt lat="24.48666536249220371246337890625" lon="118.14746148884296417236328125">
        <ele>41.799999237060546875</ele>
        <time>2025-06-10T22:40:17.000Z</time>
        <extensions>
          <ns3:TrackPointExtension>
            <ns3:hr>138</ns3:hr>
            <ns3:cad>82</ns3:cad>
          </ns3:TrackPointExtension>
        </extensions>
      </trkpt>
      <trkpt lat="24.48664306662976741790771484375" lon="118.14746492542326450347900390625">
        <ele>41.59999847412109375</ele>
        <time>2025-06-10T22:40:18.000Z</time>
        <extensions>
          <ns3:TrackPointExtension>
            <ns3:hr>137</ns3:hr>
            <ns3:cad>81</ns3:cad>
          </ns3:TrackPointExtension>
        </extensions>
      </trkpt>
      <trkpt lat="24.48662395589053630828857421875" lon="118.14746425487101078033447265625">
        <ele>41.59999847412109375</ele>
        <time>2025-06-10T22:40:19.000Z</time>
        <extensions>
          <ns3:TrackPointExtension>
            <ns3:hr>137</ns3:hr>
            <ns3:cad>81</ns3:cad>
          </ns3:TrackPointExtension>
        </extensions>
      </trkpt>
      <trkpt lat="24.48660400696098804473876953125" lon="118.1474656797945499420166015625">
        <ele>41.799999237060546875</ele>
        <time>2025-06-10T22:40:20.000Z</time>
        <extensions>
          <ns3:TrackPointExtension>
            <ns3:hr>136</ns3:hr>
            <ns3:cad>84</ns3:cad>
          </ns3:TrackPointExtension>
        </extensions>
      </trkpt>
      <trkpt lat="24.48657819069921970367431640625" lon="118.14746106974780559539794921875">
        <ele>42</ele>
        <time>2025-06-10T22:40:21.000Z</time>
        <extensions>
          <ns3:TrackPointExtension>
            <ns3:hr>135</ns3:hr>
            <ns3:cad>85</ns3:cad>
          </ns3:TrackPointExtension>
        </extensions>
      </trkpt>
      <trkpt lat="24.48655488900840282440185546875" lon="118.1474697031080722808837890625">
        <ele>42</ele>
        <time>2025-06-10T22:40:22.000Z</time>
        <extensions>
          <ns3:TrackPointExtension>
            <ns3:hr>135</ns3:hr>
            <ns3:cad>85</ns3:cad>
          </ns3:TrackPointExtension>
        </extensions>
      </trkpt>
      <trkpt lat="24.48652689345180988311767578125" lon="118.14747448079288005828857421875">
        <ele>42.200000762939453125</ele>
        <time>2025-06-10T22:40:23.000Z</time>
        <extensions>
          <ns3:TrackPointExtension>
            <ns3:hr>135</ns3:hr>
            <ns3:cad>86</ns3:cad>
          </ns3:TrackPointExtension>
        </extensions>
      </trkpt>
      <trkpt lat="24.48650677688419818878173828125" lon="118.1474787555634975433349609375">
        <ele>42.40000152587890625</ele>
        <time>2025-06-10T22:40:24.000Z</time>
        <extensions>
          <ns3:TrackPointExtension>
            <ns3:hr>134</ns3:hr>
            <ns3:cad>86</ns3:cad>
          </ns3:TrackPointExtension>
        </extensions>
      </trkpt>
      <trkpt lat="24.48648213408887386322021484375" lon="118.14748152159154415130615234375">
        <ele>42.59999847412109375</ele>
        <time>2025-06-10T22:40:25.000Z</time>
        <extensions>
          <ns3:TrackPointExtension>
            <ns3:hr>134</ns3:hr>
            <ns3:cad>86</ns3:cad>
          </ns3:TrackPointExtension>
        </extensions>
      </trkpt>
      <trkpt lat="24.4864614307880401611328125" lon="118.14748026430606842041015625">
        <ele>42.59999847412109375</ele>
        <time>2025-06-10T22:40:26.000Z</time>
        <extensions>
          <ns3:TrackPointExtension>
            <ns3:hr>135</ns3:hr>
            <ns3:cad>86</ns3:cad>
          </ns3:TrackPointExtension>
        </extensions>
      </trkpt>
      <trkpt lat="24.4864399731159210205078125" lon="118.1474807672202587127685546875">
        <ele>42.799999237060546875</ele>
        <time>2025-06-10T22:40:27.000Z</time>
        <extensions>
          <ns3:TrackPointExtension>
            <ns3:hr>135</ns3:hr>
            <ns3:cad>86</ns3:cad>
          </ns3:TrackPointExtension>
        </extensions>
      </trkpt>
      <trkpt lat="24.48641809634864330291748046875" lon="118.1474782526493072509765625">
        <ele>42.799999237060546875</ele>
        <time>2025-06-10T22:40:28.000Z</time>
        <extensions>
          <ns3:TrackPointExtension>
            <ns3:hr>135</ns3:hr>
            <ns3:cad>86</ns3:cad>
          </ns3:TrackPointExtension>
        </extensions>
      </trkpt>
      <trkpt lat="24.4863992370665073394775390625" lon="118.14747917465865612030029296875">
        <ele>43</ele>
        <time>2025-06-10T22:40:29.000Z</time>
        <extensions>
          <ns3:TrackPointExtension>
            <ns3:hr>134</ns3:hr>
            <ns3:cad>87</ns3:cad>
          </ns3:TrackPointExtension>
        </extensions>
      </trkpt>
      <trkpt lat="24.486379958689212799072265625" lon="118.1474754028022289276123046875">
        <ele>43.200000762939453125</ele>
        <time>2025-06-10T22:40:30.000Z</time>
        <extensions>
          <ns3:TrackPointExtension>
            <ns3:hr>135</ns3:hr>
            <ns3:cad>87</ns3:cad>
          </ns3:TrackPointExtension>
        </extensions>
      </trkpt>
      <trkpt lat="24.48636076413094997406005859375" lon="118.14747213385999202728271484375">
        <ele>43.40000152587890625</ele>
        <time>2025-06-10T22:40:31.000Z</time>
        <extensions>
          <ns3:TrackPointExtension>
            <ns3:hr>135</ns3:hr>
            <ns3:cad>87</ns3:cad>
          </ns3:TrackPointExtension>
        </extensions>
      </trkpt>
      <trkpt lat="24.48633662424981594085693359375" lon="118.14747096039354801177978515625">
        <ele>43.40000152587890625</ele>
        <time>2025-06-10T22:40:32.000Z</time>
        <extensions>
          <ns3:TrackPointExtension>
            <ns3:hr>134</ns3:hr>
            <ns3:cad>87</ns3:cad>
          </ns3:TrackPointExtension>
        </extensions>
      </trkpt>
      <trkpt lat="24.4863154180347919464111328125" lon="118.14747079275548458099365234375">
        <ele>43.59999847412109375</ele>
        <time>2025-06-10T22:40:33.000Z</time>
        <extensions>
          <ns3:TrackPointExtension>
            <ns3:hr>135</ns3:hr>
            <ns3:cad>87</ns3:cad>
          </ns3:TrackPointExtension>
        </extensions>
      </trkpt>
      <trkpt lat="24.4862922839820384979248046875" lon="118.147465847432613372802734375">
        <ele>43.799999237060546875</ele>
        <time>2025-06-10T22:40:34.000Z</time>
        <extensions>
          <ns3:TrackPointExtension>
            <ns3:hr>135</ns3:hr>
            <ns3:cad>87</ns3:cad>
          </ns3:TrackPointExtension>
        </extensions>
      </trkpt>
      <trkpt lat="24.48627258650958538055419921875" lon="118.1474629975855350494384765625">
        <ele>43.799999237060546875</ele>
        <time>2025-06-10T22:40:35.000Z</time>
        <extensions>
          <ns3:TrackPointExtension>
            <ns3:hr>134</ns3:hr>
            <ns3:cad>87</ns3:cad>
          </ns3:TrackPointExtension>
        </extensions>
      </trkpt>
      <trkpt lat="24.486254565417766571044921875" lon="118.14745687879621982574462890625">
        <ele>44</ele>
        <time>2025-06-10T22:40:36.000Z</time>
        <extensions>
          <ns3:TrackPointExtension>
            <ns3:hr>134</ns3:hr>
            <ns3:cad>87</ns3:cad>
          </ns3:TrackPointExtension>
        </extensions>
      </trkpt>
      <trkpt lat="24.4862361252307891845703125" lon="118.1474532745778560638427734375">
        <ele>44</ele>
        <time>2025-06-10T22:40:37.000Z</time>
        <extensions>
          <ns3:TrackPointExtension>
            <ns3:hr>134</ns3:hr>
            <ns3:cad>87</ns3:cad>
          </ns3:TrackPointExtension>
        </extensions>
      </trkpt>
      <trkpt lat="24.48621894232928752899169921875" lon="118.14744832925498485565185546875">
        <ele>44.200000762939453125</ele>
        <time>2025-06-10T22:40:38.000Z</time>
        <extensions>
          <ns3:TrackPointExtension>
            <ns3:hr>135</ns3:hr>
            <ns3:cad>87</ns3:cad>
          </ns3:TrackPointExtension>
        </extensions>
      </trkpt>
      <trkpt lat="24.4861953891813755035400390625" lon="118.1474452279508113861083984375">
        <ele>44.200000762939453125</ele>
        <time>2025-06-10T22:40:39.000Z</time>
        <extensions>
          <ns3:TrackPointExtension>
            <ns3:hr>134</ns3:hr>
            <ns3:cad>87</ns3:cad>
          </ns3:TrackPointExtension>
        </extensions>
      </trkpt>
      <trkpt lat="24.48616781271994113922119140625" lon="118.14745352603495121002197265625">
        <ele>44.40000152587890625</ele>
        <time>2025-06-10T22:40:40.000Z</time>
        <extensions>
          <ns3:TrackPointExtension>
            <ns3:hr>134</ns3:hr>
            <ns3:cad>87</ns3:cad>
          </ns3:TrackPointExtension>
        </extensions>
      </trkpt>
      <trkpt lat="24.48613529093563556671142578125" lon="118.147451765835285186767578125">
        <ele>44.59999847412109375</ele>
        <time>2025-06-10T22:40:41.000Z</time>
        <extensions>
          <ns3:TrackPointExtension>
            <ns3:hr>135</ns3:hr>
            <ns3:cad>87</ns3:cad>
          </ns3:TrackPointExtension>
        </extensions>
      </trkpt>
      <trkpt lat="24.4861192815005779266357421875" lon="118.14745101146399974822998046875">
        <ele>44.59999847412109375</ele>
        <time>2025-06-10T22:40:42.000Z</time>
        <extensions>
          <ns3:TrackPointExtension>
            <ns3:hr>135</ns3:hr>
            <ns3:cad>87</ns3:cad>
          </ns3:TrackPointExtension>
        </extensions>
      </trkpt>
      <trkpt lat="24.48610159568488597869873046875" lon="118.1474358402192592620849609375">
        <ele>44.799999237060546875</ele>
        <time>2025-06-10T22:40:43.000Z</time>
        <extensions>
          <ns3:TrackPointExtension>
            <ns3:hr>135</ns3:hr>
            <ns3:cad>87</ns3:cad>
          </ns3:TrackPointExtension>
        </extensions>
      </trkpt>
      <trkpt lat="24.48609757237136363983154296875" lon="118.14742854796350002288818359375">
        <ele>45</ele>
        <time>2025-06-10T22:40:44.000Z</time>
        <extensions>
          <ns3:TrackPointExtension>
            <ns3:hr>135</ns3:hr>
            <ns3:cad>86</ns3:cad>
          </ns3:TrackPointExtension>
        </extensions>
      </trkpt>
      <trkpt lat="24.4860850833356380462646484375" lon="118.147420920431613922119140625">
        <ele>45</ele>
        <time>2025-06-10T22:40:45.000Z</time>
        <extensions>
          <ns3:TrackPointExtension>
            <ns3:hr>135</ns3:hr>
            <ns3:cad>86</ns3:cad>
          </ns3:TrackPointExtension>
        </extensions>
      </trkpt>
      <trkpt lat="24.48606689460575580596923828125" lon="118.147409521043300628662109375">
        <ele>45</ele>
        <time>2025-06-10T22:40:46.000Z</time>
        <extensions>
          <ns3:TrackPointExtension>
            <ns3:hr>135</ns3:hr>
            <ns3:cad>86</ns3:cad>
          </ns3:TrackPointExtension>
        </extensions>
      </trkpt>
      <trkpt lat="24.48605113662779331207275390625" lon="118.1474123708903789520263671875">
        <ele>45.200000762939453125</ele>
        <time>2025-06-10T22:40:47.000Z</time>
        <extensions>
          <ns3:TrackPointExtension>
            <ns3:hr>135</ns3:hr>
            <ns3:cad>86</ns3:cad>
          </ns3:TrackPointExtension>
        </extensions>
      </trkpt>
      <trkpt lat="24.4860300980508327484130859375" lon="118.1474093534052371978759765625">
        <ele>45.200000762939453125</ele>
        <time>2025-06-10T22:40:48.000Z</time>
        <extensions>
          <ns3:TrackPointExtension>
            <ns3:hr>136</ns3:hr>
            <ns3:cad>84</ns3:cad>
          </ns3:TrackPointExtension>
        </extensions>
      </trkpt>
      <trkpt lat="24.48600956238806247711181640625" lon="118.14740139059722423553466796875">
        <ele>45.200000762939453125</ele>
        <time>2025-06-10T22:40:49.000Z</time>
        <extensions>
          <ns3:TrackPointExtension>
            <ns3:hr>136</ns3:hr>
            <ns3:cad>83</ns3:cad>
          </ns3:TrackPointExtension>
        </extensions>
      </trkpt>
      <trkpt lat="24.48599162511527538299560546875" lon="118.14739569090306758880615234375">
        <ele>45.40000152587890625</ele>
        <time>2025-06-10T22:40:50.000Z</time>
        <extensions>
          <ns3:TrackPointExtension>
            <ns3:hr>136</ns3:hr>
            <ns3:cad>83</ns3:cad>
          </ns3:TrackPointExtension>
        </extensions>
      </trkpt>
      <trkpt lat="24.48597217909991741180419921875" lon="118.1473805196583271026611328125">
        <ele>45.59999847412109375</ele>
        <time>2025-06-10T22:40:51.000Z</time>
        <extensions>
          <ns3:TrackPointExtension>
            <ns3:hr>136</ns3:hr>
            <ns3:cad>83</ns3:cad>
          </ns3:TrackPointExtension>
        </extensions>
      </trkpt>
      <trkpt lat="24.48595541529357433319091796875" lon="118.1473741494119167327880859375">
        <ele>45.59999847412109375</ele>
        <time>2025-06-10T22:40:52.000Z</time>
        <extensions>
          <ns3:TrackPointExtension>
            <ns3:hr>137</ns3:hr>
            <ns3:cad>84</ns3:cad>
          </ns3:TrackPointExtension>
        </extensions>
      </trkpt>
      <trkpt lat="24.4859365560114383697509765625" lon="118.14735864289104938507080078125">
        <ele>45.799999237060546875</ele>
        <time>2025-06-10T22:40:53.000Z</time>
        <extensions>
          <ns3:TrackPointExtension>
            <ns3:hr>136</ns3:hr>
            <ns3:cad>84</ns3:cad>
          </ns3:TrackPointExtension>
        </extensions>
      </trkpt>
      <trkpt lat="24.485920630395412445068359375" lon="118.14734338782727718353271484375">
        <ele>45.799999237060546875</ele>
        <time>2025-06-10T22:40:54.000Z</time>
        <extensions>
          <ns3:TrackPointExtension>
            <ns3:hr>137</ns3:hr>
            <ns3:cad>85</ns3:cad>
          </ns3:TrackPointExtension>
        </extensions>
      </trkpt>
      <trkpt lat="24.4859003461897373199462890625" lon="118.1473211757838726043701171875">
        <ele>45.799999237060546875</ele>
        <time>2025-06-10T22:40:55.000Z</time>
        <extensions>
          <ns3:TrackPointExtension>
            <ns3:hr>137</ns3:hr>
            <ns3:cad>86</ns3:cad>
          </ns3:TrackPointExtension>
        </extensions>
      </trkpt>
      <trkpt lat="24.485883750021457672119140625" lon="118.14730499871075153350830078125">
        <ele>46</ele>
        <time>2025-06-10T22:40:56.000Z</time>
        <extensions>
          <ns3:TrackPointExtension>
            <ns3:hr>137</ns3:hr>
            <ns3:cad>86</ns3:cad>
          </ns3:TrackPointExtension>
        </extensions>
      </trkpt>
      <trkpt lat="24.48586924932897090911865234375" lon="118.14727901481091976165771484375">
        <ele>46</ele>
        <time>2025-06-10T22:40:57.000Z</time>
        <extensions>
          <ns3:TrackPointExtension>
            <ns3:hr>137</ns3:hr>
            <ns3:cad>87</ns3:cad>
          </ns3:TrackPointExtension>
        </extensions>
      </trkpt>
      <trkpt lat="24.48585868813097476959228515625" lon="118.1472537852823734283447265625">
        <ele>46</ele>
        <time>2025-06-10T22:40:58.000Z</time>
        <extensions>
          <ns3:TrackPointExtension>
            <ns3:hr>137</ns3:hr>
            <ns3:cad>87</ns3:cad>
          </ns3:TrackPointExtension>
        </extensions>
      </trkpt>
      <trkpt lat="24.48584913276135921478271484375" lon="118.1472288072109222412109375">
        <ele>46</ele>
        <time>2025-06-10T22:40:59.000Z</time>
        <extensions>
          <ns3:TrackPointExtension>
            <ns3:hr>137</ns3:hr>
            <ns3:cad>87</ns3:cad>
          </ns3:TrackPointExtension>
        </extensions>
      </trkpt>
      <trkpt lat="24.48584175668656826019287109375" lon="118.1471981294453144073486328125">
        <ele>46</ele>
        <time>2025-06-10T22:41:00.000Z</time>
        <extensions>
          <ns3:TrackPointExtension>
            <ns3:hr>137</ns3:hr>
            <ns3:cad>87</ns3:cad>
          </ns3:TrackPointExtension>
        </extensions>
      </trkpt>
      <trkpt lat="24.48583488352596759796142578125" lon="118.14717449247837066650390625">
        <ele>46</ele>
        <time>2025-06-10T22:41:01.000Z</time>
        <extensions>
          <ns3:TrackPointExtension>
            <ns3:hr>137</ns3:hr>
            <ns3:cad>87</ns3:cad>
          </ns3:TrackPointExtension>
        </extensions>
      </trkpt>
      <trkpt lat="24.48582918383181095123291015625" lon="118.1471431441605091094970703125">
        <ele>46</ele>
        <time>2025-06-10T22:41:02.000Z</time>
        <extensions>
          <ns3:TrackPointExtension>
            <ns3:hr>137</ns3:hr>
            <ns3:cad>87</ns3:cad>
          </ns3:TrackPointExtension>
        </extensions>
      </trkpt>
      <trkpt lat="24.4858218915760517120361328125" lon="118.14711808227002620697021484375">
        <ele>46</ele>
        <time>2025-06-10T22:41:03.000Z</time>
        <extensions>
          <ns3:TrackPointExtension>
            <ns3:hr>137</ns3:hr>
            <ns3:cad>88</ns3:cad>
          </ns3:TrackPointExtension>
        </extensions>
      </trkpt>
      <trkpt lat="24.4858150184154510498046875" lon="118.14708924852311611175537109375">
        <ele>46.200000762939453125</ele>
        <time>2025-06-10T22:41:04.000Z</time>
        <extensions>
          <ns3:TrackPointExtension>
            <ns3:hr>137</ns3:hr>
            <ns3:cad>88</ns3:cad>
          </ns3:TrackPointExtension>
        </extensions>
      </trkpt>
      <trkpt lat="24.48580236174166202545166015625" lon="118.14707365818321704864501953125">
        <ele>46.200000762939453125</ele>
        <time>2025-06-10T22:41:05.000Z</time>
        <extensions>
          <ns3:TrackPointExtension>
            <ns3:hr>138</ns3:hr>
            <ns3:cad>88</ns3:cad>
          </ns3:TrackPointExtension>
        </extensions>
      </trkpt>
      <trkpt lat="24.4857940636575222015380859375" lon="118.14704130403697490692138671875">
        <ele>46.200000762939453125</ele>
        <time>2025-06-10T22:41:06.000Z</time>
        <extensions>
          <ns3:TrackPointExtension>
            <ns3:hr>137</ns3:hr>
            <ns3:cad>88</ns3:cad>
          </ns3:TrackPointExtension>
        </extensions>
      </trkpt>
      <trkpt lat="24.48578710667788982391357421875" lon="118.1470200978219509124755859375">
        <ele>46.200000762939453125</ele>
        <time>2025-06-10T22:41:07.000Z</time>
        <extensions>
          <ns3:TrackPointExtension>
            <ns3:hr>137</ns3:hr>
            <ns3:cad>88</ns3:cad>
          </ns3:TrackPointExtension>
        </extensions>
      </trkpt>
      <trkpt lat="24.48578073643147945404052734375" lon="118.14698849804699420928955078125">
        <ele>46.200000762939453125</ele>
        <time>2025-06-10T22:41:08.000Z</time>
        <extensions>
          <ns3:TrackPointExtension>
            <ns3:hr>138</ns3:hr>
            <ns3:cad>88</ns3:cad>
          </ns3:TrackPointExtension>
        </extensions>
      </trkpt>
      <trkpt lat="24.485771097242832183837890625" lon="118.14696854911744594573974609375">
        <ele>46</ele>
        <time>2025-06-10T22:41:09.000Z</time>
        <extensions>
          <ns3:TrackPointExtension>
            <ns3:hr>137</ns3:hr>
            <ns3:cad>88</ns3:cad>
          </ns3:TrackPointExtension>
        </extensions>
      </trkpt>
      <trkpt lat="24.4857682473957538604736328125" lon="118.14693384803831577301025390625">
        <ele>46</ele>
        <time>2025-06-10T22:41:10.000Z</time>
        <extensions>
          <ns3:TrackPointExtension>
            <ns3:hr>137</ns3:hr>
            <ns3:cad>88</ns3:cad>
          </ns3:TrackPointExtension>
        </extensions>
      </trkpt>
      <trkpt lat="24.48576380498707294464111328125" lon="118.14691423438489437103271484375">
        <ele>46</ele>
        <time>2025-06-10T22:41:11.000Z</time>
        <extensions>
          <ns3:TrackPointExtension>
            <ns3:hr>137</ns3:hr>
            <ns3:cad>88</ns3:cad>
          </ns3:TrackPointExtension>
        </extensions>
      </trkpt>
      <trkpt lat="24.48575961403548717498779296875" lon="118.1468779407441616058349609375">
        <ele>46</ele>
        <time>2025-06-10T22:41:12.000Z</time>
        <extensions>
          <ns3:TrackPointExtension>
            <ns3:hr>137</ns3:hr>
            <ns3:cad>88</ns3:cad>
          </ns3:TrackPointExtension>
        </extensions>
      </trkpt>
      <trkpt lat="24.48575156740844249725341796875" lon="118.14685774035751819610595703125">
        <ele>45.799999237060546875</ele>
        <time>2025-06-10T22:41:13.000Z</time>
        <extensions>
          <ns3:TrackPointExtension>
            <ns3:hr>137</ns3:hr>
            <ns3:cad>88</ns3:cad>
          </ns3:TrackPointExtension>
        </extensions>
      </trkpt>
      <trkpt lat="24.4857427664101123809814453125" lon="118.14682723022997379302978515625">
        <ele>45.799999237060546875</ele>
        <time>2025-06-10T22:41:14.000Z</time>
        <extensions>
          <ns3:TrackPointExtension>
            <ns3:hr>137</ns3:hr>
            <ns3:cad>88</ns3:cad>
          </ns3:TrackPointExtension>
        </extensions>
      </trkpt>
      <trkpt lat="24.48573765344917774200439453125" lon="118.14680594019591808319091796875">
        <ele>45.799999237060546875</ele>
        <time>2025-06-10T22:41:15.000Z</time>
        <extensions>
          <ns3:TrackPointExtension>
            <ns3:hr>137</ns3:hr>
            <ns3:cad>88</ns3:cad>
          </ns3:TrackPointExtension>
        </extensions>
      </trkpt>
      <trkpt lat="24.48573111556470394134521484375" lon="118.14677475951611995697021484375">
        <ele>45.799999237060546875</ele>
        <time>2025-06-10T22:41:16.000Z</time>
        <extensions>
          <ns3:TrackPointExtension>
            <ns3:hr>137</ns3:hr>
            <ns3:cad>89</ns3:cad>
          </ns3:TrackPointExtension>
        </extensions>
      </trkpt>
      <trkpt lat="24.48572575114667415618896484375" lon="118.14675648696720600128173828125">
        <ele>45.799999237060546875</ele>
        <time>2025-06-10T22:41:17.000Z</time>
        <extensions>
          <ns3:TrackPointExtension>
            <ns3:hr>137</ns3:hr>
            <ns3:cad>89</ns3:cad>
          </ns3:TrackPointExtension>
        </extensions>
      </trkpt>
      <trkpt lat="24.4857152737677097320556640625" lon="118.14673000015318393707275390625">
        <ele>45.799999237060546875</ele>
        <time>2025-06-10T22:41:18.000Z</time>
        <extensions>
          <ns3:TrackPointExtension>
            <ns3:hr>137</ns3:hr>
            <ns3:cad>89</ns3:cad>
          </ns3:TrackPointExtension>
        </extensions>
      </trkpt>
      <trkpt lat="24.48570798151195049285888671875" lon="118.146706111729145050048828125">
        <ele>45.799999237060546875</ele>
        <time>2025-06-10T22:41:19.000Z</time>
        <extensions>
          <ns3:TrackPointExtension>
            <ns3:hr>137</ns3:hr>
            <ns3:cad>88</ns3:cad>
          </ns3:TrackPointExtension>
        </extensions>
      </trkpt>
      <trkpt lat="24.4857011921703815460205078125" lon="118.1466762721538543701171875">
        <ele>45.799999237060546875</ele>
        <time>2025-06-10T22:41:20.000Z</time>
        <extensions>
          <ns3:TrackPointExtension>
            <ns3:hr>137</ns3:hr>
            <ns3:cad>88</ns3:cad>
          </ns3:TrackPointExtension>
        </extensions>
      </trkpt>
      <trkpt lat="24.4857005216181278228759765625" lon="118.14664877951145172119140625">
        <ele>45.799999237060546875</ele>
        <time>2025-06-10T22:41:21.000Z</time>
        <extensions>
          <ns3:TrackPointExtension>
            <ns3:hr>137</ns3:hr>
            <ns3:cad>88</ns3:cad>
          </ns3:TrackPointExtension>
        </extensions>
      </trkpt>
      <trkpt lat="24.4856918044388294219970703125" lon="118.14662556163966655731201171875">
        <ele>45.799999237060546875</ele>
        <time>2025-06-10T22:41:22.000Z</time>
        <extensions>
          <ns3:TrackPointExtension>
            <ns3:hr>137</ns3:hr>
            <ns3:cad>89</ns3:cad>
          </ns3:TrackPointExtension>
        </extensions>
      </trkpt>
      <trkpt lat="24.485684931278228759765625" lon="118.146602846682071685791015625">
        <ele>45.799999237060546875</ele>
        <time>2025-06-10T22:41:23.000Z</time>
        <extensions>
          <ns3:TrackPointExtension>
            <ns3:hr>137</ns3:hr>
            <ns3:cad>89</ns3:cad>
          </ns3:TrackPointExtension>
        </extensions>
      </trkpt>
      <trkpt lat="24.4856800697743892669677734375" lon="118.1465795449912548065185546875">
        <ele>45.799999237060546875</ele>
        <time>2025-06-10T22:41:24.000Z</time>
        <extensions>
          <ns3:TrackPointExtension>
            <ns3:hr>137</ns3:hr>
            <ns3:cad>88</ns3:cad>
          </ns3:TrackPointExtension>
        </extensions>
      </trkpt>
      <trkpt lat="24.485676549375057220458984375" lon="118.1465580873191356658935546875">
        <ele>45.799999237060546875</ele>
        <time>2025-06-10T22:41:25.000Z</time>
        <extensions>
          <ns3:TrackPointExtension>
            <ns3:hr>137</ns3:hr>
            <ns3:cad>88</ns3:cad>
          </ns3:TrackPointExtension>
        </extensions>
      </trkpt>
      <trkpt lat="24.485665820538997650146484375" lon="118.1465341150760650634765625">
        <ele>45.799999237060546875</ele>
        <time>2025-06-10T22:41:26.000Z</time>
        <extensions>
          <ns3:TrackPointExtension>
            <ns3:hr>137</ns3:hr>
            <ns3:cad>88</ns3:cad>
          </ns3:TrackPointExtension>
        </extensions>
      </trkpt>
      <trkpt lat="24.48565542697906494140625" lon="118.14651190303266048431396484375">
        <ele>45.799999237060546875</ele>
        <time>2025-06-10T22:41:27.000Z</time>
        <extensions>
          <ns3:TrackPointExtension>
            <ns3:hr>137</ns3:hr>
            <ns3:cad>88</ns3:cad>
          </ns3:TrackPointExtension>
        </extensions>
      </trkpt>
      <trkpt lat="24.4856452010571956634521484375" lon="118.14648793078958988189697265625">
        <ele>45.799999237060546875</ele>
        <time>2025-06-10T22:41:28.000Z</time>
        <extensions>
          <ns3:TrackPointExtension>
            <ns3:hr>138</ns3:hr>
            <ns3:cad>88</ns3:cad>
          </ns3:TrackPointExtension>
        </extensions>
      </trkpt>
      <trkpt lat="24.485636986792087554931640625" lon="118.1464643776416778564453125">
        <ele>45.799999237060546875</ele>
        <time>2025-06-10T22:41:29.000Z</time>
        <extensions>
          <ns3:TrackPointExtension>
            <ns3:hr>138</ns3:hr>
            <ns3:cad>89</ns3:cad>
          </ns3:TrackPointExtension>
        </extensions>
      </trkpt>
      <trkpt lat="24.48562391102313995361328125" lon="118.14644090831279754638671875">
        <ele>45.799999237060546875</ele>
        <time>2025-06-10T22:41:30.000Z</time>
        <extensions>
          <ns3:TrackPointExtension>
            <ns3:hr>138</ns3:hr>
            <ns3:cad>89</ns3:cad>
          </ns3:TrackPointExtension>
        </extensions>
      </trkpt>
      <trkpt lat="24.485615529119968414306640625" lon="118.1464135833084583282470703125">
        <ele>45.799999237060546875</ele>
        <time>2025-06-10T22:41:31.000Z</time>
        <extensions>
          <ns3:TrackPointExtension>
            <ns3:hr>138</ns3:hr>
            <ns3:cad>89</ns3:cad>
          </ns3:TrackPointExtension>
        </extensions>
      </trkpt>
      <trkpt lat="24.48560203425586223602294921875" lon="118.14639070071280002593994140625">
        <ele>45.799999237060546875</ele>
        <time>2025-06-10T22:41:32.000Z</time>
        <extensions>
          <ns3:TrackPointExtension>
            <ns3:hr>139</ns3:hr>
            <ns3:cad>88</ns3:cad>
          </ns3:TrackPointExtension>
        </extensions>
      </trkpt>
      <trkpt lat="24.4855918921530246734619140625" lon="118.14636857248842716217041015625">
        <ele>45.799999237060546875</ele>
        <time>2025-06-10T22:41:33.000Z</time>
        <extensions>
          <ns3:TrackPointExtension>
            <ns3:hr>139</ns3:hr>
            <ns3:cad>88</ns3:cad>
          </ns3:TrackPointExtension>
        </extensions>
      </trkpt>
      <trkpt lat="24.48558175005018711090087890625" lon="118.14634703099727630615234375">
        <ele>45.799999237060546875</ele>
        <time>2025-06-10T22:41:34.000Z</time>
        <extensions>
          <ns3:TrackPointExtension>
            <ns3:hr>139</ns3:hr>
            <ns3:cad>88</ns3:cad>
          </ns3:TrackPointExtension>
        </extensions>
      </trkpt>
      <trkpt lat="24.485573954880237579345703125" lon="118.14632548950612545013427734375">
        <ele>45.799999237060546875</ele>
        <time>2025-06-10T22:41:35.000Z</time>
        <extensions>
          <ns3:TrackPointExtension>
            <ns3:hr>139</ns3:hr>
            <ns3:cad>88</ns3:cad>
          </ns3:TrackPointExtension>
        </extensions>
      </trkpt>
      <trkpt lat="24.48556129820644855499267578125" lon="118.146309144794940948486328125">
        <ele>46</ele>
        <time>2025-06-10T22:41:36.000Z</time>
        <extensions>
          <ns3:TrackPointExtension>
            <ns3:hr>138</ns3:hr>
            <ns3:cad>88</ns3:cad>
          </ns3:TrackPointExtension>
        </extensions>
      </trkpt>
      <trkpt lat="24.48555325157940387725830078125" lon="118.146277964115142822265625">
        <ele>46</ele>
        <time>2025-06-10T22:41:37.000Z</time>
        <extensions>
          <ns3:TrackPointExtension>
            <ns3:hr>139</ns3:hr>
            <ns3:cad>88</ns3:cad>
          </ns3:TrackPointExtension>
        </extensions>
      </trkpt>
      <trkpt lat="24.4855392538011074066162109375" lon="118.14625977538526058197021484375">
        <ele>46.200000762939453125</ele>
        <time>2025-06-10T22:41:38.000Z</time>
        <extensions>
          <ns3:TrackPointExtension>
            <ns3:hr>139</ns3:hr>
            <ns3:cad>89</ns3:cad>
          </ns3:TrackPointExtension>
        </extensions>
      </trkpt>
      <trkpt lat="24.4855278544127941131591796875" lon="118.14623965881764888763427734375">
        <ele>46.40000152587890625</ele>
        <time>2025-06-10T22:41:39.000Z</time>
        <extensions>
          <ns3:TrackPointExtension>
            <ns3:hr>138</ns3:hr>
            <ns3:cad>89</ns3:cad>
          </ns3:TrackPointExtension>
        </extensions>
      </trkpt>
      <trkpt lat="24.48551821522414684295654296875" lon="118.14622306264936923980712890625">
        <ele>46.59999847412109375</ele>
        <time>2025-06-10T22:41:40.000Z</time>
        <extensions>
          <ns3:TrackPointExtension>
            <ns3:hr>139</ns3:hr>
            <ns3:cad>89</ns3:cad>
          </ns3:TrackPointExtension>
        </extensions>
      </trkpt>
      <trkpt lat="24.485507570207118988037109375" lon="118.14619909040629863739013671875">
        <ele>46.59999847412109375</ele>
        <time>2025-06-10T22:41:41.000Z</time>
        <extensions>
          <ns3:TrackPointExtension>
            <ns3:hr>138</ns3:hr>
            <ns3:cad>89</ns3:cad>
          </ns3:TrackPointExtension>
        </extensions>
      </trkpt>
      <trkpt lat="24.4854960031807422637939453125" lon="118.1461827456951141357421875">
        <ele>46.799999237060546875</ele>
        <time>2025-06-10T22:41:42.000Z</time>
        <extensions>
          <ns3:TrackPointExtension>
            <ns3:hr>138</ns3:hr>
            <ns3:cad>88</ns3:cad>
          </ns3:TrackPointExtension>
        </extensions>
      </trkpt>
      <trkpt lat="24.485483430325984954833984375" lon="118.146156929433345794677734375">
        <ele>47</ele>
        <time>2025-06-10T22:41:43.000Z</time>
        <extensions>
          <ns3:TrackPointExtension>
            <ns3:hr>138</ns3:hr>
            <ns3:cad>88</ns3:cad>
          </ns3:TrackPointExtension>
        </extensions>
      </trkpt>
      <trkpt lat="24.4854728691279888153076171875" lon="118.14613790251314640045166015625">
        <ele>47</ele>
        <time>2025-06-10T22:41:44.000Z</time>
        <extensions>
          <ns3:TrackPointExtension>
            <ns3:hr>138</ns3:hr>
            <ns3:cad>88</ns3:cad>
          </ns3:TrackPointExtension>
        </extensions>
      </trkpt>
      <trkpt lat="24.4854607991874217987060546875" lon="118.146113343536853790283203125">
        <ele>47</ele>
        <time>2025-06-10T22:41:45.000Z</time>
        <extensions>
          <ns3:TrackPointExtension>
            <ns3:hr>138</ns3:hr>
            <ns3:cad>89</ns3:cad>
          </ns3:TrackPointExtension>
        </extensions>
      </trkpt>
      <trkpt lat="24.485449902713298797607421875" lon="118.146090544760227203369140625">
        <ele>47.200000762939453125</ele>
        <time>2025-06-10T22:41:46.000Z</time>
        <extensions>
          <ns3:TrackPointExtension>
            <ns3:hr>138</ns3:hr>
            <ns3:cad>89</ns3:cad>
          </ns3:TrackPointExtension>
        </extensions>
      </trkpt>
      <trkpt lat="24.48544277809560298919677734375" lon="118.14605944789946079254150390625">
        <ele>47.200000762939453125</ele>
        <time>2025-06-10T22:41:47.000Z</time>
        <extensions>
          <ns3:TrackPointExtension>
            <ns3:hr>138</ns3:hr>
            <ns3:cad>89</ns3:cad>
          </ns3:TrackPointExtension>
        </extensions>
      </trkpt>
      <trkpt lat="24.485435150563716888427734375" lon="118.1460353918373584747314453125">
        <ele>47.40000152587890625</ele>
        <time>2025-06-10T22:41:48.000Z</time>
        <extensions>
          <ns3:TrackPointExtension>
            <ns3:hr>138</ns3:hr>
            <ns3:cad>89</ns3:cad>
          </ns3:TrackPointExtension>
        </extensions>
      </trkpt>
      <trkpt lat="24.4854262657463550567626953125" lon="118.145999014377593994140625">
        <ele>47.40000152587890625</ele>
        <time>2025-06-10T22:41:49.000Z</time>
        <extensions>
          <ns3:TrackPointExtension>
            <ns3:hr>138</ns3:hr>
            <ns3:cad>89</ns3:cad>
          </ns3:TrackPointExtension>
        </extensions>
      </trkpt>
      <trkpt lat="24.4854212366044521331787109375" lon="118.1459748744964599609375">
        <ele>47.40000152587890625</ele>
        <time>2025-06-10T22:41:50.000Z</time>
        <extensions>
          <ns3:TrackPointExtension>
            <ns3:hr>138</ns3:hr>
            <ns3:cad>89</ns3:cad>
          </ns3:TrackPointExtension>
        </extensions>
      </trkpt>
      <trkpt lat="24.4854138605296611785888671875" lon="118.145940005779266357421875">
        <ele>47.59999847412109375</ele>
        <time>2025-06-10T22:41:51.000Z</time>
        <extensions>
          <ns3:TrackPointExtension>
            <ns3:hr>138</ns3:hr>
            <ns3:cad>89</ns3:cad>
          </ns3:TrackPointExtension>
        </extensions>
      </trkpt>
      <trkpt lat="24.485409669578075408935546875" lon="118.14591326750814914703369140625">
        <ele>47.799999237060546875</ele>
        <time>2025-06-10T22:41:52.000Z</time>
        <extensions>
          <ns3:TrackPointExtension>
            <ns3:hr>138</ns3:hr>
            <ns3:cad>89</ns3:cad>
          </ns3:TrackPointExtension>
        </extensions>
      </trkpt>
      <trkpt lat="24.48540472425520420074462890625" lon="118.14588409848511219024658203125">
        <ele>47.799999237060546875</ele>
        <time>2025-06-10T22:41:53.000Z</time>
        <extensions>
          <ns3:TrackPointExtension>
            <ns3:hr>138</ns3:hr>
            <ns3:cad>88</ns3:cad>
          </ns3:TrackPointExtension>
        </extensions>
      </trkpt>
      <trkpt lat="24.4854048080742359161376953125" lon="118.1458553485572338104248046875">
        <ele>48</ele>
        <time>2025-06-10T22:41:54.000Z</time>
        <extensions>
          <ns3:TrackPointExtension>
            <ns3:hr>138</ns3:hr>
            <ns3:cad>88</ns3:cad>
          </ns3:TrackPointExtension>
        </extensions>
      </trkpt>
      <trkpt lat="24.48540405370295047760009765625" lon="118.145825676620006561279296875">
        <ele>48</ele>
        <time>2025-06-10T22:41:55.000Z</time>
        <extensions>
          <ns3:TrackPointExtension>
            <ns3:hr>138</ns3:hr>
            <ns3:cad>88</ns3:cad>
          </ns3:TrackPointExtension>
        </extensions>
      </trkpt>
      <trkpt lat="24.48540723882615566253662109375" lon="118.14580027945339679718017578125">
        <ele>48.200000762939453125</ele>
        <time>2025-06-10T22:41:56.000Z</time>
        <extensions>
          <ns3:TrackPointExtension>
            <ns3:hr>138</ns3:hr>
            <ns3:cad>88</ns3:cad>
          </ns3:TrackPointExtension>
        </extensions>
      </trkpt>
      <trkpt lat="24.4854098372161388397216796875" lon="118.1457745470106601715087890625">
        <ele>48.200000762939453125</ele>
        <time>2025-06-10T22:41:57.000Z</time>
        <extensions>
          <ns3:TrackPointExtension>
            <ns3:hr>139</ns3:hr>
            <ns3:cad>88</ns3:cad>
          </ns3:TrackPointExtension>
        </extensions>
      </trkpt>
      <trkpt lat="24.48541813530027866363525390625" lon="118.14574965275824069976806640625">
        <ele>48.40000152587890625</ele>
        <time>2025-06-10T22:41:58.000Z</time>
        <extensions>
          <ns3:TrackPointExtension>
            <ns3:hr>139</ns3:hr>
            <ns3:cad>88</ns3:cad>
          </ns3:TrackPointExtension>
        </extensions>
      </trkpt>
      <trkpt lat="24.48542199097573757171630859375" lon="118.1457242555916309356689453125">
        <ele>48.40000152587890625</ele>
        <time>2025-06-10T22:41:59.000Z</time>
        <extensions>
          <ns3:TrackPointExtension>
            <ns3:hr>139</ns3:hr>
            <ns3:cad>88</ns3:cad>
          </ns3:TrackPointExtension>
        </extensions>
      </trkpt>
      <trkpt lat="24.48543121106922626495361328125" lon="118.1456972658634185791015625">
        <ele>48.40000152587890625</ele>
        <time>2025-06-10T22:42:00.000Z</time>
        <extensions>
          <ns3:TrackPointExtension>
            <ns3:hr>139</ns3:hr>
            <ns3:cad>88</ns3:cad>
          </ns3:TrackPointExtension>
        </extensions>
      </trkpt>
      <trkpt lat="24.48543841950595378875732421875" lon="118.14567513763904571533203125">
        <ele>48.40000152587890625</ele>
        <time>2025-06-10T22:42:01.000Z</time>
        <extensions>
          <ns3:TrackPointExtension>
            <ns3:hr>140</ns3:hr>
            <ns3:cad>88</ns3:cad>
          </ns3:TrackPointExtension>
        </extensions>
      </trkpt>
      <trkpt lat="24.48544822633266448974609375" lon="118.14565074630081653594970703125">
        <ele>48.40000152587890625</ele>
        <time>2025-06-10T22:42:02.000Z</time>
        <extensions>
          <ns3:TrackPointExtension>
            <ns3:hr>140</ns3:hr>
            <ns3:cad>88</ns3:cad>
          </ns3:TrackPointExtension>
        </extensions>
      </trkpt>
      <trkpt lat="24.485453255474567413330078125" lon="118.145629204809665679931640625">
        <ele>48.40000152587890625</ele>
        <time>2025-06-10T22:42:03.000Z</time>
        <extensions>
          <ns3:TrackPointExtension>
            <ns3:hr>140</ns3:hr>
            <ns3:cad>88</ns3:cad>
          </ns3:TrackPointExtension>
        </extensions>
      </trkpt>
      <trkpt lat="24.48546239174902439117431640625" lon="118.14560364000499248504638671875">
        <ele>48.40000152587890625</ele>
        <time>2025-06-10T22:42:04.000Z</time>
        <extensions>
          <ns3:TrackPointExtension>
            <ns3:hr>140</ns3:hr>
            <ns3:cad>88</ns3:cad>
          </ns3:TrackPointExtension>
        </extensions>
      </trkpt>
      <trkpt lat="24.4854663312435150146484375" lon="118.1455841101706027984619140625">
        <ele>48.40000152587890625</ele>
        <time>2025-06-10T22:42:05.000Z</time>
        <extensions>
          <ns3:TrackPointExtension>
            <ns3:hr>140</ns3:hr>
            <ns3:cad>88</ns3:cad>
          </ns3:TrackPointExtension>
        </extensions>
      </trkpt>
      <trkpt lat="24.48547898791730403900146484375" lon="118.1455599702894687652587890625">
        <ele>48.200000762939453125</ele>
        <time>2025-06-10T22:42:06.000Z</time>
        <extensions>
          <ns3:TrackPointExtension>
            <ns3:hr>140</ns3:hr>
            <ns3:cad>88</ns3:cad>
          </ns3:TrackPointExtension>
        </extensions>
      </trkpt>
      <trkpt lat="24.48548686690628528594970703125" lon="118.145540691912174224853515625">
        <ele>48.200000762939453125</ele>
        <time>2025-06-10T22:42:07.000Z</time>
        <extensions>
          <ns3:TrackPointExtension>
            <ns3:hr>140</ns3:hr>
            <ns3:cad>88</ns3:cad>
          </ns3:TrackPointExtension>
        </extensions>
      </trkpt>
      <trkpt lat="24.48550228960812091827392578125" lon="118.14551328308880329132080078125">
        <ele>48.200000762939453125</ele>
        <time>2025-06-10T22:42:08.000Z</time>
        <extensions>
          <ns3:TrackPointExtension>
            <ns3:hr>140</ns3:hr>
            <ns3:cad>88</ns3:cad>
          </ns3:TrackPointExtension>
        </extensions>
      </trkpt>
      <trkpt lat="24.48551218025386333465576171875" lon="118.14548679627478122711181640625">
        <ele>48</ele>
        <time>2025-06-10T22:42:09.000Z</time>
        <extensions>
          <ns3:TrackPointExtension>
            <ns3:hr>141</ns3:hr>
            <ns3:cad>89</ns3:cad>
          </ns3:TrackPointExtension>
        </extensions>
      </trkpt>
      <trkpt lat="24.48552324436604976654052734375" lon="118.14546282403171062469482421875">
        <ele>48</ele>
        <time>2025-06-10T22:42:10.000Z</time>
        <extensions>
          <ns3:TrackPointExtension>
            <ns3:hr>141</ns3:hr>
            <ns3:cad>89</ns3:cad>
          </ns3:TrackPointExtension>
        </extensions>
      </trkpt>
      <trkpt lat="24.4855312071740627288818359375" lon="118.1454359181225299835205078125">
        <ele>47.799999237060546875</ele>
        <time>2025-06-10T22:42:11.000Z</time>
        <extensions>
          <ns3:TrackPointExtension>
            <ns3:hr>141</ns3:hr>
            <ns3:cad>89</ns3:cad>
          </ns3:TrackPointExtension>
        </extensions>
      </trkpt>
      <trkpt lat="24.4855456240475177764892578125" lon="118.1454050727188587188720703125">
        <ele>47.799999237060546875</ele>
        <time>2025-06-10T22:42:12.000Z</time>
        <extensions>
          <ns3:TrackPointExtension>
            <ns3:hr>141</ns3:hr>
            <ns3:cad>89</ns3:cad>
          </ns3:TrackPointExtension>
        </extensions>
      </trkpt>
      <trkpt lat="24.48555174283683300018310546875" lon="118.1453822739422321319580078125">
        <ele>47.59999847412109375</ele>
        <time>2025-06-10T22:42:13.000Z</time>
        <extensions>
          <ns3:TrackPointExtension>
            <ns3:hr>140</ns3:hr>
            <ns3:cad>89</ns3:cad>
          </ns3:TrackPointExtension>
        </extensions>
      </trkpt>
      <trkpt lat="24.485565237700939178466796875" lon="118.145354278385639190673828125">
        <ele>47.59999847412109375</ele>
        <time>2025-06-10T22:42:14.000Z</time>
        <extensions>
          <ns3:TrackPointExtension>
            <ns3:hr>141</ns3:hr>
            <ns3:cad>89</ns3:cad>
          </ns3:TrackPointExtension>
        </extensions>
      </trkpt>
      <trkpt lat="24.485570602118968963623046875" lon="118.1453316472470760345458984375">
        <ele>47.59999847412109375</ele>
        <time>2025-06-10T22:42:15.000Z</time>
        <extensions>
          <ns3:TrackPointExtension>
            <ns3:hr>141</ns3:hr>
            <ns3:cad>89</ns3:cad>
          </ns3:TrackPointExtension>
        </extensions>
      </trkpt>
      <trkpt lat="24.4855808280408382415771484375" lon="118.14530474133789539337158203125">
        <ele>47.40000152587890625</ele>
        <time>2025-06-10T22:42:16.000Z</time>
        <extensions>
          <ns3:TrackPointExtension>
            <ns3:hr>141</ns3:hr>
            <ns3:cad>89</ns3:cad>
          </ns3:TrackPointExtension>
        </extensions>
      </trkpt>
      <trkpt lat="24.485586024820804595947265625" lon="118.1452840380370616912841796875">
        <ele>47.40000152587890625</ele>
        <time>2025-06-10T22:42:17.000Z</time>
        <extensions>
          <ns3:TrackPointExtension>
            <ns3:hr>142</ns3:hr>
            <ns3:cad>89</ns3:cad>
          </ns3:TrackPointExtension>
        </extensions>
      </trkpt>
      <trkpt lat="24.48560102842748165130615234375" lon="118.14524958841502666473388671875">
        <ele>47.40000152587890625</ele>
        <time>2025-06-10T22:42:18.000Z</time>
        <extensions>
          <ns3:TrackPointExtension>
            <ns3:hr>142</ns3:hr>
            <ns3:cad>89</ns3:cad>
          </ns3:TrackPointExtension>
        </extensions>
      </trkpt>
      <trkpt lat="24.4856099970638751983642578125" lon="118.1452320702373981475830078125">
        <ele>47.40000152587890625</ele>
        <time>2025-06-10T22:42:19.000Z</time>
        <extensions>
          <ns3:TrackPointExtension>
            <ns3:hr>142</ns3:hr>
            <ns3:cad>89</ns3:cad>
          </ns3:TrackPointExtension>
        </extensions>
      </trkpt>
      <trkpt lat="24.4856207258999347686767578125" lon="118.14520600251853466033935546875">
        <ele>47.40000152587890625</ele>
        <time>2025-06-10T22:42:20.000Z</time>
        <extensions>
          <ns3:TrackPointExtension>
            <ns3:hr>142</ns3:hr>
            <ns3:cad>88</ns3:cad>
          </ns3:TrackPointExtension>
        </extensions>
      </trkpt>
      <trkpt lat="24.485636316239833831787109375" lon="118.14518856815993785858154296875">
        <ele>47.59999847412109375</ele>
        <time>2025-06-10T22:42:21.000Z</time>
        <extensions>
          <ns3:TrackPointExtension>
            <ns3:hr>142</ns3:hr>
            <ns3:cad>88</ns3:cad>
          </ns3:TrackPointExtension>
        </extensions>
      </trkpt>
      <trkpt lat="24.4856519065797328948974609375" lon="118.14516476355493068695068359375">
        <ele>47.59999847412109375</ele>
        <time>2025-06-10T22:42:22.000Z</time>
        <extensions>
          <ns3:TrackPointExtension>
            <ns3:hr>142</ns3:hr>
            <ns3:cad>88</ns3:cad>
          </ns3:TrackPointExtension>
        </extensions>
      </trkpt>
      <trkpt lat="24.4856589473783969879150390625" lon="118.145141042768955230712890625">
        <ele>47.799999237060546875</ele>
        <time>2025-06-10T22:42:23.000Z</time>
        <extensions>
          <ns3:TrackPointExtension>
            <ns3:hr>142</ns3:hr>
            <ns3:cad>88</ns3:cad>
          </ns3:TrackPointExtension>
        </extensions>
      </trkpt>
      <trkpt lat="24.4856656529009342193603515625" lon="118.1451140530407428741455078125">
        <ele>47.799999237060546875</ele>
        <time>2025-06-10T22:42:24.000Z</time>
        <extensions>
          <ns3:TrackPointExtension>
            <ns3:hr>142</ns3:hr>
            <ns3:cad>89</ns3:cad>
          </ns3:TrackPointExtension>
        </extensions>
      </trkpt>
      <trkpt lat="24.485671520233154296875" lon="118.14509016461670398712158203125">
        <ele>47.799999237060546875</ele>
        <time>2025-06-10T22:42:25.000Z</time>
        <extensions>
          <ns3:TrackPointExtension>
            <ns3:hr>142</ns3:hr>
            <ns3:cad>89</ns3:cad>
          </ns3:TrackPointExtension>
        </extensions>
      </trkpt>
      <trkpt lat="24.48567864485085010528564453125" lon="118.14506636001169681549072265625">
        <ele>47.799999237060546875</ele>
        <time>2025-06-10T22:42:26.000Z</time>
        <extensions>
          <ns3:TrackPointExtension>
            <ns3:hr>142</ns3:hr>
            <ns3:cad>89</ns3:cad>
          </ns3:TrackPointExtension>
        </extensions>
      </trkpt>
      <trkpt lat="24.4856847636401653289794921875" lon="118.14504188485443592071533203125">
        <ele>48</ele>
        <time>2025-06-10T22:42:27.000Z</time>
        <extensions>
          <ns3:TrackPointExtension>
            <ns3:hr>142</ns3:hr>
            <ns3:cad>88</ns3:cad>
          </ns3:TrackPointExtension>
        </extensions>
      </trkpt>
      <trkpt lat="24.48568350635468959808349609375" lon="118.14501724205911159515380859375">
        <ele>48</ele>
        <time>2025-06-10T22:42:28.000Z</time>
        <extensions>
          <ns3:TrackPointExtension>
            <ns3:hr>142</ns3:hr>
            <ns3:cad>88</ns3:cad>
          </ns3:TrackPointExtension>
        </extensions>
      </trkpt>
      <trkpt lat="24.48569071479141712188720703125" lon="118.1449926830828189849853515625">
        <ele>48</ele>
        <time>2025-06-10T22:42:29.000Z</time>
        <extensions>
          <ns3:TrackPointExtension>
            <ns3:hr>142</ns3:hr>
            <ns3:cad>89</ns3:cad>
          </ns3:TrackPointExtension>
        </extensions>
      </trkpt>
      <trkpt lat="24.48569356463849544525146484375" lon="118.1449692137539386749267578125">
        <ele>48</ele>
        <time>2025-06-10T22:42:30.000Z</time>
        <extensions>
          <ns3:TrackPointExtension>
            <ns3:hr>142</ns3:hr>
            <ns3:cad>89</ns3:cad>
          </ns3:TrackPointExtension>
        </extensions>
      </trkpt>
      <trkpt lat="24.48569473810493946075439453125" lon="118.144948594272136688232421875">
        <ele>48</ele>
        <time>2025-06-10T22:42:31.000Z</time>
        <extensions>
          <ns3:TrackPointExtension>
            <ns3:hr>141</ns3:hr>
            <ns3:cad>90</ns3:cad>
          </ns3:TrackPointExtension>
        </extensions>
      </trkpt>
      <trkpt lat="24.4856941513717174530029296875" lon="118.14492068253457546234130859375">
        <ele>48</ele>
        <time>2025-06-10T22:42:32.000Z</time>
        <extensions>
          <ns3:TrackPointExtension>
            <ns3:hr>142</ns3:hr>
            <ns3:cad>90</ns3:cad>
          </ns3:TrackPointExtension>
        </extensions>
      </trkpt>
      <trkpt lat="24.48569364845752716064453125" lon="118.1448967941105365753173828125">
        <ele>48</ele>
        <time>2025-06-10T22:42:33.000Z</time>
        <extensions>
          <ns3:TrackPointExtension>
            <ns3:hr>142</ns3:hr>
            <ns3:cad>90</ns3:cad>
          </ns3:TrackPointExtension>
        </extensions>
      </trkpt>
      <trkpt lat="24.48569255881011486053466796875" lon="118.144870810210704803466796875">
        <ele>48</ele>
        <time>2025-06-10T22:42:34.000Z</time>
        <extensions>
          <ns3:TrackPointExtension>
            <ns3:hr>141</ns3:hr>
            <ns3:cad>90</ns3:cad>
          </ns3:TrackPointExtension>
        </extensions>
      </trkpt>
      <trkpt lat="24.48569373227655887603759765625" lon="118.144845329225063323974609375">
        <ele>48</ele>
        <time>2025-06-10T22:42:35.000Z</time>
        <extensions>
          <ns3:TrackPointExtension>
            <ns3:hr>142</ns3:hr>
            <ns3:cad>90</ns3:cad>
          </ns3:TrackPointExtension>
        </extensions>
      </trkpt>
      <trkpt lat="24.485693983733654022216796875" lon="118.14482194371521472930908203125">
        <ele>48</ele>
        <time>2025-06-10T22:42:36.000Z</time>
        <extensions>
          <ns3:TrackPointExtension>
            <ns3:hr>142</ns3:hr>
            <ns3:cad>89</ns3:cad>
          </ns3:TrackPointExtension>
        </extensions>
      </trkpt>
      <trkpt lat="24.485694654285907745361328125" lon="118.14479830674827098846435546875">
        <ele>48</ele>
        <time>2025-06-10T22:42:37.000Z</time>
        <extensions>
          <ns3:TrackPointExtension>
            <ns3:hr>142</ns3:hr>
            <ns3:cad>89</ns3:cad>
          </ns3:TrackPointExtension>
        </extensions>
      </trkpt>
      <trkpt lat="24.48569373227655887603759765625" lon="118.14477181993424892425537109375">
        <ele>48.200000762939453125</ele>
        <time>2025-06-10T22:42:38.000Z</time>
        <extensions>
          <ns3:TrackPointExtension>
            <ns3:hr>141</ns3:hr>
            <ns3:cad>89</ns3:cad>
          </ns3:TrackPointExtension>
        </extensions>
      </trkpt>
      <trkpt lat="24.4856996834278106689453125" lon="118.1447455845773220062255859375">
        <ele>48.200000762939453125</ele>
        <time>2025-06-10T22:42:39.000Z</time>
        <extensions>
          <ns3:TrackPointExtension>
            <ns3:hr>142</ns3:hr>
            <ns3:cad>89</ns3:cad>
          </ns3:TrackPointExtension>
        </extensions>
      </trkpt>
      <trkpt lat="24.48569993488490581512451171875" lon="118.14472085796296596527099609375">
        <ele>48.200000762939453125</ele>
        <time>2025-06-10T22:42:40.000Z</time>
        <extensions>
          <ns3:TrackPointExtension>
            <ns3:hr>142</ns3:hr>
            <ns3:cad>89</ns3:cad>
          </ns3:TrackPointExtension>
        </extensions>
      </trkpt>
      <trkpt lat="24.485700689256191253662109375" lon="118.1446939520537853240966796875">
        <ele>48.200000762939453125</ele>
        <time>2025-06-10T22:42:41.000Z</time>
        <extensions>
          <ns3:TrackPointExtension>
            <ns3:hr>142</ns3:hr>
            <ns3:cad>89</ns3:cad>
          </ns3:TrackPointExtension>
        </extensions>
      </trkpt>
      <trkpt lat="24.4857008568942546844482421875" lon="118.14466922543942928314208984375">
        <ele>48.200000762939453125</ele>
        <time>2025-06-10T22:42:42.000Z</time>
        <extensions>
          <ns3:TrackPointExtension>
            <ns3:hr>142</ns3:hr>
            <ns3:cad>88</ns3:cad>
          </ns3:TrackPointExtension>
        </extensions>
      </trkpt>
      <trkpt lat="24.48569691739976406097412109375" lon="118.144644834101200103759765625">
        <ele>48.200000762939453125</ele>
        <time>2025-06-10T22:42:43.000Z</time>
        <extensions>
          <ns3:TrackPointExtension>
            <ns3:hr>141</ns3:hr>
            <ns3:cad>88</ns3:cad>
          </ns3:TrackPointExtension>
        </extensions>
      </trkpt>
      <trkpt lat="24.48569188825786113739013671875" lon="118.14461876638233661651611328125">
        <ele>48.200000762939453125</ele>
        <time>2025-06-10T22:42:44.000Z</time>
        <extensions>
          <ns3:TrackPointExtension>
            <ns3:hr>142</ns3:hr>
            <ns3:cad>88</ns3:cad>
          </ns3:TrackPointExtension>
        </extensions>
      </trkpt>
      <trkpt lat="24.48568769730627536773681640625" lon="118.14459429122507572174072265625">
        <ele>48.40000152587890625</ele>
        <time>2025-06-10T22:42:45.000Z</time>
        <extensions>
          <ns3:TrackPointExtension>
            <ns3:hr>142</ns3:hr>
            <ns3:cad>88</ns3:cad>
          </ns3:TrackPointExtension>
        </extensions>
      </trkpt>
      <trkpt lat="24.48567763902246952056884765625" lon="118.14457140862941741943359375">
        <ele>48.40000152587890625</ele>
        <time>2025-06-10T22:42:46.000Z</time>
        <extensions>
          <ns3:TrackPointExtension>
            <ns3:hr>142</ns3:hr>
            <ns3:cad>88</ns3:cad>
          </ns3:TrackPointExtension>
        </extensions>
      </trkpt>
      <trkpt lat="24.4856663234531879425048828125" lon="118.144542910158634185791015625">
        <ele>48.40000152587890625</ele>
        <time>2025-06-10T22:42:47.000Z</time>
        <extensions>
          <ns3:TrackPointExtension>
            <ns3:hr>141</ns3:hr>
            <ns3:cad>88</ns3:cad>
          </ns3:TrackPointExtension>
        </extensions>
      </trkpt>
      <trkpt lat="24.48565416969358921051025390625" lon="118.14452187158167362213134765625">
        <ele>48.40000152587890625</ele>
        <time>2025-06-10T22:42:48.000Z</time>
        <extensions>
          <ns3:TrackPointExtension>
            <ns3:hr>142</ns3:hr>
            <ns3:cad>88</ns3:cad>
          </ns3:TrackPointExtension>
        </extensions>
      </trkpt>
      <trkpt lat="24.4856431894004344940185546875" lon="118.14449270255863666534423828125">
        <ele>48.59999847412109375</ele>
        <time>2025-06-10T22:42:49.000Z</time>
        <extensions>
          <ns3:TrackPointExtension>
            <ns3:hr>142</ns3:hr>
            <ns3:cad>89</ns3:cad>
          </ns3:TrackPointExtension>
        </extensions>
      </trkpt>
      <trkpt lat="24.4856314547359943389892578125" lon="118.1444743461906909942626953125">
        <ele>48.59999847412109375</ele>
        <time>2025-06-10T22:42:50.000Z</time>
        <extensions>
          <ns3:TrackPointExtension>
            <ns3:hr>141</ns3:hr>
            <ns3:cad>89</ns3:cad>
          </ns3:TrackPointExtension>
        </extensions>
      </trkpt>
      <trkpt lat="24.48561896570026874542236328125" lon="118.14445263706147670745849609375">
        <ele>48.59999847412109375</ele>
        <time>2025-06-10T22:42:51.000Z</time>
        <extensions>
          <ns3:TrackPointExtension>
            <ns3:hr>142</ns3:hr>
            <ns3:cad>89</ns3:cad>
          </ns3:TrackPointExtension>
        </extensions>
      </trkpt>
      <trkpt lat="24.48560857214033603668212890625" lon="118.1444317661225795745849609375">
        <ele>48.799999237060546875</ele>
        <time>2025-06-10T22:42:52.000Z</time>
        <extensions>
          <ns3:TrackPointExtension>
            <ns3:hr>141</ns3:hr>
            <ns3:cad>89</ns3:cad>
          </ns3:TrackPointExtension>
        </extensions>
      </trkpt>
      <trkpt lat="24.4855975918471813201904296875" lon="118.14440703950822353363037109375">
        <ele>49</ele>
        <time>2025-06-10T22:42:53.000Z</time>
        <extensions>
          <ns3:TrackPointExtension>
            <ns3:hr>141</ns3:hr>
            <ns3:cad>89</ns3:cad>
          </ns3:TrackPointExtension>
        </extensions>
      </trkpt>
      <trkpt lat="24.48558610863983631134033203125" lon="118.144388683140277862548828125">
        <ele>49</ele>
        <time>2025-06-10T22:42:54.000Z</time>
        <extensions>
          <ns3:TrackPointExtension>
            <ns3:hr>141</ns3:hr>
            <ns3:cad>89</ns3:cad>
          </ns3:TrackPointExtension>
        </extensions>
      </trkpt>
      <trkpt lat="24.4855700992047786712646484375" lon="118.1443663872778415679931640625">
        <ele>49.200000762939453125</ele>
        <time>2025-06-10T22:42:55.000Z</time>
        <extensions>
          <ns3:TrackPointExtension>
            <ns3:hr>141</ns3:hr>
            <ns3:cad>89</ns3:cad>
          </ns3:TrackPointExtension>
        </extensions>
      </trkpt>
      <trkpt lat="24.48555693961679935455322265625" lon="118.14435021020472049713134765625">
        <ele>49.40000152587890625</ele>
        <time>2025-06-10T22:42:56.000Z</time>
        <extensions>
          <ns3:TrackPointExtension>
            <ns3:hr>141</ns3:hr>
            <ns3:cad>89</ns3:cad>
          </ns3:TrackPointExtension>
        </extensions>
      </trkpt>
      <trkpt lat="24.48554813861846923828125" lon="118.14432422630488872528076171875">
        <ele>49.40000152587890625</ele>
        <time>2025-06-10T22:42:57.000Z</time>
        <extensions>
          <ns3:TrackPointExtension>
            <ns3:hr>141</ns3:hr>
            <ns3:cad>89</ns3:cad>
          </ns3:TrackPointExtension>
        </extensions>
      </trkpt>
      <trkpt lat="24.48554101400077342987060546875" lon="118.14430377446115016937255859375">
        <ele>49.59999847412109375</ele>
        <time>2025-06-10T22:42:58.000Z</time>
        <extensions>
          <ns3:TrackPointExtension>
            <ns3:hr>141</ns3:hr>
            <ns3:cad>89</ns3:cad>
          </ns3:TrackPointExtension>
        </extensions>
      </trkpt>
      <trkpt lat="24.48552844114601612091064453125" lon="118.14428038895130157470703125">
        <ele>49.799999237060546875</ele>
        <time>2025-06-10T22:42:59.000Z</time>
        <extensions>
          <ns3:TrackPointExtension>
            <ns3:hr>141</ns3:hr>
            <ns3:cad>89</ns3:cad>
          </ns3:TrackPointExtension>
        </extensions>
      </trkpt>
      <trkpt lat="24.48552156798541545867919921875" lon="118.14426354132592678070068359375">
        <ele>49.799999237060546875</ele>
        <time>2025-06-10T22:43:00.000Z</time>
        <extensions>
          <ns3:TrackPointExtension>
            <ns3:hr>141</ns3:hr>
            <ns3:cad>89</ns3:cad>
          </ns3:TrackPointExtension>
        </extensions>
      </trkpt>
      <trkpt lat="24.4855063967406749725341796875" lon="118.1442435085773468017578125">
        <ele>50</ele>
        <time>2025-06-10T22:43:01.000Z</time>
        <extensions>
          <ns3:TrackPointExtension>
            <ns3:hr>141</ns3:hr>
            <ns3:cad>88</ns3:cad>
          </ns3:TrackPointExtension>
        </extensions>
      </trkpt>
      <trkpt lat="24.485495500266551971435546875" lon="118.1442269124090671539306640625">
        <ele>50</ele>
        <time>2025-06-10T22:43:02.000Z</time>
        <extensions>
          <ns3:TrackPointExtension>
            <ns3:hr>141</ns3:hr>
            <ns3:cad>88</ns3:cad>
          </ns3:TrackPointExtension>
        </extensions>
      </trkpt>
      <trkpt lat="24.4854799099266529083251953125" lon="118.14420260488986968994140625">
        <ele>50.200000762939453125</ele>
        <time>2025-06-10T22:43:03.000Z</time>
        <extensions>
          <ns3:TrackPointExtension>
            <ns3:hr>140</ns3:hr>
            <ns3:cad>88</ns3:cad>
          </ns3:TrackPointExtension>
        </extensions>
      </trkpt>
      <trkpt lat="24.48546566069126129150390625" lon="118.14418843947350978851318359375">
        <ele>50.200000762939453125</ele>
        <time>2025-06-10T22:43:04.000Z</time>
        <extensions>
          <ns3:TrackPointExtension>
            <ns3:hr>141</ns3:hr>
            <ns3:cad>88</ns3:cad>
          </ns3:TrackPointExtension>
        </extensions>
      </trkpt>
      <trkpt lat="24.48545233346521854400634765625" lon="118.1441712565720081329345703125">
        <ele>50.40000152587890625</ele>
        <time>2025-06-10T22:43:05.000Z</time>
        <extensions>
          <ns3:TrackPointExtension>
            <ns3:hr>141</ns3:hr>
            <ns3:cad>89</ns3:cad>
          </ns3:TrackPointExtension>
        </extensions>
      </trkpt>
      <trkpt lat="24.4854400120675563812255859375" lon="118.14415298402309417724609375">
        <ele>50.40000152587890625</ele>
        <time>2025-06-10T22:43:06.000Z</time>
        <extensions>
          <ns3:TrackPointExtension>
            <ns3:hr>140</ns3:hr>
            <ns3:cad>89</ns3:cad>
          </ns3:TrackPointExtension>
        </extensions>
      </trkpt>
      <trkpt lat="24.48542903177440166473388671875" lon="118.14413110725581645965576171875">
        <ele>50.40000152587890625</ele>
        <time>2025-06-10T22:43:07.000Z</time>
        <extensions>
          <ns3:TrackPointExtension>
            <ns3:hr>141</ns3:hr>
            <ns3:cad>89</ns3:cad>
          </ns3:TrackPointExtension>
        </extensions>
      </trkpt>
      <trkpt lat="24.485422074794769287109375" lon="118.14411166124045848846435546875">
        <ele>50.59999847412109375</ele>
        <time>2025-06-10T22:43:08.000Z</time>
        <extensions>
          <ns3:TrackPointExtension>
            <ns3:hr>141</ns3:hr>
            <ns3:cad>89</ns3:cad>
          </ns3:TrackPointExtension>
        </extensions>
      </trkpt>
      <trkpt lat="24.48541176505386829376220703125" lon="118.1440867669880390167236328125">
        <ele>50.59999847412109375</ele>
        <time>2025-06-10T22:43:09.000Z</time>
        <extensions>
          <ns3:TrackPointExtension>
            <ns3:hr>141</ns3:hr>
            <ns3:cad>89</ns3:cad>
          </ns3:TrackPointExtension>
        </extensions>
      </trkpt>
      <trkpt lat="24.48540438897907733917236328125" lon="118.14406304620206356048583984375">
        <ele>50.59999847412109375</ele>
        <time>2025-06-10T22:43:10.000Z</time>
        <extensions>
          <ns3:TrackPointExtension>
            <ns3:hr>141</ns3:hr>
            <ns3:cad>89</ns3:cad>
          </ns3:TrackPointExtension>
        </extensions>
      </trkpt>
      <trkpt lat="24.4853957556188106536865234375" lon="118.14403907395899295806884765625">
        <ele>50.59999847412109375</ele>
        <time>2025-06-10T22:43:11.000Z</time>
        <extensions>
          <ns3:TrackPointExtension>
            <ns3:hr>141</ns3:hr>
            <ns3:cad>89</ns3:cad>
          </ns3:TrackPointExtension>
        </extensions>
      </trkpt>
      <trkpt lat="24.485388211905956268310546875" lon="118.14401686191558837890625">
        <ele>50.799999237060546875</ele>
        <time>2025-06-10T22:43:12.000Z</time>
        <extensions>
          <ns3:TrackPointExtension>
            <ns3:hr>141</ns3:hr>
            <ns3:cad>89</ns3:cad>
          </ns3:TrackPointExtension>
        </extensions>
      </trkpt>
      <trkpt lat="24.4853746332228183746337890625" lon="118.14399397931993007659912109375">
        <ele>50.799999237060546875</ele>
        <time>2025-06-10T22:43:13.000Z</time>
        <extensions>
          <ns3:TrackPointExtension>
            <ns3:hr>141</ns3:hr>
            <ns3:cad>89</ns3:cad>
          </ns3:TrackPointExtension>
        </extensions>
      </trkpt>
      <trkpt lat="24.4853639043867588043212890625" lon="118.14397218637168407440185546875">
        <ele>50.799999237060546875</ele>
        <time>2025-06-10T22:43:14.000Z</time>
        <extensions>
          <ns3:TrackPointExtension>
            <ns3:hr>142</ns3:hr>
            <ns3:cad>88</ns3:cad>
          </ns3:TrackPointExtension>
        </extensions>
      </trkpt>
      <trkpt lat="24.48535191826522350311279296875" lon="118.14393974840641021728515625">
        <ele>50.799999237060546875</ele>
        <time>2025-06-10T22:43:15.000Z</time>
        <extensions>
          <ns3:TrackPointExtension>
            <ns3:hr>142</ns3:hr>
            <ns3:cad>88</ns3:cad>
          </ns3:TrackPointExtension>
        </extensions>
      </trkpt>
      <trkpt lat="24.48534429073333740234375" lon="118.143915943801403045654296875">
        <ele>50.799999237060546875</ele>
        <time>2025-06-10T22:43:16.000Z</time>
        <extensions>
          <ns3:TrackPointExtension>
            <ns3:hr>143</ns3:hr>
            <ns3:cad>88</ns3:cad>
          </ns3:TrackPointExtension>
        </extensions>
      </trkpt>
      <trkpt lat="24.48533817194402217864990234375" lon="118.14389071427285671234130859375">
        <ele>50.799999237060546875</ele>
        <time>2025-06-10T22:43:17.000Z</time>
        <extensions>
          <ns3:TrackPointExtension>
            <ns3:hr>143</ns3:hr>
            <ns3:cad>88</ns3:cad>
          </ns3:TrackPointExtension>
        </extensions>
      </trkpt>
      <trkpt lat="24.485325179994106292724609375" lon="118.14386774785816669464111328125">
        <ele>50.799999237060546875</ele>
        <time>2025-06-10T22:43:18.000Z</time>
        <extensions>
          <ns3:TrackPointExtension>
            <ns3:hr>144</ns3:hr>
            <ns3:cad>90</ns3:cad>
          </ns3:TrackPointExtension>
        </extensions>
      </trkpt>
      <trkpt lat="24.48530933819711208343505859375" lon="118.14384310506284236907958984375">
        <ele>51</ele>
        <time>2025-06-10T22:43:19.000Z</time>
        <extensions>
          <ns3:TrackPointExtension>
            <ns3:hr>144</ns3:hr>
            <ns3:cad>90</ns3:cad>
          </ns3:TrackPointExtension>
        </extensions>
      </trkpt>
      <trkpt lat="24.4852973520755767822265625" lon="118.1438197195529937744140625">
        <ele>51</ele>
        <time>2025-06-10T22:43:20.000Z</time>
        <extensions>
          <ns3:TrackPointExtension>
            <ns3:hr>144</ns3:hr>
            <ns3:cad>89</ns3:cad>
          </ns3:TrackPointExtension>
        </extensions>
      </trkpt>
      <trkpt lat="24.48528327047824859619140625" lon="118.1437927298247814178466796875">
        <ele>51</ele>
        <time>2025-06-10T22:43:21.000Z</time>
        <extensions>
          <ns3:TrackPointExtension>
            <ns3:hr>143</ns3:hr>
            <ns3:cad>89</ns3:cad>
          </ns3:TrackPointExtension>
        </extensions>
      </trkpt>
      <trkpt lat="24.48527379892766475677490234375" lon="118.1437675841152667999267578125">
        <ele>51.200000762939453125</ele>
        <time>2025-06-10T22:43:22.000Z</time>
        <extensions>
          <ns3:TrackPointExtension>
            <ns3:hr>144</ns3:hr>
            <ns3:cad>89</ns3:cad>
          </ns3:TrackPointExtension>
        </extensions>
      </trkpt>
      <trkpt lat="24.4852633215487003326416015625" lon="118.14374051056802272796630859375">
        <ele>51.200000762939453125</ele>
        <time>2025-06-10T22:43:23.000Z</time>
        <extensions>
          <ns3:TrackPointExtension>
            <ns3:hr>144</ns3:hr>
            <ns3:cad>89</ns3:cad>
          </ns3:TrackPointExtension>
        </extensions>
      </trkpt>
      <trkpt lat="24.4852556101977825164794921875" lon="118.1437182985246181488037109375">
        <ele>51.200000762939453125</ele>
        <time>2025-06-10T22:43:24.000Z</time>
        <extensions>
          <ns3:TrackPointExtension>
            <ns3:hr>144</ns3:hr>
            <ns3:cad>89</ns3:cad>
          </ns3:TrackPointExtension>
        </extensions>
      </trkpt>
      <trkpt lat="24.48524437844753265380859375" lon="118.1436941586434841156005859375">
        <ele>51.40000152587890625</ele>
        <time>2025-06-10T22:43:25.000Z</time>
        <extensions>
          <ns3:TrackPointExtension>
            <ns3:hr>144</ns3:hr>
            <ns3:cad>89</ns3:cad>
          </ns3:TrackPointExtension>
        </extensions>
      </trkpt>
      <trkpt lat="24.4852338172495365142822265625" lon="118.14367161132395267486572265625">
        <ele>51.40000152587890625</ele>
        <time>2025-06-10T22:43:26.000Z</time>
        <extensions>
          <ns3:TrackPointExtension>
            <ns3:hr>144</ns3:hr>
            <ns3:cad>89</ns3:cad>
          </ns3:TrackPointExtension>
        </extensions>
      </trkpt>
      <trkpt lat="24.48522283695638179779052734375" lon="118.143648393452167510986328125">
        <ele>51.40000152587890625</ele>
        <time>2025-06-10T22:43:27.000Z</time>
        <extensions>
          <ns3:TrackPointExtension>
            <ns3:hr>145</ns3:hr>
            <ns3:cad>89</ns3:cad>
          </ns3:TrackPointExtension>
        </extensions>
      </trkpt>
      <trkpt lat="24.48521110229194164276123046875" lon="118.14362584613263607025146484375">
        <ele>51.40000152587890625</ele>
        <time>2025-06-10T22:43:28.000Z</time>
        <extensions>
          <ns3:TrackPointExtension>
            <ns3:hr>145</ns3:hr>
            <ns3:cad>89</ns3:cad>
          </ns3:TrackPointExtension>
        </extensions>
      </trkpt>
      <trkpt lat="24.485196433961391448974609375" lon="118.14359617419540882110595703125">
        <ele>51.59999847412109375</ele>
        <time>2025-06-10T22:43:29.000Z</time>
        <extensions>
          <ns3:TrackPointExtension>
            <ns3:hr>144</ns3:hr>
            <ns3:cad>89</ns3:cad>
          </ns3:TrackPointExtension>
        </extensions>
      </trkpt>
      <trkpt lat="24.4851820170879364013671875" lon="118.14357287250459194183349609375">
        <ele>51.59999847412109375</ele>
        <time>2025-06-10T22:43:30.000Z</time>
        <extensions>
          <ns3:TrackPointExtension>
            <ns3:hr>144</ns3:hr>
            <ns3:cad>90</ns3:cad>
          </ns3:TrackPointExtension>
        </extensions>
      </trkpt>
      <trkpt lat="24.48516651056706905364990234375" lon="118.143545798957347869873046875">
        <ele>51.799999237060546875</ele>
        <time>2025-06-10T22:43:31.000Z</time>
        <extensions>
          <ns3:TrackPointExtension>
            <ns3:hr>144</ns3:hr>
            <ns3:cad>90</ns3:cad>
          </ns3:TrackPointExtension>
        </extensions>
      </trkpt>
      <trkpt lat="24.48515309952199459075927734375" lon="118.1435221619904041290283203125">
        <ele>51.799999237060546875</ele>
        <time>2025-06-10T22:43:32.000Z</time>
        <extensions>
          <ns3:TrackPointExtension>
            <ns3:hr>145</ns3:hr>
            <ns3:cad>90</ns3:cad>
          </ns3:TrackPointExtension>
        </extensions>
      </trkpt>
      <trkpt lat="24.48513700626790523529052734375" lon="118.14349181950092315673828125">
        <ele>52</ele>
        <time>2025-06-10T22:43:33.000Z</time>
        <extensions>
          <ns3:TrackPointExtension>
            <ns3:hr>144</ns3:hr>
            <ns3:cad>90</ns3:cad>
          </ns3:TrackPointExtension>
        </extensions>
      </trkpt>
      <trkpt lat="24.48512476868927478790283203125" lon="118.143467009067535400390625">
        <ele>52.200000762939453125</ele>
        <time>2025-06-10T22:43:34.000Z</time>
        <extensions>
          <ns3:TrackPointExtension>
            <ns3:hr>144</ns3:hr>
            <ns3:cad>89</ns3:cad>
          </ns3:TrackPointExtension>
        </extensions>
      </trkpt>
      <trkpt lat="24.4851127825677394866943359375" lon="118.14344345591962337493896484375">
        <ele>52.40000152587890625</ele>
        <time>2025-06-10T22:43:35.000Z</time>
        <extensions>
          <ns3:TrackPointExtension>
            <ns3:hr>144</ns3:hr>
            <ns3:cad>89</ns3:cad>
          </ns3:TrackPointExtension>
        </extensions>
      </trkpt>
      <trkpt lat="24.48510356247425079345703125" lon="118.14342283643782138824462890625">
        <ele>52.40000152587890625</ele>
        <time>2025-06-10T22:43:36.000Z</time>
        <extensions>
          <ns3:TrackPointExtension>
            <ns3:hr>145</ns3:hr>
            <ns3:cad>88</ns3:cad>
          </ns3:TrackPointExtension>
        </extensions>
      </trkpt>
      <trkpt lat="24.4850940071046352386474609375" lon="118.14340255223214626312255859375">
        <ele>52.59999847412109375</ele>
        <time>2025-06-10T22:43:37.000Z</time>
        <extensions>
          <ns3:TrackPointExtension>
            <ns3:hr>145</ns3:hr>
            <ns3:cad>88</ns3:cad>
          </ns3:TrackPointExtension>
        </extensions>
      </trkpt>
      <trkpt lat="24.48508671484887599945068359375" lon="118.14337790943682193756103515625">
        <ele>52.799999237060546875</ele>
        <time>2025-06-10T22:43:38.000Z</time>
        <extensions>
          <ns3:TrackPointExtension>
            <ns3:hr>145</ns3:hr>
            <ns3:cad>88</ns3:cad>
          </ns3:TrackPointExtension>
        </extensions>
      </trkpt>
      <trkpt lat="24.48507799766957759857177734375" lon="118.1433612294495105743408203125">
        <ele>53</ele>
        <time>2025-06-10T22:43:39.000Z</time>
        <extensions>
          <ns3:TrackPointExtension>
            <ns3:hr>145</ns3:hr>
            <ns3:cad>89</ns3:cad>
          </ns3:TrackPointExtension>
        </extensions>
      </trkpt>
      <trkpt lat="24.4850708730518817901611328125" lon="118.1433380953967571258544921875">
        <ele>53</ele>
        <time>2025-06-10T22:43:40.000Z</time>
        <extensions>
          <ns3:TrackPointExtension>
            <ns3:hr>145</ns3:hr>
            <ns3:cad>88</ns3:cad>
          </ns3:TrackPointExtension>
        </extensions>
      </trkpt>
      <trkpt lat="24.48506190441548824310302734375" lon="118.143316470086574554443359375">
        <ele>53.200000762939453125</ele>
        <time>2025-06-10T22:43:41.000Z</time>
        <extensions>
          <ns3:TrackPointExtension>
            <ns3:hr>145</ns3:hr>
            <ns3:cad>88</ns3:cad>
          </ns3:TrackPointExtension>
        </extensions>
      </trkpt>
      <trkpt lat="24.48505285196006298065185546875" lon="118.14328755252063274383544921875">
        <ele>53.40000152587890625</ele>
        <time>2025-06-10T22:43:42.000Z</time>
        <extensions>
          <ns3:TrackPointExtension>
            <ns3:hr>146</ns3:hr>
            <ns3:cad>88</ns3:cad>
          </ns3:TrackPointExtension>
        </extensions>
      </trkpt>
      <trkpt lat="24.48504195548593997955322265625" lon="118.14327162690460681915283203125">
        <ele>53.40000152587890625</ele>
        <time>2025-06-10T22:43:43.000Z</time>
        <extensions>
          <ns3:TrackPointExtension>
            <ns3:hr>146</ns3:hr>
            <ns3:cad>87</ns3:cad>
          </ns3:TrackPointExtension>
        </extensions>
      </trkpt>
      <trkpt lat="24.48502846062183380126953125" lon="118.14324648119509220123291015625">
        <ele>53.40000152587890625</ele>
        <time>2025-06-10T22:43:44.000Z</time>
        <extensions>
          <ns3:TrackPointExtension>
            <ns3:hr>146</ns3:hr>
            <ns3:cad>87</ns3:cad>
          </ns3:TrackPointExtension>
        </extensions>
      </trkpt>
      <trkpt lat="24.48502041399478912353515625" lon="118.14322871156036853790283203125">
        <ele>53.40000152587890625</ele>
        <time>2025-06-10T22:43:45.000Z</time>
        <extensions>
          <ns3:TrackPointExtension>
            <ns3:hr>146</ns3:hr>
            <ns3:cad>87</ns3:cad>
          </ns3:TrackPointExtension>
        </extensions>
      </trkpt>
      <trkpt lat="24.48501496575772762298583984375" lon="118.14321219921112060546875">
        <ele>53.40000152587890625</ele>
        <time>2025-06-10T22:43:46.000Z</time>
        <extensions>
          <ns3:TrackPointExtension>
            <ns3:hr>146</ns3:hr>
            <ns3:cad>87</ns3:cad>
          </ns3:TrackPointExtension>
        </extensions>
      </trkpt>
      <trkpt lat="24.48500943370163440704345703125" lon="118.14320306293666362762451171875">
        <ele>53.59999847412109375</ele>
        <time>2025-06-10T22:43:47.000Z</time>
        <extensions>
          <ns3:TrackPointExtension>
            <ns3:hr>147</ns3:hr>
            <ns3:cad>87</ns3:cad>
          </ns3:TrackPointExtension>
        </extensions>
      </trkpt>
      <trkpt lat="24.48500524275004863739013671875" lon="118.14319015480577945709228515625">
        <ele>53.40000152587890625</ele>
        <time>2025-06-10T22:43:48.000Z</time>
        <extensions>
          <ns3:TrackPointExtension>
            <ns3:hr>147</ns3:hr>
            <ns3:cad>86</ns3:cad>
          </ns3:TrackPointExtension>
        </extensions>
      </trkpt>
      <trkpt lat="24.48500163853168487548828125" lon="118.14318529330193996429443359375">
        <ele>53.40000152587890625</ele>
        <time>2025-06-10T22:43:49.000Z</time>
        <extensions>
          <ns3:TrackPointExtension>
            <ns3:hr>147</ns3:hr>
            <ns3:cad>83</ns3:cad>
          </ns3:TrackPointExtension>
        </extensions>
      </trkpt>
      <trkpt lat="24.48499602265655994415283203125" lon="118.1431741453707218170166015625">
        <ele>53.40000152587890625</ele>
        <time>2025-06-10T22:43:50.000Z</time>
        <extensions>
          <ns3:TrackPointExtension>
            <ns3:hr>147</ns3:hr>
            <ns3:cad>83</ns3:cad>
          </ns3:TrackPointExtension>
        </extensions>
      </trkpt>
      <trkpt lat="24.4849942624568939208984375" lon="118.1431603990495204925537109375">
        <ele>53.200000762939453125</ele>
        <time>2025-06-10T22:43:51.000Z</time>
        <extensions>
          <ns3:TrackPointExtension>
            <ns3:hr>147</ns3:hr>
            <ns3:cad>83</ns3:cad>
          </ns3:TrackPointExtension>
        </extensions>
      </trkpt>
      <trkpt lat="24.48499082587659358978271484375" lon="118.14314807765185832977294921875">
        <ele>53.200000762939453125</ele>
        <time>2025-06-10T22:43:52.000Z</time>
        <extensions>
          <ns3:TrackPointExtension>
            <ns3:hr>147</ns3:hr>
            <ns3:cad>83</ns3:cad>
          </ns3:TrackPointExtension>
        </extensions>
      </trkpt>
      <trkpt lat="24.484985880553722381591796875" lon="118.14313617534935474395751953125">
        <ele>53.200000762939453125</ele>
        <time>2025-06-10T22:43:53.000Z</time>
        <extensions>
          <ns3:TrackPointExtension>
            <ns3:hr>147</ns3:hr>
            <ns3:cad>83</ns3:cad>
          </ns3:TrackPointExtension>
        </extensions>
      </trkpt>
      <trkpt lat="24.48497976176440715789794921875" lon="118.1431184895336627960205078125">
        <ele>53.40000152587890625</ele>
        <time>2025-06-10T22:43:54.000Z</time>
        <extensions>
          <ns3:TrackPointExtension>
            <ns3:hr>147</ns3:hr>
            <ns3:cad>58</ns3:cad>
          </ns3:TrackPointExtension>
        </extensions>
      </trkpt>
      <trkpt lat="24.4849756546318531036376953125" lon="118.1431067548692226409912109375">
        <ele>53.40000152587890625</ele>
        <time>2025-06-10T22:43:55.000Z</time>
        <extensions>
          <ns3:TrackPointExtension>
            <ns3:hr>147</ns3:hr>
            <ns3:cad>58</ns3:cad>
          </ns3:TrackPointExtension>
        </extensions>
      </trkpt>
      <trkpt lat="24.48497255332767963409423828125" lon="118.143093846738338470458984375">
        <ele>53.40000152587890625</ele>
        <time>2025-06-10T22:43:56.000Z</time>
        <extensions>
          <ns3:TrackPointExtension>
            <ns3:hr>146</ns3:hr>
            <ns3:cad>58</ns3:cad>
          </ns3:TrackPointExtension>
        </extensions>
      </trkpt>
      <trkpt lat="24.4849032349884510040283203125" lon="118.14293836243450641632080078125">
        <ele>53.200000762939453125</ele>
        <time>2025-06-10T22:44:21.000Z</time>
        <extensions>
          <ns3:TrackPointExtension>
            <ns3:hr>132</ns3:hr>
            <ns3:cad>0</ns3:cad>
          </ns3:TrackPointExtension>
        </extensions>
      </trkpt>
      <trkpt lat="24.48490013368427753448486328125" lon="118.14293014816939830780029296875">
        <ele>53.40000152587890625</ele>
        <time>2025-06-10T22:44:22.000Z</time>
        <extensions>
          <ns3:TrackPointExtension>
            <ns3:hr>132</ns3:hr>
            <ns3:cad>0</ns3:cad>
          </ns3:TrackPointExtension>
        </extensions>
      </trkpt>
      <trkpt lat="24.48489543981850147247314453125" lon="118.14291112124919891357421875">
        <ele>53.40000152587890625</ele>
        <time>2025-06-10T22:44:23.000Z</time>
        <extensions>
          <ns3:TrackPointExtension>
            <ns3:hr>131</ns3:hr>
            <ns3:cad>0</ns3:cad>
          </ns3:TrackPointExtension>
        </extensions>
      </trkpt>
      <trkpt lat="24.48489024303853511810302734375" lon="118.14287968911230564117431640625">
        <ele>53.40000152587890625</ele>
        <time>2025-06-10T22:44:24.000Z</time>
        <extensions>
          <ns3:TrackPointExtension>
            <ns3:hr>130</ns3:hr>
            <ns3:cad>0</ns3:cad>
          </ns3:TrackPointExtension>
        </extensions>
      </trkpt>
      <trkpt lat="24.48489376343786716461181640625" lon="118.14285672269761562347412109375">
        <ele>53.40000152587890625</ele>
        <time>2025-06-10T22:44:25.000Z</time>
        <extensions>
          <ns3:TrackPointExtension>
            <ns3:hr>130</ns3:hr>
            <ns3:cad>0</ns3:cad>
          </ns3:TrackPointExtension>
        </extensions>
      </trkpt>
      <trkpt lat="24.48489611037075519561767578125" lon="118.14282956533133983612060546875">
        <ele>53.59999847412109375</ele>
        <time>2025-06-10T22:44:26.000Z</time>
        <extensions>
          <ns3:TrackPointExtension>
            <ns3:hr>130</ns3:hr>
            <ns3:cad>0</ns3:cad>
          </ns3:TrackPointExtension>
        </extensions>
      </trkpt>
      <trkpt lat="24.48490130715072154998779296875" lon="118.1427983008325099945068359375">
        <ele>53.40000152587890625</ele>
        <time>2025-06-10T22:44:27.000Z</time>
        <extensions>
          <ns3:TrackPointExtension>
            <ns3:hr>129</ns3:hr>
            <ns3:cad>83</ns3:cad>
          </ns3:TrackPointExtension>
        </extensions>
      </trkpt>
      <trkpt lat="24.48490683920681476593017578125" lon="118.1427781842648983001708984375">
        <ele>53.40000152587890625</ele>
        <time>2025-06-10T22:44:28.000Z</time>
        <extensions>
          <ns3:TrackPointExtension>
            <ns3:hr>129</ns3:hr>
            <ns3:cad>85</ns3:cad>
          </ns3:TrackPointExtension>
        </extensions>
      </trkpt>
      <trkpt lat="24.4849159754812717437744140625" lon="118.1427476741373538970947265625">
        <ele>53.59999847412109375</ele>
        <time>2025-06-10T22:44:29.000Z</time>
        <extensions>
          <ns3:TrackPointExtension>
            <ns3:hr>129</ns3:hr>
            <ns3:cad>86</ns3:cad>
          </ns3:TrackPointExtension>
        </extensions>
      </trkpt>
      <trkpt lat="24.48492444120347499847412109375" lon="118.14272277988493442535400390625">
        <ele>53.59999847412109375</ele>
        <time>2025-06-10T22:44:30.000Z</time>
        <extensions>
          <ns3:TrackPointExtension>
            <ns3:hr>129</ns3:hr>
            <ns3:cad>86</ns3:cad>
          </ns3:TrackPointExtension>
        </extensions>
      </trkpt>
      <trkpt lat="24.48493617586791515350341796875" lon="118.14268958754837512969970703125">
        <ele>53.40000152587890625</ele>
        <time>2025-06-10T22:44:31.000Z</time>
        <extensions>
          <ns3:TrackPointExtension>
            <ns3:hr>129</ns3:hr>
            <ns3:cad>87</ns3:cad>
          </ns3:TrackPointExtension>
        </extensions>
      </trkpt>
      <trkpt lat="24.48494908399879932403564453125" lon="118.14266913570463657379150390625">
        <ele>53.40000152587890625</ele>
        <time>2025-06-10T22:44:32.000Z</time>
        <extensions>
          <ns3:TrackPointExtension>
            <ns3:hr>129</ns3:hr>
            <ns3:cad>87</ns3:cad>
          </ns3:TrackPointExtension>
        </extensions>
      </trkpt>
      <trkpt lat="24.4849622435867786407470703125" lon="118.14264063723385334014892578125">
        <ele>53.40000152587890625</ele>
        <time>2025-06-10T22:44:33.000Z</time>
        <extensions>
          <ns3:TrackPointExtension>
            <ns3:hr>129</ns3:hr>
            <ns3:cad>87</ns3:cad>
          </ns3:TrackPointExtension>
        </extensions>
      </trkpt>
      <trkpt lat="24.4849679432809352874755859375" lon="118.1426195986568927764892578125">
        <ele>53.40000152587890625</ele>
        <time>2025-06-10T22:44:34.000Z</time>
        <extensions>
          <ns3:TrackPointExtension>
            <ns3:hr>129</ns3:hr>
            <ns3:cad>88</ns3:cad>
          </ns3:TrackPointExtension>
        </extensions>
      </trkpt>
      <trkpt lat="24.48497674427926540374755859375" lon="118.14259202219545841217041015625">
        <ele>53.40000152587890625</ele>
        <time>2025-06-10T22:44:35.000Z</time>
        <extensions>
          <ns3:TrackPointExtension>
            <ns3:hr>130</ns3:hr>
            <ns3:cad>88</ns3:cad>
          </ns3:TrackPointExtension>
        </extensions>
      </trkpt>
      <trkpt lat="24.48498479090631008148193359375" lon="118.14257190562784671783447265625">
        <ele>53.40000152587890625</ele>
        <time>2025-06-10T22:44:36.000Z</time>
        <extensions>
          <ns3:TrackPointExtension>
            <ns3:hr>129</ns3:hr>
            <ns3:cad>88</ns3:cad>
          </ns3:TrackPointExtension>
        </extensions>
      </trkpt>
      <trkpt lat="24.48499786667525768280029296875" lon="118.1425428204238414764404296875">
        <ele>53.40000152587890625</ele>
        <time>2025-06-10T22:44:37.000Z</time>
        <extensions>
          <ns3:TrackPointExtension>
            <ns3:hr>130</ns3:hr>
            <ns3:cad>89</ns3:cad>
          </ns3:TrackPointExtension>
        </extensions>
      </trkpt>
      <trkpt lat="24.48500691913068294525146484375" lon="118.142522536218166351318359375">
        <ele>53.40000152587890625</ele>
        <time>2025-06-10T22:44:38.000Z</time>
        <extensions>
          <ns3:TrackPointExtension>
            <ns3:hr>130</ns3:hr>
            <ns3:cad>89</ns3:cad>
          </ns3:TrackPointExtension>
        </extensions>
      </trkpt>
      <trkpt lat="24.485020749270915985107421875" lon="118.14249328337609767913818359375">
        <ele>53.200000762939453125</ele>
        <time>2025-06-10T22:44:39.000Z</time>
        <extensions>
          <ns3:TrackPointExtension>
            <ns3:hr>130</ns3:hr>
            <ns3:cad>89</ns3:cad>
          </ns3:TrackPointExtension>
        </extensions>
      </trkpt>
      <trkpt lat="24.4850272871553897857666015625" lon="118.14247123897075653076171875">
        <ele>53.200000762939453125</ele>
        <time>2025-06-10T22:44:40.000Z</time>
        <extensions>
          <ns3:TrackPointExtension>
            <ns3:hr>130</ns3:hr>
            <ns3:cad>89</ns3:cad>
          </ns3:TrackPointExtension>
        </extensions>
      </trkpt>
      <trkpt lat="24.48503474704921245574951171875" lon="118.14244081266224384307861328125">
        <ele>53.200000762939453125</ele>
        <time>2025-06-10T22:44:41.000Z</time>
        <extensions>
          <ns3:TrackPointExtension>
            <ns3:hr>129</ns3:hr>
            <ns3:cad>88</ns3:cad>
          </ns3:TrackPointExtension>
        </extensions>
      </trkpt>
      <trkpt lat="24.4850400276482105255126953125" lon="118.142417259514331817626953125">
        <ele>53.200000762939453125</ele>
        <time>2025-06-10T22:44:42.000Z</time>
        <extensions>
          <ns3:TrackPointExtension>
            <ns3:hr>130</ns3:hr>
            <ns3:cad>88</ns3:cad>
          </ns3:TrackPointExtension>
        </extensions>
      </trkpt>
      <trkpt lat="24.48504589498043060302734375" lon="118.14239001832902431488037109375">
        <ele>53.200000762939453125</ele>
        <time>2025-06-10T22:44:43.000Z</time>
        <extensions>
          <ns3:TrackPointExtension>
            <ns3:hr>130</ns3:hr>
            <ns3:cad>88</ns3:cad>
          </ns3:TrackPointExtension>
        </extensions>
      </trkpt>
      <trkpt lat="24.48505050502717494964599609375" lon="118.1423714943230152130126953125">
        <ele>53.200000762939453125</ele>
        <time>2025-06-10T22:44:44.000Z</time>
        <extensions>
          <ns3:TrackPointExtension>
            <ns3:hr>130</ns3:hr>
            <ns3:cad>88</ns3:cad>
          </ns3:TrackPointExtension>
        </extensions>
      </trkpt>
      <trkpt lat="24.48505452834069728851318359375" lon="118.1423386372625827789306640625">
        <ele>53</ele>
        <time>2025-06-10T22:44:45.000Z</time>
        <extensions>
          <ns3:TrackPointExtension>
            <ns3:hr>130</ns3:hr>
            <ns3:cad>88</ns3:cad>
          </ns3:TrackPointExtension>
        </extensions>
      </trkpt>
      <trkpt lat="24.4850551150739192962646484375" lon="118.1423201970756053924560546875">
        <ele>53</ele>
        <time>2025-06-10T22:44:46.000Z</time>
        <extensions>
          <ns3:TrackPointExtension>
            <ns3:hr>129</ns3:hr>
            <ns3:cad>89</ns3:cad>
          </ns3:TrackPointExtension>
        </extensions>
      </trkpt>
      <trkpt lat="24.485057294368743896484375" lon="118.14229010604321956634521484375">
        <ele>53</ele>
        <time>2025-06-10T22:44:47.000Z</time>
        <extensions>
          <ns3:TrackPointExtension>
            <ns3:hr>130</ns3:hr>
            <ns3:cad>89</ns3:cad>
          </ns3:TrackPointExtension>
        </extensions>
      </trkpt>
      <trkpt lat="24.48505662381649017333984375" lon="118.14226596616208553314208984375">
        <ele>53</ele>
        <time>2025-06-10T22:44:48.000Z</time>
        <extensions>
          <ns3:TrackPointExtension>
            <ns3:hr>130</ns3:hr>
            <ns3:cad>89</ns3:cad>
          </ns3:TrackPointExtension>
        </extensions>
      </trkpt>
      <trkpt lat="24.48505436070263385772705078125" lon="118.1422380544245243072509765625">
        <ele>52.799999237060546875</ele>
        <time>2025-06-10T22:44:49.000Z</time>
        <extensions>
          <ns3:TrackPointExtension>
            <ns3:hr>130</ns3:hr>
            <ns3:cad>89</ns3:cad>
          </ns3:TrackPointExtension>
        </extensions>
      </trkpt>
      <trkpt lat="24.48505117557942867279052734375" lon="118.1422102265059947967529296875">
        <ele>52.799999237060546875</ele>
        <time>2025-06-10T22:44:50.000Z</time>
        <extensions>
          <ns3:TrackPointExtension>
            <ns3:hr>129</ns3:hr>
            <ns3:cad>89</ns3:cad>
          </ns3:TrackPointExtension>
        </extensions>
      </trkpt>
      <trkpt lat="24.48504765518009662628173828125" lon="118.142179548740386962890625">
        <ele>52.799999237060546875</ele>
        <time>2025-06-10T22:44:51.000Z</time>
        <extensions>
          <ns3:TrackPointExtension>
            <ns3:hr>130</ns3:hr>
            <ns3:cad>89</ns3:cad>
          </ns3:TrackPointExtension>
        </extensions>
      </trkpt>
      <trkpt lat="24.48504245840013027191162109375" lon="118.14215205609798431396484375">
        <ele>52.799999237060546875</ele>
        <time>2025-06-10T22:44:52.000Z</time>
        <extensions>
          <ns3:TrackPointExtension>
            <ns3:hr>130</ns3:hr>
            <ns3:cad>89</ns3:cad>
          </ns3:TrackPointExtension>
        </extensions>
      </trkpt>
      <trkpt lat="24.48503809981048107147216796875" lon="118.142124898731708526611328125">
        <ele>52.799999237060546875</ele>
        <time>2025-06-10T22:44:53.000Z</time>
        <extensions>
          <ns3:TrackPointExtension>
            <ns3:hr>130</ns3:hr>
            <ns3:cad>89</ns3:cad>
          </ns3:TrackPointExtension>
        </extensions>
      </trkpt>
      <trkpt lat="24.48503206484019756317138671875" lon="118.1420995853841304779052734375">
        <ele>53</ele>
        <time>2025-06-10T22:44:54.000Z</time>
        <extensions>
          <ns3:TrackPointExtension>
            <ns3:hr>129</ns3:hr>
            <ns3:cad>89</ns3:cad>
          </ns3:TrackPointExtension>
        </extensions>
      </trkpt>
      <trkpt lat="24.48502753861248493194580078125" lon="118.14207619987428188323974609375">
        <ele>53</ele>
        <time>2025-06-10T22:44:55.000Z</time>
        <extensions>
          <ns3:TrackPointExtension>
            <ns3:hr>129</ns3:hr>
            <ns3:cad>88</ns3:cad>
          </ns3:TrackPointExtension>
        </extensions>
      </trkpt>
      <trkpt lat="24.4850225932896137237548828125" lon="118.1420519761741161346435546875">
        <ele>53</ele>
        <time>2025-06-10T22:44:56.000Z</time>
        <extensions>
          <ns3:TrackPointExtension>
            <ns3:hr>129</ns3:hr>
            <ns3:cad>89</ns3:cad>
          </ns3:TrackPointExtension>
        </extensions>
      </trkpt>
      <trkpt lat="24.48501697741448879241943359375" lon="118.142026998102664947509765625">
        <ele>53.200000762939453125</ele>
        <time>2025-06-10T22:44:57.000Z</time>
        <extensions>
          <ns3:TrackPointExtension>
            <ns3:hr>129</ns3:hr>
            <ns3:cad>89</ns3:cad>
          </ns3:TrackPointExtension>
        </extensions>
      </trkpt>
      <trkpt lat="24.48501010425388813018798828125" lon="118.1420080550014972686767578125">
        <ele>53.200000762939453125</ele>
        <time>2025-06-10T22:44:58.000Z</time>
        <extensions>
          <ns3:TrackPointExtension>
            <ns3:hr>129</ns3:hr>
            <ns3:cad>89</ns3:cad>
          </ns3:TrackPointExtension>
        </extensions>
      </trkpt>
      <trkpt lat="24.48500658385455608367919921875" lon="118.1419815681874752044677734375">
        <ele>53.200000762939453125</ele>
        <time>2025-06-10T22:44:59.000Z</time>
        <extensions>
          <ns3:TrackPointExtension>
            <ns3:hr>128</ns3:hr>
            <ns3:cad>89</ns3:cad>
          </ns3:TrackPointExtension>
        </extensions>
      </trkpt>
      <trkpt lat="24.4850014708936214447021484375" lon="118.14196203835308551788330078125">
        <ele>53.40000152587890625</ele>
        <time>2025-06-10T22:45:00.000Z</time>
        <extensions>
          <ns3:TrackPointExtension>
            <ns3:hr>128</ns3:hr>
            <ns3:cad>89</ns3:cad>
          </ns3:TrackPointExtension>
        </extensions>
      </trkpt>
      <trkpt lat="24.48499317280948162078857421875" lon="118.14193840138614177703857421875">
        <ele>53.40000152587890625</ele>
        <time>2025-06-10T22:45:01.000Z</time>
        <extensions>
          <ns3:TrackPointExtension>
            <ns3:hr>128</ns3:hr>
            <ns3:cad>89</ns3:cad>
          </ns3:TrackPointExtension>
        </extensions>
      </trkpt>
      <trkpt lat="24.48499116115272045135498046875" lon="118.14191468060016632080078125">
        <ele>53.59999847412109375</ele>
        <time>2025-06-10T22:45:02.000Z</time>
        <extensions>
          <ns3:TrackPointExtension>
            <ns3:hr>128</ns3:hr>
            <ns3:cad>89</ns3:cad>
          </ns3:TrackPointExtension>
        </extensions>
      </trkpt>
      <trkpt lat="24.4849813543260097503662109375" lon="118.14189548604190349578857421875">
        <ele>53.59999847412109375</ele>
        <time>2025-06-10T22:45:03.000Z</time>
        <extensions>
          <ns3:TrackPointExtension>
            <ns3:hr>128</ns3:hr>
            <ns3:cad>89</ns3:cad>
          </ns3:TrackPointExtension>
        </extensions>
      </trkpt>
      <trkpt lat="24.484979845583438873291015625" lon="118.14187335781753063201904296875">
        <ele>53.799999237060546875</ele>
        <time>2025-06-10T22:45:04.000Z</time>
        <extensions>
          <ns3:TrackPointExtension>
            <ns3:hr>128</ns3:hr>
            <ns3:cad>89</ns3:cad>
          </ns3:TrackPointExtension>
        </extensions>
      </trkpt>
      <trkpt lat="24.4849754869937896728515625" lon="118.1418487988412380218505859375">
        <ele>53.799999237060546875</ele>
        <time>2025-06-10T22:45:05.000Z</time>
        <extensions>
          <ns3:TrackPointExtension>
            <ns3:hr>129</ns3:hr>
            <ns3:cad>89</ns3:cad>
          </ns3:TrackPointExtension>
        </extensions>
      </trkpt>
      <trkpt lat="24.48497020639479160308837890625" lon="118.14182306639850139617919921875">
        <ele>54</ele>
        <time>2025-06-10T22:45:06.000Z</time>
        <extensions>
          <ns3:TrackPointExtension>
            <ns3:hr>129</ns3:hr>
            <ns3:cad>89</ns3:cad>
          </ns3:TrackPointExtension>
        </extensions>
      </trkpt>
      <trkpt lat="24.48496132157742977142333984375" lon="118.1417981721460819244384765625">
        <ele>54</ele>
        <time>2025-06-10T22:45:07.000Z</time>
        <extensions>
          <ns3:TrackPointExtension>
            <ns3:hr>129</ns3:hr>
            <ns3:cad>89</ns3:cad>
          </ns3:TrackPointExtension>
        </extensions>
      </trkpt>
      <trkpt lat="24.4849578849971294403076171875" lon="118.1417705118656158447265625">
        <ele>54.200000762939453125</ele>
        <time>2025-06-10T22:45:08.000Z</time>
        <extensions>
          <ns3:TrackPointExtension>
            <ns3:hr>129</ns3:hr>
            <ns3:cad>89</ns3:cad>
          </ns3:TrackPointExtension>
        </extensions>
      </trkpt>
      <trkpt lat="24.484951682388782501220703125" lon="118.141750395298004150390625">
        <ele>54.200000762939453125</ele>
        <time>2025-06-10T22:45:09.000Z</time>
        <extensions>
          <ns3:TrackPointExtension>
            <ns3:hr>129</ns3:hr>
            <ns3:cad>89</ns3:cad>
          </ns3:TrackPointExtension>
        </extensions>
      </trkpt>
      <trkpt lat="24.4849464856088161468505859375" lon="118.14172734506428241729736328125">
        <ele>54.200000762939453125</ele>
        <time>2025-06-10T22:45:10.000Z</time>
        <extensions>
          <ns3:TrackPointExtension>
            <ns3:hr>129</ns3:hr>
            <ns3:cad>89</ns3:cad>
          </ns3:TrackPointExtension>
        </extensions>
      </trkpt>
      <trkpt lat="24.48494455777108669281005859375" lon="118.14170370809733867645263671875">
        <ele>54.40000152587890625</ele>
        <time>2025-06-10T22:45:11.000Z</time>
        <extensions>
          <ns3:TrackPointExtension>
            <ns3:hr>130</ns3:hr>
            <ns3:cad>89</ns3:cad>
          </ns3:TrackPointExtension>
        </extensions>
      </trkpt>
      <trkpt lat="24.484942965209484100341796875" lon="118.14167839474976062774658203125">
        <ele>54.40000152587890625</ele>
        <time>2025-06-10T22:45:12.000Z</time>
        <extensions>
          <ns3:TrackPointExtension>
            <ns3:hr>130</ns3:hr>
            <ns3:cad>89</ns3:cad>
          </ns3:TrackPointExtension>
        </extensions>
      </trkpt>
      <trkpt lat="24.48493994772434234619140625" lon="118.14165651798248291015625">
        <ele>54.40000152587890625</ele>
        <time>2025-06-10T22:45:13.000Z</time>
        <extensions>
          <ns3:TrackPointExtension>
            <ns3:hr>130</ns3:hr>
            <ns3:cad>89</ns3:cad>
          </ns3:TrackPointExtension>
        </extensions>
      </trkpt>
      <trkpt lat="24.48493734933435916900634765625" lon="118.1416278518736362457275390625">
        <ele>54.59999847412109375</ele>
        <time>2025-06-10T22:45:14.000Z</time>
        <extensions>
          <ns3:TrackPointExtension>
            <ns3:hr>130</ns3:hr>
            <ns3:cad>89</ns3:cad>
          </ns3:TrackPointExtension>
        </extensions>
      </trkpt>
      <trkpt lat="24.4849320687353610992431640625" lon="118.1416060589253902435302734375">
        <ele>54.59999847412109375</ele>
        <time>2025-06-10T22:45:15.000Z</time>
        <extensions>
          <ns3:TrackPointExtension>
            <ns3:hr>130</ns3:hr>
            <ns3:cad>89</ns3:cad>
          </ns3:TrackPointExtension>
        </extensions>
      </trkpt>
      <trkpt lat="24.48492628522217273712158203125" lon="118.14158468507230281829833984375">
        <ele>54.59999847412109375</ele>
        <time>2025-06-10T22:45:16.000Z</time>
        <extensions>
          <ns3:TrackPointExtension>
            <ns3:hr>130</ns3:hr>
            <ns3:cad>89</ns3:cad>
          </ns3:TrackPointExtension>
        </extensions>
      </trkpt>
      <trkpt lat="24.4849196635186672210693359375" lon="118.1415628083050251007080078125">
        <ele>54.59999847412109375</ele>
        <time>2025-06-10T22:45:17.000Z</time>
        <extensions>
          <ns3:TrackPointExtension>
            <ns3:hr>130</ns3:hr>
            <ns3:cad>89</ns3:cad>
          </ns3:TrackPointExtension>
        </extensions>
      </trkpt>
      <trkpt lat="24.48491237126290798187255859375" lon="118.14153590239584445953369140625">
        <ele>54.59999847412109375</ele>
        <time>2025-06-10T22:45:18.000Z</time>
        <extensions>
          <ns3:TrackPointExtension>
            <ns3:hr>130</ns3:hr>
            <ns3:cad>89</ns3:cad>
          </ns3:TrackPointExtension>
        </extensions>
      </trkpt>
      <trkpt lat="24.48490248061716556549072265625" lon="118.14151394180953502655029296875">
        <ele>54.59999847412109375</ele>
        <time>2025-06-10T22:45:19.000Z</time>
        <extensions>
          <ns3:TrackPointExtension>
            <ns3:hr>131</ns3:hr>
            <ns3:cad>88</ns3:cad>
          </ns3:TrackPointExtension>
        </extensions>
      </trkpt>
      <trkpt lat="24.4848948530852794647216796875" lon="118.14149064011871814727783203125">
        <ele>54.59999847412109375</ele>
        <time>2025-06-10T22:45:20.000Z</time>
        <extensions>
          <ns3:TrackPointExtension>
            <ns3:hr>131</ns3:hr>
            <ns3:cad>89</ns3:cad>
          </ns3:TrackPointExtension>
        </extensions>
      </trkpt>
      <trkpt lat="24.4848878122866153717041015625" lon="118.1414706073701381683349609375">
        <ele>54.59999847412109375</ele>
        <time>2025-06-10T22:45:21.000Z</time>
        <extensions>
          <ns3:TrackPointExtension>
            <ns3:hr>131</ns3:hr>
            <ns3:cad>89</ns3:cad>
          </ns3:TrackPointExtension>
        </extensions>
      </trkpt>
      <trkpt lat="24.48487901128828525543212890625" lon="118.1414471380412578582763671875">
        <ele>54.59999847412109375</ele>
        <time>2025-06-10T22:45:22.000Z</time>
        <extensions>
          <ns3:TrackPointExtension>
            <ns3:hr>131</ns3:hr>
            <ns3:cad>89</ns3:cad>
          </ns3:TrackPointExtension>
        </extensions>
      </trkpt>
      <trkpt lat="24.48487129993736743927001953125" lon="118.14142878167331218719482421875">
        <ele>54.59999847412109375</ele>
        <time>2025-06-10T22:45:23.000Z</time>
        <extensions>
          <ns3:TrackPointExtension>
            <ns3:hr>132</ns3:hr>
            <ns3:cad>89</ns3:cad>
          </ns3:TrackPointExtension>
        </extensions>
      </trkpt>
      <trkpt lat="24.48486409150063991546630859375" lon="118.141404725611209869384765625">
        <ele>54.59999847412109375</ele>
        <time>2025-06-10T22:45:24.000Z</time>
        <extensions>
          <ns3:TrackPointExtension>
            <ns3:hr>132</ns3:hr>
            <ns3:cad>89</ns3:cad>
          </ns3:TrackPointExtension>
        </extensions>
      </trkpt>
      <trkpt lat="24.48485386557877063751220703125" lon="118.14138502813875675201416015625">
        <ele>54.40000152587890625</ele>
        <time>2025-06-10T22:45:25.000Z</time>
        <extensions>
          <ns3:TrackPointExtension>
            <ns3:hr>132</ns3:hr>
            <ns3:cad>89</ns3:cad>
          </ns3:TrackPointExtension>
        </extensions>
      </trkpt>
      <trkpt lat="24.48484531603753566741943359375" lon="118.1413592956960201263427734375">
        <ele>54.200000762939453125</ele>
        <time>2025-06-10T22:45:26.000Z</time>
        <extensions>
          <ns3:TrackPointExtension>
            <ns3:hr>132</ns3:hr>
            <ns3:cad>89</ns3:cad>
          </ns3:TrackPointExtension>
        </extensions>
      </trkpt>
      <trkpt lat="24.48483492247760295867919921875" lon="118.14133943058550357818603515625">
        <ele>54.200000762939453125</ele>
        <time>2025-06-10T22:45:27.000Z</time>
        <extensions>
          <ns3:TrackPointExtension>
            <ns3:hr>132</ns3:hr>
            <ns3:cad>89</ns3:cad>
          </ns3:TrackPointExtension>
        </extensions>
      </trkpt>
      <trkpt lat="24.48482536710798740386962890625" lon="118.14131520688533782958984375">
        <ele>54</ele>
        <time>2025-06-10T22:45:28.000Z</time>
        <extensions>
          <ns3:TrackPointExtension>
            <ns3:hr>132</ns3:hr>
            <ns3:cad>89</ns3:cad>
          </ns3:TrackPointExtension>
        </extensions>
      </trkpt>
      <trkpt lat="24.48481229133903980255126953125" lon="118.1412932462990283966064453125">
        <ele>54</ele>
        <time>2025-06-10T22:45:29.000Z</time>
        <extensions>
          <ns3:TrackPointExtension>
            <ns3:hr>132</ns3:hr>
            <ns3:cad>89</ns3:cad>
          </ns3:TrackPointExtension>
        </extensions>
      </trkpt>
      <trkpt lat="24.48479644954204559326171875" lon="118.141269274055957794189453125">
        <ele>53.799999237060546875</ele>
        <time>2025-06-10T22:45:30.000Z</time>
        <extensions>
          <ns3:TrackPointExtension>
            <ns3:hr>133</ns3:hr>
            <ns3:cad>89</ns3:cad>
          </ns3:TrackPointExtension>
        </extensions>
      </trkpt>
      <trkpt lat="24.48477893136441707611083984375" lon="118.14124521799385547637939453125">
        <ele>53.799999237060546875</ele>
        <time>2025-06-10T22:45:31.000Z</time>
        <extensions>
          <ns3:TrackPointExtension>
            <ns3:hr>132</ns3:hr>
            <ns3:cad>89</ns3:cad>
          </ns3:TrackPointExtension>
        </extensions>
      </trkpt>
      <trkpt lat="24.48476116172969341278076171875" lon="118.14121923409402370452880859375">
        <ele>53.799999237060546875</ele>
        <time>2025-06-10T22:45:32.000Z</time>
        <extensions>
          <ns3:TrackPointExtension>
            <ns3:hr>132</ns3:hr>
            <ns3:cad>89</ns3:cad>
          </ns3:TrackPointExtension>
        </extensions>
      </trkpt>
      <trkpt lat="24.48474506847560405731201171875" lon="118.141200542449951171875">
        <ele>53.799999237060546875</ele>
        <time>2025-06-10T22:45:33.000Z</time>
        <extensions>
          <ns3:TrackPointExtension>
            <ns3:hr>132</ns3:hr>
            <ns3:cad>89</ns3:cad>
          </ns3:TrackPointExtension>
        </extensions>
      </trkpt>
      <trkpt lat="24.48472444899380207061767578125" lon="118.141171038150787353515625">
        <ele>53.59999847412109375</ele>
        <time>2025-06-10T22:45:34.000Z</time>
        <extensions>
          <ns3:TrackPointExtension>
            <ns3:hr>133</ns3:hr>
            <ns3:cad>89</ns3:cad>
          </ns3:TrackPointExtension>
        </extensions>
      </trkpt>
      <trkpt lat="24.48471120558679103851318359375" lon="118.14115251414477825164794921875">
        <ele>53.59999847412109375</ele>
        <time>2025-06-10T22:45:35.000Z</time>
        <extensions>
          <ns3:TrackPointExtension>
            <ns3:hr>132</ns3:hr>
            <ns3:cad>89</ns3:cad>
          </ns3:TrackPointExtension>
        </extensions>
      </trkpt>
      <trkpt lat="24.48469544760882854461669921875" lon="118.14113122411072254180908203125">
        <ele>53.59999847412109375</ele>
        <time>2025-06-10T22:45:36.000Z</time>
        <extensions>
          <ns3:TrackPointExtension>
            <ns3:hr>132</ns3:hr>
            <ns3:cad>89</ns3:cad>
          </ns3:TrackPointExtension>
        </extensions>
      </trkpt>
      <trkpt lat="24.48468086309731006622314453125" lon="118.14111311919987201690673828125">
        <ele>53.59999847412109375</ele>
        <time>2025-06-10T22:45:37.000Z</time>
        <extensions>
          <ns3:TrackPointExtension>
            <ns3:hr>133</ns3:hr>
            <ns3:cad>88</ns3:cad>
          </ns3:TrackPointExtension>
        </extensions>
      </trkpt>
      <trkpt lat="24.48466024361550807952880859375" lon="118.1410937570035457611083984375">
        <ele>53.59999847412109375</ele>
        <time>2025-06-10T22:45:38.000Z</time>
        <extensions>
          <ns3:TrackPointExtension>
            <ns3:hr>132</ns3:hr>
            <ns3:cad>88</ns3:cad>
          </ns3:TrackPointExtension>
        </extensions>
      </trkpt>
      <trkpt lat="24.48464415036141872406005859375" lon="118.14107690937817096710205078125">
        <ele>53.40000152587890625</ele>
        <time>2025-06-10T22:45:39.000Z</time>
        <extensions>
          <ns3:TrackPointExtension>
            <ns3:hr>133</ns3:hr>
            <ns3:cad>88</ns3:cad>
          </ns3:TrackPointExtension>
        </extensions>
      </trkpt>
      <trkpt lat="24.4846216030418872833251953125" lon="118.14105612225830554962158203125">
        <ele>53.40000152587890625</ele>
        <time>2025-06-10T22:45:40.000Z</time>
        <extensions>
          <ns3:TrackPointExtension>
            <ns3:hr>133</ns3:hr>
            <ns3:cad>88</ns3:cad>
          </ns3:TrackPointExtension>
        </extensions>
      </trkpt>
      <trkpt lat="24.484606683254241943359375" lon="118.14103650860488414764404296875">
        <ele>53.200000762939453125</ele>
        <time>2025-06-10T22:45:41.000Z</time>
        <extensions>
          <ns3:TrackPointExtension>
            <ns3:hr>133</ns3:hr>
            <ns3:cad>89</ns3:cad>
          </ns3:TrackPointExtension>
        </extensions>
      </trkpt>
      <trkpt lat="24.4845874048769474029541015625" lon="118.14101739786565303802490234375">
        <ele>53.200000762939453125</ele>
        <time>2025-06-10T22:45:42.000Z</time>
        <extensions>
          <ns3:TrackPointExtension>
            <ns3:hr>133</ns3:hr>
            <ns3:cad>89</ns3:cad>
          </ns3:TrackPointExtension>
        </extensions>
      </trkpt>
      <trkpt lat="24.48457114398479461669921875" lon="118.1409961916506290435791015625">
        <ele>53</ele>
        <time>2025-06-10T22:45:43.000Z</time>
        <extensions>
          <ns3:TrackPointExtension>
            <ns3:hr>134</ns3:hr>
            <ns3:cad>89</ns3:cad>
          </ns3:TrackPointExtension>
        </extensions>
      </trkpt>
      <trkpt lat="24.4845511950552463531494140625" lon="118.1409693695604801177978515625">
        <ele>53</ele>
        <time>2025-06-10T22:45:44.000Z</time>
        <extensions>
          <ns3:TrackPointExtension>
            <ns3:hr>134</ns3:hr>
            <ns3:cad>89</ns3:cad>
          </ns3:TrackPointExtension>
        </extensions>
      </trkpt>
      <trkpt lat="24.48453132994472980499267578125" lon="118.14095587469637393951416015625">
        <ele>52.799999237060546875</ele>
        <time>2025-06-10T22:45:45.000Z</time>
        <extensions>
          <ns3:TrackPointExtension>
            <ns3:hr>134</ns3:hr>
            <ns3:cad>88</ns3:cad>
          </ns3:TrackPointExtension>
        </extensions>
      </trkpt>
      <trkpt lat="24.48451121337711811065673828125" lon="118.14092704094946384429931640625">
        <ele>52.59999847412109375</ele>
        <time>2025-06-10T22:45:46.000Z</time>
        <extensions>
          <ns3:TrackPointExtension>
            <ns3:hr>134</ns3:hr>
            <ns3:cad>88</ns3:cad>
          </ns3:TrackPointExtension>
        </extensions>
      </trkpt>
      <trkpt lat="24.48449512012302875518798828125" lon="118.140899799764156341552734375">
        <ele>52.59999847412109375</ele>
        <time>2025-06-10T22:45:47.000Z</time>
        <extensions>
          <ns3:TrackPointExtension>
            <ns3:hr>134</ns3:hr>
            <ns3:cad>88</ns3:cad>
          </ns3:TrackPointExtension>
        </extensions>
      </trkpt>
      <trkpt lat="24.4844807870686054229736328125" lon="118.1408694572746753692626953125">
        <ele>52.40000152587890625</ele>
        <time>2025-06-10T22:45:48.000Z</time>
        <extensions>
          <ns3:TrackPointExtension>
            <ns3:hr>134</ns3:hr>
            <ns3:cad>88</ns3:cad>
          </ns3:TrackPointExtension>
        </extensions>
      </trkpt>
      <trkpt lat="24.4844744168221950531005859375" lon="118.14084121026098728179931640625">
        <ele>52.200000762939453125</ele>
        <time>2025-06-10T22:45:49.000Z</time>
        <extensions>
          <ns3:TrackPointExtension>
            <ns3:hr>134</ns3:hr>
            <ns3:cad>88</ns3:cad>
          </ns3:TrackPointExtension>
        </extensions>
      </trkpt>
      <trkpt lat="24.4844650290906429290771484375" lon="118.1408174894750118255615234375">
        <ele>52</ele>
        <time>2025-06-10T22:45:50.000Z</time>
        <extensions>
          <ns3:TrackPointExtension>
            <ns3:hr>135</ns3:hr>
            <ns3:cad>88</ns3:cad>
          </ns3:TrackPointExtension>
        </extensions>
      </trkpt>
      <trkpt lat="24.484463520348072052001953125" lon="118.140789829194545745849609375">
        <ele>51.799999237060546875</ele>
        <time>2025-06-10T22:45:51.000Z</time>
        <extensions>
          <ns3:TrackPointExtension>
            <ns3:hr>135</ns3:hr>
            <ns3:cad>87</ns3:cad>
          </ns3:TrackPointExtension>
        </extensions>
      </trkpt>
      <trkpt lat="24.4844643585383892059326171875" lon="118.14076845534145832061767578125">
        <ele>51.59999847412109375</ele>
        <time>2025-06-10T22:45:52.000Z</time>
        <extensions>
          <ns3:TrackPointExtension>
            <ns3:hr>135</ns3:hr>
            <ns3:cad>87</ns3:cad>
          </ns3:TrackPointExtension>
        </extensions>
      </trkpt>
      <trkpt lat="24.48446712456643581390380859375" lon="118.14073559828102588653564453125">
        <ele>51.40000152587890625</ele>
        <time>2025-06-10T22:45:53.000Z</time>
        <extensions>
          <ns3:TrackPointExtension>
            <ns3:hr>135</ns3:hr>
            <ns3:cad>87</ns3:cad>
          </ns3:TrackPointExtension>
        </extensions>
      </trkpt>
      <trkpt lat="24.48447190225124359130859375" lon="118.14070902764797210693359375">
        <ele>51.200000762939453125</ele>
        <time>2025-06-10T22:45:54.000Z</time>
        <extensions>
          <ns3:TrackPointExtension>
            <ns3:hr>134</ns3:hr>
            <ns3:cad>87</ns3:cad>
          </ns3:TrackPointExtension>
        </extensions>
      </trkpt>
      <trkpt lat="24.48448288254439830780029296875" lon="118.14067407511174678802490234375">
        <ele>51</ele>
        <time>2025-06-10T22:45:55.000Z</time>
        <extensions>
          <ns3:TrackPointExtension>
            <ns3:hr>135</ns3:hr>
            <ns3:cad>87</ns3:cad>
          </ns3:TrackPointExtension>
        </extensions>
      </trkpt>
      <trkpt lat="24.4844913482666015625" lon="118.14064775593578815460205078125">
        <ele>50.799999237060546875</ele>
        <time>2025-06-10T22:45:56.000Z</time>
        <extensions>
          <ns3:TrackPointExtension>
            <ns3:hr>134</ns3:hr>
            <ns3:cad>87</ns3:cad>
          </ns3:TrackPointExtension>
        </extensions>
      </trkpt>
      <trkpt lat="24.48450182564556598663330078125" lon="118.1406153179705142974853515625">
        <ele>50.59999847412109375</ele>
        <time>2025-06-10T22:45:57.000Z</time>
        <extensions>
          <ns3:TrackPointExtension>
            <ns3:hr>134</ns3:hr>
            <ns3:cad>87</ns3:cad>
          </ns3:TrackPointExtension>
        </extensions>
      </trkpt>
      <trkpt lat="24.484510123729705810546875" lon="118.1405901722609996795654296875">
        <ele>50.40000152587890625</ele>
        <time>2025-06-10T22:45:58.000Z</time>
        <extensions>
          <ns3:TrackPointExtension>
            <ns3:hr>134</ns3:hr>
            <ns3:cad>87</ns3:cad>
          </ns3:TrackPointExtension>
        </extensions>
      </trkpt>
      <trkpt lat="24.48452244512736797332763671875" lon="118.14055739901959896087646484375">
        <ele>50.200000762939453125</ele>
        <time>2025-06-10T22:45:59.000Z</time>
        <extensions>
          <ns3:TrackPointExtension>
            <ns3:hr>135</ns3:hr>
            <ns3:cad>87</ns3:cad>
          </ns3:TrackPointExtension>
        </extensions>
      </trkpt>
      <trkpt lat="24.484530575573444366455078125" lon="118.140536360442638397216796875">
        <ele>49.799999237060546875</ele>
        <time>2025-06-10T22:46:00.000Z</time>
        <extensions>
          <ns3:TrackPointExtension>
            <ns3:hr>134</ns3:hr>
            <ns3:cad>88</ns3:cad>
          </ns3:TrackPointExtension>
        </extensions>
      </trkpt>
      <trkpt lat="24.4845444895327091217041015625" lon="118.140503503382205963134765625">
        <ele>49.59999847412109375</ele>
        <time>2025-06-10T22:46:01.000Z</time>
        <extensions>
          <ns3:TrackPointExtension>
            <ns3:hr>134</ns3:hr>
            <ns3:cad>88</ns3:cad>
          </ns3:TrackPointExtension>
        </extensions>
      </trkpt>
      <trkpt lat="24.4845597445964813232421875" lon="118.14047827385365962982177734375">
        <ele>49.40000152587890625</ele>
        <time>2025-06-10T22:46:02.000Z</time>
        <extensions>
          <ns3:TrackPointExtension>
            <ns3:hr>135</ns3:hr>
            <ns3:cad>88</ns3:cad>
          </ns3:TrackPointExtension>
        </extensions>
      </trkpt>
      <trkpt lat="24.48457424528896808624267578125" lon="118.140450529754161834716796875">
        <ele>49.200000762939453125</ele>
        <time>2025-06-10T22:46:03.000Z</time>
        <extensions>
          <ns3:TrackPointExtension>
            <ns3:hr>134</ns3:hr>
            <ns3:cad>88</ns3:cad>
          </ns3:TrackPointExtension>
        </extensions>
      </trkpt>
      <trkpt lat="24.48458983562886714935302734375" lon="118.14042747952044010162353515625">
        <ele>48.799999237060546875</ele>
        <time>2025-06-10T22:46:04.000Z</time>
        <extensions>
          <ns3:TrackPointExtension>
            <ns3:hr>134</ns3:hr>
            <ns3:cad>88</ns3:cad>
          </ns3:TrackPointExtension>
        </extensions>
      </trkpt>
      <trkpt lat="24.4846014864742755889892578125" lon="118.14040116034448146820068359375">
        <ele>48.59999847412109375</ele>
        <time>2025-06-10T22:46:05.000Z</time>
        <extensions>
          <ns3:TrackPointExtension>
            <ns3:hr>134</ns3:hr>
            <ns3:cad>88</ns3:cad>
          </ns3:TrackPointExtension>
        </extensions>
      </trkpt>
      <trkpt lat="24.48461397551000118255615234375" lon="118.140374757349491119384765625">
        <ele>48.40000152587890625</ele>
        <time>2025-06-10T22:46:06.000Z</time>
        <extensions>
          <ns3:TrackPointExtension>
            <ns3:hr>134</ns3:hr>
            <ns3:cad>88</ns3:cad>
          </ns3:TrackPointExtension>
        </extensions>
      </trkpt>
      <trkpt lat="24.48462621308863162994384765625" lon="118.14035204239189624786376953125">
        <ele>48</ele>
        <time>2025-06-10T22:46:07.000Z</time>
        <extensions>
          <ns3:TrackPointExtension>
            <ns3:hr>134</ns3:hr>
            <ns3:cad>88</ns3:cad>
          </ns3:TrackPointExtension>
        </extensions>
      </trkpt>
      <trkpt lat="24.48463861830532550811767578125" lon="118.140323795378208160400390625">
        <ele>47.799999237060546875</ele>
        <time>2025-06-10T22:46:08.000Z</time>
        <extensions>
          <ns3:TrackPointExtension>
            <ns3:hr>133</ns3:hr>
            <ns3:cad>88</ns3:cad>
          </ns3:TrackPointExtension>
        </extensions>
      </trkpt>
      <trkpt lat="24.48464917950332164764404296875" lon="118.14029957167804241180419921875">
        <ele>47.59999847412109375</ele>
        <time>2025-06-10T22:46:09.000Z</time>
        <extensions>
          <ns3:TrackPointExtension>
            <ns3:hr>133</ns3:hr>
            <ns3:cad>88</ns3:cad>
          </ns3:TrackPointExtension>
        </extensions>
      </trkpt>
      <trkpt lat="24.48466342873871326446533203125" lon="118.14026989974081516265869140625">
        <ele>47.40000152587890625</ele>
        <time>2025-06-10T22:46:10.000Z</time>
        <extensions>
          <ns3:TrackPointExtension>
            <ns3:hr>133</ns3:hr>
            <ns3:cad>88</ns3:cad>
          </ns3:TrackPointExtension>
        </extensions>
      </trkpt>
      <trkpt lat="24.48467683978378772735595703125" lon="118.14024894498288631439208984375">
        <ele>47.200000762939453125</ele>
        <time>2025-06-10T22:46:11.000Z</time>
        <extensions>
          <ns3:TrackPointExtension>
            <ns3:hr>133</ns3:hr>
            <ns3:cad>88</ns3:cad>
          </ns3:TrackPointExtension>
        </extensions>
      </trkpt>
      <trkpt lat="24.4846910052001476287841796875" lon="118.1402228772640228271484375">
        <ele>47</ele>
        <time>2025-06-10T22:46:12.000Z</time>
        <extensions>
          <ns3:TrackPointExtension>
            <ns3:hr>133</ns3:hr>
            <ns3:cad>88</ns3:cad>
          </ns3:TrackPointExtension>
        </extensions>
      </trkpt>
      <trkpt lat="24.48471019975841045379638671875" lon="118.14020150341093540191650390625">
        <ele>46.799999237060546875</ele>
        <time>2025-06-10T22:46:13.000Z</time>
        <extensions>
          <ns3:TrackPointExtension>
            <ns3:hr>134</ns3:hr>
            <ns3:cad>87</ns3:cad>
          </ns3:TrackPointExtension>
        </extensions>
      </trkpt>
      <trkpt lat="24.48473207652568817138671875" lon="118.14018105156719684600830078125">
        <ele>46.59999847412109375</ele>
        <time>2025-06-10T22:46:14.000Z</time>
        <extensions>
          <ns3:TrackPointExtension>
            <ns3:hr>133</ns3:hr>
            <ns3:cad>87</ns3:cad>
          </ns3:TrackPointExtension>
        </extensions>
      </trkpt>
      <trkpt lat="24.4847583957016468048095703125" lon="118.14016898162662982940673828125">
        <ele>46.40000152587890625</ele>
        <time>2025-06-10T22:46:15.000Z</time>
        <extensions>
          <ns3:TrackPointExtension>
            <ns3:hr>133</ns3:hr>
            <ns3:cad>87</ns3:cad>
          </ns3:TrackPointExtension>
        </extensions>
      </trkpt>
      <trkpt lat="24.48478261940181255340576171875" lon="118.1401598453521728515625">
        <ele>46.200000762939453125</ele>
        <time>2025-06-10T22:46:16.000Z</time>
        <extensions>
          <ns3:TrackPointExtension>
            <ns3:hr>133</ns3:hr>
            <ns3:cad>87</ns3:cad>
          </ns3:TrackPointExtension>
        </extensions>
      </trkpt>
      <trkpt lat="24.4848100282251834869384765625" lon="118.14015070907771587371826171875">
        <ele>46</ele>
        <time>2025-06-10T22:46:17.000Z</time>
        <extensions>
          <ns3:TrackPointExtension>
            <ns3:hr>133</ns3:hr>
            <ns3:cad>88</ns3:cad>
          </ns3:TrackPointExtension>
        </extensions>
      </trkpt>
      <trkpt lat="24.48483961634337902069091796875" lon="118.14014534465968608856201171875">
        <ele>46</ele>
        <time>2025-06-10T22:46:18.000Z</time>
        <extensions>
          <ns3:TrackPointExtension>
            <ns3:hr>133</ns3:hr>
            <ns3:cad>88</ns3:cad>
          </ns3:TrackPointExtension>
        </extensions>
      </trkpt>
      <trkpt lat="24.484867863357067108154296875" lon="118.1401425786316394805908203125">
        <ele>45.799999237060546875</ele>
        <time>2025-06-10T22:46:19.000Z</time>
        <extensions>
          <ns3:TrackPointExtension>
            <ns3:hr>133</ns3:hr>
            <ns3:cad>88</ns3:cad>
          </ns3:TrackPointExtension>
        </extensions>
      </trkpt>
      <trkpt lat="24.48489426635205745697021484375" lon="118.14013763330876827239990234375">
        <ele>45.799999237060546875</ele>
        <time>2025-06-10T22:46:20.000Z</time>
        <extensions>
          <ns3:TrackPointExtension>
            <ns3:hr>132</ns3:hr>
            <ns3:cad>88</ns3:cad>
          </ns3:TrackPointExtension>
        </extensions>
      </trkpt>
      <trkpt lat="24.48492410592734813690185546875" lon="118.14013729803264141082763671875">
        <ele>45.59999847412109375</ele>
        <time>2025-06-10T22:46:21.000Z</time>
        <extensions>
          <ns3:TrackPointExtension>
            <ns3:hr>133</ns3:hr>
            <ns3:cad>88</ns3:cad>
          </ns3:TrackPointExtension>
        </extensions>
      </trkpt>
      <trkpt lat="24.48494807817041873931884765625" lon="118.14013394527137279510498046875">
        <ele>45.59999847412109375</ele>
        <time>2025-06-10T22:46:22.000Z</time>
        <extensions>
          <ns3:TrackPointExtension>
            <ns3:hr>132</ns3:hr>
            <ns3:cad>88</ns3:cad>
          </ns3:TrackPointExtension>
        </extensions>
      </trkpt>
      <trkpt lat="24.48498160578310489654541015625" lon="118.14014039933681488037109375">
        <ele>45.59999847412109375</ele>
        <time>2025-06-10T22:46:23.000Z</time>
        <extensions>
          <ns3:TrackPointExtension>
            <ns3:hr>132</ns3:hr>
            <ns3:cad>88</ns3:cad>
          </ns3:TrackPointExtension>
        </extensions>
      </trkpt>
      <trkpt lat="24.485008008778095245361328125" lon="118.1401397287845611572265625">
        <ele>45.40000152587890625</ele>
        <time>2025-06-10T22:46:24.000Z</time>
        <extensions>
          <ns3:TrackPointExtension>
            <ns3:hr>132</ns3:hr>
            <ns3:cad>88</ns3:cad>
          </ns3:TrackPointExtension>
        </extensions>
      </trkpt>
      <trkpt lat="24.48504053056240081787109375" lon="118.140142075717449188232421875">
        <ele>45.40000152587890625</ele>
        <time>2025-06-10T22:46:25.000Z</time>
        <extensions>
          <ns3:TrackPointExtension>
            <ns3:hr>132</ns3:hr>
            <ns3:cad>88</ns3:cad>
          </ns3:TrackPointExtension>
        </extensions>
      </trkpt>
      <trkpt lat="24.48506743647158145904541015625" lon="118.14014115370810031890869140625">
        <ele>45.200000762939453125</ele>
        <time>2025-06-10T22:46:26.000Z</time>
        <extensions>
          <ns3:TrackPointExtension>
            <ns3:hr>132</ns3:hr>
            <ns3:cad>88</ns3:cad>
          </ns3:TrackPointExtension>
        </extensions>
      </trkpt>
      <trkpt lat="24.4850970245897769927978515625" lon="118.1401395611464977264404296875">
        <ele>45.200000762939453125</ele>
        <time>2025-06-10T22:46:27.000Z</time>
        <extensions>
          <ns3:TrackPointExtension>
            <ns3:hr>131</ns3:hr>
            <ns3:cad>89</ns3:cad>
          </ns3:TrackPointExtension>
        </extensions>
      </trkpt>
      <trkpt lat="24.48512091301381587982177734375" lon="118.14013235270977020263671875">
        <ele>45.200000762939453125</ele>
        <time>2025-06-10T22:46:28.000Z</time>
        <extensions>
          <ns3:TrackPointExtension>
            <ns3:hr>131</ns3:hr>
            <ns3:cad>89</ns3:cad>
          </ns3:TrackPointExtension>
        </extensions>
      </trkpt>
      <trkpt lat="24.48514916002750396728515625" lon="118.14012690447270870208740234375">
        <ele>45.200000762939453125</ele>
        <time>2025-06-10T22:46:29.000Z</time>
        <extensions>
          <ns3:TrackPointExtension>
            <ns3:hr>131</ns3:hr>
            <ns3:cad>89</ns3:cad>
          </ns3:TrackPointExtension>
        </extensions>
      </trkpt>
      <trkpt lat="24.48517195880413055419921875" lon="118.1401248089969158172607421875">
        <ele>45.200000762939453125</ele>
        <time>2025-06-10T22:46:30.000Z</time>
        <extensions>
          <ns3:TrackPointExtension>
            <ns3:hr>131</ns3:hr>
            <ns3:cad>88</ns3:cad>
          </ns3:TrackPointExtension>
        </extensions>
      </trkpt>
      <trkpt lat="24.48519702069461345672607421875" lon="118.14012506045401096343994140625">
        <ele>45.200000762939453125</ele>
        <time>2025-06-10T22:46:31.000Z</time>
        <extensions>
          <ns3:TrackPointExtension>
            <ns3:hr>131</ns3:hr>
            <ns3:cad>88</ns3:cad>
          </ns3:TrackPointExtension>
        </extensions>
      </trkpt>
      <trkpt lat="24.48521546088159084320068359375" lon="118.1401197798550128936767578125">
        <ele>45.200000762939453125</ele>
        <time>2025-06-10T22:46:32.000Z</time>
        <extensions>
          <ns3:TrackPointExtension>
            <ns3:hr>131</ns3:hr>
            <ns3:cad>88</ns3:cad>
          </ns3:TrackPointExtension>
        </extensions>
      </trkpt>
      <trkpt lat="24.4852421991527080535888671875" lon="118.1401231326162815093994140625">
        <ele>45</ele>
        <time>2025-06-10T22:46:33.000Z</time>
        <extensions>
          <ns3:TrackPointExtension>
            <ns3:hr>131</ns3:hr>
            <ns3:cad>89</ns3:cad>
          </ns3:TrackPointExtension>
        </extensions>
      </trkpt>
      <trkpt lat="24.48526575230062007904052734375" lon="118.14012137241661548614501953125">
        <ele>45</ele>
        <time>2025-06-10T22:46:34.000Z</time>
        <extensions>
          <ns3:TrackPointExtension>
            <ns3:hr>131</ns3:hr>
            <ns3:cad>89</ns3:cad>
          </ns3:TrackPointExtension>
        </extensions>
      </trkpt>
      <trkpt lat="24.4852958433330059051513671875" lon="118.140124641358852386474609375">
        <ele>45</ele>
        <time>2025-06-10T22:46:35.000Z</time>
        <extensions>
          <ns3:TrackPointExtension>
            <ns3:hr>131</ns3:hr>
            <ns3:cad>88</ns3:cad>
          </ns3:TrackPointExtension>
        </extensions>
      </trkpt>
      <trkpt lat="24.4853246770799160003662109375" lon="118.1401251442730426788330078125">
        <ele>45</ele>
        <time>2025-06-10T22:46:36.000Z</time>
        <extensions>
          <ns3:TrackPointExtension>
            <ns3:hr>131</ns3:hr>
            <ns3:cad>88</ns3:cad>
          </ns3:TrackPointExtension>
        </extensions>
      </trkpt>
      <trkpt lat="24.485358037054538726806640625" lon="118.14012824557721614837646484375">
        <ele>45</ele>
        <time>2025-06-10T22:46:37.000Z</time>
        <extensions>
          <ns3:TrackPointExtension>
            <ns3:hr>131</ns3:hr>
            <ns3:cad>89</ns3:cad>
          </ns3:TrackPointExtension>
        </extensions>
      </trkpt>
      <trkpt lat="24.48538728989660739898681640625" lon="118.14013042487204074859619140625">
        <ele>45</ele>
        <time>2025-06-10T22:46:38.000Z</time>
        <extensions>
          <ns3:TrackPointExtension>
            <ns3:hr>130</ns3:hr>
            <ns3:cad>89</ns3:cad>
          </ns3:TrackPointExtension>
        </extensions>
      </trkpt>
      <trkpt lat="24.4854138605296611785888671875" lon="118.14013444818556308746337890625">
        <ele>44.799999237060546875</ele>
        <time>2025-06-10T22:46:39.000Z</time>
        <extensions>
          <ns3:TrackPointExtension>
            <ns3:hr>131</ns3:hr>
            <ns3:cad>89</ns3:cad>
          </ns3:TrackPointExtension>
        </extensions>
      </trkpt>
      <trkpt lat="24.485437832772731781005859375" lon="118.140138052403926849365234375">
        <ele>44.799999237060546875</ele>
        <time>2025-06-10T22:46:40.000Z</time>
        <extensions>
          <ns3:TrackPointExtension>
            <ns3:hr>131</ns3:hr>
            <ns3:cad>89</ns3:cad>
          </ns3:TrackPointExtension>
        </extensions>
      </trkpt>
      <trkpt lat="24.48546876199543476104736328125" lon="118.14014375209808349609375">
        <ele>44.799999237060546875</ele>
        <time>2025-06-10T22:46:41.000Z</time>
        <extensions>
          <ns3:TrackPointExtension>
            <ns3:hr>131</ns3:hr>
            <ns3:cad>89</ns3:cad>
          </ns3:TrackPointExtension>
        </extensions>
      </trkpt>
      <trkpt lat="24.48549172841012477874755859375" lon="118.14015288837254047393798828125">
        <ele>44.799999237060546875</ele>
        <time>2025-06-10T22:46:42.000Z</time>
        <extensions>
          <ns3:TrackPointExtension>
            <ns3:hr>131</ns3:hr>
            <ns3:cad>89</ns3:cad>
          </ns3:TrackPointExtension>
        </extensions>
      </trkpt>
      <trkpt lat="24.48552064597606658935546875" lon="118.1401647068560123443603515625">
        <ele>44.59999847412109375</ele>
        <time>2025-06-10T22:46:43.000Z</time>
        <extensions>
          <ns3:TrackPointExtension>
            <ns3:hr>131</ns3:hr>
            <ns3:cad>89</ns3:cad>
          </ns3:TrackPointExtension>
        </extensions>
      </trkpt>
      <trkpt lat="24.4855436123907566070556640625" lon="118.14017786644399166107177734375">
        <ele>44.59999847412109375</ele>
        <time>2025-06-10T22:46:44.000Z</time>
        <extensions>
          <ns3:TrackPointExtension>
            <ns3:hr>131</ns3:hr>
            <ns3:cad>89</ns3:cad>
          </ns3:TrackPointExtension>
        </extensions>
      </trkpt>
      <trkpt lat="24.48556951247155666351318359375" lon="118.14019127748906612396240234375">
        <ele>44.59999847412109375</ele>
        <time>2025-06-10T22:46:45.000Z</time>
        <extensions>
          <ns3:TrackPointExtension>
            <ns3:hr>131</ns3:hr>
            <ns3:cad>89</ns3:cad>
          </ns3:TrackPointExtension>
        </extensions>
      </trkpt>
      <trkpt lat="24.48559264652431011199951171875" lon="118.14020083285868167877197265625">
        <ele>44.40000152587890625</ele>
        <time>2025-06-10T22:46:46.000Z</time>
        <extensions>
          <ns3:TrackPointExtension>
            <ns3:hr>132</ns3:hr>
            <ns3:cad>89</ns3:cad>
          </ns3:TrackPointExtension>
        </extensions>
      </trkpt>
      <trkpt lat="24.48562097735702991485595703125" lon="118.1402156688272953033447265625">
        <ele>44.40000152587890625</ele>
        <time>2025-06-10T22:46:47.000Z</time>
        <extensions>
          <ns3:TrackPointExtension>
            <ns3:hr>131</ns3:hr>
            <ns3:cad>89</ns3:cad>
          </ns3:TrackPointExtension>
        </extensions>
      </trkpt>
      <trkpt lat="24.485641010105609893798828125" lon="118.14022078178822994232177734375">
        <ele>44.40000152587890625</ele>
        <time>2025-06-10T22:46:48.000Z</time>
        <extensions>
          <ns3:TrackPointExtension>
            <ns3:hr>132</ns3:hr>
            <ns3:cad>89</ns3:cad>
          </ns3:TrackPointExtension>
        </extensions>
      </trkpt>
      <trkpt lat="24.48566305451095104217529296875" lon="118.14023301936686038970947265625">
        <ele>44.40000152587890625</ele>
        <time>2025-06-10T22:46:49.000Z</time>
        <extensions>
          <ns3:TrackPointExtension>
            <ns3:hr>132</ns3:hr>
            <ns3:cad>89</ns3:cad>
          </ns3:TrackPointExtension>
        </extensions>
      </trkpt>
      <trkpt lat="24.4856820814311504364013671875" lon="118.1402461789548397064208984375">
        <ele>44.40000152587890625</ele>
        <time>2025-06-10T22:46:50.000Z</time>
        <extensions>
          <ns3:TrackPointExtension>
            <ns3:hr>132</ns3:hr>
            <ns3:cad>89</ns3:cad>
          </ns3:TrackPointExtension>
        </extensions>
      </trkpt>
      <trkpt lat="24.48570194654166698455810546875" lon="118.14025397412478923797607421875">
        <ele>44.200000762939453125</ele>
        <time>2025-06-10T22:46:51.000Z</time>
        <extensions>
          <ns3:TrackPointExtension>
            <ns3:hr>132</ns3:hr>
            <ns3:cad>89</ns3:cad>
          </ns3:TrackPointExtension>
        </extensions>
      </trkpt>
      <trkpt lat="24.485722146928310394287109375" lon="118.1402711570262908935546875">
        <ele>44.200000762939453125</ele>
        <time>2025-06-10T22:46:52.000Z</time>
        <extensions>
          <ns3:TrackPointExtension>
            <ns3:hr>131</ns3:hr>
            <ns3:cad>89</ns3:cad>
          </ns3:TrackPointExtension>
        </extensions>
      </trkpt>
      <trkpt lat="24.4857420958578586578369140625" lon="118.1402746774256229400634765625">
        <ele>44</ele>
        <time>2025-06-10T22:46:53.000Z</time>
        <extensions>
          <ns3:TrackPointExtension>
            <ns3:hr>132</ns3:hr>
            <ns3:cad>88</ns3:cad>
          </ns3:TrackPointExtension>
        </extensions>
      </trkpt>
      <trkpt lat="24.4857640564441680908203125" lon="118.140292949974536895751953125">
        <ele>43.799999237060546875</ele>
        <time>2025-06-10T22:46:54.000Z</time>
        <extensions>
          <ns3:TrackPointExtension>
            <ns3:hr>132</ns3:hr>
            <ns3:cad>87</ns3:cad>
          </ns3:TrackPointExtension>
        </extensions>
      </trkpt>
      <trkpt lat="24.4857809878885746002197265625" lon="118.14029395580291748046875">
        <ele>43.799999237060546875</ele>
        <time>2025-06-10T22:46:55.000Z</time>
        <extensions>
          <ns3:TrackPointExtension>
            <ns3:hr>132</ns3:hr>
            <ns3:cad>87</ns3:cad>
          </ns3:TrackPointExtension>
        </extensions>
      </trkpt>
      <trkpt lat="24.4858078099787235260009765625" lon="118.1403058581054210662841796875">
        <ele>43.59999847412109375</ele>
        <time>2025-06-10T22:46:56.000Z</time>
        <extensions>
          <ns3:TrackPointExtension>
            <ns3:hr>133</ns3:hr>
            <ns3:cad>87</ns3:cad>
          </ns3:TrackPointExtension>
        </extensions>
      </trkpt>
      <trkpt lat="24.48582599870860576629638671875" lon="118.1403165869414806365966796875">
        <ele>43.40000152587890625</ele>
        <time>2025-06-10T22:46:57.000Z</time>
        <extensions>
          <ns3:TrackPointExtension>
            <ns3:hr>133</ns3:hr>
            <ns3:cad>87</ns3:cad>
          </ns3:TrackPointExtension>
        </extensions>
      </trkpt>
      <trkpt lat="24.48584879748523235321044921875" lon="118.1403313390910625457763671875">
        <ele>43.200000762939453125</ele>
        <time>2025-06-10T22:46:58.000Z</time>
        <extensions>
          <ns3:TrackPointExtension>
            <ns3:hr>133</ns3:hr>
            <ns3:cad>87</ns3:cad>
          </ns3:TrackPointExtension>
        </extensions>
      </trkpt>
      <trkpt lat="24.48586799204349517822265625" lon="118.14035137183964252471923828125">
        <ele>43</ele>
        <time>2025-06-10T22:46:59.000Z</time>
        <extensions>
          <ns3:TrackPointExtension>
            <ns3:hr>132</ns3:hr>
            <ns3:cad>87</ns3:cad>
          </ns3:TrackPointExtension>
        </extensions>
      </trkpt>
      <trkpt lat="24.4858879409730434417724609375" lon="118.14036126248538494110107421875">
        <ele>42.799999237060546875</ele>
        <time>2025-06-10T22:47:00.000Z</time>
        <extensions>
          <ns3:TrackPointExtension>
            <ns3:hr>133</ns3:hr>
            <ns3:cad>87</ns3:cad>
          </ns3:TrackPointExtension>
        </extensions>
      </trkpt>
      <trkpt lat="24.48591417632997035980224609375" lon="118.140380792319774627685546875">
        <ele>42.59999847412109375</ele>
        <time>2025-06-10T22:47:01.000Z</time>
        <extensions>
          <ns3:TrackPointExtension>
            <ns3:hr>133</ns3:hr>
            <ns3:cad>86</ns3:cad>
          </ns3:TrackPointExtension>
        </extensions>
      </trkpt>
      <trkpt lat="24.48593311943113803863525390625" lon="118.14038137905299663543701171875">
        <ele>42.40000152587890625</ele>
        <time>2025-06-10T22:47:02.000Z</time>
        <extensions>
          <ns3:TrackPointExtension>
            <ns3:hr>132</ns3:hr>
            <ns3:cad>86</ns3:cad>
          </ns3:TrackPointExtension>
        </extensions>
      </trkpt>
      <trkpt lat="24.48596463538706302642822265625" lon="118.14039344899356365203857421875">
        <ele>42.200000762939453125</ele>
        <time>2025-06-10T22:47:03.000Z</time>
        <extensions>
          <ns3:TrackPointExtension>
            <ns3:hr>131</ns3:hr>
            <ns3:cad>86</ns3:cad>
          </ns3:TrackPointExtension>
        </extensions>
      </trkpt>
      <trkpt lat="24.48598659597337245941162109375" lon="118.140394203364849090576171875">
        <ele>41.799999237060546875</ele>
        <time>2025-06-10T22:47:04.000Z</time>
        <extensions>
          <ns3:TrackPointExtension>
            <ns3:hr>130</ns3:hr>
            <ns3:cad>86</ns3:cad>
          </ns3:TrackPointExtension>
        </extensions>
      </trkpt>
      <trkpt lat="24.48600880801677703857421875" lon="118.14038590528070926666259765625">
        <ele>41.59999847412109375</ele>
        <time>2025-06-10T22:47:05.000Z</time>
        <extensions>
          <ns3:TrackPointExtension>
            <ns3:hr>130</ns3:hr>
            <ns3:cad>86</ns3:cad>
          </ns3:TrackPointExtension>
        </extensions>
      </trkpt>
      <trkpt lat="24.48603093624114990234375" lon="118.14037869684398174285888671875">
        <ele>41.40000152587890625</ele>
        <time>2025-06-10T22:47:06.000Z</time>
        <extensions>
          <ns3:TrackPointExtension>
            <ns3:hr>130</ns3:hr>
            <ns3:cad>87</ns3:cad>
          </ns3:TrackPointExtension>
        </extensions>
      </trkpt>
      <trkpt lat="24.48604493401944637298583984375" lon="118.14035003073513507843017578125">
        <ele>41.200000762939453125</ele>
        <time>2025-06-10T22:47:07.000Z</time>
        <extensions>
          <ns3:TrackPointExtension>
            <ns3:hr>130</ns3:hr>
            <ns3:cad>87</ns3:cad>
          </ns3:TrackPointExtension>
        </extensions>
      </trkpt>
      <trkpt lat="24.4860590994358062744140625" lon="118.14032237045466899871826171875">
        <ele>41</ele>
        <time>2025-06-10T22:47:08.000Z</time>
        <extensions>
          <ns3:TrackPointExtension>
            <ns3:hr>130</ns3:hr>
            <ns3:cad>87</ns3:cad>
          </ns3:TrackPointExtension>
        </extensions>
      </trkpt>
      <trkpt lat="24.48606840334832668304443359375" lon="118.1402924470603466033935546875">
        <ele>41</ele>
        <time>2025-06-10T22:47:09.000Z</time>
        <extensions>
          <ns3:TrackPointExtension>
            <ns3:hr>130</ns3:hr>
            <ns3:cad>87</ns3:cad>
          </ns3:TrackPointExtension>
        </extensions>
      </trkpt>
      <trkpt lat="24.48607728816568851470947265625" lon="118.14026403240859508514404296875">
        <ele>41</ele>
        <time>2025-06-10T22:47:10.000Z</time>
        <extensions>
          <ns3:TrackPointExtension>
            <ns3:hr>129</ns3:hr>
            <ns3:cad>87</ns3:cad>
          </ns3:TrackPointExtension>
        </extensions>
      </trkpt>
      <trkpt lat="24.48607318103313446044921875" lon="118.14023855142295360565185546875">
        <ele>40.799999237060546875</ele>
        <time>2025-06-10T22:47:11.000Z</time>
        <extensions>
          <ns3:TrackPointExtension>
            <ns3:hr>129</ns3:hr>
            <ns3:cad>87</ns3:cad>
          </ns3:TrackPointExtension>
        </extensions>
      </trkpt>
      <trkpt lat="24.4860750250518321990966796875" lon="118.14020619727671146392822265625">
        <ele>40.799999237060546875</ele>
        <time>2025-06-10T22:47:12.000Z</time>
        <extensions>
          <ns3:TrackPointExtension>
            <ns3:hr>129</ns3:hr>
            <ns3:cad>87</ns3:cad>
          </ns3:TrackPointExtension>
        </extensions>
      </trkpt>
      <trkpt lat="24.4860743544995784759521484375" lon="118.140186332166194915771484375">
        <ele>40.59999847412109375</ele>
        <time>2025-06-10T22:47:13.000Z</time>
        <extensions>
          <ns3:TrackPointExtension>
            <ns3:hr>129</ns3:hr>
            <ns3:cad>87</ns3:cad>
          </ns3:TrackPointExtension>
        </extensions>
      </trkpt>
      <trkpt lat="24.48608567006886005401611328125" lon="118.1401509605348110198974609375">
        <ele>40.40000152587890625</ele>
        <time>2025-06-10T22:47:14.000Z</time>
        <extensions>
          <ns3:TrackPointExtension>
            <ns3:hr>129</ns3:hr>
            <ns3:cad>87</ns3:cad>
          </ns3:TrackPointExtension>
        </extensions>
      </trkpt>
      <trkpt lat="24.4860921241343021392822265625" lon="118.14013344235718250274658203125">
        <ele>40.40000152587890625</ele>
        <time>2025-06-10T22:47:15.000Z</time>
        <extensions>
          <ns3:TrackPointExtension>
            <ns3:hr>130</ns3:hr>
            <ns3:cad>88</ns3:cad>
          </ns3:TrackPointExtension>
        </extensions>
      </trkpt>
      <trkpt lat="24.4861145876348018646240234375" lon="118.14010997302830219268798828125">
        <ele>40.40000152587890625</ele>
        <time>2025-06-10T22:47:16.000Z</time>
        <extensions>
          <ns3:TrackPointExtension>
            <ns3:hr>129</ns3:hr>
            <ns3:cad>88</ns3:cad>
          </ns3:TrackPointExtension>
        </extensions>
      </trkpt>
      <trkpt lat="24.4861357100307941436767578125" lon="118.1400999985635280609130859375">
        <ele>40.200000762939453125</ele>
        <time>2025-06-10T22:47:17.000Z</time>
        <extensions>
          <ns3:TrackPointExtension>
            <ns3:hr>129</ns3:hr>
            <ns3:cad>87</ns3:cad>
          </ns3:TrackPointExtension>
        </extensions>
      </trkpt>
      <trkpt lat="24.486160688102245330810546875" lon="118.1400872580707073211669921875">
        <ele>40.200000762939453125</ele>
        <time>2025-06-10T22:47:18.000Z</time>
        <extensions>
          <ns3:TrackPointExtension>
            <ns3:hr>129</ns3:hr>
            <ns3:cad>87</ns3:cad>
          </ns3:TrackPointExtension>
        </extensions>
      </trkpt>
      <trkpt lat="24.48618591763079166412353515625" lon="118.14008113928139209747314453125">
        <ele>40.200000762939453125</ele>
        <time>2025-06-10T22:47:19.000Z</time>
        <extensions>
          <ns3:TrackPointExtension>
            <ns3:hr>130</ns3:hr>
            <ns3:cad>87</ns3:cad>
          </ns3:TrackPointExtension>
        </extensions>
      </trkpt>
      <trkpt lat="24.486204944550991058349609375" lon="118.14006772823631763458251953125">
        <ele>40.200000762939453125</ele>
        <time>2025-06-10T22:47:20.000Z</time>
        <extensions>
          <ns3:TrackPointExtension>
            <ns3:hr>129</ns3:hr>
            <ns3:cad>87</ns3:cad>
          </ns3:TrackPointExtension>
        </extensions>
      </trkpt>
      <trkpt lat="24.4862326048314571380615234375" lon="118.14006320200860500335693359375">
        <ele>40.200000762939453125</ele>
        <time>2025-06-10T22:47:21.000Z</time>
        <extensions>
          <ns3:TrackPointExtension>
            <ns3:hr>130</ns3:hr>
            <ns3:cad>87</ns3:cad>
          </ns3:TrackPointExtension>
        </extensions>
      </trkpt>
      <trkpt lat="24.48625481687486171722412109375" lon="118.1400527246296405792236328125">
        <ele>40</ele>
        <time>2025-06-10T22:47:22.000Z</time>
        <extensions>
          <ns3:TrackPointExtension>
            <ns3:hr>130</ns3:hr>
            <ns3:cad>87</ns3:cad>
          </ns3:TrackPointExtension>
        </extensions>
      </trkpt>
      <trkpt lat="24.486284069716930389404296875" lon="118.140040151774883270263671875">
        <ele>39.799999237060546875</ele>
        <time>2025-06-10T22:47:23.000Z</time>
        <extensions>
          <ns3:TrackPointExtension>
            <ns3:hr>130</ns3:hr>
            <ns3:cad>87</ns3:cad>
          </ns3:TrackPointExtension>
        </extensions>
      </trkpt>
      <trkpt lat="24.48629924096167087554931640625" lon="118.14002900384366512298583984375">
        <ele>39.799999237060546875</ele>
        <time>2025-06-10T22:47:24.000Z</time>
        <extensions>
          <ns3:TrackPointExtension>
            <ns3:hr>130</ns3:hr>
            <ns3:cad>87</ns3:cad>
          </ns3:TrackPointExtension>
        </extensions>
      </trkpt>
      <trkpt lat="24.4863300025463104248046875" lon="118.140015341341495513916015625">
        <ele>39.799999237060546875</ele>
        <time>2025-06-10T22:47:25.000Z</time>
        <extensions>
          <ns3:TrackPointExtension>
            <ns3:hr>130</ns3:hr>
            <ns3:cad>87</ns3:cad>
          </ns3:TrackPointExtension>
        </extensions>
      </trkpt>
      <trkpt lat="24.4863472692668437957763671875" lon="118.1400020979344844818115234375">
        <ele>39.59999847412109375</ele>
        <time>2025-06-10T22:47:26.000Z</time>
        <extensions>
          <ns3:TrackPointExtension>
            <ns3:hr>131</ns3:hr>
            <ns3:cad>87</ns3:cad>
          </ns3:TrackPointExtension>
        </extensions>
      </trkpt>
      <trkpt lat="24.486377947032451629638671875" lon="118.139990530908107757568359375">
        <ele>39.59999847412109375</ele>
        <time>2025-06-10T22:47:27.000Z</time>
        <extensions>
          <ns3:TrackPointExtension>
            <ns3:hr>131</ns3:hr>
            <ns3:cad>87</ns3:cad>
          </ns3:TrackPointExtension>
        </extensions>
      </trkpt>
      <trkpt lat="24.4864051043987274169921875" lon="118.1399868428707122802734375">
        <ele>39.59999847412109375</ele>
        <time>2025-06-10T22:47:28.000Z</time>
        <extensions>
          <ns3:TrackPointExtension>
            <ns3:hr>131</ns3:hr>
            <ns3:cad>87</ns3:cad>
          </ns3:TrackPointExtension>
        </extensions>
      </trkpt>
      <trkpt lat="24.48643418960273265838623046875" lon="118.13999078236520290374755859375">
        <ele>39.40000152587890625</ele>
        <time>2025-06-10T22:47:29.000Z</time>
        <extensions>
          <ns3:TrackPointExtension>
            <ns3:hr>132</ns3:hr>
            <ns3:cad>87</ns3:cad>
          </ns3:TrackPointExtension>
        </extensions>
      </trkpt>
      <trkpt lat="24.48646000586450099945068359375" lon="118.139995895326137542724609375">
        <ele>39.200000762939453125</ele>
        <time>2025-06-10T22:47:30.000Z</time>
        <extensions>
          <ns3:TrackPointExtension>
            <ns3:hr>132</ns3:hr>
            <ns3:cad>88</ns3:cad>
          </ns3:TrackPointExtension>
        </extensions>
      </trkpt>
      <trkpt lat="24.48648464865982532501220703125" lon="118.1400010921061038970947265625">
        <ele>39</ele>
        <time>2025-06-10T22:47:31.000Z</time>
        <extensions>
          <ns3:TrackPointExtension>
            <ns3:hr>132</ns3:hr>
            <ns3:cad>88</ns3:cad>
          </ns3:TrackPointExtension>
        </extensions>
      </trkpt>
      <trkpt lat="24.48651096783578395843505859375" lon="118.14000871963798999786376953125">
        <ele>39</ele>
        <time>2025-06-10T22:47:32.000Z</time>
        <extensions>
          <ns3:TrackPointExtension>
            <ns3:hr>132</ns3:hr>
            <ns3:cad>88</ns3:cad>
          </ns3:TrackPointExtension>
        </extensions>
      </trkpt>
      <trkpt lat="24.486536197364330291748046875" lon="118.1400138325989246368408203125">
        <ele>38.799999237060546875</ele>
        <time>2025-06-10T22:47:33.000Z</time>
        <extensions>
          <ns3:TrackPointExtension>
            <ns3:hr>132</ns3:hr>
            <ns3:cad>88</ns3:cad>
          </ns3:TrackPointExtension>
        </extensions>
      </trkpt>
      <trkpt lat="24.4865608401596546173095703125" lon="118.14002447761595249176025390625">
        <ele>38.799999237060546875</ele>
        <time>2025-06-10T22:47:34.000Z</time>
        <extensions>
          <ns3:TrackPointExtension>
            <ns3:hr>133</ns3:hr>
            <ns3:cad>88</ns3:cad>
          </ns3:TrackPointExtension>
        </extensions>
      </trkpt>
      <trkpt lat="24.48658456094563007354736328125" lon="118.1400295905768871307373046875">
        <ele>38.799999237060546875</ele>
        <time>2025-06-10T22:47:35.000Z</time>
        <extensions>
          <ns3:TrackPointExtension>
            <ns3:hr>132</ns3:hr>
            <ns3:cad>88</ns3:cad>
          </ns3:TrackPointExtension>
        </extensions>
      </trkpt>
      <trkpt lat="24.48660870082676410675048828125" lon="118.14003671519458293914794921875">
        <ele>38.799999237060546875</ele>
        <time>2025-06-10T22:47:36.000Z</time>
        <extensions>
          <ns3:TrackPointExtension>
            <ns3:hr>133</ns3:hr>
            <ns3:cad>88</ns3:cad>
          </ns3:TrackPointExtension>
        </extensions>
      </trkpt>
      <trkpt lat="24.48663317598402500152587890625" lon="118.1400423310697078704833984375">
        <ele>38.799999237060546875</ele>
        <time>2025-06-10T22:47:37.000Z</time>
        <extensions>
          <ns3:TrackPointExtension>
            <ns3:hr>133</ns3:hr>
            <ns3:cad>88</ns3:cad>
          </ns3:TrackPointExtension>
        </extensions>
      </trkpt>
      <trkpt lat="24.486655890941619873046875" lon="118.14004761166870594024658203125">
        <ele>38.59999847412109375</ele>
        <time>2025-06-10T22:47:38.000Z</time>
        <extensions>
          <ns3:TrackPointExtension>
            <ns3:hr>133</ns3:hr>
            <ns3:cad>88</ns3:cad>
          </ns3:TrackPointExtension>
        </extensions>
      </trkpt>
      <trkpt lat="24.48667860589921474456787109375" lon="118.14004962332546710968017578125">
        <ele>38.59999847412109375</ele>
        <time>2025-06-10T22:47:39.000Z</time>
        <extensions>
          <ns3:TrackPointExtension>
            <ns3:hr>133</ns3:hr>
            <ns3:cad>89</ns3:cad>
          </ns3:TrackPointExtension>
        </extensions>
      </trkpt>
      <trkpt lat="24.4867013208568096160888671875" lon="118.1400614418089389801025390625">
        <ele>38.59999847412109375</ele>
        <time>2025-06-10T22:47:40.000Z</time>
        <extensions>
          <ns3:TrackPointExtension>
            <ns3:hr>134</ns3:hr>
            <ns3:cad>89</ns3:cad>
          </ns3:TrackPointExtension>
        </extensions>
      </trkpt>
      <trkpt lat="24.48672235943377017974853515625" lon="118.14006135798990726470947265625">
        <ele>38.59999847412109375</ele>
        <time>2025-06-10T22:47:41.000Z</time>
        <extensions>
          <ns3:TrackPointExtension>
            <ns3:hr>134</ns3:hr>
            <ns3:cad>89</ns3:cad>
          </ns3:TrackPointExtension>
        </extensions>
      </trkpt>
      <trkpt lat="24.486746750771999359130859375" lon="118.14006806351244449615478515625">
        <ele>38.59999847412109375</ele>
        <time>2025-06-10T22:47:42.000Z</time>
        <extensions>
          <ns3:TrackPointExtension>
            <ns3:hr>134</ns3:hr>
            <ns3:cad>88</ns3:cad>
          </ns3:TrackPointExtension>
        </extensions>
      </trkpt>
      <trkpt lat="24.4867673702538013458251953125" lon="118.14007007516920566558837890625">
        <ele>38.59999847412109375</ele>
        <time>2025-06-10T22:47:43.000Z</time>
        <extensions>
          <ns3:TrackPointExtension>
            <ns3:hr>134</ns3:hr>
            <ns3:cad>88</ns3:cad>
          </ns3:TrackPointExtension>
        </extensions>
      </trkpt>
      <trkpt lat="24.486788325011730194091796875" lon="118.14008097164332866668701171875">
        <ele>38.40000152587890625</ele>
        <time>2025-06-10T22:47:44.000Z</time>
        <extensions>
          <ns3:TrackPointExtension>
            <ns3:hr>134</ns3:hr>
            <ns3:cad>88</ns3:cad>
          </ns3:TrackPointExtension>
        </extensions>
      </trkpt>
      <trkpt lat="24.48680953122675418853759765625" lon="118.1400865875184535980224609375">
        <ele>38.40000152587890625</ele>
        <time>2025-06-10T22:47:45.000Z</time>
        <extensions>
          <ns3:TrackPointExtension>
            <ns3:hr>133</ns3:hr>
            <ns3:cad>88</ns3:cad>
          </ns3:TrackPointExtension>
        </extensions>
      </trkpt>
      <trkpt lat="24.48683668859302997589111328125" lon="118.14009538851678371429443359375">
        <ele>38.40000152587890625</ele>
        <time>2025-06-10T22:47:46.000Z</time>
        <extensions>
          <ns3:TrackPointExtension>
            <ns3:hr>134</ns3:hr>
            <ns3:cad>88</ns3:cad>
          </ns3:TrackPointExtension>
        </extensions>
      </trkpt>
      <trkpt lat="24.48685697279870510101318359375" lon="118.14010025002062320709228515625">
        <ele>38.40000152587890625</ele>
        <time>2025-06-10T22:47:47.000Z</time>
        <extensions>
          <ns3:TrackPointExtension>
            <ns3:hr>134</ns3:hr>
            <ns3:cad>88</ns3:cad>
          </ns3:TrackPointExtension>
        </extensions>
      </trkpt>
      <trkpt lat="24.486882872879505157470703125" lon="118.14011089503765106201171875">
        <ele>38.40000152587890625</ele>
        <time>2025-06-10T22:47:48.000Z</time>
        <extensions>
          <ns3:TrackPointExtension>
            <ns3:hr>134</ns3:hr>
            <ns3:cad>88</ns3:cad>
          </ns3:TrackPointExtension>
        </extensions>
      </trkpt>
      <trkpt lat="24.4869004748761653900146484375" lon="118.1401167623698711395263671875">
        <ele>38.200000762939453125</ele>
        <time>2025-06-10T22:47:49.000Z</time>
        <extensions>
          <ns3:TrackPointExtension>
            <ns3:hr>134</ns3:hr>
            <ns3:cad>88</ns3:cad>
          </ns3:TrackPointExtension>
        </extensions>
      </trkpt>
      <trkpt lat="24.486929811537265777587890625" lon="118.14012707211077213287353515625">
        <ele>38.200000762939453125</ele>
        <time>2025-06-10T22:47:50.000Z</time>
        <extensions>
          <ns3:TrackPointExtension>
            <ns3:hr>134</ns3:hr>
            <ns3:cad>88</ns3:cad>
          </ns3:TrackPointExtension>
        </extensions>
      </trkpt>
      <trkpt lat="24.4869537837803363800048828125" lon="118.14012573100626468658447265625">
        <ele>38.200000762939453125</ele>
        <time>2025-06-10T22:47:51.000Z</time>
        <extensions>
          <ns3:TrackPointExtension>
            <ns3:hr>134</ns3:hr>
            <ns3:cad>88</ns3:cad>
          </ns3:TrackPointExtension>
        </extensions>
      </trkpt>
      <trkpt lat="24.4869849644601345062255859375" lon="118.14013495109975337982177734375">
        <ele>38.200000762939453125</ele>
        <time>2025-06-10T22:47:52.000Z</time>
        <extensions>
          <ns3:TrackPointExtension>
            <ns3:hr>134</ns3:hr>
            <ns3:cad>88</ns3:cad>
          </ns3:TrackPointExtension>
        </extensions>
      </trkpt>
      <trkpt lat="24.48700181208550930023193359375" lon="118.14013746567070484161376953125">
        <ele>38.200000762939453125</ele>
        <time>2025-06-10T22:47:53.000Z</time>
        <extensions>
          <ns3:TrackPointExtension>
            <ns3:hr>134</ns3:hr>
            <ns3:cad>89</ns3:cad>
          </ns3:TrackPointExtension>
        </extensions>
      </trkpt>
      <trkpt lat="24.48702729307115077972412109375" lon="118.14014651812613010406494140625">
        <ele>38.200000762939453125</ele>
        <time>2025-06-10T22:47:54.000Z</time>
        <extensions>
          <ns3:TrackPointExtension>
            <ns3:hr>134</ns3:hr>
            <ns3:cad>89</ns3:cad>
          </ns3:TrackPointExtension>
        </extensions>
      </trkpt>
      <trkpt lat="24.48703919537365436553955078125" lon="118.14014551229774951934814453125">
        <ele>38.200000762939453125</ele>
        <time>2025-06-10T22:47:55.000Z</time>
        <extensions>
          <ns3:TrackPointExtension>
            <ns3:hr>134</ns3:hr>
            <ns3:cad>89</ns3:cad>
          </ns3:TrackPointExtension>
        </extensions>
      </trkpt>
      <trkpt lat="24.48706249706447124481201171875" lon="118.140153475105762481689453125">
        <ele>38</ele>
        <time>2025-06-10T22:47:56.000Z</time>
        <extensions>
          <ns3:TrackPointExtension>
            <ns3:hr>134</ns3:hr>
            <ns3:cad>89</ns3:cad>
          </ns3:TrackPointExtension>
        </extensions>
      </trkpt>
      <trkpt lat="24.4870788417756557464599609375" lon="118.14015976153314113616943359375">
        <ele>38</ele>
        <time>2025-06-10T22:47:57.000Z</time>
        <extensions>
          <ns3:TrackPointExtension>
            <ns3:hr>134</ns3:hr>
            <ns3:cad>89</ns3:cad>
          </ns3:TrackPointExtension>
        </extensions>
      </trkpt>
      <trkpt lat="24.48709904216229915618896484375" lon="118.140170909464359283447265625">
        <ele>38</ele>
        <time>2025-06-10T22:47:58.000Z</time>
        <extensions>
          <ns3:TrackPointExtension>
            <ns3:hr>134</ns3:hr>
            <ns3:cad>88</ns3:cad>
          </ns3:TrackPointExtension>
        </extensions>
      </trkpt>
      <trkpt lat="24.4871185719966888427734375" lon="118.1401747651398181915283203125">
        <ele>38</ele>
        <time>2025-06-10T22:47:59.000Z</time>
        <extensions>
          <ns3:TrackPointExtension>
            <ns3:hr>134</ns3:hr>
            <ns3:cad>88</ns3:cad>
          </ns3:TrackPointExtension>
        </extensions>
      </trkpt>
      <trkpt lat="24.48714531026780605316162109375" lon="118.14018406905233860015869140625">
        <ele>37.799999237060546875</ele>
        <time>2025-06-10T22:48:00.000Z</time>
        <extensions>
          <ns3:TrackPointExtension>
            <ns3:hr>134</ns3:hr>
            <ns3:cad>88</ns3:cad>
          </ns3:TrackPointExtension>
        </extensions>
      </trkpt>
      <trkpt lat="24.4871700368821620941162109375" lon="118.140192367136478424072265625">
        <ele>37.799999237060546875</ele>
        <time>2025-06-10T22:48:01.000Z</time>
        <extensions>
          <ns3:TrackPointExtension>
            <ns3:hr>133</ns3:hr>
            <ns3:cad>88</ns3:cad>
          </ns3:TrackPointExtension>
        </extensions>
      </trkpt>
      <trkpt lat="24.4871945120394229888916015625" lon="118.1402005814015865325927734375">
        <ele>37.799999237060546875</ele>
        <time>2025-06-10T22:48:02.000Z</time>
        <extensions>
          <ns3:TrackPointExtension>
            <ns3:hr>134</ns3:hr>
            <ns3:cad>88</ns3:cad>
          </ns3:TrackPointExtension>
        </extensions>
      </trkpt>
      <trkpt lat="24.48721353895962238311767578125" lon="118.14020686782896518707275390625">
        <ele>37.59999847412109375</ele>
        <time>2025-06-10T22:48:03.000Z</time>
        <extensions>
          <ns3:TrackPointExtension>
            <ns3:hr>134</ns3:hr>
            <ns3:cad>88</ns3:cad>
          </ns3:TrackPointExtension>
        </extensions>
      </trkpt>
      <trkpt lat="24.4872384332120418548583984375" lon="118.1402139924466609954833984375">
        <ele>37.59999847412109375</ele>
        <time>2025-06-10T22:48:04.000Z</time>
        <extensions>
          <ns3:TrackPointExtension>
            <ns3:hr>134</ns3:hr>
            <ns3:cad>88</ns3:cad>
          </ns3:TrackPointExtension>
        </extensions>
      </trkpt>
      <trkpt lat="24.48726315982639789581298828125" lon="118.1402242183685302734375">
        <ele>37.59999847412109375</ele>
        <time>2025-06-10T22:48:05.000Z</time>
        <extensions>
          <ns3:TrackPointExtension>
            <ns3:hr>133</ns3:hr>
            <ns3:cad>89</ns3:cad>
          </ns3:TrackPointExtension>
        </extensions>
      </trkpt>
      <trkpt lat="24.48728629387915134429931640625" lon="118.14022958278656005859375">
        <ele>37.59999847412109375</ele>
        <time>2025-06-10T22:48:06.000Z</time>
        <extensions>
          <ns3:TrackPointExtension>
            <ns3:hr>134</ns3:hr>
            <ns3:cad>89</ns3:cad>
          </ns3:TrackPointExtension>
        </extensions>
      </trkpt>
      <trkpt lat="24.4873105175793170928955078125" lon="118.14023436047136783599853515625">
        <ele>37.59999847412109375</ele>
        <time>2025-06-10T22:48:07.000Z</time>
        <extensions>
          <ns3:TrackPointExtension>
            <ns3:hr>133</ns3:hr>
            <ns3:cad>89</ns3:cad>
          </ns3:TrackPointExtension>
        </extensions>
      </trkpt>
      <trkpt lat="24.4873316399753093719482421875" lon="118.14023620449006557464599609375">
        <ele>37.40000152587890625</ele>
        <time>2025-06-10T22:48:08.000Z</time>
        <extensions>
          <ns3:TrackPointExtension>
            <ns3:hr>133</ns3:hr>
            <ns3:cad>88</ns3:cad>
          </ns3:TrackPointExtension>
        </extensions>
      </trkpt>
      <trkpt lat="24.48735469020903110504150390625" lon="118.14024726860225200653076171875">
        <ele>37.40000152587890625</ele>
        <time>2025-06-10T22:48:09.000Z</time>
        <extensions>
          <ns3:TrackPointExtension>
            <ns3:hr>133</ns3:hr>
            <ns3:cad>88</ns3:cad>
          </ns3:TrackPointExtension>
        </extensions>
      </trkpt>
      <trkpt lat="24.48737530969083309173583984375" lon="118.14025179482996463775634765625">
        <ele>37.40000152587890625</ele>
        <time>2025-06-10T22:48:10.000Z</time>
        <extensions>
          <ns3:TrackPointExtension>
            <ns3:hr>133</ns3:hr>
            <ns3:cad>88</ns3:cad>
          </ns3:TrackPointExtension>
        </extensions>
      </trkpt>
      <trkpt lat="24.48740028776228427886962890625" lon="118.14026168547570705413818359375">
        <ele>37.40000152587890625</ele>
        <time>2025-06-10T22:48:11.000Z</time>
        <extensions>
          <ns3:TrackPointExtension>
            <ns3:hr>134</ns3:hr>
            <ns3:cad>89</ns3:cad>
          </ns3:TrackPointExtension>
        </extensions>
      </trkpt>
      <trkpt lat="24.48742291890084743499755859375" lon="118.14026889391243457794189453125">
        <ele>37.40000152587890625</ele>
        <time>2025-06-10T22:48:12.000Z</time>
        <extensions>
          <ns3:TrackPointExtension>
            <ns3:hr>133</ns3:hr>
            <ns3:cad>89</ns3:cad>
          </ns3:TrackPointExtension>
        </extensions>
      </trkpt>
      <trkpt lat="24.48744538240134716033935546875" lon="118.14027643762528896331787109375">
        <ele>37.200000762939453125</ele>
        <time>2025-06-10T22:48:13.000Z</time>
        <extensions>
          <ns3:TrackPointExtension>
            <ns3:hr>133</ns3:hr>
            <ns3:cad>89</ns3:cad>
          </ns3:TrackPointExtension>
        </extensions>
      </trkpt>
      <trkpt lat="24.48746952228248119354248046875" lon="118.14027928747236728668212890625">
        <ele>37.200000762939453125</ele>
        <time>2025-06-10T22:48:14.000Z</time>
        <extensions>
          <ns3:TrackPointExtension>
            <ns3:hr>133</ns3:hr>
            <ns3:cad>89</ns3:cad>
          </ns3:TrackPointExtension>
        </extensions>
      </trkpt>
      <trkpt lat="24.48749081231653690338134765625" lon="118.14028599299490451812744140625">
        <ele>37.200000762939453125</ele>
        <time>2025-06-10T22:48:15.000Z</time>
        <extensions>
          <ns3:TrackPointExtension>
            <ns3:hr>133</ns3:hr>
            <ns3:cad>89</ns3:cad>
          </ns3:TrackPointExtension>
        </extensions>
      </trkpt>
      <trkpt lat="24.48751444928348064422607421875" lon="118.14029286615550518035888671875">
        <ele>37.200000762939453125</ele>
        <time>2025-06-10T22:48:16.000Z</time>
        <extensions>
          <ns3:TrackPointExtension>
            <ns3:hr>133</ns3:hr>
            <ns3:cad>89</ns3:cad>
          </ns3:TrackPointExtension>
        </extensions>
      </trkpt>
      <trkpt lat="24.48753322474658489227294921875" lon="118.1402988173067569732666015625">
        <ele>37.200000762939453125</ele>
        <time>2025-06-10T22:48:17.000Z</time>
        <extensions>
          <ns3:TrackPointExtension>
            <ns3:hr>133</ns3:hr>
            <ns3:cad>89</ns3:cad>
          </ns3:TrackPointExtension>
        </extensions>
      </trkpt>
      <trkpt lat="24.487558118999004364013671875" lon="118.140308372676372528076171875">
        <ele>37.200000762939453125</ele>
        <time>2025-06-10T22:48:18.000Z</time>
        <extensions>
          <ns3:TrackPointExtension>
            <ns3:hr>133</ns3:hr>
            <ns3:cad>89</ns3:cad>
          </ns3:TrackPointExtension>
        </extensions>
      </trkpt>
      <trkpt lat="24.48757664300501346588134765625" lon="118.14031013287603855133056640625">
        <ele>37</ele>
        <time>2025-06-10T22:48:19.000Z</time>
        <extensions>
          <ns3:TrackPointExtension>
            <ns3:hr>133</ns3:hr>
            <ns3:cad>90</ns3:cad>
          </ns3:TrackPointExtension>
        </extensions>
      </trkpt>
      <trkpt lat="24.4875988550484180450439453125" lon="118.14031583257019519805908203125">
        <ele>37</ele>
        <time>2025-06-10T22:48:20.000Z</time>
        <extensions>
          <ns3:TrackPointExtension>
            <ns3:hr>133</ns3:hr>
            <ns3:cad>90</ns3:cad>
          </ns3:TrackPointExtension>
        </extensions>
      </trkpt>
      <trkpt lat="24.4876216538250446319580078125" lon="118.14031616784632205963134765625">
        <ele>37</ele>
        <time>2025-06-10T22:48:21.000Z</time>
        <extensions>
          <ns3:TrackPointExtension>
            <ns3:hr>134</ns3:hr>
            <ns3:cad>90</ns3:cad>
          </ns3:TrackPointExtension>
        </extensions>
      </trkpt>
      <trkpt lat="24.4876416027545928955078125" lon="118.1403185985982418060302734375">
        <ele>37</ele>
        <time>2025-06-10T22:48:22.000Z</time>
        <extensions>
          <ns3:TrackPointExtension>
            <ns3:hr>133</ns3:hr>
            <ns3:cad>90</ns3:cad>
          </ns3:TrackPointExtension>
        </extensions>
      </trkpt>
      <trkpt lat="24.48766649700701236724853515625" lon="118.1403206102550029754638671875">
        <ele>37</ele>
        <time>2025-06-10T22:48:23.000Z</time>
        <extensions>
          <ns3:TrackPointExtension>
            <ns3:hr>133</ns3:hr>
            <ns3:cad>90</ns3:cad>
          </ns3:TrackPointExtension>
        </extensions>
      </trkpt>
      <trkpt lat="24.4876960851252079010009765625" lon="118.1403246335685253143310546875">
        <ele>37</ele>
        <time>2025-06-10T22:48:24.000Z</time>
        <extensions>
          <ns3:TrackPointExtension>
            <ns3:hr>133</ns3:hr>
            <ns3:cad>90</ns3:cad>
          </ns3:TrackPointExtension>
        </extensions>
      </trkpt>
      <trkpt lat="24.4877195544540882110595703125" lon="118.1403336860239505767822265625">
        <ele>37</ele>
        <time>2025-06-10T22:48:25.000Z</time>
        <extensions>
          <ns3:TrackPointExtension>
            <ns3:hr>133</ns3:hr>
            <ns3:cad>91</ns3:cad>
          </ns3:TrackPointExtension>
        </extensions>
      </trkpt>
      <trkpt lat="24.4877493940293788909912109375" lon="118.14034265466034412384033203125">
        <ele>36.799999237060546875</ele>
        <time>2025-06-10T22:48:26.000Z</time>
        <extensions>
          <ns3:TrackPointExtension>
            <ns3:hr>134</ns3:hr>
            <ns3:cad>91</ns3:cad>
          </ns3:TrackPointExtension>
        </extensions>
      </trkpt>
      <trkpt lat="24.48777328245341777801513671875" lon="118.14034634269773960113525390625">
        <ele>36.799999237060546875</ele>
        <time>2025-06-10T22:48:27.000Z</time>
        <extensions>
          <ns3:TrackPointExtension>
            <ns3:hr>133</ns3:hr>
            <ns3:cad>91</ns3:cad>
          </ns3:TrackPointExtension>
        </extensions>
      </trkpt>
      <trkpt lat="24.48780362494289875030517578125" lon="118.1403541378676891326904296875">
        <ele>36.799999237060546875</ele>
        <time>2025-06-10T22:48:28.000Z</time>
        <extensions>
          <ns3:TrackPointExtension>
            <ns3:hr>133</ns3:hr>
            <ns3:cad>91</ns3:cad>
          </ns3:TrackPointExtension>
        </extensions>
      </trkpt>
      <trkpt lat="24.4878328777849674224853515625" lon="118.140362016856670379638671875">
        <ele>36.59999847412109375</ele>
        <time>2025-06-10T22:48:29.000Z</time>
        <extensions>
          <ns3:TrackPointExtension>
            <ns3:hr>134</ns3:hr>
            <ns3:cad>90</ns3:cad>
          </ns3:TrackPointExtension>
        </extensions>
      </trkpt>
      <trkpt lat="24.487862884998321533203125" lon="118.14036796800792217254638671875">
        <ele>36.59999847412109375</ele>
        <time>2025-06-10T22:48:30.000Z</time>
        <extensions>
          <ns3:TrackPointExtension>
            <ns3:hr>134</ns3:hr>
            <ns3:cad>90</ns3:cad>
          </ns3:TrackPointExtension>
        </extensions>
      </trkpt>
      <trkpt lat="24.48789062909781932830810546875" lon="118.14037802629172801971435546875">
        <ele>36.59999847412109375</ele>
        <time>2025-06-10T22:48:31.000Z</time>
        <extensions>
          <ns3:TrackPointExtension>
            <ns3:hr>134</ns3:hr>
            <ns3:cad>89</ns3:cad>
          </ns3:TrackPointExtension>
        </extensions>
      </trkpt>
      <trkpt lat="24.48791854083538055419921875" lon="118.1403896771371364593505859375">
        <ele>36.59999847412109375</ele>
        <time>2025-06-10T22:48:32.000Z</time>
        <extensions>
          <ns3:TrackPointExtension>
            <ns3:hr>134</ns3:hr>
            <ns3:cad>89</ns3:cad>
          </ns3:TrackPointExtension>
        </extensions>
      </trkpt>
      <trkpt lat="24.48794611729681491851806640625" lon="118.14040233381092548370361328125">
        <ele>36.59999847412109375</ele>
        <time>2025-06-10T22:48:33.000Z</time>
        <extensions>
          <ns3:TrackPointExtension>
            <ns3:hr>134</ns3:hr>
            <ns3:cad>89</ns3:cad>
          </ns3:TrackPointExtension>
        </extensions>
      </trkpt>
      <trkpt lat="24.4879753701388835906982421875" lon="118.14041172154247760772705078125">
        <ele>36.59999847412109375</ele>
        <time>2025-06-10T22:48:34.000Z</time>
        <extensions>
          <ns3:TrackPointExtension>
            <ns3:hr>135</ns3:hr>
            <ns3:cad>89</ns3:cad>
          </ns3:TrackPointExtension>
        </extensions>
      </trkpt>
      <trkpt lat="24.488005377352237701416015625" lon="118.14042069017887115478515625">
        <ele>36.40000152587890625</ele>
        <time>2025-06-10T22:48:35.000Z</time>
        <extensions>
          <ns3:TrackPointExtension>
            <ns3:hr>135</ns3:hr>
            <ns3:cad>89</ns3:cad>
          </ns3:TrackPointExtension>
        </extensions>
      </trkpt>
      <trkpt lat="24.488038234412670135498046875" lon="118.14042580313980579376220703125">
        <ele>36.40000152587890625</ele>
        <time>2025-06-10T22:48:36.000Z</time>
        <extensions>
          <ns3:TrackPointExtension>
            <ns3:hr>135</ns3:hr>
            <ns3:cad>89</ns3:cad>
          </ns3:TrackPointExtension>
        </extensions>
      </trkpt>
      <trkpt lat="24.48806111700832843780517578125" lon="118.14042898826301097869873046875">
        <ele>36.40000152587890625</ele>
        <time>2025-06-10T22:48:37.000Z</time>
        <extensions>
          <ns3:TrackPointExtension>
            <ns3:hr>135</ns3:hr>
            <ns3:cad>90</ns3:cad>
          </ns3:TrackPointExtension>
        </extensions>
      </trkpt>
      <trkpt lat="24.48809145949780941009521484375" lon="118.140434436500072479248046875">
        <ele>36.40000152587890625</ele>
        <time>2025-06-10T22:48:38.000Z</time>
        <extensions>
          <ns3:TrackPointExtension>
            <ns3:hr>135</ns3:hr>
            <ns3:cad>90</ns3:cad>
          </ns3:TrackPointExtension>
        </extensions>
      </trkpt>
      <trkpt lat="24.4881141744554042816162109375" lon="118.14043653197586536407470703125">
        <ele>36.40000152587890625</ele>
        <time>2025-06-10T22:48:39.000Z</time>
        <extensions>
          <ns3:TrackPointExtension>
            <ns3:hr>136</ns3:hr>
            <ns3:cad>90</ns3:cad>
          </ns3:TrackPointExtension>
        </extensions>
      </trkpt>
      <trkpt lat="24.4881458580493927001953125" lon="118.140441812574863433837890625">
        <ele>36.40000152587890625</ele>
        <time>2025-06-10T22:48:40.000Z</time>
        <extensions>
          <ns3:TrackPointExtension>
            <ns3:hr>136</ns3:hr>
            <ns3:cad>90</ns3:cad>
          </ns3:TrackPointExtension>
        </extensions>
      </trkpt>
      <trkpt lat="24.48817309923470020294189453125" lon="118.140450529754161834716796875">
        <ele>36.40000152587890625</ele>
        <time>2025-06-10T22:48:41.000Z</time>
        <extensions>
          <ns3:TrackPointExtension>
            <ns3:hr>136</ns3:hr>
            <ns3:cad>90</ns3:cad>
          </ns3:TrackPointExtension>
        </extensions>
      </trkpt>
      <trkpt lat="24.488203525543212890625" lon="118.140457905828952789306640625">
        <ele>36.40000152587890625</ele>
        <time>2025-06-10T22:48:42.000Z</time>
        <extensions>
          <ns3:TrackPointExtension>
            <ns3:hr>136</ns3:hr>
            <ns3:cad>90</ns3:cad>
          </ns3:TrackPointExtension>
        </extensions>
      </trkpt>
      <trkpt lat="24.4882285036146640777587890625" lon="118.1404657848179340362548828125">
        <ele>36.40000152587890625</ele>
        <time>2025-06-10T22:48:43.000Z</time>
        <extensions>
          <ns3:TrackPointExtension>
            <ns3:hr>137</ns3:hr>
            <ns3:cad>90</ns3:cad>
          </ns3:TrackPointExtension>
        </extensions>
      </trkpt>
      <trkpt lat="24.48825540952384471893310546875" lon="118.14047693274915218353271484375">
        <ele>36.40000152587890625</ele>
        <time>2025-06-10T22:48:44.000Z</time>
        <extensions>
          <ns3:TrackPointExtension>
            <ns3:hr>137</ns3:hr>
            <ns3:cad>90</ns3:cad>
          </ns3:TrackPointExtension>
        </extensions>
      </trkpt>
      <trkpt lat="24.48827904649078845977783203125" lon="118.14047894440591335296630859375">
        <ele>36.40000152587890625</ele>
        <time>2025-06-10T22:48:45.000Z</time>
        <extensions>
          <ns3:TrackPointExtension>
            <ns3:hr>137</ns3:hr>
            <ns3:cad>90</ns3:cad>
          </ns3:TrackPointExtension>
        </extensions>
      </trkpt>
      <trkpt lat="24.4883069582283496856689453125" lon="118.1404838897287845611572265625">
        <ele>36.200000762939453125</ele>
        <time>2025-06-10T22:48:46.000Z</time>
        <extensions>
          <ns3:TrackPointExtension>
            <ns3:hr>138</ns3:hr>
            <ns3:cad>90</ns3:cad>
          </ns3:TrackPointExtension>
        </extensions>
      </trkpt>
      <trkpt lat="24.488323889672756195068359375" lon="118.1404818780720233917236328125">
        <ele>36.200000762939453125</ele>
        <time>2025-06-10T22:48:47.000Z</time>
        <extensions>
          <ns3:TrackPointExtension>
            <ns3:hr>139</ns3:hr>
            <ns3:cad>90</ns3:cad>
          </ns3:TrackPointExtension>
        </extensions>
      </trkpt>
      <trkpt lat="24.4883549027144908905029296875" lon="118.14048640429973602294921875">
        <ele>36.200000762939453125</ele>
        <time>2025-06-10T22:48:48.000Z</time>
        <extensions>
          <ns3:TrackPointExtension>
            <ns3:hr>139</ns3:hr>
            <ns3:cad>90</ns3:cad>
          </ns3:TrackPointExtension>
        </extensions>
      </trkpt>
      <trkpt lat="24.48837912641465663909912109375" lon="118.14049067907035350799560546875">
        <ele>36.200000762939453125</ele>
        <time>2025-06-10T22:48:49.000Z</time>
        <extensions>
          <ns3:TrackPointExtension>
            <ns3:hr>139</ns3:hr>
            <ns3:cad>90</ns3:cad>
          </ns3:TrackPointExtension>
        </extensions>
      </trkpt>
      <trkpt lat="24.48841030709445476531982421875" lon="118.14049470238387584686279296875">
        <ele>36.200000762939453125</ele>
        <time>2025-06-10T22:48:50.000Z</time>
        <extensions>
          <ns3:TrackPointExtension>
            <ns3:hr>139</ns3:hr>
            <ns3:cad>90</ns3:cad>
          </ns3:TrackPointExtension>
        </extensions>
      </trkpt>
      <trkpt lat="24.48843277059495449066162109375" lon="118.1404993124306201934814453125">
        <ele>36</ele>
        <time>2025-06-10T22:48:51.000Z</time>
        <extensions>
          <ns3:TrackPointExtension>
            <ns3:hr>139</ns3:hr>
            <ns3:cad>90</ns3:cad>
          </ns3:TrackPointExtension>
        </extensions>
      </trkpt>
      <trkpt lat="24.48845489881932735443115234375" lon="118.14050383865833282470703125">
        <ele>36</ele>
        <time>2025-06-10T22:48:52.000Z</time>
        <extensions>
          <ns3:TrackPointExtension>
            <ns3:hr>139</ns3:hr>
            <ns3:cad>90</ns3:cad>
          </ns3:TrackPointExtension>
        </extensions>
      </trkpt>
      <trkpt lat="24.48847451247274875640869140625" lon="118.14051666297018527984619140625">
        <ele>36</ele>
        <time>2025-06-10T22:48:53.000Z</time>
        <extensions>
          <ns3:TrackPointExtension>
            <ns3:hr>139</ns3:hr>
            <ns3:cad>89</ns3:cad>
          </ns3:TrackPointExtension>
        </extensions>
      </trkpt>
      <trkpt lat="24.4884890131652355194091796875" lon="118.14051750116050243377685546875">
        <ele>36</ele>
        <time>2025-06-10T22:48:54.000Z</time>
        <extensions>
          <ns3:TrackPointExtension>
            <ns3:hr>139</ns3:hr>
            <ns3:cad>89</ns3:cad>
          </ns3:TrackPointExtension>
        </extensions>
      </trkpt>
      <trkpt lat="24.488506279885768890380859375" lon="118.14052906818687915802001953125">
        <ele>36</ele>
        <time>2025-06-10T22:48:55.000Z</time>
        <extensions>
          <ns3:TrackPointExtension>
            <ns3:hr>139</ns3:hr>
            <ns3:cad>88</ns3:cad>
          </ns3:TrackPointExtension>
        </extensions>
      </trkpt>
      <trkpt lat="24.488517343997955322265625" lon="118.14054046757519245147705078125">
        <ele>36</ele>
        <time>2025-06-10T22:48:56.000Z</time>
        <extensions>
          <ns3:TrackPointExtension>
            <ns3:hr>139</ns3:hr>
            <ns3:cad>88</ns3:cad>
          </ns3:TrackPointExtension>
        </extensions>
      </trkpt>
      <trkpt lat="24.48852798901498317718505859375" lon="118.14055077731609344482421875">
        <ele>35.799999237060546875</ele>
        <time>2025-06-10T22:48:57.000Z</time>
        <extensions>
          <ns3:TrackPointExtension>
            <ns3:hr>139</ns3:hr>
            <ns3:cad>87</ns3:cad>
          </ns3:TrackPointExtension>
        </extensions>
      </trkpt>
      <trkpt lat="24.48855497874319553375244140625" lon="118.14062378369271755218505859375">
        <ele>36</ele>
        <time>2025-06-10T22:49:14.000Z</time>
        <extensions>
          <ns3:TrackPointExtension>
            <ns3:hr>137</ns3:hr>
            <ns3:cad>0</ns3:cad>
          </ns3:TrackPointExtension>
        </extensions>
      </trkpt>
      <trkpt lat="24.4885696470737457275390625" lon="118.14063183031976222991943359375">
        <ele>36</ele>
        <time>2025-06-10T22:49:15.000Z</time>
        <extensions>
          <ns3:TrackPointExtension>
            <ns3:hr>137</ns3:hr>
            <ns3:cad>0</ns3:cad>
          </ns3:TrackPointExtension>
        </extensions>
      </trkpt>
      <trkpt lat="24.488586746156215667724609375" lon="118.14062830992043018341064453125">
        <ele>36</ele>
        <time>2025-06-10T22:49:16.000Z</time>
        <extensions>
          <ns3:TrackPointExtension>
            <ns3:hr>137</ns3:hr>
            <ns3:cad>75</ns3:cad>
          </ns3:TrackPointExtension>
        </extensions>
      </trkpt>
      <trkpt lat="24.48861683718860149383544921875" lon="118.14063258469104766845703125">
        <ele>35.799999237060546875</ele>
        <time>2025-06-10T22:49:17.000Z</time>
        <extensions>
          <ns3:TrackPointExtension>
            <ns3:hr>137</ns3:hr>
            <ns3:cad>75</ns3:cad>
          </ns3:TrackPointExtension>
        </extensions>
      </trkpt>
      <trkpt lat="24.488635696470737457275390625" lon="118.14062847755849361419677734375">
        <ele>35.799999237060546875</ele>
        <time>2025-06-10T22:49:18.000Z</time>
        <extensions>
          <ns3:TrackPointExtension>
            <ns3:hr>137</ns3:hr>
            <ns3:cad>75</ns3:cad>
          </ns3:TrackPointExtension>
        </extensions>
      </trkpt>
      <trkpt lat="24.4886673800647258758544921875" lon="118.140626214444637298583984375">
        <ele>35.799999237060546875</ele>
        <time>2025-06-10T22:49:19.000Z</time>
        <extensions>
          <ns3:TrackPointExtension>
            <ns3:hr>137</ns3:hr>
            <ns3:cad>85</ns3:cad>
          </ns3:TrackPointExtension>
        </extensions>
      </trkpt>
      <trkpt lat="24.48868858627974987030029296875" lon="118.140617497265338897705078125">
        <ele>35.799999237060546875</ele>
        <time>2025-06-10T22:49:20.000Z</time>
        <extensions>
          <ns3:TrackPointExtension>
            <ns3:hr>137</ns3:hr>
            <ns3:cad>86</ns3:cad>
          </ns3:TrackPointExtension>
        </extensions>
      </trkpt>
      <trkpt lat="24.48871591128408908843994140625" lon="118.140608780086040496826171875">
        <ele>35.799999237060546875</ele>
        <time>2025-06-10T22:49:21.000Z</time>
        <extensions>
          <ns3:TrackPointExtension>
            <ns3:hr>136</ns3:hr>
            <ns3:cad>86</ns3:cad>
          </ns3:TrackPointExtension>
        </extensions>
      </trkpt>
      <trkpt lat="24.48873871006071567535400390625" lon="118.14060500822961330413818359375">
        <ele>35.799999237060546875</ele>
        <time>2025-06-10T22:49:22.000Z</time>
        <extensions>
          <ns3:TrackPointExtension>
            <ns3:hr>136</ns3:hr>
            <ns3:cad>86</ns3:cad>
          </ns3:TrackPointExtension>
        </extensions>
      </trkpt>
      <trkpt lat="24.48876335285604000091552734375" lon="118.14060173928737640380859375">
        <ele>35.799999237060546875</ele>
        <time>2025-06-10T22:49:23.000Z</time>
        <extensions>
          <ns3:TrackPointExtension>
            <ns3:hr>135</ns3:hr>
            <ns3:cad>87</ns3:cad>
          </ns3:TrackPointExtension>
        </extensions>
      </trkpt>
      <trkpt lat="24.48878950439393520355224609375" lon="118.14060668461024761199951171875">
        <ele>35.59999847412109375</ele>
        <time>2025-06-10T22:49:24.000Z</time>
        <extensions>
          <ns3:TrackPointExtension>
            <ns3:hr>135</ns3:hr>
            <ns3:cad>87</ns3:cad>
          </ns3:TrackPointExtension>
        </extensions>
      </trkpt>
      <trkpt lat="24.4888152368366718292236328125" lon="118.14060844480991363525390625">
        <ele>35.59999847412109375</ele>
        <time>2025-06-10T22:49:25.000Z</time>
        <extensions>
          <ns3:TrackPointExtension>
            <ns3:hr>134</ns3:hr>
            <ns3:cad>87</ns3:cad>
          </ns3:TrackPointExtension>
        </extensions>
      </trkpt>
      <trkpt lat="24.488844573497772216796875" lon="118.14061020500957965850830078125">
        <ele>35.59999847412109375</ele>
        <time>2025-06-10T22:49:26.000Z</time>
        <extensions>
          <ns3:TrackPointExtension>
            <ns3:hr>134</ns3:hr>
            <ns3:cad>88</ns3:cad>
          </ns3:TrackPointExtension>
        </extensions>
      </trkpt>
      <trkpt lat="24.4888618402183055877685546875" lon="118.14060098491609096527099609375">
        <ele>35.59999847412109375</ele>
        <time>2025-06-10T22:49:27.000Z</time>
        <extensions>
          <ns3:TrackPointExtension>
            <ns3:hr>134</ns3:hr>
            <ns3:cad>87</ns3:cad>
          </ns3:TrackPointExtension>
        </extensions>
      </trkpt>
      <trkpt lat="24.4888915121555328369140625" lon="118.14059210009872913360595703125">
        <ele>35.59999847412109375</ele>
        <time>2025-06-10T22:49:28.000Z</time>
        <extensions>
          <ns3:TrackPointExtension>
            <ns3:hr>133</ns3:hr>
            <ns3:cad>87</ns3:cad>
          </ns3:TrackPointExtension>
        </extensions>
      </trkpt>
      <trkpt lat="24.4889101199805736541748046875" lon="118.140589334070682525634765625">
        <ele>35.59999847412109375</ele>
        <time>2025-06-10T22:49:29.000Z</time>
        <extensions>
          <ns3:TrackPointExtension>
            <ns3:hr>133</ns3:hr>
            <ns3:cad>87</ns3:cad>
          </ns3:TrackPointExtension>
        </extensions>
      </trkpt>
      <trkpt lat="24.48893451131880283355712890625" lon="118.14058220945298671722412109375">
        <ele>35.59999847412109375</ele>
        <time>2025-06-10T22:49:30.000Z</time>
        <extensions>
          <ns3:TrackPointExtension>
            <ns3:hr>132</ns3:hr>
            <ns3:cad>86</ns3:cad>
          </ns3:TrackPointExtension>
        </extensions>
      </trkpt>
      <trkpt lat="24.48895982466638088226318359375" lon="118.14058656804263591766357421875">
        <ele>35.59999847412109375</ele>
        <time>2025-06-10T22:49:31.000Z</time>
        <extensions>
          <ns3:TrackPointExtension>
            <ns3:hr>132</ns3:hr>
            <ns3:cad>86</ns3:cad>
          </ns3:TrackPointExtension>
        </extensions>
      </trkpt>
      <trkpt lat="24.4889848865568637847900390625" lon="118.14058832824230194091796875">
        <ele>35.40000152587890625</ele>
        <time>2025-06-10T22:49:32.000Z</time>
        <extensions>
          <ns3:TrackPointExtension>
            <ns3:hr>132</ns3:hr>
            <ns3:cad>86</ns3:cad>
          </ns3:TrackPointExtension>
        </extensions>
      </trkpt>
      <trkpt lat="24.4890076853334903717041015625" lon="118.14059210009872913360595703125">
        <ele>35.40000152587890625</ele>
        <time>2025-06-10T22:49:33.000Z</time>
        <extensions>
          <ns3:TrackPointExtension>
            <ns3:hr>132</ns3:hr>
            <ns3:cad>87</ns3:cad>
          </ns3:TrackPointExtension>
        </extensions>
      </trkpt>
      <trkpt lat="24.4890314899384975433349609375" lon="118.14059101045131683349609375">
        <ele>35.40000152587890625</ele>
        <time>2025-06-10T22:49:34.000Z</time>
        <extensions>
          <ns3:TrackPointExtension>
            <ns3:hr>132</ns3:hr>
            <ns3:cad>87</ns3:cad>
          </ns3:TrackPointExtension>
        </extensions>
      </trkpt>
      <trkpt lat="24.48905504308640956878662109375" lon="118.1405958719551563262939453125">
        <ele>35.40000152587890625</ele>
        <time>2025-06-10T22:49:35.000Z</time>
        <extensions>
          <ns3:TrackPointExtension>
            <ns3:hr>133</ns3:hr>
            <ns3:cad>87</ns3:cad>
          </ns3:TrackPointExtension>
        </extensions>
      </trkpt>
      <trkpt lat="24.489077590405941009521484375" lon="118.14059528522193431854248046875">
        <ele>35.40000152587890625</ele>
        <time>2025-06-10T22:49:36.000Z</time>
        <extensions>
          <ns3:TrackPointExtension>
            <ns3:hr>133</ns3:hr>
            <ns3:cad>87</ns3:cad>
          </ns3:TrackPointExtension>
        </extensions>
      </trkpt>
      <trkpt lat="24.48910818435251712799072265625" lon="118.14060366712510585784912109375">
        <ele>35.40000152587890625</ele>
        <time>2025-06-10T22:49:37.000Z</time>
        <extensions>
          <ns3:TrackPointExtension>
            <ns3:hr>133</ns3:hr>
            <ns3:cad>88</ns3:cad>
          </ns3:TrackPointExtension>
        </extensions>
      </trkpt>
      <trkpt lat="24.48913333006203174591064453125" lon="118.14060618169605731964111328125">
        <ele>35.200000762939453125</ele>
        <time>2025-06-10T22:49:38.000Z</time>
        <extensions>
          <ns3:TrackPointExtension>
            <ns3:hr>133</ns3:hr>
            <ns3:cad>88</ns3:cad>
          </ns3:TrackPointExtension>
        </extensions>
      </trkpt>
      <trkpt lat="24.48915948159992694854736328125" lon="118.14061121083796024322509765625">
        <ele>35.200000762939453125</ele>
        <time>2025-06-10T22:49:39.000Z</time>
        <extensions>
          <ns3:TrackPointExtension>
            <ns3:hr>134</ns3:hr>
            <ns3:cad>88</ns3:cad>
          </ns3:TrackPointExtension>
        </extensions>
      </trkpt>
      <trkpt lat="24.48918714188039302825927734375" lon="118.14061674289405345916748046875">
        <ele>35.200000762939453125</ele>
        <time>2025-06-10T22:49:40.000Z</time>
        <extensions>
          <ns3:TrackPointExtension>
            <ns3:hr>133</ns3:hr>
            <ns3:cad>88</ns3:cad>
          </ns3:TrackPointExtension>
        </extensions>
      </trkpt>
      <trkpt lat="24.4892236031591892242431640625" lon="118.14062747173011302947998046875">
        <ele>35.200000762939453125</ele>
        <time>2025-06-10T22:49:41.000Z</time>
        <extensions>
          <ns3:TrackPointExtension>
            <ns3:hr>133</ns3:hr>
            <ns3:cad>89</ns3:cad>
          </ns3:TrackPointExtension>
        </extensions>
      </trkpt>
      <trkpt lat="24.4892591424286365509033203125" lon="118.1406319141387939453125">
        <ele>35.200000762939453125</ele>
        <time>2025-06-10T22:49:42.000Z</time>
        <extensions>
          <ns3:TrackPointExtension>
            <ns3:hr>133</ns3:hr>
            <ns3:cad>90</ns3:cad>
          </ns3:TrackPointExtension>
        </extensions>
      </trkpt>
      <trkpt lat="24.48929728008806705474853515625" lon="118.1406384520232677459716796875">
        <ele>35.200000762939453125</ele>
        <time>2025-06-10T22:49:43.000Z</time>
        <extensions>
          <ns3:TrackPointExtension>
            <ns3:hr>133</ns3:hr>
            <ns3:cad>90</ns3:cad>
          </ns3:TrackPointExtension>
        </extensions>
      </trkpt>
      <trkpt lat="24.48933399282395839691162109375" lon="118.14063820056617259979248046875">
        <ele>35.200000762939453125</ele>
        <time>2025-06-10T22:49:44.000Z</time>
        <extensions>
          <ns3:TrackPointExtension>
            <ns3:hr>133</ns3:hr>
            <ns3:cad>90</ns3:cad>
          </ns3:TrackPointExtension>
        </extensions>
      </trkpt>
      <trkpt lat="24.48936902917921543121337890625" lon="118.14064356498420238494873046875">
        <ele>35</ele>
        <time>2025-06-10T22:49:45.000Z</time>
        <extensions>
          <ns3:TrackPointExtension>
            <ns3:hr>133</ns3:hr>
            <ns3:cad>90</ns3:cad>
          </ns3:TrackPointExtension>
        </extensions>
      </trkpt>
      <trkpt lat="24.48940456844866275787353515625" lon="118.14064591191709041595458984375">
        <ele>35</ele>
        <time>2025-06-10T22:49:46.000Z</time>
        <extensions>
          <ns3:TrackPointExtension>
            <ns3:hr>133</ns3:hr>
            <ns3:cad>90</ns3:cad>
          </ns3:TrackPointExtension>
        </extensions>
      </trkpt>
      <trkpt lat="24.48944044299423694610595703125" lon="118.14065278507769107818603515625">
        <ele>35</ele>
        <time>2025-06-10T22:49:47.000Z</time>
        <extensions>
          <ns3:TrackPointExtension>
            <ns3:hr>133</ns3:hr>
            <ns3:cad>92</ns3:cad>
          </ns3:TrackPointExtension>
        </extensions>
      </trkpt>
      <trkpt lat="24.48947313241660594940185546875" lon="118.14065672457218170166015625">
        <ele>35</ele>
        <time>2025-06-10T22:49:48.000Z</time>
        <extensions>
          <ns3:TrackPointExtension>
            <ns3:hr>134</ns3:hr>
            <ns3:cad>92</ns3:cad>
          </ns3:TrackPointExtension>
        </extensions>
      </trkpt>
      <trkpt lat="24.4895055703818798065185546875" lon="118.14066602848470211029052734375">
        <ele>35</ele>
        <time>2025-06-10T22:49:49.000Z</time>
        <extensions>
          <ns3:TrackPointExtension>
            <ns3:hr>134</ns3:hr>
            <ns3:cad>92</ns3:cad>
          </ns3:TrackPointExtension>
        </extensions>
      </trkpt>
      <trkpt lat="24.489541612565517425537109375" lon="118.14066971652209758758544921875">
        <ele>35</ele>
        <time>2025-06-10T22:49:50.000Z</time>
        <extensions>
          <ns3:TrackPointExtension>
            <ns3:hr>134</ns3:hr>
            <ns3:cad>92</ns3:cad>
          </ns3:TrackPointExtension>
        </extensions>
      </trkpt>
      <trkpt lat="24.4895776547491550445556640625" lon="118.14067927189171314239501953125">
        <ele>35</ele>
        <time>2025-06-10T22:49:51.000Z</time>
        <extensions>
          <ns3:TrackPointExtension>
            <ns3:hr>135</ns3:hr>
            <ns3:cad>92</ns3:cad>
          </ns3:TrackPointExtension>
        </extensions>
      </trkpt>
      <trkpt lat="24.48961243964731693267822265625" lon="118.14068396575748920440673828125">
        <ele>35</ele>
        <time>2025-06-10T22:49:52.000Z</time>
        <extensions>
          <ns3:TrackPointExtension>
            <ns3:hr>135</ns3:hr>
            <ns3:cad>92</ns3:cad>
          </ns3:TrackPointExtension>
        </extensions>
      </trkpt>
      <trkpt lat="24.48964194394648075103759765625" lon="118.1406874023377895355224609375">
        <ele>35</ele>
        <time>2025-06-10T22:49:53.000Z</time>
        <extensions>
          <ns3:TrackPointExtension>
            <ns3:hr>135</ns3:hr>
            <ns3:cad>92</ns3:cad>
          </ns3:TrackPointExtension>
        </extensions>
      </trkpt>
      <trkpt lat="24.48967672884464263916015625" lon="118.14069025218486785888671875">
        <ele>34.799999237060546875</ele>
        <time>2025-06-10T22:49:54.000Z</time>
        <extensions>
          <ns3:TrackPointExtension>
            <ns3:hr>136</ns3:hr>
            <ns3:cad>92</ns3:cad>
          </ns3:TrackPointExtension>
        </extensions>
      </trkpt>
      <trkpt lat="24.4897074066102504730224609375" lon="118.14069100655615329742431640625">
        <ele>34.799999237060546875</ele>
        <time>2025-06-10T22:49:55.000Z</time>
        <extensions>
          <ns3:TrackPointExtension>
            <ns3:hr>136</ns3:hr>
            <ns3:cad>92</ns3:cad>
          </ns3:TrackPointExtension>
        </extensions>
      </trkpt>
      <trkpt lat="24.48974319733679294586181640625" lon="118.140701316297054290771484375">
        <ele>35</ele>
        <time>2025-06-10T22:49:56.000Z</time>
        <extensions>
          <ns3:TrackPointExtension>
            <ns3:hr>136</ns3:hr>
            <ns3:cad>92</ns3:cad>
          </ns3:TrackPointExtension>
        </extensions>
      </trkpt>
      <trkpt lat="24.4897727854549884796142578125" lon="118.140698634088039398193359375">
        <ele>35</ele>
        <time>2025-06-10T22:49:57.000Z</time>
        <extensions>
          <ns3:TrackPointExtension>
            <ns3:hr>136</ns3:hr>
            <ns3:cad>91</ns3:cad>
          </ns3:TrackPointExtension>
        </extensions>
      </trkpt>
      <trkpt lat="24.48980907909572124481201171875" lon="118.14070676453411579132080078125">
        <ele>34.799999237060546875</ele>
        <time>2025-06-10T22:49:58.000Z</time>
        <extensions>
          <ns3:TrackPointExtension>
            <ns3:hr>137</ns3:hr>
            <ns3:cad>91</ns3:cad>
          </ns3:TrackPointExtension>
        </extensions>
      </trkpt>
      <trkpt lat="24.4898431934416294097900390625" lon="118.1407065130770206451416015625">
        <ele>34.799999237060546875</ele>
        <time>2025-06-10T22:49:59.000Z</time>
        <extensions>
          <ns3:TrackPointExtension>
            <ns3:hr>137</ns3:hr>
            <ns3:cad>93</ns3:cad>
          </ns3:TrackPointExtension>
        </extensions>
      </trkpt>
      <trkpt lat="24.4898804090917110443115234375" lon="118.14071447588503360748291015625">
        <ele>34.799999237060546875</ele>
        <time>2025-06-10T22:50:00.000Z</time>
        <extensions>
          <ns3:TrackPointExtension>
            <ns3:hr>137</ns3:hr>
            <ns3:cad>93</ns3:cad>
          </ns3:TrackPointExtension>
        </extensions>
      </trkpt>
      <trkpt lat="24.48991812765598297119140625" lon="118.14071397297084331512451171875">
        <ele>34.799999237060546875</ele>
        <time>2025-06-10T22:50:01.000Z</time>
        <extensions>
          <ns3:TrackPointExtension>
            <ns3:hr>137</ns3:hr>
            <ns3:cad>93</ns3:cad>
          </ns3:TrackPointExtension>
        </extensions>
      </trkpt>
      <trkpt lat="24.4899536669254302978515625" lon="118.14071732573211193084716796875">
        <ele>34.59999847412109375</ele>
        <time>2025-06-10T22:50:02.000Z</time>
        <extensions>
          <ns3:TrackPointExtension>
            <ns3:hr>137</ns3:hr>
            <ns3:cad>93</ns3:cad>
          </ns3:TrackPointExtension>
        </extensions>
      </trkpt>
      <trkpt lat="24.48999096639454364776611328125" lon="118.14071707427501678466796875">
        <ele>34.799999237060546875</ele>
        <time>2025-06-10T22:50:03.000Z</time>
        <extensions>
          <ns3:TrackPointExtension>
            <ns3:hr>138</ns3:hr>
            <ns3:cad>93</ns3:cad>
          </ns3:TrackPointExtension>
        </extensions>
      </trkpt>
      <trkpt lat="24.49002139270305633544921875" lon="118.14072151668369770050048828125">
        <ele>34.799999237060546875</ele>
        <time>2025-06-10T22:50:04.000Z</time>
        <extensions>
          <ns3:TrackPointExtension>
            <ns3:hr>138</ns3:hr>
            <ns3:cad>92</ns3:cad>
          </ns3:TrackPointExtension>
        </extensions>
      </trkpt>
      <trkpt lat="24.49005768634378910064697265625" lon="118.14072118140757083892822265625">
        <ele>34.799999237060546875</ele>
        <time>2025-06-10T22:50:05.000Z</time>
        <extensions>
          <ns3:TrackPointExtension>
            <ns3:hr>138</ns3:hr>
            <ns3:cad>92</ns3:cad>
          </ns3:TrackPointExtension>
        </extensions>
      </trkpt>
      <trkpt lat="24.49008903466165065765380859375" lon="118.1407269649207592010498046875">
        <ele>34.59999847412109375</ele>
        <time>2025-06-10T22:50:06.000Z</time>
        <extensions>
          <ns3:TrackPointExtension>
            <ns3:hr>139</ns3:hr>
            <ns3:cad>92</ns3:cad>
          </ns3:TrackPointExtension>
        </extensions>
      </trkpt>
      <trkpt lat="24.490122310817241668701171875" lon="118.1407273001968860626220703125">
        <ele>34.59999847412109375</ele>
        <time>2025-06-10T22:50:07.000Z</time>
        <extensions>
          <ns3:TrackPointExtension>
            <ns3:hr>140</ns3:hr>
            <ns3:cad>92</ns3:cad>
          </ns3:TrackPointExtension>
        </extensions>
      </trkpt>
      <trkpt lat="24.4901526533067226409912109375" lon="118.140730150043964385986328125">
        <ele>34.59999847412109375</ele>
        <time>2025-06-10T22:50:08.000Z</time>
        <extensions>
          <ns3:TrackPointExtension>
            <ns3:hr>140</ns3:hr>
            <ns3:cad>92</ns3:cad>
          </ns3:TrackPointExtension>
        </extensions>
      </trkpt>
      <trkpt lat="24.490192718803882598876953125" lon="118.1407373584806919097900390625">
        <ele>34.59999847412109375</ele>
        <time>2025-06-10T22:50:09.000Z</time>
        <extensions>
          <ns3:TrackPointExtension>
            <ns3:hr>141</ns3:hr>
            <ns3:cad>93</ns3:cad>
          </ns3:TrackPointExtension>
        </extensions>
      </trkpt>
      <trkpt lat="24.4902257435023784637451171875" lon="118.14073325134813785552978515625">
        <ele>34.59999847412109375</ele>
        <time>2025-06-10T22:50:10.000Z</time>
        <extensions>
          <ns3:TrackPointExtension>
            <ns3:hr>141</ns3:hr>
            <ns3:cad>93</ns3:cad>
          </ns3:TrackPointExtension>
        </extensions>
      </trkpt>
      <trkpt lat="24.49025969021022319793701171875" lon="118.14073677174746990203857421875">
        <ele>34.59999847412109375</ele>
        <time>2025-06-10T22:50:11.000Z</time>
        <extensions>
          <ns3:TrackPointExtension>
            <ns3:hr>142</ns3:hr>
            <ns3:cad>93</ns3:cad>
          </ns3:TrackPointExtension>
        </extensions>
      </trkpt>
      <trkpt lat="24.4902897812426090240478515625" lon="118.1407346762716770172119140625">
        <ele>34.59999847412109375</ele>
        <time>2025-06-10T22:50:12.000Z</time>
        <extensions>
          <ns3:TrackPointExtension>
            <ns3:hr>142</ns3:hr>
            <ns3:cad>93</ns3:cad>
          </ns3:TrackPointExtension>
        </extensions>
      </trkpt>
      <trkpt lat="24.49032573960721492767333984375" lon="118.1407407112419605255126953125">
        <ele>34.59999847412109375</ele>
        <time>2025-06-10T22:50:13.000Z</time>
        <extensions>
          <ns3:TrackPointExtension>
            <ns3:hr>142</ns3:hr>
            <ns3:cad>92</ns3:cad>
          </ns3:TrackPointExtension>
        </extensions>
      </trkpt>
      <trkpt lat="24.49035356752574443817138671875" lon="118.14074163325130939483642578125">
        <ele>34.59999847412109375</ele>
        <time>2025-06-10T22:50:14.000Z</time>
        <extensions>
          <ns3:TrackPointExtension>
            <ns3:hr>143</ns3:hr>
            <ns3:cad>92</ns3:cad>
          </ns3:TrackPointExtension>
        </extensions>
      </trkpt>
      <trkpt lat="24.49038675986230373382568359375" lon="118.140746913850307464599609375">
        <ele>34.40000152587890625</ele>
        <time>2025-06-10T22:50:15.000Z</time>
        <extensions>
          <ns3:TrackPointExtension>
            <ns3:hr>143</ns3:hr>
            <ns3:cad>92</ns3:cad>
          </ns3:TrackPointExtension>
        </extensions>
      </trkpt>
      <trkpt lat="24.49041760526597499847412109375" lon="118.14075470902025699615478515625">
        <ele>34.40000152587890625</ele>
        <time>2025-06-10T22:50:16.000Z</time>
        <extensions>
          <ns3:TrackPointExtension>
            <ns3:hr>143</ns3:hr>
            <ns3:cad>92</ns3:cad>
          </ns3:TrackPointExtension>
        </extensions>
      </trkpt>
      <trkpt lat="24.4904500432312488555908203125" lon="118.14076225273311138153076171875">
        <ele>34.40000152587890625</ele>
        <time>2025-06-10T22:50:17.000Z</time>
        <extensions>
          <ns3:TrackPointExtension>
            <ns3:hr>144</ns3:hr>
            <ns3:cad>92</ns3:cad>
          </ns3:TrackPointExtension>
        </extensions>
      </trkpt>
      <trkpt lat="24.49047879315912723541259765625" lon="118.14076376147568225860595703125">
        <ele>34.40000152587890625</ele>
        <time>2025-06-10T22:50:18.000Z</time>
        <extensions>
          <ns3:TrackPointExtension>
            <ns3:hr>145</ns3:hr>
            <ns3:cad>92</ns3:cad>
          </ns3:TrackPointExtension>
        </extensions>
      </trkpt>
      <trkpt lat="24.490511901676654815673828125" lon="118.1407708860933780670166015625">
        <ele>34.40000152587890625</ele>
        <time>2025-06-10T22:50:19.000Z</time>
        <extensions>
          <ns3:TrackPointExtension>
            <ns3:hr>145</ns3:hr>
            <ns3:cad>93</ns3:cad>
          </ns3:TrackPointExtension>
        </extensions>
      </trkpt>
      <trkpt lat="24.49054283089935779571533203125" lon="118.14077474176883697509765625">
        <ele>34.200000762939453125</ele>
        <time>2025-06-10T22:50:20.000Z</time>
        <extensions>
          <ns3:TrackPointExtension>
            <ns3:hr>145</ns3:hr>
            <ns3:cad>93</ns3:cad>
          </ns3:TrackPointExtension>
        </extensions>
      </trkpt>
      <trkpt lat="24.49057795107364654541015625" lon="118.14078320749104022979736328125">
        <ele>34.200000762939453125</ele>
        <time>2025-06-10T22:50:21.000Z</time>
        <extensions>
          <ns3:TrackPointExtension>
            <ns3:hr>145</ns3:hr>
            <ns3:cad>93</ns3:cad>
          </ns3:TrackPointExtension>
        </extensions>
      </trkpt>
      <trkpt lat="24.4906108081340789794921875" lon="118.14078949391841888427734375">
        <ele>34.200000762939453125</ele>
        <time>2025-06-10T22:50:22.000Z</time>
        <extensions>
          <ns3:TrackPointExtension>
            <ns3:hr>146</ns3:hr>
            <ns3:cad>93</ns3:cad>
          </ns3:TrackPointExtension>
        </extensions>
      </trkpt>
      <trkpt lat="24.4906434975564479827880859375" lon="118.1407977081835269927978515625">
        <ele>34</ele>
        <time>2025-06-10T22:50:23.000Z</time>
        <extensions>
          <ns3:TrackPointExtension>
            <ns3:hr>146</ns3:hr>
            <ns3:cad>93</ns3:cad>
          </ns3:TrackPointExtension>
        </extensions>
      </trkpt>
      <trkpt lat="24.49067677371203899383544921875" lon="118.14080717973411083221435546875">
        <ele>34</ele>
        <time>2025-06-10T22:50:24.000Z</time>
        <extensions>
          <ns3:TrackPointExtension>
            <ns3:hr>146</ns3:hr>
            <ns3:cad>91</ns3:cad>
          </ns3:TrackPointExtension>
        </extensions>
      </trkpt>
      <trkpt lat="24.49070527218282222747802734375" lon="118.14081229269504547119140625">
        <ele>34</ele>
        <time>2025-06-10T22:50:25.000Z</time>
        <extensions>
          <ns3:TrackPointExtension>
            <ns3:hr>146</ns3:hr>
            <ns3:cad>91</ns3:cad>
          </ns3:TrackPointExtension>
        </extensions>
      </trkpt>
      <trkpt lat="24.4907424040138721466064453125" lon="118.14082075841724872589111328125">
        <ele>34</ele>
        <time>2025-06-10T22:50:26.000Z</time>
        <extensions>
          <ns3:TrackPointExtension>
            <ns3:hr>146</ns3:hr>
            <ns3:cad>92</ns3:cad>
          </ns3:TrackPointExtension>
        </extensions>
      </trkpt>
      <trkpt lat="24.49077350087463855743408203125" lon="118.1408248655498027801513671875">
        <ele>33.799999237060546875</ele>
        <time>2025-06-10T22:50:27.000Z</time>
        <extensions>
          <ns3:TrackPointExtension>
            <ns3:hr>146</ns3:hr>
            <ns3:cad>92</ns3:cad>
          </ns3:TrackPointExtension>
        </extensions>
      </trkpt>
      <trkpt lat="24.4908108003437519073486328125" lon="118.140826039016246795654296875">
        <ele>33.799999237060546875</ele>
        <time>2025-06-10T22:50:28.000Z</time>
        <extensions>
          <ns3:TrackPointExtension>
            <ns3:hr>147</ns3:hr>
            <ns3:cad>93</ns3:cad>
          </ns3:TrackPointExtension>
        </extensions>
      </trkpt>
      <trkpt lat="24.490841813385486602783203125" lon="118.1408171541988849639892578125">
        <ele>33.799999237060546875</ele>
        <time>2025-06-10T22:50:29.000Z</time>
        <extensions>
          <ns3:TrackPointExtension>
            <ns3:hr>147</ns3:hr>
            <ns3:cad>93</ns3:cad>
          </ns3:TrackPointExtension>
        </extensions>
      </trkpt>
      <trkpt lat="24.4908738322556018829345703125" lon="118.14081388525664806365966796875">
        <ele>33.59999847412109375</ele>
        <time>2025-06-10T22:50:30.000Z</time>
        <extensions>
          <ns3:TrackPointExtension>
            <ns3:hr>147</ns3:hr>
            <ns3:cad>93</ns3:cad>
          </ns3:TrackPointExtension>
        </extensions>
      </trkpt>
      <trkpt lat="24.4909053482115268707275390625" lon="118.14081556163728237152099609375">
        <ele>33.59999847412109375</ele>
        <time>2025-06-10T22:50:31.000Z</time>
        <extensions>
          <ns3:TrackPointExtension>
            <ns3:hr>147</ns3:hr>
            <ns3:cad>93</ns3:cad>
          </ns3:TrackPointExtension>
        </extensions>
      </trkpt>
      <trkpt lat="24.490936696529388427734375" lon="118.140826709568500518798828125">
        <ele>33.59999847412109375</ele>
        <time>2025-06-10T22:50:32.000Z</time>
        <extensions>
          <ns3:TrackPointExtension>
            <ns3:hr>147</ns3:hr>
            <ns3:cad>92</ns3:cad>
          </ns3:TrackPointExtension>
        </extensions>
      </trkpt>
      <trkpt lat="24.49096553027629852294921875" lon="118.14083098433911800384521484375">
        <ele>33.59999847412109375</ele>
        <time>2025-06-10T22:50:33.000Z</time>
        <extensions>
          <ns3:TrackPointExtension>
            <ns3:hr>147</ns3:hr>
            <ns3:cad>91</ns3:cad>
          </ns3:TrackPointExtension>
        </extensions>
      </trkpt>
      <trkpt lat="24.49099696241319179534912109375" lon="118.14083986915647983551025390625">
        <ele>33.59999847412109375</ele>
        <time>2025-06-10T22:50:34.000Z</time>
        <extensions>
          <ns3:TrackPointExtension>
            <ns3:hr>147</ns3:hr>
            <ns3:cad>92</ns3:cad>
          </ns3:TrackPointExtension>
        </extensions>
      </trkpt>
      <trkpt lat="24.4910287298262119293212890625" lon="118.140843808650970458984375">
        <ele>33.59999847412109375</ele>
        <time>2025-06-10T22:50:35.000Z</time>
        <extensions>
          <ns3:TrackPointExtension>
            <ns3:hr>147</ns3:hr>
            <ns3:cad>92</ns3:cad>
          </ns3:TrackPointExtension>
        </extensions>
      </trkpt>
      <trkpt lat="24.491061754524707794189453125" lon="118.14085026271641254425048828125">
        <ele>33.59999847412109375</ele>
        <time>2025-06-10T22:50:36.000Z</time>
        <extensions>
          <ns3:TrackPointExtension>
            <ns3:hr>147</ns3:hr>
            <ns3:cad>92</ns3:cad>
          </ns3:TrackPointExtension>
        </extensions>
      </trkpt>
      <trkpt lat="24.491102993488311767578125" lon="118.14085445366799831390380859375">
        <ele>33.59999847412109375</ele>
        <time>2025-06-10T22:50:37.000Z</time>
        <extensions>
          <ns3:TrackPointExtension>
            <ns3:hr>148</ns3:hr>
            <ns3:cad>92</ns3:cad>
          </ns3:TrackPointExtension>
        </extensions>
      </trkpt>
      <trkpt lat="24.4911346770823001861572265625" lon="118.14085244201123714447021484375">
        <ele>33.59999847412109375</ele>
        <time>2025-06-10T22:50:38.000Z</time>
        <extensions>
          <ns3:TrackPointExtension>
            <ns3:hr>148</ns3:hr>
            <ns3:cad>92</ns3:cad>
          </ns3:TrackPointExtension>
        </extensions>
      </trkpt>
      <trkpt lat="24.4911769218742847442626953125" lon="118.14085462130606174468994140625">
        <ele>33.40000152587890625</ele>
        <time>2025-06-10T22:50:39.000Z</time>
        <extensions>
          <ns3:TrackPointExtension>
            <ns3:hr>148</ns3:hr>
            <ns3:cad>92</ns3:cad>
          </ns3:TrackPointExtension>
        </extensions>
      </trkpt>
      <trkpt lat="24.49120885692536830902099609375" lon="118.14085093326866626739501953125">
        <ele>33.40000152587890625</ele>
        <time>2025-06-10T22:50:40.000Z</time>
        <extensions>
          <ns3:TrackPointExtension>
            <ns3:hr>147</ns3:hr>
            <ns3:cad>92</ns3:cad>
          </ns3:TrackPointExtension>
        </extensions>
      </trkpt>
      <trkpt lat="24.49124624021351337432861328125" lon="118.14085193909704685211181640625">
        <ele>33.200000762939453125</ele>
        <time>2025-06-10T22:50:41.000Z</time>
        <extensions>
          <ns3:TrackPointExtension>
            <ns3:hr>148</ns3:hr>
            <ns3:cad>94</ns3:cad>
          </ns3:TrackPointExtension>
        </extensions>
      </trkpt>
      <trkpt lat="24.49128027074038982391357421875" lon="118.14085059799253940582275390625">
        <ele>33.200000762939453125</ele>
        <time>2025-06-10T22:50:42.000Z</time>
        <extensions>
          <ns3:TrackPointExtension>
            <ns3:hr>148</ns3:hr>
            <ns3:cad>94</ns3:cad>
          </ns3:TrackPointExtension>
        </extensions>
      </trkpt>
      <trkpt lat="24.49131363071501255035400390625" lon="118.1408590637147426605224609375">
        <ele>33.200000762939453125</ele>
        <time>2025-06-10T22:50:43.000Z</time>
        <extensions>
          <ns3:TrackPointExtension>
            <ns3:hr>148</ns3:hr>
            <ns3:cad>94</ns3:cad>
          </ns3:TrackPointExtension>
        </extensions>
      </trkpt>
      <trkpt lat="24.4913465715944766998291015625" lon="118.14086585305631160736083984375">
        <ele>33.40000152587890625</ele>
        <time>2025-06-10T22:50:44.000Z</time>
        <extensions>
          <ns3:TrackPointExtension>
            <ns3:hr>148</ns3:hr>
            <ns3:cad>92</ns3:cad>
          </ns3:TrackPointExtension>
        </extensions>
      </trkpt>
      <trkpt lat="24.49138219468295574188232421875" lon="118.140874318778514862060546875">
        <ele>33.40000152587890625</ele>
        <time>2025-06-10T22:50:45.000Z</time>
        <extensions>
          <ns3:TrackPointExtension>
            <ns3:hr>148</ns3:hr>
            <ns3:cad>92</ns3:cad>
          </ns3:TrackPointExtension>
        </extensions>
      </trkpt>
      <trkpt lat="24.491413794457912445068359375" lon="118.1408741511404514312744140625">
        <ele>33.40000152587890625</ele>
        <time>2025-06-10T22:50:46.000Z</time>
        <extensions>
          <ns3:TrackPointExtension>
            <ns3:hr>148</ns3:hr>
            <ns3:cad>92</ns3:cad>
          </ns3:TrackPointExtension>
        </extensions>
      </trkpt>
      <trkpt lat="24.49144430458545684814453125" lon="118.14088278450071811676025390625">
        <ele>33.40000152587890625</ele>
        <time>2025-06-10T22:50:47.000Z</time>
        <extensions>
          <ns3:TrackPointExtension>
            <ns3:hr>149</ns3:hr>
            <ns3:cad>92</ns3:cad>
          </ns3:TrackPointExtension>
        </extensions>
      </trkpt>
      <trkpt lat="24.491475485265254974365234375" lon="118.140891082584857940673828125">
        <ele>33.40000152587890625</ele>
        <time>2025-06-10T22:50:48.000Z</time>
        <extensions>
          <ns3:TrackPointExtension>
            <ns3:hr>149</ns3:hr>
            <ns3:cad>92</ns3:cad>
          </ns3:TrackPointExtension>
        </extensions>
      </trkpt>
      <trkpt lat="24.49150775559246540069580078125" lon="118.14090122468769550323486328125">
        <ele>33.200000762939453125</ele>
        <time>2025-06-10T22:50:49.000Z</time>
        <extensions>
          <ns3:TrackPointExtension>
            <ns3:hr>149</ns3:hr>
            <ns3:cad>93</ns3:cad>
          </ns3:TrackPointExtension>
        </extensions>
      </trkpt>
      <trkpt lat="24.491540528833866119384765625" lon="118.14090751111507415771484375">
        <ele>33.200000762939453125</ele>
        <time>2025-06-10T22:50:50.000Z</time>
        <extensions>
          <ns3:TrackPointExtension>
            <ns3:hr>149</ns3:hr>
            <ns3:cad>93</ns3:cad>
          </ns3:TrackPointExtension>
        </extensions>
      </trkpt>
      <trkpt lat="24.49156810529530048370361328125" lon="118.14090943895280361175537109375">
        <ele>33.200000762939453125</ele>
        <time>2025-06-10T22:50:51.000Z</time>
        <extensions>
          <ns3:TrackPointExtension>
            <ns3:hr>149</ns3:hr>
            <ns3:cad>93</ns3:cad>
          </ns3:TrackPointExtension>
        </extensions>
      </trkpt>
      <trkpt lat="24.4916007108986377716064453125" lon="118.14091958105564117431640625">
        <ele>33.200000762939453125</ele>
        <time>2025-06-10T22:50:52.000Z</time>
        <extensions>
          <ns3:TrackPointExtension>
            <ns3:hr>149</ns3:hr>
            <ns3:cad>92</ns3:cad>
          </ns3:TrackPointExtension>
        </extensions>
      </trkpt>
      <trkpt lat="24.4916308857500553131103515625" lon="118.14093391411006450653076171875">
        <ele>33.200000762939453125</ele>
        <time>2025-06-10T22:50:53.000Z</time>
        <extensions>
          <ns3:TrackPointExtension>
            <ns3:hr>149</ns3:hr>
            <ns3:cad>91</ns3:cad>
          </ns3:TrackPointExtension>
        </extensions>
      </trkpt>
      <trkpt lat="24.491664581000804901123046875" lon="118.14094011671841144561767578125">
        <ele>33.200000762939453125</ele>
        <time>2025-06-10T22:50:54.000Z</time>
        <extensions>
          <ns3:TrackPointExtension>
            <ns3:hr>150</ns3:hr>
            <ns3:cad>91</ns3:cad>
          </ns3:TrackPointExtension>
        </extensions>
      </trkpt>
      <trkpt lat="24.49169165454804897308349609375" lon="118.14094581641256809234619140625">
        <ele>33.200000762939453125</ele>
        <time>2025-06-10T22:50:55.000Z</time>
        <extensions>
          <ns3:TrackPointExtension>
            <ns3:hr>150</ns3:hr>
            <ns3:cad>90</ns3:cad>
          </ns3:TrackPointExtension>
        </extensions>
      </trkpt>
      <trkpt lat="24.49172317050397396087646484375" lon="118.140949420630931854248046875">
        <ele>33.200000762939453125</ele>
        <time>2025-06-10T22:50:56.000Z</time>
        <extensions>
          <ns3:TrackPointExtension>
            <ns3:hr>151</ns3:hr>
            <ns3:cad>90</ns3:cad>
          </ns3:TrackPointExtension>
        </extensions>
      </trkpt>
      <trkpt lat="24.4917512498795986175537109375" lon="118.1409515999257564544677734375">
        <ele>33.40000152587890625</ele>
        <time>2025-06-10T22:50:57.000Z</time>
        <extensions>
          <ns3:TrackPointExtension>
            <ns3:hr>152</ns3:hr>
            <ns3:cad>90</ns3:cad>
          </ns3:TrackPointExtension>
        </extensions>
      </trkpt>
      <trkpt lat="24.4917854480445384979248046875" lon="118.14095637761056423187255859375">
        <ele>33.200000762939453125</ele>
        <time>2025-06-10T22:50:58.000Z</time>
        <extensions>
          <ns3:TrackPointExtension>
            <ns3:hr>154</ns3:hr>
            <ns3:cad>90</ns3:cad>
          </ns3:TrackPointExtension>
        </extensions>
      </trkpt>
      <trkpt lat="24.49181503616273403167724609375" lon="118.140962831676006317138671875">
        <ele>33.200000762939453125</ele>
        <time>2025-06-10T22:50:59.000Z</time>
        <extensions>
          <ns3:TrackPointExtension>
            <ns3:hr>155</ns3:hr>
            <ns3:cad>90</ns3:cad>
          </ns3:TrackPointExtension>
        </extensions>
      </trkpt>
      <trkpt lat="24.49184705503284931182861328125" lon="118.1409712135791778564453125">
        <ele>33.200000762939453125</ele>
        <time>2025-06-10T22:51:00.000Z</time>
        <extensions>
          <ns3:TrackPointExtension>
            <ns3:hr>157</ns3:hr>
            <ns3:cad>90</ns3:cad>
          </ns3:TrackPointExtension>
        </extensions>
      </trkpt>
      <trkpt lat="24.49187337420880794525146484375" lon="118.14097565598785877227783203125">
        <ele>33.200000762939453125</ele>
        <time>2025-06-10T22:51:01.000Z</time>
        <extensions>
          <ns3:TrackPointExtension>
            <ns3:hr>158</ns3:hr>
            <ns3:cad>90</ns3:cad>
          </ns3:TrackPointExtension>
        </extensions>
      </trkpt>
      <trkpt lat="24.4919074885547161102294921875" lon="118.14098060131072998046875">
        <ele>33.200000762939453125</ele>
        <time>2025-06-10T22:51:02.000Z</time>
        <extensions>
          <ns3:TrackPointExtension>
            <ns3:hr>158</ns3:hr>
            <ns3:cad>90</ns3:cad>
          </ns3:TrackPointExtension>
        </extensions>
      </trkpt>
      <trkpt lat="24.49193238280713558197021484375" lon="118.1409819424152374267578125">
        <ele>33.200000762939453125</ele>
        <time>2025-06-10T22:51:03.000Z</time>
        <extensions>
          <ns3:TrackPointExtension>
            <ns3:hr>159</ns3:hr>
            <ns3:cad>90</ns3:cad>
          </ns3:TrackPointExtension>
        </extensions>
      </trkpt>
      <trkpt lat="24.49196808971464633941650390625" lon="118.14099024049937725067138671875">
        <ele>33.200000762939453125</ele>
        <time>2025-06-10T22:51:04.000Z</time>
        <extensions>
          <ns3:TrackPointExtension>
            <ns3:hr>159</ns3:hr>
            <ns3:cad>90</ns3:cad>
          </ns3:TrackPointExtension>
        </extensions>
      </trkpt>
      <trkpt lat="24.49199608527123928070068359375" lon="118.14099292270839214324951171875">
        <ele>33.200000762939453125</ele>
        <time>2025-06-10T22:51:05.000Z</time>
        <extensions>
          <ns3:TrackPointExtension>
            <ns3:hr>159</ns3:hr>
            <ns3:cad>90</ns3:cad>
          </ns3:TrackPointExtension>
        </extensions>
      </trkpt>
      <trkpt lat="24.49203179217875003814697265625" lon="118.1410122849047183990478515625">
        <ele>33</ele>
        <time>2025-06-10T22:51:06.000Z</time>
        <extensions>
          <ns3:TrackPointExtension>
            <ns3:hr>159</ns3:hr>
            <ns3:cad>90</ns3:cad>
          </ns3:TrackPointExtension>
        </extensions>
      </trkpt>
      <trkpt lat="24.4920603744685649871826171875" lon="118.14102309755980968475341796875">
        <ele>33</ele>
        <time>2025-06-10T22:51:07.000Z</time>
        <extensions>
          <ns3:TrackPointExtension>
            <ns3:hr>159</ns3:hr>
            <ns3:cad>90</ns3:cad>
          </ns3:TrackPointExtension>
        </extensions>
      </trkpt>
      <trkpt lat="24.49208610691130161285400390625" lon="118.14105109311640262603759765625">
        <ele>33</ele>
        <time>2025-06-10T22:51:08.000Z</time>
        <extensions>
          <ns3:TrackPointExtension>
            <ns3:hr>159</ns3:hr>
            <ns3:cad>90</ns3:cad>
          </ns3:TrackPointExtension>
        </extensions>
      </trkpt>
      <trkpt lat="24.49210949242115020751953125" lon="118.1410659290850162506103515625">
        <ele>33.200000762939453125</ele>
        <time>2025-06-10T22:51:09.000Z</time>
        <extensions>
          <ns3:TrackPointExtension>
            <ns3:hr>159</ns3:hr>
            <ns3:cad>91</ns3:cad>
          </ns3:TrackPointExtension>
        </extensions>
      </trkpt>
      <trkpt lat="24.49213229119777679443359375" lon="118.14110373146831989288330078125">
        <ele>33.200000762939453125</ele>
        <time>2025-06-10T22:51:10.000Z</time>
        <extensions>
          <ns3:TrackPointExtension>
            <ns3:hr>158</ns3:hr>
            <ns3:cad>91</ns3:cad>
          </ns3:TrackPointExtension>
        </extensions>
      </trkpt>
      <trkpt lat="24.4921539165079593658447265625" lon="118.1411306373775005340576171875">
        <ele>33.200000762939453125</ele>
        <time>2025-06-10T22:51:11.000Z</time>
        <extensions>
          <ns3:TrackPointExtension>
            <ns3:hr>159</ns3:hr>
            <ns3:cad>91</ns3:cad>
          </ns3:TrackPointExtension>
        </extensions>
      </trkpt>
      <trkpt lat="24.49217252433300018310546875" lon="118.1411701999604701995849609375">
        <ele>33.200000762939453125</ele>
        <time>2025-06-10T22:51:12.000Z</time>
        <extensions>
          <ns3:TrackPointExtension>
            <ns3:hr>159</ns3:hr>
            <ns3:cad>92</ns3:cad>
          </ns3:TrackPointExtension>
        </extensions>
      </trkpt>
      <trkpt lat="24.49219171889126300811767578125" lon="118.14119995571672916412353515625">
        <ele>33.200000762939453125</ele>
        <time>2025-06-10T22:51:13.000Z</time>
        <extensions>
          <ns3:TrackPointExtension>
            <ns3:hr>158</ns3:hr>
            <ns3:cad>92</ns3:cad>
          </ns3:TrackPointExtension>
        </extensions>
      </trkpt>
      <trkpt lat="24.492199011147022247314453125" lon="118.1412379257380962371826171875">
        <ele>33.200000762939453125</ele>
        <time>2025-06-10T22:51:14.000Z</time>
        <extensions>
          <ns3:TrackPointExtension>
            <ns3:hr>158</ns3:hr>
            <ns3:cad>92</ns3:cad>
          </ns3:TrackPointExtension>
        </extensions>
      </trkpt>
      <trkpt lat="24.4922048784792423248291015625" lon="118.14127321355044841766357421875">
        <ele>33.200000762939453125</ele>
        <time>2025-06-10T22:51:15.000Z</time>
        <extensions>
          <ns3:TrackPointExtension>
            <ns3:hr>159</ns3:hr>
            <ns3:cad>93</ns3:cad>
          </ns3:TrackPointExtension>
        </extensions>
      </trkpt>
      <trkpt lat="24.4922013580799102783203125" lon="118.14130556769669055938720703125">
        <ele>33.40000152587890625</ele>
        <time>2025-06-10T22:51:16.000Z</time>
        <extensions>
          <ns3:TrackPointExtension>
            <ns3:hr>159</ns3:hr>
            <ns3:cad>93</ns3:cad>
          </ns3:TrackPointExtension>
        </extensions>
      </trkpt>
      <trkpt lat="24.49220001697540283203125" lon="118.1413432024419307708740234375">
        <ele>33.40000152587890625</ele>
        <time>2025-06-10T22:51:17.000Z</time>
        <extensions>
          <ns3:TrackPointExtension>
            <ns3:hr>159</ns3:hr>
            <ns3:cad>93</ns3:cad>
          </ns3:TrackPointExtension>
        </extensions>
      </trkpt>
      <trkpt lat="24.492191635072231292724609375" lon="118.1413777358829975128173828125">
        <ele>33.40000152587890625</ele>
        <time>2025-06-10T22:51:18.000Z</time>
        <extensions>
          <ns3:TrackPointExtension>
            <ns3:hr>158</ns3:hr>
            <ns3:cad>92</ns3:cad>
          </ns3:TrackPointExtension>
        </extensions>
      </trkpt>
      <trkpt lat="24.4921907968819141387939453125" lon="118.14141319133341312408447265625">
        <ele>33.40000152587890625</ele>
        <time>2025-06-10T22:51:19.000Z</time>
        <extensions>
          <ns3:TrackPointExtension>
            <ns3:hr>159</ns3:hr>
            <ns3:cad>92</ns3:cad>
          </ns3:TrackPointExtension>
        </extensions>
      </trkpt>
      <trkpt lat="24.4921861030161380767822265625" lon="118.141447640955448150634765625">
        <ele>33.59999847412109375</ele>
        <time>2025-06-10T22:51:20.000Z</time>
        <extensions>
          <ns3:TrackPointExtension>
            <ns3:hr>159</ns3:hr>
            <ns3:cad>93</ns3:cad>
          </ns3:TrackPointExtension>
        </extensions>
      </trkpt>
      <trkpt lat="24.49217964895069599151611328125" lon="118.1414870359003543853759765625">
        <ele>33.59999847412109375</ele>
        <time>2025-06-10T22:51:21.000Z</time>
        <extensions>
          <ns3:TrackPointExtension>
            <ns3:hr>159</ns3:hr>
            <ns3:cad>93</ns3:cad>
          </ns3:TrackPointExtension>
        </extensions>
      </trkpt>
      <trkpt lat="24.4921693392097949981689453125" lon="118.14152131788432598114013671875">
        <ele>33.40000152587890625</ele>
        <time>2025-06-10T22:51:22.000Z</time>
        <extensions>
          <ns3:TrackPointExtension>
            <ns3:hr>159</ns3:hr>
            <ns3:cad>93</ns3:cad>
          </ns3:TrackPointExtension>
        </extensions>
      </trkpt>
      <trkpt lat="24.4921624660491943359375" lon="118.1415611319243907928466796875">
        <ele>33.40000152587890625</ele>
        <time>2025-06-10T22:51:23.000Z</time>
        <extensions>
          <ns3:TrackPointExtension>
            <ns3:hr>159</ns3:hr>
            <ns3:cad>93</ns3:cad>
          </ns3:TrackPointExtension>
        </extensions>
      </trkpt>
      <trkpt lat="24.4921592809259891510009765625" lon="118.14159021712839603424072265625">
        <ele>33.40000152587890625</ele>
        <time>2025-06-10T22:51:24.000Z</time>
        <extensions>
          <ns3:TrackPointExtension>
            <ns3:hr>159</ns3:hr>
            <ns3:cad>92</ns3:cad>
          </ns3:TrackPointExtension>
        </extensions>
      </trkpt>
      <trkpt lat="24.49214679189026355743408203125" lon="118.141629695892333984375">
        <ele>33.40000152587890625</ele>
        <time>2025-06-10T22:51:25.000Z</time>
        <extensions>
          <ns3:TrackPointExtension>
            <ns3:hr>159</ns3:hr>
            <ns3:cad>91</ns3:cad>
          </ns3:TrackPointExtension>
        </extensions>
      </trkpt>
      <trkpt lat="24.492144696414470672607421875" lon="118.14166381023824214935302734375">
        <ele>33.40000152587890625</ele>
        <time>2025-06-10T22:51:26.000Z</time>
        <extensions>
          <ns3:TrackPointExtension>
            <ns3:hr>159</ns3:hr>
            <ns3:cad>91</ns3:cad>
          </ns3:TrackPointExtension>
        </extensions>
      </trkpt>
      <trkpt lat="24.49213455431163311004638671875" lon="118.14169817604124546051025390625">
        <ele>33.40000152587890625</ele>
        <time>2025-06-10T22:51:27.000Z</time>
        <extensions>
          <ns3:TrackPointExtension>
            <ns3:hr>159</ns3:hr>
            <ns3:cad>92</ns3:cad>
          </ns3:TrackPointExtension>
        </extensions>
      </trkpt>
      <trkpt lat="24.4921284355223178863525390625" lon="118.1417341344058513641357421875">
        <ele>33.59999847412109375</ele>
        <time>2025-06-10T22:51:28.000Z</time>
        <extensions>
          <ns3:TrackPointExtension>
            <ns3:hr>159</ns3:hr>
            <ns3:cad>92</ns3:cad>
          </ns3:TrackPointExtension>
        </extensions>
      </trkpt>
      <trkpt lat="24.49212198145687580108642578125" lon="118.1417669914662837982177734375">
        <ele>33.59999847412109375</ele>
        <time>2025-06-10T22:51:29.000Z</time>
        <extensions>
          <ns3:TrackPointExtension>
            <ns3:hr>159</ns3:hr>
            <ns3:cad>92</ns3:cad>
          </ns3:TrackPointExtension>
        </extensions>
      </trkpt>
      <trkpt lat="24.49211678467690944671630859375" lon="118.14180412329733371734619140625">
        <ele>33.59999847412109375</ele>
        <time>2025-06-10T22:51:30.000Z</time>
        <extensions>
          <ns3:TrackPointExtension>
            <ns3:hr>160</ns3:hr>
            <ns3:cad>92</ns3:cad>
          </ns3:TrackPointExtension>
        </extensions>
      </trkpt>
      <trkpt lat="24.492105804383754730224609375" lon="118.1418394111096858978271484375">
        <ele>33.59999847412109375</ele>
        <time>2025-06-10T22:51:31.000Z</time>
        <extensions>
          <ns3:TrackPointExtension>
            <ns3:hr>160</ns3:hr>
            <ns3:cad>92</ns3:cad>
          </ns3:TrackPointExtension>
        </extensions>
      </trkpt>
      <trkpt lat="24.49209608137607574462890625" lon="118.14187888987362384796142578125">
        <ele>33.799999237060546875</ele>
        <time>2025-06-10T22:51:32.000Z</time>
        <extensions>
          <ns3:TrackPointExtension>
            <ns3:hr>160</ns3:hr>
            <ns3:cad>92</ns3:cad>
          </ns3:TrackPointExtension>
        </extensions>
      </trkpt>
      <trkpt lat="24.4920855201780796051025390625" lon="118.141911327838897705078125">
        <ele>33.799999237060546875</ele>
        <time>2025-06-10T22:51:33.000Z</time>
        <extensions>
          <ns3:TrackPointExtension>
            <ns3:hr>160</ns3:hr>
            <ns3:cad>92</ns3:cad>
          </ns3:TrackPointExtension>
        </extensions>
      </trkpt>
      <trkpt lat="24.49207370169460773468017578125" lon="118.14195281825959682464599609375">
        <ele>33.799999237060546875</ele>
        <time>2025-06-10T22:51:34.000Z</time>
        <extensions>
          <ns3:TrackPointExtension>
            <ns3:hr>161</ns3:hr>
            <ns3:cad>92</ns3:cad>
          </ns3:TrackPointExtension>
        </extensions>
      </trkpt>
      <trkpt lat="24.49207018129527568817138671875" lon="118.14198575913906097412109375">
        <ele>33.799999237060546875</ele>
        <time>2025-06-10T22:51:35.000Z</time>
        <extensions>
          <ns3:TrackPointExtension>
            <ns3:hr>161</ns3:hr>
            <ns3:cad>92</ns3:cad>
          </ns3:TrackPointExtension>
        </extensions>
      </trkpt>
      <trkpt lat="24.4920570217072963714599609375" lon="118.1420285068452358245849609375">
        <ele>34</ele>
        <time>2025-06-10T22:51:36.000Z</time>
        <extensions>
          <ns3:TrackPointExtension>
            <ns3:hr>161</ns3:hr>
            <ns3:cad>92</ns3:cad>
          </ns3:TrackPointExtension>
        </extensions>
      </trkpt>
      <trkpt lat="24.49204805307090282440185546875" lon="118.14206086099147796630859375">
        <ele>34.200000762939453125</ele>
        <time>2025-06-10T22:51:37.000Z</time>
        <extensions>
          <ns3:TrackPointExtension>
            <ns3:hr>162</ns3:hr>
            <ns3:cad>92</ns3:cad>
          </ns3:TrackPointExtension>
        </extensions>
      </trkpt>
      <trkpt lat="24.492037408053874969482421875" lon="118.14210377633571624755859375">
        <ele>34.200000762939453125</ele>
        <time>2025-06-10T22:51:38.000Z</time>
        <extensions>
          <ns3:TrackPointExtension>
            <ns3:hr>162</ns3:hr>
            <ns3:cad>92</ns3:cad>
          </ns3:TrackPointExtension>
        </extensions>
      </trkpt>
      <trkpt lat="24.49203112162649631500244140625" lon="118.14213671721518039703369140625">
        <ele>34.200000762939453125</ele>
        <time>2025-06-10T22:51:39.000Z</time>
        <extensions>
          <ns3:TrackPointExtension>
            <ns3:hr>162</ns3:hr>
            <ns3:cad>92</ns3:cad>
          </ns3:TrackPointExtension>
        </extensions>
      </trkpt>
      <trkpt lat="24.492021985352039337158203125" lon="118.14216949045658111572265625">
        <ele>34.200000762939453125</ele>
        <time>2025-06-10T22:51:40.000Z</time>
        <extensions>
          <ns3:TrackPointExtension>
            <ns3:hr>162</ns3:hr>
            <ns3:cad>92</ns3:cad>
          </ns3:TrackPointExtension>
        </extensions>
      </trkpt>
      <trkpt lat="24.49201687239110469818115234375" lon="118.14220578409731388092041015625">
        <ele>34.200000762939453125</ele>
        <time>2025-06-10T22:51:41.000Z</time>
        <extensions>
          <ns3:TrackPointExtension>
            <ns3:hr>163</ns3:hr>
            <ns3:cad>93</ns3:cad>
          </ns3:TrackPointExtension>
        </extensions>
      </trkpt>
      <trkpt lat="24.49200916104018688201904296875" lon="118.142234198749065399169921875">
        <ele>34</ele>
        <time>2025-06-10T22:51:42.000Z</time>
        <extensions>
          <ns3:TrackPointExtension>
            <ns3:hr>163</ns3:hr>
            <ns3:cad>93</ns3:cad>
          </ns3:TrackPointExtension>
        </extensions>
      </trkpt>
      <trkpt lat="24.49199977330863475799560546875" lon="118.14227116294205188751220703125">
        <ele>34</ele>
        <time>2025-06-10T22:51:43.000Z</time>
        <extensions>
          <ns3:TrackPointExtension>
            <ns3:hr>163</ns3:hr>
            <ns3:cad>93</ns3:cad>
          </ns3:TrackPointExtension>
        </extensions>
      </trkpt>
      <trkpt lat="24.49199642054736614227294921875" lon="118.1422997452318668365478515625">
        <ele>34</ele>
        <time>2025-06-10T22:51:44.000Z</time>
        <extensions>
          <ns3:TrackPointExtension>
            <ns3:hr>163</ns3:hr>
            <ns3:cad>93</ns3:cad>
          </ns3:TrackPointExtension>
        </extensions>
      </trkpt>
      <trkpt lat="24.49199055321514606475830078125" lon="118.142339475452899932861328125">
        <ele>34</ele>
        <time>2025-06-10T22:51:45.000Z</time>
        <extensions>
          <ns3:TrackPointExtension>
            <ns3:hr>163</ns3:hr>
            <ns3:cad>93</ns3:cad>
          </ns3:TrackPointExtension>
        </extensions>
      </trkpt>
      <trkpt lat="24.491989128291606903076171875" lon="118.14237040467560291290283203125">
        <ele>34</ele>
        <time>2025-06-10T22:51:46.000Z</time>
        <extensions>
          <ns3:TrackPointExtension>
            <ns3:hr>164</ns3:hr>
            <ns3:cad>93</ns3:cad>
          </ns3:TrackPointExtension>
        </extensions>
      </trkpt>
      <trkpt lat="24.49198133312165737152099609375" lon="118.14241365529596805572509765625">
        <ele>34</ele>
        <time>2025-06-10T22:51:47.000Z</time>
        <extensions>
          <ns3:TrackPointExtension>
            <ns3:hr>164</ns3:hr>
            <ns3:cad>92</ns3:cad>
          </ns3:TrackPointExtension>
        </extensions>
      </trkpt>
      <trkpt lat="24.4919809140264987945556640625" lon="118.14244299195706844329833984375">
        <ele>34</ele>
        <time>2025-06-10T22:51:48.000Z</time>
        <extensions>
          <ns3:TrackPointExtension>
            <ns3:hr>165</ns3:hr>
            <ns3:cad>91</ns3:cad>
          </ns3:TrackPointExtension>
        </extensions>
      </trkpt>
      <trkpt lat="24.491971693933010101318359375" lon="118.1424834765493869781494140625">
        <ele>34</ele>
        <time>2025-06-10T22:51:49.000Z</time>
        <extensions>
          <ns3:TrackPointExtension>
            <ns3:hr>166</ns3:hr>
            <ns3:cad>91</ns3:cad>
          </ns3:TrackPointExtension>
        </extensions>
      </trkpt>
      <trkpt lat="24.49196876026690006256103515625" lon="118.142517507076263427734375">
        <ele>34.200000762939453125</ele>
        <time>2025-06-10T22:51:50.000Z</time>
        <extensions>
          <ns3:TrackPointExtension>
            <ns3:hr>166</ns3:hr>
            <ns3:cad>93</ns3:cad>
          </ns3:TrackPointExtension>
        </extensions>
      </trkpt>
      <trkpt lat="24.491955600678920745849609375" lon="118.14255011267960071563720703125">
        <ele>34.200000762939453125</ele>
        <time>2025-06-10T22:51:51.000Z</time>
        <extensions>
          <ns3:TrackPointExtension>
            <ns3:hr>166</ns3:hr>
            <ns3:cad>93</ns3:cad>
          </ns3:TrackPointExtension>
        </extensions>
      </trkpt>
      <trkpt lat="24.49194193817675113677978515625" lon="118.14258062280714511871337890625">
        <ele>34.40000152587890625</ele>
        <time>2025-06-10T22:51:52.000Z</time>
        <extensions>
          <ns3:TrackPointExtension>
            <ns3:hr>166</ns3:hr>
            <ns3:cad>92</ns3:cad>
          </ns3:TrackPointExtension>
        </extensions>
      </trkpt>
      <trkpt lat="24.4919252581894397735595703125" lon="118.1426048465073108673095703125">
        <ele>34.59999847412109375</ele>
        <time>2025-06-10T22:51:53.000Z</time>
        <extensions>
          <ns3:TrackPointExtension>
            <ns3:hr>166</ns3:hr>
            <ns3:cad>92</ns3:cad>
          </ns3:TrackPointExtension>
        </extensions>
      </trkpt>
      <trkpt lat="24.49191679246723651885986328125" lon="118.142639882862567901611328125">
        <ele>34.59999847412109375</ele>
        <time>2025-06-10T22:51:54.000Z</time>
        <extensions>
          <ns3:TrackPointExtension>
            <ns3:hr>167</ns3:hr>
            <ns3:cad>93</ns3:cad>
          </ns3:TrackPointExtension>
        </extensions>
      </trkpt>
      <trkpt lat="24.49190204031765460968017578125" lon="118.14266796223819255828857421875">
        <ele>34.799999237060546875</ele>
        <time>2025-06-10T22:51:55.000Z</time>
        <extensions>
          <ns3:TrackPointExtension>
            <ns3:hr>167</ns3:hr>
            <ns3:cad>93</ns3:cad>
          </ns3:TrackPointExtension>
        </extensions>
      </trkpt>
      <trkpt lat="24.4918987713754177093505859375" lon="118.14271322451531887054443359375">
        <ele>34.799999237060546875</ele>
        <time>2025-06-10T22:51:56.000Z</time>
        <extensions>
          <ns3:TrackPointExtension>
            <ns3:hr>167</ns3:hr>
            <ns3:cad>93</ns3:cad>
          </ns3:TrackPointExtension>
        </extensions>
      </trkpt>
      <trkpt lat="24.49189047329127788543701171875" lon="118.1427473388612270355224609375">
        <ele>34.799999237060546875</ele>
        <time>2025-06-10T22:51:57.000Z</time>
        <extensions>
          <ns3:TrackPointExtension>
            <ns3:hr>167</ns3:hr>
            <ns3:cad>92</ns3:cad>
          </ns3:TrackPointExtension>
        </extensions>
      </trkpt>
      <trkpt lat="24.4918880425393581390380859375" lon="118.14278279431164264678955078125">
        <ele>34.799999237060546875</ele>
        <time>2025-06-10T22:51:58.000Z</time>
        <extensions>
          <ns3:TrackPointExtension>
            <ns3:hr>167</ns3:hr>
            <ns3:cad>92</ns3:cad>
          </ns3:TrackPointExtension>
        </extensions>
      </trkpt>
      <trkpt lat="24.49187505058944225311279296875" lon="118.1428200937807559967041015625">
        <ele>34.799999237060546875</ele>
        <time>2025-06-10T22:51:59.000Z</time>
        <extensions>
          <ns3:TrackPointExtension>
            <ns3:hr>167</ns3:hr>
            <ns3:cad>90</ns3:cad>
          </ns3:TrackPointExtension>
        </extensions>
      </trkpt>
      <trkpt lat="24.49186583049595355987548828125" lon="118.14285881817340850830078125">
        <ele>34.799999237060546875</ele>
        <time>2025-06-10T22:52:00.000Z</time>
        <extensions>
          <ns3:TrackPointExtension>
            <ns3:hr>167</ns3:hr>
            <ns3:cad>89</ns3:cad>
          </ns3:TrackPointExtension>
        </extensions>
      </trkpt>
      <trkpt lat="24.49186616577208042144775390625" lon="118.142896033823490142822265625">
        <ele>35</ele>
        <time>2025-06-10T22:52:01.000Z</time>
        <extensions>
          <ns3:TrackPointExtension>
            <ns3:hr>167</ns3:hr>
            <ns3:cad>89</ns3:cad>
          </ns3:TrackPointExtension>
        </extensions>
      </trkpt>
      <trkpt lat="24.491864740848541259765625" lon="118.14293928444385528564453125">
        <ele>35</ele>
        <time>2025-06-10T22:52:02.000Z</time>
        <extensions>
          <ns3:TrackPointExtension>
            <ns3:hr>167</ns3:hr>
            <ns3:cad>90</ns3:cad>
          </ns3:TrackPointExtension>
        </extensions>
      </trkpt>
      <trkpt lat="24.4918561913073062896728515625" lon="118.1429706327617168426513671875">
        <ele>35</ele>
        <time>2025-06-10T22:52:03.000Z</time>
        <extensions>
          <ns3:TrackPointExtension>
            <ns3:hr>168</ns3:hr>
            <ns3:cad>90</ns3:cad>
          </ns3:TrackPointExtension>
        </extensions>
      </trkpt>
      <trkpt lat="24.49185074307024478912353515625" lon="118.14300877042114734649658203125">
        <ele>35</ele>
        <time>2025-06-10T22:52:04.000Z</time>
        <extensions>
          <ns3:TrackPointExtension>
            <ns3:hr>168</ns3:hr>
            <ns3:cad>90</ns3:cad>
          </ns3:TrackPointExtension>
        </extensions>
      </trkpt>
      <trkpt lat="24.4918421097099781036376953125" lon="118.1430383585393428802490234375">
        <ele>35</ele>
        <time>2025-06-10T22:52:05.000Z</time>
        <extensions>
          <ns3:TrackPointExtension>
            <ns3:hr>168</ns3:hr>
            <ns3:cad>91</ns3:cad>
          </ns3:TrackPointExtension>
        </extensions>
      </trkpt>
      <trkpt lat="24.49184152297675609588623046875" lon="118.14307599328458309173583984375">
        <ele>35.200000762939453125</ele>
        <time>2025-06-10T22:52:06.000Z</time>
        <extensions>
          <ns3:TrackPointExtension>
            <ns3:hr>168</ns3:hr>
            <ns3:cad>91</ns3:cad>
          </ns3:TrackPointExtension>
        </extensions>
      </trkpt>
      <trkpt lat="24.4918446242809295654296875" lon="118.1431097723543643951416015625">
        <ele>35.200000762939453125</ele>
        <time>2025-06-10T22:52:07.000Z</time>
        <extensions>
          <ns3:TrackPointExtension>
            <ns3:hr>168</ns3:hr>
            <ns3:cad>92</ns3:cad>
          </ns3:TrackPointExtension>
        </extensions>
      </trkpt>
      <trkpt lat="24.491839595139026641845703125" lon="118.14314422197639942169189453125">
        <ele>35.200000762939453125</ele>
        <time>2025-06-10T22:52:08.000Z</time>
        <extensions>
          <ns3:TrackPointExtension>
            <ns3:hr>168</ns3:hr>
            <ns3:cad>92</ns3:cad>
          </ns3:TrackPointExtension>
        </extensions>
      </trkpt>
      <trkpt lat="24.49183590710163116455078125" lon="118.1431733071804046630859375">
        <ele>35.40000152587890625</ele>
        <time>2025-06-10T22:52:09.000Z</time>
        <extensions>
          <ns3:TrackPointExtension>
            <ns3:hr>168</ns3:hr>
            <ns3:cad>92</ns3:cad>
          </ns3:TrackPointExtension>
        </extensions>
      </trkpt>
      <trkpt lat="24.49183314107358455657958984375" lon="118.14321395941078662872314453125">
        <ele>35.40000152587890625</ele>
        <time>2025-06-10T22:52:10.000Z</time>
        <extensions>
          <ns3:TrackPointExtension>
            <ns3:hr>168</ns3:hr>
            <ns3:cad>92</ns3:cad>
          </ns3:TrackPointExtension>
        </extensions>
      </trkpt>
      <trkpt lat="24.4918310455977916717529296875" lon="118.14324530772864818572998046875">
        <ele>35.40000152587890625</ele>
        <time>2025-06-10T22:52:11.000Z</time>
        <extensions>
          <ns3:TrackPointExtension>
            <ns3:hr>168</ns3:hr>
            <ns3:cad>92</ns3:cad>
          </ns3:TrackPointExtension>
        </extensions>
      </trkpt>
      <trkpt lat="24.49182392098009586334228515625" lon="118.1432878039777278900146484375">
        <ele>35.40000152587890625</ele>
        <time>2025-06-10T22:52:12.000Z</time>
        <extensions>
          <ns3:TrackPointExtension>
            <ns3:hr>168</ns3:hr>
            <ns3:cad>91</ns3:cad>
          </ns3:TrackPointExtension>
        </extensions>
      </trkpt>
      <trkpt lat="24.491821825504302978515625" lon="118.1433199904859066009521484375">
        <ele>35.40000152587890625</ele>
        <time>2025-06-10T22:52:13.000Z</time>
        <extensions>
          <ns3:TrackPointExtension>
            <ns3:hr>169</ns3:hr>
            <ns3:cad>91</ns3:cad>
          </ns3:TrackPointExtension>
        </extensions>
      </trkpt>
      <trkpt lat="24.49181268922984600067138671875" lon="118.143359720706939697265625">
        <ele>35.40000152587890625</ele>
        <time>2025-06-10T22:52:14.000Z</time>
        <extensions>
          <ns3:TrackPointExtension>
            <ns3:hr>169</ns3:hr>
            <ns3:cad>90</ns3:cad>
          </ns3:TrackPointExtension>
        </extensions>
      </trkpt>
      <trkpt lat="24.4918048940598964691162109375" lon="118.143391907215118408203125">
        <ele>35.59999847412109375</ele>
        <time>2025-06-10T22:52:15.000Z</time>
        <extensions>
          <ns3:TrackPointExtension>
            <ns3:hr>169</ns3:hr>
            <ns3:cad>90</ns3:cad>
          </ns3:TrackPointExtension>
        </extensions>
      </trkpt>
      <trkpt lat="24.491793997585773468017578125" lon="118.14342635683715343475341796875">
        <ele>35.40000152587890625</ele>
        <time>2025-06-10T22:52:16.000Z</time>
        <extensions>
          <ns3:TrackPointExtension>
            <ns3:hr>168</ns3:hr>
            <ns3:cad>90</ns3:cad>
          </ns3:TrackPointExtension>
        </extensions>
      </trkpt>
      <trkpt lat="24.49178494513034820556640625" lon="118.143455944955348968505859375">
        <ele>35.59999847412109375</ele>
        <time>2025-06-10T22:52:17.000Z</time>
        <extensions>
          <ns3:TrackPointExtension>
            <ns3:hr>169</ns3:hr>
            <ns3:cad>90</ns3:cad>
          </ns3:TrackPointExtension>
        </extensions>
      </trkpt>
      <trkpt lat="24.4917727075517177581787109375" lon="118.14349072985351085662841796875">
        <ele>35.59999847412109375</ele>
        <time>2025-06-10T22:52:18.000Z</time>
        <extensions>
          <ns3:TrackPointExtension>
            <ns3:hr>169</ns3:hr>
            <ns3:cad>90</ns3:cad>
          </ns3:TrackPointExtension>
        </extensions>
      </trkpt>
      <trkpt lat="24.49176725931465625762939453125" lon="118.143520653247833251953125">
        <ele>35.59999847412109375</ele>
        <time>2025-06-10T22:52:19.000Z</time>
        <extensions>
          <ns3:TrackPointExtension>
            <ns3:hr>169</ns3:hr>
            <ns3:cad>90</ns3:cad>
          </ns3:TrackPointExtension>
        </extensions>
      </trkpt>
      <trkpt lat="24.49176072143018245697021484375" lon="118.14355376176536083221435546875">
        <ele>35.59999847412109375</ele>
        <time>2025-06-10T22:52:20.000Z</time>
        <extensions>
          <ns3:TrackPointExtension>
            <ns3:hr>169</ns3:hr>
            <ns3:cad>90</ns3:cad>
          </ns3:TrackPointExtension>
        </extensions>
      </trkpt>
      <trkpt lat="24.49175275862216949462890625" lon="118.1435805000364780426025390625">
        <ele>35.59999847412109375</ele>
        <time>2025-06-10T22:52:21.000Z</time>
        <extensions>
          <ns3:TrackPointExtension>
            <ns3:hr>168</ns3:hr>
            <ns3:cad>90</ns3:cad>
          </ns3:TrackPointExtension>
        </extensions>
      </trkpt>
      <trkpt lat="24.49174043722450733184814453125" lon="118.143614195287227630615234375">
        <ele>35.40000152587890625</ele>
        <time>2025-06-10T22:52:22.000Z</time>
        <extensions>
          <ns3:TrackPointExtension>
            <ns3:hr>169</ns3:hr>
            <ns3:cad>90</ns3:cad>
          </ns3:TrackPointExtension>
        </extensions>
      </trkpt>
      <trkpt lat="24.4917364977300167083740234375" lon="118.14364260993897914886474609375">
        <ele>35.40000152587890625</ele>
        <time>2025-06-10T22:52:23.000Z</time>
        <extensions>
          <ns3:TrackPointExtension>
            <ns3:hr>169</ns3:hr>
            <ns3:cad>90</ns3:cad>
          </ns3:TrackPointExtension>
        </extensions>
      </trkpt>
      <trkpt lat="24.4917250983417034149169921875" lon="118.14367814920842647552490234375">
        <ele>35.40000152587890625</ele>
        <time>2025-06-10T22:52:24.000Z</time>
        <extensions>
          <ns3:TrackPointExtension>
            <ns3:hr>168</ns3:hr>
            <ns3:cad>90</ns3:cad>
          </ns3:TrackPointExtension>
        </extensions>
      </trkpt>
      <trkpt lat="24.49171897955238819122314453125" lon="118.14370832405984401702880859375">
        <ele>35.200000762939453125</ele>
        <time>2025-06-10T22:52:25.000Z</time>
        <extensions>
          <ns3:TrackPointExtension>
            <ns3:hr>168</ns3:hr>
            <ns3:cad>91</ns3:cad>
          </ns3:TrackPointExtension>
        </extensions>
      </trkpt>
      <trkpt lat="24.4917046464979648590087890625" lon="118.143743611872196197509765625">
        <ele>35.200000762939453125</ele>
        <time>2025-06-10T22:52:26.000Z</time>
        <extensions>
          <ns3:TrackPointExtension>
            <ns3:hr>168</ns3:hr>
            <ns3:cad>92</ns3:cad>
          </ns3:TrackPointExtension>
        </extensions>
      </trkpt>
      <trkpt lat="24.49169852770864963531494140625" lon="118.14377102069556713104248046875">
        <ele>35.200000762939453125</ele>
        <time>2025-06-10T22:52:27.000Z</time>
        <extensions>
          <ns3:TrackPointExtension>
            <ns3:hr>168</ns3:hr>
            <ns3:cad>92</ns3:cad>
          </ns3:TrackPointExtension>
        </extensions>
      </trkpt>
      <trkpt lat="24.4916862063109874725341796875" lon="118.14380563795566558837890625">
        <ele>35.200000762939453125</ele>
        <time>2025-06-10T22:52:28.000Z</time>
        <extensions>
          <ns3:TrackPointExtension>
            <ns3:hr>168</ns3:hr>
            <ns3:cad>92</ns3:cad>
          </ns3:TrackPointExtension>
        </extensions>
      </trkpt>
      <trkpt lat="24.49167975224554538726806640625" lon="118.1438383273780345916748046875">
        <ele>35.200000762939453125</ele>
        <time>2025-06-10T22:52:29.000Z</time>
        <extensions>
          <ns3:TrackPointExtension>
            <ns3:hr>168</ns3:hr>
            <ns3:cad>92</ns3:cad>
          </ns3:TrackPointExtension>
        </extensions>
      </trkpt>
      <trkpt lat="24.491675309836864471435546875" lon="118.1438742019236087799072265625">
        <ele>35</ele>
        <time>2025-06-10T22:52:30.000Z</time>
        <extensions>
          <ns3:TrackPointExtension>
            <ns3:hr>168</ns3:hr>
            <ns3:cad>92</ns3:cad>
          </ns3:TrackPointExtension>
        </extensions>
      </trkpt>
      <trkpt lat="24.49166952632367610931396484375" lon="118.14390814863145351409912109375">
        <ele>35</ele>
        <time>2025-06-10T22:52:31.000Z</time>
        <extensions>
          <ns3:TrackPointExtension>
            <ns3:hr>168</ns3:hr>
            <ns3:cad>92</ns3:cad>
          </ns3:TrackPointExtension>
        </extensions>
      </trkpt>
      <trkpt lat="24.49166424572467803955078125" lon="118.143940754234790802001953125">
        <ele>35</ele>
        <time>2025-06-10T22:52:32.000Z</time>
        <extensions>
          <ns3:TrackPointExtension>
            <ns3:hr>168</ns3:hr>
            <ns3:cad>92</ns3:cad>
          </ns3:TrackPointExtension>
        </extensions>
      </trkpt>
      <trkpt lat="24.4916568696498870849609375" lon="118.14397520385682582855224609375">
        <ele>34.799999237060546875</ele>
        <time>2025-06-10T22:52:33.000Z</time>
        <extensions>
          <ns3:TrackPointExtension>
            <ns3:hr>168</ns3:hr>
            <ns3:cad>92</ns3:cad>
          </ns3:TrackPointExtension>
        </extensions>
      </trkpt>
      <trkpt lat="24.4916577078402042388916015625" lon="118.1440146826207637786865234375">
        <ele>34.799999237060546875</ele>
        <time>2025-06-10T22:52:34.000Z</time>
        <extensions>
          <ns3:TrackPointExtension>
            <ns3:hr>169</ns3:hr>
            <ns3:cad>91</ns3:cad>
          </ns3:TrackPointExtension>
        </extensions>
      </trkpt>
      <trkpt lat="24.4916563667356967926025390625" lon="118.14405231736600399017333984375">
        <ele>34.799999237060546875</ele>
        <time>2025-06-10T22:52:35.000Z</time>
        <extensions>
          <ns3:TrackPointExtension>
            <ns3:hr>168</ns3:hr>
            <ns3:cad>91</ns3:cad>
          </ns3:TrackPointExtension>
        </extensions>
      </trkpt>
      <trkpt lat="24.49165083467960357666015625" lon="118.1440877728164196014404296875">
        <ele>34.799999237060546875</ele>
        <time>2025-06-10T22:52:36.000Z</time>
        <extensions>
          <ns3:TrackPointExtension>
            <ns3:hr>168</ns3:hr>
            <ns3:cad>91</ns3:cad>
          </ns3:TrackPointExtension>
        </extensions>
      </trkpt>
      <trkpt lat="24.4916432909667491912841796875" lon="118.14413093961775302886962890625">
        <ele>34.799999237060546875</ele>
        <time>2025-06-10T22:52:37.000Z</time>
        <extensions>
          <ns3:TrackPointExtension>
            <ns3:hr>167</ns3:hr>
            <ns3:cad>91</ns3:cad>
          </ns3:TrackPointExtension>
        </extensions>
      </trkpt>
      <trkpt lat="24.4916335679590702056884765625" lon="118.14416564069688320159912109375">
        <ele>34.799999237060546875</ele>
        <time>2025-06-10T22:52:38.000Z</time>
        <extensions>
          <ns3:TrackPointExtension>
            <ns3:hr>167</ns3:hr>
            <ns3:cad>91</ns3:cad>
          </ns3:TrackPointExtension>
        </extensions>
      </trkpt>
      <trkpt lat="24.49162560515105724334716796875" lon="118.14420419745147228240966796875">
        <ele>34.59999847412109375</ele>
        <time>2025-06-10T22:52:39.000Z</time>
        <extensions>
          <ns3:TrackPointExtension>
            <ns3:hr>167</ns3:hr>
            <ns3:cad>92</ns3:cad>
          </ns3:TrackPointExtension>
        </extensions>
      </trkpt>
      <trkpt lat="24.49161739088594913482666015625" lon="118.1442413292825222015380859375">
        <ele>34.59999847412109375</ele>
        <time>2025-06-10T22:52:40.000Z</time>
        <extensions>
          <ns3:TrackPointExtension>
            <ns3:hr>167</ns3:hr>
            <ns3:cad>92</ns3:cad>
          </ns3:TrackPointExtension>
        </extensions>
      </trkpt>
      <trkpt lat="24.49161085300147533416748046875" lon="118.14428667537868022918701171875">
        <ele>34.59999847412109375</ele>
        <time>2025-06-10T22:52:41.000Z</time>
        <extensions>
          <ns3:TrackPointExtension>
            <ns3:hr>167</ns3:hr>
            <ns3:cad>92</ns3:cad>
          </ns3:TrackPointExtension>
        </extensions>
      </trkpt>
      <trkpt lat="24.4916040636599063873291015625" lon="118.14432422630488872528076171875">
        <ele>34.59999847412109375</ele>
        <time>2025-06-10T22:52:42.000Z</time>
        <extensions>
          <ns3:TrackPointExtension>
            <ns3:hr>167</ns3:hr>
            <ns3:cad>92</ns3:cad>
          </ns3:TrackPointExtension>
        </extensions>
      </trkpt>
      <trkpt lat="24.49159341864287853240966796875" lon="118.14436647109687328338623046875">
        <ele>34.59999847412109375</ele>
        <time>2025-06-10T22:52:43.000Z</time>
        <extensions>
          <ns3:TrackPointExtension>
            <ns3:hr>167</ns3:hr>
            <ns3:cad>92</ns3:cad>
          </ns3:TrackPointExtension>
        </extensions>
      </trkpt>
      <trkpt lat="24.49157983995974063873291015625" lon="118.1443995796144008636474609375">
        <ele>34.59999847412109375</ele>
        <time>2025-06-10T22:52:44.000Z</time>
        <extensions>
          <ns3:TrackPointExtension>
            <ns3:hr>167</ns3:hr>
            <ns3:cad>91</ns3:cad>
          </ns3:TrackPointExtension>
        </extensions>
      </trkpt>
      <trkpt lat="24.49156978167593479156494140625" lon="118.14443863928318023681640625">
        <ele>34.59999847412109375</ele>
        <time>2025-06-10T22:52:45.000Z</time>
        <extensions>
          <ns3:TrackPointExtension>
            <ns3:hr>167</ns3:hr>
            <ns3:cad>91</ns3:cad>
          </ns3:TrackPointExtension>
        </extensions>
      </trkpt>
      <trkpt lat="24.49156559072434902191162109375" lon="118.1444743461906909942626953125">
        <ele>34.59999847412109375</ele>
        <time>2025-06-10T22:52:46.000Z</time>
        <extensions>
          <ns3:TrackPointExtension>
            <ns3:hr>167</ns3:hr>
            <ns3:cad>91</ns3:cad>
          </ns3:TrackPointExtension>
        </extensions>
      </trkpt>
      <trkpt lat="24.49155905283987522125244140625" lon="118.14451382495462894439697265625">
        <ele>34.59999847412109375</ele>
        <time>2025-06-10T22:52:47.000Z</time>
        <extensions>
          <ns3:TrackPointExtension>
            <ns3:hr>166</ns3:hr>
            <ns3:cad>91</ns3:cad>
          </ns3:TrackPointExtension>
        </extensions>
      </trkpt>
      <trkpt lat="24.4915514253079891204833984375" lon="118.1445507891476154327392578125">
        <ele>34.59999847412109375</ele>
        <time>2025-06-10T22:52:48.000Z</time>
        <extensions>
          <ns3:TrackPointExtension>
            <ns3:hr>167</ns3:hr>
            <ns3:cad>90</ns3:cad>
          </ns3:TrackPointExtension>
        </extensions>
      </trkpt>
      <trkpt lat="24.4915361702442169189453125" lon="118.14459429122507572174072265625">
        <ele>34.59999847412109375</ele>
        <time>2025-06-10T22:52:49.000Z</time>
        <extensions>
          <ns3:TrackPointExtension>
            <ns3:hr>167</ns3:hr>
            <ns3:cad>90</ns3:cad>
          </ns3:TrackPointExtension>
        </extensions>
      </trkpt>
      <trkpt lat="24.4915225915610790252685546875" lon="118.14462899230420589447021484375">
        <ele>34.59999847412109375</ele>
        <time>2025-06-10T22:52:50.000Z</time>
        <extensions>
          <ns3:TrackPointExtension>
            <ns3:hr>167</ns3:hr>
            <ns3:cad>91</ns3:cad>
          </ns3:TrackPointExtension>
        </extensions>
      </trkpt>
      <trkpt lat="24.4915189035236835479736328125" lon="118.14466939307749271392822265625">
        <ele>34.59999847412109375</ele>
        <time>2025-06-10T22:52:51.000Z</time>
        <extensions>
          <ns3:TrackPointExtension>
            <ns3:hr>166</ns3:hr>
            <ns3:cad>91</ns3:cad>
          </ns3:TrackPointExtension>
        </extensions>
      </trkpt>
      <trkpt lat="24.4915152154862880706787109375" lon="118.14470359124243259429931640625">
        <ele>34.40000152587890625</ele>
        <time>2025-06-10T22:52:52.000Z</time>
        <extensions>
          <ns3:TrackPointExtension>
            <ns3:hr>167</ns3:hr>
            <ns3:cad>92</ns3:cad>
          </ns3:TrackPointExtension>
        </extensions>
      </trkpt>
      <trkpt lat="24.4915075041353702545166015625" lon="118.14474172890186309814453125">
        <ele>34.40000152587890625</ele>
        <time>2025-06-10T22:52:53.000Z</time>
        <extensions>
          <ns3:TrackPointExtension>
            <ns3:hr>167</ns3:hr>
            <ns3:cad>92</ns3:cad>
          </ns3:TrackPointExtension>
        </extensions>
      </trkpt>
      <trkpt lat="24.4914994575083255767822265625" lon="118.1447764299809932708740234375">
        <ele>34.200000762939453125</ele>
        <time>2025-06-10T22:52:54.000Z</time>
        <extensions>
          <ns3:TrackPointExtension>
            <ns3:hr>167</ns3:hr>
            <ns3:cad>92</ns3:cad>
          </ns3:TrackPointExtension>
        </extensions>
      </trkpt>
      <trkpt lat="24.49149048887193202972412109375" lon="118.14481238834559917449951171875">
        <ele>34.200000762939453125</ele>
        <time>2025-06-10T22:52:55.000Z</time>
        <extensions>
          <ns3:TrackPointExtension>
            <ns3:hr>167</ns3:hr>
            <ns3:cad>90</ns3:cad>
          </ns3:TrackPointExtension>
        </extensions>
      </trkpt>
      <trkpt lat="24.49147892184555530548095703125" lon="118.144843988120555877685546875">
        <ele>34</ele>
        <time>2025-06-10T22:52:56.000Z</time>
        <extensions>
          <ns3:TrackPointExtension>
            <ns3:hr>167</ns3:hr>
            <ns3:cad>92</ns3:cad>
          </ns3:TrackPointExtension>
        </extensions>
      </trkpt>
      <trkpt lat="24.4914642535150051116943359375" lon="118.1448793597519397735595703125">
        <ele>34</ele>
        <time>2025-06-10T22:52:57.000Z</time>
        <extensions>
          <ns3:TrackPointExtension>
            <ns3:hr>166</ns3:hr>
            <ns3:cad>92</ns3:cad>
          </ns3:TrackPointExtension>
        </extensions>
      </trkpt>
      <trkpt lat="24.4914565421640872955322265625" lon="118.14491565339267253875732421875">
        <ele>34</ele>
        <time>2025-06-10T22:52:58.000Z</time>
        <extensions>
          <ns3:TrackPointExtension>
            <ns3:hr>167</ns3:hr>
            <ns3:cad>91</ns3:cad>
          </ns3:TrackPointExtension>
        </extensions>
      </trkpt>
      <trkpt lat="24.49144455604255199432373046875" lon="118.14495219849050045013427734375">
        <ele>34</ele>
        <time>2025-06-10T22:52:59.000Z</time>
        <extensions>
          <ns3:TrackPointExtension>
            <ns3:hr>167</ns3:hr>
            <ns3:cad>91</ns3:cad>
          </ns3:TrackPointExtension>
        </extensions>
      </trkpt>
      <trkpt lat="24.49143986217677593231201171875" lon="118.14498857595026493072509765625">
        <ele>34</ele>
        <time>2025-06-10T22:53:00.000Z</time>
        <extensions>
          <ns3:TrackPointExtension>
            <ns3:hr>167</ns3:hr>
            <ns3:cad>92</ns3:cad>
          </ns3:TrackPointExtension>
        </extensions>
      </trkpt>
      <trkpt lat="24.4914290495216846466064453125" lon="118.145027048885822296142578125">
        <ele>33.799999237060546875</ele>
        <time>2025-06-10T22:53:01.000Z</time>
        <extensions>
          <ns3:TrackPointExtension>
            <ns3:hr>167</ns3:hr>
            <ns3:cad>92</ns3:cad>
          </ns3:TrackPointExtension>
        </extensions>
      </trkpt>
      <trkpt lat="24.4914256967604160308837890625" lon="118.14506501890718936920166015625">
        <ele>33.799999237060546875</ele>
        <time>2025-06-10T22:53:02.000Z</time>
        <extensions>
          <ns3:TrackPointExtension>
            <ns3:hr>167</ns3:hr>
            <ns3:cad>92</ns3:cad>
          </ns3:TrackPointExtension>
        </extensions>
      </trkpt>
      <trkpt lat="24.4914166443049907684326171875" lon="118.1451026536524295806884765625">
        <ele>33.59999847412109375</ele>
        <time>2025-06-10T22:53:03.000Z</time>
        <extensions>
          <ns3:TrackPointExtension>
            <ns3:hr>167</ns3:hr>
            <ns3:cad>92</ns3:cad>
          </ns3:TrackPointExtension>
        </extensions>
      </trkpt>
      <trkpt lat="24.49140951968729496002197265625" lon="118.14514003694057464599609375">
        <ele>33.59999847412109375</ele>
        <time>2025-06-10T22:53:04.000Z</time>
        <extensions>
          <ns3:TrackPointExtension>
            <ns3:hr>167</ns3:hr>
            <ns3:cad>92</ns3:cad>
          </ns3:TrackPointExtension>
        </extensions>
      </trkpt>
      <trkpt lat="24.4913971982896327972412109375" lon="118.14517398364841938018798828125">
        <ele>33.59999847412109375</ele>
        <time>2025-06-10T22:53:05.000Z</time>
        <extensions>
          <ns3:TrackPointExtension>
            <ns3:hr>168</ns3:hr>
            <ns3:cad>92</ns3:cad>
          </ns3:TrackPointExtension>
        </extensions>
      </trkpt>
      <trkpt lat="24.49138789437711238861083984375" lon="118.1452086009085178375244140625">
        <ele>33.59999847412109375</ele>
        <time>2025-06-10T22:53:06.000Z</time>
        <extensions>
          <ns3:TrackPointExtension>
            <ns3:hr>167</ns3:hr>
            <ns3:cad>92</ns3:cad>
          </ns3:TrackPointExtension>
        </extensions>
      </trkpt>
      <trkpt lat="24.491374231874942779541015625" lon="118.14523919485509395599365234375">
        <ele>33.59999847412109375</ele>
        <time>2025-06-10T22:53:07.000Z</time>
        <extensions>
          <ns3:TrackPointExtension>
            <ns3:hr>167</ns3:hr>
            <ns3:cad>92</ns3:cad>
          </ns3:TrackPointExtension>
        </extensions>
      </trkpt>
      <trkpt lat="24.491364844143390655517578125" lon="118.1452749855816364288330078125">
        <ele>33.59999847412109375</ele>
        <time>2025-06-10T22:53:08.000Z</time>
        <extensions>
          <ns3:TrackPointExtension>
            <ns3:hr>168</ns3:hr>
            <ns3:cad>91</ns3:cad>
          </ns3:TrackPointExtension>
        </extensions>
      </trkpt>
      <trkpt lat="24.49135671369731426239013671875" lon="118.145307339727878570556640625">
        <ele>33.59999847412109375</ele>
        <time>2025-06-10T22:53:09.000Z</time>
        <extensions>
          <ns3:TrackPointExtension>
            <ns3:hr>168</ns3:hr>
            <ns3:cad>90</ns3:cad>
          </ns3:TrackPointExtension>
        </extensions>
      </trkpt>
      <trkpt lat="24.49134632013738155364990234375" lon="118.145346902310848236083984375">
        <ele>33.59999847412109375</ele>
        <time>2025-06-10T22:53:10.000Z</time>
        <extensions>
          <ns3:TrackPointExtension>
            <ns3:hr>168</ns3:hr>
            <ns3:cad>90</ns3:cad>
          </ns3:TrackPointExtension>
        </extensions>
      </trkpt>
      <trkpt lat="24.49133173562586307525634765625" lon="118.1453834474086761474609375">
        <ele>33.40000152587890625</ele>
        <time>2025-06-10T22:53:11.000Z</time>
        <extensions>
          <ns3:TrackPointExtension>
            <ns3:hr>168</ns3:hr>
            <ns3:cad>90</ns3:cad>
          </ns3:TrackPointExtension>
        </extensions>
      </trkpt>
      <trkpt lat="24.49131648056209087371826171875" lon="118.14542091451585292816162109375">
        <ele>33.40000152587890625</ele>
        <time>2025-06-10T22:53:12.000Z</time>
        <extensions>
          <ns3:TrackPointExtension>
            <ns3:hr>168</ns3:hr>
            <ns3:cad>90</ns3:cad>
          </ns3:TrackPointExtension>
        </extensions>
      </trkpt>
      <trkpt lat="24.491301141679286956787109375" lon="118.14546030946075916290283203125">
        <ele>33.59999847412109375</ele>
        <time>2025-06-10T22:53:13.000Z</time>
        <extensions>
          <ns3:TrackPointExtension>
            <ns3:hr>168</ns3:hr>
            <ns3:cad>91</ns3:cad>
          </ns3:TrackPointExtension>
        </extensions>
      </trkpt>
      <trkpt lat="24.49129032902419567108154296875" lon="118.145495094358921051025390625">
        <ele>33.59999847412109375</ele>
        <time>2025-06-10T22:53:14.000Z</time>
        <extensions>
          <ns3:TrackPointExtension>
            <ns3:hr>168</ns3:hr>
            <ns3:cad>91</ns3:cad>
          </ns3:TrackPointExtension>
        </extensions>
      </trkpt>
      <trkpt lat="24.49128328822553157806396484375" lon="118.1455284543335437774658203125">
        <ele>33.59999847412109375</ele>
        <time>2025-06-10T22:53:15.000Z</time>
        <extensions>
          <ns3:TrackPointExtension>
            <ns3:hr>168</ns3:hr>
            <ns3:cad>90</ns3:cad>
          </ns3:TrackPointExtension>
        </extensions>
      </trkpt>
      <trkpt lat="24.49127054773271083831787109375" lon="118.14556709490716457366943359375">
        <ele>33.40000152587890625</ele>
        <time>2025-06-10T22:53:16.000Z</time>
        <extensions>
          <ns3:TrackPointExtension>
            <ns3:hr>168</ns3:hr>
            <ns3:cad>90</ns3:cad>
          </ns3:TrackPointExtension>
        </extensions>
      </trkpt>
      <trkpt lat="24.49126149527728557586669921875" lon="118.1456012092530727386474609375">
        <ele>33.40000152587890625</ele>
        <time>2025-06-10T22:53:17.000Z</time>
        <extensions>
          <ns3:TrackPointExtension>
            <ns3:hr>168</ns3:hr>
            <ns3:cad>90</ns3:cad>
          </ns3:TrackPointExtension>
        </extensions>
      </trkpt>
      <trkpt lat="24.49124841950833797454833984375" lon="118.14564169384539127349853515625">
        <ele>33.200000762939453125</ele>
        <time>2025-06-10T22:53:18.000Z</time>
        <extensions>
          <ns3:TrackPointExtension>
            <ns3:hr>168</ns3:hr>
            <ns3:cad>90</ns3:cad>
          </ns3:TrackPointExtension>
        </extensions>
      </trkpt>
      <trkpt lat="24.491240791976451873779296875" lon="118.14567153342068195343017578125">
        <ele>33</ele>
        <time>2025-06-10T22:53:19.000Z</time>
        <extensions>
          <ns3:TrackPointExtension>
            <ns3:hr>168</ns3:hr>
            <ns3:cad>90</ns3:cad>
          </ns3:TrackPointExtension>
        </extensions>
      </trkpt>
      <trkpt lat="24.49122813530266284942626953125" lon="118.14571025781333446502685546875">
        <ele>33</ele>
        <time>2025-06-10T22:53:20.000Z</time>
        <extensions>
          <ns3:TrackPointExtension>
            <ns3:hr>168</ns3:hr>
            <ns3:cad>92</ns3:cad>
          </ns3:TrackPointExtension>
        </extensions>
      </trkpt>
      <trkpt lat="24.4912174902856349945068359375" lon="118.14574009738862514495849609375">
        <ele>32.799999237060546875</ele>
        <time>2025-06-10T22:53:21.000Z</time>
        <extensions>
          <ns3:TrackPointExtension>
            <ns3:hr>168</ns3:hr>
            <ns3:cad>93</ns3:cad>
          </ns3:TrackPointExtension>
        </extensions>
      </trkpt>
      <trkpt lat="24.49121019802987575531005859375" lon="118.145773373544216156005859375">
        <ele>32.799999237060546875</ele>
        <time>2025-06-10T22:53:22.000Z</time>
        <extensions>
          <ns3:TrackPointExtension>
            <ns3:hr>168</ns3:hr>
            <ns3:cad>93</ns3:cad>
          </ns3:TrackPointExtension>
        </extensions>
      </trkpt>
      <trkpt lat="24.4911970384418964385986328125" lon="118.145805560052394866943359375">
        <ele>32.799999237060546875</ele>
        <time>2025-06-10T22:53:23.000Z</time>
        <extensions>
          <ns3:TrackPointExtension>
            <ns3:hr>169</ns3:hr>
            <ns3:cad>93</ns3:cad>
          </ns3:TrackPointExtension>
        </extensions>
      </trkpt>
      <trkpt lat="24.49118220247328281402587890625" lon="118.14583699218928813934326171875">
        <ele>32.799999237060546875</ele>
        <time>2025-06-10T22:53:24.000Z</time>
        <extensions>
          <ns3:TrackPointExtension>
            <ns3:hr>168</ns3:hr>
            <ns3:cad>92</ns3:cad>
          </ns3:TrackPointExtension>
        </extensions>
      </trkpt>
      <trkpt lat="24.49117206037044525146484375" lon="118.1458697654306888580322265625">
        <ele>32.799999237060546875</ele>
        <time>2025-06-10T22:53:25.000Z</time>
        <extensions>
          <ns3:TrackPointExtension>
            <ns3:hr>168</ns3:hr>
            <ns3:cad>92</ns3:cad>
          </ns3:TrackPointExtension>
        </extensions>
      </trkpt>
      <trkpt lat="24.49115672148764133453369140625" lon="118.14590387977659702301025390625">
        <ele>32.799999237060546875</ele>
        <time>2025-06-10T22:53:26.000Z</time>
        <extensions>
          <ns3:TrackPointExtension>
            <ns3:hr>168</ns3:hr>
            <ns3:cad>92</ns3:cad>
          </ns3:TrackPointExtension>
        </extensions>
      </trkpt>
      <trkpt lat="24.49114280752837657928466796875" lon="118.145934976637363433837890625">
        <ele>32.799999237060546875</ele>
        <time>2025-06-10T22:53:27.000Z</time>
        <extensions>
          <ns3:TrackPointExtension>
            <ns3:hr>169</ns3:hr>
            <ns3:cad>92</ns3:cad>
          </ns3:TrackPointExtension>
        </extensions>
      </trkpt>
      <trkpt lat="24.49112386442720890045166015625" lon="118.1459710188210010528564453125">
        <ele>32.799999237060546875</ele>
        <time>2025-06-10T22:53:28.000Z</time>
        <extensions>
          <ns3:TrackPointExtension>
            <ns3:hr>169</ns3:hr>
            <ns3:cad>90</ns3:cad>
          </ns3:TrackPointExtension>
        </extensions>
      </trkpt>
      <trkpt lat="24.4911148957908153533935546875" lon="118.14600312151014804840087890625">
        <ele>32.799999237060546875</ele>
        <time>2025-06-10T22:53:29.000Z</time>
        <extensions>
          <ns3:TrackPointExtension>
            <ns3:hr>169</ns3:hr>
            <ns3:cad>90</ns3:cad>
          </ns3:TrackPointExtension>
        </extensions>
      </trkpt>
      <trkpt lat="24.49109653942286968231201171875" lon="118.14604134298861026763916015625">
        <ele>32.59999847412109375</ele>
        <time>2025-06-10T22:53:30.000Z</time>
        <extensions>
          <ns3:TrackPointExtension>
            <ns3:hr>169</ns3:hr>
            <ns3:cad>90</ns3:cad>
          </ns3:TrackPointExtension>
        </extensions>
      </trkpt>
      <trkpt lat="24.4910853914916515350341796875" lon="118.14607101492583751678466796875">
        <ele>32.59999847412109375</ele>
        <time>2025-06-10T22:53:31.000Z</time>
        <extensions>
          <ns3:TrackPointExtension>
            <ns3:hr>169</ns3:hr>
            <ns3:cad>89</ns3:cad>
          </ns3:TrackPointExtension>
        </extensions>
      </trkpt>
      <trkpt lat="24.49107038788497447967529296875" lon="118.1461014412343502044677734375">
        <ele>32.40000152587890625</ele>
        <time>2025-06-10T22:53:32.000Z</time>
        <extensions>
          <ns3:TrackPointExtension>
            <ns3:hr>169</ns3:hr>
            <ns3:cad>89</ns3:cad>
          </ns3:TrackPointExtension>
        </extensions>
      </trkpt>
      <trkpt lat="24.49106083251535892486572265625" lon="118.146130777895450592041015625">
        <ele>32.40000152587890625</ele>
        <time>2025-06-10T22:53:33.000Z</time>
        <extensions>
          <ns3:TrackPointExtension>
            <ns3:hr>169</ns3:hr>
            <ns3:cad>89</ns3:cad>
          </ns3:TrackPointExtension>
        </extensions>
      </trkpt>
      <trkpt lat="24.49104004539549350738525390625" lon="118.1461638025939464569091796875">
        <ele>32.40000152587890625</ele>
        <time>2025-06-10T22:53:34.000Z</time>
        <extensions>
          <ns3:TrackPointExtension>
            <ns3:hr>169</ns3:hr>
            <ns3:cad>89</ns3:cad>
          </ns3:TrackPointExtension>
        </extensions>
      </trkpt>
      <trkpt lat="24.4910277239978313446044921875" lon="118.14619137905538082122802734375">
        <ele>32.59999847412109375</ele>
        <time>2025-06-10T22:53:35.000Z</time>
        <extensions>
          <ns3:TrackPointExtension>
            <ns3:hr>169</ns3:hr>
            <ns3:cad>89</ns3:cad>
          </ns3:TrackPointExtension>
        </extensions>
      </trkpt>
      <trkpt lat="24.49101154692471027374267578125" lon="118.14622205682098865509033203125">
        <ele>32.59999847412109375</ele>
        <time>2025-06-10T22:53:36.000Z</time>
        <extensions>
          <ns3:TrackPointExtension>
            <ns3:hr>169</ns3:hr>
            <ns3:cad>88</ns3:cad>
          </ns3:TrackPointExtension>
        </extensions>
      </trkpt>
      <trkpt lat="24.491004757583141326904296875" lon="118.14625273458659648895263671875">
        <ele>32.59999847412109375</ele>
        <time>2025-06-10T22:53:37.000Z</time>
        <extensions>
          <ns3:TrackPointExtension>
            <ns3:hr>169</ns3:hr>
            <ns3:cad>88</ns3:cad>
          </ns3:TrackPointExtension>
        </extensions>
      </trkpt>
      <trkpt lat="24.49098707176744937896728515625" lon="118.1462871842086315155029296875">
        <ele>32.799999237060546875</ele>
        <time>2025-06-10T22:53:38.000Z</time>
        <extensions>
          <ns3:TrackPointExtension>
            <ns3:hr>170</ns3:hr>
            <ns3:cad>88</ns3:cad>
          </ns3:TrackPointExtension>
        </extensions>
      </trkpt>
      <trkpt lat="24.490978606045246124267578125" lon="118.14631794579327106475830078125">
        <ele>32.59999847412109375</ele>
        <time>2025-06-10T22:53:39.000Z</time>
        <extensions>
          <ns3:TrackPointExtension>
            <ns3:hr>169</ns3:hr>
            <ns3:cad>88</ns3:cad>
          </ns3:TrackPointExtension>
        </extensions>
      </trkpt>
      <trkpt lat="24.49096544645726680755615234375" lon="118.14635365270078182220458984375">
        <ele>32.59999847412109375</ele>
        <time>2025-06-10T22:53:40.000Z</time>
        <extensions>
          <ns3:TrackPointExtension>
            <ns3:hr>169</ns3:hr>
            <ns3:cad>89</ns3:cad>
          </ns3:TrackPointExtension>
        </extensions>
      </trkpt>
      <trkpt lat="24.490957148373126983642578125" lon="118.14638483338057994842529296875">
        <ele>32.40000152587890625</ele>
        <time>2025-06-10T22:53:41.000Z</time>
        <extensions>
          <ns3:TrackPointExtension>
            <ns3:hr>169</ns3:hr>
            <ns3:cad>89</ns3:cad>
          </ns3:TrackPointExtension>
        </extensions>
      </trkpt>
      <trkpt lat="24.490936361253261566162109375" lon="118.1464241445064544677734375">
        <ele>32.40000152587890625</ele>
        <time>2025-06-10T22:53:42.000Z</time>
        <extensions>
          <ns3:TrackPointExtension>
            <ns3:hr>170</ns3:hr>
            <ns3:cad>89</ns3:cad>
          </ns3:TrackPointExtension>
        </extensions>
      </trkpt>
      <trkpt lat="24.49092051945626735687255859375" lon="118.146453313529491424560546875">
        <ele>32.200000762939453125</ele>
        <time>2025-06-10T22:53:43.000Z</time>
        <extensions>
          <ns3:TrackPointExtension>
            <ns3:hr>170</ns3:hr>
            <ns3:cad>89</ns3:cad>
          </ns3:TrackPointExtension>
        </extensions>
      </trkpt>
      <trkpt lat="24.4909033365547657012939453125" lon="118.146486170589923858642578125">
        <ele>32.40000152587890625</ele>
        <time>2025-06-10T22:53:44.000Z</time>
        <extensions>
          <ns3:TrackPointExtension>
            <ns3:hr>170</ns3:hr>
            <ns3:cad>89</ns3:cad>
          </ns3:TrackPointExtension>
        </extensions>
      </trkpt>
      <trkpt lat="24.49089017696678638458251953125" lon="118.14651072956621646881103515625">
        <ele>32.200000762939453125</ele>
        <time>2025-06-10T22:53:45.000Z</time>
        <extensions>
          <ns3:TrackPointExtension>
            <ns3:hr>170</ns3:hr>
            <ns3:cad>89</ns3:cad>
          </ns3:TrackPointExtension>
        </extensions>
      </trkpt>
      <trkpt lat="24.4908745028078556060791015625" lon="118.1465470232069492340087890625">
        <ele>32.200000762939453125</ele>
        <time>2025-06-10T22:53:46.000Z</time>
        <extensions>
          <ns3:TrackPointExtension>
            <ns3:hr>169</ns3:hr>
            <ns3:cad>89</ns3:cad>
          </ns3:TrackPointExtension>
        </extensions>
      </trkpt>
      <trkpt lat="24.49086151085793972015380859375" lon="118.14657392911612987518310546875">
        <ele>32.200000762939453125</ele>
        <time>2025-06-10T22:53:47.000Z</time>
        <extensions>
          <ns3:TrackPointExtension>
            <ns3:hr>169</ns3:hr>
            <ns3:cad>89</ns3:cad>
          </ns3:TrackPointExtension>
        </extensions>
      </trkpt>
      <trkpt lat="24.49084223248064517974853515625" lon="118.14660527743399143218994140625">
        <ele>32</ele>
        <time>2025-06-10T22:53:48.000Z</time>
        <extensions>
          <ns3:TrackPointExtension>
            <ns3:hr>169</ns3:hr>
            <ns3:cad>90</ns3:cad>
          </ns3:TrackPointExtension>
        </extensions>
      </trkpt>
      <trkpt lat="24.490831084549427032470703125" lon="118.14662975259125232696533203125">
        <ele>31.799999237060546875</ele>
        <time>2025-06-10T22:53:49.000Z</time>
        <extensions>
          <ns3:TrackPointExtension>
            <ns3:hr>169</ns3:hr>
            <ns3:cad>90</ns3:cad>
          </ns3:TrackPointExtension>
        </extensions>
      </trkpt>
      <trkpt lat="24.49081532657146453857421875" lon="118.14665950834751129150390625">
        <ele>31.799999237060546875</ele>
        <time>2025-06-10T22:53:50.000Z</time>
        <extensions>
          <ns3:TrackPointExtension>
            <ns3:hr>169</ns3:hr>
            <ns3:cad>90</ns3:cad>
          </ns3:TrackPointExtension>
        </extensions>
      </trkpt>
      <trkpt lat="24.49080350808799266815185546875" lon="118.1466829776763916015625">
        <ele>31.799999237060546875</ele>
        <time>2025-06-10T22:53:51.000Z</time>
        <extensions>
          <ns3:TrackPointExtension>
            <ns3:hr>168</ns3:hr>
            <ns3:cad>90</ns3:cad>
          </ns3:TrackPointExtension>
        </extensions>
      </trkpt>
      <trkpt lat="24.49078808538615703582763671875" lon="118.1467129848897457122802734375">
        <ele>31.799999237060546875</ele>
        <time>2025-06-10T22:53:52.000Z</time>
        <extensions>
          <ns3:TrackPointExtension>
            <ns3:hr>168</ns3:hr>
            <ns3:cad>90</ns3:cad>
          </ns3:TrackPointExtension>
        </extensions>
      </trkpt>
      <trkpt lat="24.49078272096812725067138671875" lon="118.146741650998592376708984375">
        <ele>31.799999237060546875</ele>
        <time>2025-06-10T22:53:53.000Z</time>
        <extensions>
          <ns3:TrackPointExtension>
            <ns3:hr>168</ns3:hr>
            <ns3:cad>90</ns3:cad>
          </ns3:TrackPointExtension>
        </extensions>
      </trkpt>
      <trkpt lat="24.49077132157981395721435546875" lon="118.14677157439291477203369140625">
        <ele>31.799999237060546875</ele>
        <time>2025-06-10T22:53:54.000Z</time>
        <extensions>
          <ns3:TrackPointExtension>
            <ns3:hr>168</ns3:hr>
            <ns3:cad>90</ns3:cad>
          </ns3:TrackPointExtension>
        </extensions>
      </trkpt>
      <trkpt lat="24.490757323801517486572265625" lon="118.14679789356887340545654296875">
        <ele>31.799999237060546875</ele>
        <time>2025-06-10T22:53:55.000Z</time>
        <extensions>
          <ns3:TrackPointExtension>
            <ns3:hr>167</ns3:hr>
            <ns3:cad>88</ns3:cad>
          </ns3:TrackPointExtension>
        </extensions>
      </trkpt>
      <trkpt lat="24.490738548338413238525390625" lon="118.146832846105098724365234375">
        <ele>31.799999237060546875</ele>
        <time>2025-06-10T22:53:56.000Z</time>
        <extensions>
          <ns3:TrackPointExtension>
            <ns3:hr>167</ns3:hr>
            <ns3:cad>88</ns3:cad>
          </ns3:TrackPointExtension>
        </extensions>
      </trkpt>
      <trkpt lat="24.4907246343791484832763671875" lon="118.14685958437621593475341796875">
        <ele>31.799999237060546875</ele>
        <time>2025-06-10T22:53:57.000Z</time>
        <extensions>
          <ns3:TrackPointExtension>
            <ns3:hr>167</ns3:hr>
            <ns3:cad>89</ns3:cad>
          </ns3:TrackPointExtension>
        </extensions>
      </trkpt>
      <trkpt lat="24.49070694856345653533935546875" lon="118.14689042977988719940185546875">
        <ele>31.6000003814697265625</ele>
        <time>2025-06-10T22:53:58.000Z</time>
        <extensions>
          <ns3:TrackPointExtension>
            <ns3:hr>167</ns3:hr>
            <ns3:cad>89</ns3:cad>
          </ns3:TrackPointExtension>
        </extensions>
      </trkpt>
      <trkpt lat="24.4906911067664623260498046875" lon="118.14691725187003612518310546875">
        <ele>31.6000003814697265625</ele>
        <time>2025-06-10T22:53:59.000Z</time>
        <extensions>
          <ns3:TrackPointExtension>
            <ns3:hr>168</ns3:hr>
            <ns3:cad>89</ns3:cad>
          </ns3:TrackPointExtension>
        </extensions>
      </trkpt>
      <trkpt lat="24.4906766898930072784423828125" lon="118.14694692380726337432861328125">
        <ele>31.6000003814697265625</ele>
        <time>2025-06-10T22:54:00.000Z</time>
        <extensions>
          <ns3:TrackPointExtension>
            <ns3:hr>167</ns3:hr>
            <ns3:cad>89</ns3:cad>
          </ns3:TrackPointExtension>
        </extensions>
      </trkpt>
      <trkpt lat="24.49066336266696453094482421875" lon="118.14697475172579288482666015625">
        <ele>31.6000003814697265625</ele>
        <time>2025-06-10T22:54:01.000Z</time>
        <extensions>
          <ns3:TrackPointExtension>
            <ns3:hr>167</ns3:hr>
            <ns3:cad>89</ns3:cad>
          </ns3:TrackPointExtension>
        </extensions>
      </trkpt>
      <trkpt lat="24.4906483590602874755859375" lon="118.147005848586559295654296875">
        <ele>31.6000003814697265625</ele>
        <time>2025-06-10T22:54:02.000Z</time>
        <extensions>
          <ns3:TrackPointExtension>
            <ns3:hr>167</ns3:hr>
            <ns3:cad>88</ns3:cad>
          </ns3:TrackPointExtension>
        </extensions>
      </trkpt>
      <trkpt lat="24.4906347803771495819091796875" lon="118.14703040756285190582275390625">
        <ele>31.6000003814697265625</ele>
        <time>2025-06-10T22:54:03.000Z</time>
        <extensions>
          <ns3:TrackPointExtension>
            <ns3:hr>168</ns3:hr>
            <ns3:cad>88</ns3:cad>
          </ns3:TrackPointExtension>
        </extensions>
      </trkpt>
      <trkpt lat="24.490613825619220733642578125" lon="118.1470596604049205780029296875">
        <ele>31.6000003814697265625</ele>
        <time>2025-06-10T22:54:04.000Z</time>
        <extensions>
          <ns3:TrackPointExtension>
            <ns3:hr>167</ns3:hr>
            <ns3:cad>88</ns3:cad>
          </ns3:TrackPointExtension>
        </extensions>
      </trkpt>
      <trkpt lat="24.4905948825180530548095703125" lon="118.14708220772445201873779296875">
        <ele>31.6000003814697265625</ele>
        <time>2025-06-10T22:54:05.000Z</time>
        <extensions>
          <ns3:TrackPointExtension>
            <ns3:hr>167</ns3:hr>
            <ns3:cad>88</ns3:cad>
          </ns3:TrackPointExtension>
        </extensions>
      </trkpt>
      <trkpt lat="24.490572921931743621826171875" lon="118.14710953272879123687744140625">
        <ele>31.6000003814697265625</ele>
        <time>2025-06-10T22:54:06.000Z</time>
        <extensions>
          <ns3:TrackPointExtension>
            <ns3:hr>167</ns3:hr>
            <ns3:cad>89</ns3:cad>
          </ns3:TrackPointExtension>
        </extensions>
      </trkpt>
      <trkpt lat="24.4905544817447662353515625" lon="118.14713149331510066986083984375">
        <ele>31.6000003814697265625</ele>
        <time>2025-06-10T22:54:07.000Z</time>
        <extensions>
          <ns3:TrackPointExtension>
            <ns3:hr>167</ns3:hr>
            <ns3:cad>89</ns3:cad>
          </ns3:TrackPointExtension>
        </extensions>
      </trkpt>
      <trkpt lat="24.49053377844393253326416015625" lon="118.14715328626334667205810546875">
        <ele>31.6000003814697265625</ele>
        <time>2025-06-10T22:54:08.000Z</time>
        <extensions>
          <ns3:TrackPointExtension>
            <ns3:hr>167</ns3:hr>
            <ns3:cad>89</ns3:cad>
          </ns3:TrackPointExtension>
        </extensions>
      </trkpt>
      <trkpt lat="24.4905157573521137237548828125" lon="118.1471706368029117584228515625">
        <ele>31.3999996185302734375</ele>
        <time>2025-06-10T22:54:09.000Z</time>
        <extensions>
          <ns3:TrackPointExtension>
            <ns3:hr>167</ns3:hr>
            <ns3:cad>89</ns3:cad>
          </ns3:TrackPointExtension>
        </extensions>
      </trkpt>
      <trkpt lat="24.49049488641321659088134765625" lon="118.1471966207027435302734375">
        <ele>31.3999996185302734375</ele>
        <time>2025-06-10T22:54:10.000Z</time>
        <extensions>
          <ns3:TrackPointExtension>
            <ns3:hr>167</ns3:hr>
            <ns3:cad>90</ns3:cad>
          </ns3:TrackPointExtension>
        </extensions>
      </trkpt>
      <trkpt lat="24.4904748536646366119384765625" lon="118.14721698872745037078857421875">
        <ele>31.3999996185302734375</ele>
        <time>2025-06-10T22:54:11.000Z</time>
        <extensions>
          <ns3:TrackPointExtension>
            <ns3:hr>167</ns3:hr>
            <ns3:cad>90</ns3:cad>
          </ns3:TrackPointExtension>
        </extensions>
      </trkpt>
      <trkpt lat="24.49045482091605663299560546875" lon="118.147244565188884735107421875">
        <ele>31.3999996185302734375</ele>
        <time>2025-06-10T22:54:12.000Z</time>
        <extensions>
          <ns3:TrackPointExtension>
            <ns3:hr>167</ns3:hr>
            <ns3:cad>89</ns3:cad>
          </ns3:TrackPointExtension>
        </extensions>
      </trkpt>
      <trkpt lat="24.490432441234588623046875" lon="118.14726845361292362213134765625">
        <ele>31.200000762939453125</ele>
        <time>2025-06-10T22:54:13.000Z</time>
        <extensions>
          <ns3:TrackPointExtension>
            <ns3:hr>167</ns3:hr>
            <ns3:cad>89</ns3:cad>
          </ns3:TrackPointExtension>
        </extensions>
      </trkpt>
      <trkpt lat="24.4904057867825031280517578125" lon="118.14729142002761363983154296875">
        <ele>31.200000762939453125</ele>
        <time>2025-06-10T22:54:14.000Z</time>
        <extensions>
          <ns3:TrackPointExtension>
            <ns3:hr>167</ns3:hr>
            <ns3:cad>89</ns3:cad>
          </ns3:TrackPointExtension>
        </extensions>
      </trkpt>
      <trkpt lat="24.49039028026163578033447265625" lon="118.14732058905065059661865234375">
        <ele>31.200000762939453125</ele>
        <time>2025-06-10T22:54:15.000Z</time>
        <extensions>
          <ns3:TrackPointExtension>
            <ns3:hr>168</ns3:hr>
            <ns3:cad>89</ns3:cad>
          </ns3:TrackPointExtension>
        </extensions>
      </trkpt>
      <trkpt lat="24.49037217535078525543212890625" lon="118.14734959043562412261962890625">
        <ele>31.200000762939453125</ele>
        <time>2025-06-10T22:54:16.000Z</time>
        <extensions>
          <ns3:TrackPointExtension>
            <ns3:hr>168</ns3:hr>
            <ns3:cad>89</ns3:cad>
          </ns3:TrackPointExtension>
        </extensions>
      </trkpt>
      <trkpt lat="24.49035088531672954559326171875" lon="118.1473764963448047637939453125">
        <ele>31.200000762939453125</ele>
        <time>2025-06-10T22:54:17.000Z</time>
        <extensions>
          <ns3:TrackPointExtension>
            <ns3:hr>167</ns3:hr>
            <ns3:cad>89</ns3:cad>
          </ns3:TrackPointExtension>
        </extensions>
      </trkpt>
      <trkpt lat="24.49033278040587902069091796875" lon="118.14741128124296665191650390625">
        <ele>31</ele>
        <time>2025-06-10T22:54:18.000Z</time>
        <extensions>
          <ns3:TrackPointExtension>
            <ns3:hr>168</ns3:hr>
            <ns3:cad>89</ns3:cad>
          </ns3:TrackPointExtension>
        </extensions>
      </trkpt>
      <trkpt lat="24.49031149037182331085205078125" lon="118.1474405340850353240966796875">
        <ele>31.200000762939453125</ele>
        <time>2025-06-10T22:54:19.000Z</time>
        <extensions>
          <ns3:TrackPointExtension>
            <ns3:hr>168</ns3:hr>
            <ns3:cad>89</ns3:cad>
          </ns3:TrackPointExtension>
        </extensions>
      </trkpt>
      <trkpt lat="24.49029506184160709381103515625" lon="118.1474750675261020660400390625">
        <ele>31</ele>
        <time>2025-06-10T22:54:20.000Z</time>
        <extensions>
          <ns3:TrackPointExtension>
            <ns3:hr>168</ns3:hr>
            <ns3:cad>89</ns3:cad>
          </ns3:TrackPointExtension>
        </extensions>
      </trkpt>
      <trkpt lat="24.49027226306498050689697265625" lon="118.14750306308269500732421875">
        <ele>31</ele>
        <time>2025-06-10T22:54:21.000Z</time>
        <extensions>
          <ns3:TrackPointExtension>
            <ns3:hr>168</ns3:hr>
            <ns3:cad>89</ns3:cad>
          </ns3:TrackPointExtension>
        </extensions>
      </trkpt>
      <trkpt lat="24.4902505539357662200927734375" lon="118.147534243762493133544921875">
        <ele>31</ele>
        <time>2025-06-10T22:54:22.000Z</time>
        <extensions>
          <ns3:TrackPointExtension>
            <ns3:hr>167</ns3:hr>
            <ns3:cad>89</ns3:cad>
          </ns3:TrackPointExtension>
        </extensions>
      </trkpt>
      <trkpt lat="24.49023035354912281036376953125" lon="118.14755930565297603607177734375">
        <ele>31</ele>
        <time>2025-06-10T22:54:23.000Z</time>
        <extensions>
          <ns3:TrackPointExtension>
            <ns3:hr>168</ns3:hr>
            <ns3:cad>89</ns3:cad>
          </ns3:TrackPointExtension>
        </extensions>
      </trkpt>
      <trkpt lat="24.4902086444199085235595703125" lon="118.14759182743728160858154296875">
        <ele>30.799999237060546875</ele>
        <time>2025-06-10T22:54:24.000Z</time>
        <extensions>
          <ns3:TrackPointExtension>
            <ns3:hr>168</ns3:hr>
            <ns3:cad>90</ns3:cad>
          </ns3:TrackPointExtension>
        </extensions>
      </trkpt>
      <trkpt lat="24.49018861167132854461669921875" lon="118.1476204097270965576171875">
        <ele>30.799999237060546875</ele>
        <time>2025-06-10T22:54:25.000Z</time>
        <extensions>
          <ns3:TrackPointExtension>
            <ns3:hr>167</ns3:hr>
            <ns3:cad>90</ns3:cad>
          </ns3:TrackPointExtension>
        </extensions>
      </trkpt>
      <trkpt lat="24.4901690818369388580322265625" lon="118.14765754155814647674560546875">
        <ele>30.799999237060546875</ele>
        <time>2025-06-10T22:54:26.000Z</time>
        <extensions>
          <ns3:TrackPointExtension>
            <ns3:hr>168</ns3:hr>
            <ns3:cad>90</ns3:cad>
          </ns3:TrackPointExtension>
        </extensions>
      </trkpt>
      <trkpt lat="24.4901499710977077484130859375" lon="118.14768369309604167938232421875">
        <ele>30.799999237060546875</ele>
        <time>2025-06-10T22:54:27.000Z</time>
        <extensions>
          <ns3:TrackPointExtension>
            <ns3:hr>168</ns3:hr>
            <ns3:cad>90</ns3:cad>
          </ns3:TrackPointExtension>
        </extensions>
      </trkpt>
      <trkpt lat="24.490130357444286346435546875" lon="118.1477154605090618133544921875">
        <ele>30.799999237060546875</ele>
        <time>2025-06-10T22:54:28.000Z</time>
        <extensions>
          <ns3:TrackPointExtension>
            <ns3:hr>167</ns3:hr>
            <ns3:cad>90</ns3:cad>
          </ns3:TrackPointExtension>
        </extensions>
      </trkpt>
      <trkpt lat="24.49011116288602352142333984375" lon="118.147737085819244384765625">
        <ele>30.799999237060546875</ele>
        <time>2025-06-10T22:54:29.000Z</time>
        <extensions>
          <ns3:TrackPointExtension>
            <ns3:hr>168</ns3:hr>
            <ns3:cad>90</ns3:cad>
          </ns3:TrackPointExtension>
        </extensions>
      </trkpt>
      <trkpt lat="24.49008819647133350372314453125" lon="118.147774636745452880859375">
        <ele>30.799999237060546875</ele>
        <time>2025-06-10T22:54:30.000Z</time>
        <extensions>
          <ns3:TrackPointExtension>
            <ns3:hr>168</ns3:hr>
            <ns3:cad>90</ns3:cad>
          </ns3:TrackPointExtension>
        </extensions>
      </trkpt>
      <trkpt lat="24.490073360502719879150390625" lon="118.1478012911975383758544921875">
        <ele>30.799999237060546875</ele>
        <time>2025-06-10T22:54:31.000Z</time>
        <extensions>
          <ns3:TrackPointExtension>
            <ns3:hr>168</ns3:hr>
            <ns3:cad>90</ns3:cad>
          </ns3:TrackPointExtension>
        </extensions>
      </trkpt>
      <trkpt lat="24.49005081318318843841552734375" lon="118.14783699810504913330078125">
        <ele>30.6000003814697265625</ele>
        <time>2025-06-10T22:54:32.000Z</time>
        <extensions>
          <ns3:TrackPointExtension>
            <ns3:hr>168</ns3:hr>
            <ns3:cad>90</ns3:cad>
          </ns3:TrackPointExtension>
        </extensions>
      </trkpt>
      <trkpt lat="24.4900343008339405059814453125" lon="118.1478629820048809051513671875">
        <ele>30.799999237060546875</ele>
        <time>2025-06-10T22:54:33.000Z</time>
        <extensions>
          <ns3:TrackPointExtension>
            <ns3:hr>168</ns3:hr>
            <ns3:cad>90</ns3:cad>
          </ns3:TrackPointExtension>
        </extensions>
      </trkpt>
      <trkpt lat="24.4900192134082317352294921875" lon="118.1478908099234104156494140625">
        <ele>30.799999237060546875</ele>
        <time>2025-06-10T22:54:34.000Z</time>
        <extensions>
          <ns3:TrackPointExtension>
            <ns3:hr>168</ns3:hr>
            <ns3:cad>90</ns3:cad>
          </ns3:TrackPointExtension>
        </extensions>
      </trkpt>
      <trkpt lat="24.49000571854412555694580078125" lon="118.1479136087000370025634765625">
        <ele>30.799999237060546875</ele>
        <time>2025-06-10T22:54:35.000Z</time>
        <extensions>
          <ns3:TrackPointExtension>
            <ns3:hr>168</ns3:hr>
            <ns3:cad>90</ns3:cad>
          </ns3:TrackPointExtension>
        </extensions>
      </trkpt>
      <trkpt lat="24.48998778127133846282958984375" lon="118.14794671721756458282470703125">
        <ele>30.799999237060546875</ele>
        <time>2025-06-10T22:54:36.000Z</time>
        <extensions>
          <ns3:TrackPointExtension>
            <ns3:hr>168</ns3:hr>
            <ns3:cad>90</ns3:cad>
          </ns3:TrackPointExtension>
        </extensions>
      </trkpt>
      <trkpt lat="24.489972107112407684326171875" lon="118.14796867780387401580810546875">
        <ele>30.799999237060546875</ele>
        <time>2025-06-10T22:54:37.000Z</time>
        <extensions>
          <ns3:TrackPointExtension>
            <ns3:hr>168</ns3:hr>
            <ns3:cad>89</ns3:cad>
          </ns3:TrackPointExtension>
        </extensions>
      </trkpt>
      <trkpt lat="24.48995157144963741302490234375" lon="118.14799935556948184967041015625">
        <ele>30.6000003814697265625</ele>
        <time>2025-06-10T22:54:38.000Z</time>
        <extensions>
          <ns3:TrackPointExtension>
            <ns3:hr>168</ns3:hr>
            <ns3:cad>89</ns3:cad>
          </ns3:TrackPointExtension>
        </extensions>
      </trkpt>
      <trkpt lat="24.4899322092533111572265625" lon="118.148026764392852783203125">
        <ele>30.6000003814697265625</ele>
        <time>2025-06-10T22:54:39.000Z</time>
        <extensions>
          <ns3:TrackPointExtension>
            <ns3:hr>168</ns3:hr>
            <ns3:cad>90</ns3:cad>
          </ns3:TrackPointExtension>
        </extensions>
      </trkpt>
      <trkpt lat="24.48990915901958942413330078125" lon="118.14805886708199977874755859375">
        <ele>30.6000003814697265625</ele>
        <time>2025-06-10T22:54:40.000Z</time>
        <extensions>
          <ns3:TrackPointExtension>
            <ns3:hr>169</ns3:hr>
            <ns3:cad>90</ns3:cad>
          </ns3:TrackPointExtension>
        </extensions>
      </trkpt>
      <trkpt lat="24.48989256285130977630615234375" lon="118.14808107912540435791015625">
        <ele>30.6000003814697265625</ele>
        <time>2025-06-10T22:54:41.000Z</time>
        <extensions>
          <ns3:TrackPointExtension>
            <ns3:hr>168</ns3:hr>
            <ns3:cad>90</ns3:cad>
          </ns3:TrackPointExtension>
        </extensions>
      </trkpt>
      <trkpt lat="24.4898720271885395050048828125" lon="118.14811485819518566131591796875">
        <ele>30.6000003814697265625</ele>
        <time>2025-06-10T22:54:42.000Z</time>
        <extensions>
          <ns3:TrackPointExtension>
            <ns3:hr>168</ns3:hr>
            <ns3:cad>90</ns3:cad>
          </ns3:TrackPointExtension>
        </extensions>
      </trkpt>
      <trkpt lat="24.48985107243061065673828125" lon="118.14813531003892421722412109375">
        <ele>30.6000003814697265625</ele>
        <time>2025-06-10T22:54:43.000Z</time>
        <extensions>
          <ns3:TrackPointExtension>
            <ns3:hr>168</ns3:hr>
            <ns3:cad>90</ns3:cad>
          </ns3:TrackPointExtension>
        </extensions>
      </trkpt>
      <trkpt lat="24.48981930501759052276611328125" lon="118.14815626479685306549072265625">
        <ele>30.799999237060546875</ele>
        <time>2025-06-10T22:54:44.000Z</time>
        <extensions>
          <ns3:TrackPointExtension>
            <ns3:hr>168</ns3:hr>
            <ns3:cad>90</ns3:cad>
          </ns3:TrackPointExtension>
        </extensions>
      </trkpt>
      <trkpt lat="24.4897989369928836822509765625" lon="118.14817353151738643646240234375">
        <ele>30.799999237060546875</ele>
        <time>2025-06-10T22:54:45.000Z</time>
        <extensions>
          <ns3:TrackPointExtension>
            <ns3:hr>168</ns3:hr>
            <ns3:cad>90</ns3:cad>
          </ns3:TrackPointExtension>
        </extensions>
      </trkpt>
      <trkpt lat="24.489791393280029296875" lon="118.14820311963558197021484375">
        <ele>30.799999237060546875</ele>
        <time>2025-06-10T22:54:46.000Z</time>
        <extensions>
          <ns3:TrackPointExtension>
            <ns3:hr>169</ns3:hr>
            <ns3:cad>89</ns3:cad>
          </ns3:TrackPointExtension>
        </extensions>
      </trkpt>
      <trkpt lat="24.48981352150440216064453125" lon="118.1482042931020259857177734375">
        <ele>30.799999237060546875</ele>
        <time>2025-06-10T22:54:47.000Z</time>
        <extensions>
          <ns3:TrackPointExtension>
            <ns3:hr>168</ns3:hr>
            <ns3:cad>89</ns3:cad>
          </ns3:TrackPointExtension>
        </extensions>
      </trkpt>
      <trkpt lat="24.48983506299555301666259765625" lon="118.14819348044693470001220703125">
        <ele>30.799999237060546875</ele>
        <time>2025-06-10T22:54:48.000Z</time>
        <extensions>
          <ns3:TrackPointExtension>
            <ns3:hr>168</ns3:hr>
            <ns3:cad>88</ns3:cad>
          </ns3:TrackPointExtension>
        </extensions>
      </trkpt>
      <trkpt lat="24.489849396049976348876953125" lon="118.14816288650035858154296875">
        <ele>30.799999237060546875</ele>
        <time>2025-06-10T22:54:49.000Z</time>
        <extensions>
          <ns3:TrackPointExtension>
            <ns3:hr>168</ns3:hr>
            <ns3:cad>87</ns3:cad>
          </ns3:TrackPointExtension>
        </extensions>
      </trkpt>
      <trkpt lat="24.48986674658954143524169921875" lon="118.14813363365828990936279296875">
        <ele>30.6000003814697265625</ele>
        <time>2025-06-10T22:54:50.000Z</time>
        <extensions>
          <ns3:TrackPointExtension>
            <ns3:hr>168</ns3:hr>
            <ns3:cad>87</ns3:cad>
          </ns3:TrackPointExtension>
        </extensions>
      </trkpt>
      <trkpt lat="24.4898867793381214141845703125" lon="118.1481073983013629913330078125">
        <ele>30.6000003814697265625</ele>
        <time>2025-06-10T22:54:51.000Z</time>
        <extensions>
          <ns3:TrackPointExtension>
            <ns3:hr>168</ns3:hr>
            <ns3:cad>87</ns3:cad>
          </ns3:TrackPointExtension>
        </extensions>
      </trkpt>
      <trkpt lat="24.48990496806800365447998046875" lon="118.14807630144059658050537109375">
        <ele>30.6000003814697265625</ele>
        <time>2025-06-10T22:54:52.000Z</time>
        <extensions>
          <ns3:TrackPointExtension>
            <ns3:hr>168</ns3:hr>
            <ns3:cad>87</ns3:cad>
          </ns3:TrackPointExtension>
        </extensions>
      </trkpt>
      <trkpt lat="24.4899203069508075714111328125" lon="118.14805090427398681640625">
        <ele>30.6000003814697265625</ele>
        <time>2025-06-10T22:54:53.000Z</time>
        <extensions>
          <ns3:TrackPointExtension>
            <ns3:hr>168</ns3:hr>
            <ns3:cad>88</ns3:cad>
          </ns3:TrackPointExtension>
        </extensions>
      </trkpt>
      <trkpt lat="24.48993514291942119598388671875" lon="118.1480205617845058441162109375">
        <ele>30.6000003814697265625</ele>
        <time>2025-06-10T22:54:54.000Z</time>
        <extensions>
          <ns3:TrackPointExtension>
            <ns3:hr>168</ns3:hr>
            <ns3:cad>89</ns3:cad>
          </ns3:TrackPointExtension>
        </extensions>
      </trkpt>
      <trkpt lat="24.48995458893477916717529296875" lon="118.14799751155078411102294921875">
        <ele>30.6000003814697265625</ele>
        <time>2025-06-10T22:54:55.000Z</time>
        <extensions>
          <ns3:TrackPointExtension>
            <ns3:hr>168</ns3:hr>
            <ns3:cad>90</ns3:cad>
          </ns3:TrackPointExtension>
        </extensions>
      </trkpt>
      <trkpt lat="24.48997403495013713836669921875" lon="118.1479664146900177001953125">
        <ele>30.799999237060546875</ele>
        <time>2025-06-10T22:54:56.000Z</time>
        <extensions>
          <ns3:TrackPointExtension>
            <ns3:hr>168</ns3:hr>
            <ns3:cad>90</ns3:cad>
          </ns3:TrackPointExtension>
        </extensions>
      </trkpt>
      <trkpt lat="24.48999054729938507080078125" lon="118.1479422748088836669921875">
        <ele>30.799999237060546875</ele>
        <time>2025-06-10T22:54:57.000Z</time>
        <extensions>
          <ns3:TrackPointExtension>
            <ns3:hr>168</ns3:hr>
            <ns3:cad>90</ns3:cad>
          </ns3:TrackPointExtension>
        </extensions>
      </trkpt>
      <trkpt lat="24.4900138489902019500732421875" lon="118.1479183025658130645751953125">
        <ele>30.799999237060546875</ele>
        <time>2025-06-10T22:54:58.000Z</time>
        <extensions>
          <ns3:TrackPointExtension>
            <ns3:hr>168</ns3:hr>
            <ns3:cad>90</ns3:cad>
          </ns3:TrackPointExtension>
        </extensions>
      </trkpt>
      <trkpt lat="24.4900314509868621826171875" lon="118.147895336151123046875">
        <ele>30.799999237060546875</ele>
        <time>2025-06-10T22:54:59.000Z</time>
        <extensions>
          <ns3:TrackPointExtension>
            <ns3:hr>168</ns3:hr>
            <ns3:cad>90</ns3:cad>
          </ns3:TrackPointExtension>
        </extensions>
      </trkpt>
      <trkpt lat="24.4900480471551418304443359375" lon="118.1478618085384368896484375">
        <ele>30.799999237060546875</ele>
        <time>2025-06-10T22:55:00.000Z</time>
        <extensions>
          <ns3:TrackPointExtension>
            <ns3:hr>168</ns3:hr>
            <ns3:cad>90</ns3:cad>
          </ns3:TrackPointExtension>
        </extensions>
      </trkpt>
      <trkpt lat="24.490062631666660308837890625" lon="118.14784060232341289520263671875">
        <ele>30.799999237060546875</ele>
        <time>2025-06-10T22:55:01.000Z</time>
        <extensions>
          <ns3:TrackPointExtension>
            <ns3:hr>168</ns3:hr>
            <ns3:cad>90</ns3:cad>
          </ns3:TrackPointExtension>
        </extensions>
      </trkpt>
      <trkpt lat="24.4900835864245891571044921875" lon="118.1478130258619785308837890625">
        <ele>30.799999237060546875</ele>
        <time>2025-06-10T22:55:02.000Z</time>
        <extensions>
          <ns3:TrackPointExtension>
            <ns3:hr>168</ns3:hr>
            <ns3:cad>90</ns3:cad>
          </ns3:TrackPointExtension>
        </extensions>
      </trkpt>
      <trkpt lat="24.490101523697376251220703125" lon="118.1477947533130645751953125">
        <ele>30.799999237060546875</ele>
        <time>2025-06-10T22:55:03.000Z</time>
        <extensions>
          <ns3:TrackPointExtension>
            <ns3:hr>168</ns3:hr>
            <ns3:cad>89</ns3:cad>
          </ns3:TrackPointExtension>
        </extensions>
      </trkpt>
      <trkpt lat="24.49012407101690769195556640625" lon="118.14776667393743991851806640625">
        <ele>30.6000003814697265625</ele>
        <time>2025-06-10T22:55:04.000Z</time>
        <extensions>
          <ns3:TrackPointExtension>
            <ns3:hr>168</ns3:hr>
            <ns3:cad>89</ns3:cad>
          </ns3:TrackPointExtension>
        </extensions>
      </trkpt>
      <trkpt lat="24.49013966135680675506591796875" lon="118.147747814655303955078125">
        <ele>30.6000003814697265625</ele>
        <time>2025-06-10T22:55:05.000Z</time>
        <extensions>
          <ns3:TrackPointExtension>
            <ns3:hr>169</ns3:hr>
            <ns3:cad>90</ns3:cad>
          </ns3:TrackPointExtension>
        </extensions>
      </trkpt>
      <trkpt lat="24.49015843681991100311279296875" lon="118.14771638251841068267822265625">
        <ele>30.6000003814697265625</ele>
        <time>2025-06-10T22:55:06.000Z</time>
        <extensions>
          <ns3:TrackPointExtension>
            <ns3:hr>169</ns3:hr>
            <ns3:cad>90</ns3:cad>
          </ns3:TrackPointExtension>
        </extensions>
      </trkpt>
      <trkpt lat="24.49017067439854145050048828125" lon="118.14769140444695949554443359375">
        <ele>30.6000003814697265625</ele>
        <time>2025-06-10T22:55:07.000Z</time>
        <extensions>
          <ns3:TrackPointExtension>
            <ns3:hr>169</ns3:hr>
            <ns3:cad>90</ns3:cad>
          </ns3:TrackPointExtension>
        </extensions>
      </trkpt>
      <trkpt lat="24.49018794111907482147216796875" lon="118.14765938557684421539306640625">
        <ele>30.6000003814697265625</ele>
        <time>2025-06-10T22:55:08.000Z</time>
        <extensions>
          <ns3:TrackPointExtension>
            <ns3:hr>169</ns3:hr>
            <ns3:cad>90</ns3:cad>
          </ns3:TrackPointExtension>
        </extensions>
      </trkpt>
      <trkpt lat="24.49020219035446643829345703125" lon="118.1476356647908687591552734375">
        <ele>30.799999237060546875</ele>
        <time>2025-06-10T22:55:09.000Z</time>
        <extensions>
          <ns3:TrackPointExtension>
            <ns3:hr>168</ns3:hr>
            <ns3:cad>90</ns3:cad>
          </ns3:TrackPointExtension>
        </extensions>
      </trkpt>
      <trkpt lat="24.49022431857883930206298828125" lon="118.147603310644626617431640625">
        <ele>30.799999237060546875</ele>
        <time>2025-06-10T22:55:10.000Z</time>
        <extensions>
          <ns3:TrackPointExtension>
            <ns3:hr>168</ns3:hr>
            <ns3:cad>90</ns3:cad>
          </ns3:TrackPointExtension>
        </extensions>
      </trkpt>
      <trkpt lat="24.4902415014803409576416015625" lon="118.14758730120956897735595703125">
        <ele>30.799999237060546875</ele>
        <time>2025-06-10T22:55:11.000Z</time>
        <extensions>
          <ns3:TrackPointExtension>
            <ns3:hr>168</ns3:hr>
            <ns3:cad>90</ns3:cad>
          </ns3:TrackPointExtension>
        </extensions>
      </trkpt>
      <trkpt lat="24.490265138447284698486328125" lon="118.14755360595881938934326171875">
        <ele>30.799999237060546875</ele>
        <time>2025-06-10T22:55:12.000Z</time>
        <extensions>
          <ns3:TrackPointExtension>
            <ns3:hr>168</ns3:hr>
            <ns3:cad>90</ns3:cad>
          </ns3:TrackPointExtension>
        </extensions>
      </trkpt>
      <trkpt lat="24.4902773760259151458740234375" lon="118.14753659069538116455078125">
        <ele>30.799999237060546875</ele>
        <time>2025-06-10T22:55:13.000Z</time>
        <extensions>
          <ns3:TrackPointExtension>
            <ns3:hr>168</ns3:hr>
            <ns3:cad>90</ns3:cad>
          </ns3:TrackPointExtension>
        </extensions>
      </trkpt>
      <trkpt lat="24.49029858224093914031982421875" lon="118.1475012190639972686767578125">
        <ele>30.799999237060546875</ele>
        <time>2025-06-10T22:55:14.000Z</time>
        <extensions>
          <ns3:TrackPointExtension>
            <ns3:hr>168</ns3:hr>
            <ns3:cad>90</ns3:cad>
          </ns3:TrackPointExtension>
        </extensions>
      </trkpt>
      <trkpt lat="24.4903078861534595489501953125" lon="118.14747464843094348907470703125">
        <ele>30.799999237060546875</ele>
        <time>2025-06-10T22:55:15.000Z</time>
        <extensions>
          <ns3:TrackPointExtension>
            <ns3:hr>168</ns3:hr>
            <ns3:cad>90</ns3:cad>
          </ns3:TrackPointExtension>
        </extensions>
      </trkpt>
      <trkpt lat="24.4903296791017055511474609375" lon="118.14743441529572010040283203125">
        <ele>30.799999237060546875</ele>
        <time>2025-06-10T22:55:16.000Z</time>
        <extensions>
          <ns3:TrackPointExtension>
            <ns3:hr>168</ns3:hr>
            <ns3:cad>90</ns3:cad>
          </ns3:TrackPointExtension>
        </extensions>
      </trkpt>
      <trkpt lat="24.4903481192886829376220703125" lon="118.1474083475768566131591796875">
        <ele>30.799999237060546875</ele>
        <time>2025-06-10T22:55:17.000Z</time>
        <extensions>
          <ns3:TrackPointExtension>
            <ns3:hr>168</ns3:hr>
            <ns3:cad>91</ns3:cad>
          </ns3:TrackPointExtension>
        </extensions>
      </trkpt>
      <trkpt lat="24.49036831967532634735107421875" lon="118.14737440086901187896728515625">
        <ele>30.799999237060546875</ele>
        <time>2025-06-10T22:55:18.000Z</time>
        <extensions>
          <ns3:TrackPointExtension>
            <ns3:hr>168</ns3:hr>
            <ns3:cad>91</ns3:cad>
          </ns3:TrackPointExtension>
        </extensions>
      </trkpt>
      <trkpt lat="24.4903833232820034027099609375" lon="118.1473483331501483917236328125">
        <ele>30.799999237060546875</ele>
        <time>2025-06-10T22:55:19.000Z</time>
        <extensions>
          <ns3:TrackPointExtension>
            <ns3:hr>168</ns3:hr>
            <ns3:cad>90</ns3:cad>
          </ns3:TrackPointExtension>
        </extensions>
      </trkpt>
      <trkpt lat="24.49040335603058338165283203125" lon="118.14731572754681110382080078125">
        <ele>30.799999237060546875</ele>
        <time>2025-06-10T22:55:20.000Z</time>
        <extensions>
          <ns3:TrackPointExtension>
            <ns3:hr>168</ns3:hr>
            <ns3:cad>90</ns3:cad>
          </ns3:TrackPointExtension>
        </extensions>
      </trkpt>
      <trkpt lat="24.49041609652340412139892578125" lon="118.14729359932243824005126953125">
        <ele>31</ele>
        <time>2025-06-10T22:55:21.000Z</time>
        <extensions>
          <ns3:TrackPointExtension>
            <ns3:hr>168</ns3:hr>
            <ns3:cad>90</ns3:cad>
          </ns3:TrackPointExtension>
        </extensions>
      </trkpt>
      <trkpt lat="24.49043939821422100067138671875" lon="118.147261999547481536865234375">
        <ele>31.200000762939453125</ele>
        <time>2025-06-10T22:55:22.000Z</time>
        <extensions>
          <ns3:TrackPointExtension>
            <ns3:hr>168</ns3:hr>
            <ns3:cad>90</ns3:cad>
          </ns3:TrackPointExtension>
        </extensions>
      </trkpt>
      <trkpt lat="24.490453898906707763671875" lon="118.14723794348537921905517578125">
        <ele>31.3999996185302734375</ele>
        <time>2025-06-10T22:55:23.000Z</time>
        <extensions>
          <ns3:TrackPointExtension>
            <ns3:hr>168</ns3:hr>
            <ns3:cad>89</ns3:cad>
          </ns3:TrackPointExtension>
        </extensions>
      </trkpt>
      <trkpt lat="24.49047007597982883453369140625" lon="118.14721162430942058563232421875">
        <ele>31.3999996185302734375</ele>
        <time>2025-06-10T22:55:24.000Z</time>
        <extensions>
          <ns3:TrackPointExtension>
            <ns3:hr>168</ns3:hr>
            <ns3:cad>89</ns3:cad>
          </ns3:TrackPointExtension>
        </extensions>
      </trkpt>
      <trkpt lat="24.490490444004535675048828125" lon="118.14718061126768589019775390625">
        <ele>31.3999996185302734375</ele>
        <time>2025-06-10T22:55:25.000Z</time>
        <extensions>
          <ns3:TrackPointExtension>
            <ns3:hr>168</ns3:hr>
            <ns3:cad>89</ns3:cad>
          </ns3:TrackPointExtension>
        </extensions>
      </trkpt>
      <trkpt lat="24.490507878363132476806640625" lon="118.14715303480625152587890625">
        <ele>31.3999996185302734375</ele>
        <time>2025-06-10T22:55:26.000Z</time>
        <extensions>
          <ns3:TrackPointExtension>
            <ns3:hr>168</ns3:hr>
            <ns3:cad>89</ns3:cad>
          </ns3:TrackPointExtension>
        </extensions>
      </trkpt>
      <trkpt lat="24.4905251450836658477783203125" lon="118.14712109975516796112060546875">
        <ele>31.200000762939453125</ele>
        <time>2025-06-10T22:55:27.000Z</time>
        <extensions>
          <ns3:TrackPointExtension>
            <ns3:hr>168</ns3:hr>
            <ns3:cad>88</ns3:cad>
          </ns3:TrackPointExtension>
        </extensions>
      </trkpt>
      <trkpt lat="24.4905402325093746185302734375" lon="118.14709327183663845062255859375">
        <ele>31.200000762939453125</ele>
        <time>2025-06-10T22:55:28.000Z</time>
        <extensions>
          <ns3:TrackPointExtension>
            <ns3:hr>168</ns3:hr>
            <ns3:cad>88</ns3:cad>
          </ns3:TrackPointExtension>
        </extensions>
      </trkpt>
      <trkpt lat="24.4905583374202251434326171875" lon="118.14706896431744098663330078125">
        <ele>31.200000762939453125</ele>
        <time>2025-06-10T22:55:29.000Z</time>
        <extensions>
          <ns3:TrackPointExtension>
            <ns3:hr>168</ns3:hr>
            <ns3:cad>89</ns3:cad>
          </ns3:TrackPointExtension>
        </extensions>
      </trkpt>
      <trkpt lat="24.49057635851204395294189453125" lon="118.14704281277954578399658203125">
        <ele>31.3999996185302734375</ele>
        <time>2025-06-10T22:55:30.000Z</time>
        <extensions>
          <ns3:TrackPointExtension>
            <ns3:hr>169</ns3:hr>
            <ns3:cad>89</ns3:cad>
          </ns3:TrackPointExtension>
        </extensions>
      </trkpt>
      <trkpt lat="24.49059111066162586212158203125" lon="118.1470174156129360198974609375">
        <ele>31.3999996185302734375</ele>
        <time>2025-06-10T22:55:31.000Z</time>
        <extensions>
          <ns3:TrackPointExtension>
            <ns3:hr>170</ns3:hr>
            <ns3:cad>90</ns3:cad>
          </ns3:TrackPointExtension>
        </extensions>
      </trkpt>
      <trkpt lat="24.49060569517314434051513671875" lon="118.146986402571201324462890625">
        <ele>31.3999996185302734375</ele>
        <time>2025-06-10T22:55:32.000Z</time>
        <extensions>
          <ns3:TrackPointExtension>
            <ns3:hr>171</ns3:hr>
            <ns3:cad>90</ns3:cad>
          </ns3:TrackPointExtension>
        </extensions>
      </trkpt>
      <trkpt lat="24.49061994440853595733642578125" lon="118.14695932902395725250244140625">
        <ele>31.6000003814697265625</ele>
        <time>2025-06-10T22:55:33.000Z</time>
        <extensions>
          <ns3:TrackPointExtension>
            <ns3:hr>171</ns3:hr>
            <ns3:cad>90</ns3:cad>
          </ns3:TrackPointExtension>
        </extensions>
      </trkpt>
      <trkpt lat="24.4906376302242279052734375" lon="118.1469282321631908416748046875">
        <ele>31.6000003814697265625</ele>
        <time>2025-06-10T22:55:34.000Z</time>
        <extensions>
          <ns3:TrackPointExtension>
            <ns3:hr>171</ns3:hr>
            <ns3:cad>92</ns3:cad>
          </ns3:TrackPointExtension>
        </extensions>
      </trkpt>
      <trkpt lat="24.4906528852880001068115234375" lon="118.14689964987337589263916015625">
        <ele>31.6000003814697265625</ele>
        <time>2025-06-10T22:55:35.000Z</time>
        <extensions>
          <ns3:TrackPointExtension>
            <ns3:hr>171</ns3:hr>
            <ns3:cad>92</ns3:cad>
          </ns3:TrackPointExtension>
        </extensions>
      </trkpt>
      <trkpt lat="24.490672163665294647216796875" lon="118.1468665413558483123779296875">
        <ele>31.6000003814697265625</ele>
        <time>2025-06-10T22:55:36.000Z</time>
        <extensions>
          <ns3:TrackPointExtension>
            <ns3:hr>171</ns3:hr>
            <ns3:cad>92</ns3:cad>
          </ns3:TrackPointExtension>
        </extensions>
      </trkpt>
      <trkpt lat="24.49068523943424224853515625" lon="118.14683879725635051727294921875">
        <ele>31.6000003814697265625</ele>
        <time>2025-06-10T22:55:37.000Z</time>
        <extensions>
          <ns3:TrackPointExtension>
            <ns3:hr>170</ns3:hr>
            <ns3:cad>92</ns3:cad>
          </ns3:TrackPointExtension>
        </extensions>
      </trkpt>
      <trkpt lat="24.49070543982088565826416015625" lon="118.1468023359775543212890625">
        <ele>31.6000003814697265625</ele>
        <time>2025-06-10T22:55:38.000Z</time>
        <extensions>
          <ns3:TrackPointExtension>
            <ns3:hr>171</ns3:hr>
            <ns3:cad>92</ns3:cad>
          </ns3:TrackPointExtension>
        </extensions>
      </trkpt>
      <trkpt lat="24.4907219521701335906982421875" lon="118.1467674672603607177734375">
        <ele>31.6000003814697265625</ele>
        <time>2025-06-10T22:55:39.000Z</time>
        <extensions>
          <ns3:TrackPointExtension>
            <ns3:hr>171</ns3:hr>
            <ns3:cad>92</ns3:cad>
          </ns3:TrackPointExtension>
        </extensions>
      </trkpt>
      <trkpt lat="24.49074156582355499267578125" lon="118.1467331014573574066162109375">
        <ele>31.6000003814697265625</ele>
        <time>2025-06-10T22:55:40.000Z</time>
        <extensions>
          <ns3:TrackPointExtension>
            <ns3:hr>170</ns3:hr>
            <ns3:cad>93</ns3:cad>
          </ns3:TrackPointExtension>
        </extensions>
      </trkpt>
      <trkpt lat="24.49075723998248577117919921875" lon="118.14670150168240070343017578125">
        <ele>31.6000003814697265625</ele>
        <time>2025-06-10T22:55:41.000Z</time>
        <extensions>
          <ns3:TrackPointExtension>
            <ns3:hr>170</ns3:hr>
            <ns3:cad>93</ns3:cad>
          </ns3:TrackPointExtension>
        </extensions>
      </trkpt>
      <trkpt lat="24.49078003875911235809326171875" lon="118.1466683931648731231689453125">
        <ele>31.6000003814697265625</ele>
        <time>2025-06-10T22:55:42.000Z</time>
        <extensions>
          <ns3:TrackPointExtension>
            <ns3:hr>170</ns3:hr>
            <ns3:cad>93</ns3:cad>
          </ns3:TrackPointExtension>
        </extensions>
      </trkpt>
      <trkpt lat="24.49079521000385284423828125" lon="118.14663939177989959716796875">
        <ele>31.799999237060546875</ele>
        <time>2025-06-10T22:55:43.000Z</time>
        <extensions>
          <ns3:TrackPointExtension>
            <ns3:hr>170</ns3:hr>
            <ns3:cad>93</ns3:cad>
          </ns3:TrackPointExtension>
        </extensions>
      </trkpt>
      <trkpt lat="24.49081775732338428497314453125" lon="118.14661030657589435577392578125">
        <ele>31.799999237060546875</ele>
        <time>2025-06-10T22:55:44.000Z</time>
        <extensions>
          <ns3:TrackPointExtension>
            <ns3:hr>171</ns3:hr>
            <ns3:cad>93</ns3:cad>
          </ns3:TrackPointExtension>
        </extensions>
      </trkpt>
      <trkpt lat="24.49083804152905941009521484375" lon="118.146579377353191375732421875">
        <ele>31.799999237060546875</ele>
        <time>2025-06-10T22:55:45.000Z</time>
        <extensions>
          <ns3:TrackPointExtension>
            <ns3:hr>171</ns3:hr>
            <ns3:cad>93</ns3:cad>
          </ns3:TrackPointExtension>
        </extensions>
      </trkpt>
      <trkpt lat="24.49085421860218048095703125" lon="118.146555237472057342529296875">
        <ele>31.799999237060546875</ele>
        <time>2025-06-10T22:55:46.000Z</time>
        <extensions>
          <ns3:TrackPointExtension>
            <ns3:hr>171</ns3:hr>
            <ns3:cad>93</ns3:cad>
          </ns3:TrackPointExtension>
        </extensions>
      </trkpt>
      <trkpt lat="24.490870647132396697998046875" lon="118.146523050963878631591796875">
        <ele>32</ele>
        <time>2025-06-10T22:55:47.000Z</time>
        <extensions>
          <ns3:TrackPointExtension>
            <ns3:hr>171</ns3:hr>
            <ns3:cad>93</ns3:cad>
          </ns3:TrackPointExtension>
        </extensions>
      </trkpt>
      <trkpt lat="24.49088280089199542999267578125" lon="118.14649178646504878997802734375">
        <ele>32</ele>
        <time>2025-06-10T22:55:48.000Z</time>
        <extensions>
          <ns3:TrackPointExtension>
            <ns3:hr>171</ns3:hr>
            <ns3:cad>93</ns3:cad>
          </ns3:TrackPointExtension>
        </extensions>
      </trkpt>
      <trkpt lat="24.49090115725994110107421875" lon="118.1464524753391742706298828125">
        <ele>32</ele>
        <time>2025-06-10T22:55:49.000Z</time>
        <extensions>
          <ns3:TrackPointExtension>
            <ns3:hr>171</ns3:hr>
            <ns3:cad>93</ns3:cad>
          </ns3:TrackPointExtension>
        </extensions>
      </trkpt>
      <trkpt lat="24.4909063540399074554443359375" lon="118.14642154611647129058837890625">
        <ele>32</ele>
        <time>2025-06-10T22:55:50.000Z</time>
        <extensions>
          <ns3:TrackPointExtension>
            <ns3:hr>171</ns3:hr>
            <ns3:cad>93</ns3:cad>
          </ns3:TrackPointExtension>
        </extensions>
      </trkpt>
      <trkpt lat="24.49092336930334568023681640625" lon="118.14637728966772556304931640625">
        <ele>32</ele>
        <time>2025-06-10T22:55:51.000Z</time>
        <extensions>
          <ns3:TrackPointExtension>
            <ns3:hr>171</ns3:hr>
            <ns3:cad>93</ns3:cad>
          </ns3:TrackPointExtension>
        </extensions>
      </trkpt>
      <trkpt lat="24.49092789553105831146240234375" lon="118.14634912647306919097900390625">
        <ele>32</ele>
        <time>2025-06-10T22:55:52.000Z</time>
        <extensions>
          <ns3:TrackPointExtension>
            <ns3:hr>171</ns3:hr>
            <ns3:cad>93</ns3:cad>
          </ns3:TrackPointExtension>
        </extensions>
      </trkpt>
      <trkpt lat="24.4909460842609405517578125" lon="118.1463096477091312408447265625">
        <ele>32</ele>
        <time>2025-06-10T22:55:53.000Z</time>
        <extensions>
          <ns3:TrackPointExtension>
            <ns3:hr>171</ns3:hr>
            <ns3:cad>93</ns3:cad>
          </ns3:TrackPointExtension>
        </extensions>
      </trkpt>
      <trkpt lat="24.4909532926976680755615234375" lon="118.14628073014318943023681640625">
        <ele>32</ele>
        <time>2025-06-10T22:55:54.000Z</time>
        <extensions>
          <ns3:TrackPointExtension>
            <ns3:hr>171</ns3:hr>
            <ns3:cad>93</ns3:cad>
          </ns3:TrackPointExtension>
        </extensions>
      </trkpt>
      <trkpt lat="24.4909670390188694000244140625" lon="118.1462449394166469573974609375">
        <ele>32</ele>
        <time>2025-06-10T22:55:55.000Z</time>
        <extensions>
          <ns3:TrackPointExtension>
            <ns3:hr>171</ns3:hr>
            <ns3:cad>93</ns3:cad>
          </ns3:TrackPointExtension>
        </extensions>
      </trkpt>
      <trkpt lat="24.49097382836043834686279296875" lon="118.14621116034686565399169921875">
        <ele>32</ele>
        <time>2025-06-10T22:55:56.000Z</time>
        <extensions>
          <ns3:TrackPointExtension>
            <ns3:hr>171</ns3:hr>
            <ns3:cad>93</ns3:cad>
          </ns3:TrackPointExtension>
        </extensions>
      </trkpt>
      <trkpt lat="24.49099143035709857940673828125" lon="118.14617478288710117340087890625">
        <ele>32.200000762939453125</ele>
        <time>2025-06-10T22:55:57.000Z</time>
        <extensions>
          <ns3:TrackPointExtension>
            <ns3:hr>172</ns3:hr>
            <ns3:cad>92</ns3:cad>
          </ns3:TrackPointExtension>
        </extensions>
      </trkpt>
      <trkpt lat="24.4910062663257122039794921875" lon="118.146138824522495269775390625">
        <ele>32.200000762939453125</ele>
        <time>2025-06-10T22:55:58.000Z</time>
        <extensions>
          <ns3:TrackPointExtension>
            <ns3:hr>171</ns3:hr>
            <ns3:cad>92</ns3:cad>
          </ns3:TrackPointExtension>
        </extensions>
      </trkpt>
      <trkpt lat="24.491024874150753021240234375" lon="118.14610831439495086669921875">
        <ele>32.200000762939453125</ele>
        <time>2025-06-10T22:55:59.000Z</time>
        <extensions>
          <ns3:TrackPointExtension>
            <ns3:hr>171</ns3:hr>
            <ns3:cad>92</ns3:cad>
          </ns3:TrackPointExtension>
        </extensions>
      </trkpt>
      <trkpt lat="24.49103971011936664581298828125" lon="118.14607067964971065521240234375">
        <ele>32.200000762939453125</ele>
        <time>2025-06-10T22:56:00.000Z</time>
        <extensions>
          <ns3:TrackPointExtension>
            <ns3:hr>172</ns3:hr>
            <ns3:cad>92</ns3:cad>
          </ns3:TrackPointExtension>
        </extensions>
      </trkpt>
      <trkpt lat="24.4910572282969951629638671875" lon="118.1460441090166568756103515625">
        <ele>32</ele>
        <time>2025-06-10T22:56:01.000Z</time>
        <extensions>
          <ns3:TrackPointExtension>
            <ns3:hr>172</ns3:hr>
            <ns3:cad>92</ns3:cad>
          </ns3:TrackPointExtension>
        </extensions>
      </trkpt>
      <trkpt lat="24.491072483360767364501953125" lon="118.14601100049912929534912109375">
        <ele>32</ele>
        <time>2025-06-10T22:56:02.000Z</time>
        <extensions>
          <ns3:TrackPointExtension>
            <ns3:hr>172</ns3:hr>
            <ns3:cad>92</ns3:cad>
          </ns3:TrackPointExtension>
        </extensions>
      </trkpt>
      <trkpt lat="24.49108891189098358154296875" lon="118.14599256031215190887451171875">
        <ele>32</ele>
        <time>2025-06-10T22:56:03.000Z</time>
        <extensions>
          <ns3:TrackPointExtension>
            <ns3:hr>172</ns3:hr>
            <ns3:cad>91</ns3:cad>
          </ns3:TrackPointExtension>
        </extensions>
      </trkpt>
      <trkpt lat="24.4911085255444049835205078125" lon="118.14595886506140232086181640625">
        <ele>32</ele>
        <time>2025-06-10T22:56:04.000Z</time>
        <extensions>
          <ns3:TrackPointExtension>
            <ns3:hr>171</ns3:hr>
            <ns3:cad>91</ns3:cad>
          </ns3:TrackPointExtension>
        </extensions>
      </trkpt>
      <trkpt lat="24.49112202040851116180419921875" lon="118.145928941667079925537109375">
        <ele>32.200000762939453125</ele>
        <time>2025-06-10T22:56:05.000Z</time>
        <extensions>
          <ns3:TrackPointExtension>
            <ns3:hr>172</ns3:hr>
            <ns3:cad>92</ns3:cad>
          </ns3:TrackPointExtension>
        </extensions>
      </trkpt>
      <trkpt lat="24.49113694019615650177001953125" lon="118.14589784480631351470947265625">
        <ele>32.200000762939453125</ele>
        <time>2025-06-10T22:56:06.000Z</time>
        <extensions>
          <ns3:TrackPointExtension>
            <ns3:hr>172</ns3:hr>
            <ns3:cad>93</ns3:cad>
          </ns3:TrackPointExtension>
        </extensions>
      </trkpt>
      <trkpt lat="24.49115135706961154937744140625" lon="118.14587068744003772735595703125">
        <ele>32.200000762939453125</ele>
        <time>2025-06-10T22:56:07.000Z</time>
        <extensions>
          <ns3:TrackPointExtension>
            <ns3:hr>172</ns3:hr>
            <ns3:cad>93</ns3:cad>
          </ns3:TrackPointExtension>
        </extensions>
      </trkpt>
      <trkpt lat="24.4911641813814640045166015625" lon="118.14583347178995609283447265625">
        <ele>32.200000762939453125</ele>
        <time>2025-06-10T22:56:08.000Z</time>
        <extensions>
          <ns3:TrackPointExtension>
            <ns3:hr>172</ns3:hr>
            <ns3:cad>93</ns3:cad>
          </ns3:TrackPointExtension>
        </extensions>
      </trkpt>
      <trkpt lat="24.4911765865981578826904296875" lon="118.14581033773720264434814453125">
        <ele>32.200000762939453125</ele>
        <time>2025-06-10T22:56:09.000Z</time>
        <extensions>
          <ns3:TrackPointExtension>
            <ns3:hr>172</ns3:hr>
            <ns3:cad>92</ns3:cad>
          </ns3:TrackPointExtension>
        </extensions>
      </trkpt>
      <trkpt lat="24.4911913387477397918701171875" lon="118.14577915705740451812744140625">
        <ele>32.200000762939453125</ele>
        <time>2025-06-10T22:56:10.000Z</time>
        <extensions>
          <ns3:TrackPointExtension>
            <ns3:hr>172</ns3:hr>
            <ns3:cad>90</ns3:cad>
          </ns3:TrackPointExtension>
        </extensions>
      </trkpt>
      <trkpt lat="24.49119360186159610748291015625" lon="118.145755268633365631103515625">
        <ele>32.200000762939453125</ele>
        <time>2025-06-10T22:56:11.000Z</time>
        <extensions>
          <ns3:TrackPointExtension>
            <ns3:hr>172</ns3:hr>
            <ns3:cad>90</ns3:cad>
          </ns3:TrackPointExtension>
        </extensions>
      </trkpt>
      <trkpt lat="24.4911993853747844696044921875" lon="118.14572148956358432769775390625">
        <ele>32.200000762939453125</ele>
        <time>2025-06-10T22:56:12.000Z</time>
        <extensions>
          <ns3:TrackPointExtension>
            <ns3:hr>172</ns3:hr>
            <ns3:cad>91</ns3:cad>
          </ns3:TrackPointExtension>
        </extensions>
      </trkpt>
      <trkpt lat="24.4912107847630977630615234375" lon="118.14569014124572277069091796875">
        <ele>32.40000152587890625</ele>
        <time>2025-06-10T22:56:13.000Z</time>
        <extensions>
          <ns3:TrackPointExtension>
            <ns3:hr>172</ns3:hr>
            <ns3:cad>91</ns3:cad>
          </ns3:TrackPointExtension>
        </extensions>
      </trkpt>
      <trkpt lat="24.4912235252559185028076171875" lon="118.1456434540450572967529296875">
        <ele>32.40000152587890625</ele>
        <time>2025-06-10T22:56:14.000Z</time>
        <extensions>
          <ns3:TrackPointExtension>
            <ns3:hr>173</ns3:hr>
            <ns3:cad>91</ns3:cad>
          </ns3:TrackPointExtension>
        </extensions>
      </trkpt>
      <trkpt lat="24.4912275485694408416748046875" lon="118.1456189788877964019775390625">
        <ele>32.40000152587890625</ele>
        <time>2025-06-10T22:56:15.000Z</time>
        <extensions>
          <ns3:TrackPointExtension>
            <ns3:hr>173</ns3:hr>
            <ns3:cad>92</ns3:cad>
          </ns3:TrackPointExtension>
        </extensions>
      </trkpt>
      <trkpt lat="24.4912409596145153045654296875" lon="118.145581595599651336669921875">
        <ele>32.59999847412109375</ele>
        <time>2025-06-10T22:56:16.000Z</time>
        <extensions>
          <ns3:TrackPointExtension>
            <ns3:hr>173</ns3:hr>
            <ns3:cad>92</ns3:cad>
          </ns3:TrackPointExtension>
        </extensions>
      </trkpt>
      <trkpt lat="24.49124808423221111297607421875" lon="118.14555351622402667999267578125">
        <ele>32.59999847412109375</ele>
        <time>2025-06-10T22:56:17.000Z</time>
        <extensions>
          <ns3:TrackPointExtension>
            <ns3:hr>173</ns3:hr>
            <ns3:cad>92</ns3:cad>
          </ns3:TrackPointExtension>
        </extensions>
      </trkpt>
      <trkpt lat="24.491261579096317291259765625" lon="118.14551646821200847625732421875">
        <ele>32.59999847412109375</ele>
        <time>2025-06-10T22:56:18.000Z</time>
        <extensions>
          <ns3:TrackPointExtension>
            <ns3:hr>173</ns3:hr>
            <ns3:cad>92</ns3:cad>
          </ns3:TrackPointExtension>
        </extensions>
      </trkpt>
      <trkpt lat="24.49127239175140857696533203125" lon="118.145482353866100311279296875">
        <ele>32.59999847412109375</ele>
        <time>2025-06-10T22:56:19.000Z</time>
        <extensions>
          <ns3:TrackPointExtension>
            <ns3:hr>172</ns3:hr>
            <ns3:cad>92</ns3:cad>
          </ns3:TrackPointExtension>
        </extensions>
      </trkpt>
      <trkpt lat="24.49128496460616588592529296875" lon="118.14544044435024261474609375">
        <ele>32.59999847412109375</ele>
        <time>2025-06-10T22:56:20.000Z</time>
        <extensions>
          <ns3:TrackPointExtension>
            <ns3:hr>173</ns3:hr>
            <ns3:cad>92</ns3:cad>
          </ns3:TrackPointExtension>
        </extensions>
      </trkpt>
      <trkpt lat="24.491293095052242279052734375" lon="118.14540750347077846527099609375">
        <ele>32.59999847412109375</ele>
        <time>2025-06-10T22:56:21.000Z</time>
        <extensions>
          <ns3:TrackPointExtension>
            <ns3:hr>173</ns3:hr>
            <ns3:cad>92</ns3:cad>
          </ns3:TrackPointExtension>
        </extensions>
      </trkpt>
      <trkpt lat="24.49130541644990444183349609375" lon="118.14537246711552143096923828125">
        <ele>32.59999847412109375</ele>
        <time>2025-06-10T22:56:22.000Z</time>
        <extensions>
          <ns3:TrackPointExtension>
            <ns3:hr>173</ns3:hr>
            <ns3:cad>92</ns3:cad>
          </ns3:TrackPointExtension>
        </extensions>
      </trkpt>
      <trkpt lat="24.49131245724856853485107421875" lon="118.1453413702547550201416015625">
        <ele>32.59999847412109375</ele>
        <time>2025-06-10T22:56:23.000Z</time>
        <extensions>
          <ns3:TrackPointExtension>
            <ns3:hr>173</ns3:hr>
            <ns3:cad>92</ns3:cad>
          </ns3:TrackPointExtension>
        </extensions>
      </trkpt>
      <trkpt lat="24.4913264550268650054931640625" lon="118.14530742354691028594970703125">
        <ele>32.59999847412109375</ele>
        <time>2025-06-10T22:56:24.000Z</time>
        <extensions>
          <ns3:TrackPointExtension>
            <ns3:hr>173</ns3:hr>
            <ns3:cad>92</ns3:cad>
          </ns3:TrackPointExtension>
        </extensions>
      </trkpt>
      <trkpt lat="24.49133710004389286041259765625" lon="118.1452788412570953369140625">
        <ele>32.59999847412109375</ele>
        <time>2025-06-10T22:56:25.000Z</time>
        <extensions>
          <ns3:TrackPointExtension>
            <ns3:hr>174</ns3:hr>
            <ns3:cad>92</ns3:cad>
          </ns3:TrackPointExtension>
        </extensions>
      </trkpt>
      <trkpt lat="24.49135051108896732330322265625" lon="118.1452481634914875030517578125">
        <ele>32.59999847412109375</ele>
        <time>2025-06-10T22:56:26.000Z</time>
        <extensions>
          <ns3:TrackPointExtension>
            <ns3:hr>174</ns3:hr>
            <ns3:cad>92</ns3:cad>
          </ns3:TrackPointExtension>
        </extensions>
      </trkpt>
      <trkpt lat="24.49136040173470973968505859375" lon="118.14522108994424343109130859375">
        <ele>32.59999847412109375</ele>
        <time>2025-06-10T22:56:27.000Z</time>
        <extensions>
          <ns3:TrackPointExtension>
            <ns3:hr>174</ns3:hr>
            <ns3:cad>92</ns3:cad>
          </ns3:TrackPointExtension>
        </extensions>
      </trkpt>
      <trkpt lat="24.49137632735073566436767578125" lon="118.14518990926444530487060546875">
        <ele>32.59999847412109375</ele>
        <time>2025-06-10T22:56:28.000Z</time>
        <extensions>
          <ns3:TrackPointExtension>
            <ns3:hr>174</ns3:hr>
            <ns3:cad>92</ns3:cad>
          </ns3:TrackPointExtension>
        </extensions>
      </trkpt>
      <trkpt lat="24.49139074422419071197509765625" lon="118.14515353180468082427978515625">
        <ele>32.59999847412109375</ele>
        <time>2025-06-10T22:56:29.000Z</time>
        <extensions>
          <ns3:TrackPointExtension>
            <ns3:hr>174</ns3:hr>
            <ns3:cad>92</ns3:cad>
          </ns3:TrackPointExtension>
        </extensions>
      </trkpt>
      <trkpt lat="24.49139426462352275848388671875" lon="118.1451073475182056427001953125">
        <ele>32.799999237060546875</ele>
        <time>2025-06-10T22:56:30.000Z</time>
        <extensions>
          <ns3:TrackPointExtension>
            <ns3:hr>174</ns3:hr>
            <ns3:cad>92</ns3:cad>
          </ns3:TrackPointExtension>
        </extensions>
      </trkpt>
      <trkpt lat="24.4913998804986476898193359375" lon="118.1450723111629486083984375">
        <ele>32.799999237060546875</ele>
        <time>2025-06-10T22:56:31.000Z</time>
        <extensions>
          <ns3:TrackPointExtension>
            <ns3:hr>175</ns3:hr>
            <ns3:cad>92</ns3:cad>
          </ns3:TrackPointExtension>
        </extensions>
      </trkpt>
      <trkpt lat="24.49141069315373897552490234375" lon="118.14503283239901065826416015625">
        <ele>32.799999237060546875</ele>
        <time>2025-06-10T22:56:32.000Z</time>
        <extensions>
          <ns3:TrackPointExtension>
            <ns3:hr>175</ns3:hr>
            <ns3:cad>92</ns3:cad>
          </ns3:TrackPointExtension>
        </extensions>
      </trkpt>
      <trkpt lat="24.49142058379948139190673828125" lon="118.1450000591576099395751953125">
        <ele>32.799999237060546875</ele>
        <time>2025-06-10T22:56:33.000Z</time>
        <extensions>
          <ns3:TrackPointExtension>
            <ns3:hr>175</ns3:hr>
            <ns3:cad>92</ns3:cad>
          </ns3:TrackPointExtension>
        </extensions>
      </trkpt>
      <trkpt lat="24.4914307259023189544677734375" lon="118.14496175386011600494384765625">
        <ele>32.799999237060546875</ele>
        <time>2025-06-10T22:56:34.000Z</time>
        <extensions>
          <ns3:TrackPointExtension>
            <ns3:hr>175</ns3:hr>
            <ns3:cad>91</ns3:cad>
          </ns3:TrackPointExtension>
        </extensions>
      </trkpt>
      <trkpt lat="24.4914370961487293243408203125" lon="118.14492554403841495513916015625">
        <ele>32.799999237060546875</ele>
        <time>2025-06-10T22:56:35.000Z</time>
        <extensions>
          <ns3:TrackPointExtension>
            <ns3:hr>175</ns3:hr>
            <ns3:cad>91</ns3:cad>
          </ns3:TrackPointExtension>
        </extensions>
      </trkpt>
      <trkpt lat="24.491445980966091156005859375" lon="118.14489654265344142913818359375">
        <ele>33</ele>
        <time>2025-06-10T22:56:36.000Z</time>
        <extensions>
          <ns3:TrackPointExtension>
            <ns3:hr>175</ns3:hr>
            <ns3:cad>91</ns3:cad>
          </ns3:TrackPointExtension>
        </extensions>
      </trkpt>
      <trkpt lat="24.491458721458911895751953125" lon="118.14486016519367694854736328125">
        <ele>33</ele>
        <time>2025-06-10T22:56:37.000Z</time>
        <extensions>
          <ns3:TrackPointExtension>
            <ns3:hr>175</ns3:hr>
            <ns3:cad>91</ns3:cad>
          </ns3:TrackPointExtension>
        </extensions>
      </trkpt>
      <trkpt lat="24.49147087521851062774658203125" lon="118.1448220275342464447021484375">
        <ele>33</ele>
        <time>2025-06-10T22:56:38.000Z</time>
        <extensions>
          <ns3:TrackPointExtension>
            <ns3:hr>176</ns3:hr>
            <ns3:cad>91</ns3:cad>
          </ns3:TrackPointExtension>
        </extensions>
      </trkpt>
      <trkpt lat="24.49148185551166534423828125" lon="118.14478573389351367950439453125">
        <ele>33.200000762939453125</ele>
        <time>2025-06-10T22:56:39.000Z</time>
        <extensions>
          <ns3:TrackPointExtension>
            <ns3:hr>175</ns3:hr>
            <ns3:cad>91</ns3:cad>
          </ns3:TrackPointExtension>
        </extensions>
      </trkpt>
      <trkpt lat="24.491484872996807098388671875" lon="118.1447558104991912841796875">
        <ele>33.40000152587890625</ele>
        <time>2025-06-10T22:56:40.000Z</time>
        <extensions>
          <ns3:TrackPointExtension>
            <ns3:hr>175</ns3:hr>
            <ns3:cad>92</ns3:cad>
          </ns3:TrackPointExtension>
        </extensions>
      </trkpt>
      <trkpt lat="24.49149132706224918365478515625" lon="118.14472186379134654998779296875">
        <ele>33.40000152587890625</ele>
        <time>2025-06-10T22:56:41.000Z</time>
        <extensions>
          <ns3:TrackPointExtension>
            <ns3:hr>175</ns3:hr>
            <ns3:cad>92</ns3:cad>
          </ns3:TrackPointExtension>
        </extensions>
      </trkpt>
      <trkpt lat="24.49149467982351779937744140625" lon="118.14469504170119762420654296875">
        <ele>33.40000152587890625</ele>
        <time>2025-06-10T22:56:42.000Z</time>
        <extensions>
          <ns3:TrackPointExtension>
            <ns3:hr>175</ns3:hr>
            <ns3:cad>92</ns3:cad>
          </ns3:TrackPointExtension>
        </extensions>
      </trkpt>
      <trkpt lat="24.49150155298411846160888671875" lon="118.14465665258467197418212890625">
        <ele>33.40000152587890625</ele>
        <time>2025-06-10T22:56:43.000Z</time>
        <extensions>
          <ns3:TrackPointExtension>
            <ns3:hr>175</ns3:hr>
            <ns3:cad>92</ns3:cad>
          </ns3:TrackPointExtension>
        </extensions>
      </trkpt>
      <trkpt lat="24.49150742031633853912353515625" lon="118.1446282379329204559326171875">
        <ele>33.200000762939453125</ele>
        <time>2025-06-10T22:56:44.000Z</time>
        <extensions>
          <ns3:TrackPointExtension>
            <ns3:hr>175</ns3:hr>
            <ns3:cad>92</ns3:cad>
          </ns3:TrackPointExtension>
        </extensions>
      </trkpt>
      <trkpt lat="24.491515718400478363037109375" lon="118.14459579996764659881591796875">
        <ele>33.200000762939453125</ele>
        <time>2025-06-10T22:56:45.000Z</time>
        <extensions>
          <ns3:TrackPointExtension>
            <ns3:hr>175</ns3:hr>
            <ns3:cad>92</ns3:cad>
          </ns3:TrackPointExtension>
        </extensions>
      </trkpt>
      <trkpt lat="24.49152208864688873291015625" lon="118.14456579275429248809814453125">
        <ele>33.40000152587890625</ele>
        <time>2025-06-10T22:56:46.000Z</time>
        <extensions>
          <ns3:TrackPointExtension>
            <ns3:hr>175</ns3:hr>
            <ns3:cad>91</ns3:cad>
          </ns3:TrackPointExtension>
        </extensions>
      </trkpt>
      <trkpt lat="24.4915316440165042877197265625" lon="118.144532181322574615478515625">
        <ele>33.40000152587890625</ele>
        <time>2025-06-10T22:56:47.000Z</time>
        <extensions>
          <ns3:TrackPointExtension>
            <ns3:hr>175</ns3:hr>
            <ns3:cad>90</ns3:cad>
          </ns3:TrackPointExtension>
        </extensions>
      </trkpt>
      <trkpt lat="24.491537176072597503662109375" lon="118.144503347575664520263671875">
        <ele>33.40000152587890625</ele>
        <time>2025-06-10T22:56:48.000Z</time>
        <extensions>
          <ns3:TrackPointExtension>
            <ns3:hr>175</ns3:hr>
            <ns3:cad>90</ns3:cad>
          </ns3:TrackPointExtension>
        </extensions>
      </trkpt>
      <trkpt lat="24.4915442168712615966796875" lon="118.1444699876010417938232421875">
        <ele>33.59999847412109375</ele>
        <time>2025-06-10T22:56:49.000Z</time>
        <extensions>
          <ns3:TrackPointExtension>
            <ns3:hr>174</ns3:hr>
            <ns3:cad>90</ns3:cad>
          </ns3:TrackPointExtension>
        </extensions>
      </trkpt>
      <trkpt lat="24.4915495812892913818359375" lon="118.14444324932992458343505859375">
        <ele>33.59999847412109375</ele>
        <time>2025-06-10T22:56:50.000Z</time>
        <extensions>
          <ns3:TrackPointExtension>
            <ns3:hr>174</ns3:hr>
            <ns3:cad>89</ns3:cad>
          </ns3:TrackPointExtension>
        </extensions>
      </trkpt>
      <trkpt lat="24.49155159294605255126953125" lon="118.144410140812397003173828125">
        <ele>33.59999847412109375</ele>
        <time>2025-06-10T22:56:51.000Z</time>
        <extensions>
          <ns3:TrackPointExtension>
            <ns3:hr>174</ns3:hr>
            <ns3:cad>89</ns3:cad>
          </ns3:TrackPointExtension>
        </extensions>
      </trkpt>
      <trkpt lat="24.49155561625957489013671875" lon="118.14437854103744029998779296875">
        <ele>33.59999847412109375</ele>
        <time>2025-06-10T22:56:52.000Z</time>
        <extensions>
          <ns3:TrackPointExtension>
            <ns3:hr>175</ns3:hr>
            <ns3:cad>89</ns3:cad>
          </ns3:TrackPointExtension>
        </extensions>
      </trkpt>
      <trkpt lat="24.49156366288661956787109375" lon="118.1443435885012149810791015625">
        <ele>33.59999847412109375</ele>
        <time>2025-06-10T22:56:53.000Z</time>
        <extensions>
          <ns3:TrackPointExtension>
            <ns3:hr>174</ns3:hr>
            <ns3:cad>89</ns3:cad>
          </ns3:TrackPointExtension>
        </extensions>
      </trkpt>
      <trkpt lat="24.4915685243904590606689453125" lon="118.14430947415530681610107421875">
        <ele>33.40000152587890625</ele>
        <time>2025-06-10T22:56:54.000Z</time>
        <extensions>
          <ns3:TrackPointExtension>
            <ns3:hr>174</ns3:hr>
            <ns3:cad>89</ns3:cad>
          </ns3:TrackPointExtension>
        </extensions>
      </trkpt>
      <trkpt lat="24.49157883413136005401611328125" lon="118.1442708335816860198974609375">
        <ele>33.59999847412109375</ele>
        <time>2025-06-10T22:56:55.000Z</time>
        <extensions>
          <ns3:TrackPointExtension>
            <ns3:hr>175</ns3:hr>
            <ns3:cad>89</ns3:cad>
          </ns3:TrackPointExtension>
        </extensions>
      </trkpt>
      <trkpt lat="24.49158780276775360107421875" lon="118.14423881471157073974609375">
        <ele>33.59999847412109375</ele>
        <time>2025-06-10T22:56:56.000Z</time>
        <extensions>
          <ns3:TrackPointExtension>
            <ns3:hr>175</ns3:hr>
            <ns3:cad>90</ns3:cad>
          </ns3:TrackPointExtension>
        </extensions>
      </trkpt>
      <trkpt lat="24.491596184670925140380859375" lon="118.1441947259008884429931640625">
        <ele>33.59999847412109375</ele>
        <time>2025-06-10T22:56:57.000Z</time>
        <extensions>
          <ns3:TrackPointExtension>
            <ns3:hr>175</ns3:hr>
            <ns3:cad>90</ns3:cad>
          </ns3:TrackPointExtension>
        </extensions>
      </trkpt>
      <trkpt lat="24.49159643612802028656005859375" lon="118.144162707030773162841796875">
        <ele>33.59999847412109375</ele>
        <time>2025-06-10T22:56:58.000Z</time>
        <extensions>
          <ns3:TrackPointExtension>
            <ns3:hr>174</ns3:hr>
            <ns3:cad>90</ns3:cad>
          </ns3:TrackPointExtension>
        </extensions>
      </trkpt>
      <trkpt lat="24.49160381220281124114990234375" lon="118.14412188716232776641845703125">
        <ele>33.799999237060546875</ele>
        <time>2025-06-10T22:56:59.000Z</time>
        <extensions>
          <ns3:TrackPointExtension>
            <ns3:hr>175</ns3:hr>
            <ns3:cad>90</ns3:cad>
          </ns3:TrackPointExtension>
        </extensions>
      </trkpt>
      <trkpt lat="24.49160800315439701080322265625" lon="118.14409372396767139434814453125">
        <ele>33.59999847412109375</ele>
        <time>2025-06-10T22:57:00.000Z</time>
        <extensions>
          <ns3:TrackPointExtension>
            <ns3:hr>175</ns3:hr>
            <ns3:cad>89</ns3:cad>
          </ns3:TrackPointExtension>
        </extensions>
      </trkpt>
      <trkpt lat="24.4916127808392047882080078125" lon="118.14405365847051143646240234375">
        <ele>33.799999237060546875</ele>
        <time>2025-06-10T22:57:01.000Z</time>
        <extensions>
          <ns3:TrackPointExtension>
            <ns3:hr>174</ns3:hr>
            <ns3:cad>89</ns3:cad>
          </ns3:TrackPointExtension>
        </extensions>
      </trkpt>
      <trkpt lat="24.491617977619171142578125" lon="118.14402465708553791046142578125">
        <ele>33.799999237060546875</ele>
        <time>2025-06-10T22:57:02.000Z</time>
        <extensions>
          <ns3:TrackPointExtension>
            <ns3:hr>174</ns3:hr>
            <ns3:cad>89</ns3:cad>
          </ns3:TrackPointExtension>
        </extensions>
      </trkpt>
      <trkpt lat="24.49162879027426242828369140625" lon="118.14398542977869510650634765625">
        <ele>33.799999237060546875</ele>
        <time>2025-06-10T22:57:03.000Z</time>
        <extensions>
          <ns3:TrackPointExtension>
            <ns3:hr>174</ns3:hr>
            <ns3:cad>89</ns3:cad>
          </ns3:TrackPointExtension>
        </extensions>
      </trkpt>
      <trkpt lat="24.49163365177810192108154296875" lon="118.1439519859850406646728515625">
        <ele>33.799999237060546875</ele>
        <time>2025-06-10T22:57:04.000Z</time>
        <extensions>
          <ns3:TrackPointExtension>
            <ns3:hr>174</ns3:hr>
            <ns3:cad>89</ns3:cad>
          </ns3:TrackPointExtension>
        </extensions>
      </trkpt>
      <trkpt lat="24.49164211750030517578125" lon="118.1439228169620037078857421875">
        <ele>34</ele>
        <time>2025-06-10T22:57:05.000Z</time>
        <extensions>
          <ns3:TrackPointExtension>
            <ns3:hr>174</ns3:hr>
            <ns3:cad>89</ns3:cad>
          </ns3:TrackPointExtension>
        </extensions>
      </trkpt>
      <trkpt lat="24.49165125377476215362548828125" lon="118.1438946537673473358154296875">
        <ele>34</ele>
        <time>2025-06-10T22:57:06.000Z</time>
        <extensions>
          <ns3:TrackPointExtension>
            <ns3:hr>175</ns3:hr>
            <ns3:cad>90</ns3:cad>
          </ns3:TrackPointExtension>
        </extensions>
      </trkpt>
      <trkpt lat="24.49166650883853435516357421875" lon="118.14385819248855113983154296875">
        <ele>33.799999237060546875</ele>
        <time>2025-06-10T22:57:07.000Z</time>
        <extensions>
          <ns3:TrackPointExtension>
            <ns3:hr>174</ns3:hr>
            <ns3:cad>90</ns3:cad>
          </ns3:TrackPointExtension>
        </extensions>
      </trkpt>
      <trkpt lat="24.4916729629039764404296875" lon="118.1438302807509899139404296875">
        <ele>33.799999237060546875</ele>
        <time>2025-06-10T22:57:08.000Z</time>
        <extensions>
          <ns3:TrackPointExtension>
            <ns3:hr>174</ns3:hr>
            <ns3:cad>90</ns3:cad>
          </ns3:TrackPointExtension>
        </extensions>
      </trkpt>
      <trkpt lat="24.4916848652064800262451171875" lon="118.1437982618808746337890625">
        <ele>34</ele>
        <time>2025-06-10T22:57:09.000Z</time>
        <extensions>
          <ns3:TrackPointExtension>
            <ns3:hr>174</ns3:hr>
            <ns3:cad>90</ns3:cad>
          </ns3:TrackPointExtension>
        </extensions>
      </trkpt>
      <trkpt lat="24.49168561957776546478271484375" lon="118.14377454109489917755126953125">
        <ele>33.799999237060546875</ele>
        <time>2025-06-10T22:57:10.000Z</time>
        <extensions>
          <ns3:TrackPointExtension>
            <ns3:hr>174</ns3:hr>
            <ns3:cad>90</ns3:cad>
          </ns3:TrackPointExtension>
        </extensions>
      </trkpt>
      <trkpt lat="24.49169375002384185791015625" lon="118.14374319277703762054443359375">
        <ele>34</ele>
        <time>2025-06-10T22:57:11.000Z</time>
        <extensions>
          <ns3:TrackPointExtension>
            <ns3:hr>174</ns3:hr>
            <ns3:cad>90</ns3:cad>
          </ns3:TrackPointExtension>
        </extensions>
      </trkpt>
      <trkpt lat="24.4917002879083156585693359375" lon="118.14371720887720584869384765625">
        <ele>34</ele>
        <time>2025-06-10T22:57:12.000Z</time>
        <extensions>
          <ns3:TrackPointExtension>
            <ns3:hr>174</ns3:hr>
            <ns3:cad>90</ns3:cad>
          </ns3:TrackPointExtension>
        </extensions>
      </trkpt>
      <trkpt lat="24.4917116872966289520263671875" lon="118.14368502236902713775634765625">
        <ele>34</ele>
        <time>2025-06-10T22:57:13.000Z</time>
        <extensions>
          <ns3:TrackPointExtension>
            <ns3:hr>174</ns3:hr>
            <ns3:cad>89</ns3:cad>
          </ns3:TrackPointExtension>
        </extensions>
      </trkpt>
      <trkpt lat="24.491714872419834136962890625" lon="118.14365535043179988861083984375">
        <ele>34.200000762939453125</ele>
        <time>2025-06-10T22:57:14.000Z</time>
        <extensions>
          <ns3:TrackPointExtension>
            <ns3:hr>175</ns3:hr>
            <ns3:cad>89</ns3:cad>
          </ns3:TrackPointExtension>
        </extensions>
      </trkpt>
      <trkpt lat="24.49171948246657848358154296875" lon="118.14362182281911373138427734375">
        <ele>34.200000762939453125</ele>
        <time>2025-06-10T22:57:15.000Z</time>
        <extensions>
          <ns3:TrackPointExtension>
            <ns3:hr>174</ns3:hr>
            <ns3:cad>89</ns3:cad>
          </ns3:TrackPointExtension>
        </extensions>
      </trkpt>
      <trkpt lat="24.491718895733356475830078125" lon="118.143591396510601043701171875">
        <ele>34.200000762939453125</ele>
        <time>2025-06-10T22:57:16.000Z</time>
        <extensions>
          <ns3:TrackPointExtension>
            <ns3:hr>174</ns3:hr>
            <ns3:cad>89</ns3:cad>
          </ns3:TrackPointExtension>
        </extensions>
      </trkpt>
      <trkpt lat="24.49171654880046844482421875" lon="118.143556527793407440185546875">
        <ele>34.40000152587890625</ele>
        <time>2025-06-10T22:57:17.000Z</time>
        <extensions>
          <ns3:TrackPointExtension>
            <ns3:hr>174</ns3:hr>
            <ns3:cad>89</ns3:cad>
          </ns3:TrackPointExtension>
        </extensions>
      </trkpt>
      <trkpt lat="24.4917267747223377227783203125" lon="118.14352408982813358306884765625">
        <ele>34.40000152587890625</ele>
        <time>2025-06-10T22:57:18.000Z</time>
        <extensions>
          <ns3:TrackPointExtension>
            <ns3:hr>174</ns3:hr>
            <ns3:cad>90</ns3:cad>
          </ns3:TrackPointExtension>
        </extensions>
      </trkpt>
      <trkpt lat="24.49174194596707820892333984375" lon="118.1434876285493373870849609375">
        <ele>34.40000152587890625</ele>
        <time>2025-06-10T22:57:19.000Z</time>
        <extensions>
          <ns3:TrackPointExtension>
            <ns3:hr>174</ns3:hr>
            <ns3:cad>90</ns3:cad>
          </ns3:TrackPointExtension>
        </extensions>
      </trkpt>
      <trkpt lat="24.49175200425088405609130859375" lon="118.14345896244049072265625">
        <ele>34.40000152587890625</ele>
        <time>2025-06-10T22:57:20.000Z</time>
        <extensions>
          <ns3:TrackPointExtension>
            <ns3:hr>174</ns3:hr>
            <ns3:cad>90</ns3:cad>
          </ns3:TrackPointExtension>
        </extensions>
      </trkpt>
      <trkpt lat="24.49176072143018245697021484375" lon="118.143423758447170257568359375">
        <ele>34.40000152587890625</ele>
        <time>2025-06-10T22:57:21.000Z</time>
        <extensions>
          <ns3:TrackPointExtension>
            <ns3:hr>174</ns3:hr>
            <ns3:cad>90</ns3:cad>
          </ns3:TrackPointExtension>
        </extensions>
      </trkpt>
      <trkpt lat="24.4917676784098148345947265625" lon="118.143391571938991546630859375">
        <ele>34.40000152587890625</ele>
        <time>2025-06-10T22:57:22.000Z</time>
        <extensions>
          <ns3:TrackPointExtension>
            <ns3:hr>175</ns3:hr>
            <ns3:cad>90</ns3:cad>
          </ns3:TrackPointExtension>
        </extensions>
      </trkpt>
      <trkpt lat="24.491773881018161773681640625" lon="118.1433568708598613739013671875">
        <ele>34.40000152587890625</ele>
        <time>2025-06-10T22:57:23.000Z</time>
        <extensions>
          <ns3:TrackPointExtension>
            <ns3:hr>174</ns3:hr>
            <ns3:cad>90</ns3:cad>
          </ns3:TrackPointExtension>
        </extensions>
      </trkpt>
      <trkpt lat="24.49177999980747699737548828125" lon="118.14333013258874416351318359375">
        <ele>34.40000152587890625</ele>
        <time>2025-06-10T22:57:24.000Z</time>
        <extensions>
          <ns3:TrackPointExtension>
            <ns3:hr>174</ns3:hr>
            <ns3:cad>89</ns3:cad>
          </ns3:TrackPointExtension>
        </extensions>
      </trkpt>
      <trkpt lat="24.49178737588226795196533203125" lon="118.14329274930059909820556640625">
        <ele>34.40000152587890625</ele>
        <time>2025-06-10T22:57:25.000Z</time>
        <extensions>
          <ns3:TrackPointExtension>
            <ns3:hr>175</ns3:hr>
            <ns3:cad>89</ns3:cad>
          </ns3:TrackPointExtension>
        </extensions>
      </trkpt>
      <trkpt lat="24.49179223738610744476318359375" lon="118.1432670168578624725341796875">
        <ele>34.40000152587890625</ele>
        <time>2025-06-10T22:57:26.000Z</time>
        <extensions>
          <ns3:TrackPointExtension>
            <ns3:hr>174</ns3:hr>
            <ns3:cad>89</ns3:cad>
          </ns3:TrackPointExtension>
        </extensions>
      </trkpt>
      <trkpt lat="24.49180397205054759979248046875" lon="118.1432282924652099609375">
        <ele>34.200000762939453125</ele>
        <time>2025-06-10T22:57:27.000Z</time>
        <extensions>
          <ns3:TrackPointExtension>
            <ns3:hr>175</ns3:hr>
            <ns3:cad>89</ns3:cad>
          </ns3:TrackPointExtension>
        </extensions>
      </trkpt>
      <trkpt lat="24.49180816300213336944580078125" lon="118.1432046554982662200927734375">
        <ele>34.200000762939453125</ele>
        <time>2025-06-10T22:57:28.000Z</time>
        <extensions>
          <ns3:TrackPointExtension>
            <ns3:hr>174</ns3:hr>
            <ns3:cad>89</ns3:cad>
          </ns3:TrackPointExtension>
        </extensions>
      </trkpt>
      <trkpt lat="24.49181654490530490875244140625" lon="118.1431684456765651702880859375">
        <ele>34.200000762939453125</ele>
        <time>2025-06-10T22:57:29.000Z</time>
        <extensions>
          <ns3:TrackPointExtension>
            <ns3:hr>174</ns3:hr>
            <ns3:cad>89</ns3:cad>
          </ns3:TrackPointExtension>
        </extensions>
      </trkpt>
      <trkpt lat="24.4918159581720829010009765625" lon="118.1431389413774013519287109375">
        <ele>34.200000762939453125</ele>
        <time>2025-06-10T22:57:30.000Z</time>
        <extensions>
          <ns3:TrackPointExtension>
            <ns3:hr>174</ns3:hr>
            <ns3:cad>89</ns3:cad>
          </ns3:TrackPointExtension>
        </extensions>
      </trkpt>
      <trkpt lat="24.49181805364787578582763671875" lon="118.14310164190828800201416015625">
        <ele>34.200000762939453125</ele>
        <time>2025-06-10T22:57:31.000Z</time>
        <extensions>
          <ns3:TrackPointExtension>
            <ns3:hr>174</ns3:hr>
            <ns3:cad>89</ns3:cad>
          </ns3:TrackPointExtension>
        </extensions>
      </trkpt>
      <trkpt lat="24.4918179698288440704345703125" lon="118.1430725567042827606201171875">
        <ele>34.200000762939453125</ele>
        <time>2025-06-10T22:57:32.000Z</time>
        <extensions>
          <ns3:TrackPointExtension>
            <ns3:hr>174</ns3:hr>
            <ns3:cad>89</ns3:cad>
          </ns3:TrackPointExtension>
        </extensions>
      </trkpt>
      <trkpt lat="24.49182475917041301727294921875" lon="118.14303492195904254913330078125">
        <ele>34.200000762939453125</ele>
        <time>2025-06-10T22:57:33.000Z</time>
        <extensions>
          <ns3:TrackPointExtension>
            <ns3:hr>174</ns3:hr>
            <ns3:cad>89</ns3:cad>
          </ns3:TrackPointExtension>
        </extensions>
      </trkpt>
      <trkpt lat="24.4918204843997955322265625" lon="118.14300273545086383819580078125">
        <ele>34.200000762939453125</ele>
        <time>2025-06-10T22:57:34.000Z</time>
        <extensions>
          <ns3:TrackPointExtension>
            <ns3:hr>174</ns3:hr>
            <ns3:cad>89</ns3:cad>
          </ns3:TrackPointExtension>
        </extensions>
      </trkpt>
      <trkpt lat="24.49182777665555477142333984375" lon="118.142964430153369903564453125">
        <ele>34.200000762939453125</ele>
        <time>2025-06-10T22:57:35.000Z</time>
        <extensions>
          <ns3:TrackPointExtension>
            <ns3:hr>174</ns3:hr>
            <ns3:cad>89</ns3:cad>
          </ns3:TrackPointExtension>
        </extensions>
      </trkpt>
      <trkpt lat="24.49182651937007904052734375" lon="118.14293232746422290802001953125">
        <ele>34.200000762939453125</ele>
        <time>2025-06-10T22:57:36.000Z</time>
        <extensions>
          <ns3:TrackPointExtension>
            <ns3:hr>175</ns3:hr>
            <ns3:cad>89</ns3:cad>
          </ns3:TrackPointExtension>
        </extensions>
      </trkpt>
      <trkpt lat="24.49183364398777484893798828125" lon="118.1428911723196506500244140625">
        <ele>34.200000762939453125</ele>
        <time>2025-06-10T22:57:37.000Z</time>
        <extensions>
          <ns3:TrackPointExtension>
            <ns3:hr>174</ns3:hr>
            <ns3:cad>89</ns3:cad>
          </ns3:TrackPointExtension>
        </extensions>
      </trkpt>
      <trkpt lat="24.491834230720996856689453125" lon="118.14285990782082080841064453125">
        <ele>34</ele>
        <time>2025-06-10T22:57:38.000Z</time>
        <extensions>
          <ns3:TrackPointExtension>
            <ns3:hr>174</ns3:hr>
            <ns3:cad>89</ns3:cad>
          </ns3:TrackPointExtension>
        </extensions>
      </trkpt>
      <trkpt lat="24.4918501563370227813720703125" lon="118.142815567553043365478515625">
        <ele>34</ele>
        <time>2025-06-10T22:57:39.000Z</time>
        <extensions>
          <ns3:TrackPointExtension>
            <ns3:hr>174</ns3:hr>
            <ns3:cad>89</ns3:cad>
          </ns3:TrackPointExtension>
        </extensions>
      </trkpt>
      <trkpt lat="24.49185677804052829742431640625" lon="118.1427869014441967010498046875">
        <ele>34</ele>
        <time>2025-06-10T22:57:40.000Z</time>
        <extensions>
          <ns3:TrackPointExtension>
            <ns3:hr>174</ns3:hr>
            <ns3:cad>88</ns3:cad>
          </ns3:TrackPointExtension>
        </extensions>
      </trkpt>
      <trkpt lat="24.491869769990444183349609375" lon="118.1427436508238315582275390625">
        <ele>34</ele>
        <time>2025-06-10T22:57:41.000Z</time>
        <extensions>
          <ns3:TrackPointExtension>
            <ns3:hr>174</ns3:hr>
            <ns3:cad>88</ns3:cad>
          </ns3:TrackPointExtension>
        </extensions>
      </trkpt>
      <trkpt lat="24.49187689460813999176025390625" lon="118.142712973058223724365234375">
        <ele>34</ele>
        <time>2025-06-10T22:57:42.000Z</time>
        <extensions>
          <ns3:TrackPointExtension>
            <ns3:hr>174</ns3:hr>
            <ns3:cad>88</ns3:cad>
          </ns3:TrackPointExtension>
        </extensions>
      </trkpt>
      <trkpt lat="24.4918934069573879241943359375" lon="118.14267299138009548187255859375">
        <ele>34</ele>
        <time>2025-06-10T22:57:43.000Z</time>
        <extensions>
          <ns3:TrackPointExtension>
            <ns3:hr>174</ns3:hr>
            <ns3:cad>88</ns3:cad>
          </ns3:TrackPointExtension>
        </extensions>
      </trkpt>
      <trkpt lat="24.49190162122249603271484375" lon="118.142648600041866302490234375">
        <ele>34.200000762939453125</ele>
        <time>2025-06-10T22:57:44.000Z</time>
        <extensions>
          <ns3:TrackPointExtension>
            <ns3:hr>174</ns3:hr>
            <ns3:cad>88</ns3:cad>
          </ns3:TrackPointExtension>
        </extensions>
      </trkpt>
      <trkpt lat="24.4919198937714099884033203125" lon="118.14261381514370441436767578125">
        <ele>34.200000762939453125</ele>
        <time>2025-06-10T22:57:45.000Z</time>
        <extensions>
          <ns3:TrackPointExtension>
            <ns3:hr>174</ns3:hr>
            <ns3:cad>88</ns3:cad>
          </ns3:TrackPointExtension>
        </extensions>
      </trkpt>
      <trkpt lat="24.491939507424831390380859375" lon="118.142590261995792388916015625">
        <ele>34.200000762939453125</ele>
        <time>2025-06-10T22:57:46.000Z</time>
        <extensions>
          <ns3:TrackPointExtension>
            <ns3:hr>174</ns3:hr>
            <ns3:cad>88</ns3:cad>
          </ns3:TrackPointExtension>
        </extensions>
      </trkpt>
      <trkpt lat="24.49195434339344501495361328125" lon="118.14255262725055217742919921875">
        <ele>34.200000762939453125</ele>
        <time>2025-06-10T22:57:47.000Z</time>
        <extensions>
          <ns3:TrackPointExtension>
            <ns3:hr>174</ns3:hr>
            <ns3:cad>88</ns3:cad>
          </ns3:TrackPointExtension>
        </extensions>
      </trkpt>
      <trkpt lat="24.49196322821080684661865234375" lon="118.1425237096846103668212890625">
        <ele>34.200000762939453125</ele>
        <time>2025-06-10T22:57:48.000Z</time>
        <extensions>
          <ns3:TrackPointExtension>
            <ns3:hr>174</ns3:hr>
            <ns3:cad>88</ns3:cad>
          </ns3:TrackPointExtension>
        </extensions>
      </trkpt>
      <trkpt lat="24.491969682276248931884765625" lon="118.1424841471016407012939453125">
        <ele>34</ele>
        <time>2025-06-10T22:57:49.000Z</time>
        <extensions>
          <ns3:TrackPointExtension>
            <ns3:hr>174</ns3:hr>
            <ns3:cad>88</ns3:cad>
          </ns3:TrackPointExtension>
        </extensions>
      </trkpt>
      <trkpt lat="24.491976387798786163330078125" lon="118.14246227033436298370361328125">
        <ele>34</ele>
        <time>2025-06-10T22:57:50.000Z</time>
        <extensions>
          <ns3:TrackPointExtension>
            <ns3:hr>174</ns3:hr>
            <ns3:cad>89</ns3:cad>
          </ns3:TrackPointExtension>
        </extensions>
      </trkpt>
      <trkpt lat="24.49198300950229167938232421875" lon="118.142424635589122772216796875">
        <ele>33.799999237060546875</ele>
        <time>2025-06-10T22:57:51.000Z</time>
        <extensions>
          <ns3:TrackPointExtension>
            <ns3:hr>174</ns3:hr>
            <ns3:cad>89</ns3:cad>
          </ns3:TrackPointExtension>
        </extensions>
      </trkpt>
      <trkpt lat="24.49198937974870204925537109375" lon="118.14239521510899066925048828125">
        <ele>33.799999237060546875</ele>
        <time>2025-06-10T22:57:52.000Z</time>
        <extensions>
          <ns3:TrackPointExtension>
            <ns3:hr>174</ns3:hr>
            <ns3:cad>89</ns3:cad>
          </ns3:TrackPointExtension>
        </extensions>
      </trkpt>
      <trkpt lat="24.49199541471898555755615234375" lon="118.14236017875373363494873046875">
        <ele>33.799999237060546875</ele>
        <time>2025-06-10T22:57:53.000Z</time>
        <extensions>
          <ns3:TrackPointExtension>
            <ns3:hr>174</ns3:hr>
            <ns3:cad>89</ns3:cad>
          </ns3:TrackPointExtension>
        </extensions>
      </trkpt>
      <trkpt lat="24.49200488626956939697265625" lon="118.14233243465423583984375">
        <ele>33.799999237060546875</ele>
        <time>2025-06-10T22:57:54.000Z</time>
        <extensions>
          <ns3:TrackPointExtension>
            <ns3:hr>174</ns3:hr>
            <ns3:cad>89</ns3:cad>
          </ns3:TrackPointExtension>
        </extensions>
      </trkpt>
      <trkpt lat="24.49201368726789951324462890625" lon="118.14229513518512248992919921875">
        <ele>33.799999237060546875</ele>
        <time>2025-06-10T22:57:55.000Z</time>
        <extensions>
          <ns3:TrackPointExtension>
            <ns3:hr>174</ns3:hr>
            <ns3:cad>89</ns3:cad>
          </ns3:TrackPointExtension>
        </extensions>
      </trkpt>
      <trkpt lat="24.49201938696205615997314453125" lon="118.142260350286960601806640625">
        <ele>33.799999237060546875</ele>
        <time>2025-06-10T22:57:56.000Z</time>
        <extensions>
          <ns3:TrackPointExtension>
            <ns3:hr>174</ns3:hr>
            <ns3:cad>89</ns3:cad>
          </ns3:TrackPointExtension>
        </extensions>
      </trkpt>
      <trkpt lat="24.492021985352039337158203125" lon="118.14222925342619419097900390625">
        <ele>33.799999237060546875</ele>
        <time>2025-06-10T22:57:57.000Z</time>
        <extensions>
          <ns3:TrackPointExtension>
            <ns3:hr>174</ns3:hr>
            <ns3:cad>89</ns3:cad>
          </ns3:TrackPointExtension>
        </extensions>
      </trkpt>
      <trkpt lat="24.49202860705554485321044921875" lon="118.14219052903354167938232421875">
        <ele>33.799999237060546875</ele>
        <time>2025-06-10T22:57:58.000Z</time>
        <extensions>
          <ns3:TrackPointExtension>
            <ns3:hr>174</ns3:hr>
            <ns3:cad>89</ns3:cad>
          </ns3:TrackPointExtension>
        </extensions>
      </trkpt>
      <trkpt lat="24.49203045107424259185791015625" lon="118.14215884543955326080322265625">
        <ele>33.799999237060546875</ele>
        <time>2025-06-10T22:57:59.000Z</time>
        <extensions>
          <ns3:TrackPointExtension>
            <ns3:hr>173</ns3:hr>
            <ns3:cad>89</ns3:cad>
          </ns3:TrackPointExtension>
        </extensions>
      </trkpt>
      <trkpt lat="24.4920402579009532928466796875" lon="118.14212582074105739593505859375">
        <ele>33.59999847412109375</ele>
        <time>2025-06-10T22:58:00.000Z</time>
        <extensions>
          <ns3:TrackPointExtension>
            <ns3:hr>174</ns3:hr>
            <ns3:cad>89</ns3:cad>
          </ns3:TrackPointExtension>
        </extensions>
      </trkpt>
      <trkpt lat="24.492046125233173370361328125" lon="118.14210033975541591644287109375">
        <ele>33.59999847412109375</ele>
        <time>2025-06-10T22:58:01.000Z</time>
        <extensions>
          <ns3:TrackPointExtension>
            <ns3:hr>174</ns3:hr>
            <ns3:cad>88</ns3:cad>
          </ns3:TrackPointExtension>
        </extensions>
      </trkpt>
      <trkpt lat="24.49205241166055202484130859375" lon="118.14207117073237895965576171875">
        <ele>33.59999847412109375</ele>
        <time>2025-06-10T22:58:02.000Z</time>
        <extensions>
          <ns3:TrackPointExtension>
            <ns3:hr>174</ns3:hr>
            <ns3:cad>89</ns3:cad>
          </ns3:TrackPointExtension>
        </extensions>
      </trkpt>
      <trkpt lat="24.4920563511550426483154296875" lon="118.142039738595485687255859375">
        <ele>33.59999847412109375</ele>
        <time>2025-06-10T22:58:03.000Z</time>
        <extensions>
          <ns3:TrackPointExtension>
            <ns3:hr>173</ns3:hr>
            <ns3:cad>89</ns3:cad>
          </ns3:TrackPointExtension>
        </extensions>
      </trkpt>
      <trkpt lat="24.49206347577273845672607421875" lon="118.1420040316879749298095703125">
        <ele>33.59999847412109375</ele>
        <time>2025-06-10T22:58:04.000Z</time>
        <extensions>
          <ns3:TrackPointExtension>
            <ns3:hr>174</ns3:hr>
            <ns3:cad>89</ns3:cad>
          </ns3:TrackPointExtension>
        </extensions>
      </trkpt>
      <trkpt lat="24.49206867255270481109619140625" lon="118.1419718451797962188720703125">
        <ele>33.59999847412109375</ele>
        <time>2025-06-10T22:58:05.000Z</time>
        <extensions>
          <ns3:TrackPointExtension>
            <ns3:hr>174</ns3:hr>
            <ns3:cad>89</ns3:cad>
          </ns3:TrackPointExtension>
        </extensions>
      </trkpt>
      <trkpt lat="24.4920774735510349273681640625" lon="118.14193756319582462310791015625">
        <ele>33.59999847412109375</ele>
        <time>2025-06-10T22:58:06.000Z</time>
        <extensions>
          <ns3:TrackPointExtension>
            <ns3:hr>173</ns3:hr>
            <ns3:cad>89</ns3:cad>
          </ns3:TrackPointExtension>
        </extensions>
      </trkpt>
      <trkpt lat="24.49208409525454044342041015625" lon="118.1419034488499164581298828125">
        <ele>33.59999847412109375</ele>
        <time>2025-06-10T22:58:07.000Z</time>
        <extensions>
          <ns3:TrackPointExtension>
            <ns3:hr>174</ns3:hr>
            <ns3:cad>89</ns3:cad>
          </ns3:TrackPointExtension>
        </extensions>
      </trkpt>
      <trkpt lat="24.49208728037774562835693359375" lon="118.14187067560851573944091796875">
        <ele>33.59999847412109375</ele>
        <time>2025-06-10T22:58:08.000Z</time>
        <extensions>
          <ns3:TrackPointExtension>
            <ns3:hr>174</ns3:hr>
            <ns3:cad>90</ns3:cad>
          </ns3:TrackPointExtension>
        </extensions>
      </trkpt>
      <trkpt lat="24.49208929203450679779052734375" lon="118.14183999784290790557861328125">
        <ele>33.59999847412109375</ele>
        <time>2025-06-10T22:58:09.000Z</time>
        <extensions>
          <ns3:TrackPointExtension>
            <ns3:hr>173</ns3:hr>
            <ns3:cad>90</ns3:cad>
          </ns3:TrackPointExtension>
        </extensions>
      </trkpt>
      <trkpt lat="24.49209180660545825958251953125" lon="118.14180764369666576385498046875">
        <ele>33.40000152587890625</ele>
        <time>2025-06-10T22:58:10.000Z</time>
        <extensions>
          <ns3:TrackPointExtension>
            <ns3:hr>173</ns3:hr>
            <ns3:cad>90</ns3:cad>
          </ns3:TrackPointExtension>
        </extensions>
      </trkpt>
      <trkpt lat="24.4920955784618854522705078125" lon="118.14177076332271099090576171875">
        <ele>33.40000152587890625</ele>
        <time>2025-06-10T22:58:11.000Z</time>
        <extensions>
          <ns3:TrackPointExtension>
            <ns3:hr>173</ns3:hr>
            <ns3:cad>90</ns3:cad>
          </ns3:TrackPointExtension>
        </extensions>
      </trkpt>
      <trkpt lat="24.49210345745086669921875" lon="118.1417394988238811492919921875">
        <ele>33.40000152587890625</ele>
        <time>2025-06-10T22:58:12.000Z</time>
        <extensions>
          <ns3:TrackPointExtension>
            <ns3:hr>173</ns3:hr>
            <ns3:cad>90</ns3:cad>
          </ns3:TrackPointExtension>
        </extensions>
      </trkpt>
      <trkpt lat="24.492106474936008453369140625" lon="118.141698427498340606689453125">
        <ele>33.59999847412109375</ele>
        <time>2025-06-10T22:58:13.000Z</time>
        <extensions>
          <ns3:TrackPointExtension>
            <ns3:hr>173</ns3:hr>
            <ns3:cad>90</ns3:cad>
          </ns3:TrackPointExtension>
        </extensions>
      </trkpt>
      <trkpt lat="24.49211326427757740020751953125" lon="118.1416680850088596343994140625">
        <ele>33.59999847412109375</ele>
        <time>2025-06-10T22:58:14.000Z</time>
        <extensions>
          <ns3:TrackPointExtension>
            <ns3:hr>172</ns3:hr>
            <ns3:cad>89</ns3:cad>
          </ns3:TrackPointExtension>
        </extensions>
      </trkpt>
      <trkpt lat="24.492121227085590362548828125" lon="118.14162961207330226898193359375">
        <ele>33.59999847412109375</ele>
        <time>2025-06-10T22:58:15.000Z</time>
        <extensions>
          <ns3:TrackPointExtension>
            <ns3:hr>173</ns3:hr>
            <ns3:cad>89</ns3:cad>
          </ns3:TrackPointExtension>
        </extensions>
      </trkpt>
      <trkpt lat="24.49213254265487194061279296875" lon="118.1415946595370769500732421875">
        <ele>33.59999847412109375</ele>
        <time>2025-06-10T22:58:16.000Z</time>
        <extensions>
          <ns3:TrackPointExtension>
            <ns3:hr>173</ns3:hr>
            <ns3:cad>89</ns3:cad>
          </ns3:TrackPointExtension>
        </extensions>
      </trkpt>
      <trkpt lat="24.49214545078575611114501953125" lon="118.1415564380586147308349609375">
        <ele>33.59999847412109375</ele>
        <time>2025-06-10T22:58:17.000Z</time>
        <extensions>
          <ns3:TrackPointExtension>
            <ns3:hr>172</ns3:hr>
            <ns3:cad>89</ns3:cad>
          </ns3:TrackPointExtension>
        </extensions>
      </trkpt>
      <trkpt lat="24.492156766355037689208984375" lon="118.141525089740753173828125">
        <ele>33.59999847412109375</ele>
        <time>2025-06-10T22:58:18.000Z</time>
        <extensions>
          <ns3:TrackPointExtension>
            <ns3:hr>173</ns3:hr>
            <ns3:cad>89</ns3:cad>
          </ns3:TrackPointExtension>
        </extensions>
      </trkpt>
      <trkpt lat="24.4921646453440189361572265625" lon="118.1414880417287349700927734375">
        <ele>33.59999847412109375</ele>
        <time>2025-06-10T22:58:19.000Z</time>
        <extensions>
          <ns3:TrackPointExtension>
            <ns3:hr>173</ns3:hr>
            <ns3:cad>89</ns3:cad>
          </ns3:TrackPointExtension>
        </extensions>
      </trkpt>
      <trkpt lat="24.49217428453266620635986328125" lon="118.14146297983825206756591796875">
        <ele>33.59999847412109375</ele>
        <time>2025-06-10T22:58:20.000Z</time>
        <extensions>
          <ns3:TrackPointExtension>
            <ns3:hr>172</ns3:hr>
            <ns3:cad>89</ns3:cad>
          </ns3:TrackPointExtension>
        </extensions>
      </trkpt>
      <trkpt lat="24.49217520654201507568359375" lon="118.1414320506155490875244140625">
        <ele>33.59999847412109375</ele>
        <time>2025-06-10T22:58:21.000Z</time>
        <extensions>
          <ns3:TrackPointExtension>
            <ns3:hr>173</ns3:hr>
            <ns3:cad>89</ns3:cad>
          </ns3:TrackPointExtension>
        </extensions>
      </trkpt>
      <trkpt lat="24.49217981658875942230224609375" lon="118.14139835536479949951171875">
        <ele>33.59999847412109375</ele>
        <time>2025-06-10T22:58:22.000Z</time>
        <extensions>
          <ns3:TrackPointExtension>
            <ns3:hr>173</ns3:hr>
            <ns3:cad>89</ns3:cad>
          </ns3:TrackPointExtension>
        </extensions>
      </trkpt>
      <trkpt lat="24.49218434281647205352783203125" lon="118.14137027598917484283447265625">
        <ele>33.59999847412109375</ele>
        <time>2025-06-10T22:58:23.000Z</time>
        <extensions>
          <ns3:TrackPointExtension>
            <ns3:hr>172</ns3:hr>
            <ns3:cad>89</ns3:cad>
          </ns3:TrackPointExtension>
        </extensions>
      </trkpt>
      <trkpt lat="24.4921934790909290313720703125" lon="118.14133775420486927032470703125">
        <ele>33.40000152587890625</ele>
        <time>2025-06-10T22:58:24.000Z</time>
        <extensions>
          <ns3:TrackPointExtension>
            <ns3:hr>173</ns3:hr>
            <ns3:cad>88</ns3:cad>
          </ns3:TrackPointExtension>
        </extensions>
      </trkpt>
      <trkpt lat="24.4921981729567050933837890625" lon="118.1413049809634685516357421875">
        <ele>33.40000152587890625</ele>
        <time>2025-06-10T22:58:25.000Z</time>
        <extensions>
          <ns3:TrackPointExtension>
            <ns3:hr>173</ns3:hr>
            <ns3:cad>88</ns3:cad>
          </ns3:TrackPointExtension>
        </extensions>
      </trkpt>
      <trkpt lat="24.49220127426087856292724609375" lon="118.1412689387798309326171875">
        <ele>33.40000152587890625</ele>
        <time>2025-06-10T22:58:26.000Z</time>
        <extensions>
          <ns3:TrackPointExtension>
            <ns3:hr>172</ns3:hr>
            <ns3:cad>89</ns3:cad>
          </ns3:TrackPointExtension>
        </extensions>
      </trkpt>
      <trkpt lat="24.49219305999577045440673828125" lon="118.1412345729768276214599609375">
        <ele>33.40000152587890625</ele>
        <time>2025-06-10T22:58:27.000Z</time>
        <extensions>
          <ns3:TrackPointExtension>
            <ns3:hr>173</ns3:hr>
            <ns3:cad>89</ns3:cad>
          </ns3:TrackPointExtension>
        </extensions>
      </trkpt>
      <trkpt lat="24.49218031950294971466064453125" lon="118.14119593240320682525634765625">
        <ele>33.200000762939453125</ele>
        <time>2025-06-10T22:58:28.000Z</time>
        <extensions>
          <ns3:TrackPointExtension>
            <ns3:hr>172</ns3:hr>
            <ns3:cad>89</ns3:cad>
          </ns3:TrackPointExtension>
        </extensions>
      </trkpt>
      <trkpt lat="24.4921622984111309051513671875" lon="118.14116743393242359161376953125">
        <ele>33.200000762939453125</ele>
        <time>2025-06-10T22:58:29.000Z</time>
        <extensions>
          <ns3:TrackPointExtension>
            <ns3:hr>172</ns3:hr>
            <ns3:cad>89</ns3:cad>
          </ns3:TrackPointExtension>
        </extensions>
      </trkpt>
      <trkpt lat="24.49214796535670757293701171875" lon="118.1411349959671497344970703125">
        <ele>33.200000762939453125</ele>
        <time>2025-06-10T22:58:30.000Z</time>
        <extensions>
          <ns3:TrackPointExtension>
            <ns3:hr>172</ns3:hr>
            <ns3:cad>89</ns3:cad>
          </ns3:TrackPointExtension>
        </extensions>
      </trkpt>
      <trkpt lat="24.49212851934134960174560546875" lon="118.1411088444292545318603515625">
        <ele>33.200000762939453125</ele>
        <time>2025-06-10T22:58:31.000Z</time>
        <extensions>
          <ns3:TrackPointExtension>
            <ns3:hr>172</ns3:hr>
            <ns3:cad>89</ns3:cad>
          </ns3:TrackPointExtension>
        </extensions>
      </trkpt>
      <trkpt lat="24.49210555292665958404541015625" lon="118.14108126796782016754150390625">
        <ele>33.200000762939453125</ele>
        <time>2025-06-10T22:58:32.000Z</time>
        <extensions>
          <ns3:TrackPointExtension>
            <ns3:hr>172</ns3:hr>
            <ns3:cad>89</ns3:cad>
          </ns3:TrackPointExtension>
        </extensions>
      </trkpt>
      <trkpt lat="24.492078311741352081298828125" lon="118.1410650908946990966796875">
        <ele>33.40000152587890625</ele>
        <time>2025-06-10T22:58:33.000Z</time>
        <extensions>
          <ns3:TrackPointExtension>
            <ns3:hr>172</ns3:hr>
            <ns3:cad>89</ns3:cad>
          </ns3:TrackPointExtension>
        </extensions>
      </trkpt>
      <trkpt lat="24.4920533336699008941650390625" lon="118.141048662364482879638671875">
        <ele>33.40000152587890625</ele>
        <time>2025-06-10T22:58:34.000Z</time>
        <extensions>
          <ns3:TrackPointExtension>
            <ns3:hr>172</ns3:hr>
            <ns3:cad>89</ns3:cad>
          </ns3:TrackPointExtension>
        </extensions>
      </trkpt>
      <trkpt lat="24.492025338113307952880859375" lon="118.1410377658903598785400390625">
        <ele>33.40000152587890625</ele>
        <time>2025-06-10T22:58:35.000Z</time>
        <extensions>
          <ns3:TrackPointExtension>
            <ns3:hr>172</ns3:hr>
            <ns3:cad>89</ns3:cad>
          </ns3:TrackPointExtension>
        </extensions>
      </trkpt>
      <trkpt lat="24.4919906370341777801513671875" lon="118.14102812670171260833740234375">
        <ele>33.40000152587890625</ele>
        <time>2025-06-10T22:58:36.000Z</time>
        <extensions>
          <ns3:TrackPointExtension>
            <ns3:hr>172</ns3:hr>
            <ns3:cad>88</ns3:cad>
          </ns3:TrackPointExtension>
        </extensions>
      </trkpt>
      <trkpt lat="24.49196599423885345458984375" lon="118.14102544449269771575927734375">
        <ele>33.40000152587890625</ele>
        <time>2025-06-10T22:58:37.000Z</time>
        <extensions>
          <ns3:TrackPointExtension>
            <ns3:hr>172</ns3:hr>
            <ns3:cad>88</ns3:cad>
          </ns3:TrackPointExtension>
        </extensions>
      </trkpt>
      <trkpt lat="24.49193523265421390533447265625" lon="118.141021169722080230712890625">
        <ele>33.59999847412109375</ele>
        <time>2025-06-10T22:58:38.000Z</time>
        <extensions>
          <ns3:TrackPointExtension>
            <ns3:hr>172</ns3:hr>
            <ns3:cad>89</ns3:cad>
          </ns3:TrackPointExtension>
        </extensions>
      </trkpt>
      <trkpt lat="24.49190958403050899505615234375" lon="118.1410166434943675994873046875">
        <ele>33.59999847412109375</ele>
        <time>2025-06-10T22:58:39.000Z</time>
        <extensions>
          <ns3:TrackPointExtension>
            <ns3:hr>172</ns3:hr>
            <ns3:cad>89</ns3:cad>
          </ns3:TrackPointExtension>
        </extensions>
      </trkpt>
      <trkpt lat="24.4918763078749179840087890625" lon="118.14100231043994426727294921875">
        <ele>33.59999847412109375</ele>
        <time>2025-06-10T22:58:40.000Z</time>
        <extensions>
          <ns3:TrackPointExtension>
            <ns3:hr>172</ns3:hr>
            <ns3:cad>89</ns3:cad>
          </ns3:TrackPointExtension>
        </extensions>
      </trkpt>
      <trkpt lat="24.4918468035757541656494140625" lon="118.14099476672708988189697265625">
        <ele>33.59999847412109375</ele>
        <time>2025-06-10T22:58:41.000Z</time>
        <extensions>
          <ns3:TrackPointExtension>
            <ns3:hr>172</ns3:hr>
            <ns3:cad>89</ns3:cad>
          </ns3:TrackPointExtension>
        </extensions>
      </trkpt>
      <trkpt lat="24.49180983938276767730712890625" lon="118.14098127186298370361328125">
        <ele>33.59999847412109375</ele>
        <time>2025-06-10T22:58:42.000Z</time>
        <extensions>
          <ns3:TrackPointExtension>
            <ns3:hr>172</ns3:hr>
            <ns3:cad>89</ns3:cad>
          </ns3:TrackPointExtension>
        </extensions>
      </trkpt>
      <trkpt lat="24.49178184382617473602294921875" lon="118.1409760750830173492431640625">
        <ele>33.59999847412109375</ele>
        <time>2025-06-10T22:58:43.000Z</time>
        <extensions>
          <ns3:TrackPointExtension>
            <ns3:hr>171</ns3:hr>
            <ns3:cad>89</ns3:cad>
          </ns3:TrackPointExtension>
        </extensions>
      </trkpt>
      <trkpt lat="24.49174404144287109375" lon="118.14096827991306781768798828125">
        <ele>33.799999237060546875</ele>
        <time>2025-06-10T22:58:44.000Z</time>
        <extensions>
          <ns3:TrackPointExtension>
            <ns3:hr>172</ns3:hr>
            <ns3:cad>89</ns3:cad>
          </ns3:TrackPointExtension>
        </extensions>
      </trkpt>
      <trkpt lat="24.49171721935272216796875" lon="118.14096794463694095611572265625">
        <ele>33.799999237060546875</ele>
        <time>2025-06-10T22:58:45.000Z</time>
        <extensions>
          <ns3:TrackPointExtension>
            <ns3:hr>172</ns3:hr>
            <ns3:cad>90</ns3:cad>
          </ns3:TrackPointExtension>
        </extensions>
      </trkpt>
      <trkpt lat="24.4916810095310211181640625" lon="118.14095688052475452423095703125">
        <ele>34</ele>
        <time>2025-06-10T22:58:46.000Z</time>
        <extensions>
          <ns3:TrackPointExtension>
            <ns3:hr>171</ns3:hr>
            <ns3:cad>90</ns3:cad>
          </ns3:TrackPointExtension>
        </extensions>
      </trkpt>
      <trkpt lat="24.49164957739412784576416015625" lon="118.140946738421916961669921875">
        <ele>34</ele>
        <time>2025-06-10T22:58:47.000Z</time>
        <extensions>
          <ns3:TrackPointExtension>
            <ns3:hr>172</ns3:hr>
            <ns3:cad>90</ns3:cad>
          </ns3:TrackPointExtension>
        </extensions>
      </trkpt>
      <trkpt lat="24.49161688797175884246826171875" lon="118.14093408174812793731689453125">
        <ele>33.799999237060546875</ele>
        <time>2025-06-10T22:58:48.000Z</time>
        <extensions>
          <ns3:TrackPointExtension>
            <ns3:hr>172</ns3:hr>
            <ns3:cad>90</ns3:cad>
          </ns3:TrackPointExtension>
        </extensions>
      </trkpt>
      <trkpt lat="24.49158621020615100860595703125" lon="118.1409247778356075286865234375">
        <ele>34</ele>
        <time>2025-06-10T22:58:49.000Z</time>
        <extensions>
          <ns3:TrackPointExtension>
            <ns3:hr>172</ns3:hr>
            <ns3:cad>90</ns3:cad>
          </ns3:TrackPointExtension>
        </extensions>
      </trkpt>
      <trkpt lat="24.49151781387627124786376953125" lon="118.1409174017608165740966796875">
        <ele>34</ele>
        <time>2025-06-10T22:58:50.000Z</time>
        <extensions>
          <ns3:TrackPointExtension>
            <ns3:hr>172</ns3:hr>
            <ns3:cad>90</ns3:cad>
          </ns3:TrackPointExtension>
        </extensions>
      </trkpt>
      <trkpt lat="24.49148780666291713714599609375" lon="118.14091849140822887420654296875">
        <ele>34</ele>
        <time>2025-06-10T22:58:51.000Z</time>
        <extensions>
          <ns3:TrackPointExtension>
            <ns3:hr>172</ns3:hr>
            <ns3:cad>90</ns3:cad>
          </ns3:TrackPointExtension>
        </extensions>
      </trkpt>
      <trkpt lat="24.49145897291600704193115234375" lon="118.14091614447534084320068359375">
        <ele>34</ele>
        <time>2025-06-10T22:58:52.000Z</time>
        <extensions>
          <ns3:TrackPointExtension>
            <ns3:hr>172</ns3:hr>
            <ns3:cad>90</ns3:cad>
          </ns3:TrackPointExtension>
        </extensions>
      </trkpt>
      <trkpt lat="24.4914253614842891693115234375" lon="118.140907846391201019287109375">
        <ele>34</ele>
        <time>2025-06-10T22:58:53.000Z</time>
        <extensions>
          <ns3:TrackPointExtension>
            <ns3:hr>172</ns3:hr>
            <ns3:cad>90</ns3:cad>
          </ns3:TrackPointExtension>
        </extensions>
      </trkpt>
      <trkpt lat="24.49140029959380626678466796875" lon="118.14089904539287090301513671875">
        <ele>34</ele>
        <time>2025-06-10T22:58:54.000Z</time>
        <extensions>
          <ns3:TrackPointExtension>
            <ns3:hr>172</ns3:hr>
            <ns3:cad>89</ns3:cad>
          </ns3:TrackPointExtension>
        </extensions>
      </trkpt>
      <trkpt lat="24.49137263931334018707275390625" lon="118.14088898710906505584716796875">
        <ele>34</ele>
        <time>2025-06-10T22:58:55.000Z</time>
        <extensions>
          <ns3:TrackPointExtension>
            <ns3:hr>172</ns3:hr>
            <ns3:cad>89</ns3:cad>
          </ns3:TrackPointExtension>
        </extensions>
      </trkpt>
      <trkpt lat="24.4913485832512378692626953125" lon="118.14088546670973300933837890625">
        <ele>34</ele>
        <time>2025-06-10T22:58:56.000Z</time>
        <extensions>
          <ns3:TrackPointExtension>
            <ns3:hr>172</ns3:hr>
            <ns3:cad>88</ns3:cad>
          </ns3:TrackPointExtension>
        </extensions>
      </trkpt>
      <trkpt lat="24.49133056215941905975341796875" lon="118.14089678227901458740234375">
        <ele>34.200000762939453125</ele>
        <time>2025-06-10T22:58:57.000Z</time>
        <extensions>
          <ns3:TrackPointExtension>
            <ns3:hr>172</ns3:hr>
            <ns3:cad>87</ns3:cad>
          </ns3:TrackPointExtension>
        </extensions>
      </trkpt>
      <trkpt lat="24.49133743532001972198486328125" lon="118.1408962793648242950439453125">
        <ele>34.200000762939453125</ele>
        <time>2025-06-10T22:58:58.000Z</time>
        <extensions>
          <ns3:TrackPointExtension>
            <ns3:hr>172</ns3:hr>
            <ns3:cad>87</ns3:cad>
          </ns3:TrackPointExtension>
        </extensions>
      </trkpt>
    </trkseg>
  </trk>
</gpx>
