<gpx xmlns:ns3="http://www.garmin.com/xmlschemas/TrackPointExtension/v1" xmlns="http://www.topografix.com/GPX/1/1" xmlns:xsi="http://www.w3.org/2001/XMLSchema-instance" xmlns:ns2="http://www.garmin.com/xmlschemas/GpxExtensions/v3" creator="Garmin Connect" version="1.1" xsi:schemaLocation="http://www.topografix.com/GPX/1/1 http://www.topografix.com/GPX/11.xsd">
  <extensions>
<distance>6506.28</distance>
<average_hr>146.0</average_hr>
<average_speed>2.5889999866485596</average_speed>
<start_time>2025-08-11T22:45:41+00:00</start_time>
<end_time>2025-08-11T23:27:34.331000+00:00</end_time>
<moving_time>2483.786</moving_time>
<elapsed_time>2616.112</elapsed_time>
</extensions>
<metadata>
    <link href="connect.garmin.com">
      <text>Garmin Connect</text>
    </link>
    <time>2025-08-11T22:45:41.000Z</time>
  </metadata>
  <trk>
    <name>酒泉市 跑步</name>
    <type>running</type>
    <trkseg>
      <trkpt lat="40.14049113728106021881103515625" lon="94.65054969303309917449951171875">
        <ele>1139.199951171875</ele>
        <time>2025-08-11T22:45:41.000Z</time>
        <extensions>
          <ns3:TrackPointExtension>
            <ns3:hr>72</ns3:hr>
            <ns3:cad>0</ns3:cad>
          </ns3:TrackPointExtension>
        </extensions>
      </trkpt>
      <trkpt lat="40.1405877806246280670166015625" lon="94.65048012323677539825439453125">
        <ele>1139.199951171875</ele>
        <time>2025-08-11T22:45:42.000Z</time>
        <extensions>
          <ns3:TrackPointExtension>
            <ns3:hr>71</ns3:hr>
            <ns3:cad>0</ns3:cad>
          </ns3:TrackPointExtension>
        </extensions>
      </trkpt>
      <trkpt lat="40.14058903791010379791259765625" lon="94.65048682875931262969970703125">
        <ele>1139.199951171875</ele>
        <time>2025-08-11T22:45:43.000Z</time>
        <extensions>
          <ns3:TrackPointExtension>
            <ns3:hr>71</ns3:hr>
            <ns3:cad>0</ns3:cad>
          </ns3:TrackPointExtension>
        </extensions>
      </trkpt>
      <trkpt lat="40.14059054665267467498779296875" lon="94.65050317347049713134765625">
        <ele>1139</ele>
        <time>2025-08-11T22:45:44.000Z</time>
        <extensions>
          <ns3:TrackPointExtension>
            <ns3:hr>71</ns3:hr>
            <ns3:cad>0</ns3:cad>
          </ns3:TrackPointExtension>
        </extensions>
      </trkpt>
      <trkpt lat="40.140598677098751068115234375" lon="94.65051264502108097076416015625">
        <ele>1138.800048828125</ele>
        <time>2025-08-11T22:45:45.000Z</time>
        <extensions>
          <ns3:TrackPointExtension>
            <ns3:hr>70</ns3:hr>
            <ns3:cad>0</ns3:cad>
          </ns3:TrackPointExtension>
        </extensions>
      </trkpt>
      <trkpt lat="40.14059943147003650665283203125" lon="94.6505462564527988433837890625">
        <ele>1138.5999755859375</ele>
        <time>2025-08-11T22:45:46.000Z</time>
        <extensions>
          <ns3:TrackPointExtension>
            <ns3:hr>71</ns3:hr>
            <ns3:cad>0</ns3:cad>
          </ns3:TrackPointExtension>
        </extensions>
      </trkpt>
      <trkpt lat="40.14060613699257373809814453125" lon="94.650575928390026092529296875">
        <ele>1138.5999755859375</ele>
        <time>2025-08-11T22:45:47.000Z</time>
        <extensions>
          <ns3:TrackPointExtension>
            <ns3:hr>71</ns3:hr>
            <ns3:cad>0</ns3:cad>
          </ns3:TrackPointExtension>
        </extensions>
      </trkpt>
      <trkpt lat="40.14061041176319122314453125" lon="94.650607444345951080322265625">
        <ele>1138.5999755859375</ele>
        <time>2025-08-11T22:45:48.000Z</time>
        <extensions>
          <ns3:TrackPointExtension>
            <ns3:hr>72</ns3:hr>
            <ns3:cad>0</ns3:cad>
          </ns3:TrackPointExtension>
        </extensions>
      </trkpt>
      <trkpt lat="40.1406139321625232696533203125" lon="94.650647006928920745849609375">
        <ele>1138.5999755859375</ele>
        <time>2025-08-11T22:45:49.000Z</time>
        <extensions>
          <ns3:TrackPointExtension>
            <ns3:hr>72</ns3:hr>
            <ns3:cad>0</ns3:cad>
          </ns3:TrackPointExtension>
        </extensions>
      </trkpt>
      <trkpt lat="40.14061301015317440032958984375" lon="94.6506723202764987945556640625">
        <ele>1138.5999755859375</ele>
        <time>2025-08-11T22:45:50.000Z</time>
        <extensions>
          <ns3:TrackPointExtension>
            <ns3:hr>72</ns3:hr>
            <ns3:cad>80</ns3:cad>
          </ns3:TrackPointExtension>
        </extensions>
      </trkpt>
      <trkpt lat="40.14061317779123783111572265625" lon="94.65070291422307491302490234375">
        <ele>1138.800048828125</ele>
        <time>2025-08-11T22:45:51.000Z</time>
        <extensions>
          <ns3:TrackPointExtension>
            <ns3:hr>73</ns3:hr>
            <ns3:cad>81</ns3:cad>
          </ns3:TrackPointExtension>
        </extensions>
      </trkpt>
      <trkpt lat="40.14061301015317440032958984375" lon="94.650734849274158477783203125">
        <ele>1138.800048828125</ele>
        <time>2025-08-11T22:45:52.000Z</time>
        <extensions>
          <ns3:TrackPointExtension>
            <ns3:hr>75</ns3:hr>
            <ns3:cad>81</ns3:cad>
          </ns3:TrackPointExtension>
        </extensions>
      </trkpt>
      <trkpt lat="40.14061711728572845458984375" lon="94.6507641859352588653564453125">
        <ele>1138.800048828125</ele>
        <time>2025-08-11T22:45:53.000Z</time>
        <extensions>
          <ns3:TrackPointExtension>
            <ns3:hr>77</ns3:hr>
            <ns3:cad>81</ns3:cad>
          </ns3:TrackPointExtension>
        </extensions>
      </trkpt>
      <trkpt lat="40.14062424190342426300048828125" lon="94.650801904499530792236328125">
        <ele>1138.800048828125</ele>
        <time>2025-08-11T22:45:54.000Z</time>
        <extensions>
          <ns3:TrackPointExtension>
            <ns3:hr>79</ns3:hr>
            <ns3:cad>81</ns3:cad>
          </ns3:TrackPointExtension>
        </extensions>
      </trkpt>
      <trkpt lat="40.1406300254166126251220703125" lon="94.65083115734159946441650390625">
        <ele>1138.800048828125</ele>
        <time>2025-08-11T22:45:55.000Z</time>
        <extensions>
          <ns3:TrackPointExtension>
            <ns3:hr>80</ns3:hr>
            <ns3:cad>83</ns3:cad>
          </ns3:TrackPointExtension>
        </extensions>
      </trkpt>
      <trkpt lat="40.140635557472705841064453125" lon="94.6508714742958545684814453125">
        <ele>1138.800048828125</ele>
        <time>2025-08-11T22:45:56.000Z</time>
        <extensions>
          <ns3:TrackPointExtension>
            <ns3:hr>82</ns3:hr>
            <ns3:cad>84</ns3:cad>
          </ns3:TrackPointExtension>
        </extensions>
      </trkpt>
      <trkpt lat="40.1406357251107692718505859375" lon="94.65090642683207988739013671875">
        <ele>1138.800048828125</ele>
        <time>2025-08-11T22:45:57.000Z</time>
        <extensions>
          <ns3:TrackPointExtension>
            <ns3:hr>84</ns3:hr>
            <ns3:cad>85</ns3:cad>
          </ns3:TrackPointExtension>
        </extensions>
      </trkpt>
      <trkpt lat="40.14063991606235504150390625" lon="94.65093861334025859832763671875">
        <ele>1138.800048828125</ele>
        <time>2025-08-11T22:45:58.000Z</time>
        <extensions>
          <ns3:TrackPointExtension>
            <ns3:hr>86</ns3:hr>
            <ns3:cad>85</ns3:cad>
          </ns3:TrackPointExtension>
        </extensions>
      </trkpt>
      <trkpt lat="40.1406414248049259185791015625" lon="94.65097281150519847869873046875">
        <ele>1138.800048828125</ele>
        <time>2025-08-11T22:45:59.000Z</time>
        <extensions>
          <ns3:TrackPointExtension>
            <ns3:hr>88</ns3:hr>
            <ns3:cad>85</ns3:cad>
          </ns3:TrackPointExtension>
        </extensions>
      </trkpt>
      <trkpt lat="40.14064217917621135711669921875" lon="94.6510012261569499969482421875">
        <ele>1138.800048828125</ele>
        <time>2025-08-11T22:46:00.000Z</time>
        <extensions>
          <ns3:TrackPointExtension>
            <ns3:hr>89</ns3:hr>
            <ns3:cad>85</ns3:cad>
          </ns3:TrackPointExtension>
        </extensions>
      </trkpt>
      <trkpt lat="40.14064150862395763397216796875" lon="94.65103961527347564697265625">
        <ele>1139</ele>
        <time>2025-08-11T22:46:01.000Z</time>
        <extensions>
          <ns3:TrackPointExtension>
            <ns3:hr>90</ns3:hr>
            <ns3:cad>85</ns3:cad>
          </ns3:TrackPointExtension>
        </extensions>
      </trkpt>
      <trkpt lat="40.14064352028071880340576171875" lon="94.6510682813823223114013671875">
        <ele>1139</ele>
        <time>2025-08-11T22:46:02.000Z</time>
        <extensions>
          <ns3:TrackPointExtension>
            <ns3:hr>91</ns3:hr>
            <ns3:cad>86</ns3:cad>
          </ns3:TrackPointExtension>
        </extensions>
      </trkpt>
      <trkpt lat="40.14064838178455829620361328125" lon="94.6511021442711353302001953125">
        <ele>1139</ele>
        <time>2025-08-11T22:46:03.000Z</time>
        <extensions>
          <ns3:TrackPointExtension>
            <ns3:hr>92</ns3:hr>
            <ns3:cad>86</ns3:cad>
          </ns3:TrackPointExtension>
        </extensions>
      </trkpt>
      <trkpt lat="40.14065056107938289642333984375" lon="94.65113349258899688720703125">
        <ele>1139</ele>
        <time>2025-08-11T22:46:04.000Z</time>
        <extensions>
          <ns3:TrackPointExtension>
            <ns3:hr>93</ns3:hr>
            <ns3:cad>86</ns3:cad>
          </ns3:TrackPointExtension>
        </extensions>
      </trkpt>
      <trkpt lat="40.14065123163163661956787109375" lon="94.65116609819233417510986328125">
        <ele>1139</ele>
        <time>2025-08-11T22:46:05.000Z</time>
        <extensions>
          <ns3:TrackPointExtension>
            <ns3:hr>94</ns3:hr>
            <ns3:cad>86</ns3:cad>
          </ns3:TrackPointExtension>
        </extensions>
      </trkpt>
      <trkpt lat="40.14065642841160297393798828125" lon="94.6512023918330669403076171875">
        <ele>1139</ele>
        <time>2025-08-11T22:46:06.000Z</time>
        <extensions>
          <ns3:TrackPointExtension>
            <ns3:hr>95</ns3:hr>
            <ns3:cad>85</ns3:cad>
          </ns3:TrackPointExtension>
        </extensions>
      </trkpt>
      <trkpt lat="40.14065911062061786651611328125" lon="94.65123080648481845855712890625">
        <ele>1139</ele>
        <time>2025-08-11T22:46:07.000Z</time>
        <extensions>
          <ns3:TrackPointExtension>
            <ns3:hr>96</ns3:hr>
            <ns3:cad>85</ns3:cad>
          </ns3:TrackPointExtension>
        </extensions>
      </trkpt>
      <trkpt lat="40.14066212810575962066650390625" lon="94.6512761525809764862060546875">
        <ele>1139</ele>
        <time>2025-08-11T22:46:08.000Z</time>
        <extensions>
          <ns3:TrackPointExtension>
            <ns3:hr>97</ns3:hr>
            <ns3:cad>86</ns3:cad>
          </ns3:TrackPointExtension>
        </extensions>
      </trkpt>
      <trkpt lat="40.14066128991544246673583984375" lon="94.65130104683339595794677734375">
        <ele>1139</ele>
        <time>2025-08-11T22:46:09.000Z</time>
        <extensions>
          <ns3:TrackPointExtension>
            <ns3:hr>98</ns3:hr>
            <ns3:cad>86</ns3:cad>
          </ns3:TrackPointExtension>
        </extensions>
      </trkpt>
      <trkpt lat="40.14066045172512531280517578125" lon="94.65134161524474620819091796875">
        <ele>1139</ele>
        <time>2025-08-11T22:46:10.000Z</time>
        <extensions>
          <ns3:TrackPointExtension>
            <ns3:hr>98</ns3:hr>
            <ns3:cad>86</ns3:cad>
          </ns3:TrackPointExtension>
        </extensions>
      </trkpt>
      <trkpt lat="40.1406615413725376129150390625" lon="94.651373215019702911376953125">
        <ele>1139</ele>
        <time>2025-08-11T22:46:11.000Z</time>
        <extensions>
          <ns3:TrackPointExtension>
            <ns3:hr>99</ns3:hr>
            <ns3:cad>85</ns3:cad>
          </ns3:TrackPointExtension>
        </extensions>
      </trkpt>
      <trkpt lat="40.1406618766486644744873046875" lon="94.651408754289150238037109375">
        <ele>1139</ele>
        <time>2025-08-11T22:46:12.000Z</time>
        <extensions>
          <ns3:TrackPointExtension>
            <ns3:hr>100</ns3:hr>
            <ns3:cad>85</ns3:cad>
          </ns3:TrackPointExtension>
        </extensions>
      </trkpt>
      <trkpt lat="40.1406642235815525054931640625" lon="94.651444293558597564697265625">
        <ele>1139</ele>
        <time>2025-08-11T22:46:13.000Z</time>
        <extensions>
          <ns3:TrackPointExtension>
            <ns3:hr>101</ns3:hr>
            <ns3:cad>85</ns3:cad>
          </ns3:TrackPointExtension>
        </extensions>
      </trkpt>
      <trkpt lat="40.1406620442867279052734375" lon="94.6514774858951568603515625">
        <ele>1139</ele>
        <time>2025-08-11T22:46:14.000Z</time>
        <extensions>
          <ns3:TrackPointExtension>
            <ns3:hr>102</ns3:hr>
            <ns3:cad>86</ns3:cad>
          </ns3:TrackPointExtension>
        </extensions>
      </trkpt>
      <trkpt lat="40.14066405594348907470703125" lon="94.65151713229715824127197265625">
        <ele>1139</ele>
        <time>2025-08-11T22:46:15.000Z</time>
        <extensions>
          <ns3:TrackPointExtension>
            <ns3:hr>103</ns3:hr>
            <ns3:cad>86</ns3:cad>
          </ns3:TrackPointExtension>
        </extensions>
      </trkpt>
      <trkpt lat="40.1406593620777130126953125" lon="94.65153993107378482818603515625">
        <ele>1139</ele>
        <time>2025-08-11T22:46:16.000Z</time>
        <extensions>
          <ns3:TrackPointExtension>
            <ns3:hr>104</ns3:hr>
            <ns3:cad>86</ns3:cad>
          </ns3:TrackPointExtension>
        </extensions>
      </trkpt>
      <trkpt lat="40.1406459510326385498046875" lon="94.6515805833041667938232421875">
        <ele>1139</ele>
        <time>2025-08-11T22:46:17.000Z</time>
        <extensions>
          <ns3:TrackPointExtension>
            <ns3:hr>105</ns3:hr>
            <ns3:cad>86</ns3:cad>
          </ns3:TrackPointExtension>
        </extensions>
      </trkpt>
      <trkpt lat="40.14063027687370777130126953125" lon="94.65161201544106006622314453125">
        <ele>1139</ele>
        <time>2025-08-11T22:46:18.000Z</time>
        <extensions>
          <ns3:TrackPointExtension>
            <ns3:hr>105</ns3:hr>
            <ns3:cad>86</ns3:cad>
          </ns3:TrackPointExtension>
        </extensions>
      </trkpt>
      <trkpt lat="40.1406303606927394866943359375" lon="94.6516429446637630462646484375">
        <ele>1138.800048828125</ele>
        <time>2025-08-11T22:46:19.000Z</time>
        <extensions>
          <ns3:TrackPointExtension>
            <ns3:hr>106</ns3:hr>
            <ns3:cad>85</ns3:cad>
          </ns3:TrackPointExtension>
        </extensions>
      </trkpt>
      <trkpt lat="40.14063262380659580230712890625" lon="94.6516815014183521270751953125">
        <ele>1138.800048828125</ele>
        <time>2025-08-11T22:46:20.000Z</time>
        <extensions>
          <ns3:TrackPointExtension>
            <ns3:hr>107</ns3:hr>
            <ns3:cad>85</ns3:cad>
          </ns3:TrackPointExtension>
        </extensions>
      </trkpt>
      <trkpt lat="40.14063413254916667938232421875" lon="94.6517027914524078369140625">
        <ele>1138.800048828125</ele>
        <time>2025-08-11T22:46:21.000Z</time>
        <extensions>
          <ns3:TrackPointExtension>
            <ns3:hr>108</ns3:hr>
            <ns3:cad>84</ns3:cad>
          </ns3:TrackPointExtension>
        </extensions>
      </trkpt>
      <trkpt lat="40.14063178561627864837646484375" lon="94.65174243785440921783447265625">
        <ele>1138.800048828125</ele>
        <time>2025-08-11T22:46:22.000Z</time>
        <extensions>
          <ns3:TrackPointExtension>
            <ns3:hr>108</ns3:hr>
            <ns3:cad>84</ns3:cad>
          </ns3:TrackPointExtension>
        </extensions>
      </trkpt>
      <trkpt lat="40.1406313665211200714111328125" lon="94.65176506899297237396240234375">
        <ele>1138.800048828125</ele>
        <time>2025-08-11T22:46:23.000Z</time>
        <extensions>
          <ns3:TrackPointExtension>
            <ns3:hr>109</ns3:hr>
            <ns3:cad>84</ns3:cad>
          </ns3:TrackPointExtension>
        </extensions>
      </trkpt>
      <trkpt lat="40.14062977395951747894287109375" lon="94.65180463157594203948974609375">
        <ele>1138.800048828125</ele>
        <time>2025-08-11T22:46:24.000Z</time>
        <extensions>
          <ns3:TrackPointExtension>
            <ns3:hr>110</ns3:hr>
            <ns3:cad>85</ns3:cad>
          </ns3:TrackPointExtension>
        </extensions>
      </trkpt>
      <trkpt lat="40.14062876813113689422607421875" lon="94.65183296240866184234619140625">
        <ele>1138.800048828125</ele>
        <time>2025-08-11T22:46:25.000Z</time>
        <extensions>
          <ns3:TrackPointExtension>
            <ns3:hr>110</ns3:hr>
            <ns3:cad>86</ns3:cad>
          </ns3:TrackPointExtension>
        </extensions>
      </trkpt>
      <trkpt lat="40.1406303606927394866943359375" lon="94.65186615474522113800048828125">
        <ele>1138.800048828125</ele>
        <time>2025-08-11T22:46:26.000Z</time>
        <extensions>
          <ns3:TrackPointExtension>
            <ns3:hr>111</ns3:hr>
            <ns3:cad>86</ns3:cad>
          </ns3:TrackPointExtension>
        </extensions>
      </trkpt>
      <trkpt lat="40.14063178561627864837646484375" lon="94.651899598538875579833984375">
        <ele>1138.800048828125</ele>
        <time>2025-08-11T22:46:27.000Z</time>
        <extensions>
          <ns3:TrackPointExtension>
            <ns3:hr>111</ns3:hr>
            <ns3:cad>87</ns3:cad>
          </ns3:TrackPointExtension>
        </extensions>
      </trkpt>
      <trkpt lat="40.1406405866146087646484375" lon="94.65193119831383228302001953125">
        <ele>1138.800048828125</ele>
        <time>2025-08-11T22:46:28.000Z</time>
        <extensions>
          <ns3:TrackPointExtension>
            <ns3:hr>112</ns3:hr>
            <ns3:cad>87</ns3:cad>
          </ns3:TrackPointExtension>
        </extensions>
      </trkpt>
      <trkpt lat="40.14064720831811428070068359375" lon="94.65196925215423107147216796875">
        <ele>1138.800048828125</ele>
        <time>2025-08-11T22:46:29.000Z</time>
        <extensions>
          <ns3:TrackPointExtension>
            <ns3:hr>112</ns3:hr>
            <ns3:cad>87</ns3:cad>
          </ns3:TrackPointExtension>
        </extensions>
      </trkpt>
      <trkpt lat="40.1406541652977466583251953125" lon="94.6519963257014751434326171875">
        <ele>1138.800048828125</ele>
        <time>2025-08-11T22:46:30.000Z</time>
        <extensions>
          <ns3:TrackPointExtension>
            <ns3:hr>113</ns3:hr>
            <ns3:cad>87</ns3:cad>
          </ns3:TrackPointExtension>
        </extensions>
      </trkpt>
      <trkpt lat="40.140661038458347320556640625" lon="94.6520311944186687469482421875">
        <ele>1138.800048828125</ele>
        <time>2025-08-11T22:46:31.000Z</time>
        <extensions>
          <ns3:TrackPointExtension>
            <ns3:hr>113</ns3:hr>
            <ns3:cad>87</ns3:cad>
          </ns3:TrackPointExtension>
        </extensions>
      </trkpt>
      <trkpt lat="40.1406648941338062286376953125" lon="94.652053825557231903076171875">
        <ele>1138.800048828125</ele>
        <time>2025-08-11T22:46:32.000Z</time>
        <extensions>
          <ns3:TrackPointExtension>
            <ns3:hr>114</ns3:hr>
            <ns3:cad>87</ns3:cad>
          </ns3:TrackPointExtension>
        </extensions>
      </trkpt>
      <trkpt lat="40.14066682197153568267822265625" lon="94.652094058692455291748046875">
        <ele>1138.800048828125</ele>
        <time>2025-08-11T22:46:33.000Z</time>
        <extensions>
          <ns3:TrackPointExtension>
            <ns3:hr>114</ns3:hr>
            <ns3:cad>87</ns3:cad>
          </ns3:TrackPointExtension>
        </extensions>
      </trkpt>
      <trkpt lat="40.140663720667362213134765625" lon="94.65211878530681133270263671875">
        <ele>1138.800048828125</ele>
        <time>2025-08-11T22:46:34.000Z</time>
        <extensions>
          <ns3:TrackPointExtension>
            <ns3:hr>115</ns3:hr>
            <ns3:cad>87</ns3:cad>
          </ns3:TrackPointExtension>
        </extensions>
      </trkpt>
      <trkpt lat="40.14066112227737903594970703125" lon="94.65215952135622501373291015625">
        <ele>1138.800048828125</ele>
        <time>2025-08-11T22:46:35.000Z</time>
        <extensions>
          <ns3:TrackPointExtension>
            <ns3:hr>115</ns3:hr>
            <ns3:cad>87</ns3:cad>
          </ns3:TrackPointExtension>
        </extensions>
      </trkpt>
      <trkpt lat="40.140660703182220458984375" lon="94.65218751691281795501708984375">
        <ele>1138.800048828125</ele>
        <time>2025-08-11T22:46:36.000Z</time>
        <extensions>
          <ns3:TrackPointExtension>
            <ns3:hr>115</ns3:hr>
            <ns3:cad>88</ns3:cad>
          </ns3:TrackPointExtension>
        </extensions>
      </trkpt>
      <trkpt lat="40.14065642841160297393798828125" lon="94.6522176079452037811279296875">
        <ele>1138.800048828125</ele>
        <time>2025-08-11T22:46:37.000Z</time>
        <extensions>
          <ns3:TrackPointExtension>
            <ns3:hr>116</ns3:hr>
            <ns3:cad>88</ns3:cad>
          </ns3:TrackPointExtension>
        </extensions>
      </trkpt>
      <trkpt lat="40.14065156690776348114013671875" lon="94.65224836952984333038330078125">
        <ele>1138.800048828125</ele>
        <time>2025-08-11T22:46:38.000Z</time>
        <extensions>
          <ns3:TrackPointExtension>
            <ns3:hr>116</ns3:hr>
            <ns3:cad>87</ns3:cad>
          </ns3:TrackPointExtension>
        </extensions>
      </trkpt>
      <trkpt lat="40.1406521536409854888916015625" lon="94.65227938257157802581787109375">
        <ele>1138.800048828125</ele>
        <time>2025-08-11T22:46:39.000Z</time>
        <extensions>
          <ns3:TrackPointExtension>
            <ns3:hr>117</ns3:hr>
            <ns3:cad>87</ns3:cad>
          </ns3:TrackPointExtension>
        </extensions>
      </trkpt>
      <trkpt lat="40.1406518183648586273193359375" lon="94.65231173671782016754150390625">
        <ele>1138.800048828125</ele>
        <time>2025-08-11T22:46:40.000Z</time>
        <extensions>
          <ns3:TrackPointExtension>
            <ns3:hr>117</ns3:hr>
            <ns3:cad>87</ns3:cad>
          </ns3:TrackPointExtension>
        </extensions>
      </trkpt>
      <trkpt lat="40.1406578533351421356201171875" lon="94.652331434190273284912109375">
        <ele>1138.800048828125</ele>
        <time>2025-08-11T22:46:41.000Z</time>
        <extensions>
          <ns3:TrackPointExtension>
            <ns3:hr>117</ns3:hr>
            <ns3:cad>87</ns3:cad>
          </ns3:TrackPointExtension>
        </extensions>
      </trkpt>
      <trkpt lat="40.14067051000893115997314453125" lon="94.65236571617424488067626953125">
        <ele>1138.800048828125</ele>
        <time>2025-08-11T22:46:42.000Z</time>
        <extensions>
          <ns3:TrackPointExtension>
            <ns3:hr>118</ns3:hr>
            <ns3:cad>87</ns3:cad>
          </ns3:TrackPointExtension>
        </extensions>
      </trkpt>
      <trkpt lat="40.14067973010241985321044921875" lon="94.65238784439861774444580078125">
        <ele>1138.800048828125</ele>
        <time>2025-08-11T22:46:43.000Z</time>
        <extensions>
          <ns3:TrackPointExtension>
            <ns3:hr>118</ns3:hr>
            <ns3:cad>88</ns3:cad>
          </ns3:TrackPointExtension>
        </extensions>
      </trkpt>
      <trkpt lat="40.14068123884499073028564453125" lon="94.65242589823901653289794921875">
        <ele>1138.800048828125</ele>
        <time>2025-08-11T22:46:44.000Z</time>
        <extensions>
          <ns3:TrackPointExtension>
            <ns3:hr>119</ns3:hr>
            <ns3:cad>88</ns3:cad>
          </ns3:TrackPointExtension>
        </extensions>
      </trkpt>
      <trkpt lat="40.1406836695969104766845703125" lon="94.65245137922465801239013671875">
        <ele>1139</ele>
        <time>2025-08-11T22:46:45.000Z</time>
        <extensions>
          <ns3:TrackPointExtension>
            <ns3:hr>119</ns3:hr>
            <ns3:cad>88</ns3:cad>
          </ns3:TrackPointExtension>
        </extensions>
      </trkpt>
      <trkpt lat="40.14068542979657649993896484375" lon="94.652487672865390777587890625">
        <ele>1139</ele>
        <time>2025-08-11T22:46:46.000Z</time>
        <extensions>
          <ns3:TrackPointExtension>
            <ns3:hr>119</ns3:hr>
            <ns3:cad>87</ns3:cad>
          </ns3:TrackPointExtension>
        </extensions>
      </trkpt>
      <trkpt lat="40.1406893692910671234130859375" lon="94.65251323767006397247314453125">
        <ele>1139</ele>
        <time>2025-08-11T22:46:47.000Z</time>
        <extensions>
          <ns3:TrackPointExtension>
            <ns3:hr>120</ns3:hr>
            <ns3:cad>87</ns3:cad>
          </ns3:TrackPointExtension>
        </extensions>
      </trkpt>
      <trkpt lat="40.1406893692910671234130859375" lon="94.65255263261497020721435546875">
        <ele>1139</ele>
        <time>2025-08-11T22:46:48.000Z</time>
        <extensions>
          <ns3:TrackPointExtension>
            <ns3:hr>120</ns3:hr>
            <ns3:cad>87</ns3:cad>
          </ns3:TrackPointExtension>
        </extensions>
      </trkpt>
      <trkpt lat="40.1406873576343059539794921875" lon="94.6525874175131320953369140625">
        <ele>1139.199951171875</ele>
        <time>2025-08-11T22:46:49.000Z</time>
        <extensions>
          <ns3:TrackPointExtension>
            <ns3:hr>120</ns3:hr>
            <ns3:cad>87</ns3:cad>
          </ns3:TrackPointExtension>
        </extensions>
      </trkpt>
      <trkpt lat="40.140685848891735076904296875" lon="94.65262672863900661468505859375">
        <ele>1139.199951171875</ele>
        <time>2025-08-11T22:46:50.000Z</time>
        <extensions>
          <ns3:TrackPointExtension>
            <ns3:hr>121</ns3:hr>
            <ns3:cad>87</ns3:cad>
          </ns3:TrackPointExtension>
        </extensions>
      </trkpt>
      <trkpt lat="40.1406886987388134002685546875" lon="94.652660004794597625732421875">
        <ele>1139.199951171875</ele>
        <time>2025-08-11T22:46:51.000Z</time>
        <extensions>
          <ns3:TrackPointExtension>
            <ns3:hr>121</ns3:hr>
            <ns3:cad>88</ns3:cad>
          </ns3:TrackPointExtension>
        </extensions>
      </trkpt>
      <trkpt lat="40.14069758355617523193359375" lon="94.65269026346504688262939453125">
        <ele>1139.199951171875</ele>
        <time>2025-08-11T22:46:52.000Z</time>
        <extensions>
          <ns3:TrackPointExtension>
            <ns3:hr>121</ns3:hr>
            <ns3:cad>88</ns3:cad>
          </ns3:TrackPointExtension>
        </extensions>
      </trkpt>
      <trkpt lat="40.14070353470742702484130859375" lon="94.652728401124477386474609375">
        <ele>1139.199951171875</ele>
        <time>2025-08-11T22:46:53.000Z</time>
        <extensions>
          <ns3:TrackPointExtension>
            <ns3:hr>121</ns3:hr>
            <ns3:cad>88</ns3:cad>
          </ns3:TrackPointExtension>
        </extensions>
      </trkpt>
      <trkpt lat="40.14071166515350341796875" lon="94.65275480411946773529052734375">
        <ele>1139.199951171875</ele>
        <time>2025-08-11T22:46:54.000Z</time>
        <extensions>
          <ns3:TrackPointExtension>
            <ns3:hr>122</ns3:hr>
            <ns3:cad>87</ns3:cad>
          </ns3:TrackPointExtension>
        </extensions>
      </trkpt>
      <trkpt lat="40.14071325771510601043701171875" lon="94.65279788710176944732666015625">
        <ele>1139.199951171875</ele>
        <time>2025-08-11T22:46:55.000Z</time>
        <extensions>
          <ns3:TrackPointExtension>
            <ns3:hr>122</ns3:hr>
            <ns3:cad>87</ns3:cad>
          </ns3:TrackPointExtension>
        </extensions>
      </trkpt>
      <trkpt lat="40.1407151855528354644775390625" lon="94.65282420627772808074951171875">
        <ele>1139.199951171875</ele>
        <time>2025-08-11T22:46:56.000Z</time>
        <extensions>
          <ns3:TrackPointExtension>
            <ns3:hr>122</ns3:hr>
            <ns3:cad>87</ns3:cad>
          </ns3:TrackPointExtension>
        </extensions>
      </trkpt>
      <trkpt lat="40.1407145150005817413330078125" lon="94.65286896564066410064697265625">
        <ele>1139.199951171875</ele>
        <time>2025-08-11T22:46:57.000Z</time>
        <extensions>
          <ns3:TrackPointExtension>
            <ns3:hr>123</ns3:hr>
            <ns3:cad>87</ns3:cad>
          </ns3:TrackPointExtension>
        </extensions>
      </trkpt>
      <trkpt lat="40.140716023743152618408203125" lon="94.65290215797722339630126953125">
        <ele>1139.199951171875</ele>
        <time>2025-08-11T22:46:58.000Z</time>
        <extensions>
          <ns3:TrackPointExtension>
            <ns3:hr>123</ns3:hr>
            <ns3:cad>87</ns3:cad>
          </ns3:TrackPointExtension>
        </extensions>
      </trkpt>
      <trkpt lat="40.14072029851377010345458984375" lon="94.65293702669441699981689453125">
        <ele>1139.199951171875</ele>
        <time>2025-08-11T22:46:59.000Z</time>
        <extensions>
          <ns3:TrackPointExtension>
            <ns3:hr>123</ns3:hr>
            <ns3:cad>87</ns3:cad>
          </ns3:TrackPointExtension>
        </extensions>
      </trkpt>
      <trkpt lat="40.1407198794186115264892578125" lon="94.65297223068773746490478515625">
        <ele>1139.199951171875</ele>
        <time>2025-08-11T22:47:00.000Z</time>
        <extensions>
          <ns3:TrackPointExtension>
            <ns3:hr>123</ns3:hr>
            <ns3:cad>87</ns3:cad>
          </ns3:TrackPointExtension>
        </extensions>
      </trkpt>
      <trkpt lat="40.140724740922451019287109375" lon="94.65300475247204303741455078125">
        <ele>1139.199951171875</ele>
        <time>2025-08-11T22:47:01.000Z</time>
        <extensions>
          <ns3:TrackPointExtension>
            <ns3:hr>124</ns3:hr>
            <ns3:cad>86</ns3:cad>
          </ns3:TrackPointExtension>
        </extensions>
      </trkpt>
      <trkpt lat="40.14072516001760959625244140625" lon="94.6530417166650295257568359375">
        <ele>1139.199951171875</ele>
        <time>2025-08-11T22:47:02.000Z</time>
        <extensions>
          <ns3:TrackPointExtension>
            <ns3:hr>124</ns3:hr>
            <ns3:cad>86</ns3:cad>
          </ns3:TrackPointExtension>
        </extensions>
      </trkpt>
      <trkpt lat="40.14072717167437076568603515625" lon="94.65307448990643024444580078125">
        <ele>1139.199951171875</ele>
        <time>2025-08-11T22:47:03.000Z</time>
        <extensions>
          <ns3:TrackPointExtension>
            <ns3:hr>124</ns3:hr>
            <ns3:cad>86</ns3:cad>
          </ns3:TrackPointExtension>
        </extensions>
      </trkpt>
      <trkpt lat="40.140730105340480804443359375" lon="94.65311069972813129425048828125">
        <ele>1139.199951171875</ele>
        <time>2025-08-11T22:47:04.000Z</time>
        <extensions>
          <ns3:TrackPointExtension>
            <ns3:hr>124</ns3:hr>
            <ns3:cad>86</ns3:cad>
          </ns3:TrackPointExtension>
        </extensions>
      </trkpt>
      <trkpt lat="40.1407329551875591278076171875" lon="94.6531389467418193817138671875">
        <ele>1139.199951171875</ele>
        <time>2025-08-11T22:47:05.000Z</time>
        <extensions>
          <ns3:TrackPointExtension>
            <ns3:hr>124</ns3:hr>
            <ns3:cad>87</ns3:cad>
          </ns3:TrackPointExtension>
        </extensions>
      </trkpt>
      <trkpt lat="40.140742845833301544189453125" lon="94.65316384099423885345458984375">
        <ele>1139.199951171875</ele>
        <time>2025-08-11T22:47:06.000Z</time>
        <extensions>
          <ns3:TrackPointExtension>
            <ns3:hr>125</ns3:hr>
            <ns3:cad>87</ns3:cad>
          </ns3:TrackPointExtension>
        </extensions>
      </trkpt>
      <trkpt lat="40.140752233564853668212890625" lon="94.653197117149829864501953125">
        <ele>1139.199951171875</ele>
        <time>2025-08-11T22:47:07.000Z</time>
        <extensions>
          <ns3:TrackPointExtension>
            <ns3:hr>125</ns3:hr>
            <ns3:cad>87</ns3:cad>
          </ns3:TrackPointExtension>
        </extensions>
      </trkpt>
      <trkpt lat="40.14075885526835918426513671875" lon="94.6532254479825496673583984375">
        <ele>1139.4000244140625</ele>
        <time>2025-08-11T22:47:08.000Z</time>
        <extensions>
          <ns3:TrackPointExtension>
            <ns3:hr>125</ns3:hr>
            <ns3:cad>87</ns3:cad>
          </ns3:TrackPointExtension>
        </extensions>
      </trkpt>
      <trkpt lat="40.140762291848659515380859375" lon="94.6532599814236164093017578125">
        <ele>1139.4000244140625</ele>
        <time>2025-08-11T22:47:09.000Z</time>
        <extensions>
          <ns3:TrackPointExtension>
            <ns3:hr>125</ns3:hr>
            <ns3:cad>87</ns3:cad>
          </ns3:TrackPointExtension>
        </extensions>
      </trkpt>
      <trkpt lat="40.14076505787670612335205078125" lon="94.65329158119857311248779296875">
        <ele>1139.4000244140625</ele>
        <time>2025-08-11T22:47:10.000Z</time>
        <extensions>
          <ns3:TrackPointExtension>
            <ns3:hr>125</ns3:hr>
            <ns3:cad>87</ns3:cad>
          </ns3:TrackPointExtension>
        </extensions>
      </trkpt>
      <trkpt lat="40.14076338149607181549072265625" lon="94.6533255279064178466796875">
        <ele>1139.4000244140625</ele>
        <time>2025-08-11T22:47:11.000Z</time>
        <extensions>
          <ns3:TrackPointExtension>
            <ns3:hr>126</ns3:hr>
            <ns3:cad>85</ns3:cad>
          </ns3:TrackPointExtension>
        </extensions>
      </trkpt>
      <trkpt lat="40.1407607831060886383056640625" lon="94.65335863642394542694091796875">
        <ele>1139.5999755859375</ele>
        <time>2025-08-11T22:47:12.000Z</time>
        <extensions>
          <ns3:TrackPointExtension>
            <ns3:hr>126</ns3:hr>
            <ns3:cad>84</ns3:cad>
          </ns3:TrackPointExtension>
        </extensions>
      </trkpt>
      <trkpt lat="40.14075734652578830718994140625" lon="94.6533877216279506683349609375">
        <ele>1139.5999755859375</ele>
        <time>2025-08-11T22:47:13.000Z</time>
        <extensions>
          <ns3:TrackPointExtension>
            <ns3:hr>126</ns3:hr>
            <ns3:cad>84</ns3:cad>
          </ns3:TrackPointExtension>
        </extensions>
      </trkpt>
      <trkpt lat="40.14075265266001224517822265625" lon="94.653417728841304779052734375">
        <ele>1139.5999755859375</ele>
        <time>2025-08-11T22:47:14.000Z</time>
        <extensions>
          <ns3:TrackPointExtension>
            <ns3:hr>127</ns3:hr>
            <ns3:cad>85</ns3:cad>
          </ns3:TrackPointExtension>
        </extensions>
      </trkpt>
      <trkpt lat="40.1407497189939022064208984375" lon="94.65344781987369060516357421875">
        <ele>1139.800048828125</ele>
        <time>2025-08-11T22:47:15.000Z</time>
        <extensions>
          <ns3:TrackPointExtension>
            <ns3:hr>128</ns3:hr>
            <ns3:cad>85</ns3:cad>
          </ns3:TrackPointExtension>
        </extensions>
      </trkpt>
      <trkpt lat="40.1407487131655216217041015625" lon="94.65347967110574245452880859375">
        <ele>1139.800048828125</ele>
        <time>2025-08-11T22:47:16.000Z</time>
        <extensions>
          <ns3:TrackPointExtension>
            <ns3:hr>130</ns3:hr>
            <ns3:cad>86</ns3:cad>
          </ns3:TrackPointExtension>
        </extensions>
      </trkpt>
      <trkpt lat="40.1407487131655216217041015625" lon="94.65350196696817874908447265625">
        <ele>1139.800048828125</ele>
        <time>2025-08-11T22:47:17.000Z</time>
        <extensions>
          <ns3:TrackPointExtension>
            <ns3:hr>131</ns3:hr>
            <ns3:cad>86</ns3:cad>
          </ns3:TrackPointExtension>
        </extensions>
      </trkpt>
      <trkpt lat="40.1407451927661895751953125" lon="94.653539098799228668212890625">
        <ele>1139.800048828125</ele>
        <time>2025-08-11T22:47:18.000Z</time>
        <extensions>
          <ns3:TrackPointExtension>
            <ns3:hr>132</ns3:hr>
            <ns3:cad>85</ns3:cad>
          </ns3:TrackPointExtension>
        </extensions>
      </trkpt>
      <trkpt lat="40.14074376784265041351318359375" lon="94.6535670943558216094970703125">
        <ele>1139.5999755859375</ele>
        <time>2025-08-11T22:47:19.000Z</time>
        <extensions>
          <ns3:TrackPointExtension>
            <ns3:hr>132</ns3:hr>
            <ns3:cad>85</ns3:cad>
          </ns3:TrackPointExtension>
        </extensions>
      </trkpt>
      <trkpt lat="40.1407393254339694976806640625" lon="94.65360053814947605133056640625">
        <ele>1139.5999755859375</ele>
        <time>2025-08-11T22:47:20.000Z</time>
        <extensions>
          <ns3:TrackPointExtension>
            <ns3:hr>132</ns3:hr>
            <ns3:cad>85</ns3:cad>
          </ns3:TrackPointExtension>
        </extensions>
      </trkpt>
      <trkpt lat="40.1407339610159397125244140625" lon="94.65362736023962497711181640625">
        <ele>1139.4000244140625</ele>
        <time>2025-08-11T22:47:21.000Z</time>
        <extensions>
          <ns3:TrackPointExtension>
            <ns3:hr>131</ns3:hr>
            <ns3:cad>86</ns3:cad>
          </ns3:TrackPointExtension>
        </extensions>
      </trkpt>
      <trkpt lat="40.140734128654003143310546875" lon="94.65365820564329624176025390625">
        <ele>1139.4000244140625</ele>
        <time>2025-08-11T22:47:22.000Z</time>
        <extensions>
          <ns3:TrackPointExtension>
            <ns3:hr>131</ns3:hr>
            <ns3:cad>86</ns3:cad>
          </ns3:TrackPointExtension>
        </extensions>
      </trkpt>
      <trkpt lat="40.1407322846353054046630859375" lon="94.6536891348659992218017578125">
        <ele>1139.4000244140625</ele>
        <time>2025-08-11T22:47:23.000Z</time>
        <extensions>
          <ns3:TrackPointExtension>
            <ns3:hr>131</ns3:hr>
            <ns3:cad>87</ns3:cad>
          </ns3:TrackPointExtension>
        </extensions>
      </trkpt>
      <trkpt lat="40.1407290995121002197265625" lon="94.65371738187968730926513671875">
        <ele>1139.4000244140625</ele>
        <time>2025-08-11T22:47:24.000Z</time>
        <extensions>
          <ns3:TrackPointExtension>
            <ns3:hr>132</ns3:hr>
            <ns3:cad>87</ns3:cad>
          </ns3:TrackPointExtension>
        </extensions>
      </trkpt>
      <trkpt lat="40.1407205499708652496337890625" lon="94.65374638326466083526611328125">
        <ele>1139.4000244140625</ele>
        <time>2025-08-11T22:47:25.000Z</time>
        <extensions>
          <ns3:TrackPointExtension>
            <ns3:hr>132</ns3:hr>
            <ns3:cad>87</ns3:cad>
          </ns3:TrackPointExtension>
        </extensions>
      </trkpt>
      <trkpt lat="40.140712670981884002685546875" lon="94.6537736244499683380126953125">
        <ele>1139.199951171875</ele>
        <time>2025-08-11T22:47:26.000Z</time>
        <extensions>
          <ns3:TrackPointExtension>
            <ns3:hr>132</ns3:hr>
            <ns3:cad>87</ns3:cad>
          </ns3:TrackPointExtension>
        </extensions>
      </trkpt>
      <trkpt lat="40.140705294907093048095703125" lon="94.6537907235324382781982421875">
        <ele>1139.199951171875</ele>
        <time>2025-08-11T22:47:27.000Z</time>
        <extensions>
          <ns3:TrackPointExtension>
            <ns3:hr>132</ns3:hr>
            <ns3:cad>87</ns3:cad>
          </ns3:TrackPointExtension>
        </extensions>
      </trkpt>
      <trkpt lat="40.14069716446101665496826171875" lon="94.65380170382559299468994140625">
        <ele>1139.199951171875</ele>
        <time>2025-08-11T22:47:28.000Z</time>
        <extensions>
          <ns3:TrackPointExtension>
            <ns3:hr>132</ns3:hr>
            <ns3:cad>86</ns3:cad>
          </ns3:TrackPointExtension>
        </extensions>
      </trkpt>
      <trkpt lat="40.14068392105400562286376953125" lon="94.65381058864295482635498046875">
        <ele>1139.4000244140625</ele>
        <time>2025-08-11T22:47:29.000Z</time>
        <extensions>
          <ns3:TrackPointExtension>
            <ns3:hr>132</ns3:hr>
            <ns3:cad>86</ns3:cad>
          </ns3:TrackPointExtension>
        </extensions>
      </trkpt>
      <trkpt lat="40.14067989774048328399658203125" lon="94.653820730745792388916015625">
        <ele>1139.4000244140625</ele>
        <time>2025-08-11T22:47:30.000Z</time>
        <extensions>
          <ns3:TrackPointExtension>
            <ns3:hr>132</ns3:hr>
            <ns3:cad>86</ns3:cad>
          </ns3:TrackPointExtension>
        </extensions>
      </trkpt>
      <trkpt lat="40.1406793110072612762451171875" lon="94.653826095163822174072265625">
        <ele>1139.4000244140625</ele>
        <time>2025-08-11T22:47:31.000Z</time>
        <extensions>
          <ns3:TrackPointExtension>
            <ns3:hr>132</ns3:hr>
            <ns3:cad>86</ns3:cad>
          </ns3:TrackPointExtension>
        </extensions>
      </trkpt>
      <trkpt lat="40.1406819932162761688232421875" lon="94.65383104048669338226318359375">
        <ele>1139.4000244140625</ele>
        <time>2025-08-11T22:47:32.000Z</time>
        <extensions>
          <ns3:TrackPointExtension>
            <ns3:hr>132</ns3:hr>
            <ns3:cad>55</ns3:cad>
          </ns3:TrackPointExtension>
        </extensions>
      </trkpt>
      <trkpt lat="40.14068073593080043792724609375" lon="94.65384076349437236785888671875">
        <ele>1139.5999755859375</ele>
        <time>2025-08-11T22:47:33.000Z</time>
        <extensions>
          <ns3:TrackPointExtension>
            <ns3:hr>131</ns3:hr>
            <ns3:cad>55</ns3:cad>
          </ns3:TrackPointExtension>
        </extensions>
      </trkpt>
      <trkpt lat="40.1406813226640224456787109375" lon="94.6538504026830196380615234375">
        <ele>1139.5999755859375</ele>
        <time>2025-08-11T22:47:34.000Z</time>
        <extensions>
          <ns3:TrackPointExtension>
            <ns3:hr>130</ns3:hr>
            <ns3:cad>55</ns3:cad>
          </ns3:TrackPointExtension>
        </extensions>
      </trkpt>
      <trkpt lat="40.14068006537854671478271484375" lon="94.65386356227099895477294921875">
        <ele>1139.5999755859375</ele>
        <time>2025-08-11T22:47:35.000Z</time>
        <extensions>
          <ns3:TrackPointExtension>
            <ns3:hr>130</ns3:hr>
            <ns3:cad>55</ns3:cad>
          </ns3:TrackPointExtension>
        </extensions>
      </trkpt>
      <trkpt lat="40.14068040065467357635498046875" lon="94.6538755483925342559814453125">
        <ele>1139.5999755859375</ele>
        <time>2025-08-11T22:47:36.000Z</time>
        <extensions>
          <ns3:TrackPointExtension>
            <ns3:hr>130</ns3:hr>
            <ns3:cad>56</ns3:cad>
          </ns3:TrackPointExtension>
        </extensions>
      </trkpt>
      <trkpt lat="40.14067922718822956085205078125" lon="94.65389323420822620391845703125">
        <ele>1139.5999755859375</ele>
        <time>2025-08-11T22:47:37.000Z</time>
        <extensions>
          <ns3:TrackPointExtension>
            <ns3:hr>129</ns3:hr>
            <ns3:cad>56</ns3:cad>
          </ns3:TrackPointExtension>
        </extensions>
      </trkpt>
      <trkpt lat="40.14068073593080043792724609375" lon="94.65390957891941070556640625">
        <ele>1139.5999755859375</ele>
        <time>2025-08-11T22:47:38.000Z</time>
        <extensions>
          <ns3:TrackPointExtension>
            <ns3:hr>128</ns3:hr>
            <ns3:cad>54</ns3:cad>
          </ns3:TrackPointExtension>
        </extensions>
      </trkpt>
      <trkpt lat="40.1406813226640224456787109375" lon="94.6539224870502948760986328125">
        <ele>1139.5999755859375</ele>
        <time>2025-08-11T22:47:39.000Z</time>
        <extensions>
          <ns3:TrackPointExtension>
            <ns3:hr>128</ns3:hr>
            <ns3:cad>54</ns3:cad>
          </ns3:TrackPointExtension>
        </extensions>
      </trkpt>
      <trkpt lat="40.140682496130466461181640625" lon="94.65393614955246448516845703125">
        <ele>1139.5999755859375</ele>
        <time>2025-08-11T22:47:40.000Z</time>
        <extensions>
          <ns3:TrackPointExtension>
            <ns3:hr>127</ns3:hr>
            <ns3:cad>55</ns3:cad>
          </ns3:TrackPointExtension>
        </extensions>
      </trkpt>
      <trkpt lat="40.14068274758756160736083984375" lon="94.6539446152746677398681640625">
        <ele>1139.5999755859375</ele>
        <time>2025-08-11T22:47:41.000Z</time>
        <extensions>
          <ns3:TrackPointExtension>
            <ns3:hr>127</ns3:hr>
            <ns3:cad>55</ns3:cad>
          </ns3:TrackPointExtension>
        </extensions>
      </trkpt>
      <trkpt lat="40.14068174175918102264404296875" lon="94.65395492501556873321533203125">
        <ele>1139.800048828125</ele>
        <time>2025-08-11T22:47:42.000Z</time>
        <extensions>
          <ns3:TrackPointExtension>
            <ns3:hr>126</ns3:hr>
            <ns3:cad>55</ns3:cad>
          </ns3:TrackPointExtension>
        </extensions>
      </trkpt>
      <trkpt lat="40.1406808197498321533203125" lon="94.6539684198796749114990234375">
        <ele>1139.800048828125</ele>
        <time>2025-08-11T22:47:43.000Z</time>
        <extensions>
          <ns3:TrackPointExtension>
            <ns3:hr>125</ns3:hr>
            <ns3:cad>54</ns3:cad>
          </ns3:TrackPointExtension>
        </extensions>
      </trkpt>
      <trkpt lat="40.14066413976252079010009765625" lon="94.65399616397917270660400390625">
        <ele>1140</ele>
        <time>2025-08-11T22:47:51.000Z</time>
        <extensions>
          <ns3:TrackPointExtension>
            <ns3:hr>119</ns3:hr>
            <ns3:cad>0</ns3:cad>
          </ns3:TrackPointExtension>
        </extensions>
      </trkpt>
      <trkpt lat="40.1406618766486644744873046875" lon="94.653984345495700836181640625">
        <ele>1140.199951171875</ele>
        <time>2025-08-11T22:47:52.000Z</time>
        <extensions>
          <ns3:TrackPointExtension>
            <ns3:hr>118</ns3:hr>
            <ns3:cad>0</ns3:cad>
          </ns3:TrackPointExtension>
        </extensions>
      </trkpt>
      <trkpt lat="40.1406593620777130126953125" lon="94.653962887823581695556640625">
        <ele>1140.199951171875</ele>
        <time>2025-08-11T22:47:53.000Z</time>
        <extensions>
          <ns3:TrackPointExtension>
            <ns3:hr>117</ns3:hr>
            <ns3:cad>0</ns3:cad>
          </ns3:TrackPointExtension>
        </extensions>
      </trkpt>
      <trkpt lat="40.1406514830887317657470703125" lon="94.6539288572967052459716796875">
        <ele>1140.199951171875</ele>
        <time>2025-08-11T22:47:54.000Z</time>
        <extensions>
          <ns3:TrackPointExtension>
            <ns3:hr>116</ns3:hr>
            <ns3:cad>88</ns3:cad>
          </ns3:TrackPointExtension>
        </extensions>
      </trkpt>
      <trkpt lat="40.14064804650843143463134765625" lon="94.65388501994311809539794921875">
        <ele>1140.199951171875</ele>
        <time>2025-08-11T22:47:55.000Z</time>
        <extensions>
          <ns3:TrackPointExtension>
            <ns3:hr>115</ns3:hr>
            <ns3:cad>88</ns3:cad>
          </ns3:TrackPointExtension>
        </extensions>
      </trkpt>
      <trkpt lat="40.1406454481184482574462890625" lon="94.653849564492702484130859375">
        <ele>1140.199951171875</ele>
        <time>2025-08-11T22:47:56.000Z</time>
        <extensions>
          <ns3:TrackPointExtension>
            <ns3:hr>114</ns3:hr>
            <ns3:cad>83</ns3:cad>
          </ns3:TrackPointExtension>
        </extensions>
      </trkpt>
      <trkpt lat="40.1406457833945751190185546875" lon="94.65381293557584285736083984375">
        <ele>1140.199951171875</ele>
        <time>2025-08-11T22:47:57.000Z</time>
        <extensions>
          <ns3:TrackPointExtension>
            <ns3:hr>114</ns3:hr>
            <ns3:cad>83</ns3:cad>
          </ns3:TrackPointExtension>
        </extensions>
      </trkpt>
      <trkpt lat="40.140665061771869659423828125" lon="94.653795249760150909423828125">
        <ele>1140.199951171875</ele>
        <time>2025-08-11T22:47:58.000Z</time>
        <extensions>
          <ns3:TrackPointExtension>
            <ns3:hr>114</ns3:hr>
            <ns3:cad>83</ns3:cad>
          </ns3:TrackPointExtension>
        </extensions>
      </trkpt>
      <trkpt lat="40.14068140648305416107177734375" lon="94.65377002023160457611083984375">
        <ele>1140.199951171875</ele>
        <time>2025-08-11T22:47:59.000Z</time>
        <extensions>
          <ns3:TrackPointExtension>
            <ns3:hr>114</ns3:hr>
            <ns3:cad>83</ns3:cad>
          </ns3:TrackPointExtension>
        </extensions>
      </trkpt>
      <trkpt lat="40.1407101564109325408935546875" lon="94.65374772436916828155517578125">
        <ele>1140.199951171875</ele>
        <time>2025-08-11T22:48:00.000Z</time>
        <extensions>
          <ns3:TrackPointExtension>
            <ns3:hr>114</ns3:hr>
            <ns3:cad>83</ns3:cad>
          </ns3:TrackPointExtension>
        </extensions>
      </trkpt>
      <trkpt lat="40.14072348363697528839111328125" lon="94.6537323854863643646240234375">
        <ele>1140.199951171875</ele>
        <time>2025-08-11T22:48:01.000Z</time>
        <extensions>
          <ns3:TrackPointExtension>
            <ns3:hr>114</ns3:hr>
            <ns3:cad>83</ns3:cad>
          </ns3:TrackPointExtension>
        </extensions>
      </trkpt>
      <trkpt lat="40.1407460309565067291259765625" lon="94.65371218509972095489501953125">
        <ele>1140.4000244140625</ele>
        <time>2025-08-11T22:48:02.000Z</time>
        <extensions>
          <ns3:TrackPointExtension>
            <ns3:hr>115</ns3:hr>
            <ns3:cad>84</ns3:cad>
          </ns3:TrackPointExtension>
        </extensions>
      </trkpt>
      <trkpt lat="40.14076757244765758514404296875" lon="94.6537064015865325927734375">
        <ele>1140.4000244140625</ele>
        <time>2025-08-11T22:48:03.000Z</time>
        <extensions>
          <ns3:TrackPointExtension>
            <ns3:hr>114</ns3:hr>
            <ns3:cad>84</ns3:cad>
          </ns3:TrackPointExtension>
        </extensions>
      </trkpt>
      <trkpt lat="40.1407855935394763946533203125" lon="94.65368821285665035247802734375">
        <ele>1140.4000244140625</ele>
        <time>2025-08-11T22:48:04.000Z</time>
        <extensions>
          <ns3:TrackPointExtension>
            <ns3:hr>114</ns3:hr>
            <ns3:cad>83</ns3:cad>
          </ns3:TrackPointExtension>
        </extensions>
      </trkpt>
      <trkpt lat="40.1408100686967372894287109375" lon="94.65367564000189304351806640625">
        <ele>1140.4000244140625</ele>
        <time>2025-08-11T22:48:05.000Z</time>
        <extensions>
          <ns3:TrackPointExtension>
            <ns3:hr>114</ns3:hr>
            <ns3:cad>83</ns3:cad>
          </ns3:TrackPointExtension>
        </extensions>
      </trkpt>
      <trkpt lat="40.14082926325500011444091796875" lon="94.6536643244326114654541015625">
        <ele>1140.4000244140625</ele>
        <time>2025-08-11T22:48:06.000Z</time>
        <extensions>
          <ns3:TrackPointExtension>
            <ns3:hr>114</ns3:hr>
            <ns3:cad>84</ns3:cad>
          </ns3:TrackPointExtension>
        </extensions>
      </trkpt>
      <trkpt lat="40.14085072092711925506591796875" lon="94.65365954674780368804931640625">
        <ele>1140.4000244140625</ele>
        <time>2025-08-11T22:48:07.000Z</time>
        <extensions>
          <ns3:TrackPointExtension>
            <ns3:hr>115</ns3:hr>
            <ns3:cad>84</ns3:cad>
          </ns3:TrackPointExtension>
        </extensions>
      </trkpt>
      <trkpt lat="40.14087595045566558837890625" lon="94.65366256423294544219970703125">
        <ele>1140.4000244140625</ele>
        <time>2025-08-11T22:48:08.000Z</time>
        <extensions>
          <ns3:TrackPointExtension>
            <ns3:hr>115</ns3:hr>
            <ns3:cad>85</ns3:cad>
          </ns3:TrackPointExtension>
        </extensions>
      </trkpt>
      <trkpt lat="40.14090000651776790618896484375" lon="94.6536626480519771575927734375">
        <ele>1140.4000244140625</ele>
        <time>2025-08-11T22:48:09.000Z</time>
        <extensions>
          <ns3:TrackPointExtension>
            <ns3:hr>115</ns3:hr>
            <ns3:cad>85</ns3:cad>
          </ns3:TrackPointExtension>
        </extensions>
      </trkpt>
      <trkpt lat="40.1409213803708553314208984375" lon="94.65367848984897136688232421875">
        <ele>1140.199951171875</ele>
        <time>2025-08-11T22:48:10.000Z</time>
        <extensions>
          <ns3:TrackPointExtension>
            <ns3:hr>115</ns3:hr>
            <ns3:cad>84</ns3:cad>
          </ns3:TrackPointExtension>
        </extensions>
      </trkpt>
      <trkpt lat="40.1409331150352954864501953125" lon="94.65369701385498046875">
        <ele>1140</ele>
        <time>2025-08-11T22:48:11.000Z</time>
        <extensions>
          <ns3:TrackPointExtension>
            <ns3:hr>115</ns3:hr>
            <ns3:cad>84</ns3:cad>
          </ns3:TrackPointExtension>
        </extensions>
      </trkpt>
      <trkpt lat="40.14093588106334209442138671875" lon="94.653719477355480194091796875">
        <ele>1140</ele>
        <time>2025-08-11T22:48:12.000Z</time>
        <extensions>
          <ns3:TrackPointExtension>
            <ns3:hr>115</ns3:hr>
            <ns3:cad>84</ns3:cad>
          </ns3:TrackPointExtension>
        </extensions>
      </trkpt>
      <trkpt lat="40.14093873091042041778564453125" lon="94.65373716317117214202880859375">
        <ele>1140</ele>
        <time>2025-08-11T22:48:13.000Z</time>
        <extensions>
          <ns3:TrackPointExtension>
            <ns3:hr>115</ns3:hr>
            <ns3:cad>84</ns3:cad>
          </ns3:TrackPointExtension>
        </extensions>
      </trkpt>
      <trkpt lat="40.140941329300403594970703125" lon="94.6537461318075656890869140625">
        <ele>1140</ele>
        <time>2025-08-11T22:48:14.000Z</time>
        <extensions>
          <ns3:TrackPointExtension>
            <ns3:hr>116</ns3:hr>
            <ns3:cad>84</ns3:cad>
          </ns3:TrackPointExtension>
        </extensions>
      </trkpt>
      <trkpt lat="40.14094577170908451080322265625" lon="94.653748311102390289306640625">
        <ele>1140</ele>
        <time>2025-08-11T22:48:15.000Z</time>
        <extensions>
          <ns3:TrackPointExtension>
            <ns3:hr>116</ns3:hr>
            <ns3:cad>84</ns3:cad>
          </ns3:TrackPointExtension>
        </extensions>
      </trkpt>
      <trkpt lat="40.14094660989940166473388671875" lon="94.65373146347701549530029296875">
        <ele>1140</ele>
        <time>2025-08-11T22:48:16.000Z</time>
        <extensions>
          <ns3:TrackPointExtension>
            <ns3:hr>116</ns3:hr>
            <ns3:cad>84</ns3:cad>
          </ns3:TrackPointExtension>
        </extensions>
      </trkpt>
      <trkpt lat="40.14095230959355831146240234375" lon="94.65373280458152294158935546875">
        <ele>1140</ele>
        <time>2025-08-11T22:48:17.000Z</time>
        <extensions>
          <ns3:TrackPointExtension>
            <ns3:hr>116</ns3:hr>
            <ns3:cad>84</ns3:cad>
          </ns3:TrackPointExtension>
        </extensions>
      </trkpt>
      <trkpt lat="40.14096873812377452850341796875" lon="94.653732217848300933837890625">
        <ele>1140</ele>
        <time>2025-08-11T22:48:18.000Z</time>
        <extensions>
          <ns3:TrackPointExtension>
            <ns3:hr>117</ns3:hr>
            <ns3:cad>84</ns3:cad>
          </ns3:TrackPointExtension>
        </extensions>
      </trkpt>
      <trkpt lat="40.1409844122827053070068359375" lon="94.65372760780155658721923828125">
        <ele>1140</ele>
        <time>2025-08-11T22:48:19.000Z</time>
        <extensions>
          <ns3:TrackPointExtension>
            <ns3:hr>117</ns3:hr>
            <ns3:cad>0</ns3:cad>
          </ns3:TrackPointExtension>
        </extensions>
      </trkpt>
      <trkpt lat="40.1410075463354587554931640625" lon="94.6537250094115734100341796875">
        <ele>1140.199951171875</ele>
        <time>2025-08-11T22:48:20.000Z</time>
        <extensions>
          <ns3:TrackPointExtension>
            <ns3:hr>117</ns3:hr>
            <ns3:cad>0</ns3:cad>
          </ns3:TrackPointExtension>
        </extensions>
      </trkpt>
      <trkpt lat="40.1410340331494808197021484375" lon="94.65372391976416110992431640625">
        <ele>1140.199951171875</ele>
        <time>2025-08-11T22:48:21.000Z</time>
        <extensions>
          <ns3:TrackPointExtension>
            <ns3:hr>118</ns3:hr>
            <ns3:cad>0</ns3:cad>
          </ns3:TrackPointExtension>
        </extensions>
      </trkpt>
      <trkpt lat="40.14105138368904590606689453125" lon="94.65371914207935333251953125">
        <ele>1140.199951171875</ele>
        <time>2025-08-11T22:48:22.000Z</time>
        <extensions>
          <ns3:TrackPointExtension>
            <ns3:hr>118</ns3:hr>
            <ns3:cad>83</ns3:cad>
          </ns3:TrackPointExtension>
        </extensions>
      </trkpt>
      <trkpt lat="40.1410766132175922393798828125" lon="94.65371956117451190948486328125">
        <ele>1140.199951171875</ele>
        <time>2025-08-11T22:48:23.000Z</time>
        <extensions>
          <ns3:TrackPointExtension>
            <ns3:hr>117</ns3:hr>
            <ns3:cad>83</ns3:cad>
          </ns3:TrackPointExtension>
        </extensions>
      </trkpt>
      <trkpt lat="40.14109966345131397247314453125" lon="94.65371855534613132476806640625">
        <ele>1140.4000244140625</ele>
        <time>2025-08-11T22:48:24.000Z</time>
        <extensions>
          <ns3:TrackPointExtension>
            <ns3:hr>117</ns3:hr>
            <ns3:cad>85</ns3:cad>
          </ns3:TrackPointExtension>
        </extensions>
      </trkpt>
      <trkpt lat="40.141123719513416290283203125" lon="94.653711430728435516357421875">
        <ele>1140.4000244140625</ele>
        <time>2025-08-11T22:48:25.000Z</time>
        <extensions>
          <ns3:TrackPointExtension>
            <ns3:hr>117</ns3:hr>
            <ns3:cad>85</ns3:cad>
          </ns3:TrackPointExtension>
        </extensions>
      </trkpt>
      <trkpt lat="40.14115313999354839324951171875" lon="94.65371101163327693939208984375">
        <ele>1140.5999755859375</ele>
        <time>2025-08-11T22:48:26.000Z</time>
        <extensions>
          <ns3:TrackPointExtension>
            <ns3:hr>117</ns3:hr>
            <ns3:cad>86</ns3:cad>
          </ns3:TrackPointExtension>
        </extensions>
      </trkpt>
      <trkpt lat="40.1411771960556507110595703125" lon="94.65370028279721736907958984375">
        <ele>1140.4000244140625</ele>
        <time>2025-08-11T22:48:27.000Z</time>
        <extensions>
          <ns3:TrackPointExtension>
            <ns3:hr>117</ns3:hr>
            <ns3:cad>85</ns3:cad>
          </ns3:TrackPointExtension>
        </extensions>
      </trkpt>
      <trkpt lat="40.14120779000222682952880859375" lon="94.65369743295013904571533203125">
        <ele>1140.4000244140625</ele>
        <time>2025-08-11T22:48:28.000Z</time>
        <extensions>
          <ns3:TrackPointExtension>
            <ns3:hr>117</ns3:hr>
            <ns3:cad>85</ns3:cad>
          </ns3:TrackPointExtension>
        </extensions>
      </trkpt>
      <trkpt lat="40.14122840948402881622314453125" lon="94.6536904759705066680908203125">
        <ele>1140.4000244140625</ele>
        <time>2025-08-11T22:48:29.000Z</time>
        <extensions>
          <ns3:TrackPointExtension>
            <ns3:hr>117</ns3:hr>
            <ns3:cad>85</ns3:cad>
          </ns3:TrackPointExtension>
        </extensions>
      </trkpt>
      <trkpt lat="40.14125808142125606536865234375" lon="94.65368972159922122955322265625">
        <ele>1140.4000244140625</ele>
        <time>2025-08-11T22:48:30.000Z</time>
        <extensions>
          <ns3:TrackPointExtension>
            <ns3:hr>118</ns3:hr>
            <ns3:cad>85</ns3:cad>
          </ns3:TrackPointExtension>
        </extensions>
      </trkpt>
      <trkpt lat="40.1412811316549777984619140625" lon="94.6536881290376186370849609375">
        <ele>1140.4000244140625</ele>
        <time>2025-08-11T22:48:31.000Z</time>
        <extensions>
          <ns3:TrackPointExtension>
            <ns3:hr>117</ns3:hr>
            <ns3:cad>85</ns3:cad>
          </ns3:TrackPointExtension>
        </extensions>
      </trkpt>
      <trkpt lat="40.1413076184689998626708984375" lon="94.653685949742794036865234375">
        <ele>1140.5999755859375</ele>
        <time>2025-08-11T22:48:32.000Z</time>
        <extensions>
          <ns3:TrackPointExtension>
            <ns3:hr>117</ns3:hr>
            <ns3:cad>85</ns3:cad>
          </ns3:TrackPointExtension>
        </extensions>
      </trkpt>
      <trkpt lat="40.1413347758352756500244140625" lon="94.6536849439144134521484375">
        <ele>1140.5999755859375</ele>
        <time>2025-08-11T22:48:33.000Z</time>
        <extensions>
          <ns3:TrackPointExtension>
            <ns3:hr>118</ns3:hr>
            <ns3:cad>86</ns3:cad>
          </ns3:TrackPointExtension>
        </extensions>
      </trkpt>
      <trkpt lat="40.14135832898318767547607421875" lon="94.6536814235150814056396484375">
        <ele>1140.5999755859375</ele>
        <time>2025-08-11T22:48:34.000Z</time>
        <extensions>
          <ns3:TrackPointExtension>
            <ns3:hr>117</ns3:hr>
            <ns3:cad>86</ns3:cad>
          </ns3:TrackPointExtension>
        </extensions>
      </trkpt>
      <trkpt lat="40.14138691127300262451171875" lon="94.653681255877017974853515625">
        <ele>1140.800048828125</ele>
        <time>2025-08-11T22:48:35.000Z</time>
        <extensions>
          <ns3:TrackPointExtension>
            <ns3:hr>117</ns3:hr>
            <ns3:cad>86</ns3:cad>
          </ns3:TrackPointExtension>
        </extensions>
      </trkpt>
      <trkpt lat="40.1414082013070583343505859375" lon="94.65367781929671764373779296875">
        <ele>1140.800048828125</ele>
        <time>2025-08-11T22:48:36.000Z</time>
        <extensions>
          <ns3:TrackPointExtension>
            <ns3:hr>117</ns3:hr>
            <ns3:cad>87</ns3:cad>
          </ns3:TrackPointExtension>
        </extensions>
      </trkpt>
      <trkpt lat="40.14143980108201503753662109375" lon="94.6536780707538127899169921875">
        <ele>1140.800048828125</ele>
        <time>2025-08-11T22:48:37.000Z</time>
        <extensions>
          <ns3:TrackPointExtension>
            <ns3:hr>117</ns3:hr>
            <ns3:cad>87</ns3:cad>
          </ns3:TrackPointExtension>
        </extensions>
      </trkpt>
      <trkpt lat="40.1414594985544681549072265625" lon="94.6536703594028949737548828125">
        <ele>1140.800048828125</ele>
        <time>2025-08-11T22:48:38.000Z</time>
        <extensions>
          <ns3:TrackPointExtension>
            <ns3:hr>118</ns3:hr>
            <ns3:cad>87</ns3:cad>
          </ns3:TrackPointExtension>
        </extensions>
      </trkpt>
      <trkpt lat="40.14148891903460025787353515625" lon="94.6536760590970516204833984375">
        <ele>1140.800048828125</ele>
        <time>2025-08-11T22:48:39.000Z</time>
        <extensions>
          <ns3:TrackPointExtension>
            <ns3:hr>119</ns3:hr>
            <ns3:cad>87</ns3:cad>
          </ns3:TrackPointExtension>
        </extensions>
      </trkpt>
      <trkpt lat="40.14151171781122684478759765625" lon="94.65368083678185939788818359375">
        <ele>1140.800048828125</ele>
        <time>2025-08-11T22:48:40.000Z</time>
        <extensions>
          <ns3:TrackPointExtension>
            <ns3:hr>119</ns3:hr>
            <ns3:cad>88</ns3:cad>
          </ns3:TrackPointExtension>
        </extensions>
      </trkpt>
      <trkpt lat="40.14153853990137577056884765625" lon="94.653685949742794036865234375">
        <ele>1140.800048828125</ele>
        <time>2025-08-11T22:48:41.000Z</time>
        <extensions>
          <ns3:TrackPointExtension>
            <ns3:hr>119</ns3:hr>
            <ns3:cad>88</ns3:cad>
          </ns3:TrackPointExtension>
        </extensions>
      </trkpt>
      <trkpt lat="40.14156259596347808837890625" lon="94.653688967227935791015625">
        <ele>1140.800048828125</ele>
        <time>2025-08-11T22:48:42.000Z</time>
        <extensions>
          <ns3:TrackPointExtension>
            <ns3:hr>120</ns3:hr>
            <ns3:cad>87</ns3:cad>
          </ns3:TrackPointExtension>
        </extensions>
      </trkpt>
      <trkpt lat="40.14158799313008785247802734375" lon="94.653684608638286590576171875">
        <ele>1141</ele>
        <time>2025-08-11T22:48:43.000Z</time>
        <extensions>
          <ns3:TrackPointExtension>
            <ns3:hr>120</ns3:hr>
            <ns3:cad>87</ns3:cad>
          </ns3:TrackPointExtension>
        </extensions>
      </trkpt>
      <trkpt lat="40.14161531813442707061767578125" lon="94.65368553064763545989990234375">
        <ele>1141</ele>
        <time>2025-08-11T22:48:44.000Z</time>
        <extensions>
          <ns3:TrackPointExtension>
            <ns3:hr>120</ns3:hr>
            <ns3:cad>87</ns3:cad>
          </ns3:TrackPointExtension>
        </extensions>
      </trkpt>
      <trkpt lat="40.14164079912006855010986328125" lon="94.65368268080055713653564453125">
        <ele>1141</ele>
        <time>2025-08-11T22:48:45.000Z</time>
        <extensions>
          <ns3:TrackPointExtension>
            <ns3:hr>121</ns3:hr>
            <ns3:cad>88</ns3:cad>
          </ns3:TrackPointExtension>
        </extensions>
      </trkpt>
      <trkpt lat="40.14167030341923236846923828125" lon="94.653681926429271697998046875">
        <ele>1141</ele>
        <time>2025-08-11T22:48:46.000Z</time>
        <extensions>
          <ns3:TrackPointExtension>
            <ns3:hr>121</ns3:hr>
            <ns3:cad>88</ns3:cad>
          </ns3:TrackPointExtension>
        </extensions>
      </trkpt>
      <trkpt lat="40.14169134199619293212890625" lon="94.65367664583027362823486328125">
        <ele>1141</ele>
        <time>2025-08-11T22:48:47.000Z</time>
        <extensions>
          <ns3:TrackPointExtension>
            <ns3:hr>121</ns3:hr>
            <ns3:cad>88</ns3:cad>
          </ns3:TrackPointExtension>
        </extensions>
      </trkpt>
      <trkpt lat="40.14172193594276905059814453125" lon="94.65367765165865421295166015625">
        <ele>1141</ele>
        <time>2025-08-11T22:48:48.000Z</time>
        <extensions>
          <ns3:TrackPointExtension>
            <ns3:hr>121</ns3:hr>
            <ns3:cad>88</ns3:cad>
          </ns3:TrackPointExtension>
        </extensions>
      </trkpt>
      <trkpt lat="40.14173970557749271392822265625" lon="94.65367295779287815093994140625">
        <ele>1141</ele>
        <time>2025-08-11T22:48:49.000Z</time>
        <extensions>
          <ns3:TrackPointExtension>
            <ns3:hr>121</ns3:hr>
            <ns3:cad>88</ns3:cad>
          </ns3:TrackPointExtension>
        </extensions>
      </trkpt>
      <trkpt lat="40.14176485128700733184814453125" lon="94.65366507880389690399169921875">
        <ele>1141</ele>
        <time>2025-08-11T22:48:50.000Z</time>
        <extensions>
          <ns3:TrackPointExtension>
            <ns3:hr>122</ns3:hr>
            <ns3:cad>88</ns3:cad>
          </ns3:TrackPointExtension>
        </extensions>
      </trkpt>
      <trkpt lat="40.141786225140094757080078125" lon="94.6536582894623279571533203125">
        <ele>1141</ele>
        <time>2025-08-11T22:48:51.000Z</time>
        <extensions>
          <ns3:TrackPointExtension>
            <ns3:hr>122</ns3:hr>
            <ns3:cad>88</ns3:cad>
          </ns3:TrackPointExtension>
        </extensions>
      </trkpt>
      <trkpt lat="40.141803659498691558837890625" lon="94.65364244766533374786376953125">
        <ele>1141.199951171875</ele>
        <time>2025-08-11T22:48:52.000Z</time>
        <extensions>
          <ns3:TrackPointExtension>
            <ns3:hr>123</ns3:hr>
            <ns3:cad>87</ns3:cad>
          </ns3:TrackPointExtension>
        </extensions>
      </trkpt>
      <trkpt lat="40.1418266259133815765380859375" lon="94.6536274440586566925048828125">
        <ele>1141.199951171875</ele>
        <time>2025-08-11T22:48:53.000Z</time>
        <extensions>
          <ns3:TrackPointExtension>
            <ns3:hr>123</ns3:hr>
            <ns3:cad>87</ns3:cad>
          </ns3:TrackPointExtension>
        </extensions>
      </trkpt>
      <trkpt lat="40.14184481464326381683349609375" lon="94.65360690839588642120361328125">
        <ele>1141.199951171875</ele>
        <time>2025-08-11T22:48:54.000Z</time>
        <extensions>
          <ns3:TrackPointExtension>
            <ns3:hr>124</ns3:hr>
            <ns3:cad>87</ns3:cad>
          </ns3:TrackPointExtension>
        </extensions>
      </trkpt>
      <trkpt lat="40.1418725587427616119384765625" lon="94.65359014458954334259033203125">
        <ele>1141.199951171875</ele>
        <time>2025-08-11T22:48:55.000Z</time>
        <extensions>
          <ns3:TrackPointExtension>
            <ns3:hr>125</ns3:hr>
            <ns3:cad>87</ns3:cad>
          </ns3:TrackPointExtension>
        </extensions>
      </trkpt>
      <trkpt lat="40.14189342968165874481201171875" lon="94.65357254259288311004638671875">
        <ele>1141</ele>
        <time>2025-08-11T22:48:56.000Z</time>
        <extensions>
          <ns3:TrackPointExtension>
            <ns3:hr>125</ns3:hr>
            <ns3:cad>87</ns3:cad>
          </ns3:TrackPointExtension>
        </extensions>
      </trkpt>
      <trkpt lat="40.14192578382790088653564453125" lon="94.65356114320456981658935546875">
        <ele>1141</ele>
        <time>2025-08-11T22:48:57.000Z</time>
        <extensions>
          <ns3:TrackPointExtension>
            <ns3:hr>125</ns3:hr>
            <ns3:cad>87</ns3:cad>
          </ns3:TrackPointExtension>
        </extensions>
      </trkpt>
      <trkpt lat="40.14194807969033718109130859375" lon="94.6535481512546539306640625">
        <ele>1140.800048828125</ele>
        <time>2025-08-11T22:48:58.000Z</time>
        <extensions>
          <ns3:TrackPointExtension>
            <ns3:hr>126</ns3:hr>
            <ns3:cad>87</ns3:cad>
          </ns3:TrackPointExtension>
        </extensions>
      </trkpt>
      <trkpt lat="40.141978003084659576416015625" lon="94.65354404412209987640380859375">
        <ele>1140.800048828125</ele>
        <time>2025-08-11T22:48:59.000Z</time>
        <extensions>
          <ns3:TrackPointExtension>
            <ns3:hr>126</ns3:hr>
            <ns3:cad>89</ns3:cad>
          </ns3:TrackPointExtension>
        </extensions>
      </trkpt>
      <trkpt lat="40.14200138859450817108154296875" lon="94.653532393276691436767578125">
        <ele>1140.800048828125</ele>
        <time>2025-08-11T22:49:00.000Z</time>
        <extensions>
          <ns3:TrackPointExtension>
            <ns3:hr>126</ns3:hr>
            <ns3:cad>89</ns3:cad>
          </ns3:TrackPointExtension>
        </extensions>
      </trkpt>
      <trkpt lat="40.1420324854552745819091796875" lon="94.6535268612205982208251953125">
        <ele>1140.800048828125</ele>
        <time>2025-08-11T22:49:01.000Z</time>
        <extensions>
          <ns3:TrackPointExtension>
            <ns3:hr>126</ns3:hr>
            <ns3:cad>87</ns3:cad>
          </ns3:TrackPointExtension>
        </extensions>
      </trkpt>
      <trkpt lat="40.142054446041584014892578125" lon="94.65352292172610759735107421875">
        <ele>1140.800048828125</ele>
        <time>2025-08-11T22:49:02.000Z</time>
        <extensions>
          <ns3:TrackPointExtension>
            <ns3:hr>126</ns3:hr>
            <ns3:cad>87</ns3:cad>
          </ns3:TrackPointExtension>
        </extensions>
      </trkpt>
      <trkpt lat="40.14208051376044750213623046875" lon="94.65352158062160015106201171875">
        <ele>1140.800048828125</ele>
        <time>2025-08-11T22:49:03.000Z</time>
        <extensions>
          <ns3:TrackPointExtension>
            <ns3:hr>126</ns3:hr>
            <ns3:cad>87</ns3:cad>
          </ns3:TrackPointExtension>
        </extensions>
      </trkpt>
      <trkpt lat="40.142106078565120697021484375" lon="94.65351956896483898162841796875">
        <ele>1140.800048828125</ele>
        <time>2025-08-11T22:49:04.000Z</time>
        <extensions>
          <ns3:TrackPointExtension>
            <ns3:hr>126</ns3:hr>
            <ns3:cad>87</ns3:cad>
          </ns3:TrackPointExtension>
        </extensions>
      </trkpt>
      <trkpt lat="40.14213315211236476898193359375" lon="94.65351286344230175018310546875">
        <ele>1140.800048828125</ele>
        <time>2025-08-11T22:49:05.000Z</time>
        <extensions>
          <ns3:TrackPointExtension>
            <ns3:hr>127</ns3:hr>
            <ns3:cad>87</ns3:cad>
          </ns3:TrackPointExtension>
        </extensions>
      </trkpt>
      <trkpt lat="40.14215947128832340240478515625" lon="94.6535104326903820037841796875">
        <ele>1141</ele>
        <time>2025-08-11T22:49:06.000Z</time>
        <extensions>
          <ns3:TrackPointExtension>
            <ns3:hr>127</ns3:hr>
            <ns3:cad>88</ns3:cad>
          </ns3:TrackPointExtension>
        </extensions>
      </trkpt>
      <trkpt lat="40.14218579046428203582763671875" lon="94.65350666083395481109619140625">
        <ele>1141</ele>
        <time>2025-08-11T22:49:07.000Z</time>
        <extensions>
          <ns3:TrackPointExtension>
            <ns3:hr>127</ns3:hr>
            <ns3:cad>88</ns3:cad>
          </ns3:TrackPointExtension>
        </extensions>
      </trkpt>
      <trkpt lat="40.1422125287353992462158203125" lon="94.6535057388246059417724609375">
        <ele>1141</ele>
        <time>2025-08-11T22:49:08.000Z</time>
        <extensions>
          <ns3:TrackPointExtension>
            <ns3:hr>126</ns3:hr>
            <ns3:cad>88</ns3:cad>
          </ns3:TrackPointExtension>
        </extensions>
      </trkpt>
      <trkpt lat="40.1422373391687870025634765625" lon="94.65349559672176837921142578125">
        <ele>1141</ele>
        <time>2025-08-11T22:49:09.000Z</time>
        <extensions>
          <ns3:TrackPointExtension>
            <ns3:hr>126</ns3:hr>
            <ns3:cad>88</ns3:cad>
          </ns3:TrackPointExtension>
        </extensions>
      </trkpt>
      <trkpt lat="40.1422624848783016204833984375" lon="94.6534945070743560791015625">
        <ele>1141</ele>
        <time>2025-08-11T22:49:10.000Z</time>
        <extensions>
          <ns3:TrackPointExtension>
            <ns3:hr>126</ns3:hr>
            <ns3:cad>88</ns3:cad>
          </ns3:TrackPointExtension>
        </extensions>
      </trkpt>
      <trkpt lat="40.1422836072742938995361328125" lon="94.653487466275691986083984375">
        <ele>1140.800048828125</ele>
        <time>2025-08-11T22:49:11.000Z</time>
        <extensions>
          <ns3:TrackPointExtension>
            <ns3:hr>126</ns3:hr>
            <ns3:cad>88</ns3:cad>
          </ns3:TrackPointExtension>
        </extensions>
      </trkpt>
      <trkpt lat="40.1423121057450771331787109375" lon="94.65348620899021625518798828125">
        <ele>1140.800048828125</ele>
        <time>2025-08-11T22:49:12.000Z</time>
        <extensions>
          <ns3:TrackPointExtension>
            <ns3:hr>126</ns3:hr>
            <ns3:cad>88</ns3:cad>
          </ns3:TrackPointExtension>
        </extensions>
      </trkpt>
      <trkpt lat="40.1423312164843082427978515625" lon="94.6534792520105838775634765625">
        <ele>1141</ele>
        <time>2025-08-11T22:49:13.000Z</time>
        <extensions>
          <ns3:TrackPointExtension>
            <ns3:hr>125</ns3:hr>
            <ns3:cad>88</ns3:cad>
          </ns3:TrackPointExtension>
        </extensions>
      </trkpt>
      <trkpt lat="40.14236466027796268463134765625" lon="94.653478078544139862060546875">
        <ele>1141</ele>
        <time>2025-08-11T22:49:14.000Z</time>
        <extensions>
          <ns3:TrackPointExtension>
            <ns3:hr>125</ns3:hr>
            <ns3:cad>87</ns3:cad>
          </ns3:TrackPointExtension>
        </extensions>
      </trkpt>
      <trkpt lat="40.1423868723213672637939453125" lon="94.6534824371337890625">
        <ele>1141</ele>
        <time>2025-08-11T22:49:15.000Z</time>
        <extensions>
          <ns3:TrackPointExtension>
            <ns3:hr>125</ns3:hr>
            <ns3:cad>87</ns3:cad>
          </ns3:TrackPointExtension>
        </extensions>
      </trkpt>
      <trkpt lat="40.14241780154407024383544921875" lon="94.65348671190440654754638671875">
        <ele>1141</ele>
        <time>2025-08-11T22:49:16.000Z</time>
        <extensions>
          <ns3:TrackPointExtension>
            <ns3:hr>125</ns3:hr>
            <ns3:cad>87</ns3:cad>
          </ns3:TrackPointExtension>
        </extensions>
      </trkpt>
      <trkpt lat="40.14243900775909423828125" lon="94.65349693782627582550048828125">
        <ele>1141</ele>
        <time>2025-08-11T22:49:17.000Z</time>
        <extensions>
          <ns3:TrackPointExtension>
            <ns3:hr>126</ns3:hr>
            <ns3:cad>87</ns3:cad>
          </ns3:TrackPointExtension>
        </extensions>
      </trkpt>
      <trkpt lat="40.14246524311602115631103515625" lon="94.653498865664005279541015625">
        <ele>1141</ele>
        <time>2025-08-11T22:49:18.000Z</time>
        <extensions>
          <ns3:TrackPointExtension>
            <ns3:hr>127</ns3:hr>
            <ns3:cad>88</ns3:cad>
          </ns3:TrackPointExtension>
        </extensions>
      </trkpt>
      <trkpt lat="40.14249038882553577423095703125" lon="94.65350079350173473358154296875">
        <ele>1141</ele>
        <time>2025-08-11T22:49:19.000Z</time>
        <extensions>
          <ns3:TrackPointExtension>
            <ns3:hr>128</ns3:hr>
            <ns3:cad>87</ns3:cad>
          </ns3:TrackPointExtension>
        </extensions>
      </trkpt>
      <trkpt lat="40.14251352287828922271728515625" lon="94.65349894948303699493408203125">
        <ele>1141</ele>
        <time>2025-08-11T22:49:20.000Z</time>
        <extensions>
          <ns3:TrackPointExtension>
            <ns3:hr>128</ns3:hr>
            <ns3:cad>87</ns3:cad>
          </ns3:TrackPointExtension>
        </extensions>
      </trkpt>
      <trkpt lat="40.14254101552069187164306640625" lon="94.65349693782627582550048828125">
        <ele>1141</ele>
        <time>2025-08-11T22:49:21.000Z</time>
        <extensions>
          <ns3:TrackPointExtension>
            <ns3:hr>129</ns3:hr>
            <ns3:cad>87</ns3:cad>
          </ns3:TrackPointExtension>
        </extensions>
      </trkpt>
      <trkpt lat="40.14256431721150875091552734375" lon="94.65349341742694377899169921875">
        <ele>1141</ele>
        <time>2025-08-11T22:49:22.000Z</time>
        <extensions>
          <ns3:TrackPointExtension>
            <ns3:hr>129</ns3:hr>
            <ns3:cad>88</ns3:cad>
          </ns3:TrackPointExtension>
        </extensions>
      </trkpt>
      <trkpt lat="40.14259315095841884613037109375" lon="94.65349358506500720977783203125">
        <ele>1141</ele>
        <time>2025-08-11T22:49:23.000Z</time>
        <extensions>
          <ns3:TrackPointExtension>
            <ns3:hr>128</ns3:hr>
            <ns3:cad>88</ns3:cad>
          </ns3:TrackPointExtension>
        </extensions>
      </trkpt>
      <trkpt lat="40.1426182128489017486572265625" lon="94.653490819036960601806640625">
        <ele>1140.800048828125</ele>
        <time>2025-08-11T22:49:24.000Z</time>
        <extensions>
          <ns3:TrackPointExtension>
            <ns3:hr>128</ns3:hr>
            <ns3:cad>88</ns3:cad>
          </ns3:TrackPointExtension>
        </extensions>
      </trkpt>
      <trkpt lat="40.142645537853240966796875" lon="94.65349459089338779449462890625">
        <ele>1140.800048828125</ele>
        <time>2025-08-11T22:49:25.000Z</time>
        <extensions>
          <ns3:TrackPointExtension>
            <ns3:hr>128</ns3:hr>
            <ns3:cad>88</ns3:cad>
          </ns3:TrackPointExtension>
        </extensions>
      </trkpt>
      <trkpt lat="40.142665989696979522705078125" lon="94.6534889750182628631591796875">
        <ele>1141</ele>
        <time>2025-08-11T22:49:26.000Z</time>
        <extensions>
          <ns3:TrackPointExtension>
            <ns3:hr>128</ns3:hr>
            <ns3:cad>88</ns3:cad>
          </ns3:TrackPointExtension>
        </extensions>
      </trkpt>
      <trkpt lat="40.14269138686358928680419921875" lon="94.6534866280853748321533203125">
        <ele>1141</ele>
        <time>2025-08-11T22:49:27.000Z</time>
        <extensions>
          <ns3:TrackPointExtension>
            <ns3:hr>128</ns3:hr>
            <ns3:cad>88</ns3:cad>
          </ns3:TrackPointExtension>
        </extensions>
      </trkpt>
      <trkpt lat="40.14272055588662624359130859375" lon="94.6534836106002330780029296875">
        <ele>1141</ele>
        <time>2025-08-11T22:49:28.000Z</time>
        <extensions>
          <ns3:TrackPointExtension>
            <ns3:hr>128</ns3:hr>
            <ns3:cad>88</ns3:cad>
          </ns3:TrackPointExtension>
        </extensions>
      </trkpt>
      <trkpt lat="40.14275215566158294677734375" lon="94.65348252095282077789306640625">
        <ele>1141</ele>
        <time>2025-08-11T22:49:29.000Z</time>
        <extensions>
          <ns3:TrackPointExtension>
            <ns3:hr>128</ns3:hr>
            <ns3:cad>88</ns3:cad>
          </ns3:TrackPointExtension>
        </extensions>
      </trkpt>
      <trkpt lat="40.1427778042852878570556640625" lon="94.6534779109060764312744140625">
        <ele>1141</ele>
        <time>2025-08-11T22:49:30.000Z</time>
        <extensions>
          <ns3:TrackPointExtension>
            <ns3:hr>128</ns3:hr>
            <ns3:cad>87</ns3:cad>
          </ns3:TrackPointExtension>
        </extensions>
      </trkpt>
      <trkpt lat="40.14280621893703937530517578125" lon="94.653472714126110076904296875">
        <ele>1141</ele>
        <time>2025-08-11T22:49:31.000Z</time>
        <extensions>
          <ns3:TrackPointExtension>
            <ns3:hr>128</ns3:hr>
            <ns3:cad>87</ns3:cad>
          </ns3:TrackPointExtension>
        </extensions>
      </trkpt>
      <trkpt lat="40.14283354394137859344482421875" lon="94.6534688584506511688232421875">
        <ele>1141</ele>
        <time>2025-08-11T22:49:32.000Z</time>
        <extensions>
          <ns3:TrackPointExtension>
            <ns3:hr>128</ns3:hr>
            <ns3:cad>87</ns3:cad>
          </ns3:TrackPointExtension>
        </extensions>
      </trkpt>
      <trkpt lat="40.1428616233170032501220703125" lon="94.65346299111843109130859375">
        <ele>1141</ele>
        <time>2025-08-11T22:49:33.000Z</time>
        <extensions>
          <ns3:TrackPointExtension>
            <ns3:hr>128</ns3:hr>
            <ns3:cad>87</ns3:cad>
          </ns3:TrackPointExtension>
        </extensions>
      </trkpt>
      <trkpt lat="40.142893306910991668701171875" lon="94.653466679155826568603515625">
        <ele>1141</ele>
        <time>2025-08-11T22:49:34.000Z</time>
        <extensions>
          <ns3:TrackPointExtension>
            <ns3:hr>128</ns3:hr>
            <ns3:cad>88</ns3:cad>
          </ns3:TrackPointExtension>
        </extensions>
      </trkpt>
      <trkpt lat="40.14292004518210887908935546875" lon="94.65346139855682849884033203125">
        <ele>1141</ele>
        <time>2025-08-11T22:49:35.000Z</time>
        <extensions>
          <ns3:TrackPointExtension>
            <ns3:hr>128</ns3:hr>
            <ns3:cad>88</ns3:cad>
          </ns3:TrackPointExtension>
        </extensions>
      </trkpt>
      <trkpt lat="40.14295390807092189788818359375" lon="94.65345804579555988311767578125">
        <ele>1141</ele>
        <time>2025-08-11T22:49:36.000Z</time>
        <extensions>
          <ns3:TrackPointExtension>
            <ns3:hr>128</ns3:hr>
            <ns3:cad>88</ns3:cad>
          </ns3:TrackPointExtension>
        </extensions>
      </trkpt>
      <trkpt lat="40.142981149256229400634765625" lon="94.65345226228237152099609375">
        <ele>1141</ele>
        <time>2025-08-11T22:49:37.000Z</time>
        <extensions>
          <ns3:TrackPointExtension>
            <ns3:hr>128</ns3:hr>
            <ns3:cad>88</ns3:cad>
          </ns3:TrackPointExtension>
        </extensions>
      </trkpt>
      <trkpt lat="40.1430104859173297882080078125" lon="94.65345226228237152099609375">
        <ele>1141</ele>
        <time>2025-08-11T22:49:38.000Z</time>
        <extensions>
          <ns3:TrackPointExtension>
            <ns3:hr>129</ns3:hr>
            <ns3:cad>88</ns3:cad>
          </ns3:TrackPointExtension>
        </extensions>
      </trkpt>
      <trkpt lat="40.14303538016974925994873046875" lon="94.653447568416595458984375">
        <ele>1141</ele>
        <time>2025-08-11T22:49:39.000Z</time>
        <extensions>
          <ns3:TrackPointExtension>
            <ns3:hr>129</ns3:hr>
            <ns3:cad>88</ns3:cad>
          </ns3:TrackPointExtension>
        </extensions>
      </trkpt>
      <trkpt lat="40.14306622557342052459716796875" lon="94.65344488620758056640625">
        <ele>1141</ele>
        <time>2025-08-11T22:49:40.000Z</time>
        <extensions>
          <ns3:TrackPointExtension>
            <ns3:hr>129</ns3:hr>
            <ns3:cad>88</ns3:cad>
          </ns3:TrackPointExtension>
        </extensions>
      </trkpt>
      <trkpt lat="40.143085755407810211181640625" lon="94.6534328162670135498046875">
        <ele>1141</ele>
        <time>2025-08-11T22:49:41.000Z</time>
        <extensions>
          <ns3:TrackPointExtension>
            <ns3:hr>129</ns3:hr>
            <ns3:cad>88</ns3:cad>
          </ns3:TrackPointExtension>
        </extensions>
      </trkpt>
      <trkpt lat="40.14311559498310089111328125" lon="94.6534272842109203338623046875">
        <ele>1141</ele>
        <time>2025-08-11T22:49:42.000Z</time>
        <extensions>
          <ns3:TrackPointExtension>
            <ns3:hr>129</ns3:hr>
            <ns3:cad>88</ns3:cad>
          </ns3:TrackPointExtension>
        </extensions>
      </trkpt>
      <trkpt lat="40.14314082451164722442626953125" lon="94.653421081602573394775390625">
        <ele>1141</ele>
        <time>2025-08-11T22:49:43.000Z</time>
        <extensions>
          <ns3:TrackPointExtension>
            <ns3:hr>128</ns3:hr>
            <ns3:cad>88</ns3:cad>
          </ns3:TrackPointExtension>
        </extensions>
      </trkpt>
      <trkpt lat="40.14316965825855731964111328125" lon="94.6534175612032413482666015625">
        <ele>1141</ele>
        <time>2025-08-11T22:49:44.000Z</time>
        <extensions>
          <ns3:TrackPointExtension>
            <ns3:hr>129</ns3:hr>
            <ns3:cad>88</ns3:cad>
          </ns3:TrackPointExtension>
        </extensions>
      </trkpt>
      <trkpt lat="40.14319228939712047576904296875" lon="94.6534085087478160858154296875">
        <ele>1141</ele>
        <time>2025-08-11T22:49:45.000Z</time>
        <extensions>
          <ns3:TrackPointExtension>
            <ns3:hr>130</ns3:hr>
            <ns3:cad>88</ns3:cad>
          </ns3:TrackPointExtension>
        </extensions>
      </trkpt>
      <trkpt lat="40.1432181894779205322265625" lon="94.6533853746950626373291015625">
        <ele>1141</ele>
        <time>2025-08-11T22:49:46.000Z</time>
        <extensions>
          <ns3:TrackPointExtension>
            <ns3:hr>130</ns3:hr>
            <ns3:cad>88</ns3:cad>
          </ns3:TrackPointExtension>
        </extensions>
      </trkpt>
      <trkpt lat="40.14323168434202671051025390625" lon="94.6533676050603389739990234375">
        <ele>1141</ele>
        <time>2025-08-11T22:49:47.000Z</time>
        <extensions>
          <ns3:TrackPointExtension>
            <ns3:hr>130</ns3:hr>
            <ns3:cad>88</ns3:cad>
          </ns3:TrackPointExtension>
        </extensions>
      </trkpt>
      <trkpt lat="40.143244005739688873291015625" lon="94.65334505774080753326416015625">
        <ele>1141</ele>
        <time>2025-08-11T22:49:48.000Z</time>
        <extensions>
          <ns3:TrackPointExtension>
            <ns3:hr>131</ns3:hr>
            <ns3:cad>88</ns3:cad>
          </ns3:TrackPointExtension>
        </extensions>
      </trkpt>
      <trkpt lat="40.14326219446957111358642578125" lon="94.65332360006868839263916015625">
        <ele>1141.199951171875</ele>
        <time>2025-08-11T22:49:49.000Z</time>
        <extensions>
          <ns3:TrackPointExtension>
            <ns3:hr>131</ns3:hr>
            <ns3:cad>88</ns3:cad>
          </ns3:TrackPointExtension>
        </extensions>
      </trkpt>
      <trkpt lat="40.14328331686556339263916015625" lon="94.65330281294882297515869140625">
        <ele>1141.199951171875</ele>
        <time>2025-08-11T22:49:50.000Z</time>
        <extensions>
          <ns3:TrackPointExtension>
            <ns3:hr>131</ns3:hr>
            <ns3:cad>88</ns3:cad>
          </ns3:TrackPointExtension>
        </extensions>
      </trkpt>
      <trkpt lat="40.14330578036606311798095703125" lon="94.65329267084598541259765625">
        <ele>1141.199951171875</ele>
        <time>2025-08-11T22:49:51.000Z</time>
        <extensions>
          <ns3:TrackPointExtension>
            <ns3:hr>131</ns3:hr>
            <ns3:cad>88</ns3:cad>
          </ns3:TrackPointExtension>
        </extensions>
      </trkpt>
      <trkpt lat="40.14332841150462627410888671875" lon="94.65327481739223003387451171875">
        <ele>1141.199951171875</ele>
        <time>2025-08-11T22:49:52.000Z</time>
        <extensions>
          <ns3:TrackPointExtension>
            <ns3:hr>131</ns3:hr>
            <ns3:cad>88</ns3:cad>
          </ns3:TrackPointExtension>
        </extensions>
      </trkpt>
      <trkpt lat="40.1433598436415195465087890625" lon="94.65327079407870769500732421875">
        <ele>1141.199951171875</ele>
        <time>2025-08-11T22:49:53.000Z</time>
        <extensions>
          <ns3:TrackPointExtension>
            <ns3:hr>131</ns3:hr>
            <ns3:cad>88</ns3:cad>
          </ns3:TrackPointExtension>
        </extensions>
      </trkpt>
      <trkpt lat="40.1433802954852581024169921875" lon="94.65325470082461833953857421875">
        <ele>1141.4000244140625</ele>
        <time>2025-08-11T22:49:54.000Z</time>
        <extensions>
          <ns3:TrackPointExtension>
            <ns3:hr>132</ns3:hr>
            <ns3:cad>87</ns3:cad>
          </ns3:TrackPointExtension>
        </extensions>
      </trkpt>
      <trkpt lat="40.14340971596539020538330078125" lon="94.6532499231398105621337890625">
        <ele>1141.199951171875</ele>
        <time>2025-08-11T22:49:55.000Z</time>
        <extensions>
          <ns3:TrackPointExtension>
            <ns3:hr>131</ns3:hr>
            <ns3:cad>87</ns3:cad>
          </ns3:TrackPointExtension>
        </extensions>
      </trkpt>
      <trkpt lat="40.14342949725687503814697265625" lon="94.6532445587217807769775390625">
        <ele>1141.199951171875</ele>
        <time>2025-08-11T22:49:56.000Z</time>
        <extensions>
          <ns3:TrackPointExtension>
            <ns3:hr>131</ns3:hr>
            <ns3:cad>87</ns3:cad>
          </ns3:TrackPointExtension>
        </extensions>
      </trkpt>
      <trkpt lat="40.1434637792408466339111328125" lon="94.653239361941814422607421875">
        <ele>1141.199951171875</ele>
        <time>2025-08-11T22:49:57.000Z</time>
        <extensions>
          <ns3:TrackPointExtension>
            <ns3:hr>131</ns3:hr>
            <ns3:cad>87</ns3:cad>
          </ns3:TrackPointExtension>
        </extensions>
      </trkpt>
      <trkpt lat="40.143487751483917236328125" lon="94.65324447490274906158447265625">
        <ele>1141.199951171875</ele>
        <time>2025-08-11T22:49:58.000Z</time>
        <extensions>
          <ns3:TrackPointExtension>
            <ns3:hr>131</ns3:hr>
            <ns3:cad>87</ns3:cad>
          </ns3:TrackPointExtension>
        </extensions>
      </trkpt>
      <trkpt lat="40.14351331628859043121337890625" lon="94.65323827229440212249755859375">
        <ele>1141</ele>
        <time>2025-08-11T22:49:59.000Z</time>
        <extensions>
          <ns3:TrackPointExtension>
            <ns3:hr>132</ns3:hr>
            <ns3:cad>87</ns3:cad>
          </ns3:TrackPointExtension>
        </extensions>
      </trkpt>
      <trkpt lat="40.1435375399887561798095703125" lon="94.6532423794269561767578125">
        <ele>1141</ele>
        <time>2025-08-11T22:50:00.000Z</time>
        <extensions>
          <ns3:TrackPointExtension>
            <ns3:hr>131</ns3:hr>
            <ns3:cad>87</ns3:cad>
          </ns3:TrackPointExtension>
        </extensions>
      </trkpt>
      <trkpt lat="40.14355924911797046661376953125" lon="94.6532355062663555145263671875">
        <ele>1141</ele>
        <time>2025-08-11T22:50:01.000Z</time>
        <extensions>
          <ns3:TrackPointExtension>
            <ns3:hr>131</ns3:hr>
            <ns3:cad>87</ns3:cad>
          </ns3:TrackPointExtension>
        </extensions>
      </trkpt>
      <trkpt lat="40.14358489774167537689208984375" lon="94.65324346907436847686767578125">
        <ele>1141</ele>
        <time>2025-08-11T22:50:02.000Z</time>
        <extensions>
          <ns3:TrackPointExtension>
            <ns3:hr>132</ns3:hr>
            <ns3:cad>87</ns3:cad>
          </ns3:TrackPointExtension>
        </extensions>
      </trkpt>
      <trkpt lat="40.143610127270221710205078125" lon="94.653244726359844207763671875">
        <ele>1141</ele>
        <time>2025-08-11T22:50:03.000Z</time>
        <extensions>
          <ns3:TrackPointExtension>
            <ns3:hr>132</ns3:hr>
            <ns3:cad>87</ns3:cad>
          </ns3:TrackPointExtension>
        </extensions>
      </trkpt>
      <trkpt lat="40.14363887719810009002685546875" lon="94.65325671248137950897216796875">
        <ele>1141</ele>
        <time>2025-08-11T22:50:04.000Z</time>
        <extensions>
          <ns3:TrackPointExtension>
            <ns3:hr>132</ns3:hr>
            <ns3:cad>87</ns3:cad>
          </ns3:TrackPointExtension>
        </extensions>
      </trkpt>
      <trkpt lat="40.14366368763148784637451171875" lon="94.65325956232845783233642578125">
        <ele>1141</ele>
        <time>2025-08-11T22:50:05.000Z</time>
        <extensions>
          <ns3:TrackPointExtension>
            <ns3:hr>132</ns3:hr>
            <ns3:cad>87</ns3:cad>
          </ns3:TrackPointExtension>
        </extensions>
      </trkpt>
      <trkpt lat="40.14369495213031768798828125" lon="94.65327800251543521881103515625">
        <ele>1141</ele>
        <time>2025-08-11T22:50:06.000Z</time>
        <extensions>
          <ns3:TrackPointExtension>
            <ns3:hr>132</ns3:hr>
            <ns3:cad>87</ns3:cad>
          </ns3:TrackPointExtension>
        </extensions>
      </trkpt>
      <trkpt lat="40.143721438944339752197265625" lon="94.6532879769802093505859375">
        <ele>1141</ele>
        <time>2025-08-11T22:50:07.000Z</time>
        <extensions>
          <ns3:TrackPointExtension>
            <ns3:hr>132</ns3:hr>
            <ns3:cad>87</ns3:cad>
          </ns3:TrackPointExtension>
        </extensions>
      </trkpt>
      <trkpt lat="40.1437494345009326934814453125" lon="94.6532971970736980438232421875">
        <ele>1141.199951171875</ele>
        <time>2025-08-11T22:50:08.000Z</time>
        <extensions>
          <ns3:TrackPointExtension>
            <ns3:hr>132</ns3:hr>
            <ns3:cad>88</ns3:cad>
          </ns3:TrackPointExtension>
        </extensions>
      </trkpt>
      <trkpt lat="40.143775083124637603759765625" lon="94.653301723301410675048828125">
        <ele>1141.4000244140625</ele>
        <time>2025-08-11T22:50:09.000Z</time>
        <extensions>
          <ns3:TrackPointExtension>
            <ns3:hr>132</ns3:hr>
            <ns3:cad>88</ns3:cad>
          </ns3:TrackPointExtension>
        </extensions>
      </trkpt>
      <trkpt lat="40.1438002288341522216796875" lon="94.65330834500491619110107421875">
        <ele>1141.4000244140625</ele>
        <time>2025-08-11T22:50:10.000Z</time>
        <extensions>
          <ns3:TrackPointExtension>
            <ns3:hr>132</ns3:hr>
            <ns3:cad>87</ns3:cad>
          </ns3:TrackPointExtension>
        </extensions>
      </trkpt>
      <trkpt lat="40.14382076449692249298095703125" lon="94.6533179841935634613037109375">
        <ele>1141.4000244140625</ele>
        <time>2025-08-11T22:50:11.000Z</time>
        <extensions>
          <ns3:TrackPointExtension>
            <ns3:hr>133</ns3:hr>
            <ns3:cad>87</ns3:cad>
          </ns3:TrackPointExtension>
        </extensions>
      </trkpt>
      <trkpt lat="40.1438458263874053955078125" lon="94.65332376770675182342529296875">
        <ele>1141.4000244140625</ele>
        <time>2025-08-11T22:50:12.000Z</time>
        <extensions>
          <ns3:TrackPointExtension>
            <ns3:hr>132</ns3:hr>
            <ns3:cad>88</ns3:cad>
          </ns3:TrackPointExtension>
        </extensions>
      </trkpt>
      <trkpt lat="40.1438691280782222747802734375" lon="94.65333851985633373260498046875">
        <ele>1141.199951171875</ele>
        <time>2025-08-11T22:50:13.000Z</time>
        <extensions>
          <ns3:TrackPointExtension>
            <ns3:hr>133</ns3:hr>
            <ns3:cad>88</ns3:cad>
          </ns3:TrackPointExtension>
        </extensions>
      </trkpt>
      <trkpt lat="40.14389418996870517730712890625" lon="94.6533474884927272796630859375">
        <ele>1141</ele>
        <time>2025-08-11T22:50:14.000Z</time>
        <extensions>
          <ns3:TrackPointExtension>
            <ns3:hr>133</ns3:hr>
            <ns3:cad>88</ns3:cad>
          </ns3:TrackPointExtension>
        </extensions>
      </trkpt>
      <trkpt lat="40.14392428100109100341796875" lon="94.6533652581274509429931640625">
        <ele>1141</ele>
        <time>2025-08-11T22:50:15.000Z</time>
        <extensions>
          <ns3:TrackPointExtension>
            <ns3:hr>133</ns3:hr>
            <ns3:cad>87</ns3:cad>
          </ns3:TrackPointExtension>
        </extensions>
      </trkpt>
      <trkpt lat="40.14395110309123992919921875" lon="94.6533813513815402984619140625">
        <ele>1141</ele>
        <time>2025-08-11T22:50:16.000Z</time>
        <extensions>
          <ns3:TrackPointExtension>
            <ns3:hr>133</ns3:hr>
            <ns3:cad>87</ns3:cad>
          </ns3:TrackPointExtension>
        </extensions>
      </trkpt>
      <trkpt lat="40.14396711252629756927490234375" lon="94.65341479517519474029541015625">
        <ele>1141</ele>
        <time>2025-08-11T22:50:17.000Z</time>
        <extensions>
          <ns3:TrackPointExtension>
            <ns3:hr>133</ns3:hr>
            <ns3:cad>87</ns3:cad>
          </ns3:TrackPointExtension>
        </extensions>
      </trkpt>
      <trkpt lat="40.143969543278217315673828125" lon="94.6534323133528232574462890625">
        <ele>1141</ele>
        <time>2025-08-11T22:50:18.000Z</time>
        <extensions>
          <ns3:TrackPointExtension>
            <ns3:hr>133</ns3:hr>
            <ns3:cad>88</ns3:cad>
          </ns3:TrackPointExtension>
        </extensions>
      </trkpt>
      <trkpt lat="40.1439640112221240997314453125" lon="94.65343751013278961181640625">
        <ele>1141</ele>
        <time>2025-08-11T22:50:19.000Z</time>
        <extensions>
          <ns3:TrackPointExtension>
            <ns3:hr>133</ns3:hr>
            <ns3:cad>88</ns3:cad>
          </ns3:TrackPointExtension>
        </extensions>
      </trkpt>
      <trkpt lat="40.14395738951861858367919921875" lon="94.65345435775816440582275390625">
        <ele>1141.199951171875</ele>
        <time>2025-08-11T22:50:20.000Z</time>
        <extensions>
          <ns3:TrackPointExtension>
            <ns3:hr>134</ns3:hr>
            <ns3:cad>86</ns3:cad>
          </ns3:TrackPointExtension>
        </extensions>
      </trkpt>
      <trkpt lat="40.14395604841411113739013671875" lon="94.65346030890941619873046875">
        <ele>1141.199951171875</ele>
        <time>2025-08-11T22:50:21.000Z</time>
        <extensions>
          <ns3:TrackPointExtension>
            <ns3:hr>134</ns3:hr>
            <ns3:cad>84</ns3:cad>
          </ns3:TrackPointExtension>
        </extensions>
      </trkpt>
      <trkpt lat="40.14396250247955322265625" lon="94.6534658409655094146728515625">
        <ele>1141.199951171875</ele>
        <time>2025-08-11T22:50:22.000Z</time>
        <extensions>
          <ns3:TrackPointExtension>
            <ns3:hr>134</ns3:hr>
            <ns3:cad>83</ns3:cad>
          </ns3:TrackPointExtension>
        </extensions>
      </trkpt>
      <trkpt lat="40.143972225487232208251953125" lon="94.65347916819155216217041015625">
        <ele>1141.199951171875</ele>
        <time>2025-08-11T22:50:23.000Z</time>
        <extensions>
          <ns3:TrackPointExtension>
            <ns3:hr>134</ns3:hr>
            <ns3:cad>81</ns3:cad>
          </ns3:TrackPointExtension>
        </extensions>
      </trkpt>
      <trkpt lat="40.14397650025784969329833984375" lon="94.65349710546433925628662109375">
        <ele>1141</ele>
        <time>2025-08-11T22:50:24.000Z</time>
        <extensions>
          <ns3:TrackPointExtension>
            <ns3:hr>134</ns3:hr>
            <ns3:cad>80</ns3:cad>
          </ns3:TrackPointExtension>
        </extensions>
      </trkpt>
      <trkpt lat="40.14397800900042057037353515625" lon="94.65351688675582408905029296875">
        <ele>1141</ele>
        <time>2025-08-11T22:50:25.000Z</time>
        <extensions>
          <ns3:TrackPointExtension>
            <ns3:hr>134</ns3:hr>
            <ns3:cad>80</ns3:cad>
          </ns3:TrackPointExtension>
        </extensions>
      </trkpt>
      <trkpt lat="40.14397700317203998565673828125" lon="94.6535322256386280059814453125">
        <ele>1141</ele>
        <time>2025-08-11T22:50:26.000Z</time>
        <extensions>
          <ns3:TrackPointExtension>
            <ns3:hr>134</ns3:hr>
            <ns3:cad>80</ns3:cad>
          </ns3:TrackPointExtension>
        </extensions>
      </trkpt>
      <trkpt lat="40.14397582970559597015380859375" lon="94.653552509844303131103515625">
        <ele>1141</ele>
        <time>2025-08-11T22:50:27.000Z</time>
        <extensions>
          <ns3:TrackPointExtension>
            <ns3:hr>134</ns3:hr>
            <ns3:cad>82</ns3:cad>
          </ns3:TrackPointExtension>
        </extensions>
      </trkpt>
      <trkpt lat="40.14397121965885162353515625" lon="94.6535784937441349029541015625">
        <ele>1141</ele>
        <time>2025-08-11T22:50:28.000Z</time>
        <extensions>
          <ns3:TrackPointExtension>
            <ns3:hr>134</ns3:hr>
            <ns3:cad>84</ns3:cad>
          </ns3:TrackPointExtension>
        </extensions>
      </trkpt>
      <trkpt lat="40.143977589905261993408203125" lon="94.6535902284085750579833984375">
        <ele>1141</ele>
        <time>2025-08-11T22:50:29.000Z</time>
        <extensions>
          <ns3:TrackPointExtension>
            <ns3:hr>134</ns3:hr>
            <ns3:cad>84</ns3:cad>
          </ns3:TrackPointExtension>
        </extensions>
      </trkpt>
      <trkpt lat="40.1439898274838924407958984375" lon="94.65361344628036022186279296875">
        <ele>1141</ele>
        <time>2025-08-11T22:50:30.000Z</time>
        <extensions>
          <ns3:TrackPointExtension>
            <ns3:hr>134</ns3:hr>
            <ns3:cad>85</ns3:cad>
          </ns3:TrackPointExtension>
        </extensions>
      </trkpt>
      <trkpt lat="40.1439968682825565338134765625" lon="94.653624929487705230712890625">
        <ele>1141</ele>
        <time>2025-08-11T22:50:31.000Z</time>
        <extensions>
          <ns3:TrackPointExtension>
            <ns3:hr>134</ns3:hr>
            <ns3:cad>86</ns3:cad>
          </ns3:TrackPointExtension>
        </extensions>
      </trkpt>
      <trkpt lat="40.1440210081636905670166015625" lon="94.6536447107791900634765625">
        <ele>1141</ele>
        <time>2025-08-11T22:50:32.000Z</time>
        <extensions>
          <ns3:TrackPointExtension>
            <ns3:hr>134</ns3:hr>
            <ns3:cad>86</ns3:cad>
          </ns3:TrackPointExtension>
        </extensions>
      </trkpt>
      <trkpt lat="40.14404229819774627685546875" lon="94.65365569107234477996826171875">
        <ele>1141</ele>
        <time>2025-08-11T22:50:33.000Z</time>
        <extensions>
          <ns3:TrackPointExtension>
            <ns3:hr>133</ns3:hr>
            <ns3:cad>86</ns3:cad>
          </ns3:TrackPointExtension>
        </extensions>
      </trkpt>
      <trkpt lat="40.1440706290304660797119140625" lon="94.65366189368069171905517578125">
        <ele>1141</ele>
        <time>2025-08-11T22:50:34.000Z</time>
        <extensions>
          <ns3:TrackPointExtension>
            <ns3:hr>133</ns3:hr>
            <ns3:cad>86</ns3:cad>
          </ns3:TrackPointExtension>
        </extensions>
      </trkpt>
      <trkpt lat="40.14409594237804412841796875" lon="94.65366742573678493499755859375">
        <ele>1141</ele>
        <time>2025-08-11T22:50:35.000Z</time>
        <extensions>
          <ns3:TrackPointExtension>
            <ns3:hr>133</ns3:hr>
            <ns3:cad>86</ns3:cad>
          </ns3:TrackPointExtension>
        </extensions>
      </trkpt>
      <trkpt lat="40.14412033371627330780029296875" lon="94.6536720357835292816162109375">
        <ele>1141</ele>
        <time>2025-08-11T22:50:36.000Z</time>
        <extensions>
          <ns3:TrackPointExtension>
            <ns3:hr>133</ns3:hr>
            <ns3:cad>86</ns3:cad>
          </ns3:TrackPointExtension>
        </extensions>
      </trkpt>
      <trkpt lat="40.1441370137035846710205078125" lon="94.653691314160823822021484375">
        <ele>1141</ele>
        <time>2025-08-11T22:50:37.000Z</time>
        <extensions>
          <ns3:TrackPointExtension>
            <ns3:hr>133</ns3:hr>
            <ns3:cad>87</ns3:cad>
          </ns3:TrackPointExtension>
        </extensions>
      </trkpt>
      <trkpt lat="40.1441507600247859954833984375" lon="94.65370732359588146209716796875">
        <ele>1140.800048828125</ele>
        <time>2025-08-11T22:50:38.000Z</time>
        <extensions>
          <ns3:TrackPointExtension>
            <ns3:hr>132</ns3:hr>
            <ns3:cad>87</ns3:cad>
          </ns3:TrackPointExtension>
        </extensions>
      </trkpt>
      <trkpt lat="40.14417163096368312835693359375" lon="94.6537226624786853790283203125">
        <ele>1140.800048828125</ele>
        <time>2025-08-11T22:50:39.000Z</time>
        <extensions>
          <ns3:TrackPointExtension>
            <ns3:hr>133</ns3:hr>
            <ns3:cad>87</ns3:cad>
          </ns3:TrackPointExtension>
        </extensions>
      </trkpt>
      <trkpt lat="40.14419241808354854583740234375" lon="94.6537367440760135650634765625">
        <ele>1140.800048828125</ele>
        <time>2025-08-11T22:50:40.000Z</time>
        <extensions>
          <ns3:TrackPointExtension>
            <ns3:hr>133</ns3:hr>
            <ns3:cad>86</ns3:cad>
          </ns3:TrackPointExtension>
        </extensions>
      </trkpt>
      <trkpt lat="40.14420599676668643951416015625" lon="94.6537498198449611663818359375">
        <ele>1140.5999755859375</ele>
        <time>2025-08-11T22:50:41.000Z</time>
        <extensions>
          <ns3:TrackPointExtension>
            <ns3:hr>132</ns3:hr>
            <ns3:cad>85</ns3:cad>
          </ns3:TrackPointExtension>
        </extensions>
      </trkpt>
      <trkpt lat="40.14422561042010784149169921875" lon="94.653742276132106781005859375">
        <ele>1140.5999755859375</ele>
        <time>2025-08-11T22:50:42.000Z</time>
        <extensions>
          <ns3:TrackPointExtension>
            <ns3:hr>133</ns3:hr>
            <ns3:cad>83</ns3:cad>
          </ns3:TrackPointExtension>
        </extensions>
      </trkpt>
      <trkpt lat="40.1442416198551654815673828125" lon="94.65373666025698184967041015625">
        <ele>1140.4000244140625</ele>
        <time>2025-08-11T22:50:43.000Z</time>
        <extensions>
          <ns3:TrackPointExtension>
            <ns3:hr>133</ns3:hr>
            <ns3:cad>83</ns3:cad>
          </ns3:TrackPointExtension>
        </extensions>
      </trkpt>
      <trkpt lat="40.144249163568019866943359375" lon="94.6537276916205883026123046875">
        <ele>1140.4000244140625</ele>
        <time>2025-08-11T22:50:44.000Z</time>
        <extensions>
          <ns3:TrackPointExtension>
            <ns3:hr>132</ns3:hr>
            <ns3:cad>83</ns3:cad>
          </ns3:TrackPointExtension>
        </extensions>
      </trkpt>
      <trkpt lat="40.14426215551793575286865234375" lon="94.653721153736114501953125">
        <ele>1140.5999755859375</ele>
        <time>2025-08-11T22:50:45.000Z</time>
        <extensions>
          <ns3:TrackPointExtension>
            <ns3:hr>132</ns3:hr>
            <ns3:cad>83</ns3:cad>
          </ns3:TrackPointExtension>
        </extensions>
      </trkpt>
      <trkpt lat="40.14428109861910343170166015625" lon="94.65372048318386077880859375">
        <ele>1140.800048828125</ele>
        <time>2025-08-11T22:50:46.000Z</time>
        <extensions>
          <ns3:TrackPointExtension>
            <ns3:hr>133</ns3:hr>
            <ns3:cad>83</ns3:cad>
          </ns3:TrackPointExtension>
        </extensions>
      </trkpt>
      <trkpt lat="40.14429685659706592559814453125" lon="94.65372459031641483306884765625">
        <ele>1141</ele>
        <time>2025-08-11T22:50:47.000Z</time>
        <extensions>
          <ns3:TrackPointExtension>
            <ns3:hr>133</ns3:hr>
            <ns3:cad>85</ns3:cad>
          </ns3:TrackPointExtension>
        </extensions>
      </trkpt>
      <trkpt lat="40.144313871860504150390625" lon="94.65372794307768344879150390625">
        <ele>1141.199951171875</ele>
        <time>2025-08-11T22:50:48.000Z</time>
        <extensions>
          <ns3:TrackPointExtension>
            <ns3:hr>133</ns3:hr>
            <ns3:cad>83</ns3:cad>
          </ns3:TrackPointExtension>
        </extensions>
      </trkpt>
      <trkpt lat="40.14433323405683040618896484375" lon="94.6537404321134090423583984375">
        <ele>1141.4000244140625</ele>
        <time>2025-08-11T22:50:49.000Z</time>
        <extensions>
          <ns3:TrackPointExtension>
            <ns3:hr>132</ns3:hr>
            <ns3:cad>83</ns3:cad>
          </ns3:TrackPointExtension>
        </extensions>
      </trkpt>
      <trkpt lat="40.14435804449021816253662109375" lon="94.6537546813488006591796875">
        <ele>1141.4000244140625</ele>
        <time>2025-08-11T22:50:50.000Z</time>
        <extensions>
          <ns3:TrackPointExtension>
            <ns3:hr>133</ns3:hr>
            <ns3:cad>83</ns3:cad>
          </ns3:TrackPointExtension>
        </extensions>
      </trkpt>
      <trkpt lat="40.144381932914257049560546875" lon="94.653761051595211029052734375">
        <ele>1141.199951171875</ele>
        <time>2025-08-11T22:50:51.000Z</time>
        <extensions>
          <ns3:TrackPointExtension>
            <ns3:hr>133</ns3:hr>
            <ns3:cad>83</ns3:cad>
          </ns3:TrackPointExtension>
        </extensions>
      </trkpt>
      <trkpt lat="40.14440699480473995208740234375" lon="94.65377940796315670013427734375">
        <ele>1141</ele>
        <time>2025-08-11T22:50:52.000Z</time>
        <extensions>
          <ns3:TrackPointExtension>
            <ns3:hr>132</ns3:hr>
            <ns3:cad>82</ns3:cad>
          </ns3:TrackPointExtension>
        </extensions>
      </trkpt>
      <trkpt lat="40.14442644082009792327880859375" lon="94.65378292836248874664306640625">
        <ele>1140.5999755859375</ele>
        <time>2025-08-11T22:50:53.000Z</time>
        <extensions>
          <ns3:TrackPointExtension>
            <ns3:hr>133</ns3:hr>
            <ns3:cad>82</ns3:cad>
          </ns3:TrackPointExtension>
        </extensions>
      </trkpt>
      <trkpt lat="40.14445611275732517242431640625" lon="94.65379826724529266357421875">
        <ele>1140.4000244140625</ele>
        <time>2025-08-11T22:50:54.000Z</time>
        <extensions>
          <ns3:TrackPointExtension>
            <ns3:hr>133</ns3:hr>
            <ns3:cad>83</ns3:cad>
          </ns3:TrackPointExtension>
        </extensions>
      </trkpt>
      <trkpt lat="40.14447572641074657440185546875" lon="94.65379885397851467132568359375">
        <ele>1140.4000244140625</ele>
        <time>2025-08-11T22:50:55.000Z</time>
        <extensions>
          <ns3:TrackPointExtension>
            <ns3:hr>133</ns3:hr>
            <ns3:cad>85</ns3:cad>
          </ns3:TrackPointExtension>
        </extensions>
      </trkpt>
      <trkpt lat="40.14450606890022754669189453125" lon="94.65380388312041759490966796875">
        <ele>1140.4000244140625</ele>
        <time>2025-08-11T22:50:56.000Z</time>
        <extensions>
          <ns3:TrackPointExtension>
            <ns3:hr>133</ns3:hr>
            <ns3:cad>86</ns3:cad>
          </ns3:TrackPointExtension>
        </extensions>
      </trkpt>
      <trkpt lat="40.1445259340107440948486328125" lon="94.6538105048239231109619140625">
        <ele>1140.4000244140625</ele>
        <time>2025-08-11T22:50:57.000Z</time>
        <extensions>
          <ns3:TrackPointExtension>
            <ns3:hr>133</ns3:hr>
            <ns3:cad>87</ns3:cad>
          </ns3:TrackPointExtension>
        </extensions>
      </trkpt>
      <trkpt lat="40.14454496093094348907470703125" lon="94.65380304493010044097900390625">
        <ele>1140.5999755859375</ele>
        <time>2025-08-11T22:50:58.000Z</time>
        <extensions>
          <ns3:TrackPointExtension>
            <ns3:hr>134</ns3:hr>
            <ns3:cad>87</ns3:cad>
          </ns3:TrackPointExtension>
        </extensions>
      </trkpt>
      <trkpt lat="40.14456222765147686004638671875" lon="94.6538029611110687255859375">
        <ele>1140.5999755859375</ele>
        <time>2025-08-11T22:50:59.000Z</time>
        <extensions>
          <ns3:TrackPointExtension>
            <ns3:hr>134</ns3:hr>
            <ns3:cad>87</ns3:cad>
          </ns3:TrackPointExtension>
        </extensions>
      </trkpt>
      <trkpt lat="40.14455166645348072052001953125" lon="94.6537947468459606170654296875">
        <ele>1140.5999755859375</ele>
        <time>2025-08-11T22:51:00.000Z</time>
        <extensions>
          <ns3:TrackPointExtension>
            <ns3:hr>134</ns3:hr>
            <ns3:cad>87</ns3:cad>
          </ns3:TrackPointExtension>
        </extensions>
      </trkpt>
      <trkpt lat="40.14453624375164508819580078125" lon="94.65379851870238780975341796875">
        <ele>1140.5999755859375</ele>
        <time>2025-08-11T22:51:01.000Z</time>
        <extensions>
          <ns3:TrackPointExtension>
            <ns3:hr>134</ns3:hr>
            <ns3:cad>86</ns3:cad>
          </ns3:TrackPointExtension>
        </extensions>
      </trkpt>
      <trkpt lat="40.14450958929955959320068359375" lon="94.6537883765995502471923828125">
        <ele>1140.5999755859375</ele>
        <time>2025-08-11T22:51:02.000Z</time>
        <extensions>
          <ns3:TrackPointExtension>
            <ns3:hr>134</ns3:hr>
            <ns3:cad>84</ns3:cad>
          </ns3:TrackPointExtension>
        </extensions>
      </trkpt>
      <trkpt lat="40.14448829926550388336181640625" lon="94.653779827058315277099609375">
        <ele>1140.5999755859375</ele>
        <time>2025-08-11T22:51:03.000Z</time>
        <extensions>
          <ns3:TrackPointExtension>
            <ns3:hr>134</ns3:hr>
            <ns3:cad>83</ns3:cad>
          </ns3:TrackPointExtension>
        </extensions>
      </trkpt>
      <trkpt lat="40.1444766484200954437255859375" lon="94.6537514962255954742431640625">
        <ele>1140.5999755859375</ele>
        <time>2025-08-11T22:51:04.000Z</time>
        <extensions>
          <ns3:TrackPointExtension>
            <ns3:hr>134</ns3:hr>
            <ns3:cad>83</ns3:cad>
          </ns3:TrackPointExtension>
        </extensions>
      </trkpt>
      <trkpt lat="40.1444806717336177825927734375" lon="94.6537193097174167633056640625">
        <ele>1140.5999755859375</ele>
        <time>2025-08-11T22:51:05.000Z</time>
        <extensions>
          <ns3:TrackPointExtension>
            <ns3:hr>134</ns3:hr>
            <ns3:cad>83</ns3:cad>
          </ns3:TrackPointExtension>
        </extensions>
      </trkpt>
      <trkpt lat="40.1444800011813640594482421875" lon="94.6536898054182529449462890625">
        <ele>1140.5999755859375</ele>
        <time>2025-08-11T22:51:06.000Z</time>
        <extensions>
          <ns3:TrackPointExtension>
            <ns3:hr>133</ns3:hr>
            <ns3:cad>83</ns3:cad>
          </ns3:TrackPointExtension>
        </extensions>
      </trkpt>
      <trkpt lat="40.14449383132159709930419921875" lon="94.6536532603204250335693359375">
        <ele>1140.5999755859375</ele>
        <time>2025-08-11T22:51:07.000Z</time>
        <extensions>
          <ns3:TrackPointExtension>
            <ns3:hr>134</ns3:hr>
            <ns3:cad>83</ns3:cad>
          </ns3:TrackPointExtension>
        </extensions>
      </trkpt>
      <trkpt lat="40.144507996737957000732421875" lon="94.65363238938152790069580078125">
        <ele>1140.5999755859375</ele>
        <time>2025-08-11T22:51:08.000Z</time>
        <extensions>
          <ns3:TrackPointExtension>
            <ns3:hr>133</ns3:hr>
            <ns3:cad>83</ns3:cad>
          </ns3:TrackPointExtension>
        </extensions>
      </trkpt>
      <trkpt lat="40.1445359922945499420166015625" lon="94.65361562557518482208251953125">
        <ele>1140.4000244140625</ele>
        <time>2025-08-11T22:51:09.000Z</time>
        <extensions>
          <ns3:TrackPointExtension>
            <ns3:hr>133</ns3:hr>
            <ns3:cad>83</ns3:cad>
          </ns3:TrackPointExtension>
        </extensions>
      </trkpt>
      <trkpt lat="40.1445631496608257293701171875" lon="94.6536207385361194610595703125">
        <ele>1140.4000244140625</ele>
        <time>2025-08-11T22:51:10.000Z</time>
        <extensions>
          <ns3:TrackPointExtension>
            <ns3:hr>133</ns3:hr>
            <ns3:cad>84</ns3:cad>
          </ns3:TrackPointExtension>
        </extensions>
      </trkpt>
      <trkpt lat="40.1445886306464672088623046875" lon="94.65362383984029293060302734375">
        <ele>1140.4000244140625</ele>
        <time>2025-08-11T22:51:11.000Z</time>
        <extensions>
          <ns3:TrackPointExtension>
            <ns3:hr>133</ns3:hr>
            <ns3:cad>84</ns3:cad>
          </ns3:TrackPointExtension>
        </extensions>
      </trkpt>
      <trkpt lat="40.14461268670856952667236328125" lon="94.6536388434469699859619140625">
        <ele>1140.4000244140625</ele>
        <time>2025-08-11T22:51:12.000Z</time>
        <extensions>
          <ns3:TrackPointExtension>
            <ns3:hr>133</ns3:hr>
            <ns3:cad>84</ns3:cad>
          </ns3:TrackPointExtension>
        </extensions>
      </trkpt>
      <trkpt lat="40.14463447965681552886962890625" lon="94.653641022741794586181640625">
        <ele>1140.4000244140625</ele>
        <time>2025-08-11T22:51:13.000Z</time>
        <extensions>
          <ns3:TrackPointExtension>
            <ns3:hr>132</ns3:hr>
            <ns3:cad>85</ns3:cad>
          </ns3:TrackPointExtension>
        </extensions>
      </trkpt>
      <trkpt lat="40.14466063119471073150634765625" lon="94.65365719981491565704345703125">
        <ele>1140.4000244140625</ele>
        <time>2025-08-11T22:51:14.000Z</time>
        <extensions>
          <ns3:TrackPointExtension>
            <ns3:hr>132</ns3:hr>
            <ns3:cad>85</ns3:cad>
          </ns3:TrackPointExtension>
        </extensions>
      </trkpt>
      <trkpt lat="40.14468259178102016448974609375" lon="94.653664492070674896240234375">
        <ele>1140.4000244140625</ele>
        <time>2025-08-11T22:51:15.000Z</time>
        <extensions>
          <ns3:TrackPointExtension>
            <ns3:hr>132</ns3:hr>
            <ns3:cad>86</ns3:cad>
          </ns3:TrackPointExtension>
        </extensions>
      </trkpt>
      <trkpt lat="40.14471528120338916778564453125" lon="94.65368418954312801361083984375">
        <ele>1140.4000244140625</ele>
        <time>2025-08-11T22:51:16.000Z</time>
        <extensions>
          <ns3:TrackPointExtension>
            <ns3:hr>131</ns3:hr>
            <ns3:cad>87</ns3:cad>
          </ns3:TrackPointExtension>
        </extensions>
      </trkpt>
      <trkpt lat="40.1447381637990474700927734375" lon="94.65369642712175846099853515625">
        <ele>1140.5999755859375</ele>
        <time>2025-08-11T22:51:17.000Z</time>
        <extensions>
          <ns3:TrackPointExtension>
            <ns3:hr>131</ns3:hr>
            <ns3:cad>87</ns3:cad>
          </ns3:TrackPointExtension>
        </extensions>
      </trkpt>
      <trkpt lat="40.1447658240795135498046875" lon="94.6537186391651630401611328125">
        <ele>1140.5999755859375</ele>
        <time>2025-08-11T22:51:18.000Z</time>
        <extensions>
          <ns3:TrackPointExtension>
            <ns3:hr>131</ns3:hr>
            <ns3:cad>87</ns3:cad>
          </ns3:TrackPointExtension>
        </extensions>
      </trkpt>
      <trkpt lat="40.144785605370998382568359375" lon="94.65373146347701549530029296875">
        <ele>1140.5999755859375</ele>
        <time>2025-08-11T22:51:19.000Z</time>
        <extensions>
          <ns3:TrackPointExtension>
            <ns3:hr>131</ns3:hr>
            <ns3:cad>87</ns3:cad>
          </ns3:TrackPointExtension>
        </extensions>
      </trkpt>
      <trkpt lat="40.14480982907116413116455078125" lon="94.6537461318075656890869140625">
        <ele>1140.4000244140625</ele>
        <time>2025-08-11T22:51:20.000Z</time>
        <extensions>
          <ns3:TrackPointExtension>
            <ns3:hr>131</ns3:hr>
            <ns3:cad>87</ns3:cad>
          </ns3:TrackPointExtension>
        </extensions>
      </trkpt>
      <trkpt lat="40.14482977800071239471435546875" lon="94.65375627391040325164794921875">
        <ele>1140.4000244140625</ele>
        <time>2025-08-11T22:51:21.000Z</time>
        <extensions>
          <ns3:TrackPointExtension>
            <ns3:hr>131</ns3:hr>
            <ns3:cad>87</ns3:cad>
          </ns3:TrackPointExtension>
        </extensions>
      </trkpt>
      <trkpt lat="40.14485106803476810455322265625" lon="94.6537573635578155517578125">
        <ele>1140.199951171875</ele>
        <time>2025-08-11T22:51:22.000Z</time>
        <extensions>
          <ns3:TrackPointExtension>
            <ns3:hr>131</ns3:hr>
            <ns3:cad>88</ns3:cad>
          </ns3:TrackPointExtension>
        </extensions>
      </trkpt>
      <trkpt lat="40.14487286098301410675048828125" lon="94.65376767329871654510498046875">
        <ele>1140.199951171875</ele>
        <time>2025-08-11T22:51:23.000Z</time>
        <extensions>
          <ns3:TrackPointExtension>
            <ns3:hr>131</ns3:hr>
            <ns3:cad>88</ns3:cad>
          </ns3:TrackPointExtension>
        </extensions>
      </trkpt>
      <trkpt lat="40.144892893731594085693359375" lon="94.65377437882125377655029296875">
        <ele>1140.199951171875</ele>
        <time>2025-08-11T22:51:24.000Z</time>
        <extensions>
          <ns3:TrackPointExtension>
            <ns3:hr>131</ns3:hr>
            <ns3:cad>88</ns3:cad>
          </ns3:TrackPointExtension>
        </extensions>
      </trkpt>
      <trkpt lat="40.14491669833660125732421875" lon="94.653789214789867401123046875">
        <ele>1140.199951171875</ele>
        <time>2025-08-11T22:51:25.000Z</time>
        <extensions>
          <ns3:TrackPointExtension>
            <ns3:hr>132</ns3:hr>
            <ns3:cad>88</ns3:cad>
          </ns3:TrackPointExtension>
        </extensions>
      </trkpt>
      <trkpt lat="40.14493891038000583648681640625" lon="94.65378980152308940887451171875">
        <ele>1140.199951171875</ele>
        <time>2025-08-11T22:51:26.000Z</time>
        <extensions>
          <ns3:TrackPointExtension>
            <ns3:hr>131</ns3:hr>
            <ns3:cad>88</ns3:cad>
          </ns3:TrackPointExtension>
        </extensions>
      </trkpt>
      <trkpt lat="40.144970677793025970458984375" lon="94.65379935689270496368408203125">
        <ele>1140.199951171875</ele>
        <time>2025-08-11T22:51:27.000Z</time>
        <extensions>
          <ns3:TrackPointExtension>
            <ns3:hr>131</ns3:hr>
            <ns3:cad>88</ns3:cad>
          </ns3:TrackPointExtension>
        </extensions>
      </trkpt>
      <trkpt lat="40.1449902914464473724365234375" lon="94.65380472131073474884033203125">
        <ele>1140.199951171875</ele>
        <time>2025-08-11T22:51:28.000Z</time>
        <extensions>
          <ns3:TrackPointExtension>
            <ns3:hr>132</ns3:hr>
            <ns3:cad>88</ns3:cad>
          </ns3:TrackPointExtension>
        </extensions>
      </trkpt>
      <trkpt lat="40.14501568861305713653564453125" lon="94.653815366327762603759765625">
        <ele>1140.199951171875</ele>
        <time>2025-08-11T22:51:29.000Z</time>
        <extensions>
          <ns3:TrackPointExtension>
            <ns3:hr>132</ns3:hr>
            <ns3:cad>87</ns3:cad>
          </ns3:TrackPointExtension>
        </extensions>
      </trkpt>
      <trkpt lat="40.145043767988681793212890625" lon="94.65382249094545841217041015625">
        <ele>1140.199951171875</ele>
        <time>2025-08-11T22:51:30.000Z</time>
        <extensions>
          <ns3:TrackPointExtension>
            <ns3:hr>132</ns3:hr>
            <ns3:cad>87</ns3:cad>
          </ns3:TrackPointExtension>
        </extensions>
      </trkpt>
      <trkpt lat="40.14506681822240352630615234375" lon="94.65383355505764484405517578125">
        <ele>1140.199951171875</ele>
        <time>2025-08-11T22:51:31.000Z</time>
        <extensions>
          <ns3:TrackPointExtension>
            <ns3:hr>131</ns3:hr>
            <ns3:cad>88</ns3:cad>
          </ns3:TrackPointExtension>
        </extensions>
      </trkpt>
      <trkpt lat="40.14508794061839580535888671875" lon="94.65384679846465587615966796875">
        <ele>1140.199951171875</ele>
        <time>2025-08-11T22:51:32.000Z</time>
        <extensions>
          <ns3:TrackPointExtension>
            <ns3:hr>132</ns3:hr>
            <ns3:cad>88</ns3:cad>
          </ns3:TrackPointExtension>
        </extensions>
      </trkpt>
      <trkpt lat="40.14511040411889553070068359375" lon="94.65385668911039829254150390625">
        <ele>1140.4000244140625</ele>
        <time>2025-08-11T22:51:33.000Z</time>
        <extensions>
          <ns3:TrackPointExtension>
            <ns3:hr>132</ns3:hr>
            <ns3:cad>87</ns3:cad>
          </ns3:TrackPointExtension>
        </extensions>
      </trkpt>
      <trkpt lat="40.14513404108583927154541015625" lon="94.65386741794645786285400390625">
        <ele>1140.4000244140625</ele>
        <time>2025-08-11T22:51:34.000Z</time>
        <extensions>
          <ns3:TrackPointExtension>
            <ns3:hr>132</ns3:hr>
            <ns3:cad>87</ns3:cad>
          </ns3:TrackPointExtension>
        </extensions>
      </trkpt>
      <trkpt lat="40.1451579295098781585693359375" lon="94.65387697331607341766357421875">
        <ele>1140.5999755859375</ele>
        <time>2025-08-11T22:51:35.000Z</time>
        <extensions>
          <ns3:TrackPointExtension>
            <ns3:hr>132</ns3:hr>
            <ns3:cad>87</ns3:cad>
          </ns3:TrackPointExtension>
        </extensions>
      </trkpt>
      <trkpt lat="40.145181231200695037841796875" lon="94.653888456523418426513671875">
        <ele>1140.5999755859375</ele>
        <time>2025-08-11T22:51:36.000Z</time>
        <extensions>
          <ns3:TrackPointExtension>
            <ns3:hr>135</ns3:hr>
            <ns3:cad>87</ns3:cad>
          </ns3:TrackPointExtension>
        </extensions>
      </trkpt>
      <trkpt lat="40.145200677216053009033203125" lon="94.6539000235497951507568359375">
        <ele>1140.5999755859375</ele>
        <time>2025-08-11T22:51:37.000Z</time>
        <extensions>
          <ns3:TrackPointExtension>
            <ns3:hr>136</ns3:hr>
            <ns3:cad>87</ns3:cad>
          </ns3:TrackPointExtension>
        </extensions>
      </trkpt>
      <trkpt lat="40.1452249847352504730224609375" lon="94.653909914195537567138671875">
        <ele>1140.5999755859375</ele>
        <time>2025-08-11T22:51:38.000Z</time>
        <extensions>
          <ns3:TrackPointExtension>
            <ns3:hr>137</ns3:hr>
            <ns3:cad>87</ns3:cad>
          </ns3:TrackPointExtension>
        </extensions>
      </trkpt>
      <trkpt lat="40.14524937607347965240478515625" lon="94.65391938574612140655517578125">
        <ele>1140.5999755859375</ele>
        <time>2025-08-11T22:51:39.000Z</time>
        <extensions>
          <ns3:TrackPointExtension>
            <ns3:hr>137</ns3:hr>
            <ns3:cad>87</ns3:cad>
          </ns3:TrackPointExtension>
        </extensions>
      </trkpt>
      <trkpt lat="40.14527267776429653167724609375" lon="94.6539295278489589691162109375">
        <ele>1140.4000244140625</ele>
        <time>2025-08-11T22:51:40.000Z</time>
        <extensions>
          <ns3:TrackPointExtension>
            <ns3:hr>138</ns3:hr>
            <ns3:cad>87</ns3:cad>
          </ns3:TrackPointExtension>
        </extensions>
      </trkpt>
      <trkpt lat="40.14529363252222537994384765625" lon="94.65393908321857452392578125">
        <ele>1140.4000244140625</ele>
        <time>2025-08-11T22:51:41.000Z</time>
        <extensions>
          <ns3:TrackPointExtension>
            <ns3:hr>139</ns3:hr>
            <ns3:cad>87</ns3:cad>
          </ns3:TrackPointExtension>
        </extensions>
      </trkpt>
      <trkpt lat="40.14531232416629791259765625" lon="94.653945453464984893798828125">
        <ele>1140.4000244140625</ele>
        <time>2025-08-11T22:51:42.000Z</time>
        <extensions>
          <ns3:TrackPointExtension>
            <ns3:hr>142</ns3:hr>
            <ns3:cad>87</ns3:cad>
          </ns3:TrackPointExtension>
        </extensions>
      </trkpt>
      <trkpt lat="40.14532967470586299896240234375" lon="94.65395324863493442535400390625">
        <ele>1140.199951171875</ele>
        <time>2025-08-11T22:51:43.000Z</time>
        <extensions>
          <ns3:TrackPointExtension>
            <ns3:hr>142</ns3:hr>
            <ns3:cad>87</ns3:cad>
          </ns3:TrackPointExtension>
        </extensions>
      </trkpt>
      <trkpt lat="40.14535163529217243194580078125" lon="94.6539585292339324951171875">
        <ele>1140.199951171875</ele>
        <time>2025-08-11T22:51:44.000Z</time>
        <extensions>
          <ns3:TrackPointExtension>
            <ns3:hr>142</ns3:hr>
            <ns3:cad>87</ns3:cad>
          </ns3:TrackPointExtension>
        </extensions>
      </trkpt>
      <trkpt lat="40.1453775353729724884033203125" lon="94.65396431274712085723876953125">
        <ele>1140.199951171875</ele>
        <time>2025-08-11T22:51:45.000Z</time>
        <extensions>
          <ns3:TrackPointExtension>
            <ns3:hr>143</ns3:hr>
            <ns3:cad>88</ns3:cad>
          </ns3:TrackPointExtension>
        </extensions>
      </trkpt>
      <trkpt lat="40.14540678821504116058349609375" lon="94.65396950952708721160888671875">
        <ele>1140.199951171875</ele>
        <time>2025-08-11T22:51:46.000Z</time>
        <extensions>
          <ns3:TrackPointExtension>
            <ns3:hr>143</ns3:hr>
            <ns3:cad>88</ns3:cad>
          </ns3:TrackPointExtension>
        </extensions>
      </trkpt>
      <trkpt lat="40.14543578960001468658447265625" lon="94.6539808250963687896728515625">
        <ele>1140.199951171875</ele>
        <time>2025-08-11T22:51:47.000Z</time>
        <extensions>
          <ns3:TrackPointExtension>
            <ns3:hr>142</ns3:hr>
            <ns3:cad>88</ns3:cad>
          </ns3:TrackPointExtension>
        </extensions>
      </trkpt>
      <trkpt lat="40.14546043239533901214599609375" lon="94.65398895554244518280029296875">
        <ele>1140.199951171875</ele>
        <time>2025-08-11T22:51:48.000Z</time>
        <extensions>
          <ns3:TrackPointExtension>
            <ns3:hr>143</ns3:hr>
            <ns3:cad>88</ns3:cad>
          </ns3:TrackPointExtension>
        </extensions>
      </trkpt>
      <trkpt lat="40.145490355789661407470703125" lon="94.65399851091206073760986328125">
        <ele>1140.199951171875</ele>
        <time>2025-08-11T22:51:49.000Z</time>
        <extensions>
          <ns3:TrackPointExtension>
            <ns3:hr>142</ns3:hr>
            <ns3:cad>88</ns3:cad>
          </ns3:TrackPointExtension>
        </extensions>
      </trkpt>
      <trkpt lat="40.1455153338611125946044921875" lon="94.654002450406551361083984375">
        <ele>1140</ele>
        <time>2025-08-11T22:51:50.000Z</time>
        <extensions>
          <ns3:TrackPointExtension>
            <ns3:hr>142</ns3:hr>
            <ns3:cad>87</ns3:cad>
          </ns3:TrackPointExtension>
        </extensions>
      </trkpt>
      <trkpt lat="40.14554056338965892791748046875" lon="94.6540229022502899169921875">
        <ele>1140</ele>
        <time>2025-08-11T22:51:51.000Z</time>
        <extensions>
          <ns3:TrackPointExtension>
            <ns3:hr>143</ns3:hr>
            <ns3:cad>87</ns3:cad>
          </ns3:TrackPointExtension>
        </extensions>
      </trkpt>
      <trkpt lat="40.1455651223659515380859375" lon="94.65403522364795207977294921875">
        <ele>1140.199951171875</ele>
        <time>2025-08-11T22:51:52.000Z</time>
        <extensions>
          <ns3:TrackPointExtension>
            <ns3:hr>143</ns3:hr>
            <ns3:cad>87</ns3:cad>
          </ns3:TrackPointExtension>
        </extensions>
      </trkpt>
      <trkpt lat="40.14559437520802021026611328125" lon="94.6540522389113903045654296875">
        <ele>1140</ele>
        <time>2025-08-11T22:51:53.000Z</time>
        <extensions>
          <ns3:TrackPointExtension>
            <ns3:hr>143</ns3:hr>
            <ns3:cad>87</ns3:cad>
          </ns3:TrackPointExtension>
        </extensions>
      </trkpt>
      <trkpt lat="40.14561767689883708953857421875" lon="94.65406070463359355926513671875">
        <ele>1140.199951171875</ele>
        <time>2025-08-11T22:51:54.000Z</time>
        <extensions>
          <ns3:TrackPointExtension>
            <ns3:hr>143</ns3:hr>
            <ns3:cad>87</ns3:cad>
          </ns3:TrackPointExtension>
        </extensions>
      </trkpt>
      <trkpt lat="40.1456429064273834228515625" lon="94.65407176874577999114990234375">
        <ele>1140</ele>
        <time>2025-08-11T22:51:55.000Z</time>
        <extensions>
          <ns3:TrackPointExtension>
            <ns3:hr>144</ns3:hr>
            <ns3:cad>87</ns3:cad>
          </ns3:TrackPointExtension>
        </extensions>
      </trkpt>
      <trkpt lat="40.1456630229949951171875" lon="94.65408283285796642303466796875">
        <ele>1140</ele>
        <time>2025-08-11T22:51:56.000Z</time>
        <extensions>
          <ns3:TrackPointExtension>
            <ns3:hr>144</ns3:hr>
            <ns3:cad>87</ns3:cad>
          </ns3:TrackPointExtension>
        </extensions>
      </trkpt>
      <trkpt lat="40.1456859894096851348876953125" lon="94.65409372933208942413330078125">
        <ele>1140.199951171875</ele>
        <time>2025-08-11T22:51:57.000Z</time>
        <extensions>
          <ns3:TrackPointExtension>
            <ns3:hr>144</ns3:hr>
            <ns3:cad>88</ns3:cad>
          </ns3:TrackPointExtension>
        </extensions>
      </trkpt>
      <trkpt lat="40.1457124762237071990966796875" lon="94.65410663746297359466552734375">
        <ele>1140.199951171875</ele>
        <time>2025-08-11T22:51:58.000Z</time>
        <extensions>
          <ns3:TrackPointExtension>
            <ns3:hr>144</ns3:hr>
            <ns3:cad>88</ns3:cad>
          </ns3:TrackPointExtension>
        </extensions>
      </trkpt>
      <trkpt lat="40.1457356102764606475830078125" lon="94.6541135944426059722900390625">
        <ele>1140.199951171875</ele>
        <time>2025-08-11T22:51:59.000Z</time>
        <extensions>
          <ns3:TrackPointExtension>
            <ns3:hr>144</ns3:hr>
            <ns3:cad>88</ns3:cad>
          </ns3:TrackPointExtension>
        </extensions>
      </trkpt>
      <trkpt lat="40.14575664885342121124267578125" lon="94.6541219763457775115966796875">
        <ele>1140.199951171875</ele>
        <time>2025-08-11T22:52:00.000Z</time>
        <extensions>
          <ns3:TrackPointExtension>
            <ns3:hr>144</ns3:hr>
            <ns3:cad>88</ns3:cad>
          </ns3:TrackPointExtension>
        </extensions>
      </trkpt>
      <trkpt lat="40.145778357982635498046875" lon="94.654129855334758758544921875">
        <ele>1140</ele>
        <time>2025-08-11T22:52:01.000Z</time>
        <extensions>
          <ns3:TrackPointExtension>
            <ns3:hr>144</ns3:hr>
            <ns3:cad>88</ns3:cad>
          </ns3:TrackPointExtension>
        </extensions>
      </trkpt>
      <trkpt lat="40.1458043418824672698974609375" lon="94.65414335019886493682861328125">
        <ele>1140</ele>
        <time>2025-08-11T22:52:02.000Z</time>
        <extensions>
          <ns3:TrackPointExtension>
            <ns3:hr>144</ns3:hr>
            <ns3:cad>88</ns3:cad>
          </ns3:TrackPointExtension>
        </extensions>
      </trkpt>
      <trkpt lat="40.145828314125537872314453125" lon="94.6541538275778293609619140625">
        <ele>1140</ele>
        <time>2025-08-11T22:52:03.000Z</time>
        <extensions>
          <ns3:TrackPointExtension>
            <ns3:hr>145</ns3:hr>
            <ns3:cad>88</ns3:cad>
          </ns3:TrackPointExtension>
        </extensions>
      </trkpt>
      <trkpt lat="40.1458573155105113983154296875" lon="94.6541682444512844085693359375">
        <ele>1140</ele>
        <time>2025-08-11T22:52:04.000Z</time>
        <extensions>
          <ns3:TrackPointExtension>
            <ns3:hr>145</ns3:hr>
            <ns3:cad>88</ns3:cad>
          </ns3:TrackPointExtension>
        </extensions>
      </trkpt>
      <trkpt lat="40.1458814553916454315185546875" lon="94.6541776321828365325927734375">
        <ele>1140</ele>
        <time>2025-08-11T22:52:05.000Z</time>
        <extensions>
          <ns3:TrackPointExtension>
            <ns3:hr>145</ns3:hr>
            <ns3:cad>88</ns3:cad>
          </ns3:TrackPointExtension>
        </extensions>
      </trkpt>
      <trkpt lat="40.14590651728212833404541015625" lon="94.65419682674109935760498046875">
        <ele>1140</ele>
        <time>2025-08-11T22:52:06.000Z</time>
        <extensions>
          <ns3:TrackPointExtension>
            <ns3:hr>145</ns3:hr>
            <ns3:cad>88</ns3:cad>
          </ns3:TrackPointExtension>
        </extensions>
      </trkpt>
      <trkpt lat="40.145928226411342620849609375" lon="94.6542034484446048736572265625">
        <ele>1140.199951171875</ele>
        <time>2025-08-11T22:52:07.000Z</time>
        <extensions>
          <ns3:TrackPointExtension>
            <ns3:hr>145</ns3:hr>
            <ns3:cad>88</ns3:cad>
          </ns3:TrackPointExtension>
        </extensions>
      </trkpt>
      <trkpt lat="40.14595697633922100067138671875" lon="94.654215015470981597900390625">
        <ele>1140.199951171875</ele>
        <time>2025-08-11T22:52:08.000Z</time>
        <extensions>
          <ns3:TrackPointExtension>
            <ns3:hr>144</ns3:hr>
            <ns3:cad>88</ns3:cad>
          </ns3:TrackPointExtension>
        </extensions>
      </trkpt>
      <trkpt lat="40.14598044566810131072998046875" lon="94.654226414859294891357421875">
        <ele>1140</ele>
        <time>2025-08-11T22:52:09.000Z</time>
        <extensions>
          <ns3:TrackPointExtension>
            <ns3:hr>145</ns3:hr>
            <ns3:cad>88</ns3:cad>
          </ns3:TrackPointExtension>
        </extensions>
      </trkpt>
      <trkpt lat="40.1460063457489013671875" lon="94.65424351394176483154296875">
        <ele>1140</ele>
        <time>2025-08-11T22:52:10.000Z</time>
        <extensions>
          <ns3:TrackPointExtension>
            <ns3:hr>145</ns3:hr>
            <ns3:cad>88</ns3:cad>
          </ns3:TrackPointExtension>
        </extensions>
      </trkpt>
      <trkpt lat="40.14602822251617908477783203125" lon="94.654259271919727325439453125">
        <ele>1140</ele>
        <time>2025-08-11T22:52:11.000Z</time>
        <extensions>
          <ns3:TrackPointExtension>
            <ns3:hr>145</ns3:hr>
            <ns3:cad>88</ns3:cad>
          </ns3:TrackPointExtension>
        </extensions>
      </trkpt>
      <trkpt lat="40.14604917727410793304443359375" lon="94.654280059039592742919921875">
        <ele>1140</ele>
        <time>2025-08-11T22:52:12.000Z</time>
        <extensions>
          <ns3:TrackPointExtension>
            <ns3:hr>145</ns3:hr>
            <ns3:cad>88</ns3:cad>
          </ns3:TrackPointExtension>
        </extensions>
      </trkpt>
      <trkpt lat="40.14607097022235393524169921875" lon="94.6542896144092082977294921875">
        <ele>1140</ele>
        <time>2025-08-11T22:52:13.000Z</time>
        <extensions>
          <ns3:TrackPointExtension>
            <ns3:hr>146</ns3:hr>
            <ns3:cad>88</ns3:cad>
          </ns3:TrackPointExtension>
        </extensions>
      </trkpt>
      <trkpt lat="40.1460953615605831146240234375" lon="94.65431191027164459228515625">
        <ele>1140</ele>
        <time>2025-08-11T22:52:14.000Z</time>
        <extensions>
          <ns3:TrackPointExtension>
            <ns3:hr>146</ns3:hr>
            <ns3:cad>88</ns3:cad>
          </ns3:TrackPointExtension>
        </extensions>
      </trkpt>
      <trkpt lat="40.146119333803653717041015625" lon="94.654328338801860809326171875">
        <ele>1140</ele>
        <time>2025-08-11T22:52:15.000Z</time>
        <extensions>
          <ns3:TrackPointExtension>
            <ns3:hr>146</ns3:hr>
            <ns3:cad>88</ns3:cad>
          </ns3:TrackPointExtension>
        </extensions>
      </trkpt>
      <trkpt lat="40.14614255167543888092041015625" lon="94.654346443712711334228515625">
        <ele>1140</ele>
        <time>2025-08-11T22:52:16.000Z</time>
        <extensions>
          <ns3:TrackPointExtension>
            <ns3:hr>146</ns3:hr>
            <ns3:cad>88</ns3:cad>
          </ns3:TrackPointExtension>
        </extensions>
      </trkpt>
      <trkpt lat="40.14616853557527065277099609375" lon="94.65436262078583240509033203125">
        <ele>1140</ele>
        <time>2025-08-11T22:52:17.000Z</time>
        <extensions>
          <ns3:TrackPointExtension>
            <ns3:hr>146</ns3:hr>
            <ns3:cad>89</ns3:cad>
          </ns3:TrackPointExtension>
        </extensions>
      </trkpt>
      <trkpt lat="40.1461962796747684478759765625" lon="94.65437804348766803741455078125">
        <ele>1140</ele>
        <time>2025-08-11T22:52:18.000Z</time>
        <extensions>
          <ns3:TrackPointExtension>
            <ns3:hr>146</ns3:hr>
            <ns3:cad>89</ns3:cad>
          </ns3:TrackPointExtension>
        </extensions>
      </trkpt>
      <trkpt lat="40.1462209224700927734375" lon="94.6543903648853302001953125">
        <ele>1140</ele>
        <time>2025-08-11T22:52:19.000Z</time>
        <extensions>
          <ns3:TrackPointExtension>
            <ns3:hr>146</ns3:hr>
            <ns3:cad>89</ns3:cad>
          </ns3:TrackPointExtension>
        </extensions>
      </trkpt>
      <trkpt lat="40.14624548144638538360595703125" lon="94.65441157110035419464111328125">
        <ele>1140.199951171875</ele>
        <time>2025-08-11T22:52:20.000Z</time>
        <extensions>
          <ns3:TrackPointExtension>
            <ns3:hr>146</ns3:hr>
            <ns3:cad>88</ns3:cad>
          </ns3:TrackPointExtension>
        </extensions>
      </trkpt>
      <trkpt lat="40.14626744203269481658935546875" lon="94.654429592192173004150390625">
        <ele>1140.199951171875</ele>
        <time>2025-08-11T22:52:21.000Z</time>
        <extensions>
          <ns3:TrackPointExtension>
            <ns3:hr>146</ns3:hr>
            <ns3:cad>88</ns3:cad>
          </ns3:TrackPointExtension>
        </extensions>
      </trkpt>
      <trkpt lat="40.1462871395051479339599609375" lon="94.65445482172071933746337890625">
        <ele>1140.199951171875</ele>
        <time>2025-08-11T22:52:22.000Z</time>
        <extensions>
          <ns3:TrackPointExtension>
            <ns3:hr>146</ns3:hr>
            <ns3:cad>89</ns3:cad>
          </ns3:TrackPointExtension>
        </extensions>
      </trkpt>
      <trkpt lat="40.1463173143565654754638671875" lon="94.65447711758315563201904296875">
        <ele>1140</ele>
        <time>2025-08-11T22:52:23.000Z</time>
        <extensions>
          <ns3:TrackPointExtension>
            <ns3:hr>146</ns3:hr>
            <ns3:cad>89</ns3:cad>
          </ns3:TrackPointExtension>
        </extensions>
      </trkpt>
      <trkpt lat="40.14634036459028720855712890625" lon="94.65450008399784564971923828125">
        <ele>1140</ele>
        <time>2025-08-11T22:52:24.000Z</time>
        <extensions>
          <ns3:TrackPointExtension>
            <ns3:hr>146</ns3:hr>
            <ns3:cad>89</ns3:cad>
          </ns3:TrackPointExtension>
        </extensions>
      </trkpt>
      <trkpt lat="40.14636165462434291839599609375" lon="94.6545244753360748291015625">
        <ele>1140</ele>
        <time>2025-08-11T22:52:25.000Z</time>
        <extensions>
          <ns3:TrackPointExtension>
            <ns3:hr>147</ns3:hr>
            <ns3:cad>88</ns3:cad>
          </ns3:TrackPointExtension>
        </extensions>
      </trkpt>
      <trkpt lat="40.1463836990296840667724609375" lon="94.6545440889894962310791015625">
        <ele>1140</ele>
        <time>2025-08-11T22:52:26.000Z</time>
        <extensions>
          <ns3:TrackPointExtension>
            <ns3:hr>147</ns3:hr>
            <ns3:cad>88</ns3:cad>
          </ns3:TrackPointExtension>
        </extensions>
      </trkpt>
      <trkpt lat="40.1464075036346912384033203125" lon="94.65456613339483737945556640625">
        <ele>1140</ele>
        <time>2025-08-11T22:52:27.000Z</time>
        <extensions>
          <ns3:TrackPointExtension>
            <ns3:hr>147</ns3:hr>
            <ns3:cad>88</ns3:cad>
          </ns3:TrackPointExtension>
        </extensions>
      </trkpt>
      <trkpt lat="40.14643373899161815643310546875" lon="94.6545809693634510040283203125">
        <ele>1140</ele>
        <time>2025-08-11T22:52:28.000Z</time>
        <extensions>
          <ns3:TrackPointExtension>
            <ns3:hr>147</ns3:hr>
            <ns3:cad>88</ns3:cad>
          </ns3:TrackPointExtension>
        </extensions>
      </trkpt>
      <trkpt lat="40.14645762741565704345703125" lon="94.65460368432104587554931640625">
        <ele>1140</ele>
        <time>2025-08-11T22:52:29.000Z</time>
        <extensions>
          <ns3:TrackPointExtension>
            <ns3:hr>147</ns3:hr>
            <ns3:cad>88</ns3:cad>
          </ns3:TrackPointExtension>
        </extensions>
      </trkpt>
      <trkpt lat="40.14647933654487133026123046875" lon="94.654620029032230377197265625">
        <ele>1140</ele>
        <time>2025-08-11T22:52:30.000Z</time>
        <extensions>
          <ns3:TrackPointExtension>
            <ns3:hr>147</ns3:hr>
            <ns3:cad>88</ns3:cad>
          </ns3:TrackPointExtension>
        </extensions>
      </trkpt>
      <trkpt lat="40.1464990340173244476318359375" lon="94.65464525856077671051025390625">
        <ele>1140</ele>
        <time>2025-08-11T22:52:31.000Z</time>
        <extensions>
          <ns3:TrackPointExtension>
            <ns3:hr>147</ns3:hr>
            <ns3:cad>88</ns3:cad>
          </ns3:TrackPointExtension>
        </extensions>
      </trkpt>
      <trkpt lat="40.146525017917156219482421875" lon="94.65465816669166088104248046875">
        <ele>1140</ele>
        <time>2025-08-11T22:52:32.000Z</time>
        <extensions>
          <ns3:TrackPointExtension>
            <ns3:hr>147</ns3:hr>
            <ns3:cad>88</ns3:cad>
          </ns3:TrackPointExtension>
        </extensions>
      </trkpt>
      <trkpt lat="40.1465521752834320068359375" lon="94.65467669069766998291015625">
        <ele>1140</ele>
        <time>2025-08-11T22:52:33.000Z</time>
        <extensions>
          <ns3:TrackPointExtension>
            <ns3:hr>147</ns3:hr>
            <ns3:cad>88</ns3:cad>
          </ns3:TrackPointExtension>
        </extensions>
      </trkpt>
      <trkpt lat="40.1465734653174877166748046875" lon="94.65468884445726871490478515625">
        <ele>1140</ele>
        <time>2025-08-11T22:52:34.000Z</time>
        <extensions>
          <ns3:TrackPointExtension>
            <ns3:hr>147</ns3:hr>
            <ns3:cad>88</ns3:cad>
          </ns3:TrackPointExtension>
        </extensions>
      </trkpt>
      <trkpt lat="40.14659735374152660369873046875" lon="94.65471650473773479461669921875">
        <ele>1140</ele>
        <time>2025-08-11T22:52:35.000Z</time>
        <extensions>
          <ns3:TrackPointExtension>
            <ns3:hr>148</ns3:hr>
            <ns3:cad>88</ns3:cad>
          </ns3:TrackPointExtension>
        </extensions>
      </trkpt>
      <trkpt lat="40.14661294408142566680908203125" lon="94.6547375433146953582763671875">
        <ele>1140</ele>
        <time>2025-08-11T22:52:36.000Z</time>
        <extensions>
          <ns3:TrackPointExtension>
            <ns3:hr>148</ns3:hr>
            <ns3:cad>88</ns3:cad>
          </ns3:TrackPointExtension>
        </extensions>
      </trkpt>
      <trkpt lat="40.146632976830005645751953125" lon="94.65476361103355884552001953125">
        <ele>1140</ele>
        <time>2025-08-11T22:52:37.000Z</time>
        <extensions>
          <ns3:TrackPointExtension>
            <ns3:hr>148</ns3:hr>
            <ns3:cad>88</ns3:cad>
          </ns3:TrackPointExtension>
        </extensions>
      </trkpt>
      <trkpt lat="40.146653093397617340087890625" lon="94.6547834761440753936767578125">
        <ele>1140</ele>
        <time>2025-08-11T22:52:38.000Z</time>
        <extensions>
          <ns3:TrackPointExtension>
            <ns3:hr>147</ns3:hr>
            <ns3:cad>88</ns3:cad>
          </ns3:TrackPointExtension>
        </extensions>
      </trkpt>
      <trkpt lat="40.146675221621990203857421875" lon="94.65480753220617771148681640625">
        <ele>1140</ele>
        <time>2025-08-11T22:52:39.000Z</time>
        <extensions>
          <ns3:TrackPointExtension>
            <ns3:hr>148</ns3:hr>
            <ns3:cad>88</ns3:cad>
          </ns3:TrackPointExtension>
        </extensions>
      </trkpt>
      <trkpt lat="40.14669709838926792144775390625" lon="94.65482630766928195953369140625">
        <ele>1140</ele>
        <time>2025-08-11T22:52:40.000Z</time>
        <extensions>
          <ns3:TrackPointExtension>
            <ns3:hr>148</ns3:hr>
            <ns3:cad>88</ns3:cad>
          </ns3:TrackPointExtension>
        </extensions>
      </trkpt>
      <trkpt lat="40.14672040008008480072021484375" lon="94.65484575368463993072509765625">
        <ele>1140</ele>
        <time>2025-08-11T22:52:41.000Z</time>
        <extensions>
          <ns3:TrackPointExtension>
            <ns3:hr>148</ns3:hr>
            <ns3:cad>88</ns3:cad>
          </ns3:TrackPointExtension>
        </extensions>
      </trkpt>
      <trkpt lat="40.1467427797615528106689453125" lon="94.654863439500331878662109375">
        <ele>1140</ele>
        <time>2025-08-11T22:52:42.000Z</time>
        <extensions>
          <ns3:TrackPointExtension>
            <ns3:hr>148</ns3:hr>
            <ns3:cad>88</ns3:cad>
          </ns3:TrackPointExtension>
        </extensions>
      </trkpt>
      <trkpt lat="40.14676633290946483612060546875" lon="94.65488330461084842681884765625">
        <ele>1140</ele>
        <time>2025-08-11T22:52:43.000Z</time>
        <extensions>
          <ns3:TrackPointExtension>
            <ns3:hr>147</ns3:hr>
            <ns3:cad>88</ns3:cad>
          </ns3:TrackPointExtension>
        </extensions>
      </trkpt>
      <trkpt lat="40.146785862743854522705078125" lon="94.6549011580646038055419921875">
        <ele>1140</ele>
        <time>2025-08-11T22:52:44.000Z</time>
        <extensions>
          <ns3:TrackPointExtension>
            <ns3:hr>148</ns3:hr>
            <ns3:cad>88</ns3:cad>
          </ns3:TrackPointExtension>
        </extensions>
      </trkpt>
      <trkpt lat="40.14681360684335231781005859375" lon="94.65492186136543750762939453125">
        <ele>1140</ele>
        <time>2025-08-11T22:52:45.000Z</time>
        <extensions>
          <ns3:TrackPointExtension>
            <ns3:hr>148</ns3:hr>
            <ns3:cad>88</ns3:cad>
          </ns3:TrackPointExtension>
        </extensions>
      </trkpt>
      <trkpt lat="40.14683137647807598114013671875" lon="94.654939882457256317138671875">
        <ele>1140</ele>
        <time>2025-08-11T22:52:46.000Z</time>
        <extensions>
          <ns3:TrackPointExtension>
            <ns3:hr>148</ns3:hr>
            <ns3:cad>88</ns3:cad>
          </ns3:TrackPointExtension>
        </extensions>
      </trkpt>
      <trkpt lat="40.14685065485537052154541015625" lon="94.654965698719024658203125">
        <ele>1140</ele>
        <time>2025-08-11T22:52:47.000Z</time>
        <extensions>
          <ns3:TrackPointExtension>
            <ns3:hr>148</ns3:hr>
            <ns3:cad>88</ns3:cad>
          </ns3:TrackPointExtension>
        </extensions>
      </trkpt>
      <trkpt lat="40.14687043614685535430908203125" lon="94.6549896709620952606201171875">
        <ele>1140</ele>
        <time>2025-08-11T22:52:48.000Z</time>
        <extensions>
          <ns3:TrackPointExtension>
            <ns3:hr>148</ns3:hr>
            <ns3:cad>89</ns3:cad>
          </ns3:TrackPointExtension>
        </extensions>
      </trkpt>
      <trkpt lat="40.1468963362276554107666015625" lon="94.65501456521451473236083984375">
        <ele>1140</ele>
        <time>2025-08-11T22:52:49.000Z</time>
        <extensions>
          <ns3:TrackPointExtension>
            <ns3:hr>149</ns3:hr>
            <ns3:cad>89</ns3:cad>
          </ns3:TrackPointExtension>
        </extensions>
      </trkpt>
      <trkpt lat="40.1469191350042819976806640625" lon="94.65503635816276073455810546875">
        <ele>1140</ele>
        <time>2025-08-11T22:52:50.000Z</time>
        <extensions>
          <ns3:TrackPointExtension>
            <ns3:hr>148</ns3:hr>
            <ns3:cad>89</ns3:cad>
          </ns3:TrackPointExtension>
        </extensions>
      </trkpt>
      <trkpt lat="40.14694184996187686920166015625" lon="94.65505781583487987518310546875">
        <ele>1140</ele>
        <time>2025-08-11T22:52:51.000Z</time>
        <extensions>
          <ns3:TrackPointExtension>
            <ns3:hr>148</ns3:hr>
            <ns3:cad>89</ns3:cad>
          </ns3:TrackPointExtension>
        </extensions>
      </trkpt>
      <trkpt lat="40.14696699567139148712158203125" lon="94.65508195571601390838623046875">
        <ele>1139.800048828125</ele>
        <time>2025-08-11T22:52:52.000Z</time>
        <extensions>
          <ns3:TrackPointExtension>
            <ns3:hr>149</ns3:hr>
            <ns3:cad>89</ns3:cad>
          </ns3:TrackPointExtension>
        </extensions>
      </trkpt>
      <trkpt lat="40.14699197374284267425537109375" lon="94.6551040001213550567626953125">
        <ele>1139.800048828125</ele>
        <time>2025-08-11T22:52:53.000Z</time>
        <extensions>
          <ns3:TrackPointExtension>
            <ns3:hr>149</ns3:hr>
            <ns3:cad>89</ns3:cad>
          </ns3:TrackPointExtension>
        </extensions>
      </trkpt>
      <trkpt lat="40.14701594598591327667236328125" lon="94.65512403286993503570556640625">
        <ele>1139.800048828125</ele>
        <time>2025-08-11T22:52:54.000Z</time>
        <extensions>
          <ns3:TrackPointExtension>
            <ns3:hr>149</ns3:hr>
            <ns3:cad>89</ns3:cad>
          </ns3:TrackPointExtension>
        </extensions>
      </trkpt>
      <trkpt lat="40.1470376551151275634765625" lon="94.6551412157714366912841796875">
        <ele>1139.5999755859375</ele>
        <time>2025-08-11T22:52:55.000Z</time>
        <extensions>
          <ns3:TrackPointExtension>
            <ns3:hr>149</ns3:hr>
            <ns3:cad>89</ns3:cad>
          </ns3:TrackPointExtension>
        </extensions>
      </trkpt>
      <trkpt lat="40.14705936424434185028076171875" lon="94.655165188014507293701171875">
        <ele>1139.5999755859375</ele>
        <time>2025-08-11T22:52:56.000Z</time>
        <extensions>
          <ns3:TrackPointExtension>
            <ns3:hr>148</ns3:hr>
            <ns3:cad>89</ns3:cad>
          </ns3:TrackPointExtension>
        </extensions>
      </trkpt>
      <trkpt lat="40.14707528986036777496337890625" lon="94.65518488548696041107177734375">
        <ele>1139.5999755859375</ele>
        <time>2025-08-11T22:52:57.000Z</time>
        <extensions>
          <ns3:TrackPointExtension>
            <ns3:hr>149</ns3:hr>
            <ns3:cad>89</ns3:cad>
          </ns3:TrackPointExtension>
        </extensions>
      </trkpt>
      <trkpt lat="40.14709373004734516143798828125" lon="94.6552062593400478363037109375">
        <ele>1139.5999755859375</ele>
        <time>2025-08-11T22:52:58.000Z</time>
        <extensions>
          <ns3:TrackPointExtension>
            <ns3:hr>148</ns3:hr>
            <ns3:cad>89</ns3:cad>
          </ns3:TrackPointExtension>
        </extensions>
      </trkpt>
      <trkpt lat="40.1471082307398319244384765625" lon="94.6552260406315326690673828125">
        <ele>1139.5999755859375</ele>
        <time>2025-08-11T22:52:59.000Z</time>
        <extensions>
          <ns3:TrackPointExtension>
            <ns3:hr>148</ns3:hr>
            <ns3:cad>89</ns3:cad>
          </ns3:TrackPointExtension>
        </extensions>
      </trkpt>
      <trkpt lat="40.1471306942403316497802734375" lon="94.65524171479046344757080078125">
        <ele>1139.5999755859375</ele>
        <time>2025-08-11T22:53:00.000Z</time>
        <extensions>
          <ns3:TrackPointExtension>
            <ns3:hr>148</ns3:hr>
            <ns3:cad>89</ns3:cad>
          </ns3:TrackPointExtension>
        </extensions>
      </trkpt>
      <trkpt lat="40.14715625904500484466552734375" lon="94.65525831095874309539794921875">
        <ele>1139.5999755859375</ele>
        <time>2025-08-11T22:53:01.000Z</time>
        <extensions>
          <ns3:TrackPointExtension>
            <ns3:hr>149</ns3:hr>
            <ns3:cad>89</ns3:cad>
          </ns3:TrackPointExtension>
        </extensions>
      </trkpt>
      <trkpt lat="40.147177465260028839111328125" lon="94.6552746556699275970458984375">
        <ele>1139.4000244140625</ele>
        <time>2025-08-11T22:53:02.000Z</time>
        <extensions>
          <ns3:TrackPointExtension>
            <ns3:hr>148</ns3:hr>
            <ns3:cad>89</ns3:cad>
          </ns3:TrackPointExtension>
        </extensions>
      </trkpt>
      <trkpt lat="40.1472011022269725799560546875" lon="94.65529435314238071441650390625">
        <ele>1139.4000244140625</ele>
        <time>2025-08-11T22:53:03.000Z</time>
        <extensions>
          <ns3:TrackPointExtension>
            <ns3:hr>148</ns3:hr>
            <ns3:cad>89</ns3:cad>
          </ns3:TrackPointExtension>
        </extensions>
      </trkpt>
      <trkpt lat="40.14722264371812343597412109375" lon="94.65532050468027591705322265625">
        <ele>1139.4000244140625</ele>
        <time>2025-08-11T22:53:04.000Z</time>
        <extensions>
          <ns3:TrackPointExtension>
            <ns3:hr>149</ns3:hr>
            <ns3:cad>89</ns3:cad>
          </ns3:TrackPointExtension>
        </extensions>
      </trkpt>
      <trkpt lat="40.1472456939518451690673828125" lon="94.655338190495967864990234375">
        <ele>1139.4000244140625</ele>
        <time>2025-08-11T22:53:05.000Z</time>
        <extensions>
          <ns3:TrackPointExtension>
            <ns3:hr>149</ns3:hr>
            <ns3:cad>89</ns3:cad>
          </ns3:TrackPointExtension>
        </extensions>
      </trkpt>
      <trkpt lat="40.14726991765201091766357421875" lon="94.65535352937877178192138671875">
        <ele>1139.4000244140625</ele>
        <time>2025-08-11T22:53:06.000Z</time>
        <extensions>
          <ns3:TrackPointExtension>
            <ns3:hr>149</ns3:hr>
            <ns3:cad>89</ns3:cad>
          </ns3:TrackPointExtension>
        </extensions>
      </trkpt>
      <trkpt lat="40.14729179441928863525390625" lon="94.6553725562989711761474609375">
        <ele>1139.4000244140625</ele>
        <time>2025-08-11T22:53:07.000Z</time>
        <extensions>
          <ns3:TrackPointExtension>
            <ns3:hr>148</ns3:hr>
            <ns3:cad>89</ns3:cad>
          </ns3:TrackPointExtension>
        </extensions>
      </trkpt>
      <trkpt lat="40.14731685630977153778076171875" lon="94.6553988754749298095703125">
        <ele>1139.4000244140625</ele>
        <time>2025-08-11T22:53:08.000Z</time>
        <extensions>
          <ns3:TrackPointExtension>
            <ns3:hr>149</ns3:hr>
            <ns3:cad>89</ns3:cad>
          </ns3:TrackPointExtension>
        </extensions>
      </trkpt>
      <trkpt lat="40.14733764342963695526123046875" lon="94.6554255299270153045654296875">
        <ele>1139.4000244140625</ele>
        <time>2025-08-11T22:53:09.000Z</time>
        <extensions>
          <ns3:TrackPointExtension>
            <ns3:hr>149</ns3:hr>
            <ns3:cad>89</ns3:cad>
          </ns3:TrackPointExtension>
        </extensions>
      </trkpt>
      <trkpt lat="40.14736027456820011138916015625" lon="94.65545444749295711517333984375">
        <ele>1139.4000244140625</ele>
        <time>2025-08-11T22:53:10.000Z</time>
        <extensions>
          <ns3:TrackPointExtension>
            <ns3:hr>149</ns3:hr>
            <ns3:cad>89</ns3:cad>
          </ns3:TrackPointExtension>
        </extensions>
      </trkpt>
      <trkpt lat="40.14738441444933414459228515625" lon="94.65547339059412479400634765625">
        <ele>1139.4000244140625</ele>
        <time>2025-08-11T22:53:11.000Z</time>
        <extensions>
          <ns3:TrackPointExtension>
            <ns3:hr>149</ns3:hr>
            <ns3:cad>89</ns3:cad>
          </ns3:TrackPointExtension>
        </extensions>
      </trkpt>
      <trkpt lat="40.14740369282662868499755859375" lon="94.6555046550929546356201171875">
        <ele>1139.4000244140625</ele>
        <time>2025-08-11T22:53:12.000Z</time>
        <extensions>
          <ns3:TrackPointExtension>
            <ns3:hr>148</ns3:hr>
            <ns3:cad>89</ns3:cad>
          </ns3:TrackPointExtension>
        </extensions>
      </trkpt>
      <trkpt lat="40.14742297120392322540283203125" lon="94.65552569366991519927978515625">
        <ele>1139.4000244140625</ele>
        <time>2025-08-11T22:53:13.000Z</time>
        <extensions>
          <ns3:TrackPointExtension>
            <ns3:hr>149</ns3:hr>
            <ns3:cad>89</ns3:cad>
          </ns3:TrackPointExtension>
        </extensions>
      </trkpt>
      <trkpt lat="40.14744124375283718109130859375" lon="94.6555562876164913177490234375">
        <ele>1139.199951171875</ele>
        <time>2025-08-11T22:53:14.000Z</time>
        <extensions>
          <ns3:TrackPointExtension>
            <ns3:hr>149</ns3:hr>
            <ns3:cad>88</ns3:cad>
          </ns3:TrackPointExtension>
        </extensions>
      </trkpt>
      <trkpt lat="40.1474606059491634368896484375" lon="94.655575565993785858154296875">
        <ele>1139.199951171875</ele>
        <time>2025-08-11T22:53:15.000Z</time>
        <extensions>
          <ns3:TrackPointExtension>
            <ns3:hr>149</ns3:hr>
            <ns3:cad>88</ns3:cad>
          </ns3:TrackPointExtension>
        </extensions>
      </trkpt>
      <trkpt lat="40.14748365618288516998291015625" lon="94.65559710748493671417236328125">
        <ele>1139.199951171875</ele>
        <time>2025-08-11T22:53:16.000Z</time>
        <extensions>
          <ns3:TrackPointExtension>
            <ns3:hr>148</ns3:hr>
            <ns3:cad>88</ns3:cad>
          </ns3:TrackPointExtension>
        </extensions>
      </trkpt>
      <trkpt lat="40.147506035864353179931640625" lon="94.65561353601515293121337890625">
        <ele>1139.199951171875</ele>
        <time>2025-08-11T22:53:17.000Z</time>
        <extensions>
          <ns3:TrackPointExtension>
            <ns3:hr>149</ns3:hr>
            <ns3:cad>88</ns3:cad>
          </ns3:TrackPointExtension>
        </extensions>
      </trkpt>
      <trkpt lat="40.147527493536472320556640625" lon="94.65564169920980930328369140625">
        <ele>1139.199951171875</ele>
        <time>2025-08-11T22:53:18.000Z</time>
        <extensions>
          <ns3:TrackPointExtension>
            <ns3:hr>149</ns3:hr>
            <ns3:cad>89</ns3:cad>
          </ns3:TrackPointExtension>
        </extensions>
      </trkpt>
      <trkpt lat="40.14755037613213062286376953125" lon="94.6556595526635646820068359375">
        <ele>1139.199951171875</ele>
        <time>2025-08-11T22:53:19.000Z</time>
        <extensions>
          <ns3:TrackPointExtension>
            <ns3:hr>148</ns3:hr>
            <ns3:cad>89</ns3:cad>
          </ns3:TrackPointExtension>
        </extensions>
      </trkpt>
      <trkpt lat="40.14757216908037662506103515625" lon="94.65568528510630130767822265625">
        <ele>1139.199951171875</ele>
        <time>2025-08-11T22:53:20.000Z</time>
        <extensions>
          <ns3:TrackPointExtension>
            <ns3:hr>148</ns3:hr>
            <ns3:cad>89</ns3:cad>
          </ns3:TrackPointExtension>
        </extensions>
      </trkpt>
      <trkpt lat="40.14758960343897342681884765625" lon="94.65570037253201007843017578125">
        <ele>1139.199951171875</ele>
        <time>2025-08-11T22:53:21.000Z</time>
        <extensions>
          <ns3:TrackPointExtension>
            <ns3:hr>148</ns3:hr>
            <ns3:cad>89</ns3:cad>
          </ns3:TrackPointExtension>
        </extensions>
      </trkpt>
      <trkpt lat="40.147608630359172821044921875" lon="94.65572501532733440399169921875">
        <ele>1139.199951171875</ele>
        <time>2025-08-11T22:53:22.000Z</time>
        <extensions>
          <ns3:TrackPointExtension>
            <ns3:hr>148</ns3:hr>
            <ns3:cad>89</ns3:cad>
          </ns3:TrackPointExtension>
        </extensions>
      </trkpt>
      <trkpt lat="40.14762614853680133819580078125" lon="94.65573892928659915924072265625">
        <ele>1139.199951171875</ele>
        <time>2025-08-11T22:53:23.000Z</time>
        <extensions>
          <ns3:TrackPointExtension>
            <ns3:hr>148</ns3:hr>
            <ns3:cad>89</ns3:cad>
          </ns3:TrackPointExtension>
        </extensions>
      </trkpt>
      <trkpt lat="40.1476443372666835784912109375" lon="94.6557624824345111846923828125">
        <ele>1139.199951171875</ele>
        <time>2025-08-11T22:53:24.000Z</time>
        <extensions>
          <ns3:TrackPointExtension>
            <ns3:hr>147</ns3:hr>
            <ns3:cad>89</ns3:cad>
          </ns3:TrackPointExtension>
        </extensions>
      </trkpt>
      <trkpt lat="40.147656910121440887451171875" lon="94.655776731669902801513671875">
        <ele>1139.199951171875</ele>
        <time>2025-08-11T22:53:25.000Z</time>
        <extensions>
          <ns3:TrackPointExtension>
            <ns3:hr>147</ns3:hr>
            <ns3:cad>89</ns3:cad>
          </ns3:TrackPointExtension>
        </extensions>
      </trkpt>
      <trkpt lat="40.14767375774681568145751953125" lon="94.655794836580753326416015625">
        <ele>1139.199951171875</ele>
        <time>2025-08-11T22:53:26.000Z</time>
        <extensions>
          <ns3:TrackPointExtension>
            <ns3:hr>147</ns3:hr>
            <ns3:cad>89</ns3:cad>
          </ns3:TrackPointExtension>
        </extensions>
      </trkpt>
      <trkpt lat="40.1476885937154293060302734375" lon="94.65581084601581096649169921875">
        <ele>1139.199951171875</ele>
        <time>2025-08-11T22:53:27.000Z</time>
        <extensions>
          <ns3:TrackPointExtension>
            <ns3:hr>147</ns3:hr>
            <ns3:cad>89</ns3:cad>
          </ns3:TrackPointExtension>
        </extensions>
      </trkpt>
      <trkpt lat="40.147705189883708953857421875" lon="94.6558285318315029144287109375">
        <ele>1139.199951171875</ele>
        <time>2025-08-11T22:53:28.000Z</time>
        <extensions>
          <ns3:TrackPointExtension>
            <ns3:hr>148</ns3:hr>
            <ns3:cad>89</ns3:cad>
          </ns3:TrackPointExtension>
        </extensions>
      </trkpt>
      <trkpt lat="40.1477201096713542938232421875" lon="94.6558432839810848236083984375">
        <ele>1139.199951171875</ele>
        <time>2025-08-11T22:53:29.000Z</time>
        <extensions>
          <ns3:TrackPointExtension>
            <ns3:hr>147</ns3:hr>
            <ns3:cad>89</ns3:cad>
          </ns3:TrackPointExtension>
        </extensions>
      </trkpt>
      <trkpt lat="40.14773695729672908782958984375" lon="94.6558647416532039642333984375">
        <ele>1139.199951171875</ele>
        <time>2025-08-11T22:53:30.000Z</time>
        <extensions>
          <ns3:TrackPointExtension>
            <ns3:hr>147</ns3:hr>
            <ns3:cad>90</ns3:cad>
          </ns3:TrackPointExtension>
        </extensions>
      </trkpt>
      <trkpt lat="40.1477526314556598663330078125" lon="94.6558808349072933197021484375">
        <ele>1139.199951171875</ele>
        <time>2025-08-11T22:53:31.000Z</time>
        <extensions>
          <ns3:TrackPointExtension>
            <ns3:hr>147</ns3:hr>
            <ns3:cad>90</ns3:cad>
          </ns3:TrackPointExtension>
        </extensions>
      </trkpt>
      <trkpt lat="40.147767551243305206298828125" lon="94.6558982692658901214599609375">
        <ele>1139.199951171875</ele>
        <time>2025-08-11T22:53:32.000Z</time>
        <extensions>
          <ns3:TrackPointExtension>
            <ns3:hr>147</ns3:hr>
            <ns3:cad>90</ns3:cad>
          </ns3:TrackPointExtension>
        </extensions>
      </trkpt>
      <trkpt lat="40.1477891765534877777099609375" lon="94.65591327287256717681884765625">
        <ele>1139.199951171875</ele>
        <time>2025-08-11T22:53:33.000Z</time>
        <extensions>
          <ns3:TrackPointExtension>
            <ns3:hr>146</ns3:hr>
            <ns3:cad>90</ns3:cad>
          </ns3:TrackPointExtension>
        </extensions>
      </trkpt>
      <trkpt lat="40.1478099636733531951904296875" lon="94.65593489818274974822998046875">
        <ele>1139.199951171875</ele>
        <time>2025-08-11T22:53:34.000Z</time>
        <extensions>
          <ns3:TrackPointExtension>
            <ns3:hr>146</ns3:hr>
            <ns3:cad>90</ns3:cad>
          </ns3:TrackPointExtension>
        </extensions>
      </trkpt>
      <trkpt lat="40.1478277333080768585205078125" lon="94.65595266781747341156005859375">
        <ele>1139.199951171875</ele>
        <time>2025-08-11T22:53:35.000Z</time>
        <extensions>
          <ns3:TrackPointExtension>
            <ns3:hr>146</ns3:hr>
            <ns3:cad>90</ns3:cad>
          </ns3:TrackPointExtension>
        </extensions>
      </trkpt>
      <trkpt lat="40.14784558676183223724365234375" lon="94.65597462840378284454345703125">
        <ele>1139</ele>
        <time>2025-08-11T22:53:36.000Z</time>
        <extensions>
          <ns3:TrackPointExtension>
            <ns3:hr>146</ns3:hr>
            <ns3:cad>90</ns3:cad>
          </ns3:TrackPointExtension>
        </extensions>
      </trkpt>
      <trkpt lat="40.1478666253387928009033203125" lon="94.6559968404471874237060546875">
        <ele>1139</ele>
        <time>2025-08-11T22:53:37.000Z</time>
        <extensions>
          <ns3:TrackPointExtension>
            <ns3:hr>146</ns3:hr>
            <ns3:cad>90</ns3:cad>
          </ns3:TrackPointExtension>
        </extensions>
      </trkpt>
      <trkpt lat="40.14788297004997730255126953125" lon="94.65602491982281208038330078125">
        <ele>1139</ele>
        <time>2025-08-11T22:53:38.000Z</time>
        <extensions>
          <ns3:TrackPointExtension>
            <ns3:hr>146</ns3:hr>
            <ns3:cad>90</ns3:cad>
          </ns3:TrackPointExtension>
        </extensions>
      </trkpt>
      <trkpt lat="40.1479051820933818817138671875" lon="94.65604788623750209808349609375">
        <ele>1139</ele>
        <time>2025-08-11T22:53:39.000Z</time>
        <extensions>
          <ns3:TrackPointExtension>
            <ns3:hr>146</ns3:hr>
            <ns3:cad>90</ns3:cad>
          </ns3:TrackPointExtension>
        </extensions>
      </trkpt>
      <trkpt lat="40.14792806468904018402099609375" lon="94.65607353486120700836181640625">
        <ele>1139</ele>
        <time>2025-08-11T22:53:40.000Z</time>
        <extensions>
          <ns3:TrackPointExtension>
            <ns3:hr>146</ns3:hr>
            <ns3:cad>90</ns3:cad>
          </ns3:TrackPointExtension>
        </extensions>
      </trkpt>
      <trkpt lat="40.1479517854750156402587890625" lon="94.65609415434300899505615234375">
        <ele>1139</ele>
        <time>2025-08-11T22:53:41.000Z</time>
        <extensions>
          <ns3:TrackPointExtension>
            <ns3:hr>146</ns3:hr>
            <ns3:cad>90</ns3:cad>
          </ns3:TrackPointExtension>
        </extensions>
      </trkpt>
      <trkpt lat="40.14797802083194255828857421875" lon="94.6561178751289844512939453125">
        <ele>1139</ele>
        <time>2025-08-11T22:53:42.000Z</time>
        <extensions>
          <ns3:TrackPointExtension>
            <ns3:hr>146</ns3:hr>
            <ns3:cad>90</ns3:cad>
          </ns3:TrackPointExtension>
        </extensions>
      </trkpt>
      <trkpt lat="40.14800584875047206878662109375" lon="94.6561383269727230072021484375">
        <ele>1139</ele>
        <time>2025-08-11T22:53:43.000Z</time>
        <extensions>
          <ns3:TrackPointExtension>
            <ns3:hr>146</ns3:hr>
            <ns3:cad>89</ns3:cad>
          </ns3:TrackPointExtension>
        </extensions>
      </trkpt>
      <trkpt lat="40.148029737174510955810546875" lon="94.65616523288190364837646484375">
        <ele>1138.800048828125</ele>
        <time>2025-08-11T22:53:44.000Z</time>
        <extensions>
          <ns3:TrackPointExtension>
            <ns3:hr>146</ns3:hr>
            <ns3:cad>89</ns3:cad>
          </ns3:TrackPointExtension>
        </extensions>
      </trkpt>
      <trkpt lat="40.14805513434112071990966796875" lon="94.65618275105953216552734375">
        <ele>1138.800048828125</ele>
        <time>2025-08-11T22:53:45.000Z</time>
        <extensions>
          <ns3:TrackPointExtension>
            <ns3:hr>147</ns3:hr>
            <ns3:cad>89</ns3:cad>
          </ns3:TrackPointExtension>
        </extensions>
      </trkpt>
      <trkpt lat="40.14807726256549358367919921875" lon="94.6562062203884124755859375">
        <ele>1138.800048828125</ele>
        <time>2025-08-11T22:53:46.000Z</time>
        <extensions>
          <ns3:TrackPointExtension>
            <ns3:hr>146</ns3:hr>
            <ns3:cad>89</ns3:cad>
          </ns3:TrackPointExtension>
        </extensions>
      </trkpt>
      <trkpt lat="40.14810056425631046295166015625" lon="94.6562290191650390625">
        <ele>1138.800048828125</ele>
        <time>2025-08-11T22:53:47.000Z</time>
        <extensions>
          <ns3:TrackPointExtension>
            <ns3:hr>146</ns3:hr>
            <ns3:cad>89</ns3:cad>
          </ns3:TrackPointExtension>
        </extensions>
      </trkpt>
      <trkpt lat="40.1481224410235881805419921875" lon="94.6562516503036022186279296875">
        <ele>1138.800048828125</ele>
        <time>2025-08-11T22:53:48.000Z</time>
        <extensions>
          <ns3:TrackPointExtension>
            <ns3:hr>146</ns3:hr>
            <ns3:cad>89</ns3:cad>
          </ns3:TrackPointExtension>
        </extensions>
      </trkpt>
      <trkpt lat="40.1481454074382781982421875" lon="94.65626799501478672027587890625">
        <ele>1138.800048828125</ele>
        <time>2025-08-11T22:53:49.000Z</time>
        <extensions>
          <ns3:TrackPointExtension>
            <ns3:hr>146</ns3:hr>
            <ns3:cad>90</ns3:cad>
          </ns3:TrackPointExtension>
        </extensions>
      </trkpt>
      <trkpt lat="40.14816594310104846954345703125" lon="94.6562935598194599151611328125">
        <ele>1138.800048828125</ele>
        <time>2025-08-11T22:53:50.000Z</time>
        <extensions>
          <ns3:TrackPointExtension>
            <ns3:hr>147</ns3:hr>
            <ns3:cad>90</ns3:cad>
          </ns3:TrackPointExtension>
        </extensions>
      </trkpt>
      <trkpt lat="40.148185975849628448486328125" lon="94.656313173472881317138671875">
        <ele>1138.800048828125</ele>
        <time>2025-08-11T22:53:51.000Z</time>
        <extensions>
          <ns3:TrackPointExtension>
            <ns3:hr>146</ns3:hr>
            <ns3:cad>90</ns3:cad>
          </ns3:TrackPointExtension>
        </extensions>
      </trkpt>
      <trkpt lat="40.14821019954979419708251953125" lon="94.65633790008723735809326171875">
        <ele>1138.5999755859375</ele>
        <time>2025-08-11T22:53:52.000Z</time>
        <extensions>
          <ns3:TrackPointExtension>
            <ns3:hr>147</ns3:hr>
            <ns3:cad>90</ns3:cad>
          </ns3:TrackPointExtension>
        </extensions>
      </trkpt>
      <trkpt lat="40.14823014847934246063232421875" lon="94.65635667555034160614013671875">
        <ele>1138.5999755859375</ele>
        <time>2025-08-11T22:53:53.000Z</time>
        <extensions>
          <ns3:TrackPointExtension>
            <ns3:hr>147</ns3:hr>
            <ns3:cad>90</ns3:cad>
          </ns3:TrackPointExtension>
        </extensions>
      </trkpt>
      <trkpt lat="40.14825177378952503204345703125" lon="94.6563770435750484466552734375">
        <ele>1138.5999755859375</ele>
        <time>2025-08-11T22:53:54.000Z</time>
        <extensions>
          <ns3:TrackPointExtension>
            <ns3:hr>147</ns3:hr>
            <ns3:cad>90</ns3:cad>
          </ns3:TrackPointExtension>
        </extensions>
      </trkpt>
      <trkpt lat="40.14827289618551731109619140625" lon="94.6563934721052646636962890625">
        <ele>1138.5999755859375</ele>
        <time>2025-08-11T22:53:55.000Z</time>
        <extensions>
          <ns3:TrackPointExtension>
            <ns3:hr>147</ns3:hr>
            <ns3:cad>90</ns3:cad>
          </ns3:TrackPointExtension>
        </extensions>
      </trkpt>
      <trkpt lat="40.14829636551439762115478515625" lon="94.65641166083514690399169921875">
        <ele>1138.5999755859375</ele>
        <time>2025-08-11T22:53:56.000Z</time>
        <extensions>
          <ns3:TrackPointExtension>
            <ns3:hr>147</ns3:hr>
            <ns3:cad>90</ns3:cad>
          </ns3:TrackPointExtension>
        </extensions>
      </trkpt>
      <trkpt lat="40.148317404091358184814453125" lon="94.65642951428890228271484375">
        <ele>1138.5999755859375</ele>
        <time>2025-08-11T22:53:57.000Z</time>
        <extensions>
          <ns3:TrackPointExtension>
            <ns3:hr>147</ns3:hr>
            <ns3:cad>90</ns3:cad>
          </ns3:TrackPointExtension>
        </extensions>
      </trkpt>
      <trkpt lat="40.14833651483058929443359375" lon="94.65644753538072109222412109375">
        <ele>1138.5999755859375</ele>
        <time>2025-08-11T22:53:58.000Z</time>
        <extensions>
          <ns3:TrackPointExtension>
            <ns3:hr>147</ns3:hr>
            <ns3:cad>90</ns3:cad>
          </ns3:TrackPointExtension>
        </extensions>
      </trkpt>
      <trkpt lat="40.148357637226581573486328125" lon="94.65647016651928424835205078125">
        <ele>1138.5999755859375</ele>
        <time>2025-08-11T22:53:59.000Z</time>
        <extensions>
          <ns3:TrackPointExtension>
            <ns3:hr>147</ns3:hr>
            <ns3:cad>90</ns3:cad>
          </ns3:TrackPointExtension>
        </extensions>
      </trkpt>
      <trkpt lat="40.1483760774135589599609375" lon="94.65649263001978397369384765625">
        <ele>1138.5999755859375</ele>
        <time>2025-08-11T22:54:00.000Z</time>
        <extensions>
          <ns3:TrackPointExtension>
            <ns3:hr>147</ns3:hr>
            <ns3:cad>90</ns3:cad>
          </ns3:TrackPointExtension>
        </extensions>
      </trkpt>
      <trkpt lat="40.1483956910669803619384765625" lon="94.6565131656825542449951171875">
        <ele>1138.5999755859375</ele>
        <time>2025-08-11T22:54:01.000Z</time>
        <extensions>
          <ns3:TrackPointExtension>
            <ns3:hr>148</ns3:hr>
            <ns3:cad>90</ns3:cad>
          </ns3:TrackPointExtension>
        </extensions>
      </trkpt>
      <trkpt lat="40.148413293063640594482421875" lon="94.65653546154499053955078125">
        <ele>1138.5999755859375</ele>
        <time>2025-08-11T22:54:02.000Z</time>
        <extensions>
          <ns3:TrackPointExtension>
            <ns3:hr>147</ns3:hr>
            <ns3:cad>90</ns3:cad>
          </ns3:TrackPointExtension>
        </extensions>
      </trkpt>
      <trkpt lat="40.14843315817415714263916015625" lon="94.65655968524515628814697265625">
        <ele>1138.5999755859375</ele>
        <time>2025-08-11T22:54:03.000Z</time>
        <extensions>
          <ns3:TrackPointExtension>
            <ns3:hr>147</ns3:hr>
            <ns3:cad>90</ns3:cad>
          </ns3:TrackPointExtension>
        </extensions>
      </trkpt>
      <trkpt lat="40.1484489999711513519287109375" lon="94.6565790474414825439453125">
        <ele>1138.5999755859375</ele>
        <time>2025-08-11T22:54:04.000Z</time>
        <extensions>
          <ns3:TrackPointExtension>
            <ns3:hr>148</ns3:hr>
            <ns3:cad>90</ns3:cad>
          </ns3:TrackPointExtension>
        </extensions>
      </trkpt>
      <trkpt lat="40.148473642766475677490234375" lon="94.6566043607890605926513671875">
        <ele>1138.5999755859375</ele>
        <time>2025-08-11T22:54:05.000Z</time>
        <extensions>
          <ns3:TrackPointExtension>
            <ns3:hr>147</ns3:hr>
            <ns3:cad>90</ns3:cad>
          </ns3:TrackPointExtension>
        </extensions>
      </trkpt>
      <trkpt lat="40.1484925858676433563232421875" lon="94.6566219627857208251953125">
        <ele>1138.5999755859375</ele>
        <time>2025-08-11T22:54:06.000Z</time>
        <extensions>
          <ns3:TrackPointExtension>
            <ns3:hr>147</ns3:hr>
            <ns3:cad>90</ns3:cad>
          </ns3:TrackPointExtension>
        </extensions>
      </trkpt>
      <trkpt lat="40.14851362444460391998291015625" lon="94.65664132498204708099365234375">
        <ele>1138.5999755859375</ele>
        <time>2025-08-11T22:54:07.000Z</time>
        <extensions>
          <ns3:TrackPointExtension>
            <ns3:hr>148</ns3:hr>
            <ns3:cad>90</ns3:cad>
          </ns3:TrackPointExtension>
        </extensions>
      </trkpt>
      <trkpt lat="40.148530639708042144775390625" lon="94.6566580049693584442138671875">
        <ele>1138.5999755859375</ele>
        <time>2025-08-11T22:54:08.000Z</time>
        <extensions>
          <ns3:TrackPointExtension>
            <ns3:hr>147</ns3:hr>
            <ns3:cad>90</ns3:cad>
          </ns3:TrackPointExtension>
        </extensions>
      </trkpt>
      <trkpt lat="40.1485556177794933319091796875" lon="94.65668675489723682403564453125">
        <ele>1138.5999755859375</ele>
        <time>2025-08-11T22:54:09.000Z</time>
        <extensions>
          <ns3:TrackPointExtension>
            <ns3:hr>147</ns3:hr>
            <ns3:cad>90</ns3:cad>
          </ns3:TrackPointExtension>
        </extensions>
      </trkpt>
      <trkpt lat="40.14857632108032703399658203125" lon="94.6567036025226116180419921875">
        <ele>1138.5999755859375</ele>
        <time>2025-08-11T22:54:10.000Z</time>
        <extensions>
          <ns3:TrackPointExtension>
            <ns3:hr>148</ns3:hr>
            <ns3:cad>90</ns3:cad>
          </ns3:TrackPointExtension>
        </extensions>
      </trkpt>
      <trkpt lat="40.14860381372272968292236328125" lon="94.65673201717436313629150390625">
        <ele>1138.5999755859375</ele>
        <time>2025-08-11T22:54:11.000Z</time>
        <extensions>
          <ns3:TrackPointExtension>
            <ns3:hr>148</ns3:hr>
            <ns3:cad>90</ns3:cad>
          </ns3:TrackPointExtension>
        </extensions>
      </trkpt>
      <trkpt lat="40.1486246846616268157958984375" lon="94.65674743987619876861572265625">
        <ele>1138.5999755859375</ele>
        <time>2025-08-11T22:54:12.000Z</time>
        <extensions>
          <ns3:TrackPointExtension>
            <ns3:hr>148</ns3:hr>
            <ns3:cad>90</ns3:cad>
          </ns3:TrackPointExtension>
        </extensions>
      </trkpt>
      <trkpt lat="40.14865159057080745697021484375" lon="94.65677493251860141754150390625">
        <ele>1138.5999755859375</ele>
        <time>2025-08-11T22:54:13.000Z</time>
        <extensions>
          <ns3:TrackPointExtension>
            <ns3:hr>148</ns3:hr>
            <ns3:cad>90</ns3:cad>
          </ns3:TrackPointExtension>
        </extensions>
      </trkpt>
      <trkpt lat="40.1486746408045291900634765625" lon="94.6567941270768642425537109375">
        <ele>1138.5999755859375</ele>
        <time>2025-08-11T22:54:14.000Z</time>
        <extensions>
          <ns3:TrackPointExtension>
            <ns3:hr>148</ns3:hr>
            <ns3:cad>91</ns3:cad>
          </ns3:TrackPointExtension>
        </extensions>
      </trkpt>
      <trkpt lat="40.14869861304759979248046875" lon="94.65681835077702999114990234375">
        <ele>1138.5999755859375</ele>
        <time>2025-08-11T22:54:15.000Z</time>
        <extensions>
          <ns3:TrackPointExtension>
            <ns3:hr>148</ns3:hr>
            <ns3:cad>91</ns3:cad>
          </ns3:TrackPointExtension>
        </extensions>
      </trkpt>
      <trkpt lat="40.1487212441861629486083984375" lon="94.65683293528854846954345703125">
        <ele>1138.5999755859375</ele>
        <time>2025-08-11T22:54:16.000Z</time>
        <extensions>
          <ns3:TrackPointExtension>
            <ns3:hr>148</ns3:hr>
            <ns3:cad>91</ns3:cad>
          </ns3:TrackPointExtension>
        </extensions>
      </trkpt>
      <trkpt lat="40.14875167049467563629150390625" lon="94.65685464441776275634765625">
        <ele>1138.5999755859375</ele>
        <time>2025-08-11T22:54:17.000Z</time>
        <extensions>
          <ns3:TrackPointExtension>
            <ns3:hr>148</ns3:hr>
            <ns3:cad>90</ns3:cad>
          </ns3:TrackPointExtension>
        </extensions>
      </trkpt>
      <trkpt lat="40.14877463690936565399169921875" lon="94.65687400661408901214599609375">
        <ele>1138.800048828125</ele>
        <time>2025-08-11T22:54:18.000Z</time>
        <extensions>
          <ns3:TrackPointExtension>
            <ns3:hr>148</ns3:hr>
            <ns3:cad>90</ns3:cad>
          </ns3:TrackPointExtension>
        </extensions>
      </trkpt>
      <trkpt lat="40.14880179427564144134521484375" lon="94.6568970568478107452392578125">
        <ele>1138.800048828125</ele>
        <time>2025-08-11T22:54:19.000Z</time>
        <extensions>
          <ns3:TrackPointExtension>
            <ns3:hr>148</ns3:hr>
            <ns3:cad>89</ns3:cad>
          </ns3:TrackPointExtension>
        </extensions>
      </trkpt>
      <trkpt lat="40.14882258139550685882568359375" lon="94.65691030025482177734375">
        <ele>1138.800048828125</ele>
        <time>2025-08-11T22:54:20.000Z</time>
        <extensions>
          <ns3:TrackPointExtension>
            <ns3:hr>148</ns3:hr>
            <ns3:cad>89</ns3:cad>
          </ns3:TrackPointExtension>
        </extensions>
      </trkpt>
      <trkpt lat="40.14885074459016323089599609375" lon="94.65692899189889430999755859375">
        <ele>1138.800048828125</ele>
        <time>2025-08-11T22:54:21.000Z</time>
        <extensions>
          <ns3:TrackPointExtension>
            <ns3:hr>148</ns3:hr>
            <ns3:cad>89</ns3:cad>
          </ns3:TrackPointExtension>
        </extensions>
      </trkpt>
      <trkpt lat="40.1488734595477581024169921875" lon="94.65694810263812541961669921875">
        <ele>1138.800048828125</ele>
        <time>2025-08-11T22:54:22.000Z</time>
        <extensions>
          <ns3:TrackPointExtension>
            <ns3:hr>149</ns3:hr>
            <ns3:cad>89</ns3:cad>
          </ns3:TrackPointExtension>
        </extensions>
      </trkpt>
      <trkpt lat="40.14890120364725589752197265625" lon="94.65697777457535266876220703125">
        <ele>1138.800048828125</ele>
        <time>2025-08-11T22:54:23.000Z</time>
        <extensions>
          <ns3:TrackPointExtension>
            <ns3:hr>148</ns3:hr>
            <ns3:cad>89</ns3:cad>
          </ns3:TrackPointExtension>
        </extensions>
      </trkpt>
      <trkpt lat="40.14892165549099445343017578125" lon="94.65699705295264720916748046875">
        <ele>1138.800048828125</ele>
        <time>2025-08-11T22:54:24.000Z</time>
        <extensions>
          <ns3:TrackPointExtension>
            <ns3:hr>148</ns3:hr>
            <ns3:cad>89</ns3:cad>
          </ns3:TrackPointExtension>
        </extensions>
      </trkpt>
      <trkpt lat="40.14895333908498287200927734375" lon="94.6570241264998912811279296875">
        <ele>1138.800048828125</ele>
        <time>2025-08-11T22:54:25.000Z</time>
        <extensions>
          <ns3:TrackPointExtension>
            <ns3:hr>149</ns3:hr>
            <ns3:cad>90</ns3:cad>
          </ns3:TrackPointExtension>
        </extensions>
      </trkpt>
      <trkpt lat="40.148971863090991973876953125" lon="94.65704231522977352142333984375">
        <ele>1138.800048828125</ele>
        <time>2025-08-11T22:54:26.000Z</time>
        <extensions>
          <ns3:TrackPointExtension>
            <ns3:hr>148</ns3:hr>
            <ns3:cad>90</ns3:cad>
          </ns3:TrackPointExtension>
        </extensions>
      </trkpt>
      <trkpt lat="40.14899860136210918426513671875" lon="94.6570646949112415313720703125">
        <ele>1138.800048828125</ele>
        <time>2025-08-11T22:54:27.000Z</time>
        <extensions>
          <ns3:TrackPointExtension>
            <ns3:hr>148</ns3:hr>
            <ns3:cad>92</ns3:cad>
          </ns3:TrackPointExtension>
        </extensions>
      </trkpt>
      <trkpt lat="40.14902022667229175567626953125" lon="94.65708171017467975616455078125">
        <ele>1138.800048828125</ele>
        <time>2025-08-11T22:54:28.000Z</time>
        <extensions>
          <ns3:TrackPointExtension>
            <ns3:hr>149</ns3:hr>
            <ns3:cad>92</ns3:cad>
          </ns3:TrackPointExtension>
        </extensions>
      </trkpt>
      <trkpt lat="40.1490387506783008575439453125" lon="94.65711188502609729766845703125">
        <ele>1138.800048828125</ele>
        <time>2025-08-11T22:54:29.000Z</time>
        <extensions>
          <ns3:TrackPointExtension>
            <ns3:hr>149</ns3:hr>
            <ns3:cad>92</ns3:cad>
          </ns3:TrackPointExtension>
        </extensions>
      </trkpt>
      <trkpt lat="40.14905945397913455963134765625" lon="94.657133258879184722900390625">
        <ele>1138.800048828125</ele>
        <time>2025-08-11T22:54:30.000Z</time>
        <extensions>
          <ns3:TrackPointExtension>
            <ns3:hr>149</ns3:hr>
            <ns3:cad>92</ns3:cad>
          </ns3:TrackPointExtension>
        </extensions>
      </trkpt>
      <trkpt lat="40.14907957054674625396728515625" lon="94.65716234408318996429443359375">
        <ele>1138.800048828125</ele>
        <time>2025-08-11T22:54:31.000Z</time>
        <extensions>
          <ns3:TrackPointExtension>
            <ns3:hr>149</ns3:hr>
            <ns3:cad>92</ns3:cad>
          </ns3:TrackPointExtension>
        </extensions>
      </trkpt>
      <trkpt lat="40.14909801073372364044189453125" lon="94.65718396939337253570556640625">
        <ele>1138.800048828125</ele>
        <time>2025-08-11T22:54:32.000Z</time>
        <extensions>
          <ns3:TrackPointExtension>
            <ns3:hr>149</ns3:hr>
            <ns3:cad>91</ns3:cad>
          </ns3:TrackPointExtension>
        </extensions>
      </trkpt>
      <trkpt lat="40.149119384586811065673828125" lon="94.65721531771123409271240234375">
        <ele>1138.800048828125</ele>
        <time>2025-08-11T22:54:33.000Z</time>
        <extensions>
          <ns3:TrackPointExtension>
            <ns3:hr>149</ns3:hr>
            <ns3:cad>90</ns3:cad>
          </ns3:TrackPointExtension>
        </extensions>
      </trkpt>
      <trkpt lat="40.14913740567862987518310546875" lon="94.65723241679370403289794921875">
        <ele>1138.800048828125</ele>
        <time>2025-08-11T22:54:34.000Z</time>
        <extensions>
          <ns3:TrackPointExtension>
            <ns3:hr>149</ns3:hr>
            <ns3:cad>90</ns3:cad>
          </ns3:TrackPointExtension>
        </extensions>
      </trkpt>
      <trkpt lat="40.1491619646549224853515625" lon="94.6572544611990451812744140625">
        <ele>1138.800048828125</ele>
        <time>2025-08-11T22:54:35.000Z</time>
        <extensions>
          <ns3:TrackPointExtension>
            <ns3:hr>150</ns3:hr>
            <ns3:cad>90</ns3:cad>
          </ns3:TrackPointExtension>
        </extensions>
      </trkpt>
      <trkpt lat="40.1491839252412319183349609375" lon="94.6572712250053882598876953125">
        <ele>1139</ele>
        <time>2025-08-11T22:54:36.000Z</time>
        <extensions>
          <ns3:TrackPointExtension>
            <ns3:hr>150</ns3:hr>
            <ns3:cad>89</ns3:cad>
          </ns3:TrackPointExtension>
        </extensions>
      </trkpt>
      <trkpt lat="40.1492077298462390899658203125" lon="94.65728958137333393096923828125">
        <ele>1139</ele>
        <time>2025-08-11T22:54:37.000Z</time>
        <extensions>
          <ns3:TrackPointExtension>
            <ns3:hr>150</ns3:hr>
            <ns3:cad>89</ns3:cad>
          </ns3:TrackPointExtension>
        </extensions>
      </trkpt>
      <trkpt lat="40.149227343499660491943359375" lon="94.6573087759315967559814453125">
        <ele>1139</ele>
        <time>2025-08-11T22:54:38.000Z</time>
        <extensions>
          <ns3:TrackPointExtension>
            <ns3:hr>150</ns3:hr>
            <ns3:cad>89</ns3:cad>
          </ns3:TrackPointExtension>
        </extensions>
      </trkpt>
      <trkpt lat="40.14924502931535243988037109375" lon="94.65732780285179615020751953125">
        <ele>1139</ele>
        <time>2025-08-11T22:54:39.000Z</time>
        <extensions>
          <ns3:TrackPointExtension>
            <ns3:hr>150</ns3:hr>
            <ns3:cad>88</ns3:cad>
          </ns3:TrackPointExtension>
        </extensions>
      </trkpt>
      <trkpt lat="40.1492637209594249725341796875" lon="94.657345153391361236572265625">
        <ele>1139</ele>
        <time>2025-08-11T22:54:40.000Z</time>
        <extensions>
          <ns3:TrackPointExtension>
            <ns3:hr>150</ns3:hr>
            <ns3:cad>88</ns3:cad>
          </ns3:TrackPointExtension>
        </extensions>
      </trkpt>
      <trkpt lat="40.14928559772670269012451171875" lon="94.65736283920705318450927734375">
        <ele>1139</ele>
        <time>2025-08-11T22:54:41.000Z</time>
        <extensions>
          <ns3:TrackPointExtension>
            <ns3:hr>150</ns3:hr>
            <ns3:cad>88</ns3:cad>
          </ns3:TrackPointExtension>
        </extensions>
      </trkpt>
      <trkpt lat="40.14930470846593379974365234375" lon="94.65737742371857166290283203125">
        <ele>1139</ele>
        <time>2025-08-11T22:54:42.000Z</time>
        <extensions>
          <ns3:TrackPointExtension>
            <ns3:hr>150</ns3:hr>
            <ns3:cad>89</ns3:cad>
          </ns3:TrackPointExtension>
        </extensions>
      </trkpt>
      <trkpt lat="40.1493284292519092559814453125" lon="94.65739603154361248016357421875">
        <ele>1139</ele>
        <time>2025-08-11T22:54:43.000Z</time>
        <extensions>
          <ns3:TrackPointExtension>
            <ns3:hr>150</ns3:hr>
            <ns3:cad>89</ns3:cad>
          </ns3:TrackPointExtension>
        </extensions>
      </trkpt>
      <trkpt lat="40.14934561215341091156005859375" lon="94.6574147231876850128173828125">
        <ele>1138.800048828125</ele>
        <time>2025-08-11T22:54:44.000Z</time>
        <extensions>
          <ns3:TrackPointExtension>
            <ns3:hr>151</ns3:hr>
            <ns3:cad>89</ns3:cad>
          </ns3:TrackPointExtension>
        </extensions>
      </trkpt>
      <trkpt lat="40.14936824329197406768798828125" lon="94.65743458829820156097412109375">
        <ele>1138.800048828125</ele>
        <time>2025-08-11T22:54:45.000Z</time>
        <extensions>
          <ns3:TrackPointExtension>
            <ns3:hr>151</ns3:hr>
            <ns3:cad>89</ns3:cad>
          </ns3:TrackPointExtension>
        </extensions>
      </trkpt>
      <trkpt lat="40.14939053915441036224365234375" lon="94.6574542857706546783447265625">
        <ele>1138.800048828125</ele>
        <time>2025-08-11T22:54:46.000Z</time>
        <extensions>
          <ns3:TrackPointExtension>
            <ns3:hr>151</ns3:hr>
            <ns3:cad>89</ns3:cad>
          </ns3:TrackPointExtension>
        </extensions>
      </trkpt>
      <trkpt lat="40.149419121444225311279296875" lon="94.65747289359569549560546875">
        <ele>1138.800048828125</ele>
        <time>2025-08-11T22:54:47.000Z</time>
        <extensions>
          <ns3:TrackPointExtension>
            <ns3:hr>150</ns3:hr>
            <ns3:cad>89</ns3:cad>
          </ns3:TrackPointExtension>
        </extensions>
      </trkpt>
      <trkpt lat="40.14943781308829784393310546875" lon="94.65749577619135379791259765625">
        <ele>1138.800048828125</ele>
        <time>2025-08-11T22:54:48.000Z</time>
        <extensions>
          <ns3:TrackPointExtension>
            <ns3:hr>151</ns3:hr>
            <ns3:cad>89</ns3:cad>
          </ns3:TrackPointExtension>
        </extensions>
      </trkpt>
      <trkpt lat="40.14946170151233673095703125" lon="94.6575223468244075775146484375">
        <ele>1138.800048828125</ele>
        <time>2025-08-11T22:54:49.000Z</time>
        <extensions>
          <ns3:TrackPointExtension>
            <ns3:hr>151</ns3:hr>
            <ns3:cad>89</ns3:cad>
          </ns3:TrackPointExtension>
        </extensions>
      </trkpt>
      <trkpt lat="40.14947469346225261688232421875" lon="94.65754589997231960296630859375">
        <ele>1138.800048828125</ele>
        <time>2025-08-11T22:54:50.000Z</time>
        <extensions>
          <ns3:TrackPointExtension>
            <ns3:hr>150</ns3:hr>
            <ns3:cad>90</ns3:cad>
          </ns3:TrackPointExtension>
        </extensions>
      </trkpt>
      <trkpt lat="40.14949481002986431121826171875" lon="94.657577164471149444580078125">
        <ele>1138.800048828125</ele>
        <time>2025-08-11T22:54:51.000Z</time>
        <extensions>
          <ns3:TrackPointExtension>
            <ns3:hr>151</ns3:hr>
            <ns3:cad>90</ns3:cad>
          </ns3:TrackPointExtension>
        </extensions>
      </trkpt>
      <trkpt lat="40.14951207675039768218994140625" lon="94.65759719721972942352294921875">
        <ele>1138.800048828125</ele>
        <time>2025-08-11T22:54:52.000Z</time>
        <extensions>
          <ns3:TrackPointExtension>
            <ns3:hr>150</ns3:hr>
            <ns3:cad>90</ns3:cad>
          </ns3:TrackPointExtension>
        </extensions>
      </trkpt>
      <trkpt lat="40.14953470788896083831787109375" lon="94.6576269529759883880615234375">
        <ele>1138.800048828125</ele>
        <time>2025-08-11T22:54:53.000Z</time>
        <extensions>
          <ns3:TrackPointExtension>
            <ns3:hr>149</ns3:hr>
            <ns3:cad>89</ns3:cad>
          </ns3:TrackPointExtension>
        </extensions>
      </trkpt>
      <trkpt lat="40.1495567522943019866943359375" lon="94.65764732100069522857666015625">
        <ele>1138.800048828125</ele>
        <time>2025-08-11T22:54:54.000Z</time>
        <extensions>
          <ns3:TrackPointExtension>
            <ns3:hr>149</ns3:hr>
            <ns3:cad>89</ns3:cad>
          </ns3:TrackPointExtension>
        </extensions>
      </trkpt>
      <trkpt lat="40.14958240091800689697265625" lon="94.65767095796763896942138671875">
        <ele>1138.800048828125</ele>
        <time>2025-08-11T22:54:55.000Z</time>
        <extensions>
          <ns3:TrackPointExtension>
            <ns3:hr>148</ns3:hr>
            <ns3:cad>89</ns3:cad>
          </ns3:TrackPointExtension>
        </extensions>
      </trkpt>
      <trkpt lat="40.14960813336074352264404296875" lon="94.657689817249774932861328125">
        <ele>1138.800048828125</ele>
        <time>2025-08-11T22:54:56.000Z</time>
        <extensions>
          <ns3:TrackPointExtension>
            <ns3:hr>148</ns3:hr>
            <ns3:cad>90</ns3:cad>
          </ns3:TrackPointExtension>
        </extensions>
      </trkpt>
      <trkpt lat="40.14963646419346332550048828125" lon="94.6577104367315769195556640625">
        <ele>1139</ele>
        <time>2025-08-11T22:54:57.000Z</time>
        <extensions>
          <ns3:TrackPointExtension>
            <ns3:hr>148</ns3:hr>
            <ns3:cad>90</ns3:cad>
          </ns3:TrackPointExtension>
        </extensions>
      </trkpt>
      <trkpt lat="40.1496593467891216278076171875" lon="94.65772770345211029052734375">
        <ele>1139</ele>
        <time>2025-08-11T22:54:58.000Z</time>
        <extensions>
          <ns3:TrackPointExtension>
            <ns3:hr>148</ns3:hr>
            <ns3:cad>90</ns3:cad>
          </ns3:TrackPointExtension>
        </extensions>
      </trkpt>
      <trkpt lat="40.14968256466090679168701171875" lon="94.65775259770452976226806640625">
        <ele>1139</ele>
        <time>2025-08-11T22:54:59.000Z</time>
        <extensions>
          <ns3:TrackPointExtension>
            <ns3:hr>149</ns3:hr>
            <ns3:cad>90</ns3:cad>
          </ns3:TrackPointExtension>
        </extensions>
      </trkpt>
      <trkpt lat="40.14970687218010425567626953125" lon="94.65776399709284305572509765625">
        <ele>1139</ele>
        <time>2025-08-11T22:55:00.000Z</time>
        <extensions>
          <ns3:TrackPointExtension>
            <ns3:hr>149</ns3:hr>
            <ns3:cad>90</ns3:cad>
          </ns3:TrackPointExtension>
        </extensions>
      </trkpt>
      <trkpt lat="40.14972883276641368865966796875" lon="94.65778805315494537353515625">
        <ele>1139</ele>
        <time>2025-08-11T22:55:01.000Z</time>
        <extensions>
          <ns3:TrackPointExtension>
            <ns3:hr>149</ns3:hr>
            <ns3:cad>90</ns3:cad>
          </ns3:TrackPointExtension>
        </extensions>
      </trkpt>
      <trkpt lat="40.14975280500948429107666015625" lon="94.6578048169612884521484375">
        <ele>1139</ele>
        <time>2025-08-11T22:55:02.000Z</time>
        <extensions>
          <ns3:TrackPointExtension>
            <ns3:hr>149</ns3:hr>
            <ns3:cad>89</ns3:cad>
          </ns3:TrackPointExtension>
        </extensions>
      </trkpt>
      <trkpt lat="40.14977820217609405517578125" lon="94.65783088468015193939208984375">
        <ele>1139</ele>
        <time>2025-08-11T22:55:03.000Z</time>
        <extensions>
          <ns3:TrackPointExtension>
            <ns3:hr>149</ns3:hr>
            <ns3:cad>89</ns3:cad>
          </ns3:TrackPointExtension>
        </extensions>
      </trkpt>
      <trkpt lat="40.14980058185756206512451171875" lon="94.6578450500965118408203125">
        <ele>1139</ele>
        <time>2025-08-11T22:55:04.000Z</time>
        <extensions>
          <ns3:TrackPointExtension>
            <ns3:hr>149</ns3:hr>
            <ns3:cad>89</ns3:cad>
          </ns3:TrackPointExtension>
        </extensions>
      </trkpt>
      <trkpt lat="40.1498246379196643829345703125" lon="94.65787120163440704345703125">
        <ele>1139</ele>
        <time>2025-08-11T22:55:05.000Z</time>
        <extensions>
          <ns3:TrackPointExtension>
            <ns3:hr>149</ns3:hr>
            <ns3:cad>89</ns3:cad>
          </ns3:TrackPointExtension>
        </extensions>
      </trkpt>
      <trkpt lat="40.1498420722782611846923828125" lon="94.657884277403354644775390625">
        <ele>1139</ele>
        <time>2025-08-11T22:55:06.000Z</time>
        <extensions>
          <ns3:TrackPointExtension>
            <ns3:hr>148</ns3:hr>
            <ns3:cad>89</ns3:cad>
          </ns3:TrackPointExtension>
        </extensions>
      </trkpt>
      <trkpt lat="40.1498608477413654327392578125" lon="94.657909087836742401123046875">
        <ele>1139</ele>
        <time>2025-08-11T22:55:07.000Z</time>
        <extensions>
          <ns3:TrackPointExtension>
            <ns3:hr>148</ns3:hr>
            <ns3:cad>90</ns3:cad>
          </ns3:TrackPointExtension>
        </extensions>
      </trkpt>
      <trkpt lat="40.14988205395638942718505859375" lon="94.65792442671954631805419921875">
        <ele>1139.199951171875</ele>
        <time>2025-08-11T22:55:08.000Z</time>
        <extensions>
          <ns3:TrackPointExtension>
            <ns3:hr>148</ns3:hr>
            <ns3:cad>90</ns3:cad>
          </ns3:TrackPointExtension>
        </extensions>
      </trkpt>
      <trkpt lat="40.1498983986675739288330078125" lon="94.65794806368649005889892578125">
        <ele>1139.199951171875</ele>
        <time>2025-08-11T22:55:09.000Z</time>
        <extensions>
          <ns3:TrackPointExtension>
            <ns3:hr>148</ns3:hr>
            <ns3:cad>89</ns3:cad>
          </ns3:TrackPointExtension>
        </extensions>
      </trkpt>
      <trkpt lat="40.14991843141615390777587890625" lon="94.65796717442572116851806640625">
        <ele>1139.199951171875</ele>
        <time>2025-08-11T22:55:10.000Z</time>
        <extensions>
          <ns3:TrackPointExtension>
            <ns3:hr>148</ns3:hr>
            <ns3:cad>89</ns3:cad>
          </ns3:TrackPointExtension>
        </extensions>
      </trkpt>
      <trkpt lat="40.14994047582149505615234375" lon="94.65799014084041118621826171875">
        <ele>1139.199951171875</ele>
        <time>2025-08-11T22:55:11.000Z</time>
        <extensions>
          <ns3:TrackPointExtension>
            <ns3:hr>148</ns3:hr>
            <ns3:cad>89</ns3:cad>
          </ns3:TrackPointExtension>
        </extensions>
      </trkpt>
      <trkpt lat="40.14995598234236240386962890625" lon="94.65800891630351543426513671875">
        <ele>1139</ele>
        <time>2025-08-11T22:55:12.000Z</time>
        <extensions>
          <ns3:TrackPointExtension>
            <ns3:hr>148</ns3:hr>
            <ns3:cad>89</ns3:cad>
          </ns3:TrackPointExtension>
        </extensions>
      </trkpt>
      <trkpt lat="40.14997123740613460540771484375" lon="94.65803171508014202117919921875">
        <ele>1139</ele>
        <time>2025-08-11T22:55:13.000Z</time>
        <extensions>
          <ns3:TrackPointExtension>
            <ns3:hr>148</ns3:hr>
            <ns3:cad>89</ns3:cad>
          </ns3:TrackPointExtension>
        </extensions>
      </trkpt>
      <trkpt lat="40.149991102516651153564453125" lon="94.65805367566645145416259765625">
        <ele>1139</ele>
        <time>2025-08-11T22:55:14.000Z</time>
        <extensions>
          <ns3:TrackPointExtension>
            <ns3:hr>148</ns3:hr>
            <ns3:cad>89</ns3:cad>
          </ns3:TrackPointExtension>
        </extensions>
      </trkpt>
      <trkpt lat="40.150016248226165771484375" lon="94.65808200649917125701904296875">
        <ele>1139</ele>
        <time>2025-08-11T22:55:15.000Z</time>
        <extensions>
          <ns3:TrackPointExtension>
            <ns3:hr>148</ns3:hr>
            <ns3:cad>89</ns3:cad>
          </ns3:TrackPointExtension>
        </extensions>
      </trkpt>
      <trkpt lat="40.150038041174411773681640625" lon="94.65809843502938747406005859375">
        <ele>1139</ele>
        <time>2025-08-11T22:55:16.000Z</time>
        <extensions>
          <ns3:TrackPointExtension>
            <ns3:hr>148</ns3:hr>
            <ns3:cad>90</ns3:cad>
          </ns3:TrackPointExtension>
        </extensions>
      </trkpt>
      <trkpt lat="40.15006343834102153778076171875" lon="94.65812492184340953826904296875">
        <ele>1139</ele>
        <time>2025-08-11T22:55:17.000Z</time>
        <extensions>
          <ns3:TrackPointExtension>
            <ns3:hr>147</ns3:hr>
            <ns3:cad>90</ns3:cad>
          </ns3:TrackPointExtension>
        </extensions>
      </trkpt>
      <trkpt lat="40.15008523128926753997802734375" lon="94.658144451677799224853515625">
        <ele>1139</ele>
        <time>2025-08-11T22:55:18.000Z</time>
        <extensions>
          <ns3:TrackPointExtension>
            <ns3:hr>147</ns3:hr>
            <ns3:cad>90</ns3:cad>
          </ns3:TrackPointExtension>
        </extensions>
      </trkpt>
      <trkpt lat="40.150103084743022918701171875" lon="94.6581642329692840576171875">
        <ele>1139</ele>
        <time>2025-08-11T22:55:19.000Z</time>
        <extensions>
          <ns3:TrackPointExtension>
            <ns3:hr>147</ns3:hr>
            <ns3:cad>90</ns3:cad>
          </ns3:TrackPointExtension>
        </extensions>
      </trkpt>
      <trkpt lat="40.15012831427156925201416015625" lon="94.65817906893789768218994140625">
        <ele>1139</ele>
        <time>2025-08-11T22:55:20.000Z</time>
        <extensions>
          <ns3:TrackPointExtension>
            <ns3:hr>147</ns3:hr>
            <ns3:cad>90</ns3:cad>
          </ns3:TrackPointExtension>
        </extensions>
      </trkpt>
      <trkpt lat="40.15015329234302043914794921875" lon="94.65820237062871456146240234375">
        <ele>1139</ele>
        <time>2025-08-11T22:55:21.000Z</time>
        <extensions>
          <ns3:TrackPointExtension>
            <ns3:hr>148</ns3:hr>
            <ns3:cad>90</ns3:cad>
          </ns3:TrackPointExtension>
        </extensions>
      </trkpt>
      <trkpt lat="40.150172822177410125732421875" lon="94.65821661986410617828369140625">
        <ele>1139</ele>
        <time>2025-08-11T22:55:22.000Z</time>
        <extensions>
          <ns3:TrackPointExtension>
            <ns3:hr>148</ns3:hr>
            <ns3:cad>90</ns3:cad>
          </ns3:TrackPointExtension>
        </extensions>
      </trkpt>
      <trkpt lat="40.15019134618341922760009765625" lon="94.6582468785345554351806640625">
        <ele>1139</ele>
        <time>2025-08-11T22:55:23.000Z</time>
        <extensions>
          <ns3:TrackPointExtension>
            <ns3:hr>149</ns3:hr>
            <ns3:cad>90</ns3:cad>
          </ns3:TrackPointExtension>
        </extensions>
      </trkpt>
      <trkpt lat="40.15020458959043025970458984375" lon="94.6582616306841373443603515625">
        <ele>1139</ele>
        <time>2025-08-11T22:55:24.000Z</time>
        <extensions>
          <ns3:TrackPointExtension>
            <ns3:hr>149</ns3:hr>
            <ns3:cad>90</ns3:cad>
          </ns3:TrackPointExtension>
        </extensions>
      </trkpt>
      <trkpt lat="40.15021967701613903045654296875" lon="94.6582807414233684539794921875">
        <ele>1139</ele>
        <time>2025-08-11T22:55:25.000Z</time>
        <extensions>
          <ns3:TrackPointExtension>
            <ns3:hr>149</ns3:hr>
            <ns3:cad>90</ns3:cad>
          </ns3:TrackPointExtension>
        </extensions>
      </trkpt>
      <trkpt lat="40.1502330042421817779541015625" lon="94.65829540975391864776611328125">
        <ele>1139</ele>
        <time>2025-08-11T22:55:26.000Z</time>
        <extensions>
          <ns3:TrackPointExtension>
            <ns3:hr>150</ns3:hr>
            <ns3:cad>90</ns3:cad>
          </ns3:TrackPointExtension>
        </extensions>
      </trkpt>
      <trkpt lat="40.150251276791095733642578125" lon="94.658316783607006072998046875">
        <ele>1139</ele>
        <time>2025-08-11T22:55:27.000Z</time>
        <extensions>
          <ns3:TrackPointExtension>
            <ns3:hr>150</ns3:hr>
            <ns3:cad>90</ns3:cad>
          </ns3:TrackPointExtension>
        </extensions>
      </trkpt>
      <trkpt lat="40.150267370045185089111328125" lon="94.65833363123238086700439453125">
        <ele>1139</ele>
        <time>2025-08-11T22:55:28.000Z</time>
        <extensions>
          <ns3:TrackPointExtension>
            <ns3:hr>150</ns3:hr>
            <ns3:cad>90</ns3:cad>
          </ns3:TrackPointExtension>
        </extensions>
      </trkpt>
      <trkpt lat="40.150285474956035614013671875" lon="94.658355005085468292236328125">
        <ele>1139</ele>
        <time>2025-08-11T22:55:29.000Z</time>
        <extensions>
          <ns3:TrackPointExtension>
            <ns3:hr>150</ns3:hr>
            <ns3:cad>90</ns3:cad>
          </ns3:TrackPointExtension>
        </extensions>
      </trkpt>
      <trkpt lat="40.15030249021947383880615234375" lon="94.65837269090116024017333984375">
        <ele>1139</ele>
        <time>2025-08-11T22:55:30.000Z</time>
        <extensions>
          <ns3:TrackPointExtension>
            <ns3:hr>150</ns3:hr>
            <ns3:cad>90</ns3:cad>
          </ns3:TrackPointExtension>
        </extensions>
      </trkpt>
      <trkpt lat="40.1503198407590389251708984375" lon="94.6584017761051654815673828125">
        <ele>1139</ele>
        <time>2025-08-11T22:55:31.000Z</time>
        <extensions>
          <ns3:TrackPointExtension>
            <ns3:hr>149</ns3:hr>
            <ns3:cad>90</ns3:cad>
          </ns3:TrackPointExtension>
        </extensions>
      </trkpt>
      <trkpt lat="40.15034146606922149658203125" lon="94.658420048654079437255859375">
        <ele>1139</ele>
        <time>2025-08-11T22:55:32.000Z</time>
        <extensions>
          <ns3:TrackPointExtension>
            <ns3:hr>150</ns3:hr>
            <ns3:cad>90</ns3:cad>
          </ns3:TrackPointExtension>
        </extensions>
      </trkpt>
      <trkpt lat="40.1503630913794040679931640625" lon="94.65844360180199146270751953125">
        <ele>1139</ele>
        <time>2025-08-11T22:55:33.000Z</time>
        <extensions>
          <ns3:TrackPointExtension>
            <ns3:hr>150</ns3:hr>
            <ns3:cad>90</ns3:cad>
          </ns3:TrackPointExtension>
        </extensions>
      </trkpt>
      <trkpt lat="40.1503815315663814544677734375" lon="94.65845952741801738739013671875">
        <ele>1139</ele>
        <time>2025-08-11T22:55:34.000Z</time>
        <extensions>
          <ns3:TrackPointExtension>
            <ns3:hr>150</ns3:hr>
            <ns3:cad>90</ns3:cad>
          </ns3:TrackPointExtension>
        </extensions>
      </trkpt>
      <trkpt lat="40.15040055848658084869384765625" lon="94.65848417021334171295166015625">
        <ele>1139</ele>
        <time>2025-08-11T22:55:35.000Z</time>
        <extensions>
          <ns3:TrackPointExtension>
            <ns3:hr>150</ns3:hr>
            <ns3:cad>91</ns3:cad>
          </ns3:TrackPointExtension>
        </extensions>
      </trkpt>
      <trkpt lat="40.1504200883209705352783203125" lon="94.65850043110549449920654296875">
        <ele>1139</ele>
        <time>2025-08-11T22:55:36.000Z</time>
        <extensions>
          <ns3:TrackPointExtension>
            <ns3:hr>151</ns3:hr>
            <ns3:cad>91</ns3:cad>
          </ns3:TrackPointExtension>
        </extensions>
      </trkpt>
      <trkpt lat="40.15044280327856540679931640625" lon="94.65851602144539356231689453125">
        <ele>1139</ele>
        <time>2025-08-11T22:55:37.000Z</time>
        <extensions>
          <ns3:TrackPointExtension>
            <ns3:hr>151</ns3:hr>
            <ns3:cad>91</ns3:cad>
          </ns3:TrackPointExtension>
        </extensions>
      </trkpt>
      <trkpt lat="40.150463171303272247314453125" lon="94.65853102505207061767578125">
        <ele>1139</ele>
        <time>2025-08-11T22:55:38.000Z</time>
        <extensions>
          <ns3:TrackPointExtension>
            <ns3:hr>151</ns3:hr>
            <ns3:cad>91</ns3:cad>
          </ns3:TrackPointExtension>
        </extensions>
      </trkpt>
      <trkpt lat="40.15048018656671047210693359375" lon="94.65855089016258716583251953125">
        <ele>1139</ele>
        <time>2025-08-11T22:55:39.000Z</time>
        <extensions>
          <ns3:TrackPointExtension>
            <ns3:hr>151</ns3:hr>
            <ns3:cad>92</ns3:cad>
          </ns3:TrackPointExtension>
        </extensions>
      </trkpt>
      <trkpt lat="40.15049510635435581207275390625" lon="94.65856857597827911376953125">
        <ele>1139</ele>
        <time>2025-08-11T22:55:40.000Z</time>
        <extensions>
          <ns3:TrackPointExtension>
            <ns3:hr>151</ns3:hr>
            <ns3:cad>92</ns3:cad>
          </ns3:TrackPointExtension>
        </extensions>
      </trkpt>
      <trkpt lat="40.150517486035823822021484375" lon="94.6585878543555736541748046875">
        <ele>1139</ele>
        <time>2025-08-11T22:55:41.000Z</time>
        <extensions>
          <ns3:TrackPointExtension>
            <ns3:hr>151</ns3:hr>
            <ns3:cad>92</ns3:cad>
          </ns3:TrackPointExtension>
        </extensions>
      </trkpt>
      <trkpt lat="40.1505370996892452239990234375" lon="94.65860771946609020233154296875">
        <ele>1139</ele>
        <time>2025-08-11T22:55:42.000Z</time>
        <extensions>
          <ns3:TrackPointExtension>
            <ns3:hr>150</ns3:hr>
            <ns3:cad>92</ns3:cad>
          </ns3:TrackPointExtension>
        </extensions>
      </trkpt>
      <trkpt lat="40.15055461786687374114990234375" lon="94.65862716548144817352294921875">
        <ele>1139</ele>
        <time>2025-08-11T22:55:43.000Z</time>
        <extensions>
          <ns3:TrackPointExtension>
            <ns3:hr>151</ns3:hr>
            <ns3:cad>92</ns3:cad>
          </ns3:TrackPointExtension>
        </extensions>
      </trkpt>
      <trkpt lat="40.15057506971061229705810546875" lon="94.65864208526909351348876953125">
        <ele>1139</ele>
        <time>2025-08-11T22:55:44.000Z</time>
        <extensions>
          <ns3:TrackPointExtension>
            <ns3:hr>151</ns3:hr>
            <ns3:cad>92</ns3:cad>
          </ns3:TrackPointExtension>
        </extensions>
      </trkpt>
      <trkpt lat="40.1505934260785579681396484375" lon="94.65865734033286571502685546875">
        <ele>1139</ele>
        <time>2025-08-11T22:55:45.000Z</time>
        <extensions>
          <ns3:TrackPointExtension>
            <ns3:hr>151</ns3:hr>
            <ns3:cad>92</ns3:cad>
          </ns3:TrackPointExtension>
        </extensions>
      </trkpt>
      <trkpt lat="40.150613375008106231689453125" lon="94.6586736850440502166748046875">
        <ele>1139</ele>
        <time>2025-08-11T22:55:46.000Z</time>
        <extensions>
          <ns3:TrackPointExtension>
            <ns3:hr>151</ns3:hr>
            <ns3:cad>91</ns3:cad>
          </ns3:TrackPointExtension>
        </extensions>
      </trkpt>
      <trkpt lat="40.15063248574733734130859375" lon="94.65869254432618618011474609375">
        <ele>1139</ele>
        <time>2025-08-11T22:55:47.000Z</time>
        <extensions>
          <ns3:TrackPointExtension>
            <ns3:hr>152</ns3:hr>
            <ns3:cad>90</ns3:cad>
          </ns3:TrackPointExtension>
        </extensions>
      </trkpt>
      <trkpt lat="40.15066056512296199798583984375" lon="94.6587149240076541900634765625">
        <ele>1139</ele>
        <time>2025-08-11T22:55:48.000Z</time>
        <extensions>
          <ns3:TrackPointExtension>
            <ns3:hr>152</ns3:hr>
            <ns3:cad>90</ns3:cad>
          </ns3:TrackPointExtension>
        </extensions>
      </trkpt>
      <trkpt lat="40.1506829448044300079345703125" lon="94.6587404049932956695556640625">
        <ele>1138.800048828125</ele>
        <time>2025-08-11T22:55:49.000Z</time>
        <extensions>
          <ns3:TrackPointExtension>
            <ns3:hr>152</ns3:hr>
            <ns3:cad>90</ns3:cad>
          </ns3:TrackPointExtension>
        </extensions>
      </trkpt>
      <trkpt lat="40.15070599503815174102783203125" lon="94.658769406378269195556640625">
        <ele>1138.800048828125</ele>
        <time>2025-08-11T22:55:50.000Z</time>
        <extensions>
          <ns3:TrackPointExtension>
            <ns3:hr>151</ns3:hr>
            <ns3:cad>90</ns3:cad>
          </ns3:TrackPointExtension>
        </extensions>
      </trkpt>
      <trkpt lat="40.15073038637638092041015625" lon="94.65879597701132297515869140625">
        <ele>1138.800048828125</ele>
        <time>2025-08-11T22:55:51.000Z</time>
        <extensions>
          <ns3:TrackPointExtension>
            <ns3:hr>151</ns3:hr>
            <ns3:cad>90</ns3:cad>
          </ns3:TrackPointExtension>
        </extensions>
      </trkpt>
      <trkpt lat="40.150750838220119476318359375" lon="94.65881927870213985443115234375">
        <ele>1138.800048828125</ele>
        <time>2025-08-11T22:55:52.000Z</time>
        <extensions>
          <ns3:TrackPointExtension>
            <ns3:hr>151</ns3:hr>
            <ns3:cad>89</ns3:cad>
          </ns3:TrackPointExtension>
        </extensions>
      </trkpt>
      <trkpt lat="40.15076617710292339324951171875" lon="94.6588393114507198333740234375">
        <ele>1138.800048828125</ele>
        <time>2025-08-11T22:55:53.000Z</time>
        <extensions>
          <ns3:TrackPointExtension>
            <ns3:hr>151</ns3:hr>
            <ns3:cad>89</ns3:cad>
          </ns3:TrackPointExtension>
        </extensions>
      </trkpt>
      <trkpt lat="40.15078562311828136444091796875" lon="94.65885917656123638153076171875">
        <ele>1138.800048828125</ele>
        <time>2025-08-11T22:55:54.000Z</time>
        <extensions>
          <ns3:TrackPointExtension>
            <ns3:hr>152</ns3:hr>
            <ns3:cad>89</ns3:cad>
          </ns3:TrackPointExtension>
        </extensions>
      </trkpt>
      <trkpt lat="40.1508086733520030975341796875" lon="94.65888197533786296844482421875">
        <ele>1138.800048828125</ele>
        <time>2025-08-11T22:55:55.000Z</time>
        <extensions>
          <ns3:TrackPointExtension>
            <ns3:hr>152</ns3:hr>
            <ns3:cad>90</ns3:cad>
          </ns3:TrackPointExtension>
        </extensions>
      </trkpt>
      <trkpt lat="40.1508281193673610687255859375" lon="94.65889873914420604705810546875">
        <ele>1138.800048828125</ele>
        <time>2025-08-11T22:55:56.000Z</time>
        <extensions>
          <ns3:TrackPointExtension>
            <ns3:hr>152</ns3:hr>
            <ns3:cad>90</ns3:cad>
          </ns3:TrackPointExtension>
        </extensions>
      </trkpt>
      <trkpt lat="40.15084840357303619384765625" lon="94.6589181013405323028564453125">
        <ele>1138.800048828125</ele>
        <time>2025-08-11T22:55:57.000Z</time>
        <extensions>
          <ns3:TrackPointExtension>
            <ns3:hr>151</ns3:hr>
            <ns3:cad>90</ns3:cad>
          </ns3:TrackPointExtension>
        </extensions>
      </trkpt>
      <trkpt lat="40.15087095089256763458251953125" lon="94.6589472703635692596435546875">
        <ele>1138.800048828125</ele>
        <time>2025-08-11T22:55:58.000Z</time>
        <extensions>
          <ns3:TrackPointExtension>
            <ns3:hr>152</ns3:hr>
            <ns3:cad>91</ns3:cad>
          </ns3:TrackPointExtension>
        </extensions>
      </trkpt>
      <trkpt lat="40.1508921571075916290283203125" lon="94.6589657105505466461181640625">
        <ele>1138.800048828125</ele>
        <time>2025-08-11T22:55:59.000Z</time>
        <extensions>
          <ns3:TrackPointExtension>
            <ns3:hr>152</ns3:hr>
            <ns3:cad>92</ns3:cad>
          </ns3:TrackPointExtension>
        </extensions>
      </trkpt>
      <trkpt lat="40.15091503970324993133544921875" lon="94.65898741967976093292236328125">
        <ele>1138.800048828125</ele>
        <time>2025-08-11T22:56:00.000Z</time>
        <extensions>
          <ns3:TrackPointExtension>
            <ns3:hr>152</ns3:hr>
            <ns3:cad>92</ns3:cad>
          </ns3:TrackPointExtension>
        </extensions>
      </trkpt>
      <trkpt lat="40.15093247406184673309326171875" lon="94.6589957177639007568359375">
        <ele>1138.800048828125</ele>
        <time>2025-08-11T22:56:01.000Z</time>
        <extensions>
          <ns3:TrackPointExtension>
            <ns3:hr>151</ns3:hr>
            <ns3:cad>92</ns3:cad>
          </ns3:TrackPointExtension>
        </extensions>
      </trkpt>
      <trkpt lat="40.150952674448490142822265625" lon="94.659024216234683990478515625">
        <ele>1138.800048828125</ele>
        <time>2025-08-11T22:56:02.000Z</time>
        <extensions>
          <ns3:TrackPointExtension>
            <ns3:hr>152</ns3:hr>
            <ns3:cad>92</ns3:cad>
          </ns3:TrackPointExtension>
        </extensions>
      </trkpt>
      <trkpt lat="40.15097036026418209075927734375" lon="94.6590414829552173614501953125">
        <ele>1138.800048828125</ele>
        <time>2025-08-11T22:56:03.000Z</time>
        <extensions>
          <ns3:TrackPointExtension>
            <ns3:hr>152</ns3:hr>
            <ns3:cad>92</ns3:cad>
          </ns3:TrackPointExtension>
        </extensions>
      </trkpt>
      <trkpt lat="40.15099332667887210845947265625" lon="94.65906604193150997161865234375">
        <ele>1138.5999755859375</ele>
        <time>2025-08-11T22:56:04.000Z</time>
        <extensions>
          <ns3:TrackPointExtension>
            <ns3:hr>152</ns3:hr>
            <ns3:cad>92</ns3:cad>
          </ns3:TrackPointExtension>
        </extensions>
      </trkpt>
      <trkpt lat="40.1510155387222766876220703125" lon="94.65908632613718509674072265625">
        <ele>1138.5999755859375</ele>
        <time>2025-08-11T22:56:05.000Z</time>
        <extensions>
          <ns3:TrackPointExtension>
            <ns3:hr>152</ns3:hr>
            <ns3:cad>92</ns3:cad>
          </ns3:TrackPointExtension>
        </extensions>
      </trkpt>
      <trkpt lat="40.1510430313646793365478515625" lon="94.6591078676283359527587890625">
        <ele>1138.5999755859375</ele>
        <time>2025-08-11T22:56:06.000Z</time>
        <extensions>
          <ns3:TrackPointExtension>
            <ns3:hr>152</ns3:hr>
            <ns3:cad>92</ns3:cad>
          </ns3:TrackPointExtension>
        </extensions>
      </trkpt>
      <trkpt lat="40.15106323175132274627685546875" lon="94.65912521816790103912353515625">
        <ele>1138.5999755859375</ele>
        <time>2025-08-11T22:56:07.000Z</time>
        <extensions>
          <ns3:TrackPointExtension>
            <ns3:hr>152</ns3:hr>
            <ns3:cad>92</ns3:cad>
          </ns3:TrackPointExtension>
        </extensions>
      </trkpt>
      <trkpt lat="40.15108535997569561004638671875" lon="94.659150280058383941650390625">
        <ele>1138.5999755859375</ele>
        <time>2025-08-11T22:56:08.000Z</time>
        <extensions>
          <ns3:TrackPointExtension>
            <ns3:hr>152</ns3:hr>
            <ns3:cad>92</ns3:cad>
          </ns3:TrackPointExtension>
        </extensions>
      </trkpt>
      <trkpt lat="40.15110899694263935089111328125" lon="94.659167043864727020263671875">
        <ele>1138.5999755859375</ele>
        <time>2025-08-11T22:56:09.000Z</time>
        <extensions>
          <ns3:TrackPointExtension>
            <ns3:hr>153</ns3:hr>
            <ns3:cad>92</ns3:cad>
          </ns3:TrackPointExtension>
        </extensions>
      </trkpt>
      <trkpt lat="40.151128359138965606689453125" lon="94.6591896750032901763916015625">
        <ele>1138.5999755859375</ele>
        <time>2025-08-11T22:56:10.000Z</time>
        <extensions>
          <ns3:TrackPointExtension>
            <ns3:hr>152</ns3:hr>
            <ns3:cad>92</ns3:cad>
          </ns3:TrackPointExtension>
        </extensions>
      </trkpt>
      <trkpt lat="40.1511516608297824859619140625" lon="94.65921037830412387847900390625">
        <ele>1138.4000244140625</ele>
        <time>2025-08-11T22:56:11.000Z</time>
        <extensions>
          <ns3:TrackPointExtension>
            <ns3:hr>152</ns3:hr>
            <ns3:cad>92</ns3:cad>
          </ns3:TrackPointExtension>
        </extensions>
      </trkpt>
      <trkpt lat="40.151169933378696441650390625" lon="94.6592325903475284576416015625">
        <ele>1138.4000244140625</ele>
        <time>2025-08-11T22:56:12.000Z</time>
        <extensions>
          <ns3:TrackPointExtension>
            <ns3:hr>152</ns3:hr>
            <ns3:cad>92</ns3:cad>
          </ns3:TrackPointExtension>
        </extensions>
      </trkpt>
      <trkpt lat="40.15119147486984729766845703125" lon="94.65925144962966442108154296875">
        <ele>1138.5999755859375</ele>
        <time>2025-08-11T22:56:13.000Z</time>
        <extensions>
          <ns3:TrackPointExtension>
            <ns3:hr>152</ns3:hr>
            <ns3:cad>92</ns3:cad>
          </ns3:TrackPointExtension>
        </extensions>
      </trkpt>
      <trkpt lat="40.15120907686650753021240234375" lon="94.6592681296169757843017578125">
        <ele>1138.4000244140625</ele>
        <time>2025-08-11T22:56:14.000Z</time>
        <extensions>
          <ns3:TrackPointExtension>
            <ns3:hr>152</ns3:hr>
            <ns3:cad>92</ns3:cad>
          </ns3:TrackPointExtension>
        </extensions>
      </trkpt>
      <trkpt lat="40.151231288909912109375" lon="94.6592899225652217864990234375">
        <ele>1138.4000244140625</ele>
        <time>2025-08-11T22:56:15.000Z</time>
        <extensions>
          <ns3:TrackPointExtension>
            <ns3:hr>152</ns3:hr>
            <ns3:cad>92</ns3:cad>
          </ns3:TrackPointExtension>
        </extensions>
      </trkpt>
      <trkpt lat="40.1512549258768558502197265625" lon="94.6593110449612140655517578125">
        <ele>1138.5999755859375</ele>
        <time>2025-08-11T22:56:16.000Z</time>
        <extensions>
          <ns3:TrackPointExtension>
            <ns3:hr>153</ns3:hr>
            <ns3:cad>92</ns3:cad>
          </ns3:TrackPointExtension>
        </extensions>
      </trkpt>
      <trkpt lat="40.15127864666283130645751953125" lon="94.65933493338525295257568359375">
        <ele>1138.5999755859375</ele>
        <time>2025-08-11T22:56:17.000Z</time>
        <extensions>
          <ns3:TrackPointExtension>
            <ns3:hr>152</ns3:hr>
            <ns3:cad>92</ns3:cad>
          </ns3:TrackPointExtension>
        </extensions>
      </trkpt>
      <trkpt lat="40.15129893086850643157958984375" lon="94.6593492664396762847900390625">
        <ele>1138.4000244140625</ele>
        <time>2025-08-11T22:56:18.000Z</time>
        <extensions>
          <ns3:TrackPointExtension>
            <ns3:hr>152</ns3:hr>
            <ns3:cad>92</ns3:cad>
          </ns3:TrackPointExtension>
        </extensions>
      </trkpt>
      <trkpt lat="40.15132307074964046478271484375" lon="94.659375250339508056640625">
        <ele>1138.4000244140625</ele>
        <time>2025-08-11T22:56:19.000Z</time>
        <extensions>
          <ns3:TrackPointExtension>
            <ns3:hr>152</ns3:hr>
            <ns3:cad>92</ns3:cad>
          </ns3:TrackPointExtension>
        </extensions>
      </trkpt>
      <trkpt lat="40.15134519897401332855224609375" lon="94.65939310379326343536376953125">
        <ele>1138.4000244140625</ele>
        <time>2025-08-11T22:56:20.000Z</time>
        <extensions>
          <ns3:TrackPointExtension>
            <ns3:hr>153</ns3:hr>
            <ns3:cad>92</ns3:cad>
          </ns3:TrackPointExtension>
        </extensions>
      </trkpt>
      <trkpt lat="40.15137135051190853118896484375" lon="94.659409113228321075439453125">
        <ele>1138.4000244140625</ele>
        <time>2025-08-11T22:56:21.000Z</time>
        <extensions>
          <ns3:TrackPointExtension>
            <ns3:hr>152</ns3:hr>
            <ns3:cad>92</ns3:cad>
          </ns3:TrackPointExtension>
        </extensions>
      </trkpt>
      <trkpt lat="40.15139113180339336395263671875" lon="94.6594260446727275848388671875">
        <ele>1138.4000244140625</ele>
        <time>2025-08-11T22:56:22.000Z</time>
        <extensions>
          <ns3:TrackPointExtension>
            <ns3:hr>152</ns3:hr>
            <ns3:cad>92</ns3:cad>
          </ns3:TrackPointExtension>
        </extensions>
      </trkpt>
      <trkpt lat="40.15141041018068790435791015625" lon="94.6594491787254810333251953125">
        <ele>1138.4000244140625</ele>
        <time>2025-08-11T22:56:23.000Z</time>
        <extensions>
          <ns3:TrackPointExtension>
            <ns3:hr>152</ns3:hr>
            <ns3:cad>92</ns3:cad>
          </ns3:TrackPointExtension>
        </extensions>
      </trkpt>
      <trkpt lat="40.1514296047389507293701171875" lon="94.65946837328374385833740234375">
        <ele>1138.4000244140625</ele>
        <time>2025-08-11T22:56:24.000Z</time>
        <extensions>
          <ns3:TrackPointExtension>
            <ns3:hr>152</ns3:hr>
            <ns3:cad>92</ns3:cad>
          </ns3:TrackPointExtension>
        </extensions>
      </trkpt>
      <trkpt lat="40.15145458281040191650390625" lon="94.65949469245970249176025390625">
        <ele>1138.4000244140625</ele>
        <time>2025-08-11T22:56:25.000Z</time>
        <extensions>
          <ns3:TrackPointExtension>
            <ns3:hr>153</ns3:hr>
            <ns3:cad>92</ns3:cad>
          </ns3:TrackPointExtension>
        </extensions>
      </trkpt>
      <trkpt lat="40.1514721848070621490478515625" lon="94.65951531194150447845458984375">
        <ele>1138.4000244140625</ele>
        <time>2025-08-11T22:56:26.000Z</time>
        <extensions>
          <ns3:TrackPointExtension>
            <ns3:hr>152</ns3:hr>
            <ns3:cad>92</ns3:cad>
          </ns3:TrackPointExtension>
        </extensions>
      </trkpt>
      <trkpt lat="40.151498503983020782470703125" lon="94.65954263694584369659423828125">
        <ele>1138.199951171875</ele>
        <time>2025-08-11T22:56:27.000Z</time>
        <extensions>
          <ns3:TrackPointExtension>
            <ns3:hr>152</ns3:hr>
            <ns3:cad>92</ns3:cad>
          </ns3:TrackPointExtension>
        </extensions>
      </trkpt>
      <trkpt lat="40.1515248231589794158935546875" lon="94.659563004970550537109375">
        <ele>1138.199951171875</ele>
        <time>2025-08-11T22:56:28.000Z</time>
        <extensions>
          <ns3:TrackPointExtension>
            <ns3:hr>152</ns3:hr>
            <ns3:cad>92</ns3:cad>
          </ns3:TrackPointExtension>
        </extensions>
      </trkpt>
      <trkpt lat="40.15154770575463771820068359375" lon="94.65958622284233570098876953125">
        <ele>1138.199951171875</ele>
        <time>2025-08-11T22:56:29.000Z</time>
        <extensions>
          <ns3:TrackPointExtension>
            <ns3:hr>153</ns3:hr>
            <ns3:cad>93</ns3:cad>
          </ns3:TrackPointExtension>
        </extensions>
      </trkpt>
      <trkpt lat="40.15157033689320087432861328125" lon="94.65960047207772731781005859375">
        <ele>1138.199951171875</ele>
        <time>2025-08-11T22:56:30.000Z</time>
        <extensions>
          <ns3:TrackPointExtension>
            <ns3:hr>152</ns3:hr>
            <ns3:cad>93</ns3:cad>
          </ns3:TrackPointExtension>
        </extensions>
      </trkpt>
      <trkpt lat="40.15159196220338344573974609375" lon="94.659623019397258758544921875">
        <ele>1138</ele>
        <time>2025-08-11T22:56:31.000Z</time>
        <extensions>
          <ns3:TrackPointExtension>
            <ns3:hr>152</ns3:hr>
            <ns3:cad>93</ns3:cad>
          </ns3:TrackPointExtension>
        </extensions>
      </trkpt>
      <trkpt lat="40.15161358751356601715087890625" lon="94.6596453152596950531005859375">
        <ele>1138.199951171875</ele>
        <time>2025-08-11T22:56:32.000Z</time>
        <extensions>
          <ns3:TrackPointExtension>
            <ns3:hr>152</ns3:hr>
            <ns3:cad>93</ns3:cad>
          </ns3:TrackPointExtension>
        </extensions>
      </trkpt>
      <trkpt lat="40.15163563191890716552734375" lon="94.65966853313148021697998046875">
        <ele>1138.199951171875</ele>
        <time>2025-08-11T22:56:33.000Z</time>
        <extensions>
          <ns3:TrackPointExtension>
            <ns3:hr>152</ns3:hr>
            <ns3:cad>93</ns3:cad>
          </ns3:TrackPointExtension>
        </extensions>
      </trkpt>
      <trkpt lat="40.15165952034294605255126953125" lon="94.65969108045101165771484375">
        <ele>1138</ele>
        <time>2025-08-11T22:56:34.000Z</time>
        <extensions>
          <ns3:TrackPointExtension>
            <ns3:hr>152</ns3:hr>
            <ns3:cad>93</ns3:cad>
          </ns3:TrackPointExtension>
        </extensions>
      </trkpt>
      <trkpt lat="40.15168215148150920867919921875" lon="94.65971027500927448272705078125">
        <ele>1138.199951171875</ele>
        <time>2025-08-11T22:56:35.000Z</time>
        <extensions>
          <ns3:TrackPointExtension>
            <ns3:hr>152</ns3:hr>
            <ns3:cad>93</ns3:cad>
          </ns3:TrackPointExtension>
        </extensions>
      </trkpt>
      <trkpt lat="40.151703692972660064697265625" lon="94.65973223559558391571044921875">
        <ele>1138.199951171875</ele>
        <time>2025-08-11T22:56:36.000Z</time>
        <extensions>
          <ns3:TrackPointExtension>
            <ns3:hr>152</ns3:hr>
            <ns3:cad>92</ns3:cad>
          </ns3:TrackPointExtension>
        </extensions>
      </trkpt>
      <trkpt lat="40.15172339044511318206787109375" lon="94.65975218452513217926025390625">
        <ele>1138</ele>
        <time>2025-08-11T22:56:37.000Z</time>
        <extensions>
          <ns3:TrackPointExtension>
            <ns3:hr>152</ns3:hr>
            <ns3:cad>92</ns3:cad>
          </ns3:TrackPointExtension>
        </extensions>
      </trkpt>
      <trkpt lat="40.15174970962107181549072265625" lon="94.6597730554640293121337890625">
        <ele>1138</ele>
        <time>2025-08-11T22:56:38.000Z</time>
        <extensions>
          <ns3:TrackPointExtension>
            <ns3:hr>152</ns3:hr>
            <ns3:cad>92</ns3:cad>
          </ns3:TrackPointExtension>
        </extensions>
      </trkpt>
      <trkpt lat="40.15176974236965179443359375" lon="94.6597869694232940673828125">
        <ele>1138</ele>
        <time>2025-08-11T22:56:39.000Z</time>
        <extensions>
          <ns3:TrackPointExtension>
            <ns3:hr>152</ns3:hr>
            <ns3:cad>92</ns3:cad>
          </ns3:TrackPointExtension>
        </extensions>
      </trkpt>
      <trkpt lat="40.1517977379262447357177734375" lon="94.659808762371540069580078125">
        <ele>1138</ele>
        <time>2025-08-11T22:56:40.000Z</time>
        <extensions>
          <ns3:TrackPointExtension>
            <ns3:hr>152</ns3:hr>
            <ns3:cad>92</ns3:cad>
          </ns3:TrackPointExtension>
        </extensions>
      </trkpt>
      <trkpt lat="40.1518198661506175994873046875" lon="94.6598303876817226409912109375">
        <ele>1138</ele>
        <time>2025-08-11T22:56:41.000Z</time>
        <extensions>
          <ns3:TrackPointExtension>
            <ns3:hr>152</ns3:hr>
            <ns3:cad>92</ns3:cad>
          </ns3:TrackPointExtension>
        </extensions>
      </trkpt>
      <trkpt lat="40.15184216201305389404296875" lon="94.65985477901995182037353515625">
        <ele>1138</ele>
        <time>2025-08-11T22:56:42.000Z</time>
        <extensions>
          <ns3:TrackPointExtension>
            <ns3:hr>152</ns3:hr>
            <ns3:cad>92</ns3:cad>
          </ns3:TrackPointExtension>
        </extensions>
      </trkpt>
      <trkpt lat="40.15186521224677562713623046875" lon="94.6598743088543415069580078125">
        <ele>1138.199951171875</ele>
        <time>2025-08-11T22:56:43.000Z</time>
        <extensions>
          <ns3:TrackPointExtension>
            <ns3:hr>151</ns3:hr>
            <ns3:cad>91</ns3:cad>
          </ns3:TrackPointExtension>
        </extensions>
      </trkpt>
      <trkpt lat="40.15188666991889476776123046875" lon="94.659906327724456787109375">
        <ele>1138.199951171875</ele>
        <time>2025-08-11T22:56:44.000Z</time>
        <extensions>
          <ns3:TrackPointExtension>
            <ns3:hr>152</ns3:hr>
            <ns3:cad>91</ns3:cad>
          </ns3:TrackPointExtension>
        </extensions>
      </trkpt>
      <trkpt lat="40.15190661884844303131103515625" lon="94.65993516147136688232421875">
        <ele>1138.199951171875</ele>
        <time>2025-08-11T22:56:45.000Z</time>
        <extensions>
          <ns3:TrackPointExtension>
            <ns3:hr>152</ns3:hr>
            <ns3:cad>91</ns3:cad>
          </ns3:TrackPointExtension>
        </extensions>
      </trkpt>
      <trkpt lat="40.15193427912890911102294921875" lon="94.65996055863797664642333984375">
        <ele>1138</ele>
        <time>2025-08-11T22:56:46.000Z</time>
        <extensions>
          <ns3:TrackPointExtension>
            <ns3:hr>152</ns3:hr>
            <ns3:cad>89</ns3:cad>
          </ns3:TrackPointExtension>
        </extensions>
      </trkpt>
      <trkpt lat="40.15195875428617000579833984375" lon="94.65998033992946147918701171875">
        <ele>1138</ele>
        <time>2025-08-11T22:56:47.000Z</time>
        <extensions>
          <ns3:TrackPointExtension>
            <ns3:hr>152</ns3:hr>
            <ns3:cad>89</ns3:cad>
          </ns3:TrackPointExtension>
        </extensions>
      </trkpt>
      <trkpt lat="40.1519848220050334930419921875" lon="94.66000515036284923553466796875">
        <ele>1137.800048828125</ele>
        <time>2025-08-11T22:56:48.000Z</time>
        <extensions>
          <ns3:TrackPointExtension>
            <ns3:hr>152</ns3:hr>
            <ns3:cad>89</ns3:cad>
          </ns3:TrackPointExtension>
        </extensions>
      </trkpt>
      <trkpt lat="40.1520002447068691253662109375" lon="94.66002677567303180694580078125">
        <ele>1137.800048828125</ele>
        <time>2025-08-11T22:56:49.000Z</time>
        <extensions>
          <ns3:TrackPointExtension>
            <ns3:hr>151</ns3:hr>
            <ns3:cad>90</ns3:cad>
          </ns3:TrackPointExtension>
        </extensions>
      </trkpt>
      <trkpt lat="40.15202664770185947418212890625" lon="94.6600498259067535400390625">
        <ele>1137.800048828125</ele>
        <time>2025-08-11T22:56:50.000Z</time>
        <extensions>
          <ns3:TrackPointExtension>
            <ns3:hr>152</ns3:hr>
            <ns3:cad>90</ns3:cad>
          </ns3:TrackPointExtension>
        </extensions>
      </trkpt>
      <trkpt lat="40.1520488597452640533447265625" lon="94.66006550006568431854248046875">
        <ele>1138</ele>
        <time>2025-08-11T22:56:51.000Z</time>
        <extensions>
          <ns3:TrackPointExtension>
            <ns3:hr>152</ns3:hr>
            <ns3:cad>90</ns3:cad>
          </ns3:TrackPointExtension>
        </extensions>
      </trkpt>
      <trkpt lat="40.15207174234092235565185546875" lon="94.66008243151009082794189453125">
        <ele>1138</ele>
        <time>2025-08-11T22:56:52.000Z</time>
        <extensions>
          <ns3:TrackPointExtension>
            <ns3:hr>151</ns3:hr>
            <ns3:cad>90</ns3:cad>
          </ns3:TrackPointExtension>
        </extensions>
      </trkpt>
      <trkpt lat="40.15209336765110492706298828125" lon="94.66010003350675106048583984375">
        <ele>1138</ele>
        <time>2025-08-11T22:56:53.000Z</time>
        <extensions>
          <ns3:TrackPointExtension>
            <ns3:hr>151</ns3:hr>
            <ns3:cad>90</ns3:cad>
          </ns3:TrackPointExtension>
        </extensions>
      </trkpt>
      <trkpt lat="40.15212236903607845306396484375" lon="94.6601204015314579010009765625">
        <ele>1138</ele>
        <time>2025-08-11T22:56:54.000Z</time>
        <extensions>
          <ns3:TrackPointExtension>
            <ns3:hr>151</ns3:hr>
            <ns3:cad>90</ns3:cad>
          </ns3:TrackPointExtension>
        </extensions>
      </trkpt>
      <trkpt lat="40.15215019695460796356201171875" lon="94.6601354889571666717529296875">
        <ele>1138</ele>
        <time>2025-08-11T22:56:55.000Z</time>
        <extensions>
          <ns3:TrackPointExtension>
            <ns3:hr>151</ns3:hr>
            <ns3:cad>90</ns3:cad>
          </ns3:TrackPointExtension>
        </extensions>
      </trkpt>
      <trkpt lat="40.15217182226479053497314453125" lon="94.66015652753412723541259765625">
        <ele>1138</ele>
        <time>2025-08-11T22:56:56.000Z</time>
        <extensions>
          <ns3:TrackPointExtension>
            <ns3:hr>151</ns3:hr>
            <ns3:cad>90</ns3:cad>
          </ns3:TrackPointExtension>
        </extensions>
      </trkpt>
      <trkpt lat="40.15219244174659252166748046875" lon="94.6601705253124237060546875">
        <ele>1137.800048828125</ele>
        <time>2025-08-11T22:56:57.000Z</time>
        <extensions>
          <ns3:TrackPointExtension>
            <ns3:hr>151</ns3:hr>
            <ns3:cad>90</ns3:cad>
          </ns3:TrackPointExtension>
        </extensions>
      </trkpt>
      <trkpt lat="40.1522181741893291473388671875" lon="94.66019458137452602386474609375">
        <ele>1137.800048828125</ele>
        <time>2025-08-11T22:56:58.000Z</time>
        <extensions>
          <ns3:TrackPointExtension>
            <ns3:hr>151</ns3:hr>
            <ns3:cad>90</ns3:cad>
          </ns3:TrackPointExtension>
        </extensions>
      </trkpt>
      <trkpt lat="40.15224139206111431121826171875" lon="94.66020874679088592529296875">
        <ele>1137.800048828125</ele>
        <time>2025-08-11T22:56:59.000Z</time>
        <extensions>
          <ns3:TrackPointExtension>
            <ns3:hr>151</ns3:hr>
            <ns3:cad>89</ns3:cad>
          </ns3:TrackPointExtension>
        </extensions>
      </trkpt>
      <trkpt lat="40.1522641070187091827392578125" lon="94.66022995300590991973876953125">
        <ele>1137.800048828125</ele>
        <time>2025-08-11T22:57:00.000Z</time>
        <extensions>
          <ns3:TrackPointExtension>
            <ns3:hr>151</ns3:hr>
            <ns3:cad>89</ns3:cad>
          </ns3:TrackPointExtension>
        </extensions>
      </trkpt>
      <trkpt lat="40.1522845588624477386474609375" lon="94.6602468006312847137451171875">
        <ele>1137.800048828125</ele>
        <time>2025-08-11T22:57:01.000Z</time>
        <extensions>
          <ns3:TrackPointExtension>
            <ns3:hr>151</ns3:hr>
            <ns3:cad>89</ns3:cad>
          </ns3:TrackPointExtension>
        </extensions>
      </trkpt>
      <trkpt lat="40.15230526216328144073486328125" lon="94.66027152724564075469970703125">
        <ele>1137.800048828125</ele>
        <time>2025-08-11T22:57:02.000Z</time>
        <extensions>
          <ns3:TrackPointExtension>
            <ns3:hr>151</ns3:hr>
            <ns3:cad>89</ns3:cad>
          </ns3:TrackPointExtension>
        </extensions>
      </trkpt>
      <trkpt lat="40.1523207686841487884521484375" lon="94.6602858603000640869140625">
        <ele>1137.800048828125</ele>
        <time>2025-08-11T22:57:03.000Z</time>
        <extensions>
          <ns3:TrackPointExtension>
            <ns3:hr>151</ns3:hr>
            <ns3:cad>89</ns3:cad>
          </ns3:TrackPointExtension>
        </extensions>
      </trkpt>
      <trkpt lat="40.15234105288982391357421875" lon="94.66030270792543888092041015625">
        <ele>1137.800048828125</ele>
        <time>2025-08-11T22:57:04.000Z</time>
        <extensions>
          <ns3:TrackPointExtension>
            <ns3:hr>151</ns3:hr>
            <ns3:cad>89</ns3:cad>
          </ns3:TrackPointExtension>
        </extensions>
      </trkpt>
      <trkpt lat="40.152359493076801300048828125" lon="94.6603202261030673980712890625">
        <ele>1137.800048828125</ele>
        <time>2025-08-11T22:57:05.000Z</time>
        <extensions>
          <ns3:TrackPointExtension>
            <ns3:hr>151</ns3:hr>
            <ns3:cad>89</ns3:cad>
          </ns3:TrackPointExtension>
        </extensions>
      </trkpt>
      <trkpt lat="40.15237734653055667877197265625" lon="94.6603497304022312164306640625">
        <ele>1137.800048828125</ele>
        <time>2025-08-11T22:57:06.000Z</time>
        <extensions>
          <ns3:TrackPointExtension>
            <ns3:hr>150</ns3:hr>
            <ns3:cad>89</ns3:cad>
          </ns3:TrackPointExtension>
        </extensions>
      </trkpt>
      <trkpt lat="40.1523935236036777496337890625" lon="94.66037370264530181884765625">
        <ele>1137.800048828125</ele>
        <time>2025-08-11T22:57:07.000Z</time>
        <extensions>
          <ns3:TrackPointExtension>
            <ns3:hr>151</ns3:hr>
            <ns3:cad>89</ns3:cad>
          </ns3:TrackPointExtension>
        </extensions>
      </trkpt>
      <trkpt lat="40.15240785665810108184814453125" lon="94.6604038774967193603515625">
        <ele>1138</ele>
        <time>2025-08-11T22:57:08.000Z</time>
        <extensions>
          <ns3:TrackPointExtension>
            <ns3:hr>151</ns3:hr>
            <ns3:cad>89</ns3:cad>
          </ns3:TrackPointExtension>
        </extensions>
      </trkpt>
      <trkpt lat="40.15242076478898525238037109375" lon="94.66042156331241130828857421875">
        <ele>1138.199951171875</ele>
        <time>2025-08-11T22:57:09.000Z</time>
        <extensions>
          <ns3:TrackPointExtension>
            <ns3:hr>151</ns3:hr>
            <ns3:cad>90</ns3:cad>
          </ns3:TrackPointExtension>
        </extensions>
      </trkpt>
      <trkpt lat="40.1524438150227069854736328125" lon="94.6604509837925434112548828125">
        <ele>1138</ele>
        <time>2025-08-11T22:57:10.000Z</time>
        <extensions>
          <ns3:TrackPointExtension>
            <ns3:hr>151</ns3:hr>
            <ns3:cad>90</ns3:cad>
          </ns3:TrackPointExtension>
        </extensions>
      </trkpt>
      <trkpt lat="40.152463428676128387451171875" lon="94.66046632267534732818603515625">
        <ele>1138</ele>
        <time>2025-08-11T22:57:11.000Z</time>
        <extensions>
          <ns3:TrackPointExtension>
            <ns3:hr>151</ns3:hr>
            <ns3:cad>89</ns3:cad>
          </ns3:TrackPointExtension>
        </extensions>
      </trkpt>
      <trkpt lat="40.15248765237629413604736328125" lon="94.66048903763294219970703125">
        <ele>1137.800048828125</ele>
        <time>2025-08-11T22:57:12.000Z</time>
        <extensions>
          <ns3:TrackPointExtension>
            <ns3:hr>151</ns3:hr>
            <ns3:cad>89</ns3:cad>
          </ns3:TrackPointExtension>
        </extensions>
      </trkpt>
      <trkpt lat="40.1525108702480792999267578125" lon="94.66050186194479465484619140625">
        <ele>1137.5999755859375</ele>
        <time>2025-08-11T22:57:13.000Z</time>
        <extensions>
          <ns3:TrackPointExtension>
            <ns3:hr>151</ns3:hr>
            <ns3:cad>89</ns3:cad>
          </ns3:TrackPointExtension>
        </extensions>
      </trkpt>
      <trkpt lat="40.15254062600433826446533203125" lon="94.66051854193210601806640625">
        <ele>1137.4000244140625</ele>
        <time>2025-08-11T22:57:14.000Z</time>
        <extensions>
          <ns3:TrackPointExtension>
            <ns3:hr>151</ns3:hr>
            <ns3:cad>89</ns3:cad>
          </ns3:TrackPointExtension>
        </extensions>
      </trkpt>
      <trkpt lat="40.15256158076226711273193359375" lon="94.66053337790071964263916015625">
        <ele>1137.5999755859375</ele>
        <time>2025-08-11T22:57:15.000Z</time>
        <extensions>
          <ns3:TrackPointExtension>
            <ns3:hr>151</ns3:hr>
            <ns3:cad>89</ns3:cad>
          </ns3:TrackPointExtension>
        </extensions>
      </trkpt>
      <trkpt lat="40.1525846309959888458251953125" lon="94.660557769238948822021484375">
        <ele>1137.5999755859375</ele>
        <time>2025-08-11T22:57:16.000Z</time>
        <extensions>
          <ns3:TrackPointExtension>
            <ns3:hr>151</ns3:hr>
            <ns3:cad>89</ns3:cad>
          </ns3:TrackPointExtension>
        </extensions>
      </trkpt>
      <trkpt lat="40.1526070944964885711669921875" lon="94.6605787239968776702880859375">
        <ele>1137.5999755859375</ele>
        <time>2025-08-11T22:57:17.000Z</time>
        <extensions>
          <ns3:TrackPointExtension>
            <ns3:hr>151</ns3:hr>
            <ns3:cad>89</ns3:cad>
          </ns3:TrackPointExtension>
        </extensions>
      </trkpt>
      <trkpt lat="40.152635090053081512451171875" lon="94.660603702068328857421875">
        <ele>1137.5999755859375</ele>
        <time>2025-08-11T22:57:18.000Z</time>
        <extensions>
          <ns3:TrackPointExtension>
            <ns3:hr>151</ns3:hr>
            <ns3:cad>89</ns3:cad>
          </ns3:TrackPointExtension>
        </extensions>
      </trkpt>
      <trkpt lat="40.15265864320099353790283203125" lon="94.6606182865798473358154296875">
        <ele>1137.5999755859375</ele>
        <time>2025-08-11T22:57:19.000Z</time>
        <extensions>
          <ns3:TrackPointExtension>
            <ns3:hr>151</ns3:hr>
            <ns3:cad>89</ns3:cad>
          </ns3:TrackPointExtension>
        </extensions>
      </trkpt>
      <trkpt lat="40.15267725102603435516357421875" lon="94.660638906061649322509765625">
        <ele>1137.5999755859375</ele>
        <time>2025-08-11T22:57:20.000Z</time>
        <extensions>
          <ns3:TrackPointExtension>
            <ns3:hr>151</ns3:hr>
            <ns3:cad>88</ns3:cad>
          </ns3:TrackPointExtension>
        </extensions>
      </trkpt>
      <trkpt lat="40.15270004980266094207763671875" lon="94.660659693181514739990234375">
        <ele>1137.5999755859375</ele>
        <time>2025-08-11T22:57:21.000Z</time>
        <extensions>
          <ns3:TrackPointExtension>
            <ns3:hr>151</ns3:hr>
            <ns3:cad>88</ns3:cad>
          </ns3:TrackPointExtension>
        </extensions>
      </trkpt>
      <trkpt lat="40.15272133983671665191650390625" lon="94.66068073175847530364990234375">
        <ele>1137.5999755859375</ele>
        <time>2025-08-11T22:57:22.000Z</time>
        <extensions>
          <ns3:TrackPointExtension>
            <ns3:hr>151</ns3:hr>
            <ns3:cad>88</ns3:cad>
          </ns3:TrackPointExtension>
        </extensions>
      </trkpt>
      <trkpt lat="40.15274195931851863861083984375" lon="94.660694897174835205078125">
        <ele>1137.4000244140625</ele>
        <time>2025-08-11T22:57:23.000Z</time>
        <extensions>
          <ns3:TrackPointExtension>
            <ns3:hr>151</ns3:hr>
            <ns3:cad>89</ns3:cad>
          </ns3:TrackPointExtension>
        </extensions>
      </trkpt>
      <trkpt lat="40.15276609919965267181396484375" lon="94.66071342118084430694580078125">
        <ele>1137.5999755859375</ele>
        <time>2025-08-11T22:57:24.000Z</time>
        <extensions>
          <ns3:TrackPointExtension>
            <ns3:hr>151</ns3:hr>
            <ns3:cad>89</ns3:cad>
          </ns3:TrackPointExtension>
        </extensions>
      </trkpt>
      <trkpt lat="40.15278403647243976593017578125" lon="94.66072968207299709320068359375">
        <ele>1137.4000244140625</ele>
        <time>2025-08-11T22:57:25.000Z</time>
        <extensions>
          <ns3:TrackPointExtension>
            <ns3:hr>151</ns3:hr>
            <ns3:cad>89</ns3:cad>
          </ns3:TrackPointExtension>
        </extensions>
      </trkpt>
      <trkpt lat="40.152804739773273468017578125" lon="94.66074979864060878753662109375">
        <ele>1137.5999755859375</ele>
        <time>2025-08-11T22:57:26.000Z</time>
        <extensions>
          <ns3:TrackPointExtension>
            <ns3:hr>151</ns3:hr>
            <ns3:cad>89</ns3:cad>
          </ns3:TrackPointExtension>
        </extensions>
      </trkpt>
      <trkpt lat="40.15282544307410717010498046875" lon="94.660773687064647674560546875">
        <ele>1137.5999755859375</ele>
        <time>2025-08-11T22:57:27.000Z</time>
        <extensions>
          <ns3:TrackPointExtension>
            <ns3:hr>151</ns3:hr>
            <ns3:cad>89</ns3:cad>
          </ns3:TrackPointExtension>
        </extensions>
      </trkpt>
      <trkpt lat="40.15284287743270397186279296875" lon="94.66079338453710079193115234375">
        <ele>1137.5999755859375</ele>
        <time>2025-08-11T22:57:28.000Z</time>
        <extensions>
          <ns3:TrackPointExtension>
            <ns3:hr>151</ns3:hr>
            <ns3:cad>89</ns3:cad>
          </ns3:TrackPointExtension>
        </extensions>
      </trkpt>
      <trkpt lat="40.15286634676158428192138671875" lon="94.660813920199871063232421875">
        <ele>1137.5999755859375</ele>
        <time>2025-08-11T22:57:29.000Z</time>
        <extensions>
          <ns3:TrackPointExtension>
            <ns3:hr>151</ns3:hr>
            <ns3:cad>89</ns3:cad>
          </ns3:TrackPointExtension>
        </extensions>
      </trkpt>
      <trkpt lat="40.15288344584405422210693359375" lon="94.66083328239619731903076171875">
        <ele>1137.5999755859375</ele>
        <time>2025-08-11T22:57:30.000Z</time>
        <extensions>
          <ns3:TrackPointExtension>
            <ns3:hr>151</ns3:hr>
            <ns3:cad>89</ns3:cad>
          </ns3:TrackPointExtension>
        </extensions>
      </trkpt>
      <trkpt lat="40.15290565788745880126953125" lon="94.66085893101990222930908203125">
        <ele>1137.5999755859375</ele>
        <time>2025-08-11T22:57:31.000Z</time>
        <extensions>
          <ns3:TrackPointExtension>
            <ns3:hr>151</ns3:hr>
            <ns3:cad>89</ns3:cad>
          </ns3:TrackPointExtension>
        </extensions>
      </trkpt>
      <trkpt lat="40.15291227959096431732177734375" lon="94.660882987082004547119140625">
        <ele>1137.5999755859375</ele>
        <time>2025-08-11T22:57:32.000Z</time>
        <extensions>
          <ns3:TrackPointExtension>
            <ns3:hr>151</ns3:hr>
            <ns3:cad>89</ns3:cad>
          </ns3:TrackPointExtension>
        </extensions>
      </trkpt>
      <trkpt lat="40.1529044844210147857666015625" lon="94.66089966706931591033935546875">
        <ele>1137.5999755859375</ele>
        <time>2025-08-11T22:57:33.000Z</time>
        <extensions>
          <ns3:TrackPointExtension>
            <ns3:hr>151</ns3:hr>
            <ns3:cad>89</ns3:cad>
          </ns3:TrackPointExtension>
        </extensions>
      </trkpt>
      <trkpt lat="40.15289484523236751556396484375" lon="94.6609175205230712890625">
        <ele>1137.4000244140625</ele>
        <time>2025-08-11T22:57:34.000Z</time>
        <extensions>
          <ns3:TrackPointExtension>
            <ns3:hr>151</ns3:hr>
            <ns3:cad>89</ns3:cad>
          </ns3:TrackPointExtension>
        </extensions>
      </trkpt>
      <trkpt lat="40.152887888252735137939453125" lon="94.66094191186130046844482421875">
        <ele>1137</ele>
        <time>2025-08-11T22:57:35.000Z</time>
        <extensions>
          <ns3:TrackPointExtension>
            <ns3:hr>151</ns3:hr>
            <ns3:cad>89</ns3:cad>
          </ns3:TrackPointExtension>
        </extensions>
      </trkpt>
      <trkpt lat="40.15289065428078174591064453125" lon="94.6609552390873432159423828125">
        <ele>1136.5999755859375</ele>
        <time>2025-08-11T22:57:36.000Z</time>
        <extensions>
          <ns3:TrackPointExtension>
            <ns3:hr>151</ns3:hr>
            <ns3:cad>89</ns3:cad>
          </ns3:TrackPointExtension>
        </extensions>
      </trkpt>
      <trkpt lat="40.15290205366909503936767578125" lon="94.66098122298717498779296875">
        <ele>1136</ele>
        <time>2025-08-11T22:57:37.000Z</time>
        <extensions>
          <ns3:TrackPointExtension>
            <ns3:hr>151</ns3:hr>
            <ns3:cad>89</ns3:cad>
          </ns3:TrackPointExtension>
        </extensions>
      </trkpt>
      <trkpt lat="40.1529182307422161102294921875" lon="94.6609971486032009124755859375">
        <ele>1135.800048828125</ele>
        <time>2025-08-11T22:57:38.000Z</time>
        <extensions>
          <ns3:TrackPointExtension>
            <ns3:hr>151</ns3:hr>
            <ns3:cad>87</ns3:cad>
          </ns3:TrackPointExtension>
        </extensions>
      </trkpt>
      <trkpt lat="40.15294228680431842803955078125" lon="94.66101902537047863006591796875">
        <ele>1135.5999755859375</ele>
        <time>2025-08-11T22:57:39.000Z</time>
        <extensions>
          <ns3:TrackPointExtension>
            <ns3:hr>151</ns3:hr>
            <ns3:cad>86</ns3:cad>
          </ns3:TrackPointExtension>
        </extensions>
      </trkpt>
      <trkpt lat="40.15296592377126216888427734375" lon="94.66103620827198028564453125">
        <ele>1135.5999755859375</ele>
        <time>2025-08-11T22:57:40.000Z</time>
        <extensions>
          <ns3:TrackPointExtension>
            <ns3:hr>151</ns3:hr>
            <ns3:cad>86</ns3:cad>
          </ns3:TrackPointExtension>
        </extensions>
      </trkpt>
      <trkpt lat="40.15299207530915737152099609375" lon="94.66106378473341464996337890625">
        <ele>1135.5999755859375</ele>
        <time>2025-08-11T22:57:41.000Z</time>
        <extensions>
          <ns3:TrackPointExtension>
            <ns3:hr>151</ns3:hr>
            <ns3:cad>86</ns3:cad>
          </ns3:TrackPointExtension>
        </extensions>
      </trkpt>
      <trkpt lat="40.1530097611248493194580078125" lon="94.6610833145678043365478515625">
        <ele>1135.800048828125</ele>
        <time>2025-08-11T22:57:42.000Z</time>
        <extensions>
          <ns3:TrackPointExtension>
            <ns3:hr>151</ns3:hr>
            <ns3:cad>86</ns3:cad>
          </ns3:TrackPointExtension>
        </extensions>
      </trkpt>
      <trkpt lat="40.15303750522434711456298828125" lon="94.66111038811504840850830078125">
        <ele>1135.800048828125</ele>
        <time>2025-08-11T22:57:43.000Z</time>
        <extensions>
          <ns3:TrackPointExtension>
            <ns3:hr>150</ns3:hr>
            <ns3:cad>87</ns3:cad>
          </ns3:TrackPointExtension>
        </extensions>
      </trkpt>
      <trkpt lat="40.15305359847843647003173828125" lon="94.66112832538783550262451171875">
        <ele>1135.800048828125</ele>
        <time>2025-08-11T22:57:44.000Z</time>
        <extensions>
          <ns3:TrackPointExtension>
            <ns3:hr>151</ns3:hr>
            <ns3:cad>88</ns3:cad>
          </ns3:TrackPointExtension>
        </extensions>
      </trkpt>
      <trkpt lat="40.15307472087442874908447265625" lon="94.6611456759274005889892578125">
        <ele>1135.800048828125</ele>
        <time>2025-08-11T22:57:45.000Z</time>
        <extensions>
          <ns3:TrackPointExtension>
            <ns3:hr>151</ns3:hr>
            <ns3:cad>88</ns3:cad>
          </ns3:TrackPointExtension>
        </extensions>
      </trkpt>
      <trkpt lat="40.15309475362300872802734375" lon="94.6611671335995197296142578125">
        <ele>1135.800048828125</ele>
        <time>2025-08-11T22:57:46.000Z</time>
        <extensions>
          <ns3:TrackPointExtension>
            <ns3:hr>150</ns3:hr>
            <ns3:cad>89</ns3:cad>
          </ns3:TrackPointExtension>
        </extensions>
      </trkpt>
      <trkpt lat="40.15311880968511104583740234375" lon="94.66118331067264080047607421875">
        <ele>1135.800048828125</ele>
        <time>2025-08-11T22:57:47.000Z</time>
        <extensions>
          <ns3:TrackPointExtension>
            <ns3:hr>151</ns3:hr>
            <ns3:cad>89</ns3:cad>
          </ns3:TrackPointExtension>
        </extensions>
      </trkpt>
      <trkpt lat="40.15313892625272274017333984375" lon="94.66120543889701366424560546875">
        <ele>1135.800048828125</ele>
        <time>2025-08-11T22:57:48.000Z</time>
        <extensions>
          <ns3:TrackPointExtension>
            <ns3:hr>151</ns3:hr>
            <ns3:cad>89</ns3:cad>
          </ns3:TrackPointExtension>
        </extensions>
      </trkpt>
      <trkpt lat="40.15315954573452472686767578125" lon="94.66122304089367389678955078125">
        <ele>1135.800048828125</ele>
        <time>2025-08-11T22:57:49.000Z</time>
        <extensions>
          <ns3:TrackPointExtension>
            <ns3:hr>150</ns3:hr>
            <ns3:cad>89</ns3:cad>
          </ns3:TrackPointExtension>
        </extensions>
      </trkpt>
      <trkpt lat="40.15318133868277072906494140625" lon="94.661245085299015045166015625">
        <ele>1136</ele>
        <time>2025-08-11T22:57:50.000Z</time>
        <extensions>
          <ns3:TrackPointExtension>
            <ns3:hr>150</ns3:hr>
            <ns3:cad>88</ns3:cad>
          </ns3:TrackPointExtension>
        </extensions>
      </trkpt>
      <trkpt lat="40.15320044942200183868408203125" lon="94.66126461513340473175048828125">
        <ele>1136</ele>
        <time>2025-08-11T22:57:51.000Z</time>
        <extensions>
          <ns3:TrackPointExtension>
            <ns3:hr>150</ns3:hr>
            <ns3:cad>88</ns3:cad>
          </ns3:TrackPointExtension>
        </extensions>
      </trkpt>
      <trkpt lat="40.15321989543735980987548828125" lon="94.66129462234675884246826171875">
        <ele>1136</ele>
        <time>2025-08-11T22:57:52.000Z</time>
        <extensions>
          <ns3:TrackPointExtension>
            <ns3:hr>150</ns3:hr>
            <ns3:cad>88</ns3:cad>
          </ns3:TrackPointExtension>
        </extensions>
      </trkpt>
      <trkpt lat="40.15324152074754238128662109375" lon="94.6613159961998462677001953125">
        <ele>1135.800048828125</ele>
        <time>2025-08-11T22:57:53.000Z</time>
        <extensions>
          <ns3:TrackPointExtension>
            <ns3:hr>150</ns3:hr>
            <ns3:cad>88</ns3:cad>
          </ns3:TrackPointExtension>
        </extensions>
      </trkpt>
      <trkpt lat="40.15326616354286670684814453125" lon="94.66134357266128063201904296875">
        <ele>1135.800048828125</ele>
        <time>2025-08-11T22:57:54.000Z</time>
        <extensions>
          <ns3:TrackPointExtension>
            <ns3:hr>150</ns3:hr>
            <ns3:cad>89</ns3:cad>
          </ns3:TrackPointExtension>
        </extensions>
      </trkpt>
      <trkpt lat="40.15329365618526935577392578125" lon="94.66136167757213115692138671875">
        <ele>1135.5999755859375</ele>
        <time>2025-08-11T22:57:55.000Z</time>
        <extensions>
          <ns3:TrackPointExtension>
            <ns3:hr>150</ns3:hr>
            <ns3:cad>88</ns3:cad>
          </ns3:TrackPointExtension>
        </extensions>
      </trkpt>
      <trkpt lat="40.1533151976764202117919921875" lon="94.66138212941586971282958984375">
        <ele>1135.5999755859375</ele>
        <time>2025-08-11T22:57:56.000Z</time>
        <extensions>
          <ns3:TrackPointExtension>
            <ns3:hr>150</ns3:hr>
            <ns3:cad>88</ns3:cad>
          </ns3:TrackPointExtension>
        </extensions>
      </trkpt>
      <trkpt lat="40.15333908610045909881591796875" lon="94.66139654628932476043701171875">
        <ele>1135.5999755859375</ele>
        <time>2025-08-11T22:57:57.000Z</time>
        <extensions>
          <ns3:TrackPointExtension>
            <ns3:hr>149</ns3:hr>
            <ns3:cad>88</ns3:cad>
          </ns3:TrackPointExtension>
        </extensions>
      </trkpt>
      <trkpt lat="40.15336423180997371673583984375" lon="94.66141900978982448577880859375">
        <ele>1135.5999755859375</ele>
        <time>2025-08-11T22:57:58.000Z</time>
        <extensions>
          <ns3:TrackPointExtension>
            <ns3:hr>149</ns3:hr>
            <ns3:cad>89</ns3:cad>
          </ns3:TrackPointExtension>
        </extensions>
      </trkpt>
      <trkpt lat="40.1533856056630611419677734375" lon="94.66143317520618438720703125">
        <ele>1135.800048828125</ele>
        <time>2025-08-11T22:57:59.000Z</time>
        <extensions>
          <ns3:TrackPointExtension>
            <ns3:hr>149</ns3:hr>
            <ns3:cad>89</ns3:cad>
          </ns3:TrackPointExtension>
        </extensions>
      </trkpt>
      <trkpt lat="40.1534100808203220367431640625" lon="94.66145555488765239715576171875">
        <ele>1135.800048828125</ele>
        <time>2025-08-11T22:58:00.000Z</time>
        <extensions>
          <ns3:TrackPointExtension>
            <ns3:hr>150</ns3:hr>
            <ns3:cad>89</ns3:cad>
          </ns3:TrackPointExtension>
        </extensions>
      </trkpt>
      <trkpt lat="40.1534335501492023468017578125" lon="94.6614718995988368988037109375">
        <ele>1135.800048828125</ele>
        <time>2025-08-11T22:58:01.000Z</time>
        <extensions>
          <ns3:TrackPointExtension>
            <ns3:hr>149</ns3:hr>
            <ns3:cad>89</ns3:cad>
          </ns3:TrackPointExtension>
        </extensions>
      </trkpt>
      <trkpt lat="40.15345676802098751068115234375" lon="94.66149645857512950897216796875">
        <ele>1135.800048828125</ele>
        <time>2025-08-11T22:58:02.000Z</time>
        <extensions>
          <ns3:TrackPointExtension>
            <ns3:hr>149</ns3:hr>
            <ns3:cad>89</ns3:cad>
          </ns3:TrackPointExtension>
        </extensions>
      </trkpt>
      <trkpt lat="40.1534774713218212127685546875" lon="94.66151070781052112579345703125">
        <ele>1135.800048828125</ele>
        <time>2025-08-11T22:58:03.000Z</time>
        <extensions>
          <ns3:TrackPointExtension>
            <ns3:hr>149</ns3:hr>
            <ns3:cad>89</ns3:cad>
          </ns3:TrackPointExtension>
        </extensions>
      </trkpt>
      <trkpt lat="40.1535016112029552459716796875" lon="94.6615339256823062896728515625">
        <ele>1135.800048828125</ele>
        <time>2025-08-11T22:58:04.000Z</time>
        <extensions>
          <ns3:TrackPointExtension>
            <ns3:hr>150</ns3:hr>
            <ns3:cad>89</ns3:cad>
          </ns3:TrackPointExtension>
        </extensions>
      </trkpt>
      <trkpt lat="40.15352600254118442535400390625" lon="94.66154582798480987548828125">
        <ele>1135.800048828125</ele>
        <time>2025-08-11T22:58:05.000Z</time>
        <extensions>
          <ns3:TrackPointExtension>
            <ns3:hr>149</ns3:hr>
            <ns3:cad>88</ns3:cad>
          </ns3:TrackPointExtension>
        </extensions>
      </trkpt>
      <trkpt lat="40.1535482145845890045166015625" lon="94.66156669892370700836181640625">
        <ele>1136</ele>
        <time>2025-08-11T22:58:06.000Z</time>
        <extensions>
          <ns3:TrackPointExtension>
            <ns3:hr>149</ns3:hr>
            <ns3:cad>88</ns3:cad>
          </ns3:TrackPointExtension>
        </extensions>
      </trkpt>
      <trkpt lat="40.15357059426605701446533203125" lon="94.6615815348923206329345703125">
        <ele>1136</ele>
        <time>2025-08-11T22:58:07.000Z</time>
        <extensions>
          <ns3:TrackPointExtension>
            <ns3:hr>149</ns3:hr>
            <ns3:cad>88</ns3:cad>
          </ns3:TrackPointExtension>
        </extensions>
      </trkpt>
      <trkpt lat="40.1535938121378421783447265625" lon="94.66160617768764495849609375">
        <ele>1136</ele>
        <time>2025-08-11T22:58:08.000Z</time>
        <extensions>
          <ns3:TrackPointExtension>
            <ns3:hr>150</ns3:hr>
            <ns3:cad>89</ns3:cad>
          </ns3:TrackPointExtension>
        </extensions>
      </trkpt>
      <trkpt lat="40.1536166109144687652587890625" lon="94.66162084601819515228271484375">
        <ele>1136</ele>
        <time>2025-08-11T22:58:09.000Z</time>
        <extensions>
          <ns3:TrackPointExtension>
            <ns3:hr>149</ns3:hr>
            <ns3:cad>89</ns3:cad>
          </ns3:TrackPointExtension>
        </extensions>
      </trkpt>
      <trkpt lat="40.1536384038627147674560546875" lon="94.66164247132837772369384765625">
        <ele>1136.199951171875</ele>
        <time>2025-08-11T22:58:10.000Z</time>
        <extensions>
          <ns3:TrackPointExtension>
            <ns3:hr>149</ns3:hr>
            <ns3:cad>89</ns3:cad>
          </ns3:TrackPointExtension>
        </extensions>
      </trkpt>
      <trkpt lat="40.1536518149077892303466796875" lon="94.6616586484014987945556640625">
        <ele>1136.199951171875</ele>
        <time>2025-08-11T22:58:11.000Z</time>
        <extensions>
          <ns3:TrackPointExtension>
            <ns3:hr>150</ns3:hr>
            <ns3:cad>88</ns3:cad>
          </ns3:TrackPointExtension>
        </extensions>
      </trkpt>
      <trkpt lat="40.15366614796221256256103515625" lon="94.66168287210166454315185546875">
        <ele>1136.199951171875</ele>
        <time>2025-08-11T22:58:12.000Z</time>
        <extensions>
          <ns3:TrackPointExtension>
            <ns3:hr>149</ns3:hr>
            <ns3:cad>88</ns3:cad>
          </ns3:TrackPointExtension>
        </extensions>
      </trkpt>
      <trkpt lat="40.15368374995887279510498046875" lon="94.66170282103121280670166015625">
        <ele>1136.199951171875</ele>
        <time>2025-08-11T22:58:13.000Z</time>
        <extensions>
          <ns3:TrackPointExtension>
            <ns3:hr>149</ns3:hr>
            <ns3:cad>88</ns3:cad>
          </ns3:TrackPointExtension>
        </extensions>
      </trkpt>
      <trkpt lat="40.1537004299461841583251953125" lon="94.661723859608173370361328125">
        <ele>1136.199951171875</ele>
        <time>2025-08-11T22:58:14.000Z</time>
        <extensions>
          <ns3:TrackPointExtension>
            <ns3:hr>150</ns3:hr>
            <ns3:cad>88</ns3:cad>
          </ns3:TrackPointExtension>
        </extensions>
      </trkpt>
      <trkpt lat="40.153717361390590667724609375" lon="94.6617414616048336029052734375">
        <ele>1136.199951171875</ele>
        <time>2025-08-11T22:58:15.000Z</time>
        <extensions>
          <ns3:TrackPointExtension>
            <ns3:hr>149</ns3:hr>
            <ns3:cad>88</ns3:cad>
          </ns3:TrackPointExtension>
        </extensions>
      </trkpt>
      <trkpt lat="40.15373580157756805419921875" lon="94.66176635585725307464599609375">
        <ele>1136</ele>
        <time>2025-08-11T22:58:16.000Z</time>
        <extensions>
          <ns3:TrackPointExtension>
            <ns3:hr>149</ns3:hr>
            <ns3:cad>88</ns3:cad>
          </ns3:TrackPointExtension>
        </extensions>
      </trkpt>
      <trkpt lat="40.15374896116554737091064453125" lon="94.6617904119193553924560546875">
        <ele>1136</ele>
        <time>2025-08-11T22:58:17.000Z</time>
        <extensions>
          <ns3:TrackPointExtension>
            <ns3:hr>150</ns3:hr>
            <ns3:cad>88</ns3:cad>
          </ns3:TrackPointExtension>
        </extensions>
      </trkpt>
      <trkpt lat="40.15376723371446132659912109375" lon="94.6618165634572505950927734375">
        <ele>1136</ele>
        <time>2025-08-11T22:58:18.000Z</time>
        <extensions>
          <ns3:TrackPointExtension>
            <ns3:hr>150</ns3:hr>
            <ns3:cad>88</ns3:cad>
          </ns3:TrackPointExtension>
        </extensions>
      </trkpt>
      <trkpt lat="40.15378936193883419036865234375" lon="94.661837518215179443359375">
        <ele>1136</ele>
        <time>2025-08-11T22:58:19.000Z</time>
        <extensions>
          <ns3:TrackPointExtension>
            <ns3:hr>150</ns3:hr>
            <ns3:cad>88</ns3:cad>
          </ns3:TrackPointExtension>
        </extensions>
      </trkpt>
      <trkpt lat="40.153811238706111907958984375" lon="94.66186610050499439239501953125">
        <ele>1136</ele>
        <time>2025-08-11T22:58:20.000Z</time>
        <extensions>
          <ns3:TrackPointExtension>
            <ns3:hr>149</ns3:hr>
            <ns3:cad>89</ns3:cad>
          </ns3:TrackPointExtension>
        </extensions>
      </trkpt>
      <trkpt lat="40.1538325287401676177978515625" lon="94.661887474358081817626953125">
        <ele>1136.199951171875</ele>
        <time>2025-08-11T22:58:21.000Z</time>
        <extensions>
          <ns3:TrackPointExtension>
            <ns3:hr>150</ns3:hr>
            <ns3:cad>89</ns3:cad>
          </ns3:TrackPointExtension>
        </extensions>
      </trkpt>
      <trkpt lat="40.15385515987873077392578125" lon="94.66191354207694530487060546875">
        <ele>1136.199951171875</ele>
        <time>2025-08-11T22:58:22.000Z</time>
        <extensions>
          <ns3:TrackPointExtension>
            <ns3:hr>150</ns3:hr>
            <ns3:cad>89</ns3:cad>
          </ns3:TrackPointExtension>
        </extensions>
      </trkpt>
      <trkpt lat="40.1538754440844058990478515625" lon="94.66193382628262042999267578125">
        <ele>1136.199951171875</ele>
        <time>2025-08-11T22:58:23.000Z</time>
        <extensions>
          <ns3:TrackPointExtension>
            <ns3:hr>150</ns3:hr>
            <ns3:cad>90</ns3:cad>
          </ns3:TrackPointExtension>
        </extensions>
      </trkpt>
      <trkpt lat="40.1538960635662078857421875" lon="94.6619597263634204864501953125">
        <ele>1136.199951171875</ele>
        <time>2025-08-11T22:58:24.000Z</time>
        <extensions>
          <ns3:TrackPointExtension>
            <ns3:hr>149</ns3:hr>
            <ns3:cad>90</ns3:cad>
          </ns3:TrackPointExtension>
        </extensions>
      </trkpt>
      <trkpt lat="40.15391626395285129547119140625" lon="94.66197992675006389617919921875">
        <ele>1136.199951171875</ele>
        <time>2025-08-11T22:58:25.000Z</time>
        <extensions>
          <ns3:TrackPointExtension>
            <ns3:hr>150</ns3:hr>
            <ns3:cad>90</ns3:cad>
          </ns3:TrackPointExtension>
        </extensions>
      </trkpt>
      <trkpt lat="40.1539367996156215667724609375" lon="94.6620093472301959991455078125">
        <ele>1136.4000244140625</ele>
        <time>2025-08-11T22:58:26.000Z</time>
        <extensions>
          <ns3:TrackPointExtension>
            <ns3:hr>150</ns3:hr>
            <ns3:cad>89</ns3:cad>
          </ns3:TrackPointExtension>
        </extensions>
      </trkpt>
      <trkpt lat="40.15395616181194782257080078125" lon="94.66203809715807437896728515625">
        <ele>1136.4000244140625</ele>
        <time>2025-08-11T22:58:27.000Z</time>
        <extensions>
          <ns3:TrackPointExtension>
            <ns3:hr>150</ns3:hr>
            <ns3:cad>89</ns3:cad>
          </ns3:TrackPointExtension>
        </extensions>
      </trkpt>
      <trkpt lat="40.15397627837955951690673828125" lon="94.66206961311399936676025390625">
        <ele>1136.4000244140625</ele>
        <time>2025-08-11T22:58:28.000Z</time>
        <extensions>
          <ns3:TrackPointExtension>
            <ns3:hr>150</ns3:hr>
            <ns3:cad>89</ns3:cad>
          </ns3:TrackPointExtension>
        </extensions>
      </trkpt>
      <trkpt lat="40.15399639494717121124267578125" lon="94.6620955131947994232177734375">
        <ele>1136.4000244140625</ele>
        <time>2025-08-11T22:58:29.000Z</time>
        <extensions>
          <ns3:TrackPointExtension>
            <ns3:hr>150</ns3:hr>
            <ns3:cad>89</ns3:cad>
          </ns3:TrackPointExtension>
        </extensions>
      </trkpt>
      <trkpt lat="40.1540192775428295135498046875" lon="94.662122167646884918212890625">
        <ele>1136.4000244140625</ele>
        <time>2025-08-11T22:58:30.000Z</time>
        <extensions>
          <ns3:TrackPointExtension>
            <ns3:hr>150</ns3:hr>
            <ns3:cad>89</ns3:cad>
          </ns3:TrackPointExtension>
        </extensions>
      </trkpt>
      <trkpt lat="40.15403914265334606170654296875" lon="94.6621508337557315826416015625">
        <ele>1136.199951171875</ele>
        <time>2025-08-11T22:58:31.000Z</time>
        <extensions>
          <ns3:TrackPointExtension>
            <ns3:hr>150</ns3:hr>
            <ns3:cad>89</ns3:cad>
          </ns3:TrackPointExtension>
        </extensions>
      </trkpt>
      <trkpt lat="40.15405959449708461761474609375" lon="94.6621769852936267852783203125">
        <ele>1136.199951171875</ele>
        <time>2025-08-11T22:58:32.000Z</time>
        <extensions>
          <ns3:TrackPointExtension>
            <ns3:hr>150</ns3:hr>
            <ns3:cad>89</ns3:cad>
          </ns3:TrackPointExtension>
        </extensions>
      </trkpt>
      <trkpt lat="40.154079459607601165771484375" lon="94.66220154426991939544677734375">
        <ele>1136.199951171875</ele>
        <time>2025-08-11T22:58:33.000Z</time>
        <extensions>
          <ns3:TrackPointExtension>
            <ns3:hr>150</ns3:hr>
            <ns3:cad>89</ns3:cad>
          </ns3:TrackPointExtension>
        </extensions>
      </trkpt>
      <trkpt lat="40.15409764833748340606689453125" lon="94.66222367249429225921630859375">
        <ele>1136.199951171875</ele>
        <time>2025-08-11T22:58:34.000Z</time>
        <extensions>
          <ns3:TrackPointExtension>
            <ns3:hr>150</ns3:hr>
            <ns3:cad>89</ns3:cad>
          </ns3:TrackPointExtension>
        </extensions>
      </trkpt>
      <trkpt lat="40.15412011183798313140869140625" lon="94.6622447110712528228759765625">
        <ele>1136.199951171875</ele>
        <time>2025-08-11T22:58:35.000Z</time>
        <extensions>
          <ns3:TrackPointExtension>
            <ns3:hr>150</ns3:hr>
            <ns3:cad>89</ns3:cad>
          </ns3:TrackPointExtension>
        </extensions>
      </trkpt>
      <trkpt lat="40.1541399769484996795654296875" lon="94.6622621454298496246337890625">
        <ele>1136.199951171875</ele>
        <time>2025-08-11T22:58:36.000Z</time>
        <extensions>
          <ns3:TrackPointExtension>
            <ns3:hr>150</ns3:hr>
            <ns3:cad>89</ns3:cad>
          </ns3:TrackPointExtension>
        </extensions>
      </trkpt>
      <trkpt lat="40.15416503883898258209228515625" lon="94.66228469274938106536865234375">
        <ele>1136.199951171875</ele>
        <time>2025-08-11T22:58:37.000Z</time>
        <extensions>
          <ns3:TrackPointExtension>
            <ns3:hr>150</ns3:hr>
            <ns3:cad>89</ns3:cad>
          </ns3:TrackPointExtension>
        </extensions>
      </trkpt>
      <trkpt lat="40.15418850816786289215087890625" lon="94.66229776851832866668701171875">
        <ele>1136.199951171875</ele>
        <time>2025-08-11T22:58:38.000Z</time>
        <extensions>
          <ns3:TrackPointExtension>
            <ns3:hr>151</ns3:hr>
            <ns3:cad>89</ns3:cad>
          </ns3:TrackPointExtension>
        </extensions>
      </trkpt>
      <trkpt lat="40.15421516261994838714599609375" lon="94.66232073493301868438720703125">
        <ele>1136.199951171875</ele>
        <time>2025-08-11T22:58:39.000Z</time>
        <extensions>
          <ns3:TrackPointExtension>
            <ns3:hr>150</ns3:hr>
            <ns3:cad>89</ns3:cad>
          </ns3:TrackPointExtension>
        </extensions>
      </trkpt>
      <trkpt lat="40.15423544682562351226806640625" lon="94.66233766637742519378662109375">
        <ele>1136.4000244140625</ele>
        <time>2025-08-11T22:58:40.000Z</time>
        <extensions>
          <ns3:TrackPointExtension>
            <ns3:hr>150</ns3:hr>
            <ns3:cad>88</ns3:cad>
          </ns3:TrackPointExtension>
        </extensions>
      </trkpt>
      <trkpt lat="40.1542526297271251678466796875" lon="94.66236130334436893463134765625">
        <ele>1136.4000244140625</ele>
        <time>2025-08-11T22:58:41.000Z</time>
        <extensions>
          <ns3:TrackPointExtension>
            <ns3:hr>151</ns3:hr>
            <ns3:cad>88</ns3:cad>
          </ns3:TrackPointExtension>
        </extensions>
      </trkpt>
      <trkpt lat="40.15425522811710834503173828125" lon="94.66239449568092823028564453125">
        <ele>1136.4000244140625</ele>
        <time>2025-08-11T22:58:42.000Z</time>
        <extensions>
          <ns3:TrackPointExtension>
            <ns3:hr>150</ns3:hr>
            <ns3:cad>87</ns3:cad>
          </ns3:TrackPointExtension>
        </extensions>
      </trkpt>
      <trkpt lat="40.15423779375851154327392578125" lon="94.6624214015901088714599609375">
        <ele>1136.5999755859375</ele>
        <time>2025-08-11T22:58:43.000Z</time>
        <extensions>
          <ns3:TrackPointExtension>
            <ns3:hr>150</ns3:hr>
            <ns3:cad>87</ns3:cad>
          </ns3:TrackPointExtension>
        </extensions>
      </trkpt>
      <trkpt lat="40.15422119759023189544677734375" lon="94.6624455414712429046630859375">
        <ele>1136.5999755859375</ele>
        <time>2025-08-11T22:58:44.000Z</time>
        <extensions>
          <ns3:TrackPointExtension>
            <ns3:hr>150</ns3:hr>
            <ns3:cad>87</ns3:cad>
          </ns3:TrackPointExtension>
        </extensions>
      </trkpt>
      <trkpt lat="40.15419336967170238494873046875" lon="94.66247395612299442291259765625">
        <ele>1136.800048828125</ele>
        <time>2025-08-11T22:58:45.000Z</time>
        <extensions>
          <ns3:TrackPointExtension>
            <ns3:hr>150</ns3:hr>
            <ns3:cad>83</ns3:cad>
          </ns3:TrackPointExtension>
        </extensions>
      </trkpt>
      <trkpt lat="40.15417409129440784454345703125" lon="94.6624921448528766632080078125">
        <ele>1136.800048828125</ele>
        <time>2025-08-11T22:58:46.000Z</time>
        <extensions>
          <ns3:TrackPointExtension>
            <ns3:hr>150</ns3:hr>
            <ns3:cad>83</ns3:cad>
          </ns3:TrackPointExtension>
        </extensions>
      </trkpt>
      <trkpt lat="40.1541535556316375732421875" lon="94.6625146083533763885498046875">
        <ele>1136.800048828125</ele>
        <time>2025-08-11T22:58:47.000Z</time>
        <extensions>
          <ns3:TrackPointExtension>
            <ns3:hr>150</ns3:hr>
            <ns3:cad>83</ns3:cad>
          </ns3:TrackPointExtension>
        </extensions>
      </trkpt>
      <trkpt lat="40.15413218177855014801025390625" lon="94.66253757476806640625">
        <ele>1136.800048828125</ele>
        <time>2025-08-11T22:58:48.000Z</time>
        <extensions>
          <ns3:TrackPointExtension>
            <ns3:hr>150</ns3:hr>
            <ns3:cad>83</ns3:cad>
          </ns3:TrackPointExtension>
        </extensions>
      </trkpt>
      <trkpt lat="40.1541121490299701690673828125" lon="94.662562720477581024169921875">
        <ele>1136.5999755859375</ele>
        <time>2025-08-11T22:58:49.000Z</time>
        <extensions>
          <ns3:TrackPointExtension>
            <ns3:hr>150</ns3:hr>
            <ns3:cad>83</ns3:cad>
          </ns3:TrackPointExtension>
        </extensions>
      </trkpt>
      <trkpt lat="40.1540856622159481048583984375" lon="94.66259012930095195770263671875">
        <ele>1136.5999755859375</ele>
        <time>2025-08-11T22:58:50.000Z</time>
        <extensions>
          <ns3:TrackPointExtension>
            <ns3:hr>150</ns3:hr>
            <ns3:cad>83</ns3:cad>
          </ns3:TrackPointExtension>
        </extensions>
      </trkpt>
      <trkpt lat="40.15406680293381214141845703125" lon="94.6626118384301662445068359375">
        <ele>1136.4000244140625</ele>
        <time>2025-08-11T22:58:51.000Z</time>
        <extensions>
          <ns3:TrackPointExtension>
            <ns3:hr>150</ns3:hr>
            <ns3:cad>87</ns3:cad>
          </ns3:TrackPointExtension>
        </extensions>
      </trkpt>
      <trkpt lat="40.1540477760136127471923828125" lon="94.6626341342926025390625">
        <ele>1136.4000244140625</ele>
        <time>2025-08-11T22:58:52.000Z</time>
        <extensions>
          <ns3:TrackPointExtension>
            <ns3:hr>150</ns3:hr>
            <ns3:cad>87</ns3:cad>
          </ns3:TrackPointExtension>
        </extensions>
      </trkpt>
      <trkpt lat="40.15402891673147678375244140625" lon="94.6626557596027851104736328125">
        <ele>1136.199951171875</ele>
        <time>2025-08-11T22:58:53.000Z</time>
        <extensions>
          <ns3:TrackPointExtension>
            <ns3:hr>150</ns3:hr>
            <ns3:cad>88</ns3:cad>
          </ns3:TrackPointExtension>
        </extensions>
      </trkpt>
      <trkpt lat="40.154010392725467681884765625" lon="94.6626762114465236663818359375">
        <ele>1136.199951171875</ele>
        <time>2025-08-11T22:58:54.000Z</time>
        <extensions>
          <ns3:TrackPointExtension>
            <ns3:hr>149</ns3:hr>
            <ns3:cad>88</ns3:cad>
          </ns3:TrackPointExtension>
        </extensions>
      </trkpt>
      <trkpt lat="40.1539927907288074493408203125" lon="94.66269691474735736846923828125">
        <ele>1136</ele>
        <time>2025-08-11T22:58:55.000Z</time>
        <extensions>
          <ns3:TrackPointExtension>
            <ns3:hr>150</ns3:hr>
            <ns3:cad>88</ns3:cad>
          </ns3:TrackPointExtension>
        </extensions>
      </trkpt>
      <trkpt lat="40.1539750210940837860107421875" lon="94.662718288600444793701171875">
        <ele>1136</ele>
        <time>2025-08-11T22:58:56.000Z</time>
        <extensions>
          <ns3:TrackPointExtension>
            <ns3:hr>150</ns3:hr>
            <ns3:cad>87</ns3:cad>
          </ns3:TrackPointExtension>
        </extensions>
      </trkpt>
      <trkpt lat="40.1539606042206287384033203125" lon="94.662741087377071380615234375">
        <ele>1135.800048828125</ele>
        <time>2025-08-11T22:58:57.000Z</time>
        <extensions>
          <ns3:TrackPointExtension>
            <ns3:hr>150</ns3:hr>
            <ns3:cad>88</ns3:cad>
          </ns3:TrackPointExtension>
        </extensions>
      </trkpt>
      <trkpt lat="40.153945349156856536865234375" lon="94.6627642214298248291015625">
        <ele>1136</ele>
        <time>2025-08-11T22:58:58.000Z</time>
        <extensions>
          <ns3:TrackPointExtension>
            <ns3:hr>150</ns3:hr>
            <ns3:cad>88</ns3:cad>
          </ns3:TrackPointExtension>
        </extensions>
      </trkpt>
      <trkpt lat="40.15392959117889404296875" lon="94.6627818234264850616455078125">
        <ele>1136</ele>
        <time>2025-08-11T22:58:59.000Z</time>
        <extensions>
          <ns3:TrackPointExtension>
            <ns3:hr>150</ns3:hr>
            <ns3:cad>88</ns3:cad>
          </ns3:TrackPointExtension>
        </extensions>
      </trkpt>
      <trkpt lat="40.1539093069732189178466796875" lon="94.66280420310795307159423828125">
        <ele>1136</ele>
        <time>2025-08-11T22:59:00.000Z</time>
        <extensions>
          <ns3:TrackPointExtension>
            <ns3:hr>150</ns3:hr>
            <ns3:cad>88</ns3:cad>
          </ns3:TrackPointExtension>
        </extensions>
      </trkpt>
      <trkpt lat="40.153892040252685546875" lon="94.6628247387707233428955078125">
        <ele>1136.199951171875</ele>
        <time>2025-08-11T22:59:01.000Z</time>
        <extensions>
          <ns3:TrackPointExtension>
            <ns3:hr>149</ns3:hr>
            <ns3:cad>88</ns3:cad>
          </ns3:TrackPointExtension>
        </extensions>
      </trkpt>
      <trkpt lat="40.15387200750410556793212890625" lon="94.66284963302314281463623046875">
        <ele>1136.199951171875</ele>
        <time>2025-08-11T22:59:02.000Z</time>
        <extensions>
          <ns3:TrackPointExtension>
            <ns3:hr>149</ns3:hr>
            <ns3:cad>88</ns3:cad>
          </ns3:TrackPointExtension>
        </extensions>
      </trkpt>
      <trkpt lat="40.1538553275167942047119140625" lon="94.662872515618801116943359375">
        <ele>1136</ele>
        <time>2025-08-11T22:59:03.000Z</time>
        <extensions>
          <ns3:TrackPointExtension>
            <ns3:hr>149</ns3:hr>
            <ns3:cad>88</ns3:cad>
          </ns3:TrackPointExtension>
        </extensions>
      </trkpt>
      <trkpt lat="40.15383638441562652587890625" lon="94.66289673931896686553955078125">
        <ele>1136</ele>
        <time>2025-08-11T22:59:04.000Z</time>
        <extensions>
          <ns3:TrackPointExtension>
            <ns3:hr>149</ns3:hr>
            <ns3:cad>88</ns3:cad>
          </ns3:TrackPointExtension>
        </extensions>
      </trkpt>
      <trkpt lat="40.1538181118667125701904296875" lon="94.6629202924668788909912109375">
        <ele>1135.800048828125</ele>
        <time>2025-08-11T22:59:05.000Z</time>
        <extensions>
          <ns3:TrackPointExtension>
            <ns3:hr>150</ns3:hr>
            <ns3:cad>88</ns3:cad>
          </ns3:TrackPointExtension>
        </extensions>
      </trkpt>
      <trkpt lat="40.15379439108073711395263671875" lon="94.66294451616704463958740234375">
        <ele>1135.800048828125</ele>
        <time>2025-08-11T22:59:06.000Z</time>
        <extensions>
          <ns3:TrackPointExtension>
            <ns3:hr>150</ns3:hr>
            <ns3:cad>88</ns3:cad>
          </ns3:TrackPointExtension>
        </extensions>
      </trkpt>
      <trkpt lat="40.1537678204476833343505859375" lon="94.6629627048969268798828125">
        <ele>1135.5999755859375</ele>
        <time>2025-08-11T22:59:07.000Z</time>
        <extensions>
          <ns3:TrackPointExtension>
            <ns3:hr>152</ns3:hr>
            <ns3:cad>88</ns3:cad>
          </ns3:TrackPointExtension>
        </extensions>
      </trkpt>
      <trkpt lat="40.15374493785202503204345703125" lon="94.6629870124161243438720703125">
        <ele>1135.199951171875</ele>
        <time>2025-08-11T22:59:08.000Z</time>
        <extensions>
          <ns3:TrackPointExtension>
            <ns3:hr>153</ns3:hr>
            <ns3:cad>88</ns3:cad>
          </ns3:TrackPointExtension>
        </extensions>
      </trkpt>
      <trkpt lat="40.15372239053249359130859375" lon="94.66300888918340206146240234375">
        <ele>1135</ele>
        <time>2025-08-11T22:59:09.000Z</time>
        <extensions>
          <ns3:TrackPointExtension>
            <ns3:hr>154</ns3:hr>
            <ns3:cad>88</ns3:cad>
          </ns3:TrackPointExtension>
        </extensions>
      </trkpt>
      <trkpt lat="40.15370068140327930450439453125" lon="94.66303705237805843353271484375">
        <ele>1134.5999755859375</ele>
        <time>2025-08-11T22:59:10.000Z</time>
        <extensions>
          <ns3:TrackPointExtension>
            <ns3:hr>154</ns3:hr>
            <ns3:cad>88</ns3:cad>
          </ns3:TrackPointExtension>
        </extensions>
      </trkpt>
      <trkpt lat="40.15367821790277957916259765625" lon="94.66306404210627079010009765625">
        <ele>1134.4000244140625</ele>
        <time>2025-08-11T22:59:11.000Z</time>
        <extensions>
          <ns3:TrackPointExtension>
            <ns3:hr>154</ns3:hr>
            <ns3:cad>88</ns3:cad>
          </ns3:TrackPointExtension>
        </extensions>
      </trkpt>
      <trkpt lat="40.153659693896770477294921875" lon="94.66308818198740482330322265625">
        <ele>1134</ele>
        <time>2025-08-11T22:59:12.000Z</time>
        <extensions>
          <ns3:TrackPointExtension>
            <ns3:hr>154</ns3:hr>
            <ns3:cad>87</ns3:cad>
          </ns3:TrackPointExtension>
        </extensions>
      </trkpt>
      <trkpt lat="40.15363781712949275970458984375" lon="94.6631103940308094024658203125">
        <ele>1134</ele>
        <time>2025-08-11T22:59:13.000Z</time>
        <extensions>
          <ns3:TrackPointExtension>
            <ns3:hr>155</ns3:hr>
            <ns3:cad>87</ns3:cad>
          </ns3:TrackPointExtension>
        </extensions>
      </trkpt>
      <trkpt lat="40.1536199636757373809814453125" lon="94.66313126496970653533935546875">
        <ele>1134</ele>
        <time>2025-08-11T22:59:14.000Z</time>
        <extensions>
          <ns3:TrackPointExtension>
            <ns3:hr>155</ns3:hr>
            <ns3:cad>88</ns3:cad>
          </ns3:TrackPointExtension>
        </extensions>
      </trkpt>
      <trkpt lat="40.15359942801296710968017578125" lon="94.66315448284149169921875">
        <ele>1133.800048828125</ele>
        <time>2025-08-11T22:59:15.000Z</time>
        <extensions>
          <ns3:TrackPointExtension>
            <ns3:hr>155</ns3:hr>
            <ns3:cad>88</ns3:cad>
          </ns3:TrackPointExtension>
        </extensions>
      </trkpt>
      <trkpt lat="40.15358266420662403106689453125" lon="94.66317619197070598602294921875">
        <ele>1133.800048828125</ele>
        <time>2025-08-11T22:59:16.000Z</time>
        <extensions>
          <ns3:TrackPointExtension>
            <ns3:hr>155</ns3:hr>
            <ns3:cad>88</ns3:cad>
          </ns3:TrackPointExtension>
        </extensions>
      </trkpt>
      <trkpt lat="40.15356011688709259033203125" lon="94.66319614090025424957275390625">
        <ele>1133.800048828125</ele>
        <time>2025-08-11T22:59:17.000Z</time>
        <extensions>
          <ns3:TrackPointExtension>
            <ns3:hr>155</ns3:hr>
            <ns3:cad>89</ns3:cad>
          </ns3:TrackPointExtension>
        </extensions>
      </trkpt>
      <trkpt lat="40.15354494564235210418701171875" lon="94.6632176823914051055908203125">
        <ele>1133.800048828125</ele>
        <time>2025-08-11T22:59:18.000Z</time>
        <extensions>
          <ns3:TrackPointExtension>
            <ns3:hr>155</ns3:hr>
            <ns3:cad>89</ns3:cad>
          </ns3:TrackPointExtension>
        </extensions>
      </trkpt>
      <trkpt lat="40.15352583490312099456787109375" lon="94.66323737986385822296142578125">
        <ele>1133.800048828125</ele>
        <time>2025-08-11T22:59:19.000Z</time>
        <extensions>
          <ns3:TrackPointExtension>
            <ns3:hr>155</ns3:hr>
            <ns3:cad>88</ns3:cad>
          </ns3:TrackPointExtension>
        </extensions>
      </trkpt>
      <trkpt lat="40.1535113342106342315673828125" lon="94.66325665824115276336669921875">
        <ele>1133.800048828125</ele>
        <time>2025-08-11T22:59:20.000Z</time>
        <extensions>
          <ns3:TrackPointExtension>
            <ns3:hr>155</ns3:hr>
            <ns3:cad>88</ns3:cad>
          </ns3:TrackPointExtension>
        </extensions>
      </trkpt>
      <trkpt lat="40.153492055833339691162109375" lon="94.6632766909897327423095703125">
        <ele>1133.800048828125</ele>
        <time>2025-08-11T22:59:21.000Z</time>
        <extensions>
          <ns3:TrackPointExtension>
            <ns3:hr>155</ns3:hr>
            <ns3:cad>88</ns3:cad>
          </ns3:TrackPointExtension>
        </extensions>
      </trkpt>
      <trkpt lat="40.1534757949411869049072265625" lon="94.663296639919281005859375">
        <ele>1133.800048828125</ele>
        <time>2025-08-11T22:59:22.000Z</time>
        <extensions>
          <ns3:TrackPointExtension>
            <ns3:hr>155</ns3:hr>
            <ns3:cad>88</ns3:cad>
          </ns3:TrackPointExtension>
        </extensions>
      </trkpt>
      <trkpt lat="40.15345752239227294921875" lon="94.6633182652294635772705078125">
        <ele>1133.800048828125</ele>
        <time>2025-08-11T22:59:23.000Z</time>
        <extensions>
          <ns3:TrackPointExtension>
            <ns3:hr>155</ns3:hr>
            <ns3:cad>88</ns3:cad>
          </ns3:TrackPointExtension>
        </extensions>
      </trkpt>
      <trkpt lat="40.15344084240496158599853515625" lon="94.6633370406925678253173828125">
        <ele>1133.5999755859375</ele>
        <time>2025-08-11T22:59:24.000Z</time>
        <extensions>
          <ns3:TrackPointExtension>
            <ns3:hr>155</ns3:hr>
            <ns3:cad>88</ns3:cad>
          </ns3:TrackPointExtension>
        </extensions>
      </trkpt>
      <trkpt lat="40.1534218154847621917724609375" lon="94.6633571572601795196533203125">
        <ele>1133.5999755859375</ele>
        <time>2025-08-11T22:59:25.000Z</time>
        <extensions>
          <ns3:TrackPointExtension>
            <ns3:hr>155</ns3:hr>
            <ns3:cad>88</ns3:cad>
          </ns3:TrackPointExtension>
        </extensions>
      </trkpt>
      <trkpt lat="40.1534047164022922515869140625" lon="94.66337819583714008331298828125">
        <ele>1133.4000244140625</ele>
        <time>2025-08-11T22:59:26.000Z</time>
        <extensions>
          <ns3:TrackPointExtension>
            <ns3:hr>155</ns3:hr>
            <ns3:cad>88</ns3:cad>
          </ns3:TrackPointExtension>
        </extensions>
      </trkpt>
      <trkpt lat="40.15338920988142490386962890625" lon="94.66339680366218090057373046875">
        <ele>1133.199951171875</ele>
        <time>2025-08-11T22:59:27.000Z</time>
        <extensions>
          <ns3:TrackPointExtension>
            <ns3:hr>155</ns3:hr>
            <ns3:cad>88</ns3:cad>
          </ns3:TrackPointExtension>
        </extensions>
      </trkpt>
      <trkpt lat="40.15336959622800350189208984375" lon="94.663414657115936279296875">
        <ele>1133.199951171875</ele>
        <time>2025-08-11T22:59:28.000Z</time>
        <extensions>
          <ns3:TrackPointExtension>
            <ns3:hr>155</ns3:hr>
            <ns3:cad>88</ns3:cad>
          </ns3:TrackPointExtension>
        </extensions>
      </trkpt>
      <trkpt lat="40.1533577777445316314697265625" lon="94.66343720443546772003173828125">
        <ele>1133.199951171875</ele>
        <time>2025-08-11T22:59:29.000Z</time>
        <extensions>
          <ns3:TrackPointExtension>
            <ns3:hr>155</ns3:hr>
            <ns3:cad>87</ns3:cad>
          </ns3:TrackPointExtension>
        </extensions>
      </trkpt>
      <trkpt lat="40.15333640389144420623779296875" lon="94.6634584106504917144775390625">
        <ele>1133.199951171875</ele>
        <time>2025-08-11T22:59:30.000Z</time>
        <extensions>
          <ns3:TrackPointExtension>
            <ns3:hr>155</ns3:hr>
            <ns3:cad>87</ns3:cad>
          </ns3:TrackPointExtension>
        </extensions>
      </trkpt>
      <trkpt lat="40.15332332812249660491943359375" lon="94.66347106732428073883056640625">
        <ele>1133.4000244140625</ele>
        <time>2025-08-11T22:59:31.000Z</time>
        <extensions>
          <ns3:TrackPointExtension>
            <ns3:hr>154</ns3:hr>
            <ns3:cad>88</ns3:cad>
          </ns3:TrackPointExtension>
        </extensions>
      </trkpt>
      <trkpt lat="40.15330522321164608001708984375" lon="94.6634929440915584564208984375">
        <ele>1133.800048828125</ele>
        <time>2025-08-11T22:59:32.000Z</time>
        <extensions>
          <ns3:TrackPointExtension>
            <ns3:hr>154</ns3:hr>
            <ns3:cad>88</ns3:cad>
          </ns3:TrackPointExtension>
        </extensions>
      </trkpt>
      <trkpt lat="40.1532826758921146392822265625" lon="94.66351683251559734344482421875">
        <ele>1134</ele>
        <time>2025-08-11T22:59:33.000Z</time>
        <extensions>
          <ns3:TrackPointExtension>
            <ns3:hr>153</ns3:hr>
            <ns3:cad>85</ns3:cad>
          </ns3:TrackPointExtension>
        </extensions>
      </trkpt>
      <trkpt lat="40.153270103037357330322265625" lon="94.66353761963546276092529296875">
        <ele>1134.199951171875</ele>
        <time>2025-08-11T22:59:34.000Z</time>
        <extensions>
          <ns3:TrackPointExtension>
            <ns3:hr>153</ns3:hr>
            <ns3:cad>85</ns3:cad>
          </ns3:TrackPointExtension>
        </extensions>
      </trkpt>
      <trkpt lat="40.1532407663762569427490234375" lon="94.6635613404214382171630859375">
        <ele>1134.199951171875</ele>
        <time>2025-08-11T22:59:35.000Z</time>
        <extensions>
          <ns3:TrackPointExtension>
            <ns3:hr>153</ns3:hr>
            <ns3:cad>84</ns3:cad>
          </ns3:TrackPointExtension>
        </extensions>
      </trkpt>
      <trkpt lat="40.15322190709412097930908203125" lon="94.66355555690824985504150390625">
        <ele>1134.199951171875</ele>
        <time>2025-08-11T22:59:36.000Z</time>
        <extensions>
          <ns3:TrackPointExtension>
            <ns3:hr>154</ns3:hr>
            <ns3:cad>83</ns3:cad>
          </ns3:TrackPointExtension>
        </extensions>
      </trkpt>
      <trkpt lat="40.15320111997425556182861328125" lon="94.663537032902240753173828125">
        <ele>1134.199951171875</ele>
        <time>2025-08-11T22:59:37.000Z</time>
        <extensions>
          <ns3:TrackPointExtension>
            <ns3:hr>153</ns3:hr>
            <ns3:cad>83</ns3:cad>
          </ns3:TrackPointExtension>
        </extensions>
      </trkpt>
      <trkpt lat="40.1531918160617351531982421875" lon="94.6635073609650135040283203125">
        <ele>1134</ele>
        <time>2025-08-11T22:59:38.000Z</time>
        <extensions>
          <ns3:TrackPointExtension>
            <ns3:hr>153</ns3:hr>
            <ns3:cad>83</ns3:cad>
          </ns3:TrackPointExtension>
        </extensions>
      </trkpt>
      <trkpt lat="40.15317798592150211334228515625" lon="94.66348506510257720947265625">
        <ele>1134</ele>
        <time>2025-08-11T22:59:39.000Z</time>
        <extensions>
          <ns3:TrackPointExtension>
            <ns3:hr>154</ns3:hr>
            <ns3:cad>83</ns3:cad>
          </ns3:TrackPointExtension>
        </extensions>
      </trkpt>
      <trkpt lat="40.153165161609649658203125" lon="94.66344826854765415191650390625">
        <ele>1133.800048828125</ele>
        <time>2025-08-11T22:59:40.000Z</time>
        <extensions>
          <ns3:TrackPointExtension>
            <ns3:hr>154</ns3:hr>
            <ns3:cad>84</ns3:cad>
          </ns3:TrackPointExtension>
        </extensions>
      </trkpt>
      <trkpt lat="40.1531535945832729339599609375" lon="94.6634258888661861419677734375">
        <ele>1133.800048828125</ele>
        <time>2025-08-11T22:59:41.000Z</time>
        <extensions>
          <ns3:TrackPointExtension>
            <ns3:hr>154</ns3:hr>
            <ns3:cad>84</ns3:cad>
          </ns3:TrackPointExtension>
        </extensions>
      </trkpt>
      <trkpt lat="40.153138339519500732421875" lon="94.663392864167690277099609375">
        <ele>1133.800048828125</ele>
        <time>2025-08-11T22:59:42.000Z</time>
        <extensions>
          <ns3:TrackPointExtension>
            <ns3:hr>154</ns3:hr>
            <ns3:cad>84</ns3:cad>
          </ns3:TrackPointExtension>
        </extensions>
      </trkpt>
      <trkpt lat="40.1531237550079822540283203125" lon="94.663377441465854644775390625">
        <ele>1133.800048828125</ele>
        <time>2025-08-11T22:59:43.000Z</time>
        <extensions>
          <ns3:TrackPointExtension>
            <ns3:hr>153</ns3:hr>
            <ns3:cad>86</ns3:cad>
          </ns3:TrackPointExtension>
        </extensions>
      </trkpt>
      <trkpt lat="40.15310305170714855194091796875" lon="94.663341231644153594970703125">
        <ele>1133.800048828125</ele>
        <time>2025-08-11T22:59:44.000Z</time>
        <extensions>
          <ns3:TrackPointExtension>
            <ns3:hr>153</ns3:hr>
            <ns3:cad>88</ns3:cad>
          </ns3:TrackPointExtension>
        </extensions>
      </trkpt>
      <trkpt lat="40.15308863483369350433349609375" lon="94.6633206121623516082763671875">
        <ele>1134</ele>
        <time>2025-08-11T22:59:45.000Z</time>
        <extensions>
          <ns3:TrackPointExtension>
            <ns3:hr>153</ns3:hr>
            <ns3:cad>88</ns3:cad>
          </ns3:TrackPointExtension>
        </extensions>
      </trkpt>
      <trkpt lat="40.1530667580664157867431640625" lon="94.66328515671193599700927734375">
        <ele>1134</ele>
        <time>2025-08-11T22:59:46.000Z</time>
        <extensions>
          <ns3:TrackPointExtension>
            <ns3:hr>154</ns3:hr>
            <ns3:cad>88</ns3:cad>
          </ns3:TrackPointExtension>
        </extensions>
      </trkpt>
      <trkpt lat="40.15305225737392902374267578125" lon="94.663262106478214263916015625">
        <ele>1134</ele>
        <time>2025-08-11T22:59:47.000Z</time>
        <extensions>
          <ns3:TrackPointExtension>
            <ns3:hr>153</ns3:hr>
            <ns3:cad>88</ns3:cad>
          </ns3:TrackPointExtension>
        </extensions>
      </trkpt>
      <trkpt lat="40.15303306281566619873046875" lon="94.66322748921811580657958984375">
        <ele>1134</ele>
        <time>2025-08-11T22:59:48.000Z</time>
        <extensions>
          <ns3:TrackPointExtension>
            <ns3:hr>153</ns3:hr>
            <ns3:cad>88</ns3:cad>
          </ns3:TrackPointExtension>
        </extensions>
      </trkpt>
      <trkpt lat="40.15301923267543315887451171875" lon="94.6631999127566814422607421875">
        <ele>1134</ele>
        <time>2025-08-11T22:59:49.000Z</time>
        <extensions>
          <ns3:TrackPointExtension>
            <ns3:hr>153</ns3:hr>
            <ns3:cad>88</ns3:cad>
          </ns3:TrackPointExtension>
        </extensions>
      </trkpt>
      <trkpt lat="40.153001211583614349365234375" lon="94.6631697379052639007568359375">
        <ele>1134.199951171875</ele>
        <time>2025-08-11T22:59:50.000Z</time>
        <extensions>
          <ns3:TrackPointExtension>
            <ns3:hr>153</ns3:hr>
            <ns3:cad>88</ns3:cad>
          </ns3:TrackPointExtension>
        </extensions>
      </trkpt>
      <trkpt lat="40.15298335812985897064208984375" lon="94.66314551420509815216064453125">
        <ele>1134.199951171875</ele>
        <time>2025-08-11T22:59:51.000Z</time>
        <extensions>
          <ns3:TrackPointExtension>
            <ns3:hr>154</ns3:hr>
            <ns3:cad>88</ns3:cad>
          </ns3:TrackPointExtension>
        </extensions>
      </trkpt>
      <trkpt lat="40.15296290628612041473388671875" lon="94.6631197817623615264892578125">
        <ele>1134.199951171875</ele>
        <time>2025-08-11T22:59:52.000Z</time>
        <extensions>
          <ns3:TrackPointExtension>
            <ns3:hr>153</ns3:hr>
            <ns3:cad>88</ns3:cad>
          </ns3:TrackPointExtension>
        </extensions>
      </trkpt>
      <trkpt lat="40.15294723212718963623046875" lon="94.6630953066051006317138671875">
        <ele>1134.4000244140625</ele>
        <time>2025-08-11T22:59:53.000Z</time>
        <extensions>
          <ns3:TrackPointExtension>
            <ns3:hr>153</ns3:hr>
            <ns3:cad>88</ns3:cad>
          </ns3:TrackPointExtension>
        </extensions>
      </trkpt>
      <trkpt lat="40.152932815253734588623046875" lon="94.6630741842091083526611328125">
        <ele>1134.4000244140625</ele>
        <time>2025-08-11T22:59:54.000Z</time>
        <extensions>
          <ns3:TrackPointExtension>
            <ns3:hr>153</ns3:hr>
            <ns3:cad>88</ns3:cad>
          </ns3:TrackPointExtension>
        </extensions>
      </trkpt>
      <trkpt lat="40.152919404208660125732421875" lon="94.66305364854633808135986328125">
        <ele>1134.4000244140625</ele>
        <time>2025-08-11T22:59:55.000Z</time>
        <extensions>
          <ns3:TrackPointExtension>
            <ns3:hr>153</ns3:hr>
            <ns3:cad>88</ns3:cad>
          </ns3:TrackPointExtension>
        </extensions>
      </trkpt>
      <trkpt lat="40.15290373004972934722900390625" lon="94.66303487308323383331298828125">
        <ele>1134.4000244140625</ele>
        <time>2025-08-11T22:59:56.000Z</time>
        <extensions>
          <ns3:TrackPointExtension>
            <ns3:hr>153</ns3:hr>
            <ns3:cad>88</ns3:cad>
          </ns3:TrackPointExtension>
        </extensions>
      </trkpt>
      <trkpt lat="40.152886547148227691650390625" lon="94.66302431188523769378662109375">
        <ele>1134.5999755859375</ele>
        <time>2025-08-11T22:59:57.000Z</time>
        <extensions>
          <ns3:TrackPointExtension>
            <ns3:hr>153</ns3:hr>
            <ns3:cad>88</ns3:cad>
          </ns3:TrackPointExtension>
        </extensions>
      </trkpt>
      <trkpt lat="40.15287204645574092864990234375" lon="94.6630111522972583770751953125">
        <ele>1134.5999755859375</ele>
        <time>2025-08-11T22:59:58.000Z</time>
        <extensions>
          <ns3:TrackPointExtension>
            <ns3:hr>154</ns3:hr>
            <ns3:cad>88</ns3:cad>
          </ns3:TrackPointExtension>
        </extensions>
      </trkpt>
      <trkpt lat="40.152851678431034088134765625" lon="94.66299287974834442138671875">
        <ele>1134.5999755859375</ele>
        <time>2025-08-11T22:59:59.000Z</time>
        <extensions>
          <ns3:TrackPointExtension>
            <ns3:hr>153</ns3:hr>
            <ns3:cad>88</ns3:cad>
          </ns3:TrackPointExtension>
        </extensions>
      </trkpt>
      <trkpt lat="40.1528339087963104248046875" lon="94.66297921724617481231689453125">
        <ele>1134.5999755859375</ele>
        <time>2025-08-11T23:00:00.000Z</time>
        <extensions>
          <ns3:TrackPointExtension>
            <ns3:hr>153</ns3:hr>
            <ns3:cad>88</ns3:cad>
          </ns3:TrackPointExtension>
        </extensions>
      </trkpt>
      <trkpt lat="40.1528129540383815765380859375" lon="94.66296379454433917999267578125">
        <ele>1134.5999755859375</ele>
        <time>2025-08-11T23:00:01.000Z</time>
        <extensions>
          <ns3:TrackPointExtension>
            <ns3:hr>153</ns3:hr>
            <ns3:cad>87</ns3:cad>
          </ns3:TrackPointExtension>
        </extensions>
      </trkpt>
      <trkpt lat="40.1527901552617549896240234375" lon="94.66294988058507442474365234375">
        <ele>1134.5999755859375</ele>
        <time>2025-08-11T23:00:02.000Z</time>
        <extensions>
          <ns3:TrackPointExtension>
            <ns3:hr>153</ns3:hr>
            <ns3:cad>87</ns3:cad>
          </ns3:TrackPointExtension>
        </extensions>
      </trkpt>
      <trkpt lat="40.15277079306542873382568359375" lon="94.66293227858841419219970703125">
        <ele>1134.800048828125</ele>
        <time>2025-08-11T23:00:03.000Z</time>
        <extensions>
          <ns3:TrackPointExtension>
            <ns3:hr>153</ns3:hr>
            <ns3:cad>87</ns3:cad>
          </ns3:TrackPointExtension>
        </extensions>
      </trkpt>
      <trkpt lat="40.15275478363037109375" lon="94.66291098855435848236083984375">
        <ele>1134.800048828125</ele>
        <time>2025-08-11T23:00:04.000Z</time>
        <extensions>
          <ns3:TrackPointExtension>
            <ns3:hr>153</ns3:hr>
            <ns3:cad>87</ns3:cad>
          </ns3:TrackPointExtension>
        </extensions>
      </trkpt>
      <trkpt lat="40.15273542143404483795166015625" lon="94.66288802213966846466064453125">
        <ele>1134.800048828125</ele>
        <time>2025-08-11T23:00:05.000Z</time>
        <extensions>
          <ns3:TrackPointExtension>
            <ns3:hr>154</ns3:hr>
            <ns3:cad>88</ns3:cad>
          </ns3:TrackPointExtension>
        </extensions>
      </trkpt>
      <trkpt lat="40.152716226875782012939453125" lon="94.6628639660775661468505859375">
        <ele>1135</ele>
        <time>2025-08-11T23:00:06.000Z</time>
        <extensions>
          <ns3:TrackPointExtension>
            <ns3:hr>154</ns3:hr>
            <ns3:cad>88</ns3:cad>
          </ns3:TrackPointExtension>
        </extensions>
      </trkpt>
      <trkpt lat="40.15269652940332889556884765625" lon="94.66284158639609813690185546875">
        <ele>1135</ele>
        <time>2025-08-11T23:00:07.000Z</time>
        <extensions>
          <ns3:TrackPointExtension>
            <ns3:hr>155</ns3:hr>
            <ns3:cad>88</ns3:cad>
          </ns3:TrackPointExtension>
        </extensions>
      </trkpt>
      <trkpt lat="40.15267658047378063201904296875" lon="94.662818871438503265380859375">
        <ele>1134.800048828125</ele>
        <time>2025-08-11T23:00:08.000Z</time>
        <extensions>
          <ns3:TrackPointExtension>
            <ns3:hr>155</ns3:hr>
            <ns3:cad>87</ns3:cad>
          </ns3:TrackPointExtension>
        </extensions>
      </trkpt>
      <trkpt lat="40.1526553742587566375732421875" lon="94.66279783286154270172119140625">
        <ele>1134.800048828125</ele>
        <time>2025-08-11T23:00:09.000Z</time>
        <extensions>
          <ns3:TrackPointExtension>
            <ns3:hr>154</ns3:hr>
            <ns3:cad>87</ns3:cad>
          </ns3:TrackPointExtension>
        </extensions>
      </trkpt>
      <trkpt lat="40.15263483859598636627197265625" lon="94.66277402825653553009033203125">
        <ele>1134.800048828125</ele>
        <time>2025-08-11T23:00:10.000Z</time>
        <extensions>
          <ns3:TrackPointExtension>
            <ns3:hr>154</ns3:hr>
            <ns3:cad>87</ns3:cad>
          </ns3:TrackPointExtension>
        </extensions>
      </trkpt>
      <trkpt lat="40.15261857770383358001708984375" lon="94.6627529896795749664306640625">
        <ele>1134.5999755859375</ele>
        <time>2025-08-11T23:00:11.000Z</time>
        <extensions>
          <ns3:TrackPointExtension>
            <ns3:hr>154</ns3:hr>
            <ns3:cad>87</ns3:cad>
          </ns3:TrackPointExtension>
        </extensions>
      </trkpt>
      <trkpt lat="40.15259946696460247039794921875" lon="94.6627224795520305633544921875">
        <ele>1134.5999755859375</ele>
        <time>2025-08-11T23:00:12.000Z</time>
        <extensions>
          <ns3:TrackPointExtension>
            <ns3:hr>153</ns3:hr>
            <ns3:cad>87</ns3:cad>
          </ns3:TrackPointExtension>
        </extensions>
      </trkpt>
      <trkpt lat="40.15257717110216617584228515625" lon="94.66270026750862598419189453125">
        <ele>1134.4000244140625</ele>
        <time>2025-08-11T23:00:13.000Z</time>
        <extensions>
          <ns3:TrackPointExtension>
            <ns3:hr>153</ns3:hr>
            <ns3:cad>87</ns3:cad>
          </ns3:TrackPointExtension>
        </extensions>
      </trkpt>
      <trkpt lat="40.15255638398230075836181640625" lon="94.6626810729503631591796875">
        <ele>1134.199951171875</ele>
        <time>2025-08-11T23:00:14.000Z</time>
        <extensions>
          <ns3:TrackPointExtension>
            <ns3:hr>153</ns3:hr>
            <ns3:cad>88</ns3:cad>
          </ns3:TrackPointExtension>
        </extensions>
      </trkpt>
      <trkpt lat="40.152535848319530487060546875" lon="94.66266539879143238067626953125">
        <ele>1133.800048828125</ele>
        <time>2025-08-11T23:00:15.000Z</time>
        <extensions>
          <ns3:TrackPointExtension>
            <ns3:hr>153</ns3:hr>
            <ns3:cad>88</ns3:cad>
          </ns3:TrackPointExtension>
        </extensions>
      </trkpt>
      <trkpt lat="40.1525174081325531005859375" lon="94.66264444403350353240966796875">
        <ele>1133.5999755859375</ele>
        <time>2025-08-11T23:00:16.000Z</time>
        <extensions>
          <ns3:TrackPointExtension>
            <ns3:hr>153</ns3:hr>
            <ns3:cad>87</ns3:cad>
          </ns3:TrackPointExtension>
        </extensions>
      </trkpt>
      <trkpt lat="40.1524964533746242523193359375" lon="94.66262675821781158447265625">
        <ele>1133.4000244140625</ele>
        <time>2025-08-11T23:00:17.000Z</time>
        <extensions>
          <ns3:TrackPointExtension>
            <ns3:hr>153</ns3:hr>
            <ns3:cad>87</ns3:cad>
          </ns3:TrackPointExtension>
        </extensions>
      </trkpt>
      <trkpt lat="40.1524739898741245269775390625" lon="94.6626108326017856597900390625">
        <ele>1133.199951171875</ele>
        <time>2025-08-11T23:00:18.000Z</time>
        <extensions>
          <ns3:TrackPointExtension>
            <ns3:hr>153</ns3:hr>
            <ns3:cad>87</ns3:cad>
          </ns3:TrackPointExtension>
        </extensions>
      </trkpt>
      <trkpt lat="40.1524525322020053863525390625" lon="94.6625920571386814117431640625">
        <ele>1133</ele>
        <time>2025-08-11T23:00:19.000Z</time>
        <extensions>
          <ns3:TrackPointExtension>
            <ns3:hr>153</ns3:hr>
            <ns3:cad>88</ns3:cad>
          </ns3:TrackPointExtension>
        </extensions>
      </trkpt>
      <trkpt lat="40.1524334214627742767333984375" lon="94.66257504187524318695068359375">
        <ele>1133</ele>
        <time>2025-08-11T23:00:20.000Z</time>
        <extensions>
          <ns3:TrackPointExtension>
            <ns3:hr>153</ns3:hr>
            <ns3:cad>88</ns3:cad>
          </ns3:TrackPointExtension>
        </extensions>
      </trkpt>
      <trkpt lat="40.15241120941936969757080078125" lon="94.6625545062124729156494140625">
        <ele>1133</ele>
        <time>2025-08-11T23:00:21.000Z</time>
        <extensions>
          <ns3:TrackPointExtension>
            <ns3:hr>153</ns3:hr>
            <ns3:cad>88</ns3:cad>
          </ns3:TrackPointExtension>
        </extensions>
      </trkpt>
      <trkpt lat="40.15239042229950428009033203125" lon="94.6625404246151447296142578125">
        <ele>1133</ele>
        <time>2025-08-11T23:00:22.000Z</time>
        <extensions>
          <ns3:TrackPointExtension>
            <ns3:hr>153</ns3:hr>
            <ns3:cad>88</ns3:cad>
          </ns3:TrackPointExtension>
        </extensions>
      </trkpt>
      <trkpt lat="40.1523685455322265625" lon="94.66251988895237445831298828125">
        <ele>1133</ele>
        <time>2025-08-11T23:00:23.000Z</time>
        <extensions>
          <ns3:TrackPointExtension>
            <ns3:hr>153</ns3:hr>
            <ns3:cad>88</ns3:cad>
          </ns3:TrackPointExtension>
        </extensions>
      </trkpt>
      <trkpt lat="40.1523475907742977142333984375" lon="94.6625025384128093719482421875">
        <ele>1133</ele>
        <time>2025-08-11T23:00:24.000Z</time>
        <extensions>
          <ns3:TrackPointExtension>
            <ns3:hr>153</ns3:hr>
            <ns3:cad>88</ns3:cad>
          </ns3:TrackPointExtension>
        </extensions>
      </trkpt>
      <trkpt lat="40.15232956968247890472412109375" lon="94.66248149983584880828857421875">
        <ele>1133</ele>
        <time>2025-08-11T23:00:25.000Z</time>
        <extensions>
          <ns3:TrackPointExtension>
            <ns3:hr>153</ns3:hr>
            <ns3:cad>88</ns3:cad>
          </ns3:TrackPointExtension>
        </extensions>
      </trkpt>
      <trkpt lat="40.15230928547680377960205078125" lon="94.6624653227627277374267578125">
        <ele>1133</ele>
        <time>2025-08-11T23:00:26.000Z</time>
        <extensions>
          <ns3:TrackPointExtension>
            <ns3:hr>154</ns3:hr>
            <ns3:cad>88</ns3:cad>
          </ns3:TrackPointExtension>
        </extensions>
      </trkpt>
      <trkpt lat="40.15229218639433383941650390625" lon="94.66244461946189403533935546875">
        <ele>1132.800048828125</ele>
        <time>2025-08-11T23:00:27.000Z</time>
        <extensions>
          <ns3:TrackPointExtension>
            <ns3:hr>154</ns3:hr>
            <ns3:cad>88</ns3:cad>
          </ns3:TrackPointExtension>
        </extensions>
      </trkpt>
      <trkpt lat="40.15227324329316616058349609375" lon="94.66242483817040920257568359375">
        <ele>1132.800048828125</ele>
        <time>2025-08-11T23:00:28.000Z</time>
        <extensions>
          <ns3:TrackPointExtension>
            <ns3:hr>154</ns3:hr>
            <ns3:cad>88</ns3:cad>
          </ns3:TrackPointExtension>
        </extensions>
      </trkpt>
      <trkpt lat="40.152254886925220489501953125" lon="94.66240572743117809295654296875">
        <ele>1132.800048828125</ele>
        <time>2025-08-11T23:00:29.000Z</time>
        <extensions>
          <ns3:TrackPointExtension>
            <ns3:hr>153</ns3:hr>
            <ns3:cad>88</ns3:cad>
          </ns3:TrackPointExtension>
        </extensions>
      </trkpt>
      <trkpt lat="40.15223368071019649505615234375" lon="94.66239206492900848388671875">
        <ele>1132.800048828125</ele>
        <time>2025-08-11T23:00:30.000Z</time>
        <extensions>
          <ns3:TrackPointExtension>
            <ns3:hr>153</ns3:hr>
            <ns3:cad>88</ns3:cad>
          </ns3:TrackPointExtension>
        </extensions>
      </trkpt>
      <trkpt lat="40.15221356414258480072021484375" lon="94.6623778156936168670654296875">
        <ele>1133</ele>
        <time>2025-08-11T23:00:31.000Z</time>
        <extensions>
          <ns3:TrackPointExtension>
            <ns3:hr>153</ns3:hr>
            <ns3:cad>88</ns3:cad>
          </ns3:TrackPointExtension>
        </extensions>
      </trkpt>
      <trkpt lat="40.15219260938465595245361328125" lon="94.66235828585922718048095703125">
        <ele>1133.199951171875</ele>
        <time>2025-08-11T23:00:32.000Z</time>
        <extensions>
          <ns3:TrackPointExtension>
            <ns3:hr>154</ns3:hr>
            <ns3:cad>88</ns3:cad>
          </ns3:TrackPointExtension>
        </extensions>
      </trkpt>
      <trkpt lat="40.15217064879834651947021484375" lon="94.6623429469764232635498046875">
        <ele>1133.5999755859375</ele>
        <time>2025-08-11T23:00:33.000Z</time>
        <extensions>
          <ns3:TrackPointExtension>
            <ns3:hr>153</ns3:hr>
            <ns3:cad>88</ns3:cad>
          </ns3:TrackPointExtension>
        </extensions>
      </trkpt>
      <trkpt lat="40.15214684419333934783935546875" lon="94.6623221598565578460693359375">
        <ele>1133.5999755859375</ele>
        <time>2025-08-11T23:00:34.000Z</time>
        <extensions>
          <ns3:TrackPointExtension>
            <ns3:hr>153</ns3:hr>
            <ns3:cad>88</ns3:cad>
          </ns3:TrackPointExtension>
        </extensions>
      </trkpt>
      <trkpt lat="40.1521249674260616302490234375" lon="94.6623023785650730133056640625">
        <ele>1133.800048828125</ele>
        <time>2025-08-11T23:00:35.000Z</time>
        <extensions>
          <ns3:TrackPointExtension>
            <ns3:hr>153</ns3:hr>
            <ns3:cad>87</ns3:cad>
          </ns3:TrackPointExtension>
        </extensions>
      </trkpt>
      <trkpt lat="40.152106024324893951416015625" lon="94.66228008270263671875">
        <ele>1133.800048828125</ele>
        <time>2025-08-11T23:00:36.000Z</time>
        <extensions>
          <ns3:TrackPointExtension>
            <ns3:hr>154</ns3:hr>
            <ns3:cad>87</ns3:cad>
          </ns3:TrackPointExtension>
        </extensions>
      </trkpt>
      <trkpt lat="40.15207978896796703338623046875" lon="94.66226021759212017059326171875">
        <ele>1133.800048828125</ele>
        <time>2025-08-11T23:00:37.000Z</time>
        <extensions>
          <ns3:TrackPointExtension>
            <ns3:hr>153</ns3:hr>
            <ns3:cad>87</ns3:cad>
          </ns3:TrackPointExtension>
        </extensions>
      </trkpt>
      <trkpt lat="40.15205807983875274658203125" lon="94.662244878709316253662109375">
        <ele>1134</ele>
        <time>2025-08-11T23:00:38.000Z</time>
        <extensions>
          <ns3:TrackPointExtension>
            <ns3:hr>153</ns3:hr>
            <ns3:cad>88</ns3:cad>
          </ns3:TrackPointExtension>
        </extensions>
      </trkpt>
      <trkpt lat="40.1520374603569507598876953125" lon="94.66222853399813175201416015625">
        <ele>1133.800048828125</ele>
        <time>2025-08-11T23:00:39.000Z</time>
        <extensions>
          <ns3:TrackPointExtension>
            <ns3:hr>153</ns3:hr>
            <ns3:cad>88</ns3:cad>
          </ns3:TrackPointExtension>
        </extensions>
      </trkpt>
      <trkpt lat="40.15201248228549957275390625" lon="94.66220699250698089599609375">
        <ele>1133.800048828125</ele>
        <time>2025-08-11T23:00:40.000Z</time>
        <extensions>
          <ns3:TrackPointExtension>
            <ns3:hr>153</ns3:hr>
            <ns3:cad>87</ns3:cad>
          </ns3:TrackPointExtension>
        </extensions>
      </trkpt>
      <trkpt lat="40.15199395827949047088623046875" lon="94.6621836908161640167236328125">
        <ele>1133.800048828125</ele>
        <time>2025-08-11T23:00:41.000Z</time>
        <extensions>
          <ns3:TrackPointExtension>
            <ns3:hr>153</ns3:hr>
            <ns3:cad>87</ns3:cad>
          </ns3:TrackPointExtension>
        </extensions>
      </trkpt>
      <trkpt lat="40.151975266635417938232421875" lon="94.66216349042952060699462890625">
        <ele>1133.800048828125</ele>
        <time>2025-08-11T23:00:42.000Z</time>
        <extensions>
          <ns3:TrackPointExtension>
            <ns3:hr>153</ns3:hr>
            <ns3:cad>87</ns3:cad>
          </ns3:TrackPointExtension>
        </extensions>
      </trkpt>
      <trkpt lat="40.15195791609585285186767578125" lon="94.66214186511933803558349609375">
        <ele>1133.800048828125</ele>
        <time>2025-08-11T23:00:43.000Z</time>
        <extensions>
          <ns3:TrackPointExtension>
            <ns3:hr>154</ns3:hr>
            <ns3:cad>88</ns3:cad>
          </ns3:TrackPointExtension>
        </extensions>
      </trkpt>
      <trkpt lat="40.15194165520370006561279296875" lon="94.66211806051433086395263671875">
        <ele>1133.5999755859375</ele>
        <time>2025-08-11T23:00:44.000Z</time>
        <extensions>
          <ns3:TrackPointExtension>
            <ns3:hr>153</ns3:hr>
            <ns3:cad>88</ns3:cad>
          </ns3:TrackPointExtension>
        </extensions>
      </trkpt>
      <trkpt lat="40.15192665159702301025390625" lon="94.66209593228995800018310546875">
        <ele>1133.5999755859375</ele>
        <time>2025-08-11T23:00:45.000Z</time>
        <extensions>
          <ns3:TrackPointExtension>
            <ns3:hr>153</ns3:hr>
            <ns3:cad>88</ns3:cad>
          </ns3:TrackPointExtension>
        </extensions>
      </trkpt>
      <trkpt lat="40.15190477482974529266357421875" lon="94.6620737202465534210205078125">
        <ele>1133.5999755859375</ele>
        <time>2025-08-11T23:00:46.000Z</time>
        <extensions>
          <ns3:TrackPointExtension>
            <ns3:hr>153</ns3:hr>
            <ns3:cad>88</ns3:cad>
          </ns3:TrackPointExtension>
        </extensions>
      </trkpt>
      <trkpt lat="40.1518844068050384521484375" lon="94.662049077451229095458984375">
        <ele>1133.5999755859375</ele>
        <time>2025-08-11T23:00:47.000Z</time>
        <extensions>
          <ns3:TrackPointExtension>
            <ns3:hr>153</ns3:hr>
            <ns3:cad>87</ns3:cad>
          </ns3:TrackPointExtension>
        </extensions>
      </trkpt>
      <trkpt lat="40.15186898410320281982421875" lon="94.66203072108328342437744140625">
        <ele>1133.5999755859375</ele>
        <time>2025-08-11T23:00:48.000Z</time>
        <extensions>
          <ns3:TrackPointExtension>
            <ns3:hr>153</ns3:hr>
            <ns3:cad>87</ns3:cad>
          </ns3:TrackPointExtension>
        </extensions>
      </trkpt>
      <trkpt lat="40.151847861707210540771484375" lon="94.66200985014438629150390625">
        <ele>1133.5999755859375</ele>
        <time>2025-08-11T23:00:49.000Z</time>
        <extensions>
          <ns3:TrackPointExtension>
            <ns3:hr>153</ns3:hr>
            <ns3:cad>88</ns3:cad>
          </ns3:TrackPointExtension>
        </extensions>
      </trkpt>
      <trkpt lat="40.1518289186060428619384765625" lon="94.6619915775954723358154296875">
        <ele>1133.5999755859375</ele>
        <time>2025-08-11T23:00:50.000Z</time>
        <extensions>
          <ns3:TrackPointExtension>
            <ns3:hr>153</ns3:hr>
            <ns3:cad>88</ns3:cad>
          </ns3:TrackPointExtension>
        </extensions>
      </trkpt>
      <trkpt lat="40.1518128253519535064697265625" lon="94.66196953319013118743896484375">
        <ele>1133.4000244140625</ele>
        <time>2025-08-11T23:00:51.000Z</time>
        <extensions>
          <ns3:TrackPointExtension>
            <ns3:hr>152</ns3:hr>
            <ns3:cad>88</ns3:cad>
          </ns3:TrackPointExtension>
        </extensions>
      </trkpt>
      <trkpt lat="40.151792205870151519775390625" lon="94.66194790787994861602783203125">
        <ele>1133.4000244140625</ele>
        <time>2025-08-11T23:00:52.000Z</time>
        <extensions>
          <ns3:TrackPointExtension>
            <ns3:hr>152</ns3:hr>
            <ns3:cad>88</ns3:cad>
          </ns3:TrackPointExtension>
        </extensions>
      </trkpt>
      <trkpt lat="40.1517712511122226715087890625" lon="94.66193282045423984527587890625">
        <ele>1133.199951171875</ele>
        <time>2025-08-11T23:00:53.000Z</time>
        <extensions>
          <ns3:TrackPointExtension>
            <ns3:hr>152</ns3:hr>
            <ns3:cad>88</ns3:cad>
          </ns3:TrackPointExtension>
        </extensions>
      </trkpt>
      <trkpt lat="40.15174903906881809234619140625" lon="94.66192024759948253631591796875">
        <ele>1133.4000244140625</ele>
        <time>2025-08-11T23:00:54.000Z</time>
        <extensions>
          <ns3:TrackPointExtension>
            <ns3:hr>152</ns3:hr>
            <ns3:cad>88</ns3:cad>
          </ns3:TrackPointExtension>
        </extensions>
      </trkpt>
      <trkpt lat="40.151729173958301544189453125" lon="94.66189996339380741119384765625">
        <ele>1133.4000244140625</ele>
        <time>2025-08-11T23:00:55.000Z</time>
        <extensions>
          <ns3:TrackPointExtension>
            <ns3:hr>152</ns3:hr>
            <ns3:cad>88</ns3:cad>
          </ns3:TrackPointExtension>
        </extensions>
      </trkpt>
      <trkpt lat="40.1517102308571338653564453125" lon="94.66187766753137111663818359375">
        <ele>1133.4000244140625</ele>
        <time>2025-08-11T23:00:56.000Z</time>
        <extensions>
          <ns3:TrackPointExtension>
            <ns3:hr>152</ns3:hr>
            <ns3:cad>88</ns3:cad>
          </ns3:TrackPointExtension>
        </extensions>
      </trkpt>
      <trkpt lat="40.1516934670507907867431640625" lon="94.66185755096375942230224609375">
        <ele>1133.5999755859375</ele>
        <time>2025-08-11T23:00:57.000Z</time>
        <extensions>
          <ns3:TrackPointExtension>
            <ns3:hr>152</ns3:hr>
            <ns3:cad>88</ns3:cad>
          </ns3:TrackPointExtension>
        </extensions>
      </trkpt>
      <trkpt lat="40.151676870882511138916015625" lon="94.6618386916816234588623046875">
        <ele>1133.5999755859375</ele>
        <time>2025-08-11T23:00:58.000Z</time>
        <extensions>
          <ns3:TrackPointExtension>
            <ns3:hr>152</ns3:hr>
            <ns3:cad>88</ns3:cad>
          </ns3:TrackPointExtension>
        </extensions>
      </trkpt>
      <trkpt lat="40.15165616758167743682861328125" lon="94.6618145518004894256591796875">
        <ele>1133.5999755859375</ele>
        <time>2025-08-11T23:00:59.000Z</time>
        <extensions>
          <ns3:TrackPointExtension>
            <ns3:hr>152</ns3:hr>
            <ns3:cad>88</ns3:cad>
          </ns3:TrackPointExtension>
        </extensions>
      </trkpt>
      <trkpt lat="40.1516334526240825653076171875" lon="94.66179267503321170806884765625">
        <ele>1133.4000244140625</ele>
        <time>2025-08-11T23:01:00.000Z</time>
        <extensions>
          <ns3:TrackPointExtension>
            <ns3:hr>152</ns3:hr>
            <ns3:cad>88</ns3:cad>
          </ns3:TrackPointExtension>
        </extensions>
      </trkpt>
      <trkpt lat="40.15161476098001003265380859375" lon="94.66176937334239482879638671875">
        <ele>1133.4000244140625</ele>
        <time>2025-08-11T23:01:01.000Z</time>
        <extensions>
          <ns3:TrackPointExtension>
            <ns3:hr>152</ns3:hr>
            <ns3:cad>88</ns3:cad>
          </ns3:TrackPointExtension>
        </extensions>
      </trkpt>
      <trkpt lat="40.15159732662141323089599609375" lon="94.66174858622252941131591796875">
        <ele>1133.4000244140625</ele>
        <time>2025-08-11T23:01:02.000Z</time>
        <extensions>
          <ns3:TrackPointExtension>
            <ns3:hr>152</ns3:hr>
            <ns3:cad>88</ns3:cad>
          </ns3:TrackPointExtension>
        </extensions>
      </trkpt>
      <trkpt lat="40.15158039517700672149658203125" lon="94.66172947548329830169677734375">
        <ele>1133.4000244140625</ele>
        <time>2025-08-11T23:01:03.000Z</time>
        <extensions>
          <ns3:TrackPointExtension>
            <ns3:hr>152</ns3:hr>
            <ns3:cad>88</ns3:cad>
          </ns3:TrackPointExtension>
        </extensions>
      </trkpt>
      <trkpt lat="40.1515625417232513427734375" lon="94.6617074310779571533203125">
        <ele>1133.4000244140625</ele>
        <time>2025-08-11T23:01:04.000Z</time>
        <extensions>
          <ns3:TrackPointExtension>
            <ns3:hr>152</ns3:hr>
            <ns3:cad>87</ns3:cad>
          </ns3:TrackPointExtension>
        </extensions>
      </trkpt>
      <trkpt lat="40.1515425927937030792236328125" lon="94.66168798506259918212890625">
        <ele>1133.199951171875</ele>
        <time>2025-08-11T23:01:05.000Z</time>
        <extensions>
          <ns3:TrackPointExtension>
            <ns3:hr>153</ns3:hr>
            <ns3:cad>87</ns3:cad>
          </ns3:TrackPointExtension>
        </extensions>
      </trkpt>
      <trkpt lat="40.151517949998378753662109375" lon="94.66166879050433635711669921875">
        <ele>1133</ele>
        <time>2025-08-11T23:01:06.000Z</time>
        <extensions>
          <ns3:TrackPointExtension>
            <ns3:hr>153</ns3:hr>
            <ns3:cad>88</ns3:cad>
          </ns3:TrackPointExtension>
        </extensions>
      </trkpt>
      <trkpt lat="40.15149355866014957427978515625" lon="94.66165336780250072479248046875">
        <ele>1132.800048828125</ele>
        <time>2025-08-11T23:01:07.000Z</time>
        <extensions>
          <ns3:TrackPointExtension>
            <ns3:hr>153</ns3:hr>
            <ns3:cad>88</ns3:cad>
          </ns3:TrackPointExtension>
        </extensions>
      </trkpt>
      <trkpt lat="40.15147201716899871826171875" lon="94.6616328321397304534912109375">
        <ele>1132.5999755859375</ele>
        <time>2025-08-11T23:01:08.000Z</time>
        <extensions>
          <ns3:TrackPointExtension>
            <ns3:hr>153</ns3:hr>
            <ns3:cad>88</ns3:cad>
          </ns3:TrackPointExtension>
        </extensions>
      </trkpt>
      <trkpt lat="40.15144846402108669281005859375" lon="94.6616170741617679595947265625">
        <ele>1132.5999755859375</ele>
        <time>2025-08-11T23:01:09.000Z</time>
        <extensions>
          <ns3:TrackPointExtension>
            <ns3:hr>154</ns3:hr>
            <ns3:cad>88</ns3:cad>
          </ns3:TrackPointExtension>
        </extensions>
      </trkpt>
      <trkpt lat="40.15142331831157207489013671875" lon="94.661600477993488311767578125">
        <ele>1132.5999755859375</ele>
        <time>2025-08-11T23:01:10.000Z</time>
        <extensions>
          <ns3:TrackPointExtension>
            <ns3:hr>155</ns3:hr>
            <ns3:cad>88</ns3:cad>
          </ns3:TrackPointExtension>
        </extensions>
      </trkpt>
      <trkpt lat="40.15139691531658172607421875" lon="94.661586396396160125732421875">
        <ele>1132.5999755859375</ele>
        <time>2025-08-11T23:01:11.000Z</time>
        <extensions>
          <ns3:TrackPointExtension>
            <ns3:hr>156</ns3:hr>
            <ns3:cad>88</ns3:cad>
          </ns3:TrackPointExtension>
        </extensions>
      </trkpt>
      <trkpt lat="40.1513719372451305389404296875" lon="94.66156988404691219329833984375">
        <ele>1132.800048828125</ele>
        <time>2025-08-11T23:01:12.000Z</time>
        <extensions>
          <ns3:TrackPointExtension>
            <ns3:hr>156</ns3:hr>
            <ns3:cad>88</ns3:cad>
          </ns3:TrackPointExtension>
        </extensions>
      </trkpt>
      <trkpt lat="40.1513451151549816131591796875" lon="94.6615516953170299530029296875">
        <ele>1133</ele>
        <time>2025-08-11T23:01:13.000Z</time>
        <extensions>
          <ns3:TrackPointExtension>
            <ns3:hr>156</ns3:hr>
            <ns3:cad>88</ns3:cad>
          </ns3:TrackPointExtension>
        </extensions>
      </trkpt>
      <trkpt lat="40.1513246633112430572509765625" lon="94.66153786517679691314697265625">
        <ele>1133</ele>
        <time>2025-08-11T23:01:14.000Z</time>
        <extensions>
          <ns3:TrackPointExtension>
            <ns3:hr>157</ns3:hr>
            <ns3:cad>88</ns3:cad>
          </ns3:TrackPointExtension>
        </extensions>
      </trkpt>
      <trkpt lat="40.15129876323044300079345703125" lon="94.66151900589466094970703125">
        <ele>1133.199951171875</ele>
        <time>2025-08-11T23:01:15.000Z</time>
        <extensions>
          <ns3:TrackPointExtension>
            <ns3:hr>156</ns3:hr>
            <ns3:cad>88</ns3:cad>
          </ns3:TrackPointExtension>
        </extensions>
      </trkpt>
      <trkpt lat="40.15127831138670444488525390625" lon="94.66150416992604732513427734375">
        <ele>1133.199951171875</ele>
        <time>2025-08-11T23:01:16.000Z</time>
        <extensions>
          <ns3:TrackPointExtension>
            <ns3:hr>156</ns3:hr>
            <ns3:cad>88</ns3:cad>
          </ns3:TrackPointExtension>
        </extensions>
      </trkpt>
      <trkpt lat="40.15126121230423450469970703125" lon="94.66148003004491329193115234375">
        <ele>1133.4000244140625</ele>
        <time>2025-08-11T23:01:17.000Z</time>
        <extensions>
          <ns3:TrackPointExtension>
            <ns3:hr>157</ns3:hr>
            <ns3:cad>88</ns3:cad>
          </ns3:TrackPointExtension>
        </extensions>
      </trkpt>
      <trkpt lat="40.15124025754630565643310546875" lon="94.6614606678485870361328125">
        <ele>1133.4000244140625</ele>
        <time>2025-08-11T23:01:18.000Z</time>
        <extensions>
          <ns3:TrackPointExtension>
            <ns3:hr>156</ns3:hr>
            <ns3:cad>87</ns3:cad>
          </ns3:TrackPointExtension>
        </extensions>
      </trkpt>
      <trkpt lat="40.151215530931949615478515625" lon="94.6614444069564342498779296875">
        <ele>1133.5999755859375</ele>
        <time>2025-08-11T23:01:19.000Z</time>
        <extensions>
          <ns3:TrackPointExtension>
            <ns3:hr>156</ns3:hr>
            <ns3:cad>87</ns3:cad>
          </ns3:TrackPointExtension>
        </extensions>
      </trkpt>
      <trkpt lat="40.15119650401175022125244140625" lon="94.661428816616535186767578125">
        <ele>1133.5999755859375</ele>
        <time>2025-08-11T23:01:20.000Z</time>
        <extensions>
          <ns3:TrackPointExtension>
            <ns3:hr>157</ns3:hr>
            <ns3:cad>88</ns3:cad>
          </ns3:TrackPointExtension>
        </extensions>
      </trkpt>
      <trkpt lat="40.15117420814931392669677734375" lon="94.661413729190826416015625">
        <ele>1133.800048828125</ele>
        <time>2025-08-11T23:01:21.000Z</time>
        <extensions>
          <ns3:TrackPointExtension>
            <ns3:hr>156</ns3:hr>
            <ns3:cad>88</ns3:cad>
          </ns3:TrackPointExtension>
        </extensions>
      </trkpt>
      <trkpt lat="40.15115283429622650146484375" lon="94.66139604337513446807861328125">
        <ele>1133.800048828125</ele>
        <time>2025-08-11T23:01:22.000Z</time>
        <extensions>
          <ns3:TrackPointExtension>
            <ns3:hr>156</ns3:hr>
            <ns3:cad>88</ns3:cad>
          </ns3:TrackPointExtension>
        </extensions>
      </trkpt>
      <trkpt lat="40.15113347209990024566650390625" lon="94.66137207113206386566162109375">
        <ele>1133.800048828125</ele>
        <time>2025-08-11T23:01:23.000Z</time>
        <extensions>
          <ns3:TrackPointExtension>
            <ns3:hr>157</ns3:hr>
            <ns3:cad>88</ns3:cad>
          </ns3:TrackPointExtension>
        </extensions>
      </trkpt>
      <trkpt lat="40.15110991895198822021484375" lon="94.66135673224925994873046875">
        <ele>1134</ele>
        <time>2025-08-11T23:01:24.000Z</time>
        <extensions>
          <ns3:TrackPointExtension>
            <ns3:hr>156</ns3:hr>
            <ns3:cad>88</ns3:cad>
          </ns3:TrackPointExtension>
        </extensions>
      </trkpt>
      <trkpt lat="40.15108854509890079498291015625" lon="94.66133502312004566192626953125">
        <ele>1134</ele>
        <time>2025-08-11T23:01:25.000Z</time>
        <extensions>
          <ns3:TrackPointExtension>
            <ns3:hr>156</ns3:hr>
            <ns3:cad>88</ns3:cad>
          </ns3:TrackPointExtension>
        </extensions>
      </trkpt>
      <trkpt lat="40.1510665006935596466064453125" lon="94.66131725348532199859619140625">
        <ele>1134.199951171875</ele>
        <time>2025-08-11T23:01:26.000Z</time>
        <extensions>
          <ns3:TrackPointExtension>
            <ns3:hr>157</ns3:hr>
            <ns3:cad>88</ns3:cad>
          </ns3:TrackPointExtension>
        </extensions>
      </trkpt>
      <trkpt lat="40.15104479156434535980224609375" lon="94.66129504144191741943359375">
        <ele>1134.199951171875</ele>
        <time>2025-08-11T23:01:27.000Z</time>
        <extensions>
          <ns3:TrackPointExtension>
            <ns3:hr>156</ns3:hr>
            <ns3:cad>88</ns3:cad>
          </ns3:TrackPointExtension>
        </extensions>
      </trkpt>
      <trkpt lat="40.15102718956768512725830078125" lon="94.6612702310085296630859375">
        <ele>1134.199951171875</ele>
        <time>2025-08-11T23:01:28.000Z</time>
        <extensions>
          <ns3:TrackPointExtension>
            <ns3:hr>156</ns3:hr>
            <ns3:cad>88</ns3:cad>
          </ns3:TrackPointExtension>
        </extensions>
      </trkpt>
      <trkpt lat="40.15100824646651744842529296875" lon="94.66125003062188625335693359375">
        <ele>1134.4000244140625</ele>
        <time>2025-08-11T23:01:29.000Z</time>
        <extensions>
          <ns3:TrackPointExtension>
            <ns3:hr>157</ns3:hr>
            <ns3:cad>88</ns3:cad>
          </ns3:TrackPointExtension>
        </extensions>
      </trkpt>
      <trkpt lat="40.1509897224605083465576171875" lon="94.661227650940418243408203125">
        <ele>1134.199951171875</ele>
        <time>2025-08-11T23:01:30.000Z</time>
        <extensions>
          <ns3:TrackPointExtension>
            <ns3:hr>157</ns3:hr>
            <ns3:cad>88</ns3:cad>
          </ns3:TrackPointExtension>
        </extensions>
      </trkpt>
      <trkpt lat="40.1509736292064189910888671875" lon="94.6612058579921722412109375">
        <ele>1134.199951171875</ele>
        <time>2025-08-11T23:01:31.000Z</time>
        <extensions>
          <ns3:TrackPointExtension>
            <ns3:hr>157</ns3:hr>
            <ns3:cad>88</ns3:cad>
          </ns3:TrackPointExtension>
        </extensions>
      </trkpt>
      <trkpt lat="40.1509515009820461273193359375" lon="94.66118037700653076171875">
        <ele>1134.4000244140625</ele>
        <time>2025-08-11T23:01:32.000Z</time>
        <extensions>
          <ns3:TrackPointExtension>
            <ns3:hr>157</ns3:hr>
            <ns3:cad>88</ns3:cad>
          </ns3:TrackPointExtension>
        </extensions>
      </trkpt>
      <trkpt lat="40.1509374193847179412841796875" lon="94.66116093099117279052734375">
        <ele>1134.4000244140625</ele>
        <time>2025-08-11T23:01:33.000Z</time>
        <extensions>
          <ns3:TrackPointExtension>
            <ns3:hr>156</ns3:hr>
            <ns3:cad>88</ns3:cad>
          </ns3:TrackPointExtension>
        </extensions>
      </trkpt>
      <trkpt lat="40.1509233377873897552490234375" lon="94.66113704256713390350341796875">
        <ele>1134.4000244140625</ele>
        <time>2025-08-11T23:01:34.000Z</time>
        <extensions>
          <ns3:TrackPointExtension>
            <ns3:hr>157</ns3:hr>
            <ns3:cad>88</ns3:cad>
          </ns3:TrackPointExtension>
        </extensions>
      </trkpt>
      <trkpt lat="40.15091001056134700775146484375" lon="94.66112203896045684814453125">
        <ele>1134.4000244140625</ele>
        <time>2025-08-11T23:01:35.000Z</time>
        <extensions>
          <ns3:TrackPointExtension>
            <ns3:hr>157</ns3:hr>
            <ns3:cad>88</ns3:cad>
          </ns3:TrackPointExtension>
        </extensions>
      </trkpt>
      <trkpt lat="40.15089509077370166778564453125" lon="94.66110468842089176177978515625">
        <ele>1134.5999755859375</ele>
        <time>2025-08-11T23:01:36.000Z</time>
        <extensions>
          <ns3:TrackPointExtension>
            <ns3:hr>156</ns3:hr>
            <ns3:cad>88</ns3:cad>
          </ns3:TrackPointExtension>
        </extensions>
      </trkpt>
      <trkpt lat="40.15087732113897800445556640625" lon="94.66108909808099269866943359375">
        <ele>1134.5999755859375</ele>
        <time>2025-08-11T23:01:37.000Z</time>
        <extensions>
          <ns3:TrackPointExtension>
            <ns3:hr>157</ns3:hr>
            <ns3:cad>88</ns3:cad>
          </ns3:TrackPointExtension>
        </extensions>
      </trkpt>
      <trkpt lat="40.1508557796478271484375" lon="94.66106680221855640411376953125">
        <ele>1134.4000244140625</ele>
        <time>2025-08-11T23:01:38.000Z</time>
        <extensions>
          <ns3:TrackPointExtension>
            <ns3:hr>157</ns3:hr>
            <ns3:cad>88</ns3:cad>
          </ns3:TrackPointExtension>
        </extensions>
      </trkpt>
      <trkpt lat="40.15083407051861286163330078125" lon="94.66104819439351558685302734375">
        <ele>1134.4000244140625</ele>
        <time>2025-08-11T23:01:39.000Z</time>
        <extensions>
          <ns3:TrackPointExtension>
            <ns3:hr>157</ns3:hr>
            <ns3:cad>88</ns3:cad>
          </ns3:TrackPointExtension>
        </extensions>
      </trkpt>
      <trkpt lat="40.15081814490258693695068359375" lon="94.661027491092681884765625">
        <ele>1134.4000244140625</ele>
        <time>2025-08-11T23:01:40.000Z</time>
        <extensions>
          <ns3:TrackPointExtension>
            <ns3:hr>156</ns3:hr>
            <ns3:cad>87</ns3:cad>
          </ns3:TrackPointExtension>
        </extensions>
      </trkpt>
      <trkpt lat="40.15079475939273834228515625" lon="94.6610092185437679290771484375">
        <ele>1134.4000244140625</ele>
        <time>2025-08-11T23:01:41.000Z</time>
        <extensions>
          <ns3:TrackPointExtension>
            <ns3:hr>157</ns3:hr>
            <ns3:cad>87</ns3:cad>
          </ns3:TrackPointExtension>
        </extensions>
      </trkpt>
      <trkpt lat="40.15077732503414154052734375" lon="94.6609907783567905426025390625">
        <ele>1134.4000244140625</ele>
        <time>2025-08-11T23:01:42.000Z</time>
        <extensions>
          <ns3:TrackPointExtension>
            <ns3:hr>157</ns3:hr>
            <ns3:cad>87</ns3:cad>
          </ns3:TrackPointExtension>
        </extensions>
      </trkpt>
      <trkpt lat="40.15075544826686382293701171875" lon="94.66097175143659114837646484375">
        <ele>1134.4000244140625</ele>
        <time>2025-08-11T23:01:43.000Z</time>
        <extensions>
          <ns3:TrackPointExtension>
            <ns3:hr>156</ns3:hr>
            <ns3:cad>87</ns3:cad>
          </ns3:TrackPointExtension>
        </extensions>
      </trkpt>
      <trkpt lat="40.15073700807988643646240234375" lon="94.6609564125537872314453125">
        <ele>1134.4000244140625</ele>
        <time>2025-08-11T23:01:44.000Z</time>
        <extensions>
          <ns3:TrackPointExtension>
            <ns3:hr>156</ns3:hr>
            <ns3:cad>88</ns3:cad>
          </ns3:TrackPointExtension>
        </extensions>
      </trkpt>
      <trkpt lat="40.150713622570037841796875" lon="94.6609349548816680908203125">
        <ele>1134.199951171875</ele>
        <time>2025-08-11T23:01:45.000Z</time>
        <extensions>
          <ns3:TrackPointExtension>
            <ns3:hr>156</ns3:hr>
            <ns3:cad>88</ns3:cad>
          </ns3:TrackPointExtension>
        </extensions>
      </trkpt>
      <trkpt lat="40.1506919972598552703857421875" lon="94.66092095710337162017822265625">
        <ele>1134.199951171875</ele>
        <time>2025-08-11T23:01:46.000Z</time>
        <extensions>
          <ns3:TrackPointExtension>
            <ns3:hr>156</ns3:hr>
            <ns3:cad>88</ns3:cad>
          </ns3:TrackPointExtension>
        </extensions>
      </trkpt>
      <trkpt lat="40.15067179687321186065673828125" lon="94.6608982421457767486572265625">
        <ele>1134.199951171875</ele>
        <time>2025-08-11T23:01:47.000Z</time>
        <extensions>
          <ns3:TrackPointExtension>
            <ns3:hr>157</ns3:hr>
            <ns3:cad>88</ns3:cad>
          </ns3:TrackPointExtension>
        </extensions>
      </trkpt>
      <trkpt lat="40.15065654180943965911865234375" lon="94.6608844958245754241943359375">
        <ele>1134.199951171875</ele>
        <time>2025-08-11T23:01:48.000Z</time>
        <extensions>
          <ns3:TrackPointExtension>
            <ns3:hr>156</ns3:hr>
            <ns3:cad>88</ns3:cad>
          </ns3:TrackPointExtension>
        </extensions>
      </trkpt>
      <trkpt lat="40.15063583850860595703125" lon="94.6608571708202362060546875">
        <ele>1134.199951171875</ele>
        <time>2025-08-11T23:01:49.000Z</time>
        <extensions>
          <ns3:TrackPointExtension>
            <ns3:hr>156</ns3:hr>
            <ns3:cad>88</ns3:cad>
          </ns3:TrackPointExtension>
        </extensions>
      </trkpt>
      <trkpt lat="40.1506142131984233856201171875" lon="94.6608348749577999114990234375">
        <ele>1134.199951171875</ele>
        <time>2025-08-11T23:01:50.000Z</time>
        <extensions>
          <ns3:TrackPointExtension>
            <ns3:hr>157</ns3:hr>
            <ns3:cad>88</ns3:cad>
          </ns3:TrackPointExtension>
        </extensions>
      </trkpt>
      <trkpt lat="40.1505977846682071685791015625" lon="94.660813920199871063232421875">
        <ele>1134</ele>
        <time>2025-08-11T23:01:51.000Z</time>
        <extensions>
          <ns3:TrackPointExtension>
            <ns3:hr>156</ns3:hr>
            <ns3:cad>87</ns3:cad>
          </ns3:TrackPointExtension>
        </extensions>
      </trkpt>
      <trkpt lat="40.15057724900543689727783203125" lon="94.66079615056514739990234375">
        <ele>1134</ele>
        <time>2025-08-11T23:01:52.000Z</time>
        <extensions>
          <ns3:TrackPointExtension>
            <ns3:hr>156</ns3:hr>
            <ns3:cad>87</ns3:cad>
          </ns3:TrackPointExtension>
        </extensions>
      </trkpt>
      <trkpt lat="40.15055730007588863372802734375" lon="94.6607762016355991363525390625">
        <ele>1134</ele>
        <time>2025-08-11T23:01:53.000Z</time>
        <extensions>
          <ns3:TrackPointExtension>
            <ns3:hr>156</ns3:hr>
            <ns3:cad>87</ns3:cad>
          </ns3:TrackPointExtension>
        </extensions>
      </trkpt>
      <trkpt lat="40.150532238185405731201171875" lon="94.6607574261724948883056640625">
        <ele>1134</ele>
        <time>2025-08-11T23:01:54.000Z</time>
        <extensions>
          <ns3:TrackPointExtension>
            <ns3:hr>156</ns3:hr>
            <ns3:cad>87</ns3:cad>
          </ns3:TrackPointExtension>
        </extensions>
      </trkpt>
      <trkpt lat="40.15051287598907947540283203125" lon="94.6607403270900249481201171875">
        <ele>1134</ele>
        <time>2025-08-11T23:01:55.000Z</time>
        <extensions>
          <ns3:TrackPointExtension>
            <ns3:hr>156</ns3:hr>
            <ns3:cad>87</ns3:cad>
          </ns3:TrackPointExtension>
        </extensions>
      </trkpt>
      <trkpt lat="40.15048907138407230377197265625" lon="94.6607215516269207000732421875">
        <ele>1134</ele>
        <time>2025-08-11T23:01:56.000Z</time>
        <extensions>
          <ns3:TrackPointExtension>
            <ns3:hr>156</ns3:hr>
            <ns3:cad>87</ns3:cad>
          </ns3:TrackPointExtension>
        </extensions>
      </trkpt>
      <trkpt lat="40.150467865169048309326171875" lon="94.66070570982992649078369140625">
        <ele>1134</ele>
        <time>2025-08-11T23:01:57.000Z</time>
        <extensions>
          <ns3:TrackPointExtension>
            <ns3:hr>156</ns3:hr>
            <ns3:cad>87</ns3:cad>
          </ns3:TrackPointExtension>
        </extensions>
      </trkpt>
      <trkpt lat="40.15044766478240489959716796875" lon="94.66068425215780735015869140625">
        <ele>1134</ele>
        <time>2025-08-11T23:01:58.000Z</time>
        <extensions>
          <ns3:TrackPointExtension>
            <ns3:hr>156</ns3:hr>
            <ns3:cad>87</ns3:cad>
          </ns3:TrackPointExtension>
        </extensions>
      </trkpt>
      <trkpt lat="40.1504288055002689361572265625" lon="94.660668410360813140869140625">
        <ele>1133.800048828125</ele>
        <time>2025-08-11T23:01:59.000Z</time>
        <extensions>
          <ns3:TrackPointExtension>
            <ns3:hr>156</ns3:hr>
            <ns3:cad>88</ns3:cad>
          </ns3:TrackPointExtension>
        </extensions>
      </trkpt>
      <trkpt lat="40.1504083536565303802490234375" lon="94.6606457792222499847412109375">
        <ele>1133.800048828125</ele>
        <time>2025-08-11T23:02:00.000Z</time>
        <extensions>
          <ns3:TrackPointExtension>
            <ns3:hr>156</ns3:hr>
            <ns3:cad>88</ns3:cad>
          </ns3:TrackPointExtension>
        </extensions>
      </trkpt>
      <trkpt lat="40.15039251185953617095947265625" lon="94.66062893159687519073486328125">
        <ele>1133.800048828125</ele>
        <time>2025-08-11T23:02:01.000Z</time>
        <extensions>
          <ns3:TrackPointExtension>
            <ns3:hr>156</ns3:hr>
            <ns3:cad>88</ns3:cad>
          </ns3:TrackPointExtension>
        </extensions>
      </trkpt>
      <trkpt lat="40.15037231147289276123046875" lon="94.66060663573443889617919921875">
        <ele>1133.800048828125</ele>
        <time>2025-08-11T23:02:02.000Z</time>
        <extensions>
          <ns3:TrackPointExtension>
            <ns3:hr>156</ns3:hr>
            <ns3:cad>88</ns3:cad>
          </ns3:TrackPointExtension>
        </extensions>
      </trkpt>
      <trkpt lat="40.15035345219075679779052734375" lon="94.66058869846165180206298828125">
        <ele>1133.800048828125</ele>
        <time>2025-08-11T23:02:03.000Z</time>
        <extensions>
          <ns3:TrackPointExtension>
            <ns3:hr>156</ns3:hr>
            <ns3:cad>88</ns3:cad>
          </ns3:TrackPointExtension>
        </extensions>
      </trkpt>
      <trkpt lat="40.15033333562314510345458984375" lon="94.6605656482279300689697265625">
        <ele>1133.800048828125</ele>
        <time>2025-08-11T23:02:04.000Z</time>
        <extensions>
          <ns3:TrackPointExtension>
            <ns3:hr>155</ns3:hr>
            <ns3:cad>88</ns3:cad>
          </ns3:TrackPointExtension>
        </extensions>
      </trkpt>
      <trkpt lat="40.1503161527216434478759765625" lon="94.660548381507396697998046875">
        <ele>1133.800048828125</ele>
        <time>2025-08-11T23:02:05.000Z</time>
        <extensions>
          <ns3:TrackPointExtension>
            <ns3:hr>156</ns3:hr>
            <ns3:cad>87</ns3:cad>
          </ns3:TrackPointExtension>
        </extensions>
      </trkpt>
      <trkpt lat="40.1502946950495243072509765625" lon="94.6605245769023895263671875">
        <ele>1133.800048828125</ele>
        <time>2025-08-11T23:02:06.000Z</time>
        <extensions>
          <ns3:TrackPointExtension>
            <ns3:hr>155</ns3:hr>
            <ns3:cad>87</ns3:cad>
          </ns3:TrackPointExtension>
        </extensions>
      </trkpt>
      <trkpt lat="40.1502745784819126129150390625" lon="94.6605089865624904632568359375">
        <ele>1133.5999755859375</ele>
        <time>2025-08-11T23:02:07.000Z</time>
        <extensions>
          <ns3:TrackPointExtension>
            <ns3:hr>155</ns3:hr>
            <ns3:cad>87</ns3:cad>
          </ns3:TrackPointExtension>
        </extensions>
      </trkpt>
      <trkpt lat="40.15025270171463489532470703125" lon="94.66048727743327617645263671875">
        <ele>1133.5999755859375</ele>
        <time>2025-08-11T23:02:08.000Z</time>
        <extensions>
          <ns3:TrackPointExtension>
            <ns3:hr>155</ns3:hr>
            <ns3:cad>88</ns3:cad>
          </ns3:TrackPointExtension>
        </extensions>
      </trkpt>
      <trkpt lat="40.15023283660411834716796875" lon="94.66046934016048908233642578125">
        <ele>1133.5999755859375</ele>
        <time>2025-08-11T23:02:09.000Z</time>
        <extensions>
          <ns3:TrackPointExtension>
            <ns3:hr>155</ns3:hr>
            <ns3:cad>88</ns3:cad>
          </ns3:TrackPointExtension>
        </extensions>
      </trkpt>
      <trkpt lat="40.15021028928458690643310546875" lon="94.6604476310312747955322265625">
        <ele>1133.5999755859375</ele>
        <time>2025-08-11T23:02:10.000Z</time>
        <extensions>
          <ns3:TrackPointExtension>
            <ns3:hr>155</ns3:hr>
            <ns3:cad>88</ns3:cad>
          </ns3:TrackPointExtension>
        </extensions>
      </trkpt>
      <trkpt lat="40.15018950216472148895263671875" lon="94.66042860411107540130615234375">
        <ele>1133.5999755859375</ele>
        <time>2025-08-11T23:02:11.000Z</time>
        <extensions>
          <ns3:TrackPointExtension>
            <ns3:hr>155</ns3:hr>
            <ns3:cad>88</ns3:cad>
          </ns3:TrackPointExtension>
        </extensions>
      </trkpt>
      <trkpt lat="40.15017106197774410247802734375" lon="94.66041469015181064605712890625">
        <ele>1133.5999755859375</ele>
        <time>2025-08-11T23:02:12.000Z</time>
        <extensions>
          <ns3:TrackPointExtension>
            <ns3:hr>154</ns3:hr>
            <ns3:cad>88</ns3:cad>
          </ns3:TrackPointExtension>
        </extensions>
      </trkpt>
      <trkpt lat="40.15015094541013240814208984375" lon="94.660393483936786651611328125">
        <ele>1133.5999755859375</ele>
        <time>2025-08-11T23:02:13.000Z</time>
        <extensions>
          <ns3:TrackPointExtension>
            <ns3:hr>154</ns3:hr>
            <ns3:cad>88</ns3:cad>
          </ns3:TrackPointExtension>
        </extensions>
      </trkpt>
      <trkpt lat="40.1501327566802501678466796875" lon="94.660378396511077880859375">
        <ele>1133.5999755859375</ele>
        <time>2025-08-11T23:02:14.000Z</time>
        <extensions>
          <ns3:TrackPointExtension>
            <ns3:hr>154</ns3:hr>
            <ns3:cad>88</ns3:cad>
          </ns3:TrackPointExtension>
        </extensions>
      </trkpt>
      <trkpt lat="40.15011942945420742034912109375" lon="94.6603601239621639251708984375">
        <ele>1133.5999755859375</ele>
        <time>2025-08-11T23:02:15.000Z</time>
        <extensions>
          <ns3:TrackPointExtension>
            <ns3:hr>153</ns3:hr>
            <ns3:cad>88</ns3:cad>
          </ns3:TrackPointExtension>
        </extensions>
      </trkpt>
      <trkpt lat="40.15010652132332324981689453125" lon="94.66034713201224803924560546875">
        <ele>1133.5999755859375</ele>
        <time>2025-08-11T23:02:16.000Z</time>
        <extensions>
          <ns3:TrackPointExtension>
            <ns3:hr>153</ns3:hr>
            <ns3:cad>88</ns3:cad>
          </ns3:TrackPointExtension>
        </extensions>
      </trkpt>
      <trkpt lat="40.15009478665888309478759765625" lon="94.66033925302326679229736328125">
        <ele>1133.5999755859375</ele>
        <time>2025-08-11T23:02:17.000Z</time>
        <extensions>
          <ns3:TrackPointExtension>
            <ns3:hr>153</ns3:hr>
            <ns3:cad>88</ns3:cad>
          </ns3:TrackPointExtension>
        </extensions>
      </trkpt>
      <trkpt lat="40.15009202063083648681640625" lon="94.66027580201625823974609375">
        <ele>1132.4000244140625</ele>
        <time>2025-08-11T23:02:39.000Z</time>
        <extensions>
          <ns3:TrackPointExtension>
            <ns3:hr>139</ns3:hr>
            <ns3:cad>0</ns3:cad>
          </ns3:TrackPointExtension>
        </extensions>
      </trkpt>
      <trkpt lat="40.1500888355076313018798828125" lon="94.66027772985398769378662109375">
        <ele>1132.199951171875</ele>
        <time>2025-08-11T23:02:40.000Z</time>
        <extensions>
          <ns3:TrackPointExtension>
            <ns3:hr>138</ns3:hr>
            <ns3:cad>0</ns3:cad>
          </ns3:TrackPointExtension>
        </extensions>
      </trkpt>
      <trkpt lat="40.15007131733000278472900390625" lon="94.66026850976049900054931640625">
        <ele>1132</ele>
        <time>2025-08-11T23:02:41.000Z</time>
        <extensions>
          <ns3:TrackPointExtension>
            <ns3:hr>138</ns3:hr>
            <ns3:cad>0</ns3:cad>
          </ns3:TrackPointExtension>
        </extensions>
      </trkpt>
      <trkpt lat="40.150052793323993682861328125" lon="94.66025962494313716888427734375">
        <ele>1132</ele>
        <time>2025-08-11T23:02:42.000Z</time>
        <extensions>
          <ns3:TrackPointExtension>
            <ns3:hr>137</ns3:hr>
            <ns3:cad>0</ns3:cad>
          </ns3:TrackPointExtension>
        </extensions>
      </trkpt>
      <trkpt lat="40.1500321738421916961669921875" lon="94.66024386696517467498779296875">
        <ele>1132</ele>
        <time>2025-08-11T23:02:43.000Z</time>
        <extensions>
          <ns3:TrackPointExtension>
            <ns3:hr>137</ns3:hr>
            <ns3:cad>0</ns3:cad>
          </ns3:TrackPointExtension>
        </extensions>
      </trkpt>
      <trkpt lat="40.15000845305621623992919921875" lon="94.66022660024464130401611328125">
        <ele>1132</ele>
        <time>2025-08-11T23:02:44.000Z</time>
        <extensions>
          <ns3:TrackPointExtension>
            <ns3:hr>137</ns3:hr>
            <ns3:cad>0</ns3:cad>
          </ns3:TrackPointExtension>
        </extensions>
      </trkpt>
      <trkpt lat="40.14998598955571651458740234375" lon="94.6602045558393001556396484375">
        <ele>1132.199951171875</ele>
        <time>2025-08-11T23:02:45.000Z</time>
        <extensions>
          <ns3:TrackPointExtension>
            <ns3:hr>136</ns3:hr>
            <ns3:cad>0</ns3:cad>
          </ns3:TrackPointExtension>
        </extensions>
      </trkpt>
      <trkpt lat="40.149961598217487335205078125" lon="94.660186283290386199951171875">
        <ele>1132.199951171875</ele>
        <time>2025-08-11T23:02:46.000Z</time>
        <extensions>
          <ns3:TrackPointExtension>
            <ns3:hr>136</ns3:hr>
            <ns3:cad>85</ns3:cad>
          </ns3:TrackPointExtension>
        </extensions>
      </trkpt>
      <trkpt lat="40.14993871562182903289794921875" lon="94.66016792692244052886962890625">
        <ele>1132.4000244140625</ele>
        <time>2025-08-11T23:02:47.000Z</time>
        <extensions>
          <ns3:TrackPointExtension>
            <ns3:hr>136</ns3:hr>
            <ns3:cad>85</ns3:cad>
          </ns3:TrackPointExtension>
        </extensions>
      </trkpt>
      <trkpt lat="40.14991541393101215362548828125" lon="94.66014814563095569610595703125">
        <ele>1132.4000244140625</ele>
        <time>2025-08-11T23:02:48.000Z</time>
        <extensions>
          <ns3:TrackPointExtension>
            <ns3:hr>136</ns3:hr>
            <ns3:cad>85</ns3:cad>
          </ns3:TrackPointExtension>
        </extensions>
      </trkpt>
      <trkpt lat="40.14989596791565418243408203125" lon="94.6601227484643459320068359375">
        <ele>1132.4000244140625</ele>
        <time>2025-08-11T23:02:49.000Z</time>
        <extensions>
          <ns3:TrackPointExtension>
            <ns3:hr>136</ns3:hr>
            <ns3:cad>87</ns3:cad>
          </ns3:TrackPointExtension>
        </extensions>
      </trkpt>
      <trkpt lat="40.1498759351670742034912109375" lon="94.66009969823062419891357421875">
        <ele>1132.5999755859375</ele>
        <time>2025-08-11T23:02:50.000Z</time>
        <extensions>
          <ns3:TrackPointExtension>
            <ns3:hr>136</ns3:hr>
            <ns3:cad>87</ns3:cad>
          </ns3:TrackPointExtension>
        </extensions>
      </trkpt>
      <trkpt lat="40.14985439367592334747314453125" lon="94.6600818447768688201904296875">
        <ele>1132.5999755859375</ele>
        <time>2025-08-11T23:02:51.000Z</time>
        <extensions>
          <ns3:TrackPointExtension>
            <ns3:hr>136</ns3:hr>
            <ns3:cad>87</ns3:cad>
          </ns3:TrackPointExtension>
        </extensions>
      </trkpt>
      <trkpt lat="40.14983260072767734527587890625" lon="94.66005762107670307159423828125">
        <ele>1132.5999755859375</ele>
        <time>2025-08-11T23:02:52.000Z</time>
        <extensions>
          <ns3:TrackPointExtension>
            <ns3:hr>136</ns3:hr>
            <ns3:cad>88</ns3:cad>
          </ns3:TrackPointExtension>
        </extensions>
      </trkpt>
      <trkpt lat="40.14980996958911418914794921875" lon="94.66003968380391597747802734375">
        <ele>1132.5999755859375</ele>
        <time>2025-08-11T23:02:53.000Z</time>
        <extensions>
          <ns3:TrackPointExtension>
            <ns3:hr>136</ns3:hr>
            <ns3:cad>88</ns3:cad>
          </ns3:TrackPointExtension>
        </extensions>
      </trkpt>
      <trkpt lat="40.14979018829762935638427734375" lon="94.66002124361693859100341796875">
        <ele>1132.5999755859375</ele>
        <time>2025-08-11T23:02:54.000Z</time>
        <extensions>
          <ns3:TrackPointExtension>
            <ns3:hr>136</ns3:hr>
            <ns3:cad>88</ns3:cad>
          </ns3:TrackPointExtension>
        </extensions>
      </trkpt>
      <trkpt lat="40.14977392740547657012939453125" lon="94.66000280342996120452880859375">
        <ele>1132.5999755859375</ele>
        <time>2025-08-11T23:02:55.000Z</time>
        <extensions>
          <ns3:TrackPointExtension>
            <ns3:hr>136</ns3:hr>
            <ns3:cad>88</ns3:cad>
          </ns3:TrackPointExtension>
        </extensions>
      </trkpt>
      <trkpt lat="40.14975934289395809173583984375" lon="94.65998520143330097198486328125">
        <ele>1132.4000244140625</ele>
        <time>2025-08-11T23:02:56.000Z</time>
        <extensions>
          <ns3:TrackPointExtension>
            <ns3:hr>137</ns3:hr>
            <ns3:cad>88</ns3:cad>
          </ns3:TrackPointExtension>
        </extensions>
      </trkpt>
      <trkpt lat="40.14974174089729785919189453125" lon="94.65996810235083103179931640625">
        <ele>1132.4000244140625</ele>
        <time>2025-08-11T23:02:57.000Z</time>
        <extensions>
          <ns3:TrackPointExtension>
            <ns3:hr>137</ns3:hr>
            <ns3:cad>88</ns3:cad>
          </ns3:TrackPointExtension>
        </extensions>
      </trkpt>
      <trkpt lat="40.1497240550816059112548828125" lon="94.6599504165351390838623046875">
        <ele>1132.199951171875</ele>
        <time>2025-08-11T23:02:58.000Z</time>
        <extensions>
          <ns3:TrackPointExtension>
            <ns3:hr>137</ns3:hr>
            <ns3:cad>88</ns3:cad>
          </ns3:TrackPointExtension>
        </extensions>
      </trkpt>
      <trkpt lat="40.149704106152057647705078125" lon="94.65993172489106655120849609375">
        <ele>1132.199951171875</ele>
        <time>2025-08-11T23:02:59.000Z</time>
        <extensions>
          <ns3:TrackPointExtension>
            <ns3:hr>137</ns3:hr>
            <ns3:cad>88</ns3:cad>
          </ns3:TrackPointExtension>
        </extensions>
      </trkpt>
      <trkpt lat="40.1496838219463825225830078125" lon="94.6599132008850574493408203125">
        <ele>1132.199951171875</ele>
        <time>2025-08-11T23:03:00.000Z</time>
        <extensions>
          <ns3:TrackPointExtension>
            <ns3:hr>137</ns3:hr>
            <ns3:cad>88</ns3:cad>
          </ns3:TrackPointExtension>
        </extensions>
      </trkpt>
      <trkpt lat="40.1496635377407073974609375" lon="94.65989165939390659332275390625">
        <ele>1132.199951171875</ele>
        <time>2025-08-11T23:03:01.000Z</time>
        <extensions>
          <ns3:TrackPointExtension>
            <ns3:hr>137</ns3:hr>
            <ns3:cad>88</ns3:cad>
          </ns3:TrackPointExtension>
        </extensions>
      </trkpt>
      <trkpt lat="40.14964434318244457244873046875" lon="94.65987439267337322235107421875">
        <ele>1132</ele>
        <time>2025-08-11T23:03:02.000Z</time>
        <extensions>
          <ns3:TrackPointExtension>
            <ns3:hr>137</ns3:hr>
            <ns3:cad>88</ns3:cad>
          </ns3:TrackPointExtension>
        </extensions>
      </trkpt>
      <trkpt lat="40.14962607063353061676025390625" lon="94.6598531864583492279052734375">
        <ele>1132</ele>
        <time>2025-08-11T23:03:03.000Z</time>
        <extensions>
          <ns3:TrackPointExtension>
            <ns3:hr>137</ns3:hr>
            <ns3:cad>88</ns3:cad>
          </ns3:TrackPointExtension>
        </extensions>
      </trkpt>
      <trkpt lat="40.14960511587560176849365234375" lon="94.65983466245234012603759765625">
        <ele>1131.800048828125</ele>
        <time>2025-08-11T23:03:04.000Z</time>
        <extensions>
          <ns3:TrackPointExtension>
            <ns3:hr>137</ns3:hr>
            <ns3:cad>88</ns3:cad>
          </ns3:TrackPointExtension>
        </extensions>
      </trkpt>
      <trkpt lat="40.14958776533603668212890625" lon="94.65981538407504558563232421875">
        <ele>1131.800048828125</ele>
        <time>2025-08-11T23:03:05.000Z</time>
        <extensions>
          <ns3:TrackPointExtension>
            <ns3:hr>137</ns3:hr>
            <ns3:cad>88</ns3:cad>
          </ns3:TrackPointExtension>
        </extensions>
      </trkpt>
      <trkpt lat="40.14956924133002758026123046875" lon="94.65979543514549732208251953125">
        <ele>1131.5999755859375</ele>
        <time>2025-08-11T23:03:06.000Z</time>
        <extensions>
          <ns3:TrackPointExtension>
            <ns3:hr>138</ns3:hr>
            <ns3:cad>88</ns3:cad>
          </ns3:TrackPointExtension>
        </extensions>
      </trkpt>
      <trkpt lat="40.14955063350498676300048828125" lon="94.65977649204432964324951171875">
        <ele>1131.5999755859375</ele>
        <time>2025-08-11T23:03:07.000Z</time>
        <extensions>
          <ns3:TrackPointExtension>
            <ns3:hr>138</ns3:hr>
            <ns3:cad>88</ns3:cad>
          </ns3:TrackPointExtension>
        </extensions>
      </trkpt>
      <trkpt lat="40.1495312713086605072021484375" lon="94.6597616560757160186767578125">
        <ele>1131.5999755859375</ele>
        <time>2025-08-11T23:03:08.000Z</time>
        <extensions>
          <ns3:TrackPointExtension>
            <ns3:hr>139</ns3:hr>
            <ns3:cad>88</ns3:cad>
          </ns3:TrackPointExtension>
        </extensions>
      </trkpt>
      <trkpt lat="40.14950956217944622039794921875" lon="94.65974413789808750152587890625">
        <ele>1131.5999755859375</ele>
        <time>2025-08-11T23:03:09.000Z</time>
        <extensions>
          <ns3:TrackPointExtension>
            <ns3:hr>139</ns3:hr>
            <ns3:cad>88</ns3:cad>
          </ns3:TrackPointExtension>
        </extensions>
      </trkpt>
      <trkpt lat="40.14948760159313678741455078125" lon="94.65972737409174442291259765625">
        <ele>1131.4000244140625</ele>
        <time>2025-08-11T23:03:10.000Z</time>
        <extensions>
          <ns3:TrackPointExtension>
            <ns3:hr>140</ns3:hr>
            <ns3:cad>88</ns3:cad>
          </ns3:TrackPointExtension>
        </extensions>
      </trkpt>
      <trkpt lat="40.1494705863296985626220703125" lon="94.6597033180296421051025390625">
        <ele>1131.4000244140625</ele>
        <time>2025-08-11T23:03:11.000Z</time>
        <extensions>
          <ns3:TrackPointExtension>
            <ns3:hr>140</ns3:hr>
            <ns3:cad>88</ns3:cad>
          </ns3:TrackPointExtension>
        </extensions>
      </trkpt>
      <trkpt lat="40.14944854192435741424560546875" lon="94.6596858836710453033447265625">
        <ele>1131.4000244140625</ele>
        <time>2025-08-11T23:03:12.000Z</time>
        <extensions>
          <ns3:TrackPointExtension>
            <ns3:hr>141</ns3:hr>
            <ns3:cad>88</ns3:cad>
          </ns3:TrackPointExtension>
        </extensions>
      </trkpt>
      <trkpt lat="40.149425826966762542724609375" lon="94.6596644259989261627197265625">
        <ele>1131.4000244140625</ele>
        <time>2025-08-11T23:03:13.000Z</time>
        <extensions>
          <ns3:TrackPointExtension>
            <ns3:hr>141</ns3:hr>
            <ns3:cad>88</ns3:cad>
          </ns3:TrackPointExtension>
        </extensions>
      </trkpt>
      <trkpt lat="40.14940562658011913299560546875" lon="94.6596453152596950531005859375">
        <ele>1131.4000244140625</ele>
        <time>2025-08-11T23:03:14.000Z</time>
        <extensions>
          <ns3:TrackPointExtension>
            <ns3:hr>141</ns3:hr>
            <ns3:cad>88</ns3:cad>
          </ns3:TrackPointExtension>
        </extensions>
      </trkpt>
      <trkpt lat="40.1493810676038265228271484375" lon="94.65962125919759273529052734375">
        <ele>1131.4000244140625</ele>
        <time>2025-08-11T23:03:15.000Z</time>
        <extensions>
          <ns3:TrackPointExtension>
            <ns3:hr>140</ns3:hr>
            <ns3:cad>88</ns3:cad>
          </ns3:TrackPointExtension>
        </extensions>
      </trkpt>
      <trkpt lat="40.1493632979691028594970703125" lon="94.659599550068378448486328125">
        <ele>1131.4000244140625</ele>
        <time>2025-08-11T23:03:16.000Z</time>
        <extensions>
          <ns3:TrackPointExtension>
            <ns3:hr>141</ns3:hr>
            <ns3:cad>88</ns3:cad>
          </ns3:TrackPointExtension>
        </extensions>
      </trkpt>
      <trkpt lat="40.14934376813471317291259765625" lon="94.659582786262035369873046875">
        <ele>1131.4000244140625</ele>
        <time>2025-08-11T23:03:17.000Z</time>
        <extensions>
          <ns3:TrackPointExtension>
            <ns3:hr>141</ns3:hr>
            <ns3:cad>88</ns3:cad>
          </ns3:TrackPointExtension>
        </extensions>
      </trkpt>
      <trkpt lat="40.1493230648338794708251953125" lon="94.65956426225602626800537109375">
        <ele>1131.4000244140625</ele>
        <time>2025-08-11T23:03:18.000Z</time>
        <extensions>
          <ns3:TrackPointExtension>
            <ns3:hr>141</ns3:hr>
            <ns3:cad>87</ns3:cad>
          </ns3:TrackPointExtension>
        </extensions>
      </trkpt>
      <trkpt lat="40.1493039540946483612060546875" lon="94.659548588097095489501953125">
        <ele>1131.199951171875</ele>
        <time>2025-08-11T23:03:19.000Z</time>
        <extensions>
          <ns3:TrackPointExtension>
            <ns3:hr>141</ns3:hr>
            <ns3:cad>87</ns3:cad>
          </ns3:TrackPointExtension>
        </extensions>
      </trkpt>
      <trkpt lat="40.1492828316986560821533203125" lon="94.6595256216824054718017578125">
        <ele>1131.199951171875</ele>
        <time>2025-08-11T23:03:20.000Z</time>
        <extensions>
          <ns3:TrackPointExtension>
            <ns3:hr>142</ns3:hr>
            <ns3:cad>87</ns3:cad>
          </ns3:TrackPointExtension>
        </extensions>
      </trkpt>
      <trkpt lat="40.14926581643521785736083984375" lon="94.65950793586671352386474609375">
        <ele>1131.199951171875</ele>
        <time>2025-08-11T23:03:21.000Z</time>
        <extensions>
          <ns3:TrackPointExtension>
            <ns3:hr>142</ns3:hr>
            <ns3:cad>88</ns3:cad>
          </ns3:TrackPointExtension>
        </extensions>
      </trkpt>
      <trkpt lat="40.14924670569598674774169921875" lon="94.65948991477489471435546875">
        <ele>1131.4000244140625</ele>
        <time>2025-08-11T23:03:22.000Z</time>
        <extensions>
          <ns3:TrackPointExtension>
            <ns3:hr>142</ns3:hr>
            <ns3:cad>88</ns3:cad>
          </ns3:TrackPointExtension>
        </extensions>
      </trkpt>
      <trkpt lat="40.1492291875183582305908203125" lon="94.6594639308750629425048828125">
        <ele>1131.5999755859375</ele>
        <time>2025-08-11T23:03:23.000Z</time>
        <extensions>
          <ns3:TrackPointExtension>
            <ns3:hr>142</ns3:hr>
            <ns3:cad>87</ns3:cad>
          </ns3:TrackPointExtension>
        </extensions>
      </trkpt>
      <trkpt lat="40.1492063887417316436767578125" lon="94.659438617527484893798828125">
        <ele>1131.800048828125</ele>
        <time>2025-08-11T23:03:24.000Z</time>
        <extensions>
          <ns3:TrackPointExtension>
            <ns3:hr>143</ns3:hr>
            <ns3:cad>87</ns3:cad>
          </ns3:TrackPointExtension>
        </extensions>
      </trkpt>
      <trkpt lat="40.14917948283255100250244140625" lon="94.659418500959873199462890625">
        <ele>1132</ele>
        <time>2025-08-11T23:03:25.000Z</time>
        <extensions>
          <ns3:TrackPointExtension>
            <ns3:hr>143</ns3:hr>
            <ns3:cad>87</ns3:cad>
          </ns3:TrackPointExtension>
        </extensions>
      </trkpt>
      <trkpt lat="40.14915232546627521514892578125" lon="94.6593965403735637664794921875">
        <ele>1132</ele>
        <time>2025-08-11T23:03:26.000Z</time>
        <extensions>
          <ns3:TrackPointExtension>
            <ns3:hr>143</ns3:hr>
            <ns3:cad>87</ns3:cad>
          </ns3:TrackPointExtension>
        </extensions>
      </trkpt>
      <trkpt lat="40.14913204126060009002685546875" lon="94.65937349013984203338623046875">
        <ele>1132.199951171875</ele>
        <time>2025-08-11T23:03:27.000Z</time>
        <extensions>
          <ns3:TrackPointExtension>
            <ns3:hr>143</ns3:hr>
            <ns3:cad>87</ns3:cad>
          </ns3:TrackPointExtension>
        </extensions>
      </trkpt>
      <trkpt lat="40.1491115055978298187255859375" lon="94.65935722924768924713134765625">
        <ele>1132.199951171875</ele>
        <time>2025-08-11T23:03:28.000Z</time>
        <extensions>
          <ns3:TrackPointExtension>
            <ns3:hr>143</ns3:hr>
            <ns3:cad>87</ns3:cad>
          </ns3:TrackPointExtension>
        </extensions>
      </trkpt>
      <trkpt lat="40.1490866951644420623779296875" lon="94.65933300554752349853515625">
        <ele>1132.199951171875</ele>
        <time>2025-08-11T23:03:29.000Z</time>
        <extensions>
          <ns3:TrackPointExtension>
            <ns3:hr>142</ns3:hr>
            <ns3:cad>87</ns3:cad>
          </ns3:TrackPointExtension>
        </extensions>
      </trkpt>
      <trkpt lat="40.14906766824424266815185546875" lon="94.6593149006366729736328125">
        <ele>1132.199951171875</ele>
        <time>2025-08-11T23:03:30.000Z</time>
        <extensions>
          <ns3:TrackPointExtension>
            <ns3:hr>142</ns3:hr>
            <ns3:cad>87</ns3:cad>
          </ns3:TrackPointExtension>
        </extensions>
      </trkpt>
      <trkpt lat="40.14904973097145557403564453125" lon="94.65929285623133182525634765625">
        <ele>1132.4000244140625</ele>
        <time>2025-08-11T23:03:31.000Z</time>
        <extensions>
          <ns3:TrackPointExtension>
            <ns3:hr>142</ns3:hr>
            <ns3:cad>87</ns3:cad>
          </ns3:TrackPointExtension>
        </extensions>
      </trkpt>
      <trkpt lat="40.149028189480304718017578125" lon="94.65927558951079845428466796875">
        <ele>1132.199951171875</ele>
        <time>2025-08-11T23:03:32.000Z</time>
        <extensions>
          <ns3:TrackPointExtension>
            <ns3:hr>143</ns3:hr>
            <ns3:cad>87</ns3:cad>
          </ns3:TrackPointExtension>
        </extensions>
      </trkpt>
      <trkpt lat="40.14900664798915386199951171875" lon="94.6592523716390132904052734375">
        <ele>1132.199951171875</ele>
        <time>2025-08-11T23:03:33.000Z</time>
        <extensions>
          <ns3:TrackPointExtension>
            <ns3:hr>143</ns3:hr>
            <ns3:cad>87</ns3:cad>
          </ns3:TrackPointExtension>
        </extensions>
      </trkpt>
      <trkpt lat="40.1489877887070178985595703125" lon="94.65923912823200225830078125">
        <ele>1132.199951171875</ele>
        <time>2025-08-11T23:03:34.000Z</time>
        <extensions>
          <ns3:TrackPointExtension>
            <ns3:hr>143</ns3:hr>
            <ns3:cad>87</ns3:cad>
          </ns3:TrackPointExtension>
        </extensions>
      </trkpt>
      <trkpt lat="40.1489670015871524810791015625" lon="94.65921901166439056396484375">
        <ele>1132.4000244140625</ele>
        <time>2025-08-11T23:03:35.000Z</time>
        <extensions>
          <ns3:TrackPointExtension>
            <ns3:hr>143</ns3:hr>
            <ns3:cad>87</ns3:cad>
          </ns3:TrackPointExtension>
        </extensions>
      </trkpt>
      <trkpt lat="40.14894939959049224853515625" lon="94.65919948183000087738037109375">
        <ele>1132.4000244140625</ele>
        <time>2025-08-11T23:03:36.000Z</time>
        <extensions>
          <ns3:TrackPointExtension>
            <ns3:hr>143</ns3:hr>
            <ns3:cad>87</ns3:cad>
          </ns3:TrackPointExtension>
        </extensions>
      </trkpt>
      <trkpt lat="40.14892995357513427734375" lon="94.65917609632015228271484375">
        <ele>1132.4000244140625</ele>
        <time>2025-08-11T23:03:37.000Z</time>
        <extensions>
          <ns3:TrackPointExtension>
            <ns3:hr>143</ns3:hr>
            <ns3:cad>87</ns3:cad>
          </ns3:TrackPointExtension>
        </extensions>
      </trkpt>
      <trkpt lat="40.1489113457500934600830078125" lon="94.65915505774319171905517578125">
        <ele>1132.4000244140625</ele>
        <time>2025-08-11T23:03:38.000Z</time>
        <extensions>
          <ns3:TrackPointExtension>
            <ns3:hr>143</ns3:hr>
            <ns3:cad>88</ns3:cad>
          </ns3:TrackPointExtension>
        </extensions>
      </trkpt>
      <trkpt lat="40.148889720439910888671875" lon="94.6591351926326751708984375">
        <ele>1132.4000244140625</ele>
        <time>2025-08-11T23:03:39.000Z</time>
        <extensions>
          <ns3:TrackPointExtension>
            <ns3:hr>143</ns3:hr>
            <ns3:cad>88</ns3:cad>
          </ns3:TrackPointExtension>
        </extensions>
      </trkpt>
      <trkpt lat="40.14886801131069660186767578125" lon="94.65911440551280975341796875">
        <ele>1132.199951171875</ele>
        <time>2025-08-11T23:03:40.000Z</time>
        <extensions>
          <ns3:TrackPointExtension>
            <ns3:hr>143</ns3:hr>
            <ns3:cad>88</ns3:cad>
          </ns3:TrackPointExtension>
        </extensions>
      </trkpt>
      <trkpt lat="40.1488489843904972076416015625" lon="94.65909454040229320526123046875">
        <ele>1132.199951171875</ele>
        <time>2025-08-11T23:03:41.000Z</time>
        <extensions>
          <ns3:TrackPointExtension>
            <ns3:hr>143</ns3:hr>
            <ns3:cad>88</ns3:cad>
          </ns3:TrackPointExtension>
        </extensions>
      </trkpt>
      <trkpt lat="40.14882828108966350555419921875" lon="94.659070484340190887451171875">
        <ele>1132.199951171875</ele>
        <time>2025-08-11T23:03:42.000Z</time>
        <extensions>
          <ns3:TrackPointExtension>
            <ns3:hr>143</ns3:hr>
            <ns3:cad>88</ns3:cad>
          </ns3:TrackPointExtension>
        </extensions>
      </trkpt>
      <trkpt lat="40.14880598522722721099853515625" lon="94.65905413962900638580322265625">
        <ele>1132.199951171875</ele>
        <time>2025-08-11T23:03:43.000Z</time>
        <extensions>
          <ns3:TrackPointExtension>
            <ns3:hr>144</ns3:hr>
            <ns3:cad>88</ns3:cad>
          </ns3:TrackPointExtension>
        </extensions>
      </trkpt>
      <trkpt lat="40.14878318645060062408447265625" lon="94.65903016738593578338623046875">
        <ele>1132.199951171875</ele>
        <time>2025-08-11T23:03:44.000Z</time>
        <extensions>
          <ns3:TrackPointExtension>
            <ns3:hr>144</ns3:hr>
            <ns3:cad>88</ns3:cad>
          </ns3:TrackPointExtension>
        </extensions>
      </trkpt>
      <trkpt lat="40.1487604714930057525634765625" lon="94.65901273302733898162841796875">
        <ele>1132.199951171875</ele>
        <time>2025-08-11T23:03:45.000Z</time>
        <extensions>
          <ns3:TrackPointExtension>
            <ns3:hr>144</ns3:hr>
            <ns3:cad>88</ns3:cad>
          </ns3:TrackPointExtension>
        </extensions>
      </trkpt>
      <trkpt lat="40.14873960055410861968994140625" lon="94.65898741967976093292236328125">
        <ele>1132.199951171875</ele>
        <time>2025-08-11T23:03:46.000Z</time>
        <extensions>
          <ns3:TrackPointExtension>
            <ns3:hr>144</ns3:hr>
            <ns3:cad>88</ns3:cad>
          </ns3:TrackPointExtension>
        </extensions>
      </trkpt>
      <trkpt lat="40.14872518368065357208251953125" lon="94.658971242606639862060546875">
        <ele>1132.4000244140625</ele>
        <time>2025-08-11T23:03:47.000Z</time>
        <extensions>
          <ns3:TrackPointExtension>
            <ns3:hr>144</ns3:hr>
            <ns3:cad>88</ns3:cad>
          </ns3:TrackPointExtension>
        </extensions>
      </trkpt>
      <trkpt lat="40.14870322309434413909912109375" lon="94.65894986875355243682861328125">
        <ele>1132.4000244140625</ele>
        <time>2025-08-11T23:03:48.000Z</time>
        <extensions>
          <ns3:TrackPointExtension>
            <ns3:hr>144</ns3:hr>
            <ns3:cad>88</ns3:cad>
          </ns3:TrackPointExtension>
        </extensions>
      </trkpt>
      <trkpt lat="40.14868654310703277587890625" lon="94.65893712826073169708251953125">
        <ele>1132.4000244140625</ele>
        <time>2025-08-11T23:03:49.000Z</time>
        <extensions>
          <ns3:TrackPointExtension>
            <ns3:hr>144</ns3:hr>
            <ns3:cad>88</ns3:cad>
          </ns3:TrackPointExtension>
        </extensions>
      </trkpt>
      <trkpt lat="40.1486630737781524658203125" lon="94.65891550295054912567138671875">
        <ele>1132.4000244140625</ele>
        <time>2025-08-11T23:03:50.000Z</time>
        <extensions>
          <ns3:TrackPointExtension>
            <ns3:hr>145</ns3:hr>
            <ns3:cad>88</ns3:cad>
          </ns3:TrackPointExtension>
        </extensions>
      </trkpt>
      <trkpt lat="40.14864505268633365631103515625" lon="94.6589003317058086395263671875">
        <ele>1132.4000244140625</ele>
        <time>2025-08-11T23:03:51.000Z</time>
        <extensions>
          <ns3:TrackPointExtension>
            <ns3:hr>145</ns3:hr>
            <ns3:cad>88</ns3:cad>
          </ns3:TrackPointExtension>
        </extensions>
      </trkpt>
      <trkpt lat="40.148621834814548492431640625" lon="94.658873341977596282958984375">
        <ele>1132.4000244140625</ele>
        <time>2025-08-11T23:03:52.000Z</time>
        <extensions>
          <ns3:TrackPointExtension>
            <ns3:hr>145</ns3:hr>
            <ns3:cad>88</ns3:cad>
          </ns3:TrackPointExtension>
        </extensions>
      </trkpt>
      <trkpt lat="40.1486052386462688446044921875" lon="94.6588614396750926971435546875">
        <ele>1132.4000244140625</ele>
        <time>2025-08-11T23:03:53.000Z</time>
        <extensions>
          <ns3:TrackPointExtension>
            <ns3:hr>145</ns3:hr>
            <ns3:cad>88</ns3:cad>
          </ns3:TrackPointExtension>
        </extensions>
      </trkpt>
      <trkpt lat="40.1485847868025302886962890625" lon="94.6588342823088169097900390625">
        <ele>1132.4000244140625</ele>
        <time>2025-08-11T23:03:54.000Z</time>
        <extensions>
          <ns3:TrackPointExtension>
            <ns3:hr>145</ns3:hr>
            <ns3:cad>88</ns3:cad>
          </ns3:TrackPointExtension>
        </extensions>
      </trkpt>
      <trkpt lat="40.1485633291304111480712890625" lon="94.6588168479502201080322265625">
        <ele>1132.5999755859375</ele>
        <time>2025-08-11T23:03:55.000Z</time>
        <extensions>
          <ns3:TrackPointExtension>
            <ns3:hr>145</ns3:hr>
            <ns3:cad>88</ns3:cad>
          </ns3:TrackPointExtension>
        </extensions>
      </trkpt>
      <trkpt lat="40.14854145236313343048095703125" lon="94.65879245661199092864990234375">
        <ele>1132.5999755859375</ele>
        <time>2025-08-11T23:03:56.000Z</time>
        <extensions>
          <ns3:TrackPointExtension>
            <ns3:hr>145</ns3:hr>
            <ns3:cad>88</ns3:cad>
          </ns3:TrackPointExtension>
        </extensions>
      </trkpt>
      <trkpt lat="40.14852116815745830535888671875" lon="94.6587732620537281036376953125">
        <ele>1132.5999755859375</ele>
        <time>2025-08-11T23:03:57.000Z</time>
        <extensions>
          <ns3:TrackPointExtension>
            <ns3:hr>146</ns3:hr>
            <ns3:cad>88</ns3:cad>
          </ns3:TrackPointExtension>
        </extensions>
      </trkpt>
      <trkpt lat="40.1485103555023670196533203125" lon="94.6587518043816089630126953125">
        <ele>1132.5999755859375</ele>
        <time>2025-08-11T23:03:58.000Z</time>
        <extensions>
          <ns3:TrackPointExtension>
            <ns3:hr>146</ns3:hr>
            <ns3:cad>88</ns3:cad>
          </ns3:TrackPointExtension>
        </extensions>
      </trkpt>
      <trkpt lat="40.148524940013885498046875" lon="94.6587548218667507171630859375">
        <ele>1132.5999755859375</ele>
        <time>2025-08-11T23:03:59.000Z</time>
        <extensions>
          <ns3:TrackPointExtension>
            <ns3:hr>146</ns3:hr>
            <ns3:cad>88</ns3:cad>
          </ns3:TrackPointExtension>
        </extensions>
      </trkpt>
      <trkpt lat="40.1485465653240680694580078125" lon="94.658769071102142333984375">
        <ele>1132.5999755859375</ele>
        <time>2025-08-11T23:04:00.000Z</time>
        <extensions>
          <ns3:TrackPointExtension>
            <ns3:hr>146</ns3:hr>
            <ns3:cad>88</ns3:cad>
          </ns3:TrackPointExtension>
        </extensions>
      </trkpt>
      <trkpt lat="40.14856408350169658660888671875" lon="94.658790193498134613037109375">
        <ele>1132.4000244140625</ele>
        <time>2025-08-11T23:04:01.000Z</time>
        <extensions>
          <ns3:TrackPointExtension>
            <ns3:hr>146</ns3:hr>
            <ns3:cad>88</ns3:cad>
          </ns3:TrackPointExtension>
        </extensions>
      </trkpt>
      <trkpt lat="40.14858269132673740386962890625" lon="94.6588061191141605377197265625">
        <ele>1132.4000244140625</ele>
        <time>2025-08-11T23:04:02.000Z</time>
        <extensions>
          <ns3:TrackPointExtension>
            <ns3:hr>145</ns3:hr>
            <ns3:cad>87</ns3:cad>
          </ns3:TrackPointExtension>
        </extensions>
      </trkpt>
      <trkpt lat="40.14860230498015880584716796875" lon="94.6588186919689178466796875">
        <ele>1132.199951171875</ele>
        <time>2025-08-11T23:04:03.000Z</time>
        <extensions>
          <ns3:TrackPointExtension>
            <ns3:hr>146</ns3:hr>
            <ns3:cad>85</ns3:cad>
          </ns3:TrackPointExtension>
        </extensions>
      </trkpt>
      <trkpt lat="40.14862024225294589996337890625" lon="94.65882338583469390869140625">
        <ele>1132.199951171875</ele>
        <time>2025-08-11T23:04:04.000Z</time>
        <extensions>
          <ns3:TrackPointExtension>
            <ns3:hr>146</ns3:hr>
            <ns3:cad>85</ns3:cad>
          </ns3:TrackPointExtension>
        </extensions>
      </trkpt>
      <trkpt lat="40.148637592792510986328125" lon="94.65882028453052043914794921875">
        <ele>1132</ele>
        <time>2025-08-11T23:04:05.000Z</time>
        <extensions>
          <ns3:TrackPointExtension>
            <ns3:hr>147</ns3:hr>
            <ns3:cad>84</ns3:cad>
          </ns3:TrackPointExtension>
        </extensions>
      </trkpt>
      <trkpt lat="40.14865075238049030303955078125" lon="94.6588101424276828765869140625">
        <ele>1132</ele>
        <time>2025-08-11T23:04:06.000Z</time>
        <extensions>
          <ns3:TrackPointExtension>
            <ns3:hr>147</ns3:hr>
            <ns3:cad>85</ns3:cad>
          </ns3:TrackPointExtension>
        </extensions>
      </trkpt>
      <trkpt lat="40.14865997247397899627685546875" lon="94.65878985822200775146484375">
        <ele>1132</ele>
        <time>2025-08-11T23:04:07.000Z</time>
        <extensions>
          <ns3:TrackPointExtension>
            <ns3:hr>149</ns3:hr>
            <ns3:cad>86</ns3:cad>
          </ns3:TrackPointExtension>
        </extensions>
      </trkpt>
      <trkpt lat="40.1486726291477680206298828125" lon="94.6587662212550640106201171875">
        <ele>1131.800048828125</ele>
        <time>2025-08-11T23:04:08.000Z</time>
        <extensions>
          <ns3:TrackPointExtension>
            <ns3:hr>149</ns3:hr>
            <ns3:cad>86</ns3:cad>
          </ns3:TrackPointExtension>
        </extensions>
      </trkpt>
      <trkpt lat="40.14868427999317646026611328125" lon="94.658747613430023193359375">
        <ele>1131.800048828125</ele>
        <time>2025-08-11T23:04:09.000Z</time>
        <extensions>
          <ns3:TrackPointExtension>
            <ns3:hr>149</ns3:hr>
            <ns3:cad>87</ns3:cad>
          </ns3:TrackPointExtension>
        </extensions>
      </trkpt>
      <trkpt lat="40.1486977748572826385498046875" lon="94.65872573666274547576904296875">
        <ele>1131.800048828125</ele>
        <time>2025-08-11T23:04:10.000Z</time>
        <extensions>
          <ns3:TrackPointExtension>
            <ns3:hr>149</ns3:hr>
            <ns3:cad>87</ns3:cad>
          </ns3:TrackPointExtension>
        </extensions>
      </trkpt>
      <trkpt lat="40.1487059891223907470703125" lon="94.65870193205773830413818359375">
        <ele>1132</ele>
        <time>2025-08-11T23:04:11.000Z</time>
        <extensions>
          <ns3:TrackPointExtension>
            <ns3:hr>150</ns3:hr>
            <ns3:cad>88</ns3:cad>
          </ns3:TrackPointExtension>
        </extensions>
      </trkpt>
      <trkpt lat="40.14872082509100437164306640625" lon="94.6586787141859531402587890625">
        <ele>1132.199951171875</ele>
        <time>2025-08-11T23:04:12.000Z</time>
        <extensions>
          <ns3:TrackPointExtension>
            <ns3:hr>150</ns3:hr>
            <ns3:cad>88</ns3:cad>
          </ns3:TrackPointExtension>
        </extensions>
      </trkpt>
      <trkpt lat="40.14873423613607883453369140625" lon="94.65865734033286571502685546875">
        <ele>1132.5999755859375</ele>
        <time>2025-08-11T23:04:13.000Z</time>
        <extensions>
          <ns3:TrackPointExtension>
            <ns3:hr>150</ns3:hr>
            <ns3:cad>88</ns3:cad>
          </ns3:TrackPointExtension>
        </extensions>
      </trkpt>
      <trkpt lat="40.14875468797981739044189453125" lon="94.6586331166326999664306640625">
        <ele>1132.800048828125</ele>
        <time>2025-08-11T23:04:14.000Z</time>
        <extensions>
          <ns3:TrackPointExtension>
            <ns3:hr>150</ns3:hr>
            <ns3:cad>88</ns3:cad>
          </ns3:TrackPointExtension>
        </extensions>
      </trkpt>
      <trkpt lat="40.148770697414875030517578125" lon="94.658609144389629364013671875">
        <ele>1133.199951171875</ele>
        <time>2025-08-11T23:04:15.000Z</time>
        <extensions>
          <ns3:TrackPointExtension>
            <ns3:hr>151</ns3:hr>
            <ns3:cad>89</ns3:cad>
          </ns3:TrackPointExtension>
        </extensions>
      </trkpt>
      <trkpt lat="40.1487872935831546783447265625" lon="94.65858190320432186126708984375">
        <ele>1133.4000244140625</ele>
        <time>2025-08-11T23:04:16.000Z</time>
        <extensions>
          <ns3:TrackPointExtension>
            <ns3:hr>151</ns3:hr>
            <ns3:cad>89</ns3:cad>
          </ns3:TrackPointExtension>
        </extensions>
      </trkpt>
      <trkpt lat="40.1488052308559417724609375" lon="94.6585613675415515899658203125">
        <ele>1133.4000244140625</ele>
        <time>2025-08-11T23:04:17.000Z</time>
        <extensions>
          <ns3:TrackPointExtension>
            <ns3:hr>151</ns3:hr>
            <ns3:cad>88</ns3:cad>
          </ns3:TrackPointExtension>
        </extensions>
      </trkpt>
      <trkpt lat="40.1488255150616168975830078125" lon="94.6585338748991489410400390625">
        <ele>1133.199951171875</ele>
        <time>2025-08-11T23:04:18.000Z</time>
        <extensions>
          <ns3:TrackPointExtension>
            <ns3:hr>151</ns3:hr>
            <ns3:cad>88</ns3:cad>
          </ns3:TrackPointExtension>
        </extensions>
      </trkpt>
      <trkpt lat="40.1488365791738033294677734375" lon="94.65850998647511005401611328125">
        <ele>1132.800048828125</ele>
        <time>2025-08-11T23:04:19.000Z</time>
        <extensions>
          <ns3:TrackPointExtension>
            <ns3:hr>152</ns3:hr>
            <ns3:cad>88</ns3:cad>
          </ns3:TrackPointExtension>
        </extensions>
      </trkpt>
      <trkpt lat="40.14885677956044673919677734375" lon="94.6584809012711048126220703125">
        <ele>1132.5999755859375</ele>
        <time>2025-08-11T23:04:20.000Z</time>
        <extensions>
          <ns3:TrackPointExtension>
            <ns3:hr>153</ns3:hr>
            <ns3:cad>88</ns3:cad>
          </ns3:TrackPointExtension>
        </extensions>
      </trkpt>
      <trkpt lat="40.14886884950101375579833984375" lon="94.6584592759609222412109375">
        <ele>1132.4000244140625</ele>
        <time>2025-08-11T23:04:21.000Z</time>
        <extensions>
          <ns3:TrackPointExtension>
            <ns3:hr>153</ns3:hr>
            <ns3:cad>89</ns3:cad>
          </ns3:TrackPointExtension>
        </extensions>
      </trkpt>
      <trkpt lat="40.1488932408392429351806640625" lon="94.65843404643237590789794921875">
        <ele>1132.199951171875</ele>
        <time>2025-08-11T23:04:22.000Z</time>
        <extensions>
          <ns3:TrackPointExtension>
            <ns3:hr>153</ns3:hr>
            <ns3:cad>89</ns3:cad>
          </ns3:TrackPointExtension>
        </extensions>
      </trkpt>
      <trkpt lat="40.14890153892338275909423828125" lon="94.65841225348412990570068359375">
        <ele>1132.4000244140625</ele>
        <time>2025-08-11T23:04:23.000Z</time>
        <extensions>
          <ns3:TrackPointExtension>
            <ns3:hr>153</ns3:hr>
            <ns3:cad>89</ns3:cad>
          </ns3:TrackPointExtension>
        </extensions>
      </trkpt>
      <trkpt lat="40.14889768324792385101318359375" lon="94.658372439444065093994140625">
        <ele>1132.4000244140625</ele>
        <time>2025-08-11T23:04:24.000Z</time>
        <extensions>
          <ns3:TrackPointExtension>
            <ns3:hr>153</ns3:hr>
            <ns3:cad>89</ns3:cad>
          </ns3:TrackPointExtension>
        </extensions>
      </trkpt>
      <trkpt lat="40.14888963662087917327880859375" lon="94.65834058821201324462890625">
        <ele>1132.4000244140625</ele>
        <time>2025-08-11T23:04:25.000Z</time>
        <extensions>
          <ns3:TrackPointExtension>
            <ns3:hr>153</ns3:hr>
            <ns3:cad>89</ns3:cad>
          </ns3:TrackPointExtension>
        </extensions>
      </trkpt>
      <trkpt lat="40.1488794945180416107177734375" lon="94.65830580331385135650634765625">
        <ele>1132.4000244140625</ele>
        <time>2025-08-11T23:04:26.000Z</time>
        <extensions>
          <ns3:TrackPointExtension>
            <ns3:hr>152</ns3:hr>
            <ns3:cad>89</ns3:cad>
          </ns3:TrackPointExtension>
        </extensions>
      </trkpt>
      <trkpt lat="40.1488758064806461334228515625" lon="94.65827059932053089141845703125">
        <ele>1132.4000244140625</ele>
        <time>2025-08-11T23:04:27.000Z</time>
        <extensions>
          <ns3:TrackPointExtension>
            <ns3:hr>153</ns3:hr>
            <ns3:cad>89</ns3:cad>
          </ns3:TrackPointExtension>
        </extensions>
      </trkpt>
      <trkpt lat="40.14887404628098011016845703125" lon="94.65823841281235218048095703125">
        <ele>1132.4000244140625</ele>
        <time>2025-08-11T23:04:28.000Z</time>
        <extensions>
          <ns3:TrackPointExtension>
            <ns3:hr>153</ns3:hr>
            <ns3:cad>87</ns3:cad>
          </ns3:TrackPointExtension>
        </extensions>
      </trkpt>
      <trkpt lat="40.1488771475851535797119140625" lon="94.65820387937128543853759765625">
        <ele>1132.4000244140625</ele>
        <time>2025-08-11T23:04:29.000Z</time>
        <extensions>
          <ns3:TrackPointExtension>
            <ns3:hr>153</ns3:hr>
            <ns3:cad>87</ns3:cad>
          </ns3:TrackPointExtension>
        </extensions>
      </trkpt>
      <trkpt lat="40.14887622557580471038818359375" lon="94.658172614872455596923828125">
        <ele>1132.4000244140625</ele>
        <time>2025-08-11T23:04:30.000Z</time>
        <extensions>
          <ns3:TrackPointExtension>
            <ns3:hr>153</ns3:hr>
            <ns3:cad>87</ns3:cad>
          </ns3:TrackPointExtension>
        </extensions>
      </trkpt>
      <trkpt lat="40.14887295663356781005859375" lon="94.6581359021365642547607421875">
        <ele>1132.4000244140625</ele>
        <time>2025-08-11T23:04:31.000Z</time>
        <extensions>
          <ns3:TrackPointExtension>
            <ns3:hr>153</ns3:hr>
            <ns3:cad>87</ns3:cad>
          </ns3:TrackPointExtension>
        </extensions>
      </trkpt>
      <trkpt lat="40.14886549673974514007568359375" lon="94.65810765512287616729736328125">
        <ele>1132.4000244140625</ele>
        <time>2025-08-11T23:04:32.000Z</time>
        <extensions>
          <ns3:TrackPointExtension>
            <ns3:hr>154</ns3:hr>
            <ns3:cad>87</ns3:cad>
          </ns3:TrackPointExtension>
        </extensions>
      </trkpt>
      <trkpt lat="40.14885661192238330841064453125" lon="94.65807111002504825592041015625">
        <ele>1132.4000244140625</ele>
        <time>2025-08-11T23:04:33.000Z</time>
        <extensions>
          <ns3:TrackPointExtension>
            <ns3:hr>153</ns3:hr>
            <ns3:cad>87</ns3:cad>
          </ns3:TrackPointExtension>
        </extensions>
      </trkpt>
      <trkpt lat="40.1488426141440868377685546875" lon="94.65805266983807086944580078125">
        <ele>1132.4000244140625</ele>
        <time>2025-08-11T23:04:34.000Z</time>
        <extensions>
          <ns3:TrackPointExtension>
            <ns3:hr>153</ns3:hr>
            <ns3:cad>88</ns3:cad>
          </ns3:TrackPointExtension>
        </extensions>
      </trkpt>
      <trkpt lat="40.14881688170135021209716796875" lon="94.65802140533924102783203125">
        <ele>1132.199951171875</ele>
        <time>2025-08-11T23:04:35.000Z</time>
        <extensions>
          <ns3:TrackPointExtension>
            <ns3:hr>154</ns3:hr>
            <ns3:cad>88</ns3:cad>
          </ns3:TrackPointExtension>
        </extensions>
      </trkpt>
      <trkpt lat="40.14879525639116764068603515625" lon="94.65800740756094455718994140625">
        <ele>1132.199951171875</ele>
        <time>2025-08-11T23:04:36.000Z</time>
        <extensions>
          <ns3:TrackPointExtension>
            <ns3:hr>154</ns3:hr>
            <ns3:cad>88</ns3:cad>
          </ns3:TrackPointExtension>
        </extensions>
      </trkpt>
      <trkpt lat="40.14877262525260448455810546875" lon="94.65798209421336650848388671875">
        <ele>1132.4000244140625</ele>
        <time>2025-08-11T23:04:37.000Z</time>
        <extensions>
          <ns3:TrackPointExtension>
            <ns3:hr>154</ns3:hr>
            <ns3:cad>88</ns3:cad>
          </ns3:TrackPointExtension>
        </extensions>
      </trkpt>
      <trkpt lat="40.14875493943691253662109375" lon="94.65795778669416904449462890625">
        <ele>1132.4000244140625</ele>
        <time>2025-08-11T23:04:38.000Z</time>
        <extensions>
          <ns3:TrackPointExtension>
            <ns3:hr>154</ns3:hr>
            <ns3:cad>88</ns3:cad>
          </ns3:TrackPointExtension>
        </extensions>
      </trkpt>
      <trkpt lat="40.14873976819217205047607421875" lon="94.65793616138398647308349609375">
        <ele>1132.199951171875</ele>
        <time>2025-08-11T23:04:39.000Z</time>
        <extensions>
          <ns3:TrackPointExtension>
            <ns3:hr>154</ns3:hr>
            <ns3:cad>88</ns3:cad>
          </ns3:TrackPointExtension>
        </extensions>
      </trkpt>
      <trkpt lat="40.14872736297547817230224609375" lon="94.65791487134993076324462890625">
        <ele>1132.199951171875</ele>
        <time>2025-08-11T23:04:40.000Z</time>
        <extensions>
          <ns3:TrackPointExtension>
            <ns3:hr>154</ns3:hr>
            <ns3:cad>88</ns3:cad>
          </ns3:TrackPointExtension>
        </extensions>
      </trkpt>
      <trkpt lat="40.14872048981487751007080078125" lon="94.65790229849517345428466796875">
        <ele>1132.199951171875</ele>
        <time>2025-08-11T23:04:41.000Z</time>
        <extensions>
          <ns3:TrackPointExtension>
            <ns3:hr>154</ns3:hr>
            <ns3:cad>87</ns3:cad>
          </ns3:TrackPointExtension>
        </extensions>
      </trkpt>
      <trkpt lat="40.1487162150442600250244140625" lon="94.65789274312555789947509765625">
        <ele>1132.199951171875</ele>
        <time>2025-08-11T23:04:42.000Z</time>
        <extensions>
          <ns3:TrackPointExtension>
            <ns3:hr>154</ns3:hr>
            <ns3:cad>87</ns3:cad>
          </ns3:TrackPointExtension>
        </extensions>
      </trkpt>
      <trkpt lat="40.14871629886329174041748046875" lon="94.65788234956562519073486328125">
        <ele>1132.199951171875</ele>
        <time>2025-08-11T23:04:43.000Z</time>
        <extensions>
          <ns3:TrackPointExtension>
            <ns3:hr>154</ns3:hr>
            <ns3:cad>87</ns3:cad>
          </ns3:TrackPointExtension>
        </extensions>
      </trkpt>
      <trkpt lat="40.148716382682323455810546875" lon="94.65787212364375591278076171875">
        <ele>1132</ele>
        <time>2025-08-11T23:04:44.000Z</time>
        <extensions>
          <ns3:TrackPointExtension>
            <ns3:hr>154</ns3:hr>
            <ns3:cad>0</ns3:cad>
          </ns3:TrackPointExtension>
        </extensions>
      </trkpt>
      <trkpt lat="40.14871696941554546356201171875" lon="94.65785955078899860382080078125">
        <ele>1132</ele>
        <time>2025-08-11T23:04:45.000Z</time>
        <extensions>
          <ns3:TrackPointExtension>
            <ns3:hr>154</ns3:hr>
            <ns3:cad>0</ns3:cad>
          </ns3:TrackPointExtension>
        </extensions>
      </trkpt>
      <trkpt lat="40.14871797524392604827880859375" lon="94.65784748084843158721923828125">
        <ele>1132</ele>
        <time>2025-08-11T23:04:46.000Z</time>
        <extensions>
          <ns3:TrackPointExtension>
            <ns3:hr>154</ns3:hr>
            <ns3:cad>0</ns3:cad>
          </ns3:TrackPointExtension>
        </extensions>
      </trkpt>
      <trkpt lat="40.14871831052005290985107421875" lon="94.65783507563173770904541015625">
        <ele>1131.800048828125</ele>
        <time>2025-08-11T23:04:47.000Z</time>
        <extensions>
          <ns3:TrackPointExtension>
            <ns3:hr>154</ns3:hr>
            <ns3:cad>0</ns3:cad>
          </ns3:TrackPointExtension>
        </extensions>
      </trkpt>
      <trkpt lat="40.14871898107230663299560546875" lon="94.65782225131988525390625">
        <ele>1132</ele>
        <time>2025-08-11T23:04:48.000Z</time>
        <extensions>
          <ns3:TrackPointExtension>
            <ns3:hr>154</ns3:hr>
            <ns3:cad>0</ns3:cad>
          </ns3:TrackPointExtension>
        </extensions>
      </trkpt>
      <trkpt lat="40.1487182267010211944580078125" lon="94.6578076668083667755126953125">
        <ele>1132</ele>
        <time>2025-08-11T23:04:49.000Z</time>
        <extensions>
          <ns3:TrackPointExtension>
            <ns3:hr>155</ns3:hr>
            <ns3:cad>0</ns3:cad>
          </ns3:TrackPointExtension>
        </extensions>
      </trkpt>
      <trkpt lat="40.14871814288198947906494140625" lon="94.65779333375394344329833984375">
        <ele>1132</ele>
        <time>2025-08-11T23:04:50.000Z</time>
        <extensions>
          <ns3:TrackPointExtension>
            <ns3:hr>157</ns3:hr>
            <ns3:cad>0</ns3:cad>
          </ns3:TrackPointExtension>
        </extensions>
      </trkpt>
      <trkpt lat="40.14871738851070404052734375" lon="94.657779671251773834228515625">
        <ele>1132</ele>
        <time>2025-08-11T23:04:51.000Z</time>
        <extensions>
          <ns3:TrackPointExtension>
            <ns3:hr>158</ns3:hr>
            <ns3:cad>0</ns3:cad>
          </ns3:TrackPointExtension>
        </extensions>
      </trkpt>
      <trkpt lat="40.14871713705360889434814453125" lon="94.65776550583541393280029296875">
        <ele>1132</ele>
        <time>2025-08-11T23:04:52.000Z</time>
        <extensions>
          <ns3:TrackPointExtension>
            <ns3:hr>158</ns3:hr>
            <ns3:cad>59</ns3:cad>
          </ns3:TrackPointExtension>
        </extensions>
      </trkpt>
      <trkpt lat="40.14871730469167232513427734375" lon="94.65775293298065662384033203125">
        <ele>1131.800048828125</ele>
        <time>2025-08-11T23:04:53.000Z</time>
        <extensions>
          <ns3:TrackPointExtension>
            <ns3:hr>158</ns3:hr>
            <ns3:cad>59</ns3:cad>
          </ns3:TrackPointExtension>
        </extensions>
      </trkpt>
      <trkpt lat="40.14871738851070404052734375" lon="94.65773818083107471466064453125">
        <ele>1131.800048828125</ele>
        <time>2025-08-11T23:04:54.000Z</time>
        <extensions>
          <ns3:TrackPointExtension>
            <ns3:hr>158</ns3:hr>
            <ns3:cad>60</ns3:cad>
          </ns3:TrackPointExtension>
        </extensions>
      </trkpt>
      <trkpt lat="40.1487168855965137481689453125" lon="94.6577218361198902130126953125">
        <ele>1131.800048828125</ele>
        <time>2025-08-11T23:04:55.000Z</time>
        <extensions>
          <ns3:TrackPointExtension>
            <ns3:hr>158</ns3:hr>
            <ns3:cad>0</ns3:cad>
          </ns3:TrackPointExtension>
        </extensions>
      </trkpt>
      <trkpt lat="40.14871562831103801727294921875" lon="94.65770230628550052642822265625">
        <ele>1132</ele>
        <time>2025-08-11T23:04:56.000Z</time>
        <extensions>
          <ns3:TrackPointExtension>
            <ns3:hr>158</ns3:hr>
            <ns3:cad>0</ns3:cad>
          </ns3:TrackPointExtension>
        </extensions>
      </trkpt>
      <trkpt lat="40.14871395193040370941162109375" lon="94.65768403373658657073974609375">
        <ele>1132</ele>
        <time>2025-08-11T23:04:57.000Z</time>
        <extensions>
          <ns3:TrackPointExtension>
            <ns3:hr>158</ns3:hr>
            <ns3:cad>0</ns3:cad>
          </ns3:TrackPointExtension>
        </extensions>
      </trkpt>
      <trkpt lat="40.14871428720653057098388671875" lon="94.6576671861112117767333984375">
        <ele>1132.199951171875</ele>
        <time>2025-08-11T23:04:58.000Z</time>
        <extensions>
          <ns3:TrackPointExtension>
            <ns3:hr>158</ns3:hr>
            <ns3:cad>0</ns3:cad>
          </ns3:TrackPointExtension>
        </extensions>
      </trkpt>
      <trkpt lat="40.14871378429234027862548828125" lon="94.6576492488384246826171875">
        <ele>1132.199951171875</ele>
        <time>2025-08-11T23:04:59.000Z</time>
        <extensions>
          <ns3:TrackPointExtension>
            <ns3:hr>158</ns3:hr>
            <ns3:cad>0</ns3:cad>
          </ns3:TrackPointExtension>
        </extensions>
      </trkpt>
      <trkpt lat="40.1487121917307376861572265625" lon="94.6576344966888427734375">
        <ele>1132.4000244140625</ele>
        <time>2025-08-11T23:05:00.000Z</time>
        <extensions>
          <ns3:TrackPointExtension>
            <ns3:hr>157</ns3:hr>
            <ns3:cad>0</ns3:cad>
          </ns3:TrackPointExtension>
        </extensions>
      </trkpt>
      <trkpt lat="40.14870875515043735504150390625" lon="94.65762552805244922637939453125">
        <ele>1132.199951171875</ele>
        <time>2025-08-11T23:05:01.000Z</time>
        <extensions>
          <ns3:TrackPointExtension>
            <ns3:hr>158</ns3:hr>
            <ns3:cad>0</ns3:cad>
          </ns3:TrackPointExtension>
        </extensions>
      </trkpt>
      <trkpt lat="40.148702301084995269775390625" lon="94.6576182357966899871826171875">
        <ele>1132.199951171875</ele>
        <time>2025-08-11T23:05:02.000Z</time>
        <extensions>
          <ns3:TrackPointExtension>
            <ns3:hr>158</ns3:hr>
            <ns3:cad>0</ns3:cad>
          </ns3:TrackPointExtension>
        </extensions>
      </trkpt>
      <trkpt lat="40.1486957632005214691162109375" lon="94.65760725550353527069091796875">
        <ele>1132</ele>
        <time>2025-08-11T23:05:03.000Z</time>
        <extensions>
          <ns3:TrackPointExtension>
            <ns3:hr>157</ns3:hr>
            <ns3:cad>0</ns3:cad>
          </ns3:TrackPointExtension>
        </extensions>
      </trkpt>
      <trkpt lat="40.148686207830905914306640625" lon="94.65759686194360256195068359375">
        <ele>1132</ele>
        <time>2025-08-11T23:05:04.000Z</time>
        <extensions>
          <ns3:TrackPointExtension>
            <ns3:hr>157</ns3:hr>
            <ns3:cad>0</ns3:cad>
          </ns3:TrackPointExtension>
        </extensions>
      </trkpt>
      <trkpt lat="40.14867824502289295196533203125" lon="94.65759803541004657745361328125">
        <ele>1131.800048828125</ele>
        <time>2025-08-11T23:05:05.000Z</time>
        <extensions>
          <ns3:TrackPointExtension>
            <ns3:hr>157</ns3:hr>
            <ns3:cad>0</ns3:cad>
          </ns3:TrackPointExtension>
        </extensions>
      </trkpt>
      <trkpt lat="40.14866634272038936614990234375" lon="94.6575883962213993072509765625">
        <ele>1131.5999755859375</ele>
        <time>2025-08-11T23:05:06.000Z</time>
        <extensions>
          <ns3:TrackPointExtension>
            <ns3:hr>157</ns3:hr>
            <ns3:cad>0</ns3:cad>
          </ns3:TrackPointExtension>
        </extensions>
      </trkpt>
      <trkpt lat="40.14865829609334468841552734375" lon="94.65758143924176692962646484375">
        <ele>1131.5999755859375</ele>
        <time>2025-08-11T23:05:07.000Z</time>
        <extensions>
          <ns3:TrackPointExtension>
            <ns3:hr>158</ns3:hr>
            <ns3:cad>0</ns3:cad>
          </ns3:TrackPointExtension>
        </extensions>
      </trkpt>
      <trkpt lat="40.148653686046600341796875" lon="94.65757037512958049774169921875">
        <ele>1131.5999755859375</ele>
        <time>2025-08-11T23:05:08.000Z</time>
        <extensions>
          <ns3:TrackPointExtension>
            <ns3:hr>157</ns3:hr>
            <ns3:cad>0</ns3:cad>
          </ns3:TrackPointExtension>
        </extensions>
      </trkpt>
      <trkpt lat="40.1486501656472682952880859375" lon="94.6575659327208995819091796875">
        <ele>1131.5999755859375</ele>
        <time>2025-08-11T23:05:09.000Z</time>
        <extensions>
          <ns3:TrackPointExtension>
            <ns3:hr>157</ns3:hr>
            <ns3:cad>0</ns3:cad>
          </ns3:TrackPointExtension>
        </extensions>
      </trkpt>
      <trkpt lat="40.1486501656472682952880859375" lon="94.65756601653993129730224609375">
        <ele>1131.5999755859375</ele>
        <time>2025-08-11T23:05:10.000Z</time>
        <extensions>
          <ns3:TrackPointExtension>
            <ns3:hr>156</ns3:hr>
            <ns3:cad>0</ns3:cad>
          </ns3:TrackPointExtension>
        </extensions>
      </trkpt>
      <trkpt lat="40.1486501656472682952880859375" lon="94.65756601653993129730224609375">
        <ele>1131.5999755859375</ele>
        <time>2025-08-11T23:05:11.000Z</time>
        <extensions>
          <ns3:TrackPointExtension>
            <ns3:hr>156</ns3:hr>
            <ns3:cad>0</ns3:cad>
          </ns3:TrackPointExtension>
        </extensions>
      </trkpt>
      <trkpt lat="40.1486501656472682952880859375" lon="94.65756601653993129730224609375">
        <ele>1131.5999755859375</ele>
        <time>2025-08-11T23:05:12.000Z</time>
        <extensions>
          <ns3:TrackPointExtension>
            <ns3:hr>156</ns3:hr>
            <ns3:cad>0</ns3:cad>
          </ns3:TrackPointExtension>
        </extensions>
      </trkpt>
      <trkpt lat="40.14865024946630001068115234375" lon="94.65756635181605815887451171875">
        <ele>1131.800048828125</ele>
        <time>2025-08-11T23:05:13.000Z</time>
        <extensions>
          <ns3:TrackPointExtension>
            <ns3:hr>155</ns3:hr>
            <ns3:cad>0</ns3:cad>
          </ns3:TrackPointExtension>
        </extensions>
      </trkpt>
      <trkpt lat="40.1486421190202236175537109375" lon="94.657567441463470458984375">
        <ele>1131.800048828125</ele>
        <time>2025-08-11T23:05:14.000Z</time>
        <extensions>
          <ns3:TrackPointExtension>
            <ns3:hr>155</ns3:hr>
            <ns3:cad>0</ns3:cad>
          </ns3:TrackPointExtension>
        </extensions>
      </trkpt>
      <trkpt lat="40.14863289892673492431640625" lon="94.65756769292056560516357421875">
        <ele>1131.800048828125</ele>
        <time>2025-08-11T23:05:15.000Z</time>
        <extensions>
          <ns3:TrackPointExtension>
            <ns3:hr>151</ns3:hr>
            <ns3:cad>0</ns3:cad>
          </ns3:TrackPointExtension>
        </extensions>
      </trkpt>
      <trkpt lat="40.14862309210002422332763671875" lon="94.65756677091121673583984375">
        <ele>1131.800048828125</ele>
        <time>2025-08-11T23:05:16.000Z</time>
        <extensions>
          <ns3:TrackPointExtension>
            <ns3:hr>149</ns3:hr>
            <ns3:cad>0</ns3:cad>
          </ns3:TrackPointExtension>
        </extensions>
      </trkpt>
      <trkpt lat="40.14861018396914005279541015625" lon="94.65756618417799472808837890625">
        <ele>1131.800048828125</ele>
        <time>2025-08-11T23:05:17.000Z</time>
        <extensions>
          <ns3:TrackPointExtension>
            <ns3:hr>147</ns3:hr>
            <ns3:cad>0</ns3:cad>
          </ns3:TrackPointExtension>
        </extensions>
      </trkpt>
      <trkpt lat="40.14859861694276332855224609375" lon="94.65756484307348728179931640625">
        <ele>1131.800048828125</ele>
        <time>2025-08-11T23:05:18.000Z</time>
        <extensions>
          <ns3:TrackPointExtension>
            <ns3:hr>146</ns3:hr>
            <ns3:cad>0</ns3:cad>
          </ns3:TrackPointExtension>
        </extensions>
      </trkpt>
      <trkpt lat="40.14858596026897430419921875" lon="94.6575622446835041046142578125">
        <ele>1131.800048828125</ele>
        <time>2025-08-11T23:05:19.000Z</time>
        <extensions>
          <ns3:TrackPointExtension>
            <ns3:hr>146</ns3:hr>
            <ns3:cad>0</ns3:cad>
          </ns3:TrackPointExtension>
        </extensions>
      </trkpt>
      <trkpt lat="40.14857481233775615692138671875" lon="94.65756115503609180450439453125">
        <ele>1131.800048828125</ele>
        <time>2025-08-11T23:05:20.000Z</time>
        <extensions>
          <ns3:TrackPointExtension>
            <ns3:hr>146</ns3:hr>
            <ns3:cad>54</ns3:cad>
          </ns3:TrackPointExtension>
        </extensions>
      </trkpt>
      <trkpt lat="40.14856182038784027099609375" lon="94.65756031684577465057373046875">
        <ele>1131.800048828125</ele>
        <time>2025-08-11T23:05:21.000Z</time>
        <extensions>
          <ns3:TrackPointExtension>
            <ns3:hr>146</ns3:hr>
            <ns3:cad>56</ns3:cad>
          </ns3:TrackPointExtension>
        </extensions>
      </trkpt>
      <trkpt lat="40.148548074066638946533203125" lon="94.657559730112552642822265625">
        <ele>1131.800048828125</ele>
        <time>2025-08-11T23:05:22.000Z</time>
        <extensions>
          <ns3:TrackPointExtension>
            <ns3:hr>146</ns3:hr>
            <ns3:cad>56</ns3:cad>
          </ns3:TrackPointExtension>
        </extensions>
      </trkpt>
      <trkpt lat="40.14853441156446933746337890625" lon="94.6575592271983623504638671875">
        <ele>1131.800048828125</ele>
        <time>2025-08-11T23:05:23.000Z</time>
        <extensions>
          <ns3:TrackPointExtension>
            <ns3:hr>145</ns3:hr>
            <ns3:cad>0</ns3:cad>
          </ns3:TrackPointExtension>
        </extensions>
      </trkpt>
      <trkpt lat="40.14852150343358516693115234375" lon="94.65755729936063289642333984375">
        <ele>1131.800048828125</ele>
        <time>2025-08-11T23:05:24.000Z</time>
        <extensions>
          <ns3:TrackPointExtension>
            <ns3:hr>145</ns3:hr>
            <ns3:cad>0</ns3:cad>
          </ns3:TrackPointExtension>
        </extensions>
      </trkpt>
      <trkpt lat="40.1485116966068744659423828125" lon="94.657556377351284027099609375">
        <ele>1131.800048828125</ele>
        <time>2025-08-11T23:05:25.000Z</time>
        <extensions>
          <ns3:TrackPointExtension>
            <ns3:hr>144</ns3:hr>
            <ns3:cad>0</ns3:cad>
          </ns3:TrackPointExtension>
        </extensions>
      </trkpt>
      <trkpt lat="40.14850306324660778045654296875" lon="94.65755612589418888092041015625">
        <ele>1132</ele>
        <time>2025-08-11T23:05:26.000Z</time>
        <extensions>
          <ns3:TrackPointExtension>
            <ns3:hr>143</ns3:hr>
            <ns3:cad>0</ns3:cad>
          </ns3:TrackPointExtension>
        </extensions>
      </trkpt>
      <trkpt lat="40.1484945975244045257568359375" lon="94.65755612589418888092041015625">
        <ele>1132</ele>
        <time>2025-08-11T23:05:27.000Z</time>
        <extensions>
          <ns3:TrackPointExtension>
            <ns3:hr>142</ns3:hr>
            <ns3:cad>57</ns3:cad>
          </ns3:TrackPointExtension>
        </extensions>
      </trkpt>
      <trkpt lat="40.148483701050281524658203125" lon="94.657556377351284027099609375">
        <ele>1132</ele>
        <time>2025-08-11T23:05:28.000Z</time>
        <extensions>
          <ns3:TrackPointExtension>
            <ns3:hr>141</ns3:hr>
            <ns3:cad>57</ns3:cad>
          </ns3:TrackPointExtension>
        </extensions>
      </trkpt>
      <trkpt lat="40.1484748162329196929931640625" lon="94.65755713172256946563720703125">
        <ele>1132</ele>
        <time>2025-08-11T23:05:29.000Z</time>
        <extensions>
          <ns3:TrackPointExtension>
            <ns3:hr>141</ns3:hr>
            <ns3:cad>55</ns3:cad>
          </ns3:TrackPointExtension>
        </extensions>
      </trkpt>
      <trkpt lat="40.1484657637774944305419921875" lon="94.65755696408450603485107421875">
        <ele>1132</ele>
        <time>2025-08-11T23:05:30.000Z</time>
        <extensions>
          <ns3:TrackPointExtension>
            <ns3:hr>140</ns3:hr>
            <ns3:cad>55</ns3:cad>
          </ns3:TrackPointExtension>
        </extensions>
      </trkpt>
      <trkpt lat="40.14845662750303745269775390625" lon="94.65755738317966461181640625">
        <ele>1132</ele>
        <time>2025-08-11T23:05:31.000Z</time>
        <extensions>
          <ns3:TrackPointExtension>
            <ns3:hr>140</ns3:hr>
            <ns3:cad>53</ns3:cad>
          </ns3:TrackPointExtension>
        </extensions>
      </trkpt>
      <trkpt lat="40.14844807796180248260498046875" lon="94.65755612589418888092041015625">
        <ele>1132.199951171875</ele>
        <time>2025-08-11T23:05:32.000Z</time>
        <extensions>
          <ns3:TrackPointExtension>
            <ns3:hr>141</ns3:hr>
            <ns3:cad>53</ns3:cad>
          </ns3:TrackPointExtension>
        </extensions>
      </trkpt>
      <trkpt lat="40.14843986369669437408447265625" lon="94.6575548686087131500244140625">
        <ele>1132.199951171875</ele>
        <time>2025-08-11T23:05:33.000Z</time>
        <extensions>
          <ns3:TrackPointExtension>
            <ns3:hr>140</ns3:hr>
            <ns3:cad>53</ns3:cad>
          </ns3:TrackPointExtension>
        </extensions>
      </trkpt>
      <trkpt lat="40.14843064360320568084716796875" lon="94.6575552038848400115966796875">
        <ele>1132.199951171875</ele>
        <time>2025-08-11T23:05:34.000Z</time>
        <extensions>
          <ns3:TrackPointExtension>
            <ns3:hr>140</ns3:hr>
            <ns3:cad>55</ns3:cad>
          </ns3:TrackPointExtension>
        </extensions>
      </trkpt>
      <trkpt lat="40.1484205015003681182861328125" lon="94.65755470097064971923828125">
        <ele>1132.199951171875</ele>
        <time>2025-08-11T23:05:35.000Z</time>
        <extensions>
          <ns3:TrackPointExtension>
            <ns3:hr>140</ns3:hr>
            <ns3:cad>55</ns3:cad>
          </ns3:TrackPointExtension>
        </extensions>
      </trkpt>
      <trkpt lat="40.1484114490449428558349609375" lon="94.6575531922280788421630859375">
        <ele>1132.4000244140625</ele>
        <time>2025-08-11T23:05:36.000Z</time>
        <extensions>
          <ns3:TrackPointExtension>
            <ns3:hr>140</ns3:hr>
            <ns3:cad>55</ns3:cad>
          </ns3:TrackPointExtension>
        </extensions>
      </trkpt>
      <trkpt lat="40.148402564227581024169921875" lon="94.65755260549485683441162109375">
        <ele>1132.4000244140625</ele>
        <time>2025-08-11T23:05:37.000Z</time>
        <extensions>
          <ns3:TrackPointExtension>
            <ns3:hr>140</ns3:hr>
            <ns3:cad>55</ns3:cad>
          </ns3:TrackPointExtension>
        </extensions>
      </trkpt>
      <trkpt lat="40.14839351177215576171875" lon="94.6575518511235713958740234375">
        <ele>1132.4000244140625</ele>
        <time>2025-08-11T23:05:38.000Z</time>
        <extensions>
          <ns3:TrackPointExtension>
            <ns3:hr>139</ns3:hr>
            <ns3:cad>55</ns3:cad>
          </ns3:TrackPointExtension>
        </extensions>
      </trkpt>
      <trkpt lat="40.14838521368801593780517578125" lon="94.6575511805713176727294921875">
        <ele>1132.199951171875</ele>
        <time>2025-08-11T23:05:39.000Z</time>
        <extensions>
          <ns3:TrackPointExtension>
            <ns3:hr>138</ns3:hr>
            <ns3:cad>55</ns3:cad>
          </ns3:TrackPointExtension>
        </extensions>
      </trkpt>
      <trkpt lat="40.1483769156038761138916015625" lon="94.65755009092390537261962890625">
        <ele>1132.199951171875</ele>
        <time>2025-08-11T23:05:40.000Z</time>
        <extensions>
          <ns3:TrackPointExtension>
            <ns3:hr>138</ns3:hr>
            <ns3:cad>55</ns3:cad>
          </ns3:TrackPointExtension>
        </extensions>
      </trkpt>
      <trkpt lat="40.14836912043392658233642578125" lon="94.657548330724239349365234375">
        <ele>1132.199951171875</ele>
        <time>2025-08-11T23:05:41.000Z</time>
        <extensions>
          <ns3:TrackPointExtension>
            <ns3:hr>137</ns3:hr>
            <ns3:cad>52</ns3:cad>
          </ns3:TrackPointExtension>
        </extensions>
      </trkpt>
      <trkpt lat="40.1483604870736598968505859375" lon="94.6575461514294147491455078125">
        <ele>1132</ele>
        <time>2025-08-11T23:05:42.000Z</time>
        <extensions>
          <ns3:TrackPointExtension>
            <ns3:hr>136</ns3:hr>
            <ns3:cad>52</ns3:cad>
          </ns3:TrackPointExtension>
        </extensions>
      </trkpt>
      <trkpt lat="40.14834900386631488800048828125" lon="94.65754388831555843353271484375">
        <ele>1132</ele>
        <time>2025-08-11T23:05:43.000Z</time>
        <extensions>
          <ns3:TrackPointExtension>
            <ns3:hr>136</ns3:hr>
            <ns3:cad>53</ns3:cad>
          </ns3:TrackPointExtension>
        </extensions>
      </trkpt>
      <trkpt lat="40.1483363471925258636474609375" lon="94.65754237957298755645751953125">
        <ele>1132.199951171875</ele>
        <time>2025-08-11T23:05:44.000Z</time>
        <extensions>
          <ns3:TrackPointExtension>
            <ns3:hr>136</ns3:hr>
            <ns3:cad>55</ns3:cad>
          </ns3:TrackPointExtension>
        </extensions>
      </trkpt>
      <trkpt lat="40.14832503162324428558349609375" lon="94.65754003264009952545166015625">
        <ele>1132.199951171875</ele>
        <time>2025-08-11T23:05:45.000Z</time>
        <extensions>
          <ns3:TrackPointExtension>
            <ns3:hr>136</ns3:hr>
            <ns3:cad>55</ns3:cad>
          </ns3:TrackPointExtension>
        </extensions>
      </trkpt>
      <trkpt lat="40.148316062986850738525390625" lon="94.65753835625946521759033203125">
        <ele>1132.199951171875</ele>
        <time>2025-08-11T23:05:46.000Z</time>
        <extensions>
          <ns3:TrackPointExtension>
            <ns3:hr>136</ns3:hr>
            <ns3:cad>56</ns3:cad>
          </ns3:TrackPointExtension>
        </extensions>
      </trkpt>
      <trkpt lat="40.14830701053142547607421875" lon="94.6575381048023700714111328125">
        <ele>1132.199951171875</ele>
        <time>2025-08-11T23:05:47.000Z</time>
        <extensions>
          <ns3:TrackPointExtension>
            <ns3:hr>136</ns3:hr>
            <ns3:cad>56</ns3:cad>
          </ns3:TrackPointExtension>
        </extensions>
      </trkpt>
      <trkpt lat="40.1482964493334293365478515625" lon="94.65753751806914806365966796875">
        <ele>1132.199951171875</ele>
        <time>2025-08-11T23:05:48.000Z</time>
        <extensions>
          <ns3:TrackPointExtension>
            <ns3:hr>135</ns3:hr>
            <ns3:cad>56</ns3:cad>
          </ns3:TrackPointExtension>
        </extensions>
      </trkpt>
      <trkpt lat="40.148287229239940643310546875" lon="94.65753684751689434051513671875">
        <ele>1132</ele>
        <time>2025-08-11T23:05:49.000Z</time>
        <extensions>
          <ns3:TrackPointExtension>
            <ns3:hr>135</ns3:hr>
            <ns3:cad>56</ns3:cad>
          </ns3:TrackPointExtension>
        </extensions>
      </trkpt>
      <trkpt lat="40.148277170956134796142578125" lon="94.6575360931456089019775390625">
        <ele>1132</ele>
        <time>2025-08-11T23:05:50.000Z</time>
        <extensions>
          <ns3:TrackPointExtension>
            <ns3:hr>135</ns3:hr>
            <ns3:cad>56</ns3:cad>
          </ns3:TrackPointExtension>
        </extensions>
      </trkpt>
      <trkpt lat="40.148267783224582672119140625" lon="94.6575360931456089019775390625">
        <ele>1131.800048828125</ele>
        <time>2025-08-11T23:05:51.000Z</time>
        <extensions>
          <ns3:TrackPointExtension>
            <ns3:hr>134</ns3:hr>
            <ns3:cad>53</ns3:cad>
          </ns3:TrackPointExtension>
        </extensions>
      </trkpt>
      <trkpt lat="40.1482594013214111328125" lon="94.6575364284217357635498046875">
        <ele>1131.800048828125</ele>
        <time>2025-08-11T23:05:52.000Z</time>
        <extensions>
          <ns3:TrackPointExtension>
            <ns3:hr>134</ns3:hr>
            <ns3:cad>53</ns3:cad>
          </ns3:TrackPointExtension>
        </extensions>
      </trkpt>
      <trkpt lat="40.14825311489403247833251953125" lon="94.65753600932657718658447265625">
        <ele>1131.800048828125</ele>
        <time>2025-08-11T23:05:53.000Z</time>
        <extensions>
          <ns3:TrackPointExtension>
            <ns3:hr>134</ns3:hr>
            <ns3:cad>53</ns3:cad>
          </ns3:TrackPointExtension>
        </extensions>
      </trkpt>
      <trkpt lat="40.14825110323727130889892578125" lon="94.65753751806914806365966796875">
        <ele>1131.800048828125</ele>
        <time>2025-08-11T23:05:54.000Z</time>
        <extensions>
          <ns3:TrackPointExtension>
            <ns3:hr>134</ns3:hr>
            <ns3:cad>53</ns3:cad>
          </ns3:TrackPointExtension>
        </extensions>
      </trkpt>
      <trkpt lat="40.14824758283793926239013671875" lon="94.6575404517352581024169921875">
        <ele>1132</ele>
        <time>2025-08-11T23:05:55.000Z</time>
        <extensions>
          <ns3:TrackPointExtension>
            <ns3:hr>134</ns3:hr>
            <ns3:cad>0</ns3:cad>
          </ns3:TrackPointExtension>
        </extensions>
      </trkpt>
      <trkpt lat="40.1482481695711612701416015625" lon="94.657540619373321533203125">
        <ele>1132</ele>
        <time>2025-08-11T23:05:56.000Z</time>
        <extensions>
          <ns3:TrackPointExtension>
            <ns3:hr>133</ns3:hr>
            <ns3:cad>0</ns3:cad>
          </ns3:TrackPointExtension>
        </extensions>
      </trkpt>
      <trkpt lat="40.148249678313732147216796875" lon="94.6575401164591312408447265625">
        <ele>1132</ele>
        <time>2025-08-11T23:05:57.000Z</time>
        <extensions>
          <ns3:TrackPointExtension>
            <ns3:hr>133</ns3:hr>
            <ns3:cad>0</ns3:cad>
          </ns3:TrackPointExtension>
        </extensions>
      </trkpt>
      <trkpt lat="40.1482528634369373321533203125" lon="94.65753835625946521759033203125">
        <ele>1132</ele>
        <time>2025-08-11T23:05:58.000Z</time>
        <extensions>
          <ns3:TrackPointExtension>
            <ns3:hr>133</ns3:hr>
            <ns3:cad>0</ns3:cad>
          </ns3:TrackPointExtension>
        </extensions>
      </trkpt>
      <trkpt lat="40.14825546182692050933837890625" lon="94.65753885917365550994873046875">
        <ele>1132</ele>
        <time>2025-08-11T23:05:59.000Z</time>
        <extensions>
          <ns3:TrackPointExtension>
            <ns3:hr>132</ns3:hr>
            <ns3:cad>0</ns3:cad>
          </ns3:TrackPointExtension>
        </extensions>
      </trkpt>
      <trkpt lat="40.1482565514743328094482421875" lon="94.65753718279302120208740234375">
        <ele>1132</ele>
        <time>2025-08-11T23:06:00.000Z</time>
        <extensions>
          <ns3:TrackPointExtension>
            <ns3:hr>131</ns3:hr>
            <ns3:cad>0</ns3:cad>
          </ns3:TrackPointExtension>
        </extensions>
      </trkpt>
      <trkpt lat="40.14825780875980854034423828125" lon="94.657536931335926055908203125">
        <ele>1132</ele>
        <time>2025-08-11T23:06:01.000Z</time>
        <extensions>
          <ns3:TrackPointExtension>
            <ns3:hr>131</ns3:hr>
            <ns3:cad>0</ns3:cad>
          </ns3:TrackPointExtension>
        </extensions>
      </trkpt>
      <trkpt lat="40.1482545398175716400146484375" lon="94.65754154138267040252685546875">
        <ele>1131.800048828125</ele>
        <time>2025-08-11T23:06:02.000Z</time>
        <extensions>
          <ns3:TrackPointExtension>
            <ns3:hr>130</ns3:hr>
            <ns3:cad>0</ns3:cad>
          </ns3:TrackPointExtension>
        </extensions>
      </trkpt>
      <trkpt lat="40.1482488401234149932861328125" lon="94.657553024590015411376953125">
        <ele>1131.800048828125</ele>
        <time>2025-08-11T23:06:03.000Z</time>
        <extensions>
          <ns3:TrackPointExtension>
            <ns3:hr>130</ns3:hr>
            <ns3:cad>0</ns3:cad>
          </ns3:TrackPointExtension>
        </extensions>
      </trkpt>
      <trkpt lat="40.14824305661022663116455078125" lon="94.6575649268925189971923828125">
        <ele>1131.800048828125</ele>
        <time>2025-08-11T23:06:04.000Z</time>
        <extensions>
          <ns3:TrackPointExtension>
            <ns3:hr>130</ns3:hr>
            <ns3:cad>0</ns3:cad>
          </ns3:TrackPointExtension>
        </extensions>
      </trkpt>
      <trkpt lat="40.148236937820911407470703125" lon="94.65757657773792743682861328125">
        <ele>1131.800048828125</ele>
        <time>2025-08-11T23:06:05.000Z</time>
        <extensions>
          <ns3:TrackPointExtension>
            <ns3:hr>130</ns3:hr>
            <ns3:cad>0</ns3:cad>
          </ns3:TrackPointExtension>
        </extensions>
      </trkpt>
      <trkpt lat="40.1482290588319301605224609375" lon="94.65758982114493846893310546875">
        <ele>1131.5999755859375</ele>
        <time>2025-08-11T23:06:06.000Z</time>
        <extensions>
          <ns3:TrackPointExtension>
            <ns3:hr>130</ns3:hr>
            <ns3:cad>0</ns3:cad>
          </ns3:TrackPointExtension>
        </extensions>
      </trkpt>
      <trkpt lat="40.148222185671329498291015625" lon="94.65760172344744205474853515625">
        <ele>1131.5999755859375</ele>
        <time>2025-08-11T23:06:07.000Z</time>
        <extensions>
          <ns3:TrackPointExtension>
            <ns3:hr>130</ns3:hr>
            <ns3:cad>0</ns3:cad>
          </ns3:TrackPointExtension>
        </extensions>
      </trkpt>
      <trkpt lat="40.148214809596538543701171875" lon="94.6576138772070407867431640625">
        <ele>1131.5999755859375</ele>
        <time>2025-08-11T23:06:08.000Z</time>
        <extensions>
          <ns3:TrackPointExtension>
            <ns3:hr>130</ns3:hr>
            <ns3:cad>0</ns3:cad>
          </ns3:TrackPointExtension>
        </extensions>
      </trkpt>
      <trkpt lat="40.148208774626255035400390625" lon="94.657625444233417510986328125">
        <ele>1131.4000244140625</ele>
        <time>2025-08-11T23:06:09.000Z</time>
        <extensions>
          <ns3:TrackPointExtension>
            <ns3:hr>129</ns3:hr>
            <ns3:cad>0</ns3:cad>
          </ns3:TrackPointExtension>
        </extensions>
      </trkpt>
      <trkpt lat="40.14820382930338382720947265625" lon="94.65763692744076251983642578125">
        <ele>1131.4000244140625</ele>
        <time>2025-08-11T23:06:10.000Z</time>
        <extensions>
          <ns3:TrackPointExtension>
            <ns3:hr>130</ns3:hr>
            <ns3:cad>0</ns3:cad>
          </ns3:TrackPointExtension>
        </extensions>
      </trkpt>
      <trkpt lat="40.14819838106632232666015625" lon="94.65764799155294895172119140625">
        <ele>1131.4000244140625</ele>
        <time>2025-08-11T23:06:11.000Z</time>
        <extensions>
          <ns3:TrackPointExtension>
            <ns3:hr>130</ns3:hr>
            <ns3:cad>0</ns3:cad>
          </ns3:TrackPointExtension>
        </extensions>
      </trkpt>
      <trkpt lat="40.14819192700088024139404296875" lon="94.65765922330319881439208984375">
        <ele>1131.4000244140625</ele>
        <time>2025-08-11T23:06:12.000Z</time>
        <extensions>
          <ns3:TrackPointExtension>
            <ns3:hr>129</ns3:hr>
            <ns3:cad>0</ns3:cad>
          </ns3:TrackPointExtension>
        </extensions>
      </trkpt>
      <trkpt lat="40.14818505384027957916259765625" lon="94.65767137706279754638671875">
        <ele>1131.4000244140625</ele>
        <time>2025-08-11T23:06:13.000Z</time>
        <extensions>
          <ns3:TrackPointExtension>
            <ns3:hr>130</ns3:hr>
            <ns3:cad>0</ns3:cad>
          </ns3:TrackPointExtension>
        </extensions>
      </trkpt>
      <trkpt lat="40.14817851595580577850341796875" lon="94.65768319554626941680908203125">
        <ele>1131.4000244140625</ele>
        <time>2025-08-11T23:06:14.000Z</time>
        <extensions>
          <ns3:TrackPointExtension>
            <ns3:hr>130</ns3:hr>
            <ns3:cad>0</ns3:cad>
          </ns3:TrackPointExtension>
        </extensions>
      </trkpt>
      <trkpt lat="40.14817147515714168548583984375" lon="94.6576946787536144256591796875">
        <ele>1131.4000244140625</ele>
        <time>2025-08-11T23:06:15.000Z</time>
        <extensions>
          <ns3:TrackPointExtension>
            <ns3:hr>131</ns3:hr>
            <ns3:cad>0</ns3:cad>
          </ns3:TrackPointExtension>
        </extensions>
      </trkpt>
      <trkpt lat="40.14816443435847759246826171875" lon="94.657706581056118011474609375">
        <ele>1131.4000244140625</ele>
        <time>2025-08-11T23:06:16.000Z</time>
        <extensions>
          <ns3:TrackPointExtension>
            <ns3:hr>131</ns3:hr>
            <ns3:cad>0</ns3:cad>
          </ns3:TrackPointExtension>
        </extensions>
      </trkpt>
      <trkpt lat="40.14815873466432094573974609375" lon="94.657717645168304443359375">
        <ele>1131.4000244140625</ele>
        <time>2025-08-11T23:06:17.000Z</time>
        <extensions>
          <ns3:TrackPointExtension>
            <ns3:hr>130</ns3:hr>
            <ns3:cad>0</ns3:cad>
          </ns3:TrackPointExtension>
        </extensions>
      </trkpt>
      <trkpt lat="40.1481542922556400299072265625" lon="94.65772795490920543670654296875">
        <ele>1131.4000244140625</ele>
        <time>2025-08-11T23:06:18.000Z</time>
        <extensions>
          <ns3:TrackPointExtension>
            <ns3:hr>130</ns3:hr>
            <ns3:cad>0</ns3:cad>
          </ns3:TrackPointExtension>
        </extensions>
      </trkpt>
      <trkpt lat="40.1481480896472930908203125" lon="94.657740108668804168701171875">
        <ele>1131.4000244140625</ele>
        <time>2025-08-11T23:06:19.000Z</time>
        <extensions>
          <ns3:TrackPointExtension>
            <ns3:hr>130</ns3:hr>
            <ns3:cad>0</ns3:cad>
          </ns3:TrackPointExtension>
        </extensions>
      </trkpt>
      <trkpt lat="40.14814230613410472869873046875" lon="94.65774890966713428497314453125">
        <ele>1131.4000244140625</ele>
        <time>2025-08-11T23:06:20.000Z</time>
        <extensions>
          <ns3:TrackPointExtension>
            <ns3:hr>129</ns3:hr>
            <ns3:cad>56</ns3:cad>
          </ns3:TrackPointExtension>
        </extensions>
      </trkpt>
      <trkpt lat="40.14813560061156749725341796875" lon="94.657758213579654693603515625">
        <ele>1131.5999755859375</ele>
        <time>2025-08-11T23:06:21.000Z</time>
        <extensions>
          <ns3:TrackPointExtension>
            <ns3:hr>129</ns3:hr>
            <ns3:cad>56</ns3:cad>
          </ns3:TrackPointExtension>
        </extensions>
      </trkpt>
      <trkpt lat="40.14812855981290340423583984375" lon="94.657769612967967987060546875">
        <ele>1131.5999755859375</ele>
        <time>2025-08-11T23:06:22.000Z</time>
        <extensions>
          <ns3:TrackPointExtension>
            <ns3:hr>129</ns3:hr>
            <ns3:cad>56</ns3:cad>
          </ns3:TrackPointExtension>
        </extensions>
      </trkpt>
      <trkpt lat="40.1481217704713344573974609375" lon="94.65778092853724956512451171875">
        <ele>1131.800048828125</ele>
        <time>2025-08-11T23:06:23.000Z</time>
        <extensions>
          <ns3:TrackPointExtension>
            <ns3:hr>129</ns3:hr>
            <ns3:cad>56</ns3:cad>
          </ns3:TrackPointExtension>
        </extensions>
      </trkpt>
      <trkpt lat="40.14811364002525806427001953125" lon="94.657791741192340850830078125">
        <ele>1131.800048828125</ele>
        <time>2025-08-11T23:06:24.000Z</time>
        <extensions>
          <ns3:TrackPointExtension>
            <ns3:hr>130</ns3:hr>
            <ns3:cad>56</ns3:cad>
          </ns3:TrackPointExtension>
        </extensions>
      </trkpt>
      <trkpt lat="40.14810492284595966339111328125" lon="94.65780406259000301361083984375">
        <ele>1131.5999755859375</ele>
        <time>2025-08-11T23:06:25.000Z</time>
        <extensions>
          <ns3:TrackPointExtension>
            <ns3:hr>129</ns3:hr>
            <ns3:cad>56</ns3:cad>
          </ns3:TrackPointExtension>
        </extensions>
      </trkpt>
      <trkpt lat="40.148096792399883270263671875" lon="94.6578167192637920379638671875">
        <ele>1131.5999755859375</ele>
        <time>2025-08-11T23:06:26.000Z</time>
        <extensions>
          <ns3:TrackPointExtension>
            <ns3:hr>129</ns3:hr>
            <ns3:cad>59</ns3:cad>
          </ns3:TrackPointExtension>
        </extensions>
      </trkpt>
      <trkpt lat="40.1480895839631557464599609375" lon="94.6578276157379150390625">
        <ele>1131.5999755859375</ele>
        <time>2025-08-11T23:06:27.000Z</time>
        <extensions>
          <ns3:TrackPointExtension>
            <ns3:hr>130</ns3:hr>
            <ns3:cad>59</ns3:cad>
          </ns3:TrackPointExtension>
        </extensions>
      </trkpt>
      <trkpt lat="40.14808413572609424591064453125" lon="94.65783708728849887847900390625">
        <ele>1131.5999755859375</ele>
        <time>2025-08-11T23:06:28.000Z</time>
        <extensions>
          <ns3:TrackPointExtension>
            <ns3:hr>130</ns3:hr>
            <ns3:cad>0</ns3:cad>
          </ns3:TrackPointExtension>
        </extensions>
      </trkpt>
      <trkpt lat="40.148077346384525299072265625" lon="94.6578490734100341796875">
        <ele>1131.5999755859375</ele>
        <time>2025-08-11T23:06:29.000Z</time>
        <extensions>
          <ns3:TrackPointExtension>
            <ns3:hr>130</ns3:hr>
            <ns3:cad>0</ns3:cad>
          </ns3:TrackPointExtension>
        </extensions>
      </trkpt>
      <trkpt lat="40.14807022176682949066162109375" lon="94.6578606404364109039306640625">
        <ele>1131.4000244140625</ele>
        <time>2025-08-11T23:06:30.000Z</time>
        <extensions>
          <ns3:TrackPointExtension>
            <ns3:hr>130</ns3:hr>
            <ns3:cad>58</ns3:cad>
          </ns3:TrackPointExtension>
        </extensions>
      </trkpt>
      <trkpt lat="40.14806519262492656707763671875" lon="94.65787128545343875885009765625">
        <ele>1131.4000244140625</ele>
        <time>2025-08-11T23:06:31.000Z</time>
        <extensions>
          <ns3:TrackPointExtension>
            <ns3:hr>129</ns3:hr>
            <ns3:cad>58</ns3:cad>
          </ns3:TrackPointExtension>
        </extensions>
      </trkpt>
      <trkpt lat="40.14805915765464305877685546875" lon="94.65788234956562519073486328125">
        <ele>1131.4000244140625</ele>
        <time>2025-08-11T23:06:32.000Z</time>
        <extensions>
          <ns3:TrackPointExtension>
            <ns3:hr>130</ns3:hr>
            <ns3:cad>55</ns3:cad>
          </ns3:TrackPointExtension>
        </extensions>
      </trkpt>
      <trkpt lat="40.14805345796048641204833984375" lon="94.657892324030399322509765625">
        <ele>1131.4000244140625</ele>
        <time>2025-08-11T23:06:33.000Z</time>
        <extensions>
          <ns3:TrackPointExtension>
            <ns3:hr>130</ns3:hr>
            <ns3:cad>54</ns3:cad>
          </ns3:TrackPointExtension>
        </extensions>
      </trkpt>
      <trkpt lat="40.14804759062826633453369140625" lon="94.65790280140936374664306640625">
        <ele>1131.4000244140625</ele>
        <time>2025-08-11T23:06:34.000Z</time>
        <extensions>
          <ns3:TrackPointExtension>
            <ns3:hr>129</ns3:hr>
            <ns3:cad>54</ns3:cad>
          </ns3:TrackPointExtension>
        </extensions>
      </trkpt>
      <trkpt lat="40.14804323203861713409423828125" lon="94.65791185386478900909423828125">
        <ele>1131.199951171875</ele>
        <time>2025-08-11T23:06:35.000Z</time>
        <extensions>
          <ns3:TrackPointExtension>
            <ns3:hr>129</ns3:hr>
            <ns3:cad>0</ns3:cad>
          </ns3:TrackPointExtension>
        </extensions>
      </trkpt>
      <trkpt lat="40.148038454353809356689453125" lon="94.65792107395827770233154296875">
        <ele>1131.199951171875</ele>
        <time>2025-08-11T23:06:36.000Z</time>
        <extensions>
          <ns3:TrackPointExtension>
            <ns3:hr>128</ns3:hr>
            <ns3:cad>0</ns3:cad>
          </ns3:TrackPointExtension>
        </extensions>
      </trkpt>
      <trkpt lat="40.1480319164693355560302734375" lon="94.65792979113757610321044921875">
        <ele>1131.199951171875</ele>
        <time>2025-08-11T23:06:37.000Z</time>
        <extensions>
          <ns3:TrackPointExtension>
            <ns3:hr>128</ns3:hr>
            <ns3:cad>0</ns3:cad>
          </ns3:TrackPointExtension>
        </extensions>
      </trkpt>
      <trkpt lat="40.14802697114646434783935546875" lon="94.6579374186694622039794921875">
        <ele>1131.199951171875</ele>
        <time>2025-08-11T23:06:38.000Z</time>
        <extensions>
          <ns3:TrackPointExtension>
            <ns3:hr>127</ns3:hr>
            <ns3:cad>0</ns3:cad>
          </ns3:TrackPointExtension>
        </extensions>
      </trkpt>
      <trkpt lat="40.148021690547466278076171875" lon="94.65794538147747516632080078125">
        <ele>1131.199951171875</ele>
        <time>2025-08-11T23:06:39.000Z</time>
        <extensions>
          <ns3:TrackPointExtension>
            <ns3:hr>126</ns3:hr>
            <ns3:cad>0</ns3:cad>
          </ns3:TrackPointExtension>
        </extensions>
      </trkpt>
      <trkpt lat="40.14801557175815105438232421875" lon="94.6579558588564395904541015625">
        <ele>1131.199951171875</ele>
        <time>2025-08-11T23:06:40.000Z</time>
        <extensions>
          <ns3:TrackPointExtension>
            <ns3:hr>125</ns3:hr>
            <ns3:cad>0</ns3:cad>
          </ns3:TrackPointExtension>
        </extensions>
      </trkpt>
      <trkpt lat="40.14801154844462871551513671875" lon="94.65796398930251598358154296875">
        <ele>1131.199951171875</ele>
        <time>2025-08-11T23:06:41.000Z</time>
        <extensions>
          <ns3:TrackPointExtension>
            <ns3:hr>124</ns3:hr>
            <ns3:cad>0</ns3:cad>
          </ns3:TrackPointExtension>
        </extensions>
      </trkpt>
      <trkpt lat="40.14800718985497951507568359375" lon="94.657971449196338653564453125">
        <ele>1131.199951171875</ele>
        <time>2025-08-11T23:06:42.000Z</time>
        <extensions>
          <ns3:TrackPointExtension>
            <ns3:hr>124</ns3:hr>
            <ns3:cad>0</ns3:cad>
          </ns3:TrackPointExtension>
        </extensions>
      </trkpt>
      <trkpt lat="40.148003585636615753173828125" lon="94.65797874145209789276123046875">
        <ele>1131</ele>
        <time>2025-08-11T23:06:43.000Z</time>
        <extensions>
          <ns3:TrackPointExtension>
            <ns3:hr>124</ns3:hr>
            <ns3:cad>0</ns3:cad>
          </ns3:TrackPointExtension>
        </extensions>
      </trkpt>
      <trkpt lat="40.148000232875347137451171875" lon="94.6579872071743011474609375">
        <ele>1131</ele>
        <time>2025-08-11T23:06:44.000Z</time>
        <extensions>
          <ns3:TrackPointExtension>
            <ns3:hr>124</ns3:hr>
            <ns3:cad>0</ns3:cad>
          </ns3:TrackPointExtension>
        </extensions>
      </trkpt>
      <trkpt lat="40.1479960419237613677978515625" lon="94.6579954214394092559814453125">
        <ele>1131</ele>
        <time>2025-08-11T23:06:45.000Z</time>
        <extensions>
          <ns3:TrackPointExtension>
            <ns3:hr>123</ns3:hr>
            <ns3:cad>0</ns3:cad>
          </ns3:TrackPointExtension>
        </extensions>
      </trkpt>
      <trkpt lat="40.1479920186102390289306640625" lon="94.6580034680664539337158203125">
        <ele>1131</ele>
        <time>2025-08-11T23:06:46.000Z</time>
        <extensions>
          <ns3:TrackPointExtension>
            <ns3:hr>123</ns3:hr>
            <ns3:cad>0</ns3:cad>
          </ns3:TrackPointExtension>
        </extensions>
      </trkpt>
      <trkpt lat="40.147988833487033843994140625" lon="94.658012352883815765380859375">
        <ele>1131</ele>
        <time>2025-08-11T23:06:47.000Z</time>
        <extensions>
          <ns3:TrackPointExtension>
            <ns3:hr>123</ns3:hr>
            <ns3:cad>0</ns3:cad>
          </ns3:TrackPointExtension>
        </extensions>
      </trkpt>
      <trkpt lat="40.14798455871641635894775390625" lon="94.658025093376636505126953125">
        <ele>1130.800048828125</ele>
        <time>2025-08-11T23:06:48.000Z</time>
        <extensions>
          <ns3:TrackPointExtension>
            <ns3:hr>123</ns3:hr>
            <ns3:cad>0</ns3:cad>
          </ns3:TrackPointExtension>
        </extensions>
      </trkpt>
      <trkpt lat="40.1479804515838623046875" lon="94.65803355909883975982666015625">
        <ele>1130.800048828125</ele>
        <time>2025-08-11T23:06:49.000Z</time>
        <extensions>
          <ns3:TrackPointExtension>
            <ns3:hr>123</ns3:hr>
            <ns3:cad>0</ns3:cad>
          </ns3:TrackPointExtension>
        </extensions>
      </trkpt>
      <trkpt lat="40.1479752548038959503173828125" lon="94.65804420411586761474609375">
        <ele>1130.800048828125</ele>
        <time>2025-08-11T23:06:50.000Z</time>
        <extensions>
          <ns3:TrackPointExtension>
            <ns3:hr>123</ns3:hr>
            <ns3:cad>0</ns3:cad>
          </ns3:TrackPointExtension>
        </extensions>
      </trkpt>
      <trkpt lat="40.14797098003327846527099609375" lon="94.65805627405643463134765625">
        <ele>1130.800048828125</ele>
        <time>2025-08-11T23:06:51.000Z</time>
        <extensions>
          <ns3:TrackPointExtension>
            <ns3:hr>124</ns3:hr>
            <ns3:cad>0</ns3:cad>
          </ns3:TrackPointExtension>
        </extensions>
      </trkpt>
      <trkpt lat="40.14796578325331211090087890625" lon="94.658068679273128509521484375">
        <ele>1130.800048828125</ele>
        <time>2025-08-11T23:06:52.000Z</time>
        <extensions>
          <ns3:TrackPointExtension>
            <ns3:hr>124</ns3:hr>
            <ns3:cad>0</ns3:cad>
          </ns3:TrackPointExtension>
        </extensions>
      </trkpt>
      <trkpt lat="40.1479615084826946258544921875" lon="94.65807714499533176422119140625">
        <ele>1130.800048828125</ele>
        <time>2025-08-11T23:06:53.000Z</time>
        <extensions>
          <ns3:TrackPointExtension>
            <ns3:hr>124</ns3:hr>
            <ns3:cad>0</ns3:cad>
          </ns3:TrackPointExtension>
        </extensions>
      </trkpt>
      <trkpt lat="40.14795606024563312530517578125" lon="94.65808921493589878082275390625">
        <ele>1130.800048828125</ele>
        <time>2025-08-11T23:06:54.000Z</time>
        <extensions>
          <ns3:TrackPointExtension>
            <ns3:hr>124</ns3:hr>
            <ns3:cad>0</ns3:cad>
          </ns3:TrackPointExtension>
        </extensions>
      </trkpt>
      <trkpt lat="40.147950612008571624755859375" lon="94.6581003628671169281005859375">
        <ele>1130.800048828125</ele>
        <time>2025-08-11T23:06:55.000Z</time>
        <extensions>
          <ns3:TrackPointExtension>
            <ns3:hr>124</ns3:hr>
            <ns3:cad>51</ns3:cad>
          </ns3:TrackPointExtension>
        </extensions>
      </trkpt>
      <trkpt lat="40.14794130809605121612548828125" lon="94.6581164561212062835693359375">
        <ele>1130.800048828125</ele>
        <time>2025-08-11T23:06:56.000Z</time>
        <extensions>
          <ns3:TrackPointExtension>
            <ns3:hr>123</ns3:hr>
            <ns3:cad>52</ns3:cad>
          </ns3:TrackPointExtension>
        </extensions>
      </trkpt>
      <trkpt lat="40.14793150126934051513671875" lon="94.658127687871456146240234375">
        <ele>1130.800048828125</ele>
        <time>2025-08-11T23:06:57.000Z</time>
        <extensions>
          <ns3:TrackPointExtension>
            <ns3:hr>122</ns3:hr>
            <ns3:cad>52</ns3:cad>
          </ns3:TrackPointExtension>
        </extensions>
      </trkpt>
      <trkpt lat="40.1479175873100757598876953125" lon="94.65813179500401020050048828125">
        <ele>1130.800048828125</ele>
        <time>2025-08-11T23:06:58.000Z</time>
        <extensions>
          <ns3:TrackPointExtension>
            <ns3:hr>121</ns3:hr>
            <ns3:cad>54</ns3:cad>
          </ns3:TrackPointExtension>
        </extensions>
      </trkpt>
      <trkpt lat="40.1479014940559864044189453125" lon="94.65812810696661472320556640625">
        <ele>1130.800048828125</ele>
        <time>2025-08-11T23:06:59.000Z</time>
        <extensions>
          <ns3:TrackPointExtension>
            <ns3:hr>121</ns3:hr>
            <ns3:cad>55</ns3:cad>
          </ns3:TrackPointExtension>
        </extensions>
      </trkpt>
      <trkpt lat="40.14787810854613780975341796875" lon="94.6581194736063480377197265625">
        <ele>1131</ele>
        <time>2025-08-11T23:07:00.000Z</time>
        <extensions>
          <ns3:TrackPointExtension>
            <ns3:hr>121</ns3:hr>
            <ns3:cad>55</ns3:cad>
          </ns3:TrackPointExtension>
        </extensions>
      </trkpt>
      <trkpt lat="40.147851370275020599365234375" lon="94.658104889094829559326171875">
        <ele>1131</ele>
        <time>2025-08-11T23:07:01.000Z</time>
        <extensions>
          <ns3:TrackPointExtension>
            <ns3:hr>121</ns3:hr>
            <ns3:cad>55</ns3:cad>
          </ns3:TrackPointExtension>
        </extensions>
      </trkpt>
      <trkpt lat="40.14782798476517200469970703125" lon="94.6580889634788036346435546875">
        <ele>1131.199951171875</ele>
        <time>2025-08-11T23:07:02.000Z</time>
        <extensions>
          <ns3:TrackPointExtension>
            <ns3:hr>121</ns3:hr>
            <ns3:cad>55</ns3:cad>
          </ns3:TrackPointExtension>
        </extensions>
      </trkpt>
      <trkpt lat="40.14780635945498943328857421875" lon="94.6580671705305576324462890625">
        <ele>1131.4000244140625</ele>
        <time>2025-08-11T23:07:03.000Z</time>
        <extensions>
          <ns3:TrackPointExtension>
            <ns3:hr>121</ns3:hr>
            <ns3:cad>55</ns3:cad>
          </ns3:TrackPointExtension>
        </extensions>
      </trkpt>
      <trkpt lat="40.147782303392887115478515625" lon="94.65804847888648509979248046875">
        <ele>1131.800048828125</ele>
        <time>2025-08-11T23:07:04.000Z</time>
        <extensions>
          <ns3:TrackPointExtension>
            <ns3:hr>121</ns3:hr>
            <ns3:cad>85</ns3:cad>
          </ns3:TrackPointExtension>
        </extensions>
      </trkpt>
      <trkpt lat="40.14775439165532588958740234375" lon="94.65801646001636981964111328125">
        <ele>1132</ele>
        <time>2025-08-11T23:07:05.000Z</time>
        <extensions>
          <ns3:TrackPointExtension>
            <ns3:hr>121</ns3:hr>
            <ns3:cad>86</ns3:cad>
          </ns3:TrackPointExtension>
        </extensions>
      </trkpt>
      <trkpt lat="40.147732682526111602783203125" lon="94.65800522826611995697021484375">
        <ele>1132.199951171875</ele>
        <time>2025-08-11T23:07:06.000Z</time>
        <extensions>
          <ns3:TrackPointExtension>
            <ns3:hr>121</ns3:hr>
            <ns3:cad>86</ns3:cad>
          </ns3:TrackPointExtension>
        </extensions>
      </trkpt>
      <trkpt lat="40.147704184055328369140625" lon="94.65798410587012767791748046875">
        <ele>1132.4000244140625</ele>
        <time>2025-08-11T23:07:07.000Z</time>
        <extensions>
          <ns3:TrackPointExtension>
            <ns3:hr>121</ns3:hr>
            <ns3:cad>86</ns3:cad>
          </ns3:TrackPointExtension>
        </extensions>
      </trkpt>
      <trkpt lat="40.14768566004931926727294921875" lon="94.6579649113118648529052734375">
        <ele>1132.4000244140625</ele>
        <time>2025-08-11T23:07:08.000Z</time>
        <extensions>
          <ns3:TrackPointExtension>
            <ns3:hr>122</ns3:hr>
            <ns3:cad>86</ns3:cad>
          </ns3:TrackPointExtension>
        </extensions>
      </trkpt>
      <trkpt lat="40.14766068197786808013916015625" lon="94.657942615449428558349609375">
        <ele>1132.5999755859375</ele>
        <time>2025-08-11T23:07:09.000Z</time>
        <extensions>
          <ns3:TrackPointExtension>
            <ns3:hr>123</ns3:hr>
            <ns3:cad>86</ns3:cad>
          </ns3:TrackPointExtension>
        </extensions>
      </trkpt>
      <trkpt lat="40.14764073304831981658935546875" lon="94.65792191214859485626220703125">
        <ele>1132.5999755859375</ele>
        <time>2025-08-11T23:07:10.000Z</time>
        <extensions>
          <ns3:TrackPointExtension>
            <ns3:hr>124</ns3:hr>
            <ns3:cad>87</ns3:cad>
          </ns3:TrackPointExtension>
        </extensions>
      </trkpt>
      <trkpt lat="40.14761743135750293731689453125" lon="94.65790179558098316192626953125">
        <ele>1132.800048828125</ele>
        <time>2025-08-11T23:07:11.000Z</time>
        <extensions>
          <ns3:TrackPointExtension>
            <ns3:hr>125</ns3:hr>
            <ns3:cad>87</ns3:cad>
          </ns3:TrackPointExtension>
        </extensions>
      </trkpt>
      <trkpt lat="40.1475930400192737579345703125" lon="94.6578804217278957366943359375">
        <ele>1132.800048828125</ele>
        <time>2025-08-11T23:07:12.000Z</time>
        <extensions>
          <ns3:TrackPointExtension>
            <ns3:hr>126</ns3:hr>
            <ns3:cad>87</ns3:cad>
          </ns3:TrackPointExtension>
        </extensions>
      </trkpt>
      <trkpt lat="40.14756982214748859405517578125" lon="94.6578584611415863037109375">
        <ele>1132.800048828125</ele>
        <time>2025-08-11T23:07:13.000Z</time>
        <extensions>
          <ns3:TrackPointExtension>
            <ns3:hr>127</ns3:hr>
            <ns3:cad>88</ns3:cad>
          </ns3:TrackPointExtension>
        </extensions>
      </trkpt>
      <trkpt lat="40.14755054377019405364990234375" lon="94.65783658437430858612060546875">
        <ele>1132.800048828125</ele>
        <time>2025-08-11T23:07:14.000Z</time>
        <extensions>
          <ns3:TrackPointExtension>
            <ns3:hr>128</ns3:hr>
            <ns3:cad>88</ns3:cad>
          </ns3:TrackPointExtension>
        </extensions>
      </trkpt>
      <trkpt lat="40.14753143303096294403076171875" lon="94.65782015584409236907958984375">
        <ele>1132.800048828125</ele>
        <time>2025-08-11T23:07:15.000Z</time>
        <extensions>
          <ns3:TrackPointExtension>
            <ns3:hr>129</ns3:hr>
            <ns3:cad>88</ns3:cad>
          </ns3:TrackPointExtension>
        </extensions>
      </trkpt>
      <trkpt lat="40.14750628732144832611083984375" lon="94.6577982790768146514892578125">
        <ele>1133</ele>
        <time>2025-08-11T23:07:16.000Z</time>
        <extensions>
          <ns3:TrackPointExtension>
            <ns3:hr>130</ns3:hr>
            <ns3:cad>88</ns3:cad>
          </ns3:TrackPointExtension>
        </extensions>
      </trkpt>
      <trkpt lat="40.14748466201126575469970703125" lon="94.65778629295527935028076171875">
        <ele>1133</ele>
        <time>2025-08-11T23:07:17.000Z</time>
        <extensions>
          <ns3:TrackPointExtension>
            <ns3:hr>131</ns3:hr>
            <ns3:cad>88</ns3:cad>
          </ns3:TrackPointExtension>
        </extensions>
      </trkpt>
      <trkpt lat="40.14746689237654209136962890625" lon="94.65776299126446247100830078125">
        <ele>1133</ele>
        <time>2025-08-11T23:07:18.000Z</time>
        <extensions>
          <ns3:TrackPointExtension>
            <ns3:hr>132</ns3:hr>
            <ns3:cad>88</ns3:cad>
          </ns3:TrackPointExtension>
        </extensions>
      </trkpt>
      <trkpt lat="40.14744794927537441253662109375" lon="94.65775192715227603912353515625">
        <ele>1133.199951171875</ele>
        <time>2025-08-11T23:07:19.000Z</time>
        <extensions>
          <ns3:TrackPointExtension>
            <ns3:hr>132</ns3:hr>
            <ns3:cad>88</ns3:cad>
          </ns3:TrackPointExtension>
        </extensions>
      </trkpt>
      <trkpt lat="40.14742867089807987213134765625" lon="94.65773365460336208343505859375">
        <ele>1133.199951171875</ele>
        <time>2025-08-11T23:07:20.000Z</time>
        <extensions>
          <ns3:TrackPointExtension>
            <ns3:hr>133</ns3:hr>
            <ns3:cad>88</ns3:cad>
          </ns3:TrackPointExtension>
        </extensions>
      </trkpt>
      <trkpt lat="40.14741006307303905487060546875" lon="94.6577204950153827667236328125">
        <ele>1133.199951171875</ele>
        <time>2025-08-11T23:07:21.000Z</time>
        <extensions>
          <ns3:TrackPointExtension>
            <ns3:hr>134</ns3:hr>
            <ns3:cad>88</ns3:cad>
          </ns3:TrackPointExtension>
        </extensions>
      </trkpt>
      <trkpt lat="40.14738567173480987548828125" lon="94.65770264156162738800048828125">
        <ele>1133.4000244140625</ele>
        <time>2025-08-11T23:07:22.000Z</time>
        <extensions>
          <ns3:TrackPointExtension>
            <ns3:hr>135</ns3:hr>
            <ns3:cad>88</ns3:cad>
          </ns3:TrackPointExtension>
        </extensions>
      </trkpt>
      <trkpt lat="40.14737016521394252777099609375" lon="94.65769023634493350982666015625">
        <ele>1133.4000244140625</ele>
        <time>2025-08-11T23:07:23.000Z</time>
        <extensions>
          <ns3:TrackPointExtension>
            <ns3:hr>136</ns3:hr>
            <ns3:cad>88</ns3:cad>
          </ns3:TrackPointExtension>
        </extensions>
      </trkpt>
      <trkpt lat="40.1473499648272991180419921875" lon="94.65767229907214641571044921875">
        <ele>1133.4000244140625</ele>
        <time>2025-08-11T23:07:24.000Z</time>
        <extensions>
          <ns3:TrackPointExtension>
            <ns3:hr>136</ns3:hr>
            <ns3:cad>88</ns3:cad>
          </ns3:TrackPointExtension>
        </extensions>
      </trkpt>
      <trkpt lat="40.1473315246403217315673828125" lon="94.65765452943742275238037109375">
        <ele>1133.5999755859375</ele>
        <time>2025-08-11T23:07:25.000Z</time>
        <extensions>
          <ns3:TrackPointExtension>
            <ns3:hr>137</ns3:hr>
            <ns3:cad>88</ns3:cad>
          </ns3:TrackPointExtension>
        </extensions>
      </trkpt>
      <trkpt lat="40.14731652103364467620849609375" lon="94.65763458050787448883056640625">
        <ele>1133.5999755859375</ele>
        <time>2025-08-11T23:07:26.000Z</time>
        <extensions>
          <ns3:TrackPointExtension>
            <ns3:hr>138</ns3:hr>
            <ns3:cad>88</ns3:cad>
          </ns3:TrackPointExtension>
        </extensions>
      </trkpt>
      <trkpt lat="40.1473010145127773284912109375" lon="94.65761697851121425628662109375">
        <ele>1133.5999755859375</ele>
        <time>2025-08-11T23:07:27.000Z</time>
        <extensions>
          <ns3:TrackPointExtension>
            <ns3:hr>138</ns3:hr>
            <ns3:cad>89</ns3:cad>
          </ns3:TrackPointExtension>
        </extensions>
      </trkpt>
      <trkpt lat="40.14728232286870479583740234375" lon="94.65759602375328540802001953125">
        <ele>1133.5999755859375</ele>
        <time>2025-08-11T23:07:28.000Z</time>
        <extensions>
          <ns3:TrackPointExtension>
            <ns3:hr>139</ns3:hr>
            <ns3:cad>89</ns3:cad>
          </ns3:TrackPointExtension>
        </extensions>
      </trkpt>
      <trkpt lat="40.147264637053012847900390625" lon="94.657577164471149444580078125">
        <ele>1133.5999755859375</ele>
        <time>2025-08-11T23:07:29.000Z</time>
        <extensions>
          <ns3:TrackPointExtension>
            <ns3:hr>139</ns3:hr>
            <ns3:cad>89</ns3:cad>
          </ns3:TrackPointExtension>
        </extensions>
      </trkpt>
      <trkpt lat="40.14724594540894031524658203125" lon="94.6575558744370937347412109375">
        <ele>1133.5999755859375</ele>
        <time>2025-08-11T23:07:30.000Z</time>
        <extensions>
          <ns3:TrackPointExtension>
            <ns3:hr>140</ns3:hr>
            <ns3:cad>89</ns3:cad>
          </ns3:TrackPointExtension>
        </extensions>
      </trkpt>
      <trkpt lat="40.14722465537488460540771484375" lon="94.65753550641238689422607421875">
        <ele>1133.5999755859375</ele>
        <time>2025-08-11T23:07:31.000Z</time>
        <extensions>
          <ns3:TrackPointExtension>
            <ns3:hr>140</ns3:hr>
            <ns3:cad>89</ns3:cad>
          </ns3:TrackPointExtension>
        </extensions>
      </trkpt>
      <trkpt lat="40.147199928760528564453125" lon="94.65751455165445804595947265625">
        <ele>1133.800048828125</ele>
        <time>2025-08-11T23:07:32.000Z</time>
        <extensions>
          <ns3:TrackPointExtension>
            <ns3:hr>141</ns3:hr>
            <ns3:cad>88</ns3:cad>
          </ns3:TrackPointExtension>
        </extensions>
      </trkpt>
      <trkpt lat="40.14718450605869293212890625" lon="94.6574975363910198211669921875">
        <ele>1133.800048828125</ele>
        <time>2025-08-11T23:07:33.000Z</time>
        <extensions>
          <ns3:TrackPointExtension>
            <ns3:hr>141</ns3:hr>
            <ns3:cad>88</ns3:cad>
          </ns3:TrackPointExtension>
        </extensions>
      </trkpt>
      <trkpt lat="40.147161372005939483642578125" lon="94.65747750364243984222412109375">
        <ele>1134</ele>
        <time>2025-08-11T23:07:34.000Z</time>
        <extensions>
          <ns3:TrackPointExtension>
            <ns3:hr>141</ns3:hr>
            <ns3:cad>88</ns3:cad>
          </ns3:TrackPointExtension>
        </extensions>
      </trkpt>
      <trkpt lat="40.14713983051478862762451171875" lon="94.65745839290320873260498046875">
        <ele>1134</ele>
        <time>2025-08-11T23:07:35.000Z</time>
        <extensions>
          <ns3:TrackPointExtension>
            <ns3:hr>142</ns3:hr>
            <ns3:cad>88</ns3:cad>
          </ns3:TrackPointExtension>
        </extensions>
      </trkpt>
      <trkpt lat="40.14711678028106689453125" lon="94.6574412100017070770263671875">
        <ele>1134</ele>
        <time>2025-08-11T23:07:36.000Z</time>
        <extensions>
          <ns3:TrackPointExtension>
            <ns3:hr>142</ns3:hr>
            <ns3:cad>89</ns3:cad>
          </ns3:TrackPointExtension>
        </extensions>
      </trkpt>
      <trkpt lat="40.14709859155118465423583984375" lon="94.65742327272891998291015625">
        <ele>1134</ele>
        <time>2025-08-11T23:07:37.000Z</time>
        <extensions>
          <ns3:TrackPointExtension>
            <ns3:hr>143</ns3:hr>
            <ns3:cad>89</ns3:cad>
          </ns3:TrackPointExtension>
        </extensions>
      </trkpt>
      <trkpt lat="40.14707629568874835968017578125" lon="94.65740508399903774261474609375">
        <ele>1134</ele>
        <time>2025-08-11T23:07:38.000Z</time>
        <extensions>
          <ns3:TrackPointExtension>
            <ns3:hr>143</ns3:hr>
            <ns3:cad>89</ns3:cad>
          </ns3:TrackPointExtension>
        </extensions>
      </trkpt>
      <trkpt lat="40.14705567620694637298583984375" lon="94.657385051250457763671875">
        <ele>1134</ele>
        <time>2025-08-11T23:07:39.000Z</time>
        <extensions>
          <ns3:TrackPointExtension>
            <ns3:hr>143</ns3:hr>
            <ns3:cad>89</ns3:cad>
          </ns3:TrackPointExtension>
        </extensions>
      </trkpt>
      <trkpt lat="40.14703572727739810943603515625" lon="94.65737004764378070831298828125">
        <ele>1134</ele>
        <time>2025-08-11T23:07:40.000Z</time>
        <extensions>
          <ns3:TrackPointExtension>
            <ns3:hr>144</ns3:hr>
            <ns3:cad>89</ns3:cad>
          </ns3:TrackPointExtension>
        </extensions>
      </trkpt>
      <trkpt lat="40.14701494015753269195556640625" lon="94.65734909288585186004638671875">
        <ele>1134</ele>
        <time>2025-08-11T23:07:41.000Z</time>
        <extensions>
          <ns3:TrackPointExtension>
            <ns3:hr>144</ns3:hr>
            <ns3:cad>89</ns3:cad>
          </ns3:TrackPointExtension>
        </extensions>
      </trkpt>
      <trkpt lat="40.14699532650411128997802734375" lon="94.657332412898540496826171875">
        <ele>1134</ele>
        <time>2025-08-11T23:07:42.000Z</time>
        <extensions>
          <ns3:TrackPointExtension>
            <ns3:hr>144</ns3:hr>
            <ns3:cad>88</ns3:cad>
          </ns3:TrackPointExtension>
        </extensions>
      </trkpt>
      <trkpt lat="40.1469764672219753265380859375" lon="94.6573107875883579254150390625">
        <ele>1133.800048828125</ele>
        <time>2025-08-11T23:07:43.000Z</time>
        <extensions>
          <ns3:TrackPointExtension>
            <ns3:hr>145</ns3:hr>
            <ns3:cad>88</ns3:cad>
          </ns3:TrackPointExtension>
        </extensions>
      </trkpt>
      <trkpt lat="40.1469576917588710784912109375" lon="94.65729712508618831634521484375">
        <ele>1133.800048828125</ele>
        <time>2025-08-11T23:07:44.000Z</time>
        <extensions>
          <ns3:TrackPointExtension>
            <ns3:hr>145</ns3:hr>
            <ns3:cad>88</ns3:cad>
          </ns3:TrackPointExtension>
        </extensions>
      </trkpt>
      <trkpt lat="40.14693564735352993011474609375" lon="94.65727600269019603729248046875">
        <ele>1133.800048828125</ele>
        <time>2025-08-11T23:07:45.000Z</time>
        <extensions>
          <ns3:TrackPointExtension>
            <ns3:hr>146</ns3:hr>
            <ns3:cad>88</ns3:cad>
          </ns3:TrackPointExtension>
        </extensions>
      </trkpt>
      <trkpt lat="40.1469181291759014129638671875" lon="94.65725907124578952789306640625">
        <ele>1133.800048828125</ele>
        <time>2025-08-11T23:07:46.000Z</time>
        <extensions>
          <ns3:TrackPointExtension>
            <ns3:hr>146</ns3:hr>
            <ns3:cad>89</ns3:cad>
          </ns3:TrackPointExtension>
        </extensions>
      </trkpt>
      <trkpt lat="40.14689574949443340301513671875" lon="94.65723962523043155670166015625">
        <ele>1133.800048828125</ele>
        <time>2025-08-11T23:07:47.000Z</time>
        <extensions>
          <ns3:TrackPointExtension>
            <ns3:hr>146</ns3:hr>
            <ns3:cad>89</ns3:cad>
          </ns3:TrackPointExtension>
        </extensions>
      </trkpt>
      <trkpt lat="40.14687680639326572418212890625" lon="94.6572236157953739166259765625">
        <ele>1133.800048828125</ele>
        <time>2025-08-11T23:07:48.000Z</time>
        <extensions>
          <ns3:TrackPointExtension>
            <ns3:hr>146</ns3:hr>
            <ns3:cad>88</ns3:cad>
          </ns3:TrackPointExtension>
        </extensions>
      </trkpt>
      <trkpt lat="40.14685585163533687591552734375" lon="94.65719771571457386016845703125">
        <ele>1134</ele>
        <time>2025-08-11T23:07:49.000Z</time>
        <extensions>
          <ns3:TrackPointExtension>
            <ns3:hr>147</ns3:hr>
            <ns3:cad>88</ns3:cad>
          </ns3:TrackPointExtension>
        </extensions>
      </trkpt>
      <trkpt lat="40.14683581888675689697265625" lon="94.6571776829659938812255859375">
        <ele>1134</ele>
        <time>2025-08-11T23:07:50.000Z</time>
        <extensions>
          <ns3:TrackPointExtension>
            <ns3:hr>147</ns3:hr>
            <ns3:cad>88</ns3:cad>
          </ns3:TrackPointExtension>
        </extensions>
      </trkpt>
      <trkpt lat="40.14681394211947917938232421875" lon="94.65715580619871616363525390625">
        <ele>1134.199951171875</ele>
        <time>2025-08-11T23:07:51.000Z</time>
        <extensions>
          <ns3:TrackPointExtension>
            <ns3:hr>148</ns3:hr>
            <ns3:cad>88</ns3:cad>
          </ns3:TrackPointExtension>
        </extensions>
      </trkpt>
      <trkpt lat="40.1467944122850894927978515625" lon="94.65713669545948505401611328125">
        <ele>1134.199951171875</ele>
        <time>2025-08-11T23:07:52.000Z</time>
        <extensions>
          <ns3:TrackPointExtension>
            <ns3:hr>149</ns3:hr>
            <ns3:cad>88</ns3:cad>
          </ns3:TrackPointExtension>
        </extensions>
      </trkpt>
      <trkpt lat="40.14677639119327068328857421875" lon="94.657111801207065582275390625">
        <ele>1134.4000244140625</ele>
        <time>2025-08-11T23:07:53.000Z</time>
        <extensions>
          <ns3:TrackPointExtension>
            <ns3:hr>149</ns3:hr>
            <ns3:cad>88</ns3:cad>
          </ns3:TrackPointExtension>
        </extensions>
      </trkpt>
      <trkpt lat="40.14675979502499103546142578125" lon="94.6570967137813568115234375">
        <ele>1134.5999755859375</ele>
        <time>2025-08-11T23:07:54.000Z</time>
        <extensions>
          <ns3:TrackPointExtension>
            <ns3:hr>149</ns3:hr>
            <ns3:cad>88</ns3:cad>
          </ns3:TrackPointExtension>
        </extensions>
      </trkpt>
      <trkpt lat="40.14674386940896511077880859375" lon="94.65707500465214252471923828125">
        <ele>1134.5999755859375</ele>
        <time>2025-08-11T23:07:55.000Z</time>
        <extensions>
          <ns3:TrackPointExtension>
            <ns3:hr>150</ns3:hr>
            <ns3:cad>88</ns3:cad>
          </ns3:TrackPointExtension>
        </extensions>
      </trkpt>
      <trkpt lat="40.14672442339360713958740234375" lon="94.65705555863678455352783203125">
        <ele>1134.800048828125</ele>
        <time>2025-08-11T23:07:56.000Z</time>
        <extensions>
          <ns3:TrackPointExtension>
            <ns3:hr>150</ns3:hr>
            <ns3:cad>88</ns3:cad>
          </ns3:TrackPointExtension>
        </extensions>
      </trkpt>
      <trkpt lat="40.14670950360596179962158203125" lon="94.65703309513628482818603515625">
        <ele>1134.800048828125</ele>
        <time>2025-08-11T23:07:57.000Z</time>
        <extensions>
          <ns3:TrackPointExtension>
            <ns3:hr>150</ns3:hr>
            <ns3:cad>89</ns3:cad>
          </ns3:TrackPointExtension>
        </extensions>
      </trkpt>
      <trkpt lat="40.1466968469321727752685546875" lon="94.6570133976638317108154296875">
        <ele>1134.800048828125</ele>
        <time>2025-08-11T23:07:58.000Z</time>
        <extensions>
          <ns3:TrackPointExtension>
            <ns3:hr>150</ns3:hr>
            <ns3:cad>89</ns3:cad>
          </ns3:TrackPointExtension>
        </extensions>
      </trkpt>
      <trkpt lat="40.14667530544102191925048828125" lon="94.65698665939271450042724609375">
        <ele>1134.800048828125</ele>
        <time>2025-08-11T23:07:59.000Z</time>
        <extensions>
          <ns3:TrackPointExtension>
            <ns3:hr>150</ns3:hr>
            <ns3:cad>89</ns3:cad>
          </ns3:TrackPointExtension>
        </extensions>
      </trkpt>
      <trkpt lat="40.14665401540696620941162109375" lon="94.65696319006383419036865234375">
        <ele>1134.800048828125</ele>
        <time>2025-08-11T23:08:00.000Z</time>
        <extensions>
          <ns3:TrackPointExtension>
            <ns3:hr>150</ns3:hr>
            <ns3:cad>89</ns3:cad>
          </ns3:TrackPointExtension>
        </extensions>
      </trkpt>
      <trkpt lat="40.14663322828710079193115234375" lon="94.65694022364914417266845703125">
        <ele>1134.800048828125</ele>
        <time>2025-08-11T23:08:01.000Z</time>
        <extensions>
          <ns3:TrackPointExtension>
            <ns3:hr>151</ns3:hr>
            <ns3:cad>89</ns3:cad>
          </ns3:TrackPointExtension>
        </extensions>
      </trkpt>
      <trkpt lat="40.1466103456914424896240234375" lon="94.65692429803311824798583984375">
        <ele>1134.800048828125</ele>
        <time>2025-08-11T23:08:02.000Z</time>
        <extensions>
          <ns3:TrackPointExtension>
            <ns3:hr>151</ns3:hr>
            <ns3:cad>89</ns3:cad>
          </ns3:TrackPointExtension>
        </extensions>
      </trkpt>
      <trkpt lat="40.14658947475254535675048828125" lon="94.65689948759973049163818359375">
        <ele>1134.800048828125</ele>
        <time>2025-08-11T23:08:03.000Z</time>
        <extensions>
          <ns3:TrackPointExtension>
            <ns3:hr>151</ns3:hr>
            <ns3:cad>89</ns3:cad>
          </ns3:TrackPointExtension>
        </extensions>
      </trkpt>
      <trkpt lat="40.1465674303472042083740234375" lon="94.65689009986817836761474609375">
        <ele>1134.800048828125</ele>
        <time>2025-08-11T23:08:04.000Z</time>
        <extensions>
          <ns3:TrackPointExtension>
            <ns3:hr>151</ns3:hr>
            <ns3:cad>89</ns3:cad>
          </ns3:TrackPointExtension>
        </extensions>
      </trkpt>
      <trkpt lat="40.14654689468443393707275390625" lon="94.656871743500232696533203125">
        <ele>1135</ele>
        <time>2025-08-11T23:08:05.000Z</time>
        <extensions>
          <ns3:TrackPointExtension>
            <ns3:hr>151</ns3:hr>
            <ns3:cad>89</ns3:cad>
          </ns3:TrackPointExtension>
        </extensions>
      </trkpt>
      <trkpt lat="40.1465307176113128662109375" lon="94.6568507887423038482666015625">
        <ele>1135.199951171875</ele>
        <time>2025-08-11T23:08:06.000Z</time>
        <extensions>
          <ns3:TrackPointExtension>
            <ns3:hr>151</ns3:hr>
            <ns3:cad>89</ns3:cad>
          </ns3:TrackPointExtension>
        </extensions>
      </trkpt>
      <trkpt lat="40.1465168036520481109619140625" lon="94.65684098191559314727783203125">
        <ele>1135.800048828125</ele>
        <time>2025-08-11T23:08:07.000Z</time>
        <extensions>
          <ns3:TrackPointExtension>
            <ns3:hr>152</ns3:hr>
            <ns3:cad>88</ns3:cad>
          </ns3:TrackPointExtension>
        </extensions>
      </trkpt>
      <trkpt lat="40.14650347642600536346435546875" lon="94.65682388283312320709228515625">
        <ele>1136.199951171875</ele>
        <time>2025-08-11T23:08:08.000Z</time>
        <extensions>
          <ns3:TrackPointExtension>
            <ns3:hr>152</ns3:hr>
            <ns3:cad>88</ns3:cad>
          </ns3:TrackPointExtension>
        </extensions>
      </trkpt>
      <trkpt lat="40.14649115502834320068359375" lon="94.65680301189422607421875">
        <ele>1136.800048828125</ele>
        <time>2025-08-11T23:08:09.000Z</time>
        <extensions>
          <ns3:TrackPointExtension>
            <ns3:hr>152</ns3:hr>
            <ns3:cad>83</ns3:cad>
          </ns3:TrackPointExtension>
        </extensions>
      </trkpt>
      <trkpt lat="40.14647766016423702239990234375" lon="94.65678750537335872650146484375">
        <ele>1137.199951171875</ele>
        <time>2025-08-11T23:08:10.000Z</time>
        <extensions>
          <ns3:TrackPointExtension>
            <ns3:hr>152</ns3:hr>
            <ns3:cad>83</ns3:cad>
          </ns3:TrackPointExtension>
        </extensions>
      </trkpt>
      <trkpt lat="40.14645938761532306671142578125" lon="94.65676370076835155487060546875">
        <ele>1137.5999755859375</ele>
        <time>2025-08-11T23:08:11.000Z</time>
        <extensions>
          <ns3:TrackPointExtension>
            <ns3:hr>152</ns3:hr>
            <ns3:cad>83</ns3:cad>
          </ns3:TrackPointExtension>
        </extensions>
      </trkpt>
      <trkpt lat="40.14644430018961429595947265625" lon="94.656747691333293914794921875">
        <ele>1137.800048828125</ele>
        <time>2025-08-11T23:08:12.000Z</time>
        <extensions>
          <ns3:TrackPointExtension>
            <ns3:hr>153</ns3:hr>
            <ns3:cad>83</ns3:cad>
          </ns3:TrackPointExtension>
        </extensions>
      </trkpt>
      <trkpt lat="40.14642435126006603240966796875" lon="94.6567223779857158660888671875">
        <ele>1138</ele>
        <time>2025-08-11T23:08:13.000Z</time>
        <extensions>
          <ns3:TrackPointExtension>
            <ns3:hr>153</ns3:hr>
            <ns3:cad>83</ns3:cad>
          </ns3:TrackPointExtension>
        </extensions>
      </trkpt>
      <trkpt lat="40.14640792272984981536865234375" lon="94.6567059494554996490478515625">
        <ele>1138</ele>
        <time>2025-08-11T23:08:14.000Z</time>
        <extensions>
          <ns3:TrackPointExtension>
            <ns3:hr>153</ns3:hr>
            <ns3:cad>83</ns3:cad>
          </ns3:TrackPointExtension>
        </extensions>
      </trkpt>
      <trkpt lat="40.1463860459625720977783203125" lon="94.6566861681640148162841796875">
        <ele>1138</ele>
        <time>2025-08-11T23:08:15.000Z</time>
        <extensions>
          <ns3:TrackPointExtension>
            <ns3:hr>153</ns3:hr>
            <ns3:cad>85</ns3:cad>
          </ns3:TrackPointExtension>
        </extensions>
      </trkpt>
      <trkpt lat="40.14637003652751445770263671875" lon="94.65667434968054294586181640625">
        <ele>1138</ele>
        <time>2025-08-11T23:08:16.000Z</time>
        <extensions>
          <ns3:TrackPointExtension>
            <ns3:hr>153</ns3:hr>
            <ns3:cad>87</ns3:cad>
          </ns3:TrackPointExtension>
        </extensions>
      </trkpt>
      <trkpt lat="40.1463488303124904632568359375" lon="94.65664953924715518951416015625">
        <ele>1138</ele>
        <time>2025-08-11T23:08:17.000Z</time>
        <extensions>
          <ns3:TrackPointExtension>
            <ns3:hr>153</ns3:hr>
            <ns3:cad>87</ns3:cad>
          </ns3:TrackPointExtension>
        </extensions>
      </trkpt>
      <trkpt lat="40.14632946811616420745849609375" lon="94.65663445182144641876220703125">
        <ele>1138</ele>
        <time>2025-08-11T23:08:18.000Z</time>
        <extensions>
          <ns3:TrackPointExtension>
            <ns3:hr>153</ns3:hr>
            <ns3:cad>88</ns3:cad>
          </ns3:TrackPointExtension>
        </extensions>
      </trkpt>
      <trkpt lat="40.1463107764720916748046875" lon="94.65661148540675640106201171875">
        <ele>1138</ele>
        <time>2025-08-11T23:08:19.000Z</time>
        <extensions>
          <ns3:TrackPointExtension>
            <ns3:hr>154</ns3:hr>
            <ns3:cad>88</ns3:cad>
          </ns3:TrackPointExtension>
        </extensions>
      </trkpt>
      <trkpt lat="40.1462938450276851654052734375" lon="94.65659019537270069122314453125">
        <ele>1138.199951171875</ele>
        <time>2025-08-11T23:08:20.000Z</time>
        <extensions>
          <ns3:TrackPointExtension>
            <ns3:hr>154</ns3:hr>
            <ns3:cad>88</ns3:cad>
          </ns3:TrackPointExtension>
        </extensions>
      </trkpt>
      <trkpt lat="40.1462710462510585784912109375" lon="94.656563960015773773193359375">
        <ele>1138.199951171875</ele>
        <time>2025-08-11T23:08:21.000Z</time>
        <extensions>
          <ns3:TrackPointExtension>
            <ns3:hr>154</ns3:hr>
            <ns3:cad>88</ns3:cad>
          </ns3:TrackPointExtension>
        </extensions>
      </trkpt>
      <trkpt lat="40.14625000767409801483154296875" lon="94.65654962696135044097900390625">
        <ele>1138.199951171875</ele>
        <time>2025-08-11T23:08:22.000Z</time>
        <extensions>
          <ns3:TrackPointExtension>
            <ns3:hr>153</ns3:hr>
            <ns3:cad>88</ns3:cad>
          </ns3:TrackPointExtension>
        </extensions>
      </trkpt>
      <trkpt lat="40.14622787944972515106201171875" lon="94.656532444059848785400390625">
        <ele>1138.199951171875</ele>
        <time>2025-08-11T23:08:23.000Z</time>
        <extensions>
          <ns3:TrackPointExtension>
            <ns3:hr>154</ns3:hr>
            <ns3:cad>90</ns3:cad>
          </ns3:TrackPointExtension>
        </extensions>
      </trkpt>
      <trkpt lat="40.14621782116591930389404296875" lon="94.65651492588222026824951171875">
        <ele>1138.199951171875</ele>
        <time>2025-08-11T23:08:24.000Z</time>
        <extensions>
          <ns3:TrackPointExtension>
            <ns3:hr>153</ns3:hr>
            <ns3:cad>90</ns3:cad>
          </ns3:TrackPointExtension>
        </extensions>
      </trkpt>
      <trkpt lat="40.14619468711316585540771484375" lon="94.65649732388556003570556640625">
        <ele>1138.199951171875</ele>
        <time>2025-08-11T23:08:25.000Z</time>
        <extensions>
          <ns3:TrackPointExtension>
            <ns3:hr>153</ns3:hr>
            <ns3:cad>90</ns3:cad>
          </ns3:TrackPointExtension>
        </extensions>
      </trkpt>
      <trkpt lat="40.14617909677326679229736328125" lon="94.65647603385150432586669921875">
        <ele>1138.199951171875</ele>
        <time>2025-08-11T23:08:26.000Z</time>
        <extensions>
          <ns3:TrackPointExtension>
            <ns3:hr>153</ns3:hr>
            <ns3:cad>90</ns3:cad>
          </ns3:TrackPointExtension>
        </extensions>
      </trkpt>
      <trkpt lat="40.14615747146308422088623046875" lon="94.6564558334648609161376953125">
        <ele>1138.199951171875</ele>
        <time>2025-08-11T23:08:27.000Z</time>
        <extensions>
          <ns3:TrackPointExtension>
            <ns3:hr>153</ns3:hr>
            <ns3:cad>90</ns3:cad>
          </ns3:TrackPointExtension>
        </extensions>
      </trkpt>
      <trkpt lat="40.146141462028026580810546875" lon="94.65643764473497867584228515625">
        <ele>1138.199951171875</ele>
        <time>2025-08-11T23:08:28.000Z</time>
        <extensions>
          <ns3:TrackPointExtension>
            <ns3:hr>153</ns3:hr>
            <ns3:cad>89</ns3:cad>
          </ns3:TrackPointExtension>
        </extensions>
      </trkpt>
      <trkpt lat="40.14611958526074886322021484375" lon="94.65642146766185760498046875">
        <ele>1138.199951171875</ele>
        <time>2025-08-11T23:08:29.000Z</time>
        <extensions>
          <ns3:TrackPointExtension>
            <ns3:hr>153</ns3:hr>
            <ns3:cad>88</ns3:cad>
          </ns3:TrackPointExtension>
        </extensions>
      </trkpt>
      <trkpt lat="40.14610064215958118438720703125" lon="94.656399674713611602783203125">
        <ele>1138.199951171875</ele>
        <time>2025-08-11T23:08:30.000Z</time>
        <extensions>
          <ns3:TrackPointExtension>
            <ns3:hr>152</ns3:hr>
            <ns3:cad>88</ns3:cad>
          </ns3:TrackPointExtension>
        </extensions>
      </trkpt>
      <trkpt lat="40.14607767574489116668701171875" lon="94.656377546489238739013671875">
        <ele>1138.199951171875</ele>
        <time>2025-08-11T23:08:31.000Z</time>
        <extensions>
          <ns3:TrackPointExtension>
            <ns3:hr>152</ns3:hr>
            <ns3:cad>88</ns3:cad>
          </ns3:TrackPointExtension>
        </extensions>
      </trkpt>
      <trkpt lat="40.1460614986717700958251953125" lon="94.656352065503597259521484375">
        <ele>1138.199951171875</ele>
        <time>2025-08-11T23:08:32.000Z</time>
        <extensions>
          <ns3:TrackPointExtension>
            <ns3:hr>152</ns3:hr>
            <ns3:cad>89</ns3:cad>
          </ns3:TrackPointExtension>
        </extensions>
      </trkpt>
      <trkpt lat="40.1460386998951435089111328125" lon="94.65633756481111049652099609375">
        <ele>1138.4000244140625</ele>
        <time>2025-08-11T23:08:33.000Z</time>
        <extensions>
          <ns3:TrackPointExtension>
            <ns3:hr>152</ns3:hr>
            <ns3:cad>89</ns3:cad>
          </ns3:TrackPointExtension>
        </extensions>
      </trkpt>
      <trkpt lat="40.14602067880332469940185546875" lon="94.6563156880438327789306640625">
        <ele>1138.4000244140625</ele>
        <time>2025-08-11T23:08:34.000Z</time>
        <extensions>
          <ns3:TrackPointExtension>
            <ns3:hr>153</ns3:hr>
            <ns3:cad>89</ns3:cad>
          </ns3:TrackPointExtension>
        </extensions>
      </trkpt>
      <trkpt lat="40.1459994725883007049560546875" lon="94.65630252845585346221923828125">
        <ele>1138.4000244140625</ele>
        <time>2025-08-11T23:08:35.000Z</time>
        <extensions>
          <ns3:TrackPointExtension>
            <ns3:hr>152</ns3:hr>
            <ns3:cad>89</ns3:cad>
          </ns3:TrackPointExtension>
        </extensions>
      </trkpt>
      <trkpt lat="40.145981200039386749267578125" lon="94.656282328069210052490234375">
        <ele>1138.4000244140625</ele>
        <time>2025-08-11T23:08:36.000Z</time>
        <extensions>
          <ns3:TrackPointExtension>
            <ns3:hr>152</ns3:hr>
            <ns3:cad>89</ns3:cad>
          </ns3:TrackPointExtension>
        </extensions>
      </trkpt>
      <trkpt lat="40.145963095128536224365234375" lon="94.65626682154834270477294921875">
        <ele>1138.4000244140625</ele>
        <time>2025-08-11T23:08:37.000Z</time>
        <extensions>
          <ns3:TrackPointExtension>
            <ns3:hr>152</ns3:hr>
            <ns3:cad>89</ns3:cad>
          </ns3:TrackPointExtension>
        </extensions>
      </trkpt>
      <trkpt lat="40.14594574458897113800048828125" lon="94.65624687261879444122314453125">
        <ele>1138.4000244140625</ele>
        <time>2025-08-11T23:08:38.000Z</time>
        <extensions>
          <ns3:TrackPointExtension>
            <ns3:hr>153</ns3:hr>
            <ns3:cad>88</ns3:cad>
          </ns3:TrackPointExtension>
        </extensions>
      </trkpt>
      <trkpt lat="40.14592252671718597412109375" lon="94.65622700750827789306640625">
        <ele>1138.4000244140625</ele>
        <time>2025-08-11T23:08:39.000Z</time>
        <extensions>
          <ns3:TrackPointExtension>
            <ns3:hr>153</ns3:hr>
            <ns3:cad>88</ns3:cad>
          </ns3:TrackPointExtension>
        </extensions>
      </trkpt>
      <trkpt lat="40.145899392664432525634765625" lon="94.65620630420744419097900390625">
        <ele>1138.4000244140625</ele>
        <time>2025-08-11T23:08:40.000Z</time>
        <extensions>
          <ns3:TrackPointExtension>
            <ns3:hr>153</ns3:hr>
            <ns3:cad>88</ns3:cad>
          </ns3:TrackPointExtension>
        </extensions>
      </trkpt>
      <trkpt lat="40.14588070102035999298095703125" lon="94.65619356371462345123291015625">
        <ele>1138.4000244140625</ele>
        <time>2025-08-11T23:08:41.000Z</time>
        <extensions>
          <ns3:TrackPointExtension>
            <ns3:hr>153</ns3:hr>
            <ns3:cad>89</ns3:cad>
          </ns3:TrackPointExtension>
        </extensions>
      </trkpt>
      <trkpt lat="40.14586259610950946807861328125" lon="94.65617470443248748779296875">
        <ele>1138.4000244140625</ele>
        <time>2025-08-11T23:08:42.000Z</time>
        <extensions>
          <ns3:TrackPointExtension>
            <ns3:hr>153</ns3:hr>
            <ns3:cad>89</ns3:cad>
          </ns3:TrackPointExtension>
        </extensions>
      </trkpt>
      <trkpt lat="40.14583962969481945037841796875" lon="94.65615928173065185546875">
        <ele>1138.4000244140625</ele>
        <time>2025-08-11T23:08:43.000Z</time>
        <extensions>
          <ns3:TrackPointExtension>
            <ns3:hr>153</ns3:hr>
            <ns3:cad>89</ns3:cad>
          </ns3:TrackPointExtension>
        </extensions>
      </trkpt>
      <trkpt lat="40.1458190940320491790771484375" lon="94.656139500439167022705078125">
        <ele>1138.4000244140625</ele>
        <time>2025-08-11T23:08:44.000Z</time>
        <extensions>
          <ns3:TrackPointExtension>
            <ns3:hr>153</ns3:hr>
            <ns3:cad>89</ns3:cad>
          </ns3:TrackPointExtension>
        </extensions>
      </trkpt>
      <trkpt lat="40.14579704962670803070068359375" lon="94.656124748289585113525390625">
        <ele>1138.4000244140625</ele>
        <time>2025-08-11T23:08:45.000Z</time>
        <extensions>
          <ns3:TrackPointExtension>
            <ns3:hr>153</ns3:hr>
            <ns3:cad>89</ns3:cad>
          </ns3:TrackPointExtension>
        </extensions>
      </trkpt>
      <trkpt lat="40.14577659778296947479248046875" lon="94.656101278960704803466796875">
        <ele>1138.4000244140625</ele>
        <time>2025-08-11T23:08:46.000Z</time>
        <extensions>
          <ns3:TrackPointExtension>
            <ns3:hr>154</ns3:hr>
            <ns3:cad>89</ns3:cad>
          </ns3:TrackPointExtension>
        </extensions>
      </trkpt>
      <trkpt lat="40.14575421810150146484375" lon="94.656081497669219970703125">
        <ele>1138.5999755859375</ele>
        <time>2025-08-11T23:08:47.000Z</time>
        <extensions>
          <ns3:TrackPointExtension>
            <ns3:hr>154</ns3:hr>
            <ns3:cad>89</ns3:cad>
          </ns3:TrackPointExtension>
        </extensions>
      </trkpt>
      <trkpt lat="40.14573133550584316253662109375" lon="94.6560585312545299530029296875">
        <ele>1138.5999755859375</ele>
        <time>2025-08-11T23:08:48.000Z</time>
        <extensions>
          <ns3:TrackPointExtension>
            <ns3:hr>154</ns3:hr>
            <ns3:cad>89</ns3:cad>
          </ns3:TrackPointExtension>
        </extensions>
      </trkpt>
      <trkpt lat="40.14571272768080234527587890625" lon="94.6560464613139629364013671875">
        <ele>1138.5999755859375</ele>
        <time>2025-08-11T23:08:49.000Z</time>
        <extensions>
          <ns3:TrackPointExtension>
            <ns3:hr>153</ns3:hr>
            <ns3:cad>88</ns3:cad>
          </ns3:TrackPointExtension>
        </extensions>
      </trkpt>
      <trkpt lat="40.14568624086678028106689453125" lon="94.65602793730795383453369140625">
        <ele>1138.5999755859375</ele>
        <time>2025-08-11T23:08:50.000Z</time>
        <extensions>
          <ns3:TrackPointExtension>
            <ns3:hr>154</ns3:hr>
            <ns3:cad>88</ns3:cad>
          </ns3:TrackPointExtension>
        </extensions>
      </trkpt>
      <trkpt lat="40.1456635259091854095458984375" lon="94.65601687319576740264892578125">
        <ele>1138.5999755859375</ele>
        <time>2025-08-11T23:08:51.000Z</time>
        <extensions>
          <ns3:TrackPointExtension>
            <ns3:hr>153</ns3:hr>
            <ns3:cad>88</ns3:cad>
          </ns3:TrackPointExtension>
        </extensions>
      </trkpt>
      <trkpt lat="40.14564081095159053802490234375" lon="94.65599742718040943145751953125">
        <ele>1138.4000244140625</ele>
        <time>2025-08-11T23:08:52.000Z</time>
        <extensions>
          <ns3:TrackPointExtension>
            <ns3:hr>153</ns3:hr>
            <ns3:cad>89</ns3:cad>
          </ns3:TrackPointExtension>
        </extensions>
      </trkpt>
      <trkpt lat="40.14561667107045650482177734375" lon="94.65598250739276409149169921875">
        <ele>1138.199951171875</ele>
        <time>2025-08-11T23:08:53.000Z</time>
        <extensions>
          <ns3:TrackPointExtension>
            <ns3:hr>153</ns3:hr>
            <ns3:cad>89</ns3:cad>
          </ns3:TrackPointExtension>
        </extensions>
      </trkpt>
      <trkpt lat="40.14559261500835418701171875" lon="94.65596155263483524322509765625">
        <ele>1138.199951171875</ele>
        <time>2025-08-11T23:08:54.000Z</time>
        <extensions>
          <ns3:TrackPointExtension>
            <ns3:hr>153</ns3:hr>
            <ns3:cad>89</ns3:cad>
          </ns3:TrackPointExtension>
        </extensions>
      </trkpt>
      <trkpt lat="40.14557392336428165435791015625" lon="94.6559502370655536651611328125">
        <ele>1138.199951171875</ele>
        <time>2025-08-11T23:08:55.000Z</time>
        <extensions>
          <ns3:TrackPointExtension>
            <ns3:hr>153</ns3:hr>
            <ns3:cad>89</ns3:cad>
          </ns3:TrackPointExtension>
        </extensions>
      </trkpt>
      <trkpt lat="40.14554944820702075958251953125" lon="94.65593523345887660980224609375">
        <ele>1138.4000244140625</ele>
        <time>2025-08-11T23:08:56.000Z</time>
        <extensions>
          <ns3:TrackPointExtension>
            <ns3:hr>153</ns3:hr>
            <ns3:cad>89</ns3:cad>
          </ns3:TrackPointExtension>
        </extensions>
      </trkpt>
      <trkpt lat="40.145527906715869903564453125" lon="94.6559240855276584625244140625">
        <ele>1138.4000244140625</ele>
        <time>2025-08-11T23:08:57.000Z</time>
        <extensions>
          <ns3:TrackPointExtension>
            <ns3:hr>153</ns3:hr>
            <ns3:cad>89</ns3:cad>
          </ns3:TrackPointExtension>
        </extensions>
      </trkpt>
      <trkpt lat="40.1455072872340679168701171875" lon="94.65590388514101505279541015625">
        <ele>1138.5999755859375</ele>
        <time>2025-08-11T23:08:58.000Z</time>
        <extensions>
          <ns3:TrackPointExtension>
            <ns3:hr>153</ns3:hr>
            <ns3:cad>89</ns3:cad>
          </ns3:TrackPointExtension>
        </extensions>
      </trkpt>
      <trkpt lat="40.145484991371631622314453125" lon="94.6558950841426849365234375">
        <ele>1138.5999755859375</ele>
        <time>2025-08-11T23:08:59.000Z</time>
        <extensions>
          <ns3:TrackPointExtension>
            <ns3:hr>153</ns3:hr>
            <ns3:cad>89</ns3:cad>
          </ns3:TrackPointExtension>
        </extensions>
      </trkpt>
      <trkpt lat="40.1454569958150386810302734375" lon="94.655884020030498504638671875">
        <ele>1138.5999755859375</ele>
        <time>2025-08-11T23:09:00.000Z</time>
        <extensions>
          <ns3:TrackPointExtension>
            <ns3:hr>152</ns3:hr>
            <ns3:cad>89</ns3:cad>
          </ns3:TrackPointExtension>
        </extensions>
      </trkpt>
      <trkpt lat="40.14543277211487293243408203125" lon="94.6558761410415172576904296875">
        <ele>1138.5999755859375</ele>
        <time>2025-08-11T23:09:01.000Z</time>
        <extensions>
          <ns3:TrackPointExtension>
            <ns3:hr>152</ns3:hr>
            <ns3:cad>89</ns3:cad>
          </ns3:TrackPointExtension>
        </extensions>
      </trkpt>
      <trkpt lat="40.14541064389050006866455078125" lon="94.65585686266422271728515625">
        <ele>1138.5999755859375</ele>
        <time>2025-08-11T23:09:02.000Z</time>
        <extensions>
          <ns3:TrackPointExtension>
            <ns3:hr>152</ns3:hr>
            <ns3:cad>89</ns3:cad>
          </ns3:TrackPointExtension>
        </extensions>
      </trkpt>
      <trkpt lat="40.1453880965709686279296875" lon="94.6558463014662265777587890625">
        <ele>1138.5999755859375</ele>
        <time>2025-08-11T23:09:03.000Z</time>
        <extensions>
          <ns3:TrackPointExtension>
            <ns3:hr>152</ns3:hr>
            <ns3:cad>89</ns3:cad>
          </ns3:TrackPointExtension>
        </extensions>
      </trkpt>
      <trkpt lat="40.1453554071485996246337890625" lon="94.6558302082121372222900390625">
        <ele>1138.4000244140625</ele>
        <time>2025-08-11T23:09:04.000Z</time>
        <extensions>
          <ns3:TrackPointExtension>
            <ns3:hr>152</ns3:hr>
            <ns3:cad>89</ns3:cad>
          </ns3:TrackPointExtension>
        </extensions>
      </trkpt>
      <trkpt lat="40.14533470384776592254638671875" lon="94.65582375414669513702392578125">
        <ele>1138.4000244140625</ele>
        <time>2025-08-11T23:09:05.000Z</time>
        <extensions>
          <ns3:TrackPointExtension>
            <ns3:hr>153</ns3:hr>
            <ns3:cad>89</ns3:cad>
          </ns3:TrackPointExtension>
        </extensions>
      </trkpt>
      <trkpt lat="40.14530536718666553497314453125" lon="94.65580799616873264312744140625">
        <ele>1138.4000244140625</ele>
        <time>2025-08-11T23:09:06.000Z</time>
        <extensions>
          <ns3:TrackPointExtension>
            <ns3:hr>152</ns3:hr>
            <ns3:cad>89</ns3:cad>
          </ns3:TrackPointExtension>
        </extensions>
      </trkpt>
      <trkpt lat="40.1452870108187198638916015625" lon="94.6557983569800853729248046875">
        <ele>1138.4000244140625</ele>
        <time>2025-08-11T23:09:07.000Z</time>
        <extensions>
          <ns3:TrackPointExtension>
            <ns3:hr>152</ns3:hr>
            <ns3:cad>89</ns3:cad>
          </ns3:TrackPointExtension>
        </extensions>
      </trkpt>
      <trkpt lat="40.14525608159601688385009765625" lon="94.65578486211597919464111328125">
        <ele>1138.4000244140625</ele>
        <time>2025-08-11T23:09:08.000Z</time>
        <extensions>
          <ns3:TrackPointExtension>
            <ns3:hr>152</ns3:hr>
            <ns3:cad>89</ns3:cad>
          </ns3:TrackPointExtension>
        </extensions>
      </trkpt>
      <trkpt lat="40.1452347077429294586181640625" lon="94.6557799167931079864501953125">
        <ele>1138.4000244140625</ele>
        <time>2025-08-11T23:09:09.000Z</time>
        <extensions>
          <ns3:TrackPointExtension>
            <ns3:hr>152</ns3:hr>
            <ns3:cad>89</ns3:cad>
          </ns3:TrackPointExtension>
        </extensions>
      </trkpt>
      <trkpt lat="40.1452025212347507476806640625" lon="94.65577228926122188568115234375">
        <ele>1138.4000244140625</ele>
        <time>2025-08-11T23:09:10.000Z</time>
        <extensions>
          <ns3:TrackPointExtension>
            <ns3:hr>153</ns3:hr>
            <ns3:cad>89</ns3:cad>
          </ns3:TrackPointExtension>
        </extensions>
      </trkpt>
      <trkpt lat="40.14518030919134616851806640625" lon="94.6557688526809215545654296875">
        <ele>1138.4000244140625</ele>
        <time>2025-08-11T23:09:11.000Z</time>
        <extensions>
          <ns3:TrackPointExtension>
            <ns3:hr>152</ns3:hr>
            <ns3:cad>89</ns3:cad>
          </ns3:TrackPointExtension>
        </extensions>
      </trkpt>
      <trkpt lat="40.14515248127281665802001953125" lon="94.6557601355016231536865234375">
        <ele>1138.4000244140625</ele>
        <time>2025-08-11T23:09:12.000Z</time>
        <extensions>
          <ns3:TrackPointExtension>
            <ns3:hr>152</ns3:hr>
            <ns3:cad>89</ns3:cad>
          </ns3:TrackPointExtension>
        </extensions>
      </trkpt>
      <trkpt lat="40.1451297663152217864990234375" lon="94.65575435198843479156494140625">
        <ele>1138.5999755859375</ele>
        <time>2025-08-11T23:09:13.000Z</time>
        <extensions>
          <ns3:TrackPointExtension>
            <ns3:hr>152</ns3:hr>
            <ns3:cad>89</ns3:cad>
          </ns3:TrackPointExtension>
        </extensions>
      </trkpt>
      <trkpt lat="40.14510252512991428375244140625" lon="94.655746556818485260009765625">
        <ele>1138.5999755859375</ele>
        <time>2025-08-11T23:09:14.000Z</time>
        <extensions>
          <ns3:TrackPointExtension>
            <ns3:hr>152</ns3:hr>
            <ns3:cad>89</ns3:cad>
          </ns3:TrackPointExtension>
        </extensions>
      </trkpt>
      <trkpt lat="40.1450824923813343048095703125" lon="94.65574043802917003631591796875">
        <ele>1138.5999755859375</ele>
        <time>2025-08-11T23:09:15.000Z</time>
        <extensions>
          <ns3:TrackPointExtension>
            <ns3:hr>152</ns3:hr>
            <ns3:cad>88</ns3:cad>
          </ns3:TrackPointExtension>
        </extensions>
      </trkpt>
      <trkpt lat="40.14505483210086822509765625" lon="94.65572987683117389678955078125">
        <ele>1138.5999755859375</ele>
        <time>2025-08-11T23:09:16.000Z</time>
        <extensions>
          <ns3:TrackPointExtension>
            <ns3:hr>153</ns3:hr>
            <ns3:cad>88</ns3:cad>
          </ns3:TrackPointExtension>
        </extensions>
      </trkpt>
      <trkpt lat="40.1450382359325885772705078125" lon="94.65572543442249298095703125">
        <ele>1138.5999755859375</ele>
        <time>2025-08-11T23:09:17.000Z</time>
        <extensions>
          <ns3:TrackPointExtension>
            <ns3:hr>152</ns3:hr>
            <ns3:cad>88</ns3:cad>
          </ns3:TrackPointExtension>
        </extensions>
      </trkpt>
      <trkpt lat="40.14501283876597881317138671875" lon="94.655717052519321441650390625">
        <ele>1138.4000244140625</ele>
        <time>2025-08-11T23:09:18.000Z</time>
        <extensions>
          <ns3:TrackPointExtension>
            <ns3:hr>152</ns3:hr>
            <ns3:cad>88</ns3:cad>
          </ns3:TrackPointExtension>
        </extensions>
      </trkpt>
      <trkpt lat="40.14499339275062084197998046875" lon="94.655709676444530487060546875">
        <ele>1138.4000244140625</ele>
        <time>2025-08-11T23:09:19.000Z</time>
        <extensions>
          <ns3:TrackPointExtension>
            <ns3:hr>152</ns3:hr>
            <ns3:cad>89</ns3:cad>
          </ns3:TrackPointExtension>
        </extensions>
      </trkpt>
      <trkpt lat="40.1449641399085521697998046875" lon="94.65569886378943920135498046875">
        <ele>1138.5999755859375</ele>
        <time>2025-08-11T23:09:20.000Z</time>
        <extensions>
          <ns3:TrackPointExtension>
            <ns3:hr>152</ns3:hr>
            <ns3:cad>89</ns3:cad>
          </ns3:TrackPointExtension>
        </extensions>
      </trkpt>
      <trkpt lat="40.144943185150623321533203125" lon="94.65569584630429744720458984375">
        <ele>1138.5999755859375</ele>
        <time>2025-08-11T23:09:21.000Z</time>
        <extensions>
          <ns3:TrackPointExtension>
            <ns3:hr>152</ns3:hr>
            <ns3:cad>89</ns3:cad>
          </ns3:TrackPointExtension>
        </extensions>
      </trkpt>
      <trkpt lat="40.14491736888885498046875" lon="94.65568779967725276947021484375">
        <ele>1138.5999755859375</ele>
        <time>2025-08-11T23:09:22.000Z</time>
        <extensions>
          <ns3:TrackPointExtension>
            <ns3:hr>153</ns3:hr>
            <ns3:cad>89</ns3:cad>
          </ns3:TrackPointExtension>
        </extensions>
      </trkpt>
      <trkpt lat="40.1448960788547992706298828125" lon="94.65568277053534984588623046875">
        <ele>1138.5999755859375</ele>
        <time>2025-08-11T23:09:23.000Z</time>
        <extensions>
          <ns3:TrackPointExtension>
            <ns3:hr>152</ns3:hr>
            <ns3:cad>89</ns3:cad>
          </ns3:TrackPointExtension>
        </extensions>
      </trkpt>
      <trkpt lat="40.1448692567646503448486328125" lon="94.65567774139344692230224609375">
        <ele>1138.5999755859375</ele>
        <time>2025-08-11T23:09:24.000Z</time>
        <extensions>
          <ns3:TrackPointExtension>
            <ns3:hr>152</ns3:hr>
            <ns3:cad>89</ns3:cad>
          </ns3:TrackPointExtension>
        </extensions>
      </trkpt>
      <trkpt lat="40.1448498107492923736572265625" lon="94.65567790903151035308837890625">
        <ele>1138.5999755859375</ele>
        <time>2025-08-11T23:09:25.000Z</time>
        <extensions>
          <ns3:TrackPointExtension>
            <ns3:hr>152</ns3:hr>
            <ns3:cad>90</ns3:cad>
          </ns3:TrackPointExtension>
        </extensions>
      </trkpt>
      <trkpt lat="40.14482240192592144012451171875" lon="94.65567313134670257568359375">
        <ele>1138.5999755859375</ele>
        <time>2025-08-11T23:09:26.000Z</time>
        <extensions>
          <ns3:TrackPointExtension>
            <ns3:hr>152</ns3:hr>
            <ns3:cad>90</ns3:cad>
          </ns3:TrackPointExtension>
        </extensions>
      </trkpt>
      <trkpt lat="40.14480396173894405364990234375" lon="94.6556686051189899444580078125">
        <ele>1138.800048828125</ele>
        <time>2025-08-11T23:09:27.000Z</time>
        <extensions>
          <ns3:TrackPointExtension>
            <ns3:hr>153</ns3:hr>
            <ns3:cad>89</ns3:cad>
          </ns3:TrackPointExtension>
        </extensions>
      </trkpt>
      <trkpt lat="40.1447733677923679351806640625" lon="94.65566131286323070526123046875">
        <ele>1138.800048828125</ele>
        <time>2025-08-11T23:09:28.000Z</time>
        <extensions>
          <ns3:TrackPointExtension>
            <ns3:hr>152</ns3:hr>
            <ns3:cad>89</ns3:cad>
          </ns3:TrackPointExtension>
        </extensions>
      </trkpt>
      <trkpt lat="40.1447488926351070404052734375" lon="94.65565661899745464324951171875">
        <ele>1139</ele>
        <time>2025-08-11T23:09:29.000Z</time>
        <extensions>
          <ns3:TrackPointExtension>
            <ns3:hr>152</ns3:hr>
            <ns3:cad>89</ns3:cad>
          </ns3:TrackPointExtension>
        </extensions>
      </trkpt>
      <trkpt lat="40.1447203941643238067626953125" lon="94.65564555488526821136474609375">
        <ele>1139</ele>
        <time>2025-08-11T23:09:30.000Z</time>
        <extensions>
          <ns3:TrackPointExtension>
            <ns3:hr>152</ns3:hr>
            <ns3:cad>89</ns3:cad>
          </ns3:TrackPointExtension>
        </extensions>
      </trkpt>
      <trkpt lat="40.1446982659399509429931640625" lon="94.65563918463885784149169921875">
        <ele>1139</ele>
        <time>2025-08-11T23:09:31.000Z</time>
        <extensions>
          <ns3:TrackPointExtension>
            <ns3:hr>153</ns3:hr>
            <ns3:cad>89</ns3:cad>
          </ns3:TrackPointExtension>
        </extensions>
      </trkpt>
      <trkpt lat="40.144671611487865447998046875" lon="94.65563147328794002532958984375">
        <ele>1139</ele>
        <time>2025-08-11T23:09:32.000Z</time>
        <extensions>
          <ns3:TrackPointExtension>
            <ns3:hr>152</ns3:hr>
            <ns3:cad>89</ns3:cad>
          </ns3:TrackPointExtension>
        </extensions>
      </trkpt>
      <trkpt lat="40.1446506567299365997314453125" lon="94.655626527965068817138671875">
        <ele>1139</ele>
        <time>2025-08-11T23:09:33.000Z</time>
        <extensions>
          <ns3:TrackPointExtension>
            <ns3:hr>152</ns3:hr>
            <ns3:cad>88</ns3:cad>
          </ns3:TrackPointExtension>
        </extensions>
      </trkpt>
      <trkpt lat="40.14462525956332683563232421875" lon="94.65562074445188045501708984375">
        <ele>1138.800048828125</ele>
        <time>2025-08-11T23:09:34.000Z</time>
        <extensions>
          <ns3:TrackPointExtension>
            <ns3:hr>152</ns3:hr>
            <ns3:cad>88</ns3:cad>
          </ns3:TrackPointExtension>
        </extensions>
      </trkpt>
      <trkpt lat="40.14460246078670024871826171875" lon="94.65561420656740665435791015625">
        <ele>1138.800048828125</ele>
        <time>2025-08-11T23:09:35.000Z</time>
        <extensions>
          <ns3:TrackPointExtension>
            <ns3:hr>153</ns3:hr>
            <ns3:cad>88</ns3:cad>
          </ns3:TrackPointExtension>
        </extensions>
      </trkpt>
      <trkpt lat="40.14457899145781993865966796875" lon="94.65560347773134708404541015625">
        <ele>1138.800048828125</ele>
        <time>2025-08-11T23:09:36.000Z</time>
        <extensions>
          <ns3:TrackPointExtension>
            <ns3:hr>152</ns3:hr>
            <ns3:cad>89</ns3:cad>
          </ns3:TrackPointExtension>
        </extensions>
      </trkpt>
      <trkpt lat="40.14455283991992473602294921875" lon="94.65560297481715679168701171875">
        <ele>1138.800048828125</ele>
        <time>2025-08-11T23:09:37.000Z</time>
        <extensions>
          <ns3:TrackPointExtension>
            <ns3:hr>152</ns3:hr>
            <ns3:cad>88</ns3:cad>
          </ns3:TrackPointExtension>
        </extensions>
      </trkpt>
      <trkpt lat="40.1445249281823635101318359375" lon="94.65559802949428558349609375">
        <ele>1138.800048828125</ele>
        <time>2025-08-11T23:09:38.000Z</time>
        <extensions>
          <ns3:TrackPointExtension>
            <ns3:hr>152</ns3:hr>
            <ns3:cad>88</ns3:cad>
          </ns3:TrackPointExtension>
        </extensions>
      </trkpt>
      <trkpt lat="40.14450154267251491546630859375" lon="94.6555919945240020751953125">
        <ele>1138.800048828125</ele>
        <time>2025-08-11T23:09:39.000Z</time>
        <extensions>
          <ns3:TrackPointExtension>
            <ns3:hr>153</ns3:hr>
            <ns3:cad>88</ns3:cad>
          </ns3:TrackPointExtension>
        </extensions>
      </trkpt>
      <trkpt lat="40.14447220601141452789306640625" lon="94.6555861271917819976806640625">
        <ele>1138.800048828125</ele>
        <time>2025-08-11T23:09:40.000Z</time>
        <extensions>
          <ns3:TrackPointExtension>
            <ns3:hr>152</ns3:hr>
            <ns3:cad>88</ns3:cad>
          </ns3:TrackPointExtension>
        </extensions>
      </trkpt>
      <trkpt lat="40.1444466412067413330078125" lon="94.65557715855538845062255859375">
        <ele>1138.800048828125</ele>
        <time>2025-08-11T23:09:41.000Z</time>
        <extensions>
          <ns3:TrackPointExtension>
            <ns3:hr>152</ns3:hr>
            <ns3:cad>88</ns3:cad>
          </ns3:TrackPointExtension>
        </extensions>
      </trkpt>
      <trkpt lat="40.14441940002143383026123046875" lon="94.65557120740413665771484375">
        <ele>1138.800048828125</ele>
        <time>2025-08-11T23:09:42.000Z</time>
        <extensions>
          <ns3:TrackPointExtension>
            <ns3:hr>153</ns3:hr>
            <ns3:cad>88</ns3:cad>
          </ns3:TrackPointExtension>
        </extensions>
      </trkpt>
      <trkpt lat="40.14439224265515804290771484375" lon="94.65556408278644084930419921875">
        <ele>1138.800048828125</ele>
        <time>2025-08-11T23:09:43.000Z</time>
        <extensions>
          <ns3:TrackPointExtension>
            <ns3:hr>153</ns3:hr>
            <ns3:cad>88</ns3:cad>
          </ns3:TrackPointExtension>
        </extensions>
      </trkpt>
      <trkpt lat="40.14436609111726284027099609375" lon="94.65556089766323566436767578125">
        <ele>1138.800048828125</ele>
        <time>2025-08-11T23:09:44.000Z</time>
        <extensions>
          <ns3:TrackPointExtension>
            <ns3:hr>153</ns3:hr>
            <ns3:cad>88</ns3:cad>
          </ns3:TrackPointExtension>
        </extensions>
      </trkpt>
      <trkpt lat="40.1443371735513210296630859375" lon="94.65555704198777675628662109375">
        <ele>1138.5999755859375</ele>
        <time>2025-08-11T23:09:45.000Z</time>
        <extensions>
          <ns3:TrackPointExtension>
            <ns3:hr>152</ns3:hr>
            <ns3:cad>89</ns3:cad>
          </ns3:TrackPointExtension>
        </extensions>
      </trkpt>
      <trkpt lat="40.1443111896514892578125" lon="94.65555435977876186370849609375">
        <ele>1138.800048828125</ele>
        <time>2025-08-11T23:09:46.000Z</time>
        <extensions>
          <ns3:TrackPointExtension>
            <ns3:hr>153</ns3:hr>
            <ns3:cad>89</ns3:cad>
          </ns3:TrackPointExtension>
        </extensions>
      </trkpt>
      <trkpt lat="40.1442855410277843475341796875" lon="94.65554731898009777069091796875">
        <ele>1138.5999755859375</ele>
        <time>2025-08-11T23:09:47.000Z</time>
        <extensions>
          <ns3:TrackPointExtension>
            <ns3:hr>153</ns3:hr>
            <ns3:cad>89</ns3:cad>
          </ns3:TrackPointExtension>
        </extensions>
      </trkpt>
      <trkpt lat="40.14426047913730144500732421875" lon="94.65553692542016506195068359375">
        <ele>1138.800048828125</ele>
        <time>2025-08-11T23:09:48.000Z</time>
        <extensions>
          <ns3:TrackPointExtension>
            <ns3:hr>152</ns3:hr>
            <ns3:cad>89</ns3:cad>
          </ns3:TrackPointExtension>
        </extensions>
      </trkpt>
      <trkpt lat="40.14424078166484832763671875" lon="94.65552703477442264556884765625">
        <ele>1138.5999755859375</ele>
        <time>2025-08-11T23:09:49.000Z</time>
        <extensions>
          <ns3:TrackPointExtension>
            <ns3:hr>153</ns3:hr>
            <ns3:cad>89</ns3:cad>
          </ns3:TrackPointExtension>
        </extensions>
      </trkpt>
      <trkpt lat="40.14421387575566768646240234375" lon="94.6555227600038051605224609375">
        <ele>1138.5999755859375</ele>
        <time>2025-08-11T23:09:50.000Z</time>
        <extensions>
          <ns3:TrackPointExtension>
            <ns3:hr>153</ns3:hr>
            <ns3:cad>89</ns3:cad>
          </ns3:TrackPointExtension>
        </extensions>
      </trkpt>
      <trkpt lat="40.144193507730960845947265625" lon="94.65551513247191905975341796875">
        <ele>1138.5999755859375</ele>
        <time>2025-08-11T23:09:51.000Z</time>
        <extensions>
          <ns3:TrackPointExtension>
            <ns3:hr>153</ns3:hr>
            <ns3:cad>89</ns3:cad>
          </ns3:TrackPointExtension>
        </extensions>
      </trkpt>
      <trkpt lat="40.1441705413162708282470703125" lon="94.65550641529262065887451171875">
        <ele>1138.5999755859375</ele>
        <time>2025-08-11T23:09:52.000Z</time>
        <extensions>
          <ns3:TrackPointExtension>
            <ns3:hr>152</ns3:hr>
            <ns3:cad>89</ns3:cad>
          </ns3:TrackPointExtension>
        </extensions>
      </trkpt>
      <trkpt lat="40.14414950273931026458740234375" lon="94.65549300424754619598388671875">
        <ele>1138.5999755859375</ele>
        <time>2025-08-11T23:09:53.000Z</time>
        <extensions>
          <ns3:TrackPointExtension>
            <ns3:hr>153</ns3:hr>
            <ns3:cad>89</ns3:cad>
          </ns3:TrackPointExtension>
        </extensions>
      </trkpt>
      <trkpt lat="40.144123099744319915771484375" lon="94.65548428706824779510498046875">
        <ele>1138.5999755859375</ele>
        <time>2025-08-11T23:09:54.000Z</time>
        <extensions>
          <ns3:TrackPointExtension>
            <ns3:hr>153</ns3:hr>
            <ns3:cad>89</ns3:cad>
          </ns3:TrackPointExtension>
        </extensions>
      </trkpt>
      <trkpt lat="40.14410038478672504425048828125" lon="94.65547707863152027130126953125">
        <ele>1138.5999755859375</ele>
        <time>2025-08-11T23:09:55.000Z</time>
        <extensions>
          <ns3:TrackPointExtension>
            <ns3:hr>153</ns3:hr>
            <ns3:cad>89</ns3:cad>
          </ns3:TrackPointExtension>
        </extensions>
      </trkpt>
      <trkpt lat="40.14407238923013210296630859375" lon="94.65547607280313968658447265625">
        <ele>1138.5999755859375</ele>
        <time>2025-08-11T23:09:56.000Z</time>
        <extensions>
          <ns3:TrackPointExtension>
            <ns3:hr>153</ns3:hr>
            <ns3:cad>89</ns3:cad>
          </ns3:TrackPointExtension>
        </extensions>
      </trkpt>
      <trkpt lat="40.1440478302538394927978515625" lon="94.6554724685847759246826171875">
        <ele>1138.800048828125</ele>
        <time>2025-08-11T23:09:57.000Z</time>
        <extensions>
          <ns3:TrackPointExtension>
            <ns3:hr>153</ns3:hr>
            <ns3:cad>89</ns3:cad>
          </ns3:TrackPointExtension>
        </extensions>
      </trkpt>
      <trkpt lat="40.144020505249500274658203125" lon="94.65547330677509307861328125">
        <ele>1138.800048828125</ele>
        <time>2025-08-11T23:09:58.000Z</time>
        <extensions>
          <ns3:TrackPointExtension>
            <ns3:hr>153</ns3:hr>
            <ns3:cad>89</ns3:cad>
          </ns3:TrackPointExtension>
        </extensions>
      </trkpt>
      <trkpt lat="40.1439948566257953643798828125" lon="94.65547121129930019378662109375">
        <ele>1138.800048828125</ele>
        <time>2025-08-11T23:09:59.000Z</time>
        <extensions>
          <ns3:TrackPointExtension>
            <ns3:hr>153</ns3:hr>
            <ns3:cad>89</ns3:cad>
          </ns3:TrackPointExtension>
        </extensions>
      </trkpt>
      <trkpt lat="40.14396945945918560028076171875" lon="94.65546526014804840087890625">
        <ele>1138.800048828125</ele>
        <time>2025-08-11T23:10:00.000Z</time>
        <extensions>
          <ns3:TrackPointExtension>
            <ns3:hr>153</ns3:hr>
            <ns3:cad>89</ns3:cad>
          </ns3:TrackPointExtension>
        </extensions>
      </trkpt>
      <trkpt lat="40.14394565485417842864990234375" lon="94.65545495040714740753173828125">
        <ele>1138.800048828125</ele>
        <time>2025-08-11T23:10:01.000Z</time>
        <extensions>
          <ns3:TrackPointExtension>
            <ns3:hr>153</ns3:hr>
            <ns3:cad>89</ns3:cad>
          </ns3:TrackPointExtension>
        </extensions>
      </trkpt>
      <trkpt lat="40.14392302371561527252197265625" lon="94.65545050799846649169921875">
        <ele>1138.800048828125</ele>
        <time>2025-08-11T23:10:02.000Z</time>
        <extensions>
          <ns3:TrackPointExtension>
            <ns3:hr>153</ns3:hr>
            <ns3:cad>90</ns3:cad>
          </ns3:TrackPointExtension>
        </extensions>
      </trkpt>
      <trkpt lat="40.14389737509191036224365234375" lon="94.6554412879049777984619140625">
        <ele>1138.800048828125</ele>
        <time>2025-08-11T23:10:03.000Z</time>
        <extensions>
          <ns3:TrackPointExtension>
            <ns3:hr>153</ns3:hr>
            <ns3:cad>90</ns3:cad>
          </ns3:TrackPointExtension>
        </extensions>
      </trkpt>
      <trkpt lat="40.14387692324817180633544921875" lon="94.65543483383953571319580078125">
        <ele>1138.5999755859375</ele>
        <time>2025-08-11T23:10:04.000Z</time>
        <extensions>
          <ns3:TrackPointExtension>
            <ns3:hr>153</ns3:hr>
            <ns3:cad>89</ns3:cad>
          </ns3:TrackPointExtension>
        </extensions>
      </trkpt>
      <trkpt lat="40.1438516937196254730224609375" lon="94.65542796067893505096435546875">
        <ele>1138.5999755859375</ele>
        <time>2025-08-11T23:10:05.000Z</time>
        <extensions>
          <ns3:TrackPointExtension>
            <ns3:hr>153</ns3:hr>
            <ns3:cad>89</ns3:cad>
          </ns3:TrackPointExtension>
        </extensions>
      </trkpt>
      <trkpt lat="40.14382612891495227813720703125" lon="94.655424021184444427490234375">
        <ele>1138.5999755859375</ele>
        <time>2025-08-11T23:10:06.000Z</time>
        <extensions>
          <ns3:TrackPointExtension>
            <ns3:hr>153</ns3:hr>
            <ns3:cad>89</ns3:cad>
          </ns3:TrackPointExtension>
        </extensions>
      </trkpt>
      <trkpt lat="40.1438002288341522216796875" lon="94.655416309833526611328125">
        <ele>1138.5999755859375</ele>
        <time>2025-08-11T23:10:07.000Z</time>
        <extensions>
          <ns3:TrackPointExtension>
            <ns3:hr>154</ns3:hr>
            <ns3:cad>89</ns3:cad>
          </ns3:TrackPointExtension>
        </extensions>
      </trkpt>
      <trkpt lat="40.14377432875335216522216796875" lon="94.65541136451065540313720703125">
        <ele>1138.5999755859375</ele>
        <time>2025-08-11T23:10:08.000Z</time>
        <extensions>
          <ns3:TrackPointExtension>
            <ns3:hr>153</ns3:hr>
            <ns3:cad>89</ns3:cad>
          </ns3:TrackPointExtension>
        </extensions>
      </trkpt>
      <trkpt lat="40.1437497697770595550537109375" lon="94.65540088713169097900390625">
        <ele>1138.5999755859375</ele>
        <time>2025-08-11T23:10:09.000Z</time>
        <extensions>
          <ns3:TrackPointExtension>
            <ns3:hr>153</ns3:hr>
            <ns3:cad>90</ns3:cad>
          </ns3:TrackPointExtension>
        </extensions>
      </trkpt>
      <trkpt lat="40.14372604899108409881591796875" lon="94.65539828874170780181884765625">
        <ele>1138.800048828125</ele>
        <time>2025-08-11T23:10:10.000Z</time>
        <extensions>
          <ns3:TrackPointExtension>
            <ns3:hr>153</ns3:hr>
            <ns3:cad>90</ns3:cad>
          </ns3:TrackPointExtension>
        </extensions>
      </trkpt>
      <trkpt lat="40.14370375312864780426025390625" lon="94.655389487743377685546875">
        <ele>1138.800048828125</ele>
        <time>2025-08-11T23:10:11.000Z</time>
        <extensions>
          <ns3:TrackPointExtension>
            <ns3:hr>153</ns3:hr>
            <ns3:cad>90</ns3:cad>
          </ns3:TrackPointExtension>
        </extensions>
      </trkpt>
      <trkpt lat="40.143681205809116363525390625" lon="94.65538345277309417724609375">
        <ele>1138.800048828125</ele>
        <time>2025-08-11T23:10:12.000Z</time>
        <extensions>
          <ns3:TrackPointExtension>
            <ns3:hr>153</ns3:hr>
            <ns3:cad>90</ns3:cad>
          </ns3:TrackPointExtension>
        </extensions>
      </trkpt>
      <trkpt lat="40.14366268180310726165771484375" lon="94.65537733398377895355224609375">
        <ele>1138.800048828125</ele>
        <time>2025-08-11T23:10:13.000Z</time>
        <extensions>
          <ns3:TrackPointExtension>
            <ns3:hr>153</ns3:hr>
            <ns3:cad>90</ns3:cad>
          </ns3:TrackPointExtension>
        </extensions>
      </trkpt>
      <trkpt lat="40.14364055357873439788818359375" lon="94.65536710806190967559814453125">
        <ele>1139</ele>
        <time>2025-08-11T23:10:14.000Z</time>
        <extensions>
          <ns3:TrackPointExtension>
            <ns3:hr>153</ns3:hr>
            <ns3:cad>90</ns3:cad>
          </ns3:TrackPointExtension>
        </extensions>
      </trkpt>
      <trkpt lat="40.14361674897372722625732421875" lon="94.6553611569106578826904296875">
        <ele>1139</ele>
        <time>2025-08-11T23:10:15.000Z</time>
        <extensions>
          <ns3:TrackPointExtension>
            <ns3:hr>153</ns3:hr>
            <ns3:cad>90</ns3:cad>
          </ns3:TrackPointExtension>
        </extensions>
      </trkpt>
      <trkpt lat="40.143595375120639801025390625" lon="94.65535403229296207427978515625">
        <ele>1139</ele>
        <time>2025-08-11T23:10:16.000Z</time>
        <extensions>
          <ns3:TrackPointExtension>
            <ns3:hr>153</ns3:hr>
            <ns3:cad>90</ns3:cad>
          </ns3:TrackPointExtension>
        </extensions>
      </trkpt>
      <trkpt lat="40.1435737498104572296142578125" lon="94.6553534455597400665283203125">
        <ele>1138.800048828125</ele>
        <time>2025-08-11T23:10:17.000Z</time>
        <extensions>
          <ns3:TrackPointExtension>
            <ns3:hr>153</ns3:hr>
            <ns3:cad>90</ns3:cad>
          </ns3:TrackPointExtension>
        </extensions>
      </trkpt>
      <trkpt lat="40.14355019666254520416259765625" lon="94.6553524397313594818115234375">
        <ele>1138.800048828125</ele>
        <time>2025-08-11T23:10:18.000Z</time>
        <extensions>
          <ns3:TrackPointExtension>
            <ns3:hr>153</ns3:hr>
            <ns3:cad>90</ns3:cad>
          </ns3:TrackPointExtension>
        </extensions>
      </trkpt>
      <trkpt lat="40.14352622441947460174560546875" lon="94.6553480811417102813720703125">
        <ele>1138.800048828125</ele>
        <time>2025-08-11T23:10:19.000Z</time>
        <extensions>
          <ns3:TrackPointExtension>
            <ns3:hr>153</ns3:hr>
            <ns3:cad>90</ns3:cad>
          </ns3:TrackPointExtension>
        </extensions>
      </trkpt>
      <trkpt lat="40.14350116252899169921875" lon="94.65534430928528308868408203125">
        <ele>1138.5999755859375</ele>
        <time>2025-08-11T23:10:20.000Z</time>
        <extensions>
          <ns3:TrackPointExtension>
            <ns3:hr>153</ns3:hr>
            <ns3:cad>90</ns3:cad>
          </ns3:TrackPointExtension>
        </extensions>
      </trkpt>
      <trkpt lat="40.1434792019426822662353515625" lon="94.65533592738211154937744140625">
        <ele>1138.5999755859375</ele>
        <time>2025-08-11T23:10:21.000Z</time>
        <extensions>
          <ns3:TrackPointExtension>
            <ns3:hr>154</ns3:hr>
            <ns3:cad>90</ns3:cad>
          </ns3:TrackPointExtension>
        </extensions>
      </trkpt>
      <trkpt lat="40.14345447532832622528076171875" lon="94.6553319878876209259033203125">
        <ele>1138.5999755859375</ele>
        <time>2025-08-11T23:10:22.000Z</time>
        <extensions>
          <ns3:TrackPointExtension>
            <ns3:hr>154</ns3:hr>
            <ns3:cad>90</ns3:cad>
          </ns3:TrackPointExtension>
        </extensions>
      </trkpt>
      <trkpt lat="40.1434302516281604766845703125" lon="94.65532368980348110198974609375">
        <ele>1138.4000244140625</ele>
        <time>2025-08-11T23:10:23.000Z</time>
        <extensions>
          <ns3:TrackPointExtension>
            <ns3:hr>154</ns3:hr>
            <ns3:cad>90</ns3:cad>
          </ns3:TrackPointExtension>
        </extensions>
      </trkpt>
      <trkpt lat="40.14340150170028209686279296875" lon="94.65532100759446620941162109375">
        <ele>1138.4000244140625</ele>
        <time>2025-08-11T23:10:24.000Z</time>
        <extensions>
          <ns3:TrackPointExtension>
            <ns3:hr>153</ns3:hr>
            <ns3:cad>90</ns3:cad>
          </ns3:TrackPointExtension>
        </extensions>
      </trkpt>
      <trkpt lat="40.143375098705291748046875" lon="94.65531966648995876312255859375">
        <ele>1138.5999755859375</ele>
        <time>2025-08-11T23:10:25.000Z</time>
        <extensions>
          <ns3:TrackPointExtension>
            <ns3:hr>154</ns3:hr>
            <ns3:cad>89</ns3:cad>
          </ns3:TrackPointExtension>
        </extensions>
      </trkpt>
      <trkpt lat="40.1433469355106353759765625" lon="94.655316732823848724365234375">
        <ele>1138.4000244140625</ele>
        <time>2025-08-11T23:10:26.000Z</time>
        <extensions>
          <ns3:TrackPointExtension>
            <ns3:hr>154</ns3:hr>
            <ns3:cad>89</ns3:cad>
          </ns3:TrackPointExtension>
        </extensions>
      </trkpt>
      <trkpt lat="40.143326483666896820068359375" lon="94.65530659072101116180419921875">
        <ele>1138.4000244140625</ele>
        <time>2025-08-11T23:10:27.000Z</time>
        <extensions>
          <ns3:TrackPointExtension>
            <ns3:hr>153</ns3:hr>
            <ns3:cad>90</ns3:cad>
          </ns3:TrackPointExtension>
        </extensions>
      </trkpt>
      <trkpt lat="40.14330008067190647125244140625" lon="94.65529703535139560699462890625">
        <ele>1138.4000244140625</ele>
        <time>2025-08-11T23:10:28.000Z</time>
        <extensions>
          <ns3:TrackPointExtension>
            <ns3:hr>154</ns3:hr>
            <ns3:cad>90</ns3:cad>
          </ns3:TrackPointExtension>
        </extensions>
      </trkpt>
      <trkpt lat="40.14327594079077243804931640625" lon="94.6552927605807781219482421875">
        <ele>1138.199951171875</ele>
        <time>2025-08-11T23:10:29.000Z</time>
        <extensions>
          <ns3:TrackPointExtension>
            <ns3:hr>154</ns3:hr>
            <ns3:cad>90</ns3:cad>
          </ns3:TrackPointExtension>
        </extensions>
      </trkpt>
      <trkpt lat="40.14324970543384552001953125" lon="94.6552863903343677520751953125">
        <ele>1138.199951171875</ele>
        <time>2025-08-11T23:10:30.000Z</time>
        <extensions>
          <ns3:TrackPointExtension>
            <ns3:hr>153</ns3:hr>
            <ns3:cad>90</ns3:cad>
          </ns3:TrackPointExtension>
        </extensions>
      </trkpt>
      <trkpt lat="40.14322665520012378692626953125" lon="94.65528010390698909759521484375">
        <ele>1138.199951171875</ele>
        <time>2025-08-11T23:10:31.000Z</time>
        <extensions>
          <ns3:TrackPointExtension>
            <ns3:hr>154</ns3:hr>
            <ns3:cad>90</ns3:cad>
          </ns3:TrackPointExtension>
        </extensions>
      </trkpt>
      <trkpt lat="40.1431940495967864990234375" lon="94.65526920743286609649658203125">
        <ele>1138.199951171875</ele>
        <time>2025-08-11T23:10:32.000Z</time>
        <extensions>
          <ns3:TrackPointExtension>
            <ns3:hr>153</ns3:hr>
            <ns3:cad>90</ns3:cad>
          </ns3:TrackPointExtension>
        </extensions>
      </trkpt>
      <trkpt lat="40.14317619614303112030029296875" lon="94.6552659384906291961669921875">
        <ele>1138.199951171875</ele>
        <time>2025-08-11T23:10:33.000Z</time>
        <extensions>
          <ns3:TrackPointExtension>
            <ns3:hr>153</ns3:hr>
            <ns3:cad>90</ns3:cad>
          </ns3:TrackPointExtension>
        </extensions>
      </trkpt>
      <trkpt lat="40.14314367435872554779052734375" lon="94.6552582271397113800048828125">
        <ele>1138.199951171875</ele>
        <time>2025-08-11T23:10:34.000Z</time>
        <extensions>
          <ns3:TrackPointExtension>
            <ns3:hr>153</ns3:hr>
            <ns3:cad>90</ns3:cad>
          </ns3:TrackPointExtension>
        </extensions>
      </trkpt>
      <trkpt lat="40.14312221668660640716552734375" lon="94.6552552096545696258544921875">
        <ele>1138.199951171875</ele>
        <time>2025-08-11T23:10:35.000Z</time>
        <extensions>
          <ns3:TrackPointExtension>
            <ns3:hr>153</ns3:hr>
            <ns3:cad>90</ns3:cad>
          </ns3:TrackPointExtension>
        </extensions>
      </trkpt>
      <trkpt lat="40.14309338293969631195068359375" lon="94.65525445528328418731689453125">
        <ele>1138.4000244140625</ele>
        <time>2025-08-11T23:10:36.000Z</time>
        <extensions>
          <ns3:TrackPointExtension>
            <ns3:hr>153</ns3:hr>
            <ns3:cad>90</ns3:cad>
          </ns3:TrackPointExtension>
        </extensions>
      </trkpt>
      <trkpt lat="40.14307511039078235626220703125" lon="94.65525696985423564910888671875">
        <ele>1138.4000244140625</ele>
        <time>2025-08-11T23:10:37.000Z</time>
        <extensions>
          <ns3:TrackPointExtension>
            <ns3:hr>153</ns3:hr>
            <ns3:cad>90</ns3:cad>
          </ns3:TrackPointExtension>
        </extensions>
      </trkpt>
      <trkpt lat="40.14304242096841335296630859375" lon="94.65524858795106410980224609375">
        <ele>1138.4000244140625</ele>
        <time>2025-08-11T23:10:38.000Z</time>
        <extensions>
          <ns3:TrackPointExtension>
            <ns3:hr>153</ns3:hr>
            <ns3:cad>90</ns3:cad>
          </ns3:TrackPointExtension>
        </extensions>
      </trkpt>
      <trkpt lat="40.14302515424787998199462890625" lon="94.6552454866468906402587890625">
        <ele>1138.4000244140625</ele>
        <time>2025-08-11T23:10:39.000Z</time>
        <extensions>
          <ns3:TrackPointExtension>
            <ns3:hr>153</ns3:hr>
            <ns3:cad>90</ns3:cad>
          </ns3:TrackPointExtension>
        </extensions>
      </trkpt>
      <trkpt lat="40.1429937221109867095947265625" lon="94.65523651801049709320068359375">
        <ele>1138.199951171875</ele>
        <time>2025-08-11T23:10:40.000Z</time>
        <extensions>
          <ns3:TrackPointExtension>
            <ns3:hr>154</ns3:hr>
            <ns3:cad>90</ns3:cad>
          </ns3:TrackPointExtension>
        </extensions>
      </trkpt>
      <trkpt lat="40.14297234825789928436279296875" lon="94.6552317403256893157958984375">
        <ele>1138</ele>
        <time>2025-08-11T23:10:41.000Z</time>
        <extensions>
          <ns3:TrackPointExtension>
            <ns3:hr>153</ns3:hr>
            <ns3:cad>89</ns3:cad>
          </ns3:TrackPointExtension>
        </extensions>
      </trkpt>
      <trkpt lat="40.14294234104454517364501953125" lon="94.65522176586091518402099609375">
        <ele>1137.800048828125</ele>
        <time>2025-08-11T23:10:42.000Z</time>
        <extensions>
          <ns3:TrackPointExtension>
            <ns3:hr>153</ns3:hr>
            <ns3:cad>89</ns3:cad>
          </ns3:TrackPointExtension>
        </extensions>
      </trkpt>
      <trkpt lat="40.14292180538177490234375" lon="94.655220508575439453125">
        <ele>1137.800048828125</ele>
        <time>2025-08-11T23:10:43.000Z</time>
        <extensions>
          <ns3:TrackPointExtension>
            <ns3:hr>154</ns3:hr>
            <ns3:cad>89</ns3:cad>
          </ns3:TrackPointExtension>
        </extensions>
      </trkpt>
      <trkpt lat="40.142890624701976776123046875" lon="94.6552106179296970367431640625">
        <ele>1137.800048828125</ele>
        <time>2025-08-11T23:10:44.000Z</time>
        <extensions>
          <ns3:TrackPointExtension>
            <ns3:hr>153</ns3:hr>
            <ns3:cad>89</ns3:cad>
          </ns3:TrackPointExtension>
        </extensions>
      </trkpt>
      <trkpt lat="40.1428730227053165435791015625" lon="94.65520818717777729034423828125">
        <ele>1137.800048828125</ele>
        <time>2025-08-11T23:10:45.000Z</time>
        <extensions>
          <ns3:TrackPointExtension>
            <ns3:hr>153</ns3:hr>
            <ns3:cad>89</ns3:cad>
          </ns3:TrackPointExtension>
        </extensions>
      </trkpt>
      <trkpt lat="40.1428421773016452789306640625" lon="94.6551995538175106048583984375">
        <ele>1137.5999755859375</ele>
        <time>2025-08-11T23:10:46.000Z</time>
        <extensions>
          <ns3:TrackPointExtension>
            <ns3:hr>154</ns3:hr>
            <ns3:cad>89</ns3:cad>
          </ns3:TrackPointExtension>
        </extensions>
      </trkpt>
      <trkpt lat="40.14282415620982646942138671875" lon="94.6551998890936374664306640625">
        <ele>1137.5999755859375</ele>
        <time>2025-08-11T23:10:47.000Z</time>
        <extensions>
          <ns3:TrackPointExtension>
            <ns3:hr>153</ns3:hr>
            <ns3:cad>89</ns3:cad>
          </ns3:TrackPointExtension>
        </extensions>
      </trkpt>
      <trkpt lat="40.142795741558074951171875" lon="94.6551925130188465118408203125">
        <ele>1137.5999755859375</ele>
        <time>2025-08-11T23:10:48.000Z</time>
        <extensions>
          <ns3:TrackPointExtension>
            <ns3:hr>153</ns3:hr>
            <ns3:cad>89</ns3:cad>
          </ns3:TrackPointExtension>
        </extensions>
      </trkpt>
      <trkpt lat="40.142777971923351287841796875" lon="94.65518823824822902679443359375">
        <ele>1137.5999755859375</ele>
        <time>2025-08-11T23:10:49.000Z</time>
        <extensions>
          <ns3:TrackPointExtension>
            <ns3:hr>154</ns3:hr>
            <ns3:cad>89</ns3:cad>
          </ns3:TrackPointExtension>
        </extensions>
      </trkpt>
      <trkpt lat="40.142747461795806884765625" lon="94.6551770903170108795166015625">
        <ele>1137.5999755859375</ele>
        <time>2025-08-11T23:10:50.000Z</time>
        <extensions>
          <ns3:TrackPointExtension>
            <ns3:hr>153</ns3:hr>
            <ns3:cad>89</ns3:cad>
          </ns3:TrackPointExtension>
        </extensions>
      </trkpt>
      <trkpt lat="40.1427298597991466522216796875" lon="94.65517465956509113311767578125">
        <ele>1137.4000244140625</ele>
        <time>2025-08-11T23:10:51.000Z</time>
        <extensions>
          <ns3:TrackPointExtension>
            <ns3:hr>153</ns3:hr>
            <ns3:cad>89</ns3:cad>
          </ns3:TrackPointExtension>
        </extensions>
      </trkpt>
      <trkpt lat="40.142703540623188018798828125" lon="94.655165858566761016845703125">
        <ele>1137.4000244140625</ele>
        <time>2025-08-11T23:10:52.000Z</time>
        <extensions>
          <ns3:TrackPointExtension>
            <ns3:hr>153</ns3:hr>
            <ns3:cad>89</ns3:cad>
          </ns3:TrackPointExtension>
        </extensions>
      </trkpt>
      <trkpt lat="40.14268484897911548614501953125" lon="94.65516258962452411651611328125">
        <ele>1137.4000244140625</ele>
        <time>2025-08-11T23:10:53.000Z</time>
        <extensions>
          <ns3:TrackPointExtension>
            <ns3:hr>154</ns3:hr>
            <ns3:cad>89</ns3:cad>
          </ns3:TrackPointExtension>
        </extensions>
      </trkpt>
      <trkpt lat="40.14265785925090312957763671875" lon="94.6551532857120037078857421875">
        <ele>1137.4000244140625</ele>
        <time>2025-08-11T23:10:54.000Z</time>
        <extensions>
          <ns3:TrackPointExtension>
            <ns3:hr>153</ns3:hr>
            <ns3:cad>89</ns3:cad>
          </ns3:TrackPointExtension>
        </extensions>
      </trkpt>
      <trkpt lat="40.14263891614973545074462890625" lon="94.65514875948429107666015625">
        <ele>1137.4000244140625</ele>
        <time>2025-08-11T23:10:55.000Z</time>
        <extensions>
          <ns3:TrackPointExtension>
            <ns3:hr>153</ns3:hr>
            <ns3:cad>89</ns3:cad>
          </ns3:TrackPointExtension>
        </extensions>
      </trkpt>
      <trkpt lat="40.14260874129831790924072265625" lon="94.6551381982862949371337890625">
        <ele>1137.4000244140625</ele>
        <time>2025-08-11T23:10:56.000Z</time>
        <extensions>
          <ns3:TrackPointExtension>
            <ns3:hr>153</ns3:hr>
            <ns3:cad>89</ns3:cad>
          </ns3:TrackPointExtension>
        </extensions>
      </trkpt>
      <trkpt lat="40.142584182322025299072265625" lon="94.65513492934405803680419921875">
        <ele>1137.4000244140625</ele>
        <time>2025-08-11T23:10:57.000Z</time>
        <extensions>
          <ns3:TrackPointExtension>
            <ns3:hr>153</ns3:hr>
            <ns3:cad>89</ns3:cad>
          </ns3:TrackPointExtension>
        </extensions>
      </trkpt>
      <trkpt lat="40.14255979098379611968994140625" lon="94.65512369759380817413330078125">
        <ele>1137.4000244140625</ele>
        <time>2025-08-11T23:10:58.000Z</time>
        <extensions>
          <ns3:TrackPointExtension>
            <ns3:hr>153</ns3:hr>
            <ns3:cad>89</ns3:cad>
          </ns3:TrackPointExtension>
        </extensions>
      </trkpt>
      <trkpt lat="40.14253984205424785614013671875" lon="94.655116237699985504150390625">
        <ele>1137.4000244140625</ele>
        <time>2025-08-11T23:10:59.000Z</time>
        <extensions>
          <ns3:TrackPointExtension>
            <ns3:hr>154</ns3:hr>
            <ns3:cad>89</ns3:cad>
          </ns3:TrackPointExtension>
        </extensions>
      </trkpt>
      <trkpt lat="40.1425127685070037841796875" lon="94.6551070176064968109130859375">
        <ele>1137.4000244140625</ele>
        <time>2025-08-11T23:11:00.000Z</time>
        <extensions>
          <ns3:TrackPointExtension>
            <ns3:hr>153</ns3:hr>
            <ns3:cad>89</ns3:cad>
          </ns3:TrackPointExtension>
        </extensions>
      </trkpt>
      <trkpt lat="40.14249424450099468231201171875" lon="94.6550956182181835174560546875">
        <ele>1137.4000244140625</ele>
        <time>2025-08-11T23:11:01.000Z</time>
        <extensions>
          <ns3:TrackPointExtension>
            <ns3:hr>153</ns3:hr>
            <ns3:cad>89</ns3:cad>
          </ns3:TrackPointExtension>
        </extensions>
      </trkpt>
      <trkpt lat="40.14247052371501922607421875" lon="94.65508840978145599365234375">
        <ele>1137.4000244140625</ele>
        <time>2025-08-11T23:11:02.000Z</time>
        <extensions>
          <ns3:TrackPointExtension>
            <ns3:hr>154</ns3:hr>
            <ns3:cad>89</ns3:cad>
          </ns3:TrackPointExtension>
        </extensions>
      </trkpt>
      <trkpt lat="40.14244982041418552398681640625" lon="94.655083380639553070068359375">
        <ele>1137.4000244140625</ele>
        <time>2025-08-11T23:11:03.000Z</time>
        <extensions>
          <ns3:TrackPointExtension>
            <ns3:hr>154</ns3:hr>
            <ns3:cad>89</ns3:cad>
          </ns3:TrackPointExtension>
        </extensions>
      </trkpt>
      <trkpt lat="40.14242232777178287506103515625" lon="94.65507499873638153076171875">
        <ele>1137.4000244140625</ele>
        <time>2025-08-11T23:11:04.000Z</time>
        <extensions>
          <ns3:TrackPointExtension>
            <ns3:hr>154</ns3:hr>
            <ns3:cad>89</ns3:cad>
          </ns3:TrackPointExtension>
        </extensions>
      </trkpt>
      <trkpt lat="40.14239952899515628814697265625" lon="94.65506720356643199920654296875">
        <ele>1137.4000244140625</ele>
        <time>2025-08-11T23:11:05.000Z</time>
        <extensions>
          <ns3:TrackPointExtension>
            <ns3:hr>153</ns3:hr>
            <ns3:cad>89</ns3:cad>
          </ns3:TrackPointExtension>
        </extensions>
      </trkpt>
      <trkpt lat="40.1423694379627704620361328125" lon="94.65506024658679962158203125">
        <ele>1137.4000244140625</ele>
        <time>2025-08-11T23:11:06.000Z</time>
        <extensions>
          <ns3:TrackPointExtension>
            <ns3:hr>154</ns3:hr>
            <ns3:cad>89</ns3:cad>
          </ns3:TrackPointExtension>
        </extensions>
      </trkpt>
      <trkpt lat="40.14234244823455810546875" lon="94.6550547145307064056396484375">
        <ele>1137.4000244140625</ele>
        <time>2025-08-11T23:11:07.000Z</time>
        <extensions>
          <ns3:TrackPointExtension>
            <ns3:hr>154</ns3:hr>
            <ns3:cad>89</ns3:cad>
          </ns3:TrackPointExtension>
        </extensions>
      </trkpt>
      <trkpt lat="40.14231118373572826385498046875" lon="94.65505396015942096710205078125">
        <ele>1137.4000244140625</ele>
        <time>2025-08-11T23:11:08.000Z</time>
        <extensions>
          <ns3:TrackPointExtension>
            <ns3:hr>153</ns3:hr>
            <ns3:cad>89</ns3:cad>
          </ns3:TrackPointExtension>
        </extensions>
      </trkpt>
      <trkpt lat="40.142283774912357330322265625" lon="94.65504809282720088958740234375">
        <ele>1137.4000244140625</ele>
        <time>2025-08-11T23:11:09.000Z</time>
        <extensions>
          <ns3:TrackPointExtension>
            <ns3:hr>154</ns3:hr>
            <ns3:cad>89</ns3:cad>
          </ns3:TrackPointExtension>
        </extensions>
      </trkpt>
      <trkpt lat="40.1422561146318912506103515625" lon="94.65504574589431285858154296875">
        <ele>1137.4000244140625</ele>
        <time>2025-08-11T23:11:10.000Z</time>
        <extensions>
          <ns3:TrackPointExtension>
            <ns3:hr>153</ns3:hr>
            <ns3:cad>89</ns3:cad>
          </ns3:TrackPointExtension>
        </extensions>
      </trkpt>
      <trkpt lat="40.14222820289433002471923828125" lon="94.65503568761050701141357421875">
        <ele>1137.4000244140625</ele>
        <time>2025-08-11T23:11:11.000Z</time>
        <extensions>
          <ns3:TrackPointExtension>
            <ns3:hr>153</ns3:hr>
            <ns3:cad>89</ns3:cad>
          </ns3:TrackPointExtension>
        </extensions>
      </trkpt>
      <trkpt lat="40.1422021351754665374755859375" lon="94.65502764098346233367919921875">
        <ele>1137.5999755859375</ele>
        <time>2025-08-11T23:11:12.000Z</time>
        <extensions>
          <ns3:TrackPointExtension>
            <ns3:hr>153</ns3:hr>
            <ns3:cad>88</ns3:cad>
          </ns3:TrackPointExtension>
        </extensions>
      </trkpt>
      <trkpt lat="40.14217472635209560394287109375" lon="94.65501858852803707122802734375">
        <ele>1137.5999755859375</ele>
        <time>2025-08-11T23:11:13.000Z</time>
        <extensions>
          <ns3:TrackPointExtension>
            <ns3:hr>154</ns3:hr>
            <ns3:cad>88</ns3:cad>
          </ns3:TrackPointExtension>
        </extensions>
      </trkpt>
      <trkpt lat="40.14214941300451755523681640625" lon="94.65502445586025714874267578125">
        <ele>1137.5999755859375</ele>
        <time>2025-08-11T23:11:14.000Z</time>
        <extensions>
          <ns3:TrackPointExtension>
            <ns3:hr>153</ns3:hr>
            <ns3:cad>88</ns3:cad>
          </ns3:TrackPointExtension>
        </extensions>
      </trkpt>
      <trkpt lat="40.14212359674274921417236328125" lon="94.655017666518688201904296875">
        <ele>1137.5999755859375</ele>
        <time>2025-08-11T23:11:15.000Z</time>
        <extensions>
          <ns3:TrackPointExtension>
            <ns3:hr>153</ns3:hr>
            <ns3:cad>88</ns3:cad>
          </ns3:TrackPointExtension>
        </extensions>
      </trkpt>
      <trkpt lat="40.1420992054045200347900390625" lon="94.65501707978546619415283203125">
        <ele>1137.5999755859375</ele>
        <time>2025-08-11T23:11:16.000Z</time>
        <extensions>
          <ns3:TrackPointExtension>
            <ns3:hr>153</ns3:hr>
            <ns3:cad>88</ns3:cad>
          </ns3:TrackPointExtension>
        </extensions>
      </trkpt>
      <trkpt lat="40.14207162894308567047119140625" lon="94.6550064347684383392333984375">
        <ele>1137.5999755859375</ele>
        <time>2025-08-11T23:11:17.000Z</time>
        <extensions>
          <ns3:TrackPointExtension>
            <ns3:hr>154</ns3:hr>
            <ns3:cad>88</ns3:cad>
          </ns3:TrackPointExtension>
        </extensions>
      </trkpt>
      <trkpt lat="40.1420442201197147369384765625" lon="94.65500232763588428497314453125">
        <ele>1137.5999755859375</ele>
        <time>2025-08-11T23:11:18.000Z</time>
        <extensions>
          <ns3:TrackPointExtension>
            <ns3:hr>153</ns3:hr>
            <ns3:cad>88</ns3:cad>
          </ns3:TrackPointExtension>
        </extensions>
      </trkpt>
      <trkpt lat="40.142014883458614349365234375" lon="94.6549916826188564300537109375">
        <ele>1137.5999755859375</ele>
        <time>2025-08-11T23:11:19.000Z</time>
        <extensions>
          <ns3:TrackPointExtension>
            <ns3:hr>153</ns3:hr>
            <ns3:cad>88</ns3:cad>
          </ns3:TrackPointExtension>
        </extensions>
      </trkpt>
      <trkpt lat="40.14199233613908290863037109375" lon="94.65499059297144412994384765625">
        <ele>1137.4000244140625</ele>
        <time>2025-08-11T23:11:20.000Z</time>
        <extensions>
          <ns3:TrackPointExtension>
            <ns3:hr>154</ns3:hr>
            <ns3:cad>89</ns3:cad>
          </ns3:TrackPointExtension>
        </extensions>
      </trkpt>
      <trkpt lat="40.1419657655060291290283203125" lon="94.65498288162052631378173828125">
        <ele>1137.5999755859375</ele>
        <time>2025-08-11T23:11:21.000Z</time>
        <extensions>
          <ns3:TrackPointExtension>
            <ns3:hr>154</ns3:hr>
            <ns3:cad>89</ns3:cad>
          </ns3:TrackPointExtension>
        </extensions>
      </trkpt>
      <trkpt lat="40.14194615185260772705078125" lon="94.6549789421260356903076171875">
        <ele>1137.5999755859375</ele>
        <time>2025-08-11T23:11:22.000Z</time>
        <extensions>
          <ns3:TrackPointExtension>
            <ns3:hr>154</ns3:hr>
            <ns3:cad>89</ns3:cad>
          </ns3:TrackPointExtension>
        </extensions>
      </trkpt>
      <trkpt lat="40.14191287569701671600341796875" lon="94.6549708954989910125732421875">
        <ele>1137.5999755859375</ele>
        <time>2025-08-11T23:11:23.000Z</time>
        <extensions>
          <ns3:TrackPointExtension>
            <ns3:hr>154</ns3:hr>
            <ns3:cad>89</ns3:cad>
          </ns3:TrackPointExtension>
        </extensions>
      </trkpt>
      <trkpt lat="40.14189091511070728302001953125" lon="94.6549695543944835662841796875">
        <ele>1137.5999755859375</ele>
        <time>2025-08-11T23:11:24.000Z</time>
        <extensions>
          <ns3:TrackPointExtension>
            <ns3:hr>154</ns3:hr>
            <ns3:cad>88</ns3:cad>
          </ns3:TrackPointExtension>
        </extensions>
      </trkpt>
      <trkpt lat="40.1418544538319110870361328125" lon="94.6549648605287075042724609375">
        <ele>1137.5999755859375</ele>
        <time>2025-08-11T23:11:25.000Z</time>
        <extensions>
          <ns3:TrackPointExtension>
            <ns3:hr>153</ns3:hr>
            <ns3:cad>88</ns3:cad>
          </ns3:TrackPointExtension>
        </extensions>
      </trkpt>
      <trkpt lat="40.14183274470269680023193359375" lon="94.65495874173939228057861328125">
        <ele>1137.5999755859375</ele>
        <time>2025-08-11T23:11:26.000Z</time>
        <extensions>
          <ns3:TrackPointExtension>
            <ns3:hr>154</ns3:hr>
            <ns3:cad>88</ns3:cad>
          </ns3:TrackPointExtension>
        </extensions>
      </trkpt>
      <trkpt lat="40.1418078504502773284912109375" lon="94.65494885109364986419677734375">
        <ele>1137.5999755859375</ele>
        <time>2025-08-11T23:11:27.000Z</time>
        <extensions>
          <ns3:TrackPointExtension>
            <ns3:hr>153</ns3:hr>
            <ns3:cad>88</ns3:cad>
          </ns3:TrackPointExtension>
        </extensions>
      </trkpt>
      <trkpt lat="40.14178999699652194976806640625" lon="94.65494432486593723297119140625">
        <ele>1137.5999755859375</ele>
        <time>2025-08-11T23:11:28.000Z</time>
        <extensions>
          <ns3:TrackPointExtension>
            <ns3:hr>153</ns3:hr>
            <ns3:cad>88</ns3:cad>
          </ns3:TrackPointExtension>
        </extensions>
      </trkpt>
      <trkpt lat="40.14176250435411930084228515625" lon="94.65493560768663883209228515625">
        <ele>1137.5999755859375</ele>
        <time>2025-08-11T23:11:29.000Z</time>
        <extensions>
          <ns3:TrackPointExtension>
            <ns3:hr>153</ns3:hr>
            <ns3:cad>88</ns3:cad>
          </ns3:TrackPointExtension>
        </extensions>
      </trkpt>
      <trkpt lat="40.14173962175846099853515625" lon="94.6549242921173572540283203125">
        <ele>1137.800048828125</ele>
        <time>2025-08-11T23:11:30.000Z</time>
        <extensions>
          <ns3:TrackPointExtension>
            <ns3:hr>154</ns3:hr>
            <ns3:cad>88</ns3:cad>
          </ns3:TrackPointExtension>
        </extensions>
      </trkpt>
      <trkpt lat="40.1417169906198978424072265625" lon="94.65491917915642261505126953125">
        <ele>1137.800048828125</ele>
        <time>2025-08-11T23:11:31.000Z</time>
        <extensions>
          <ns3:TrackPointExtension>
            <ns3:hr>153</ns3:hr>
            <ns3:cad>88</ns3:cad>
          </ns3:TrackPointExtension>
        </extensions>
      </trkpt>
      <trkpt lat="40.1416920125484466552734375" lon="94.6549118869006633758544921875">
        <ele>1137.800048828125</ele>
        <time>2025-08-11T23:11:32.000Z</time>
        <extensions>
          <ns3:TrackPointExtension>
            <ns3:hr>154</ns3:hr>
            <ns3:cad>88</ns3:cad>
          </ns3:TrackPointExtension>
        </extensions>
      </trkpt>
      <trkpt lat="40.14166359789669513702392578125" lon="94.6549145691096782684326171875">
        <ele>1137.800048828125</ele>
        <time>2025-08-11T23:11:33.000Z</time>
        <extensions>
          <ns3:TrackPointExtension>
            <ns3:hr>154</ns3:hr>
            <ns3:cad>88</ns3:cad>
          </ns3:TrackPointExtension>
        </extensions>
      </trkpt>
      <trkpt lat="40.141638703644275665283203125" lon="94.65491398237645626068115234375">
        <ele>1137.800048828125</ele>
        <time>2025-08-11T23:11:34.000Z</time>
        <extensions>
          <ns3:TrackPointExtension>
            <ns3:hr>154</ns3:hr>
            <ns3:cad>88</ns3:cad>
          </ns3:TrackPointExtension>
        </extensions>
      </trkpt>
      <trkpt lat="40.14161297120153903961181640625" lon="94.6549182571470737457275390625">
        <ele>1137.800048828125</ele>
        <time>2025-08-11T23:11:35.000Z</time>
        <extensions>
          <ns3:TrackPointExtension>
            <ns3:hr>154</ns3:hr>
            <ns3:cad>88</ns3:cad>
          </ns3:TrackPointExtension>
        </extensions>
      </trkpt>
      <trkpt lat="40.141586400568485260009765625" lon="94.6549133956432342529296875">
        <ele>1137.800048828125</ele>
        <time>2025-08-11T23:11:36.000Z</time>
        <extensions>
          <ns3:TrackPointExtension>
            <ns3:hr>154</ns3:hr>
            <ns3:cad>88</ns3:cad>
          </ns3:TrackPointExtension>
        </extensions>
      </trkpt>
      <trkpt lat="40.1415624283254146575927734375" lon="94.654919095337390899658203125">
        <ele>1137.800048828125</ele>
        <time>2025-08-11T23:11:37.000Z</time>
        <extensions>
          <ns3:TrackPointExtension>
            <ns3:hr>154</ns3:hr>
            <ns3:cad>88</ns3:cad>
          </ns3:TrackPointExtension>
        </extensions>
      </trkpt>
      <trkpt lat="40.1415315829217433929443359375" lon="94.65491599403321743011474609375">
        <ele>1137.800048828125</ele>
        <time>2025-08-11T23:11:38.000Z</time>
        <extensions>
          <ns3:TrackPointExtension>
            <ns3:hr>155</ns3:hr>
            <ns3:cad>88</ns3:cad>
          </ns3:TrackPointExtension>
        </extensions>
      </trkpt>
      <trkpt lat="40.141509957611560821533203125" lon="94.65492504648864269256591796875">
        <ele>1137.800048828125</ele>
        <time>2025-08-11T23:11:39.000Z</time>
        <extensions>
          <ns3:TrackPointExtension>
            <ns3:hr>155</ns3:hr>
            <ns3:cad>88</ns3:cad>
          </ns3:TrackPointExtension>
        </extensions>
      </trkpt>
      <trkpt lat="40.141476094722747802734375" lon="94.6549222804605960845947265625">
        <ele>1137.800048828125</ele>
        <time>2025-08-11T23:11:40.000Z</time>
        <extensions>
          <ns3:TrackPointExtension>
            <ns3:hr>155</ns3:hr>
            <ns3:cad>88</ns3:cad>
          </ns3:TrackPointExtension>
        </extensions>
      </trkpt>
      <trkpt lat="40.1414561457931995391845703125" lon="94.6549256332218647003173828125">
        <ele>1137.800048828125</ele>
        <time>2025-08-11T23:11:41.000Z</time>
        <extensions>
          <ns3:TrackPointExtension>
            <ns3:hr>155</ns3:hr>
            <ns3:cad>88</ns3:cad>
          </ns3:TrackPointExtension>
        </extensions>
      </trkpt>
      <trkpt lat="40.1414246298372745513916015625" lon="94.65492303483188152313232421875">
        <ele>1137.800048828125</ele>
        <time>2025-08-11T23:11:42.000Z</time>
        <extensions>
          <ns3:TrackPointExtension>
            <ns3:hr>155</ns3:hr>
            <ns3:cad>88</ns3:cad>
          </ns3:TrackPointExtension>
        </extensions>
      </trkpt>
      <trkpt lat="40.14140610583126544952392578125" lon="94.65492856688797473907470703125">
        <ele>1137.800048828125</ele>
        <time>2025-08-11T23:11:43.000Z</time>
        <extensions>
          <ns3:TrackPointExtension>
            <ns3:hr>155</ns3:hr>
            <ns3:cad>88</ns3:cad>
          </ns3:TrackPointExtension>
        </extensions>
      </trkpt>
      <trkpt lat="40.14137257821857929229736328125" lon="94.65492789633572101593017578125">
        <ele>1137.800048828125</ele>
        <time>2025-08-11T23:11:44.000Z</time>
        <extensions>
          <ns3:TrackPointExtension>
            <ns3:hr>155</ns3:hr>
            <ns3:cad>88</ns3:cad>
          </ns3:TrackPointExtension>
        </extensions>
      </trkpt>
      <trkpt lat="40.14135698787868022918701171875" lon="94.65493359602987766265869140625">
        <ele>1138</ele>
        <time>2025-08-11T23:11:45.000Z</time>
        <extensions>
          <ns3:TrackPointExtension>
            <ns3:hr>155</ns3:hr>
            <ns3:cad>88</ns3:cad>
          </ns3:TrackPointExtension>
        </extensions>
      </trkpt>
      <trkpt lat="40.14132446609437465667724609375" lon="94.65492571704089641571044921875">
        <ele>1137.800048828125</ele>
        <time>2025-08-11T23:11:46.000Z</time>
        <extensions>
          <ns3:TrackPointExtension>
            <ns3:hr>155</ns3:hr>
            <ns3:cad>88</ns3:cad>
          </ns3:TrackPointExtension>
        </extensions>
      </trkpt>
      <trkpt lat="40.14130770228803157806396484375" lon="94.65491984970867633819580078125">
        <ele>1138</ele>
        <time>2025-08-11T23:11:47.000Z</time>
        <extensions>
          <ns3:TrackPointExtension>
            <ns3:hr>156</ns3:hr>
            <ns3:cad>88</ns3:cad>
          </ns3:TrackPointExtension>
        </extensions>
      </trkpt>
      <trkpt lat="40.1412787847220897674560546875" lon="94.65491230599582195281982421875">
        <ele>1138</ele>
        <time>2025-08-11T23:11:48.000Z</time>
        <extensions>
          <ns3:TrackPointExtension>
            <ns3:hr>155</ns3:hr>
            <ns3:cad>88</ns3:cad>
          </ns3:TrackPointExtension>
        </extensions>
      </trkpt>
      <trkpt lat="40.141259841620922088623046875" lon="94.65489604510366916656494140625">
        <ele>1138</ele>
        <time>2025-08-11T23:11:49.000Z</time>
        <extensions>
          <ns3:TrackPointExtension>
            <ns3:hr>155</ns3:hr>
            <ns3:cad>88</ns3:cad>
          </ns3:TrackPointExtension>
        </extensions>
      </trkpt>
      <trkpt lat="40.14123209752142429351806640625" lon="94.65488749556243419647216796875">
        <ele>1138</ele>
        <time>2025-08-11T23:11:50.000Z</time>
        <extensions>
          <ns3:TrackPointExtension>
            <ns3:hr>155</ns3:hr>
            <ns3:cad>89</ns3:cad>
          </ns3:TrackPointExtension>
        </extensions>
      </trkpt>
      <trkpt lat="40.14121131040155887603759765625" lon="94.65487777255475521087646484375">
        <ele>1138</ele>
        <time>2025-08-11T23:11:51.000Z</time>
        <extensions>
          <ns3:TrackPointExtension>
            <ns3:hr>155</ns3:hr>
            <ns3:cad>89</ns3:cad>
          </ns3:TrackPointExtension>
        </extensions>
      </trkpt>
      <trkpt lat="40.141186751425266265869140625" lon="94.65487844310700893402099609375">
        <ele>1138</ele>
        <time>2025-08-11T23:11:52.000Z</time>
        <extensions>
          <ns3:TrackPointExtension>
            <ns3:hr>155</ns3:hr>
            <ns3:cad>89</ns3:cad>
          </ns3:TrackPointExtension>
        </extensions>
      </trkpt>
      <trkpt lat="40.1411641202867031097412109375" lon="94.65487693436443805694580078125">
        <ele>1138</ele>
        <time>2025-08-11T23:11:53.000Z</time>
        <extensions>
          <ns3:TrackPointExtension>
            <ns3:hr>154</ns3:hr>
            <ns3:cad>89</ns3:cad>
          </ns3:TrackPointExtension>
        </extensions>
      </trkpt>
      <trkpt lat="40.1411319337785243988037109375" lon="94.65488062240183353424072265625">
        <ele>1138</ele>
        <time>2025-08-11T23:11:54.000Z</time>
        <extensions>
          <ns3:TrackPointExtension>
            <ns3:hr>153</ns3:hr>
            <ns3:cad>89</ns3:cad>
          </ns3:TrackPointExtension>
        </extensions>
      </trkpt>
      <trkpt lat="40.14110335148870944976806640625" lon="94.65489001013338565826416015625">
        <ele>1138</ele>
        <time>2025-08-11T23:11:55.000Z</time>
        <extensions>
          <ns3:TrackPointExtension>
            <ns3:hr>153</ns3:hr>
            <ns3:cad>89</ns3:cad>
          </ns3:TrackPointExtension>
        </extensions>
      </trkpt>
      <trkpt lat="40.14107217080891132354736328125" lon="94.65489990077912807464599609375">
        <ele>1138</ele>
        <time>2025-08-11T23:11:56.000Z</time>
        <extensions>
          <ns3:TrackPointExtension>
            <ns3:hr>153</ns3:hr>
            <ns3:cad>89</ns3:cad>
          </ns3:TrackPointExtension>
        </extensions>
      </trkpt>
      <trkpt lat="40.1410430856049060821533203125" lon="94.6548998169600963592529296875">
        <ele>1138</ele>
        <time>2025-08-11T23:11:57.000Z</time>
        <extensions>
          <ns3:TrackPointExtension>
            <ns3:hr>153</ns3:hr>
            <ns3:cad>89</ns3:cad>
          </ns3:TrackPointExtension>
        </extensions>
      </trkpt>
      <trkpt lat="40.1410155929625034332275390625" lon="94.654905684292316436767578125">
        <ele>1138</ele>
        <time>2025-08-11T23:11:58.000Z</time>
        <extensions>
          <ns3:TrackPointExtension>
            <ns3:hr>153</ns3:hr>
            <ns3:cad>89</ns3:cad>
          </ns3:TrackPointExtension>
        </extensions>
      </trkpt>
      <trkpt lat="40.14098835177719593048095703125" lon="94.65490627102553844451904296875">
        <ele>1138</ele>
        <time>2025-08-11T23:11:59.000Z</time>
        <extensions>
          <ns3:TrackPointExtension>
            <ns3:hr>153</ns3:hr>
            <ns3:cad>89</ns3:cad>
          </ns3:TrackPointExtension>
        </extensions>
      </trkpt>
      <trkpt lat="40.1409646309912204742431640625" lon="94.6549165807664394378662109375">
        <ele>1137.800048828125</ele>
        <time>2025-08-11T23:12:00.000Z</time>
        <extensions>
          <ns3:TrackPointExtension>
            <ns3:hr>153</ns3:hr>
            <ns3:cad>89</ns3:cad>
          </ns3:TrackPointExtension>
        </extensions>
      </trkpt>
      <trkpt lat="40.14093630015850067138671875" lon="94.6549135632812976837158203125">
        <ele>1137.800048828125</ele>
        <time>2025-08-11T23:12:01.000Z</time>
        <extensions>
          <ns3:TrackPointExtension>
            <ns3:hr>153</ns3:hr>
            <ns3:cad>88</ns3:cad>
          </ns3:TrackPointExtension>
        </extensions>
      </trkpt>
      <trkpt lat="40.14091542921960353851318359375" lon="94.65491314418613910675048828125">
        <ele>1138</ele>
        <time>2025-08-11T23:12:02.000Z</time>
        <extensions>
          <ns3:TrackPointExtension>
            <ns3:hr>153</ns3:hr>
            <ns3:cad>88</ns3:cad>
          </ns3:TrackPointExtension>
        </extensions>
      </trkpt>
      <trkpt lat="40.1408834941685199737548828125" lon="94.65490601956844329833984375">
        <ele>1138</ele>
        <time>2025-08-11T23:12:03.000Z</time>
        <extensions>
          <ns3:TrackPointExtension>
            <ns3:hr>153</ns3:hr>
            <ns3:cad>88</ns3:cad>
          </ns3:TrackPointExtension>
        </extensions>
      </trkpt>
      <trkpt lat="40.14086597599089145660400390625" lon="94.65490995906293392181396484375">
        <ele>1138</ele>
        <time>2025-08-11T23:12:04.000Z</time>
        <extensions>
          <ns3:TrackPointExtension>
            <ns3:hr>153</ns3:hr>
            <ns3:cad>88</ns3:cad>
          </ns3:TrackPointExtension>
        </extensions>
      </trkpt>
      <trkpt lat="40.14083563350141048431396484375" lon="94.65490811504423618316650390625">
        <ele>1138</ele>
        <time>2025-08-11T23:12:05.000Z</time>
        <extensions>
          <ns3:TrackPointExtension>
            <ns3:hr>154</ns3:hr>
            <ns3:cad>88</ns3:cad>
          </ns3:TrackPointExtension>
        </extensions>
      </trkpt>
      <trkpt lat="40.14081752859055995941162109375" lon="94.65491163544356822967529296875">
        <ele>1138</ele>
        <time>2025-08-11T23:12:06.000Z</time>
        <extensions>
          <ns3:TrackPointExtension>
            <ns3:hr>154</ns3:hr>
            <ns3:cad>88</ns3:cad>
          </ns3:TrackPointExtension>
        </extensions>
      </trkpt>
      <trkpt lat="40.14078953303396701812744140625" lon="94.65490601956844329833984375">
        <ele>1138</ele>
        <time>2025-08-11T23:12:07.000Z</time>
        <extensions>
          <ns3:TrackPointExtension>
            <ns3:hr>154</ns3:hr>
            <ns3:cad>88</ns3:cad>
          </ns3:TrackPointExtension>
        </extensions>
      </trkpt>
      <trkpt lat="40.14076991938054561614990234375" lon="94.65489990077912807464599609375">
        <ele>1138</ele>
        <time>2025-08-11T23:12:08.000Z</time>
        <extensions>
          <ns3:TrackPointExtension>
            <ns3:hr>154</ns3:hr>
            <ns3:cad>88</ns3:cad>
          </ns3:TrackPointExtension>
        </extensions>
      </trkpt>
      <trkpt lat="40.14074326492846012115478515625" lon="94.65489369817078113555908203125">
        <ele>1138</ele>
        <time>2025-08-11T23:12:09.000Z</time>
        <extensions>
          <ns3:TrackPointExtension>
            <ns3:hr>154</ns3:hr>
            <ns3:cad>88</ns3:cad>
          </ns3:TrackPointExtension>
        </extensions>
      </trkpt>
      <trkpt lat="40.14071728102862834930419921875" lon="94.65489017777144908905029296875">
        <ele>1138</ele>
        <time>2025-08-11T23:12:10.000Z</time>
        <extensions>
          <ns3:TrackPointExtension>
            <ns3:hr>154</ns3:hr>
            <ns3:cad>88</ns3:cad>
          </ns3:TrackPointExtension>
        </extensions>
      </trkpt>
      <trkpt lat="40.140695907175540924072265625" lon="94.6548951230943202972412109375">
        <ele>1138</ele>
        <time>2025-08-11T23:12:11.000Z</time>
        <extensions>
          <ns3:TrackPointExtension>
            <ns3:hr>154</ns3:hr>
            <ns3:cad>88</ns3:cad>
          </ns3:TrackPointExtension>
        </extensions>
      </trkpt>
      <trkpt lat="40.1406756229698657989501953125" lon="94.65489470399916172027587890625">
        <ele>1138</ele>
        <time>2025-08-11T23:12:12.000Z</time>
        <extensions>
          <ns3:TrackPointExtension>
            <ns3:hr>154</ns3:hr>
            <ns3:cad>88</ns3:cad>
          </ns3:TrackPointExtension>
        </extensions>
      </trkpt>
      <trkpt lat="40.14065374620258808135986328125" lon="94.6548944525420665740966796875">
        <ele>1137.800048828125</ele>
        <time>2025-08-11T23:12:13.000Z</time>
        <extensions>
          <ns3:TrackPointExtension>
            <ns3:hr>154</ns3:hr>
            <ns3:cad>88</ns3:cad>
          </ns3:TrackPointExtension>
        </extensions>
      </trkpt>
      <trkpt lat="40.14063321053981781005859375" lon="94.65489487163722515106201171875">
        <ele>1137.800048828125</ele>
        <time>2025-08-11T23:12:14.000Z</time>
        <extensions>
          <ns3:TrackPointExtension>
            <ns3:hr>154</ns3:hr>
            <ns3:cad>88</ns3:cad>
          </ns3:TrackPointExtension>
        </extensions>
      </trkpt>
      <trkpt lat="40.1406164467334747314453125" lon="94.654899649322032928466796875">
        <ele>1137.5999755859375</ele>
        <time>2025-08-11T23:12:15.000Z</time>
        <extensions>
          <ns3:TrackPointExtension>
            <ns3:hr>154</ns3:hr>
            <ns3:cad>87</ns3:cad>
          </ns3:TrackPointExtension>
        </extensions>
      </trkpt>
      <trkpt lat="40.14059339649975299835205078125" lon="94.65490006841719150543212890625">
        <ele>1137.5999755859375</ele>
        <time>2025-08-11T23:12:16.000Z</time>
        <extensions>
          <ns3:TrackPointExtension>
            <ns3:hr>154</ns3:hr>
            <ns3:cad>87</ns3:cad>
          </ns3:TrackPointExtension>
        </extensions>
      </trkpt>
      <trkpt lat="40.14057411812245845794677734375" lon="94.65490576811134815216064453125">
        <ele>1137.5999755859375</ele>
        <time>2025-08-11T23:12:17.000Z</time>
        <extensions>
          <ns3:TrackPointExtension>
            <ns3:hr>154</ns3:hr>
            <ns3:cad>87</ns3:cad>
          </ns3:TrackPointExtension>
        </extensions>
      </trkpt>
      <trkpt lat="40.14055517502129077911376953125" lon="94.6549128927290439605712890625">
        <ele>1137.5999755859375</ele>
        <time>2025-08-11T23:12:18.000Z</time>
        <extensions>
          <ns3:TrackPointExtension>
            <ns3:hr>154</ns3:hr>
            <ns3:cad>88</ns3:cad>
          </ns3:TrackPointExtension>
        </extensions>
      </trkpt>
      <trkpt lat="40.14053774066269397735595703125" lon="94.654925800859928131103515625">
        <ele>1137.5999755859375</ele>
        <time>2025-08-11T23:12:19.000Z</time>
        <extensions>
          <ns3:TrackPointExtension>
            <ns3:hr>154</ns3:hr>
            <ns3:cad>88</ns3:cad>
          </ns3:TrackPointExtension>
        </extensions>
      </trkpt>
      <trkpt lat="40.14049801044166088104248046875" lon="94.65491381473839282989501953125">
        <ele>1137.4000244140625</ele>
        <time>2025-08-11T23:12:20.000Z</time>
        <extensions>
          <ns3:TrackPointExtension>
            <ns3:hr>155</ns3:hr>
            <ns3:cad>88</ns3:cad>
          </ns3:TrackPointExtension>
        </extensions>
      </trkpt>
      <trkpt lat="40.1404607109725475311279296875" lon="94.654921106994152069091796875">
        <ele>1137.5999755859375</ele>
        <time>2025-08-11T23:12:21.000Z</time>
        <extensions>
          <ns3:TrackPointExtension>
            <ns3:hr>154</ns3:hr>
            <ns3:cad>88</ns3:cad>
          </ns3:TrackPointExtension>
        </extensions>
      </trkpt>
      <trkpt lat="40.14043430797755718231201171875" lon="94.65492538176476955413818359375">
        <ele>1137.5999755859375</ele>
        <time>2025-08-11T23:12:22.000Z</time>
        <extensions>
          <ns3:TrackPointExtension>
            <ns3:hr>154</ns3:hr>
            <ns3:cad>88</ns3:cad>
          </ns3:TrackPointExtension>
        </extensions>
      </trkpt>
      <trkpt lat="40.14040564186871051788330078125" lon="94.6549296565353870391845703125">
        <ele>1137.5999755859375</ele>
        <time>2025-08-11T23:12:23.000Z</time>
        <extensions>
          <ns3:TrackPointExtension>
            <ns3:hr>155</ns3:hr>
            <ns3:cad>88</ns3:cad>
          </ns3:TrackPointExtension>
        </extensions>
      </trkpt>
      <trkpt lat="40.14038317836821079254150390625" lon="94.6549356915056705474853515625">
        <ele>1137.800048828125</ele>
        <time>2025-08-11T23:12:24.000Z</time>
        <extensions>
          <ns3:TrackPointExtension>
            <ns3:hr>155</ns3:hr>
            <ns3:cad>88</ns3:cad>
          </ns3:TrackPointExtension>
        </extensions>
      </trkpt>
      <trkpt lat="40.1403571106493473052978515625" lon="94.654934518039226531982421875">
        <ele>1138</ele>
        <time>2025-08-11T23:12:25.000Z</time>
        <extensions>
          <ns3:TrackPointExtension>
            <ns3:hr>155</ns3:hr>
            <ns3:cad>87</ns3:cad>
          </ns3:TrackPointExtension>
        </extensions>
      </trkpt>
      <trkpt lat="40.14033657498657703399658203125" lon="94.65494222939014434814453125">
        <ele>1138</ele>
        <time>2025-08-11T23:12:26.000Z</time>
        <extensions>
          <ns3:TrackPointExtension>
            <ns3:hr>155</ns3:hr>
            <ns3:cad>87</ns3:cad>
          </ns3:TrackPointExtension>
        </extensions>
      </trkpt>
      <trkpt lat="40.1403098367154598236083984375" lon="94.654946587979793548583984375">
        <ele>1138</ele>
        <time>2025-08-11T23:12:27.000Z</time>
        <extensions>
          <ns3:TrackPointExtension>
            <ns3:hr>155</ns3:hr>
            <ns3:cad>87</ns3:cad>
          </ns3:TrackPointExtension>
        </extensions>
      </trkpt>
      <trkpt lat="40.1402892172336578369140625" lon="94.65495488606393337249755859375">
        <ele>1138</ele>
        <time>2025-08-11T23:12:28.000Z</time>
        <extensions>
          <ns3:TrackPointExtension>
            <ns3:hr>155</ns3:hr>
            <ns3:cad>88</ns3:cad>
          </ns3:TrackPointExtension>
        </extensions>
      </trkpt>
      <trkpt lat="40.140260718762874603271484375" lon="94.6549589931964874267578125">
        <ele>1138</ele>
        <time>2025-08-11T23:12:29.000Z</time>
        <extensions>
          <ns3:TrackPointExtension>
            <ns3:hr>155</ns3:hr>
            <ns3:cad>88</ns3:cad>
          </ns3:TrackPointExtension>
        </extensions>
      </trkpt>
      <trkpt lat="40.14024185948073863983154296875" lon="94.6549695543944835662841796875">
        <ele>1138</ele>
        <time>2025-08-11T23:12:30.000Z</time>
        <extensions>
          <ns3:TrackPointExtension>
            <ns3:hr>155</ns3:hr>
            <ns3:cad>88</ns3:cad>
          </ns3:TrackPointExtension>
        </extensions>
      </trkpt>
      <trkpt lat="40.1402114331722259521484375" lon="94.65497307479381561279296875">
        <ele>1138</ele>
        <time>2025-08-11T23:12:31.000Z</time>
        <extensions>
          <ns3:TrackPointExtension>
            <ns3:hr>155</ns3:hr>
            <ns3:cad>88</ns3:cad>
          </ns3:TrackPointExtension>
        </extensions>
      </trkpt>
      <trkpt lat="40.1401918195188045501708984375" lon="94.65498036704957485198974609375">
        <ele>1138</ele>
        <time>2025-08-11T23:12:32.000Z</time>
        <extensions>
          <ns3:TrackPointExtension>
            <ns3:hr>155</ns3:hr>
            <ns3:cad>88</ns3:cad>
          </ns3:TrackPointExtension>
        </extensions>
      </trkpt>
      <trkpt lat="40.1401609741151332855224609375" lon="94.6549816243350505828857421875">
        <ele>1138.199951171875</ele>
        <time>2025-08-11T23:12:33.000Z</time>
        <extensions>
          <ns3:TrackPointExtension>
            <ns3:hr>155</ns3:hr>
            <ns3:cad>88</ns3:cad>
          </ns3:TrackPointExtension>
        </extensions>
      </trkpt>
      <trkpt lat="40.1401443779468536376953125" lon="94.654988832771778106689453125">
        <ele>1138.199951171875</ele>
        <time>2025-08-11T23:12:34.000Z</time>
        <extensions>
          <ns3:TrackPointExtension>
            <ns3:hr>155</ns3:hr>
            <ns3:cad>88</ns3:cad>
          </ns3:TrackPointExtension>
        </extensions>
      </trkpt>
      <trkpt lat="40.14011780731379985809326171875" lon="94.65498874895274639129638671875">
        <ele>1138.199951171875</ele>
        <time>2025-08-11T23:12:35.000Z</time>
        <extensions>
          <ns3:TrackPointExtension>
            <ns3:hr>155</ns3:hr>
            <ns3:cad>88</ns3:cad>
          </ns3:TrackPointExtension>
        </extensions>
      </trkpt>
      <trkpt lat="40.14009919948875904083251953125" lon="94.65499394573271274566650390625">
        <ele>1138.4000244140625</ele>
        <time>2025-08-11T23:12:36.000Z</time>
        <extensions>
          <ns3:TrackPointExtension>
            <ns3:hr>155</ns3:hr>
            <ns3:cad>88</ns3:cad>
          </ns3:TrackPointExtension>
        </extensions>
      </trkpt>
      <trkpt lat="40.14006785117089748382568359375" lon="94.6549957059323787689208984375">
        <ele>1138.4000244140625</ele>
        <time>2025-08-11T23:12:37.000Z</time>
        <extensions>
          <ns3:TrackPointExtension>
            <ns3:hr>155</ns3:hr>
            <ns3:cad>88</ns3:cad>
          </ns3:TrackPointExtension>
        </extensions>
      </trkpt>
      <trkpt lat="40.1400486566126346588134765625" lon="94.654999561607837677001953125">
        <ele>1138.4000244140625</ele>
        <time>2025-08-11T23:12:38.000Z</time>
        <extensions>
          <ns3:TrackPointExtension>
            <ns3:hr>155</ns3:hr>
            <ns3:cad>88</ns3:cad>
          </ns3:TrackPointExtension>
        </extensions>
      </trkpt>
      <trkpt lat="40.140022672712802886962890625" lon="94.65500115416944026947021484375">
        <ele>1138.199951171875</ele>
        <time>2025-08-11T23:12:39.000Z</time>
        <extensions>
          <ns3:TrackPointExtension>
            <ns3:hr>155</ns3:hr>
            <ns3:cad>88</ns3:cad>
          </ns3:TrackPointExtension>
        </extensions>
      </trkpt>
      <trkpt lat="40.14000448398292064666748046875" lon="94.6550020761787891387939453125">
        <ele>1138.199951171875</ele>
        <time>2025-08-11T23:12:40.000Z</time>
        <extensions>
          <ns3:TrackPointExtension>
            <ns3:hr>155</ns3:hr>
            <ns3:cad>88</ns3:cad>
          </ns3:TrackPointExtension>
        </extensions>
      </trkpt>
      <trkpt lat="40.139976404607295989990234375" lon="94.65500526130199432373046875">
        <ele>1138.199951171875</ele>
        <time>2025-08-11T23:12:41.000Z</time>
        <extensions>
          <ns3:TrackPointExtension>
            <ns3:hr>155</ns3:hr>
            <ns3:cad>88</ns3:cad>
          </ns3:TrackPointExtension>
        </extensions>
      </trkpt>
      <trkpt lat="40.13995234854519367218017578125" lon="94.65501003898680210113525390625">
        <ele>1138.199951171875</ele>
        <time>2025-08-11T23:12:42.000Z</time>
        <extensions>
          <ns3:TrackPointExtension>
            <ns3:hr>155</ns3:hr>
            <ns3:cad>88</ns3:cad>
          </ns3:TrackPointExtension>
        </extensions>
      </trkpt>
      <trkpt lat="40.139927454292774200439453125" lon="94.65501439757645130157470703125">
        <ele>1138.199951171875</ele>
        <time>2025-08-11T23:12:43.000Z</time>
        <extensions>
          <ns3:TrackPointExtension>
            <ns3:hr>155</ns3:hr>
            <ns3:cad>88</ns3:cad>
          </ns3:TrackPointExtension>
        </extensions>
      </trkpt>
      <trkpt lat="40.139904655516147613525390625" lon="94.65501464903354644775390625">
        <ele>1138.199951171875</ele>
        <time>2025-08-11T23:12:44.000Z</time>
        <extensions>
          <ns3:TrackPointExtension>
            <ns3:hr>155</ns3:hr>
            <ns3:cad>88</ns3:cad>
          </ns3:TrackPointExtension>
        </extensions>
      </trkpt>
      <trkpt lat="40.1398842036724090576171875" lon="94.6550245396792888641357421875">
        <ele>1138.199951171875</ele>
        <time>2025-08-11T23:12:45.000Z</time>
        <extensions>
          <ns3:TrackPointExtension>
            <ns3:hr>155</ns3:hr>
            <ns3:cad>88</ns3:cad>
          </ns3:TrackPointExtension>
        </extensions>
      </trkpt>
      <trkpt lat="40.1398602314293384552001953125" lon="94.6550268866121768951416015625">
        <ele>1138.4000244140625</ele>
        <time>2025-08-11T23:12:46.000Z</time>
        <extensions>
          <ns3:TrackPointExtension>
            <ns3:hr>155</ns3:hr>
            <ns3:cad>88</ns3:cad>
          </ns3:TrackPointExtension>
        </extensions>
      </trkpt>
      <trkpt lat="40.13983927667140960693359375" lon="94.65503635816276073455810546875">
        <ele>1138.4000244140625</ele>
        <time>2025-08-11T23:12:47.000Z</time>
        <extensions>
          <ns3:TrackPointExtension>
            <ns3:hr>155</ns3:hr>
            <ns3:cad>88</ns3:cad>
          </ns3:TrackPointExtension>
        </extensions>
      </trkpt>
      <trkpt lat="40.139813460409641265869140625" lon="94.65503736399114131927490234375">
        <ele>1138.4000244140625</ele>
        <time>2025-08-11T23:12:48.000Z</time>
        <extensions>
          <ns3:TrackPointExtension>
            <ns3:hr>155</ns3:hr>
            <ns3:cad>88</ns3:cad>
          </ns3:TrackPointExtension>
        </extensions>
      </trkpt>
      <trkpt lat="40.13979124836623668670654296875" lon="94.65504608117043972015380859375">
        <ele>1138.4000244140625</ele>
        <time>2025-08-11T23:12:49.000Z</time>
        <extensions>
          <ns3:TrackPointExtension>
            <ns3:hr>154</ns3:hr>
            <ns3:cad>88</ns3:cad>
          </ns3:TrackPointExtension>
        </extensions>
      </trkpt>
      <trkpt lat="40.1397589780390262603759765625" lon="94.65505278669297695159912109375">
        <ele>1138.4000244140625</ele>
        <time>2025-08-11T23:12:50.000Z</time>
        <extensions>
          <ns3:TrackPointExtension>
            <ns3:hr>155</ns3:hr>
            <ns3:cad>88</ns3:cad>
          </ns3:TrackPointExtension>
        </extensions>
      </trkpt>
      <trkpt lat="40.13974011875689029693603515625" lon="94.655063264071941375732421875">
        <ele>1138.4000244140625</ele>
        <time>2025-08-11T23:12:51.000Z</time>
        <extensions>
          <ns3:TrackPointExtension>
            <ns3:hr>154</ns3:hr>
            <ns3:cad>88</ns3:cad>
          </ns3:TrackPointExtension>
        </extensions>
      </trkpt>
      <trkpt lat="40.1397076807916164398193359375" lon="94.65506720356643199920654296875">
        <ele>1138.4000244140625</ele>
        <time>2025-08-11T23:12:52.000Z</time>
        <extensions>
          <ns3:TrackPointExtension>
            <ns3:hr>154</ns3:hr>
            <ns3:cad>88</ns3:cad>
          </ns3:TrackPointExtension>
        </extensions>
      </trkpt>
      <trkpt lat="40.13969301246106624603271484375" lon="94.65507608838379383087158203125">
        <ele>1138.4000244140625</ele>
        <time>2025-08-11T23:12:53.000Z</time>
        <extensions>
          <ns3:TrackPointExtension>
            <ns3:hr>154</ns3:hr>
            <ns3:cad>88</ns3:cad>
          </ns3:TrackPointExtension>
        </extensions>
      </trkpt>
      <trkpt lat="40.1396640948951244354248046875" lon="94.6550808660686016082763671875">
        <ele>1138.4000244140625</ele>
        <time>2025-08-11T23:12:54.000Z</time>
        <extensions>
          <ns3:TrackPointExtension>
            <ns3:hr>155</ns3:hr>
            <ns3:cad>88</ns3:cad>
          </ns3:TrackPointExtension>
        </extensions>
      </trkpt>
      <trkpt lat="40.139647834002971649169921875" lon="94.6550858952105045318603515625">
        <ele>1138.4000244140625</ele>
        <time>2025-08-11T23:12:55.000Z</time>
        <extensions>
          <ns3:TrackPointExtension>
            <ns3:hr>154</ns3:hr>
            <ns3:cad>88</ns3:cad>
          </ns3:TrackPointExtension>
        </extensions>
      </trkpt>
      <trkpt lat="40.13961807824671268463134765625" lon="94.65508840978145599365234375">
        <ele>1138.4000244140625</ele>
        <time>2025-08-11T23:12:56.000Z</time>
        <extensions>
          <ns3:TrackPointExtension>
            <ns3:hr>154</ns3:hr>
            <ns3:cad>88</ns3:cad>
          </ns3:TrackPointExtension>
        </extensions>
      </trkpt>
      <trkpt lat="40.1395993866026401519775390625" lon="94.65509511530399322509765625">
        <ele>1138.4000244140625</ele>
        <time>2025-08-11T23:12:57.000Z</time>
        <extensions>
          <ns3:TrackPointExtension>
            <ns3:hr>155</ns3:hr>
            <ns3:cad>88</ns3:cad>
          </ns3:TrackPointExtension>
        </extensions>
      </trkpt>
      <trkpt lat="40.1395703852176666259765625" lon="94.65509771369397640228271484375">
        <ele>1138.4000244140625</ele>
        <time>2025-08-11T23:12:58.000Z</time>
        <extensions>
          <ns3:TrackPointExtension>
            <ns3:hr>154</ns3:hr>
            <ns3:cad>88</ns3:cad>
          </ns3:TrackPointExtension>
        </extensions>
      </trkpt>
      <trkpt lat="40.1395521126687526702880859375" lon="94.655094780027866363525390625">
        <ele>1138.4000244140625</ele>
        <time>2025-08-11T23:12:59.000Z</time>
        <extensions>
          <ns3:TrackPointExtension>
            <ns3:hr>154</ns3:hr>
            <ns3:cad>88</ns3:cad>
          </ns3:TrackPointExtension>
        </extensions>
      </trkpt>
      <trkpt lat="40.13952570967376232147216796875" lon="94.6550929360091686248779296875">
        <ele>1138.4000244140625</ele>
        <time>2025-08-11T23:13:00.000Z</time>
        <extensions>
          <ns3:TrackPointExtension>
            <ns3:hr>155</ns3:hr>
            <ns3:cad>88</ns3:cad>
          </ns3:TrackPointExtension>
        </extensions>
      </trkpt>
      <trkpt lat="40.13950224034488201141357421875" lon="94.655097462236881256103515625">
        <ele>1138.4000244140625</ele>
        <time>2025-08-11T23:13:01.000Z</time>
        <extensions>
          <ns3:TrackPointExtension>
            <ns3:hr>155</ns3:hr>
            <ns3:cad>88</ns3:cad>
          </ns3:TrackPointExtension>
        </extensions>
      </trkpt>
      <trkpt lat="40.13947709463536739349365234375" lon="94.65509804897010326385498046875">
        <ele>1138.4000244140625</ele>
        <time>2025-08-11T23:13:02.000Z</time>
        <extensions>
          <ns3:TrackPointExtension>
            <ns3:hr>155</ns3:hr>
            <ns3:cad>88</ns3:cad>
          </ns3:TrackPointExtension>
        </extensions>
      </trkpt>
      <trkpt lat="40.1394562236964702606201171875" lon="94.6550996415317058563232421875">
        <ele>1138.4000244140625</ele>
        <time>2025-08-11T23:13:03.000Z</time>
        <extensions>
          <ns3:TrackPointExtension>
            <ns3:hr>154</ns3:hr>
            <ns3:cad>88</ns3:cad>
          </ns3:TrackPointExtension>
        </extensions>
      </trkpt>
      <trkpt lat="40.1394354365766048431396484375" lon="94.65510777197778224945068359375">
        <ele>1138.4000244140625</ele>
        <time>2025-08-11T23:13:04.000Z</time>
        <extensions>
          <ns3:TrackPointExtension>
            <ns3:hr>155</ns3:hr>
            <ns3:cad>88</ns3:cad>
          </ns3:TrackPointExtension>
        </extensions>
      </trkpt>
      <trkpt lat="40.13941272161900997161865234375" lon="94.655110873281955718994140625">
        <ele>1138.4000244140625</ele>
        <time>2025-08-11T23:13:05.000Z</time>
        <extensions>
          <ns3:TrackPointExtension>
            <ns3:hr>155</ns3:hr>
            <ns3:cad>88</ns3:cad>
          </ns3:TrackPointExtension>
        </extensions>
      </trkpt>
      <trkpt lat="40.139392353594303131103515625" lon="94.6551143936812877655029296875">
        <ele>1138.4000244140625</ele>
        <time>2025-08-11T23:13:06.000Z</time>
        <extensions>
          <ns3:TrackPointExtension>
            <ns3:hr>154</ns3:hr>
            <ns3:cad>88</ns3:cad>
          </ns3:TrackPointExtension>
        </extensions>
      </trkpt>
      <trkpt lat="40.139376930892467498779296875" lon="94.6551247872412204742431640625">
        <ele>1138.4000244140625</ele>
        <time>2025-08-11T23:13:07.000Z</time>
        <extensions>
          <ns3:TrackPointExtension>
            <ns3:hr>155</ns3:hr>
            <ns3:cad>88</ns3:cad>
          </ns3:TrackPointExtension>
        </extensions>
      </trkpt>
      <trkpt lat="40.13935924507677555084228515625" lon="94.65512461960315704345703125">
        <ele>1138.4000244140625</ele>
        <time>2025-08-11T23:13:08.000Z</time>
        <extensions>
          <ns3:TrackPointExtension>
            <ns3:hr>155</ns3:hr>
            <ns3:cad>88</ns3:cad>
          </ns3:TrackPointExtension>
        </extensions>
      </trkpt>
      <trkpt lat="40.1393392123281955718994140625" lon="94.65512386523187160491943359375">
        <ele>1138.199951171875</ele>
        <time>2025-08-11T23:13:09.000Z</time>
        <extensions>
          <ns3:TrackPointExtension>
            <ns3:hr>154</ns3:hr>
            <ns3:cad>87</ns3:cad>
          </ns3:TrackPointExtension>
        </extensions>
      </trkpt>
      <trkpt lat="40.13931649737060070037841796875" lon="94.655124284327030181884765625">
        <ele>1138.199951171875</ele>
        <time>2025-08-11T23:13:10.000Z</time>
        <extensions>
          <ns3:TrackPointExtension>
            <ns3:hr>155</ns3:hr>
            <ns3:cad>87</ns3:cad>
          </ns3:TrackPointExtension>
        </extensions>
      </trkpt>
      <trkpt lat="40.139289759099483489990234375" lon="94.6551224403083324432373046875">
        <ele>1138.4000244140625</ele>
        <time>2025-08-11T23:13:11.000Z</time>
        <extensions>
          <ns3:TrackPointExtension>
            <ns3:hr>155</ns3:hr>
            <ns3:cad>86</ns3:cad>
          </ns3:TrackPointExtension>
        </extensions>
      </trkpt>
      <trkpt lat="40.13926670886576175689697265625" lon="94.65513107366859912872314453125">
        <ele>1138.4000244140625</ele>
        <time>2025-08-11T23:13:12.000Z</time>
        <extensions>
          <ns3:TrackPointExtension>
            <ns3:hr>154</ns3:hr>
            <ns3:cad>86</ns3:cad>
          </ns3:TrackPointExtension>
        </extensions>
      </trkpt>
      <trkpt lat="40.1392404735088348388671875" lon="94.6551360189914703369140625">
        <ele>1138.4000244140625</ele>
        <time>2025-08-11T23:13:13.000Z</time>
        <extensions>
          <ns3:TrackPointExtension>
            <ns3:hr>155</ns3:hr>
            <ns3:cad>86</ns3:cad>
          </ns3:TrackPointExtension>
        </extensions>
      </trkpt>
      <trkpt lat="40.13921725563704967498779296875" lon="94.65514616109430789947509765625">
        <ele>1138.4000244140625</ele>
        <time>2025-08-11T23:13:14.000Z</time>
        <extensions>
          <ns3:TrackPointExtension>
            <ns3:hr>155</ns3:hr>
            <ns3:cad>86</ns3:cad>
          </ns3:TrackPointExtension>
        </extensions>
      </trkpt>
      <trkpt lat="40.13918791897594928741455078125" lon="94.65515152551233768463134765625">
        <ele>1138.4000244140625</ele>
        <time>2025-08-11T23:13:15.000Z</time>
        <extensions>
          <ns3:TrackPointExtension>
            <ns3:hr>155</ns3:hr>
            <ns3:cad>87</ns3:cad>
          </ns3:TrackPointExtension>
        </extensions>
      </trkpt>
      <trkpt lat="40.1391682215034961700439453125" lon="94.65515789575874805450439453125">
        <ele>1138.4000244140625</ele>
        <time>2025-08-11T23:13:16.000Z</time>
        <extensions>
          <ns3:TrackPointExtension>
            <ns3:hr>154</ns3:hr>
            <ns3:cad>87</ns3:cad>
          </ns3:TrackPointExtension>
        </extensions>
      </trkpt>
      <trkpt lat="40.1391410641372203826904296875" lon="94.65516175143420696258544921875">
        <ele>1138.4000244140625</ele>
        <time>2025-08-11T23:13:17.000Z</time>
        <extensions>
          <ns3:TrackPointExtension>
            <ns3:hr>155</ns3:hr>
            <ns3:cad>87</ns3:cad>
          </ns3:TrackPointExtension>
        </extensions>
      </trkpt>
      <trkpt lat="40.13912388123571872711181640625" lon="94.655173234641551971435546875">
        <ele>1138.4000244140625</ele>
        <time>2025-08-11T23:13:18.000Z</time>
        <extensions>
          <ns3:TrackPointExtension>
            <ns3:hr>155</ns3:hr>
            <ns3:cad>88</ns3:cad>
          </ns3:TrackPointExtension>
        </extensions>
      </trkpt>
      <trkpt lat="40.13909689150750637054443359375" lon="94.6551767550408840179443359375">
        <ele>1138.4000244140625</ele>
        <time>2025-08-11T23:13:19.000Z</time>
        <extensions>
          <ns3:TrackPointExtension>
            <ns3:hr>155</ns3:hr>
            <ns3:cad>88</ns3:cad>
          </ns3:TrackPointExtension>
        </extensions>
      </trkpt>
      <trkpt lat="40.1390770263969898223876953125" lon="94.6551842987537384033203125">
        <ele>1138.4000244140625</ele>
        <time>2025-08-11T23:13:20.000Z</time>
        <extensions>
          <ns3:TrackPointExtension>
            <ns3:hr>155</ns3:hr>
            <ns3:cad>88</ns3:cad>
          </ns3:TrackPointExtension>
        </extensions>
      </trkpt>
      <trkpt lat="40.1390455104410648345947265625" lon="94.6551881544291973114013671875">
        <ele>1138.4000244140625</ele>
        <time>2025-08-11T23:13:21.000Z</time>
        <extensions>
          <ns3:TrackPointExtension>
            <ns3:hr>155</ns3:hr>
            <ns3:cad>88</ns3:cad>
          </ns3:TrackPointExtension>
        </extensions>
      </trkpt>
      <trkpt lat="40.13902723789215087890625" lon="94.65519410558044910430908203125">
        <ele>1138.5999755859375</ele>
        <time>2025-08-11T23:13:22.000Z</time>
        <extensions>
          <ns3:TrackPointExtension>
            <ns3:hr>155</ns3:hr>
            <ns3:cad>88</ns3:cad>
          </ns3:TrackPointExtension>
        </extensions>
      </trkpt>
      <trkpt lat="40.138992369174957275390625" lon="94.65519477613270282745361328125">
        <ele>1138.5999755859375</ele>
        <time>2025-08-11T23:13:23.000Z</time>
        <extensions>
          <ns3:TrackPointExtension>
            <ns3:hr>155</ns3:hr>
            <ns3:cad>88</ns3:cad>
          </ns3:TrackPointExtension>
        </extensions>
      </trkpt>
      <trkpt lat="40.13897292315959930419921875" lon="94.65520231984555721282958984375">
        <ele>1138.5999755859375</ele>
        <time>2025-08-11T23:13:24.000Z</time>
        <extensions>
          <ns3:TrackPointExtension>
            <ns3:hr>155</ns3:hr>
            <ns3:cad>88</ns3:cad>
          </ns3:TrackPointExtension>
        </extensions>
      </trkpt>
      <trkpt lat="40.13894316740334033966064453125" lon="94.65520399622619152069091796875">
        <ele>1138.5999755859375</ele>
        <time>2025-08-11T23:13:25.000Z</time>
        <extensions>
          <ns3:TrackPointExtension>
            <ns3:hr>154</ns3:hr>
            <ns3:cad>88</ns3:cad>
          </ns3:TrackPointExtension>
        </extensions>
      </trkpt>
      <trkpt lat="40.13892506249248981475830078125" lon="94.6552109532058238983154296875">
        <ele>1138.5999755859375</ele>
        <time>2025-08-11T23:13:26.000Z</time>
        <extensions>
          <ns3:TrackPointExtension>
            <ns3:hr>154</ns3:hr>
            <ns3:cad>88</ns3:cad>
          </ns3:TrackPointExtension>
        </extensions>
      </trkpt>
      <trkpt lat="40.138897486031055450439453125" lon="94.655212461948394775390625">
        <ele>1138.5999755859375</ele>
        <time>2025-08-11T23:13:27.000Z</time>
        <extensions>
          <ns3:TrackPointExtension>
            <ns3:hr>154</ns3:hr>
            <ns3:cad>88</ns3:cad>
          </ns3:TrackPointExtension>
        </extensions>
      </trkpt>
      <trkpt lat="40.13887929730117321014404296875" lon="94.65521422214806079864501953125">
        <ele>1138.5999755859375</ele>
        <time>2025-08-11T23:13:28.000Z</time>
        <extensions>
          <ns3:TrackPointExtension>
            <ns3:hr>154</ns3:hr>
            <ns3:cad>88</ns3:cad>
          </ns3:TrackPointExtension>
        </extensions>
      </trkpt>
      <trkpt lat="40.13885146938264369964599609375" lon="94.65521606616675853729248046875">
        <ele>1138.5999755859375</ele>
        <time>2025-08-11T23:13:29.000Z</time>
        <extensions>
          <ns3:TrackPointExtension>
            <ns3:hr>154</ns3:hr>
            <ns3:cad>88</ns3:cad>
          </ns3:TrackPointExtension>
        </extensions>
      </trkpt>
      <trkpt lat="40.13882917352020740509033203125" lon="94.65521841309964656829833984375">
        <ele>1138.5999755859375</ele>
        <time>2025-08-11T23:13:30.000Z</time>
        <extensions>
          <ns3:TrackPointExtension>
            <ns3:hr>154</ns3:hr>
            <ns3:cad>88</ns3:cad>
          </ns3:TrackPointExtension>
        </extensions>
      </trkpt>
      <trkpt lat="40.1387984119355678558349609375" lon="94.6552233584225177764892578125">
        <ele>1138.4000244140625</ele>
        <time>2025-08-11T23:13:31.000Z</time>
        <extensions>
          <ns3:TrackPointExtension>
            <ns3:hr>153</ns3:hr>
            <ns3:cad>88</ns3:cad>
          </ns3:TrackPointExtension>
        </extensions>
      </trkpt>
      <trkpt lat="40.13877846300601959228515625" lon="94.65522662736475467681884765625">
        <ele>1138.4000244140625</ele>
        <time>2025-08-11T23:13:32.000Z</time>
        <extensions>
          <ns3:TrackPointExtension>
            <ns3:hr>153</ns3:hr>
            <ns3:cad>88</ns3:cad>
          </ns3:TrackPointExtension>
        </extensions>
      </trkpt>
      <trkpt lat="40.138747282326221466064453125" lon="94.6552283875644207000732421875">
        <ele>1138.4000244140625</ele>
        <time>2025-08-11T23:13:33.000Z</time>
        <extensions>
          <ns3:TrackPointExtension>
            <ns3:hr>153</ns3:hr>
            <ns3:cad>89</ns3:cad>
          </ns3:TrackPointExtension>
        </extensions>
      </trkpt>
      <trkpt lat="40.138727836310863494873046875" lon="94.655232243239879608154296875">
        <ele>1138.4000244140625</ele>
        <time>2025-08-11T23:13:34.000Z</time>
        <extensions>
          <ns3:TrackPointExtension>
            <ns3:hr>153</ns3:hr>
            <ns3:cad>89</ns3:cad>
          </ns3:TrackPointExtension>
        </extensions>
      </trkpt>
      <trkpt lat="40.1387008465826511383056640625" lon="94.655234925448894500732421875">
        <ele>1138.5999755859375</ele>
        <time>2025-08-11T23:13:35.000Z</time>
        <extensions>
          <ns3:TrackPointExtension>
            <ns3:hr>154</ns3:hr>
            <ns3:cad>89</ns3:cad>
          </ns3:TrackPointExtension>
        </extensions>
      </trkpt>
      <trkpt lat="40.13867846690118312835693359375" lon="94.6552371047437191009521484375">
        <ele>1138.5999755859375</ele>
        <time>2025-08-11T23:13:36.000Z</time>
        <extensions>
          <ns3:TrackPointExtension>
            <ns3:hr>153</ns3:hr>
            <ns3:cad>89</ns3:cad>
          </ns3:TrackPointExtension>
        </extensions>
      </trkpt>
      <trkpt lat="40.13865348882973194122314453125" lon="94.65524355880916118621826171875">
        <ele>1138.5999755859375</ele>
        <time>2025-08-11T23:13:37.000Z</time>
        <extensions>
          <ns3:TrackPointExtension>
            <ns3:hr>153</ns3:hr>
            <ns3:cad>89</ns3:cad>
          </ns3:TrackPointExtension>
        </extensions>
      </trkpt>
      <trkpt lat="40.138627924025058746337890625" lon="94.6552485041320323944091796875">
        <ele>1138.5999755859375</ele>
        <time>2025-08-11T23:13:38.000Z</time>
        <extensions>
          <ns3:TrackPointExtension>
            <ns3:hr>153</ns3:hr>
            <ns3:cad>89</ns3:cad>
          </ns3:TrackPointExtension>
        </extensions>
      </trkpt>
      <trkpt lat="40.1386039517819881439208984375" lon="94.6552567183971405029296875">
        <ele>1138.800048828125</ele>
        <time>2025-08-11T23:13:39.000Z</time>
        <extensions>
          <ns3:TrackPointExtension>
            <ns3:hr>153</ns3:hr>
            <ns3:cad>89</ns3:cad>
          </ns3:TrackPointExtension>
        </extensions>
      </trkpt>
      <trkpt lat="40.1385791413486003875732421875" lon="94.6552565507590770721435546875">
        <ele>1138.800048828125</ele>
        <time>2025-08-11T23:13:40.000Z</time>
        <extensions>
          <ns3:TrackPointExtension>
            <ns3:hr>154</ns3:hr>
            <ns3:cad>88</ns3:cad>
          </ns3:TrackPointExtension>
        </extensions>
      </trkpt>
      <trkpt lat="40.13856262899935245513916015625" lon="94.65526803396642208099365234375">
        <ele>1138.800048828125</ele>
        <time>2025-08-11T23:13:41.000Z</time>
        <extensions>
          <ns3:TrackPointExtension>
            <ns3:hr>153</ns3:hr>
            <ns3:cad>88</ns3:cad>
          </ns3:TrackPointExtension>
        </extensions>
      </trkpt>
      <trkpt lat="40.13853714801371097564697265625" lon="94.65527105145156383514404296875">
        <ele>1138.5999755859375</ele>
        <time>2025-08-11T23:13:42.000Z</time>
        <extensions>
          <ns3:TrackPointExtension>
            <ns3:hr>153</ns3:hr>
            <ns3:cad>88</ns3:cad>
          </ns3:TrackPointExtension>
        </extensions>
      </trkpt>
      <trkpt lat="40.13851786963641643524169921875" lon="94.6552816964685916900634765625">
        <ele>1138.5999755859375</ele>
        <time>2025-08-11T23:13:43.000Z</time>
        <extensions>
          <ns3:TrackPointExtension>
            <ns3:hr>153</ns3:hr>
            <ns3:cad>88</ns3:cad>
          </ns3:TrackPointExtension>
        </extensions>
      </trkpt>
      <trkpt lat="40.13849280774593353271484375" lon="94.65528555214405059814453125">
        <ele>1138.4000244140625</ele>
        <time>2025-08-11T23:13:44.000Z</time>
        <extensions>
          <ns3:TrackPointExtension>
            <ns3:hr>153</ns3:hr>
            <ns3:cad>88</ns3:cad>
          </ns3:TrackPointExtension>
        </extensions>
      </trkpt>
      <trkpt lat="40.1384755410254001617431640625" lon="94.6552914194762706756591796875">
        <ele>1138.4000244140625</ele>
        <time>2025-08-11T23:13:45.000Z</time>
        <extensions>
          <ns3:TrackPointExtension>
            <ns3:hr>152</ns3:hr>
            <ns3:cad>88</ns3:cad>
          </ns3:TrackPointExtension>
        </extensions>
      </trkpt>
      <trkpt lat="40.13844511471688747406005859375" lon="94.6552964486181735992431640625">
        <ele>1138.4000244140625</ele>
        <time>2025-08-11T23:13:46.000Z</time>
        <extensions>
          <ns3:TrackPointExtension>
            <ns3:hr>153</ns3:hr>
            <ns3:cad>88</ns3:cad>
          </ns3:TrackPointExtension>
        </extensions>
      </trkpt>
      <trkpt lat="40.13843086548149585723876953125" lon="94.65530172921717166900634765625">
        <ele>1138.4000244140625</ele>
        <time>2025-08-11T23:13:47.000Z</time>
        <extensions>
          <ns3:TrackPointExtension>
            <ns3:hr>153</ns3:hr>
            <ns3:cad>87</ns3:cad>
          </ns3:TrackPointExtension>
        </extensions>
      </trkpt>
      <trkpt lat="40.13840337283909320831298828125" lon="94.655306674540042877197265625">
        <ele>1138.4000244140625</ele>
        <time>2025-08-11T23:13:48.000Z</time>
        <extensions>
          <ns3:TrackPointExtension>
            <ns3:hr>153</ns3:hr>
            <ns3:cad>88</ns3:cad>
          </ns3:TrackPointExtension>
        </extensions>
      </trkpt>
      <trkpt lat="40.13838308863341808319091796875" lon="94.655313380062580108642578125">
        <ele>1138.5999755859375</ele>
        <time>2025-08-11T23:13:49.000Z</time>
        <extensions>
          <ns3:TrackPointExtension>
            <ns3:hr>153</ns3:hr>
            <ns3:cad>88</ns3:cad>
          </ns3:TrackPointExtension>
        </extensions>
      </trkpt>
      <trkpt lat="40.13835710473358631134033203125" lon="94.65532176196575164794921875">
        <ele>1138.5999755859375</ele>
        <time>2025-08-11T23:13:50.000Z</time>
        <extensions>
          <ns3:TrackPointExtension>
            <ns3:hr>153</ns3:hr>
            <ns3:cad>88</ns3:cad>
          </ns3:TrackPointExtension>
        </extensions>
      </trkpt>
      <trkpt lat="40.138333551585674285888671875" lon="94.6553205884993076324462890625">
        <ele>1138.5999755859375</ele>
        <time>2025-08-11T23:13:51.000Z</time>
        <extensions>
          <ns3:TrackPointExtension>
            <ns3:hr>153</ns3:hr>
            <ns3:cad>88</ns3:cad>
          </ns3:TrackPointExtension>
        </extensions>
      </trkpt>
      <trkpt lat="40.1383122615516185760498046875" lon="94.65533156879246234893798828125">
        <ele>1138.5999755859375</ele>
        <time>2025-08-11T23:13:52.000Z</time>
        <extensions>
          <ns3:TrackPointExtension>
            <ns3:hr>153</ns3:hr>
            <ns3:cad>88</ns3:cad>
          </ns3:TrackPointExtension>
        </extensions>
      </trkpt>
      <trkpt lat="40.13828887604176998138427734375" lon="94.6553323231637477874755859375">
        <ele>1138.5999755859375</ele>
        <time>2025-08-11T23:13:53.000Z</time>
        <extensions>
          <ns3:TrackPointExtension>
            <ns3:hr>153</ns3:hr>
            <ns3:cad>88</ns3:cad>
          </ns3:TrackPointExtension>
        </extensions>
      </trkpt>
      <trkpt lat="40.1382740400731563568115234375" lon="94.6553464047610759735107421875">
        <ele>1138.5999755859375</ele>
        <time>2025-08-11T23:13:54.000Z</time>
        <extensions>
          <ns3:TrackPointExtension>
            <ns3:hr>153</ns3:hr>
            <ns3:cad>88</ns3:cad>
          </ns3:TrackPointExtension>
        </extensions>
      </trkpt>
      <trkpt lat="40.1382478885352611541748046875" lon="94.65534598566591739654541015625">
        <ele>1138.5999755859375</ele>
        <time>2025-08-11T23:13:55.000Z</time>
        <extensions>
          <ns3:TrackPointExtension>
            <ns3:hr>153</ns3:hr>
            <ns3:cad>88</ns3:cad>
          </ns3:TrackPointExtension>
        </extensions>
      </trkpt>
      <trkpt lat="40.13823539949953556060791015625" lon="94.65535487048327922821044921875">
        <ele>1138.5999755859375</ele>
        <time>2025-08-11T23:13:56.000Z</time>
        <extensions>
          <ns3:TrackPointExtension>
            <ns3:hr>154</ns3:hr>
            <ns3:cad>88</ns3:cad>
          </ns3:TrackPointExtension>
        </extensions>
      </trkpt>
      <trkpt lat="40.13821058906614780426025390625" lon="94.6553574688732624053955078125">
        <ele>1138.5999755859375</ele>
        <time>2025-08-11T23:13:57.000Z</time>
        <extensions>
          <ns3:TrackPointExtension>
            <ns3:hr>154</ns3:hr>
            <ns3:cad>88</ns3:cad>
          </ns3:TrackPointExtension>
        </extensions>
      </trkpt>
      <trkpt lat="40.13819617219269275665283203125" lon="94.6553591452538967132568359375">
        <ele>1138.5999755859375</ele>
        <time>2025-08-11T23:13:58.000Z</time>
        <extensions>
          <ns3:TrackPointExtension>
            <ns3:hr>154</ns3:hr>
            <ns3:cad>88</ns3:cad>
          </ns3:TrackPointExtension>
        </extensions>
      </trkpt>
      <trkpt lat="40.13817219994962215423583984375" lon="94.65536342002451419830322265625">
        <ele>1138.800048828125</ele>
        <time>2025-08-11T23:13:59.000Z</time>
        <extensions>
          <ns3:TrackPointExtension>
            <ns3:hr>154</ns3:hr>
            <ns3:cad>88</ns3:cad>
          </ns3:TrackPointExtension>
        </extensions>
      </trkpt>
      <trkpt lat="40.13815124519169330596923828125" lon="94.655364342033863067626953125">
        <ele>1138.800048828125</ele>
        <time>2025-08-11T23:14:00.000Z</time>
        <extensions>
          <ns3:TrackPointExtension>
            <ns3:hr>154</ns3:hr>
            <ns3:cad>87</ns3:cad>
          </ns3:TrackPointExtension>
        </extensions>
      </trkpt>
      <trkpt lat="40.1381313800811767578125" lon="94.65537532232701778411865234375">
        <ele>1138.800048828125</ele>
        <time>2025-08-11T23:14:01.000Z</time>
        <extensions>
          <ns3:TrackPointExtension>
            <ns3:hr>155</ns3:hr>
            <ns3:cad>87</ns3:cad>
          </ns3:TrackPointExtension>
        </extensions>
      </trkpt>
      <trkpt lat="40.13810849748551845550537109375" lon="94.6553876437246799468994140625">
        <ele>1138.800048828125</ele>
        <time>2025-08-11T23:14:02.000Z</time>
        <extensions>
          <ns3:TrackPointExtension>
            <ns3:hr>155</ns3:hr>
            <ns3:cad>87</ns3:cad>
          </ns3:TrackPointExtension>
        </extensions>
      </trkpt>
      <trkpt lat="40.1380950026214122772216796875" lon="94.6554030664265155792236328125">
        <ele>1138.800048828125</ele>
        <time>2025-08-11T23:14:03.000Z</time>
        <extensions>
          <ns3:TrackPointExtension>
            <ns3:hr>155</ns3:hr>
            <ns3:cad>87</ns3:cad>
          </ns3:TrackPointExtension>
        </extensions>
      </trkpt>
      <trkpt lat="40.1380737125873565673828125" lon="94.65540130622684955596923828125">
        <ele>1138.800048828125</ele>
        <time>2025-08-11T23:14:04.000Z</time>
        <extensions>
          <ns3:TrackPointExtension>
            <ns3:hr>155</ns3:hr>
            <ns3:cad>87</ns3:cad>
          </ns3:TrackPointExtension>
        </extensions>
      </trkpt>
      <trkpt lat="40.13804999180138111114501953125" lon="94.65540013276040554046630859375">
        <ele>1138.800048828125</ele>
        <time>2025-08-11T23:14:05.000Z</time>
        <extensions>
          <ns3:TrackPointExtension>
            <ns3:hr>155</ns3:hr>
            <ns3:cad>87</ns3:cad>
          </ns3:TrackPointExtension>
        </extensions>
      </trkpt>
      <trkpt lat="40.13803021050989627838134765625" lon="94.65539820492267608642578125">
        <ele>1138.5999755859375</ele>
        <time>2025-08-11T23:14:06.000Z</time>
        <extensions>
          <ns3:TrackPointExtension>
            <ns3:hr>155</ns3:hr>
            <ns3:cad>87</ns3:cad>
          </ns3:TrackPointExtension>
        </extensions>
      </trkpt>
      <trkpt lat="40.13802283443510532379150390625" lon="94.655401222407817840576171875">
        <ele>1138.5999755859375</ele>
        <time>2025-08-11T23:14:07.000Z</time>
        <extensions>
          <ns3:TrackPointExtension>
            <ns3:hr>155</ns3:hr>
            <ns3:cad>87</ns3:cad>
          </ns3:TrackPointExtension>
        </extensions>
      </trkpt>
      <trkpt lat="40.13801403343677520751953125" lon="94.655405916273593902587890625">
        <ele>1138.5999755859375</ele>
        <time>2025-08-11T23:14:08.000Z</time>
        <extensions>
          <ns3:TrackPointExtension>
            <ns3:hr>155</ns3:hr>
            <ns3:cad>87</ns3:cad>
          </ns3:TrackPointExtension>
        </extensions>
      </trkpt>
      <trkpt lat="40.137998946011066436767578125" lon="94.6554037369787693023681640625">
        <ele>1138.5999755859375</ele>
        <time>2025-08-11T23:14:09.000Z</time>
        <extensions>
          <ns3:TrackPointExtension>
            <ns3:hr>155</ns3:hr>
            <ns3:cad>87</ns3:cad>
          </ns3:TrackPointExtension>
        </extensions>
      </trkpt>
      <trkpt lat="40.13798813335597515106201171875" lon="94.6554057486355304718017578125">
        <ele>1138.800048828125</ele>
        <time>2025-08-11T23:14:10.000Z</time>
        <extensions>
          <ns3:TrackPointExtension>
            <ns3:hr>156</ns3:hr>
            <ns3:cad>87</ns3:cad>
          </ns3:TrackPointExtension>
        </extensions>
      </trkpt>
      <trkpt lat="40.13798947446048259735107421875" lon="94.65540952049195766448974609375">
        <ele>1139</ele>
        <time>2025-08-11T23:14:11.000Z</time>
        <extensions>
          <ns3:TrackPointExtension>
            <ns3:hr>155</ns3:hr>
            <ns3:cad>60</ns3:cad>
          </ns3:TrackPointExtension>
        </extensions>
      </trkpt>
      <trkpt lat="40.137986205518245697021484375" lon="94.65541756711900234222412109375">
        <ele>1139.199951171875</ele>
        <time>2025-08-11T23:14:12.000Z</time>
        <extensions>
          <ns3:TrackPointExtension>
            <ns3:hr>155</ns3:hr>
            <ns3:cad>60</ns3:cad>
          </ns3:TrackPointExtension>
        </extensions>
      </trkpt>
      <trkpt lat="40.13798050582408905029296875" lon="94.65542125515639781951904296875">
        <ele>1139.4000244140625</ele>
        <time>2025-08-11T23:14:13.000Z</time>
        <extensions>
          <ns3:TrackPointExtension>
            <ns3:hr>155</ns3:hr>
            <ns3:cad>0</ns3:cad>
          </ns3:TrackPointExtension>
        </extensions>
      </trkpt>
      <trkpt lat="40.1379702799022197723388671875" lon="94.65542343445122241973876953125">
        <ele>1139.5999755859375</ele>
        <time>2025-08-11T23:14:14.000Z</time>
        <extensions>
          <ns3:TrackPointExtension>
            <ns3:hr>156</ns3:hr>
            <ns3:cad>0</ns3:cad>
          </ns3:TrackPointExtension>
        </extensions>
      </trkpt>
      <trkpt lat="40.13796231709420680999755859375" lon="94.655427373945713043212890625">
        <ele>1139.800048828125</ele>
        <time>2025-08-11T23:14:15.000Z</time>
        <extensions>
          <ns3:TrackPointExtension>
            <ns3:hr>155</ns3:hr>
            <ns3:cad>0</ns3:cad>
          </ns3:TrackPointExtension>
        </extensions>
      </trkpt>
      <trkpt lat="40.13795695267617702484130859375" lon="94.655435085296630859375">
        <ele>1140</ele>
        <time>2025-08-11T23:14:16.000Z</time>
        <extensions>
          <ns3:TrackPointExtension>
            <ns3:hr>155</ns3:hr>
            <ns3:cad>0</ns3:cad>
          </ns3:TrackPointExtension>
        </extensions>
      </trkpt>
      <trkpt lat="40.13794706203043460845947265625" lon="94.6554419584572315216064453125">
        <ele>1140</ele>
        <time>2025-08-11T23:14:17.000Z</time>
        <extensions>
          <ns3:TrackPointExtension>
            <ns3:hr>154</ns3:hr>
            <ns3:cad>0</ns3:cad>
          </ns3:TrackPointExtension>
        </extensions>
      </trkpt>
      <trkpt lat="40.137939937412738800048828125" lon="94.6554469875991344451904296875">
        <ele>1140</ele>
        <time>2025-08-11T23:14:18.000Z</time>
        <extensions>
          <ns3:TrackPointExtension>
            <ns3:hr>154</ns3:hr>
            <ns3:cad>0</ns3:cad>
          </ns3:TrackPointExtension>
        </extensions>
      </trkpt>
      <trkpt lat="40.13792962767183780670166015625" lon="94.65545277111232280731201171875">
        <ele>1140</ele>
        <time>2025-08-11T23:14:19.000Z</time>
        <extensions>
          <ns3:TrackPointExtension>
            <ns3:hr>154</ns3:hr>
            <ns3:cad>0</ns3:cad>
          </ns3:TrackPointExtension>
        </extensions>
      </trkpt>
      <trkpt lat="40.137920491397380828857421875" lon="94.65545830316841602325439453125">
        <ele>1140</ele>
        <time>2025-08-11T23:14:20.000Z</time>
        <extensions>
          <ns3:TrackPointExtension>
            <ns3:hr>154</ns3:hr>
            <ns3:cad>0</ns3:cad>
          </ns3:TrackPointExtension>
        </extensions>
      </trkpt>
      <trkpt lat="40.13790498487651348114013671875" lon="94.6554573811590671539306640625">
        <ele>1140</ele>
        <time>2025-08-11T23:14:21.000Z</time>
        <extensions>
          <ns3:TrackPointExtension>
            <ns3:hr>153</ns3:hr>
            <ns3:cad>0</ns3:cad>
          </ns3:TrackPointExtension>
        </extensions>
      </trkpt>
      <trkpt lat="40.1378881372511386871337890625" lon="94.6554573811590671539306640625">
        <ele>1140</ele>
        <time>2025-08-11T23:14:22.000Z</time>
        <extensions>
          <ns3:TrackPointExtension>
            <ns3:hr>153</ns3:hr>
            <ns3:cad>0</ns3:cad>
          </ns3:TrackPointExtension>
        </extensions>
      </trkpt>
      <trkpt lat="40.1378740556538105010986328125" lon="94.65545763261616230010986328125">
        <ele>1140</ele>
        <time>2025-08-11T23:14:23.000Z</time>
        <extensions>
          <ns3:TrackPointExtension>
            <ns3:hr>153</ns3:hr>
            <ns3:cad>0</ns3:cad>
          </ns3:TrackPointExtension>
        </extensions>
      </trkpt>
      <trkpt lat="40.13785536400973796844482421875" lon="94.655458889901638031005859375">
        <ele>1140</ele>
        <time>2025-08-11T23:14:24.000Z</time>
        <extensions>
          <ns3:TrackPointExtension>
            <ns3:hr>153</ns3:hr>
            <ns3:cad>0</ns3:cad>
          </ns3:TrackPointExtension>
        </extensions>
      </trkpt>
      <trkpt lat="40.137838684022426605224609375" lon="94.65546903200447559356689453125">
        <ele>1140.199951171875</ele>
        <time>2025-08-11T23:14:25.000Z</time>
        <extensions>
          <ns3:TrackPointExtension>
            <ns3:hr>153</ns3:hr>
            <ns3:cad>0</ns3:cad>
          </ns3:TrackPointExtension>
        </extensions>
      </trkpt>
      <trkpt lat="40.13781311921775341033935546875" lon="94.65547774918377399444580078125">
        <ele>1140.199951171875</ele>
        <time>2025-08-11T23:14:26.000Z</time>
        <extensions>
          <ns3:TrackPointExtension>
            <ns3:hr>152</ns3:hr>
            <ns3:cad>0</ns3:cad>
          </ns3:TrackPointExtension>
        </extensions>
      </trkpt>
      <trkpt lat="40.13779249973595142364501953125" lon="94.65548395179212093353271484375">
        <ele>1140.4000244140625</ele>
        <time>2025-08-11T23:14:27.000Z</time>
        <extensions>
          <ns3:TrackPointExtension>
            <ns3:hr>152</ns3:hr>
            <ns3:cad>0</ns3:cad>
          </ns3:TrackPointExtension>
        </extensions>
      </trkpt>
      <trkpt lat="40.13776986859738826751708984375" lon="94.65549401007592678070068359375">
        <ele>1140.4000244140625</ele>
        <time>2025-08-11T23:14:28.000Z</time>
        <extensions>
          <ns3:TrackPointExtension>
            <ns3:hr>152</ns3:hr>
            <ns3:cad>0</ns3:cad>
          </ns3:TrackPointExtension>
        </extensions>
      </trkpt>
      <trkpt lat="40.13774304650723934173583984375" lon="94.65549937449395656585693359375">
        <ele>1140.4000244140625</ele>
        <time>2025-08-11T23:14:29.000Z</time>
        <extensions>
          <ns3:TrackPointExtension>
            <ns3:hr>151</ns3:hr>
            <ns3:cad>83</ns3:cad>
          </ns3:TrackPointExtension>
        </extensions>
      </trkpt>
      <trkpt lat="40.13772033154964447021484375" lon="94.65550482273101806640625">
        <ele>1140.4000244140625</ele>
        <time>2025-08-11T23:14:30.000Z</time>
        <extensions>
          <ns3:TrackPointExtension>
            <ns3:hr>151</ns3:hr>
            <ns3:cad>86</ns3:cad>
          </ns3:TrackPointExtension>
        </extensions>
      </trkpt>
      <trkpt lat="40.13769619166851043701171875" lon="94.65550909750163555145263671875">
        <ele>1140.4000244140625</ele>
        <time>2025-08-11T23:14:31.000Z</time>
        <extensions>
          <ns3:TrackPointExtension>
            <ns3:hr>151</ns3:hr>
            <ns3:cad>86</ns3:cad>
          </ns3:TrackPointExtension>
        </extensions>
      </trkpt>
      <trkpt lat="40.13767607510089874267578125" lon="94.65551278553903102874755859375">
        <ele>1140.4000244140625</ele>
        <time>2025-08-11T23:14:32.000Z</time>
        <extensions>
          <ns3:TrackPointExtension>
            <ns3:hr>150</ns3:hr>
            <ns3:cad>86</ns3:cad>
          </ns3:TrackPointExtension>
        </extensions>
      </trkpt>
      <trkpt lat="40.137650929391384124755859375" lon="94.6555115282535552978515625">
        <ele>1140.4000244140625</ele>
        <time>2025-08-11T23:14:33.000Z</time>
        <extensions>
          <ns3:TrackPointExtension>
            <ns3:hr>150</ns3:hr>
            <ns3:cad>87</ns3:cad>
          </ns3:TrackPointExtension>
        </extensions>
      </trkpt>
      <trkpt lat="40.1376350037753582000732421875" lon="94.65551580302417278289794921875">
        <ele>1140.5999755859375</ele>
        <time>2025-08-11T23:14:34.000Z</time>
        <extensions>
          <ns3:TrackPointExtension>
            <ns3:hr>150</ns3:hr>
            <ns3:cad>87</ns3:cad>
          </ns3:TrackPointExtension>
        </extensions>
      </trkpt>
      <trkpt lat="40.1376081816852092742919921875" lon="94.65551898814737796783447265625">
        <ele>1140.4000244140625</ele>
        <time>2025-08-11T23:14:35.000Z</time>
        <extensions>
          <ns3:TrackPointExtension>
            <ns3:hr>150</ns3:hr>
            <ns3:cad>88</ns3:cad>
          </ns3:TrackPointExtension>
        </extensions>
      </trkpt>
      <trkpt lat="40.13758664019405841827392578125" lon="94.6555264480412006378173828125">
        <ele>1140.4000244140625</ele>
        <time>2025-08-11T23:14:36.000Z</time>
        <extensions>
          <ns3:TrackPointExtension>
            <ns3:hr>150</ns3:hr>
            <ns3:cad>88</ns3:cad>
          </ns3:TrackPointExtension>
        </extensions>
      </trkpt>
      <trkpt lat="40.137564428150653839111328125" lon="94.65553365647792816162109375">
        <ele>1140.4000244140625</ele>
        <time>2025-08-11T23:14:37.000Z</time>
        <extensions>
          <ns3:TrackPointExtension>
            <ns3:hr>150</ns3:hr>
            <ns3:cad>88</ns3:cad>
          </ns3:TrackPointExtension>
        </extensions>
      </trkpt>
      <trkpt lat="40.137544982135295867919921875" lon="94.655539691448211669921875">
        <ele>1140.4000244140625</ele>
        <time>2025-08-11T23:14:38.000Z</time>
        <extensions>
          <ns3:TrackPointExtension>
            <ns3:hr>151</ns3:hr>
            <ns3:cad>88</ns3:cad>
          </ns3:TrackPointExtension>
        </extensions>
      </trkpt>
      <trkpt lat="40.1375189982354640960693359375" lon="94.655546732246875762939453125">
        <ele>1140.4000244140625</ele>
        <time>2025-08-11T23:14:39.000Z</time>
        <extensions>
          <ns3:TrackPointExtension>
            <ns3:hr>150</ns3:hr>
            <ns3:cad>88</ns3:cad>
          </ns3:TrackPointExtension>
        </extensions>
      </trkpt>
      <trkpt lat="40.13750097714364528656005859375" lon="94.65555402450263500213623046875">
        <ele>1140.4000244140625</ele>
        <time>2025-08-11T23:14:40.000Z</time>
        <extensions>
          <ns3:TrackPointExtension>
            <ns3:hr>150</ns3:hr>
            <ns3:cad>88</ns3:cad>
          </ns3:TrackPointExtension>
        </extensions>
      </trkpt>
      <trkpt lat="40.13746946118772029876708984375" lon="94.6555556170642375946044921875">
        <ele>1140.4000244140625</ele>
        <time>2025-08-11T23:14:41.000Z</time>
        <extensions>
          <ns3:TrackPointExtension>
            <ns3:hr>150</ns3:hr>
            <ns3:cad>88</ns3:cad>
          </ns3:TrackPointExtension>
        </extensions>
      </trkpt>
      <trkpt lat="40.1374472491443157196044921875" lon="94.6555670164525508880615234375">
        <ele>1140.4000244140625</ele>
        <time>2025-08-11T23:14:42.000Z</time>
        <extensions>
          <ns3:TrackPointExtension>
            <ns3:hr>150</ns3:hr>
            <ns3:cad>88</ns3:cad>
          </ns3:TrackPointExtension>
        </extensions>
      </trkpt>
      <trkpt lat="40.13741724193096160888671875" lon="94.65556659735739231109619140625">
        <ele>1140.5999755859375</ele>
        <time>2025-08-11T23:14:43.000Z</time>
        <extensions>
          <ns3:TrackPointExtension>
            <ns3:hr>150</ns3:hr>
            <ns3:cad>88</ns3:cad>
          </ns3:TrackPointExtension>
        </extensions>
      </trkpt>
      <trkpt lat="40.137397460639476776123046875" lon="94.655580259859561920166015625">
        <ele>1140.4000244140625</ele>
        <time>2025-08-11T23:14:44.000Z</time>
        <extensions>
          <ns3:TrackPointExtension>
            <ns3:hr>150</ns3:hr>
            <ns3:cad>88</ns3:cad>
          </ns3:TrackPointExtension>
        </extensions>
      </trkpt>
      <trkpt lat="40.13736736960709095001220703125" lon="94.65558486990630626678466796875">
        <ele>1140.4000244140625</ele>
        <time>2025-08-11T23:14:45.000Z</time>
        <extensions>
          <ns3:TrackPointExtension>
            <ns3:hr>150</ns3:hr>
            <ns3:cad>89</ns3:cad>
          </ns3:TrackPointExtension>
        </extensions>
      </trkpt>
      <trkpt lat="40.13734557665884494781494140625" lon="94.6555955149233341217041015625">
        <ele>1140.4000244140625</ele>
        <time>2025-08-11T23:14:46.000Z</time>
        <extensions>
          <ns3:TrackPointExtension>
            <ns3:hr>150</ns3:hr>
            <ns3:cad>89</ns3:cad>
          </ns3:TrackPointExtension>
        </extensions>
      </trkpt>
      <trkpt lat="40.13731607235968112945556640625" lon="94.65560180135071277618408203125">
        <ele>1140.4000244140625</ele>
        <time>2025-08-11T23:14:47.000Z</time>
        <extensions>
          <ns3:TrackPointExtension>
            <ns3:hr>150</ns3:hr>
            <ns3:cad>89</ns3:cad>
          </ns3:TrackPointExtension>
        </extensions>
      </trkpt>
      <trkpt lat="40.137295536696910858154296875" lon="94.65561018325388431549072265625">
        <ele>1140.4000244140625</ele>
        <time>2025-08-11T23:14:48.000Z</time>
        <extensions>
          <ns3:TrackPointExtension>
            <ns3:hr>149</ns3:hr>
            <ns3:cad>88</ns3:cad>
          </ns3:TrackPointExtension>
        </extensions>
      </trkpt>
      <trkpt lat="40.137265026569366455078125" lon="94.65561722405254840850830078125">
        <ele>1140.4000244140625</ele>
        <time>2025-08-11T23:14:49.000Z</time>
        <extensions>
          <ns3:TrackPointExtension>
            <ns3:hr>150</ns3:hr>
            <ns3:cad>88</ns3:cad>
          </ns3:TrackPointExtension>
        </extensions>
      </trkpt>
      <trkpt lat="40.1372457481920719146728515625" lon="94.65562443248927593231201171875">
        <ele>1140.4000244140625</ele>
        <time>2025-08-11T23:14:50.000Z</time>
        <extensions>
          <ns3:TrackPointExtension>
            <ns3:hr>150</ns3:hr>
            <ns3:cad>88</ns3:cad>
          </ns3:TrackPointExtension>
        </extensions>
      </trkpt>
      <trkpt lat="40.137219093739986419677734375" lon="94.6556243486702442169189453125">
        <ele>1140.4000244140625</ele>
        <time>2025-08-11T23:14:51.000Z</time>
        <extensions>
          <ns3:TrackPointExtension>
            <ns3:hr>150</ns3:hr>
            <ns3:cad>88</ns3:cad>
          </ns3:TrackPointExtension>
        </extensions>
      </trkpt>
      <trkpt lat="40.1372014917433261871337890625" lon="94.65563214384019374847412109375">
        <ele>1140.4000244140625</ele>
        <time>2025-08-11T23:14:52.000Z</time>
        <extensions>
          <ns3:TrackPointExtension>
            <ns3:hr>150</ns3:hr>
            <ns3:cad>88</ns3:cad>
          </ns3:TrackPointExtension>
        </extensions>
      </trkpt>
      <trkpt lat="40.1371756754815578460693359375" lon="94.6556394360959529876708984375">
        <ele>1140.4000244140625</ele>
        <time>2025-08-11T23:14:53.000Z</time>
        <extensions>
          <ns3:TrackPointExtension>
            <ns3:hr>150</ns3:hr>
            <ns3:cad>88</ns3:cad>
          </ns3:TrackPointExtension>
        </extensions>
      </trkpt>
      <trkpt lat="40.137152373790740966796875" lon="94.65564052574336528778076171875">
        <ele>1140.4000244140625</ele>
        <time>2025-08-11T23:14:54.000Z</time>
        <extensions>
          <ns3:TrackPointExtension>
            <ns3:hr>150</ns3:hr>
            <ns3:cad>88</ns3:cad>
          </ns3:TrackPointExtension>
        </extensions>
      </trkpt>
      <trkpt lat="40.13712890446186065673828125" lon="94.65564236976206302642822265625">
        <ele>1140.4000244140625</ele>
        <time>2025-08-11T23:14:55.000Z</time>
        <extensions>
          <ns3:TrackPointExtension>
            <ns3:hr>150</ns3:hr>
            <ns3:cad>88</ns3:cad>
          </ns3:TrackPointExtension>
        </extensions>
      </trkpt>
      <trkpt lat="40.13710803352296352386474609375" lon="94.6556511707603931427001953125">
        <ele>1140.4000244140625</ele>
        <time>2025-08-11T23:14:56.000Z</time>
        <extensions>
          <ns3:TrackPointExtension>
            <ns3:hr>150</ns3:hr>
            <ns3:cad>88</ns3:cad>
          </ns3:TrackPointExtension>
        </extensions>
      </trkpt>
      <trkpt lat="40.1370848156511783599853515625" lon="94.6556605584919452667236328125">
        <ele>1140.4000244140625</ele>
        <time>2025-08-11T23:14:57.000Z</time>
        <extensions>
          <ns3:TrackPointExtension>
            <ns3:hr>150</ns3:hr>
            <ns3:cad>88</ns3:cad>
          </ns3:TrackPointExtension>
        </extensions>
      </trkpt>
      <trkpt lat="40.1370636932551860809326171875" lon="94.65566508471965789794921875">
        <ele>1140.4000244140625</ele>
        <time>2025-08-11T23:14:58.000Z</time>
        <extensions>
          <ns3:TrackPointExtension>
            <ns3:hr>150</ns3:hr>
            <ns3:cad>88</ns3:cad>
          </ns3:TrackPointExtension>
        </extensions>
      </trkpt>
      <trkpt lat="40.13703980483114719390869140625" lon="94.655673801898956298828125">
        <ele>1140.4000244140625</ele>
        <time>2025-08-11T23:14:59.000Z</time>
        <extensions>
          <ns3:TrackPointExtension>
            <ns3:hr>149</ns3:hr>
            <ns3:cad>89</ns3:cad>
          </ns3:TrackPointExtension>
        </extensions>
      </trkpt>
      <trkpt lat="40.1370147429406642913818359375" lon="94.6556805074214935302734375">
        <ele>1140.4000244140625</ele>
        <time>2025-08-11T23:15:00.000Z</time>
        <extensions>
          <ns3:TrackPointExtension>
            <ns3:hr>150</ns3:hr>
            <ns3:cad>89</ns3:cad>
          </ns3:TrackPointExtension>
        </extensions>
      </trkpt>
      <trkpt lat="40.1369932852685451507568359375" lon="94.65568947605788707733154296875">
        <ele>1140.5999755859375</ele>
        <time>2025-08-11T23:15:01.000Z</time>
        <extensions>
          <ns3:TrackPointExtension>
            <ns3:hr>150</ns3:hr>
            <ns3:cad>88</ns3:cad>
          </ns3:TrackPointExtension>
        </extensions>
      </trkpt>
      <trkpt lat="40.13697057031095027923583984375" lon="94.655689559876918792724609375">
        <ele>1140.5999755859375</ele>
        <time>2025-08-11T23:15:02.000Z</time>
        <extensions>
          <ns3:TrackPointExtension>
            <ns3:hr>150</ns3:hr>
            <ns3:cad>88</ns3:cad>
          </ns3:TrackPointExtension>
        </extensions>
      </trkpt>
      <trkpt lat="40.13695011846721172332763671875" lon="94.65569668449461460113525390625">
        <ele>1140.4000244140625</ele>
        <time>2025-08-11T23:15:03.000Z</time>
        <extensions>
          <ns3:TrackPointExtension>
            <ns3:hr>149</ns3:hr>
            <ns3:cad>88</ns3:cad>
          </ns3:TrackPointExtension>
        </extensions>
      </trkpt>
      <trkpt lat="40.136924050748348236083984375" lon="94.6556991152465343475341796875">
        <ele>1140.4000244140625</ele>
        <time>2025-08-11T23:15:04.000Z</time>
        <extensions>
          <ns3:TrackPointExtension>
            <ns3:hr>150</ns3:hr>
            <ns3:cad>88</ns3:cad>
          </ns3:TrackPointExtension>
        </extensions>
      </trkpt>
      <trkpt lat="40.13690787367522716522216796875" lon="94.65571177192032337188720703125">
        <ele>1140.4000244140625</ele>
        <time>2025-08-11T23:15:05.000Z</time>
        <extensions>
          <ns3:TrackPointExtension>
            <ns3:hr>150</ns3:hr>
            <ns3:cad>88</ns3:cad>
          </ns3:TrackPointExtension>
        </extensions>
      </trkpt>
      <trkpt lat="40.13687903992831707000732421875" lon="94.6557202376425266265869140625">
        <ele>1140.4000244140625</ele>
        <time>2025-08-11T23:15:06.000Z</time>
        <extensions>
          <ns3:TrackPointExtension>
            <ns3:hr>149</ns3:hr>
            <ns3:cad>88</ns3:cad>
          </ns3:TrackPointExtension>
        </extensions>
      </trkpt>
      <trkpt lat="40.13685573823750019073486328125" lon="94.65572887100279331207275390625">
        <ele>1140.199951171875</ele>
        <time>2025-08-11T23:15:07.000Z</time>
        <extensions>
          <ns3:TrackPointExtension>
            <ns3:hr>150</ns3:hr>
            <ns3:cad>88</ns3:cad>
          </ns3:TrackPointExtension>
        </extensions>
      </trkpt>
      <trkpt lat="40.1368249766528606414794921875" lon="94.65573574416339397430419921875">
        <ele>1140.199951171875</ele>
        <time>2025-08-11T23:15:08.000Z</time>
        <extensions>
          <ns3:TrackPointExtension>
            <ns3:hr>150</ns3:hr>
            <ns3:cad>88</ns3:cad>
          </ns3:TrackPointExtension>
        </extensions>
      </trkpt>
      <trkpt lat="40.13680444099009037017822265625" lon="94.655742533504962921142578125">
        <ele>1140.199951171875</ele>
        <time>2025-08-11T23:15:09.000Z</time>
        <extensions>
          <ns3:TrackPointExtension>
            <ns3:hr>149</ns3:hr>
            <ns3:cad>88</ns3:cad>
          </ns3:TrackPointExtension>
        </extensions>
      </trkpt>
      <trkpt lat="40.13677577488124370574951171875" lon="94.65575066395103931427001953125">
        <ele>1140.199951171875</ele>
        <time>2025-08-11T23:15:10.000Z</time>
        <extensions>
          <ns3:TrackPointExtension>
            <ns3:hr>150</ns3:hr>
            <ns3:cad>88</ns3:cad>
          </ns3:TrackPointExtension>
        </extensions>
      </trkpt>
      <trkpt lat="40.13675381429493427276611328125" lon="94.65575896203517913818359375">
        <ele>1140.199951171875</ele>
        <time>2025-08-11T23:15:11.000Z</time>
        <extensions>
          <ns3:TrackPointExtension>
            <ns3:hr>150</ns3:hr>
            <ns3:cad>88</ns3:cad>
          </ns3:TrackPointExtension>
        </extensions>
      </trkpt>
      <trkpt lat="40.13673302717506885528564453125" lon="94.65576508082449436187744140625">
        <ele>1140.199951171875</ele>
        <time>2025-08-11T23:15:12.000Z</time>
        <extensions>
          <ns3:TrackPointExtension>
            <ns3:hr>149</ns3:hr>
            <ns3:cad>88</ns3:cad>
          </ns3:TrackPointExtension>
        </extensions>
      </trkpt>
      <trkpt lat="40.13671316206455230712890625" lon="94.65576742775738239288330078125">
        <ele>1140.4000244140625</ele>
        <time>2025-08-11T23:15:13.000Z</time>
        <extensions>
          <ns3:TrackPointExtension>
            <ns3:hr>150</ns3:hr>
            <ns3:cad>88</ns3:cad>
          </ns3:TrackPointExtension>
        </extensions>
      </trkpt>
      <trkpt lat="40.1366881839931011199951171875" lon="94.65577379800379276275634765625">
        <ele>1140.4000244140625</ele>
        <time>2025-08-11T23:15:14.000Z</time>
        <extensions>
          <ns3:TrackPointExtension>
            <ns3:hr>150</ns3:hr>
            <ns3:cad>88</ns3:cad>
          </ns3:TrackPointExtension>
        </extensions>
      </trkpt>
      <trkpt lat="40.13666815124452114105224609375" lon="94.65578301809728145599365234375">
        <ele>1140.4000244140625</ele>
        <time>2025-08-11T23:15:15.000Z</time>
        <extensions>
          <ns3:TrackPointExtension>
            <ns3:hr>149</ns3:hr>
            <ns3:cad>89</ns3:cad>
          </ns3:TrackPointExtension>
        </extensions>
      </trkpt>
      <trkpt lat="40.13664216734468936920166015625" lon="94.655786789953708648681640625">
        <ele>1140.4000244140625</ele>
        <time>2025-08-11T23:15:16.000Z</time>
        <extensions>
          <ns3:TrackPointExtension>
            <ns3:hr>149</ns3:hr>
            <ns3:cad>89</ns3:cad>
          </ns3:TrackPointExtension>
        </extensions>
      </trkpt>
      <trkpt lat="40.1366181112825870513916015625" lon="94.65579357929527759552001953125">
        <ele>1140.4000244140625</ele>
        <time>2025-08-11T23:15:17.000Z</time>
        <extensions>
          <ns3:TrackPointExtension>
            <ns3:hr>149</ns3:hr>
            <ns3:cad>89</ns3:cad>
          </ns3:TrackPointExtension>
        </extensions>
      </trkpt>
      <trkpt lat="40.13659137301146984100341796875" lon="94.65579743497073650360107421875">
        <ele>1140.4000244140625</ele>
        <time>2025-08-11T23:15:18.000Z</time>
        <extensions>
          <ns3:TrackPointExtension>
            <ns3:hr>149</ns3:hr>
            <ns3:cad>89</ns3:cad>
          </ns3:TrackPointExtension>
        </extensions>
      </trkpt>
      <trkpt lat="40.1365694962441921234130859375" lon="94.6558013744652271270751953125">
        <ele>1140.4000244140625</ele>
        <time>2025-08-11T23:15:19.000Z</time>
        <extensions>
          <ns3:TrackPointExtension>
            <ns3:hr>150</ns3:hr>
            <ns3:cad>89</ns3:cad>
          </ns3:TrackPointExtension>
        </extensions>
      </trkpt>
      <trkpt lat="40.1365394890308380126953125" lon="94.655806906521320343017578125">
        <ele>1140.4000244140625</ele>
        <time>2025-08-11T23:15:20.000Z</time>
        <extensions>
          <ns3:TrackPointExtension>
            <ns3:hr>149</ns3:hr>
            <ns3:cad>88</ns3:cad>
          </ns3:TrackPointExtension>
        </extensions>
      </trkpt>
      <trkpt lat="40.136515684425830841064453125" lon="94.65581285767257213592529296875">
        <ele>1140.4000244140625</ele>
        <time>2025-08-11T23:15:21.000Z</time>
        <extensions>
          <ns3:TrackPointExtension>
            <ns3:hr>149</ns3:hr>
            <ns3:cad>88</ns3:cad>
          </ns3:TrackPointExtension>
        </extensions>
      </trkpt>
      <trkpt lat="40.1364950649440288543701171875" lon="94.65582090429961681365966796875">
        <ele>1140.4000244140625</ele>
        <time>2025-08-11T23:15:22.000Z</time>
        <extensions>
          <ns3:TrackPointExtension>
            <ns3:hr>149</ns3:hr>
            <ns3:cad>88</ns3:cad>
          </ns3:TrackPointExtension>
        </extensions>
      </trkpt>
      <trkpt lat="40.136471092700958251953125" lon="94.65582978911697864532470703125">
        <ele>1140.4000244140625</ele>
        <time>2025-08-11T23:15:23.000Z</time>
        <extensions>
          <ns3:TrackPointExtension>
            <ns3:hr>150</ns3:hr>
            <ns3:cad>89</ns3:cad>
          </ns3:TrackPointExtension>
        </extensions>
      </trkpt>
      <trkpt lat="40.13645642437040805816650390625" lon="94.6558320522308349609375">
        <ele>1140.5999755859375</ele>
        <time>2025-08-11T23:15:24.000Z</time>
        <extensions>
          <ns3:TrackPointExtension>
            <ns3:hr>149</ns3:hr>
            <ns3:cad>88</ns3:cad>
          </ns3:TrackPointExtension>
        </extensions>
      </trkpt>
      <trkpt lat="40.13643949292600154876708984375" lon="94.65584118850529193878173828125">
        <ele>1141</ele>
        <time>2025-08-11T23:15:25.000Z</time>
        <extensions>
          <ns3:TrackPointExtension>
            <ns3:hr>149</ns3:hr>
            <ns3:cad>88</ns3:cad>
          </ns3:TrackPointExtension>
        </extensions>
      </trkpt>
      <trkpt lat="40.13642038218677043914794921875" lon="94.65584722347557544708251953125">
        <ele>1141.4000244140625</ele>
        <time>2025-08-11T23:15:26.000Z</time>
        <extensions>
          <ns3:TrackPointExtension>
            <ns3:hr>149</ns3:hr>
            <ns3:cad>87</ns3:cad>
          </ns3:TrackPointExtension>
        </extensions>
      </trkpt>
      <trkpt lat="40.13640881516039371490478515625" lon="94.65585510246455669403076171875">
        <ele>1141.800048828125</ele>
        <time>2025-08-11T23:15:27.000Z</time>
        <extensions>
          <ns3:TrackPointExtension>
            <ns3:hr>150</ns3:hr>
            <ns3:cad>86</ns3:cad>
          </ns3:TrackPointExtension>
        </extensions>
      </trkpt>
      <trkpt lat="40.13638995587825775146484375" lon="94.65585744939744472503662109375">
        <ele>1142.199951171875</ele>
        <time>2025-08-11T23:15:28.000Z</time>
        <extensions>
          <ns3:TrackPointExtension>
            <ns3:hr>150</ns3:hr>
            <ns3:cad>86</ns3:cad>
          </ns3:TrackPointExtension>
        </extensions>
      </trkpt>
      <trkpt lat="40.1363793946802616119384765625" lon="94.6558607183396816253662109375">
        <ele>1142.5999755859375</ele>
        <time>2025-08-11T23:15:29.000Z</time>
        <extensions>
          <ns3:TrackPointExtension>
            <ns3:hr>150</ns3:hr>
            <ns3:cad>86</ns3:cad>
          </ns3:TrackPointExtension>
        </extensions>
      </trkpt>
      <trkpt lat="40.13635667972266674041748046875" lon="94.65585292316973209381103515625">
        <ele>1142.800048828125</ele>
        <time>2025-08-11T23:15:30.000Z</time>
        <extensions>
          <ns3:TrackPointExtension>
            <ns3:hr>150</ns3:hr>
            <ns3:cad>86</ns3:cad>
          </ns3:TrackPointExtension>
        </extensions>
      </trkpt>
      <trkpt lat="40.13634243048727512359619140625" lon="94.65585074387490749359130859375">
        <ele>1143.199951171875</ele>
        <time>2025-08-11T23:15:31.000Z</time>
        <extensions>
          <ns3:TrackPointExtension>
            <ns3:hr>150</ns3:hr>
            <ns3:cad>85</ns3:cad>
          </ns3:TrackPointExtension>
        </extensions>
      </trkpt>
      <trkpt lat="40.13632214628159999847412109375" lon="94.65585476718842983245849609375">
        <ele>1143.199951171875</ele>
        <time>2025-08-11T23:15:32.000Z</time>
        <extensions>
          <ns3:TrackPointExtension>
            <ns3:hr>150</ns3:hr>
            <ns3:cad>85</ns3:cad>
          </ns3:TrackPointExtension>
        </extensions>
      </trkpt>
      <trkpt lat="40.13630370609462261199951171875" lon="94.65585527010262012481689453125">
        <ele>1143.199951171875</ele>
        <time>2025-08-11T23:15:33.000Z</time>
        <extensions>
          <ns3:TrackPointExtension>
            <ns3:hr>150</ns3:hr>
            <ns3:cad>86</ns3:cad>
          </ns3:TrackPointExtension>
        </extensions>
      </trkpt>
      <trkpt lat="40.136283338069915771484375" lon="94.65585694648325443267822265625">
        <ele>1143.199951171875</ele>
        <time>2025-08-11T23:15:34.000Z</time>
        <extensions>
          <ns3:TrackPointExtension>
            <ns3:hr>150</ns3:hr>
            <ns3:cad>86</ns3:cad>
          </ns3:TrackPointExtension>
        </extensions>
      </trkpt>
      <trkpt lat="40.13626028783619403839111328125" lon="94.65585610829293727874755859375">
        <ele>1143.199951171875</ele>
        <time>2025-08-11T23:15:35.000Z</time>
        <extensions>
          <ns3:TrackPointExtension>
            <ns3:hr>150</ns3:hr>
            <ns3:cad>86</ns3:cad>
          </ns3:TrackPointExtension>
        </extensions>
      </trkpt>
      <trkpt lat="40.136242099106311798095703125" lon="94.655859880149364471435546875">
        <ele>1143.199951171875</ele>
        <time>2025-08-11T23:15:36.000Z</time>
        <extensions>
          <ns3:TrackPointExtension>
            <ns3:hr>151</ns3:hr>
            <ns3:cad>86</ns3:cad>
          </ns3:TrackPointExtension>
        </extensions>
      </trkpt>
      <trkpt lat="40.13621569611132144927978515625" lon="94.65586080215871334075927734375">
        <ele>1143.199951171875</ele>
        <time>2025-08-11T23:15:37.000Z</time>
        <extensions>
          <ns3:TrackPointExtension>
            <ns3:hr>151</ns3:hr>
            <ns3:cad>86</ns3:cad>
          </ns3:TrackPointExtension>
        </extensions>
      </trkpt>
      <trkpt lat="40.13619725592434406280517578125" lon="94.65586750768125057220458984375">
        <ele>1143.199951171875</ele>
        <time>2025-08-11T23:15:38.000Z</time>
        <extensions>
          <ns3:TrackPointExtension>
            <ns3:hr>151</ns3:hr>
            <ns3:cad>87</ns3:cad>
          </ns3:TrackPointExtension>
        </extensions>
      </trkpt>
      <trkpt lat="40.13617395423352718353271484375" lon="94.6558655798435211181640625">
        <ele>1143.199951171875</ele>
        <time>2025-08-11T23:15:39.000Z</time>
        <extensions>
          <ns3:TrackPointExtension>
            <ns3:hr>151</ns3:hr>
            <ns3:cad>87</ns3:cad>
          </ns3:TrackPointExtension>
        </extensions>
      </trkpt>
      <trkpt lat="40.1361550949513912200927734375" lon="94.6558691002428531646728515625">
        <ele>1143.199951171875</ele>
        <time>2025-08-11T23:15:40.000Z</time>
        <extensions>
          <ns3:TrackPointExtension>
            <ns3:hr>151</ns3:hr>
            <ns3:cad>87</ns3:cad>
          </ns3:TrackPointExtension>
        </extensions>
      </trkpt>
      <trkpt lat="40.13613355346024036407470703125" lon="94.6558724530041217803955078125">
        <ele>1143.199951171875</ele>
        <time>2025-08-11T23:15:41.000Z</time>
        <extensions>
          <ns3:TrackPointExtension>
            <ns3:hr>152</ns3:hr>
            <ns3:cad>87</ns3:cad>
          </ns3:TrackPointExtension>
        </extensions>
      </trkpt>
      <trkpt lat="40.13611343689262866973876953125" lon="94.65587806887924671173095703125">
        <ele>1143.199951171875</ele>
        <time>2025-08-11T23:15:42.000Z</time>
        <extensions>
          <ns3:TrackPointExtension>
            <ns3:hr>152</ns3:hr>
            <ns3:cad>88</ns3:cad>
          </ns3:TrackPointExtension>
        </extensions>
      </trkpt>
      <trkpt lat="40.13608845882117748260498046875" lon="94.6558791585266590118408203125">
        <ele>1143.199951171875</ele>
        <time>2025-08-11T23:15:43.000Z</time>
        <extensions>
          <ns3:TrackPointExtension>
            <ns3:hr>152</ns3:hr>
            <ns3:cad>88</ns3:cad>
          </ns3:TrackPointExtension>
        </extensions>
      </trkpt>
      <trkpt lat="40.13606540858745574951171875" lon="94.65588578023016452789306640625">
        <ele>1143.199951171875</ele>
        <time>2025-08-11T23:15:44.000Z</time>
        <extensions>
          <ns3:TrackPointExtension>
            <ns3:hr>152</ns3:hr>
            <ns3:cad>88</ns3:cad>
          </ns3:TrackPointExtension>
        </extensions>
      </trkpt>
      <trkpt lat="40.1360405981540679931640625" lon="94.6558898873627185821533203125">
        <ele>1143.199951171875</ele>
        <time>2025-08-11T23:15:45.000Z</time>
        <extensions>
          <ns3:TrackPointExtension>
            <ns3:hr>152</ns3:hr>
            <ns3:cad>88</ns3:cad>
          </ns3:TrackPointExtension>
        </extensions>
      </trkpt>
      <trkpt lat="40.1360152848064899444580078125" lon="94.65589617379009723663330078125">
        <ele>1143.199951171875</ele>
        <time>2025-08-11T23:15:46.000Z</time>
        <extensions>
          <ns3:TrackPointExtension>
            <ns3:hr>152</ns3:hr>
            <ns3:cad>88</ns3:cad>
          </ns3:TrackPointExtension>
        </extensions>
      </trkpt>
      <trkpt lat="40.1359921507537364959716796875" lon="94.65590120293200016021728515625">
        <ele>1143</ele>
        <time>2025-08-11T23:15:47.000Z</time>
        <extensions>
          <ns3:TrackPointExtension>
            <ns3:hr>152</ns3:hr>
            <ns3:cad>88</ns3:cad>
          </ns3:TrackPointExtension>
        </extensions>
      </trkpt>
      <trkpt lat="40.135969184339046478271484375" lon="94.65590204112231731414794921875">
        <ele>1143</ele>
        <time>2025-08-11T23:15:48.000Z</time>
        <extensions>
          <ns3:TrackPointExtension>
            <ns3:hr>152</ns3:hr>
            <ns3:cad>88</ns3:cad>
          </ns3:TrackPointExtension>
        </extensions>
      </trkpt>
      <trkpt lat="40.13594982214272022247314453125" lon="94.6559111773967742919921875">
        <ele>1143.199951171875</ele>
        <time>2025-08-11T23:15:49.000Z</time>
        <extensions>
          <ns3:TrackPointExtension>
            <ns3:hr>152</ns3:hr>
            <ns3:cad>88</ns3:cad>
          </ns3:TrackPointExtension>
        </extensions>
      </trkpt>
      <trkpt lat="40.13592937029898166656494140625" lon="94.65591989457607269287109375">
        <ele>1143.199951171875</ele>
        <time>2025-08-11T23:15:50.000Z</time>
        <extensions>
          <ns3:TrackPointExtension>
            <ns3:hr>153</ns3:hr>
            <ns3:cad>87</ns3:cad>
          </ns3:TrackPointExtension>
        </extensions>
      </trkpt>
      <trkpt lat="40.135910175740718841552734375" lon="94.6559307910501956939697265625">
        <ele>1143.199951171875</ele>
        <time>2025-08-11T23:15:51.000Z</time>
        <extensions>
          <ns3:TrackPointExtension>
            <ns3:hr>153</ns3:hr>
            <ns3:cad>87</ns3:cad>
          </ns3:TrackPointExtension>
        </extensions>
      </trkpt>
      <trkpt lat="40.1358872093260288238525390625" lon="94.65593322180211544036865234375">
        <ele>1143.199951171875</ele>
        <time>2025-08-11T23:15:52.000Z</time>
        <extensions>
          <ns3:TrackPointExtension>
            <ns3:hr>153</ns3:hr>
            <ns3:cad>88</ns3:cad>
          </ns3:TrackPointExtension>
        </extensions>
      </trkpt>
      <trkpt lat="40.13586835004389286041259765625" lon="94.65594076551496982574462890625">
        <ele>1143.199951171875</ele>
        <time>2025-08-11T23:15:53.000Z</time>
        <extensions>
          <ns3:TrackPointExtension>
            <ns3:hr>153</ns3:hr>
            <ns3:cad>88</ns3:cad>
          </ns3:TrackPointExtension>
        </extensions>
      </trkpt>
      <trkpt lat="40.13584278523921966552734375" lon="94.6559472195804119110107421875">
        <ele>1143.199951171875</ele>
        <time>2025-08-11T23:15:54.000Z</time>
        <extensions>
          <ns3:TrackPointExtension>
            <ns3:hr>153</ns3:hr>
            <ns3:cad>88</ns3:cad>
          </ns3:TrackPointExtension>
        </extensions>
      </trkpt>
      <trkpt lat="40.135825015604496002197265625" lon="94.65595208108425140380859375">
        <ele>1143.199951171875</ele>
        <time>2025-08-11T23:15:55.000Z</time>
        <extensions>
          <ns3:TrackPointExtension>
            <ns3:hr>153</ns3:hr>
            <ns3:cad>88</ns3:cad>
          </ns3:TrackPointExtension>
        </extensions>
      </trkpt>
      <trkpt lat="40.13580129481852054595947265625" lon="94.65595803223550319671630859375">
        <ele>1143.199951171875</ele>
        <time>2025-08-11T23:15:56.000Z</time>
        <extensions>
          <ns3:TrackPointExtension>
            <ns3:hr>153</ns3:hr>
            <ns3:cad>88</ns3:cad>
          </ns3:TrackPointExtension>
        </extensions>
      </trkpt>
      <trkpt lat="40.135782770812511444091796875" lon="94.65596641413867473602294921875">
        <ele>1143.199951171875</ele>
        <time>2025-08-11T23:15:57.000Z</time>
        <extensions>
          <ns3:TrackPointExtension>
            <ns3:hr>153</ns3:hr>
            <ns3:cad>88</ns3:cad>
          </ns3:TrackPointExtension>
        </extensions>
      </trkpt>
      <trkpt lat="40.13576223514974117279052734375" lon="94.65597094036638736724853515625">
        <ele>1143.199951171875</ele>
        <time>2025-08-11T23:15:58.000Z</time>
        <extensions>
          <ns3:TrackPointExtension>
            <ns3:hr>153</ns3:hr>
            <ns3:cad>88</ns3:cad>
          </ns3:TrackPointExtension>
        </extensions>
      </trkpt>
      <trkpt lat="40.13573977164924144744873046875" lon="94.65597814880311489105224609375">
        <ele>1143.199951171875</ele>
        <time>2025-08-11T23:15:59.000Z</time>
        <extensions>
          <ns3:TrackPointExtension>
            <ns3:hr>153</ns3:hr>
            <ns3:cad>88</ns3:cad>
          </ns3:TrackPointExtension>
        </extensions>
      </trkpt>
      <trkpt lat="40.13572200201451778411865234375" lon="94.6559867821633815765380859375">
        <ele>1143.199951171875</ele>
        <time>2025-08-11T23:16:00.000Z</time>
        <extensions>
          <ns3:TrackPointExtension>
            <ns3:hr>153</ns3:hr>
            <ns3:cad>88</ns3:cad>
          </ns3:TrackPointExtension>
        </extensions>
      </trkpt>
      <trkpt lat="40.135700292885303497314453125" lon="94.65599273331463336944580078125">
        <ele>1143.199951171875</ele>
        <time>2025-08-11T23:16:01.000Z</time>
        <extensions>
          <ns3:TrackPointExtension>
            <ns3:hr>153</ns3:hr>
            <ns3:cad>88</ns3:cad>
          </ns3:TrackPointExtension>
        </extensions>
      </trkpt>
      <trkpt lat="40.1356830261647701263427734375" lon="94.65600128285586833953857421875">
        <ele>1143.199951171875</ele>
        <time>2025-08-11T23:16:02.000Z</time>
        <extensions>
          <ns3:TrackPointExtension>
            <ns3:hr>153</ns3:hr>
            <ns3:cad>87</ns3:cad>
          </ns3:TrackPointExtension>
        </extensions>
      </trkpt>
      <trkpt lat="40.135659389197826385498046875" lon="94.65600346215069293975830078125">
        <ele>1143.199951171875</ele>
        <time>2025-08-11T23:16:03.000Z</time>
        <extensions>
          <ns3:TrackPointExtension>
            <ns3:hr>152</ns3:hr>
            <ns3:cad>87</ns3:cad>
          </ns3:TrackPointExtension>
        </extensions>
      </trkpt>
      <trkpt lat="40.13564153574407100677490234375" lon="94.65601251460611820220947265625">
        <ele>1143.199951171875</ele>
        <time>2025-08-11T23:16:04.000Z</time>
        <extensions>
          <ns3:TrackPointExtension>
            <ns3:hr>153</ns3:hr>
            <ns3:cad>87</ns3:cad>
          </ns3:TrackPointExtension>
        </extensions>
      </trkpt>
      <trkpt lat="40.1356149651110172271728515625" lon="94.65601553209125995635986328125">
        <ele>1143.199951171875</ele>
        <time>2025-08-11T23:16:05.000Z</time>
        <extensions>
          <ns3:TrackPointExtension>
            <ns3:hr>153</ns3:hr>
            <ns3:cad>87</ns3:cad>
          </ns3:TrackPointExtension>
        </extensions>
      </trkpt>
      <trkpt lat="40.13559828512370586395263671875" lon="94.65602089650928974151611328125">
        <ele>1143.199951171875</ele>
        <time>2025-08-11T23:16:06.000Z</time>
        <extensions>
          <ns3:TrackPointExtension>
            <ns3:hr>153</ns3:hr>
            <ns3:cad>88</ns3:cad>
          </ns3:TrackPointExtension>
        </extensions>
      </trkpt>
      <trkpt lat="40.13557196594774723052978515625" lon="94.65602575801312923431396484375">
        <ele>1143.199951171875</ele>
        <time>2025-08-11T23:16:07.000Z</time>
        <extensions>
          <ns3:TrackPointExtension>
            <ns3:hr>153</ns3:hr>
            <ns3:cad>88</ns3:cad>
          </ns3:TrackPointExtension>
        </extensions>
      </trkpt>
      <trkpt lat="40.1355539448559284210205078125" lon="94.65603028424084186553955078125">
        <ele>1143.199951171875</ele>
        <time>2025-08-11T23:16:08.000Z</time>
        <extensions>
          <ns3:TrackPointExtension>
            <ns3:hr>153</ns3:hr>
            <ns3:cad>88</ns3:cad>
          </ns3:TrackPointExtension>
        </extensions>
      </trkpt>
      <trkpt lat="40.13552628457546234130859375" lon="94.6560353972017765045166015625">
        <ele>1143.199951171875</ele>
        <time>2025-08-11T23:16:09.000Z</time>
        <extensions>
          <ns3:TrackPointExtension>
            <ns3:hr>153</ns3:hr>
            <ns3:cad>88</ns3:cad>
          </ns3:TrackPointExtension>
        </extensions>
      </trkpt>
      <trkpt lat="40.13550725765526294708251953125" lon="94.65604864060878753662109375">
        <ele>1143.199951171875</ele>
        <time>2025-08-11T23:16:10.000Z</time>
        <extensions>
          <ns3:TrackPointExtension>
            <ns3:hr>153</ns3:hr>
            <ns3:cad>88</ns3:cad>
          </ns3:TrackPointExtension>
        </extensions>
      </trkpt>
      <trkpt lat="40.1354795135557651519775390625" lon="94.6560521610081195831298828125">
        <ele>1143.199951171875</ele>
        <time>2025-08-11T23:16:11.000Z</time>
        <extensions>
          <ns3:TrackPointExtension>
            <ns3:hr>153</ns3:hr>
            <ns3:cad>88</ns3:cad>
          </ns3:TrackPointExtension>
        </extensions>
      </trkpt>
      <trkpt lat="40.13545378111302852630615234375" lon="94.65606615878641605377197265625">
        <ele>1143.199951171875</ele>
        <time>2025-08-11T23:16:12.000Z</time>
        <extensions>
          <ns3:TrackPointExtension>
            <ns3:hr>153</ns3:hr>
            <ns3:cad>88</ns3:cad>
          </ns3:TrackPointExtension>
        </extensions>
      </trkpt>
      <trkpt lat="40.13542695902287960052490234375" lon="94.6560667455196380615234375">
        <ele>1143.199951171875</ele>
        <time>2025-08-11T23:16:13.000Z</time>
        <extensions>
          <ns3:TrackPointExtension>
            <ns3:hr>153</ns3:hr>
            <ns3:cad>88</ns3:cad>
          </ns3:TrackPointExtension>
        </extensions>
      </trkpt>
      <trkpt lat="40.13540499843657016754150390625" lon="94.656073786318302154541015625">
        <ele>1143.4000244140625</ele>
        <time>2025-08-11T23:16:14.000Z</time>
        <extensions>
          <ns3:TrackPointExtension>
            <ns3:hr>153</ns3:hr>
            <ns3:cad>88</ns3:cad>
          </ns3:TrackPointExtension>
        </extensions>
      </trkpt>
      <trkpt lat="40.1353832893073558807373046875" lon="94.6560823358595371246337890625">
        <ele>1143.4000244140625</ele>
        <time>2025-08-11T23:16:15.000Z</time>
        <extensions>
          <ns3:TrackPointExtension>
            <ns3:hr>153</ns3:hr>
            <ns3:cad>88</ns3:cad>
          </ns3:TrackPointExtension>
        </extensions>
      </trkpt>
      <trkpt lat="40.1353635080158710479736328125" lon="94.65608174912631511688232421875">
        <ele>1143.4000244140625</ele>
        <time>2025-08-11T23:16:16.000Z</time>
        <extensions>
          <ns3:TrackPointExtension>
            <ns3:hr>153</ns3:hr>
            <ns3:cad>88</ns3:cad>
          </ns3:TrackPointExtension>
        </extensions>
      </trkpt>
      <trkpt lat="40.13534129597246646881103515625" lon="94.65608350932598114013671875">
        <ele>1143.4000244140625</ele>
        <time>2025-08-11T23:16:17.000Z</time>
        <extensions>
          <ns3:TrackPointExtension>
            <ns3:hr>153</ns3:hr>
            <ns3:cad>88</ns3:cad>
          </ns3:TrackPointExtension>
        </extensions>
      </trkpt>
      <trkpt lat="40.13531573116779327392578125" lon="94.6560850180685520172119140625">
        <ele>1143.199951171875</ele>
        <time>2025-08-11T23:16:18.000Z</time>
        <extensions>
          <ns3:TrackPointExtension>
            <ns3:hr>153</ns3:hr>
            <ns3:cad>88</ns3:cad>
          </ns3:TrackPointExtension>
        </extensions>
      </trkpt>
      <trkpt lat="40.13529301621019840240478515625" lon="94.65608996339142322540283203125">
        <ele>1143.199951171875</ele>
        <time>2025-08-11T23:16:19.000Z</time>
        <extensions>
          <ns3:TrackPointExtension>
            <ns3:hr>153</ns3:hr>
            <ns3:cad>88</ns3:cad>
          </ns3:TrackPointExtension>
        </extensions>
      </trkpt>
      <trkpt lat="40.13526787050068378448486328125" lon="94.656089209020137786865234375">
        <ele>1143.199951171875</ele>
        <time>2025-08-11T23:16:20.000Z</time>
        <extensions>
          <ns3:TrackPointExtension>
            <ns3:hr>153</ns3:hr>
            <ns3:cad>88</ns3:cad>
          </ns3:TrackPointExtension>
        </extensions>
      </trkpt>
      <trkpt lat="40.1352478377521038055419921875" lon="94.6560950763523578643798828125">
        <ele>1143.4000244140625</ele>
        <time>2025-08-11T23:16:21.000Z</time>
        <extensions>
          <ns3:TrackPointExtension>
            <ns3:hr>153</ns3:hr>
            <ns3:cad>87</ns3:cad>
          </ns3:TrackPointExtension>
        </extensions>
      </trkpt>
      <trkpt lat="40.13522051274776458740234375" lon="94.65609448961913585662841796875">
        <ele>1143.4000244140625</ele>
        <time>2025-08-11T23:16:22.000Z</time>
        <extensions>
          <ns3:TrackPointExtension>
            <ns3:hr>153</ns3:hr>
            <ns3:cad>87</ns3:cad>
          </ns3:TrackPointExtension>
        </extensions>
      </trkpt>
      <trkpt lat="40.13519880361855030059814453125" lon="94.656096585094928741455078125">
        <ele>1143.4000244140625</ele>
        <time>2025-08-11T23:16:23.000Z</time>
        <extensions>
          <ns3:TrackPointExtension>
            <ns3:hr>153</ns3:hr>
            <ns3:cad>88</ns3:cad>
          </ns3:TrackPointExtension>
        </extensions>
      </trkpt>
      <trkpt lat="40.135168544948101043701171875" lon="94.65609298087656497955322265625">
        <ele>1143.4000244140625</ele>
        <time>2025-08-11T23:16:24.000Z</time>
        <extensions>
          <ns3:TrackPointExtension>
            <ns3:hr>153</ns3:hr>
            <ns3:cad>88</ns3:cad>
          </ns3:TrackPointExtension>
        </extensions>
      </trkpt>
      <trkpt lat="40.13514867983758449554443359375" lon="94.65609692037105560302734375">
        <ele>1143.4000244140625</ele>
        <time>2025-08-11T23:16:25.000Z</time>
        <extensions>
          <ns3:TrackPointExtension>
            <ns3:hr>153</ns3:hr>
            <ns3:cad>88</ns3:cad>
          </ns3:TrackPointExtension>
        </extensions>
      </trkpt>
      <trkpt lat="40.1351152360439300537109375" lon="94.6560967527329921722412109375">
        <ele>1143.4000244140625</ele>
        <time>2025-08-11T23:16:26.000Z</time>
        <extensions>
          <ns3:TrackPointExtension>
            <ns3:hr>152</ns3:hr>
            <ns3:cad>88</ns3:cad>
          </ns3:TrackPointExtension>
        </extensions>
      </trkpt>
      <trkpt lat="40.13509168289601802825927734375" lon="94.6561017818748950958251953125">
        <ele>1143.4000244140625</ele>
        <time>2025-08-11T23:16:27.000Z</time>
        <extensions>
          <ns3:TrackPointExtension>
            <ns3:hr>153</ns3:hr>
            <ns3:cad>88</ns3:cad>
          </ns3:TrackPointExtension>
        </extensions>
      </trkpt>
      <trkpt lat="40.13506335206329822540283203125" lon="94.65610605664551258087158203125">
        <ele>1143.4000244140625</ele>
        <time>2025-08-11T23:16:28.000Z</time>
        <extensions>
          <ns3:TrackPointExtension>
            <ns3:hr>153</ns3:hr>
            <ns3:cad>88</ns3:cad>
          </ns3:TrackPointExtension>
        </extensions>
      </trkpt>
      <trkpt lat="40.1350423134863376617431640625" lon="94.65611309744417667388916015625">
        <ele>1143.4000244140625</ele>
        <time>2025-08-11T23:16:29.000Z</time>
        <extensions>
          <ns3:TrackPointExtension>
            <ns3:hr>152</ns3:hr>
            <ns3:cad>88</ns3:cad>
          </ns3:TrackPointExtension>
        </extensions>
      </trkpt>
      <trkpt lat="40.1350168325006961822509765625" lon="94.65611477382481098175048828125">
        <ele>1143.4000244140625</ele>
        <time>2025-08-11T23:16:30.000Z</time>
        <extensions>
          <ns3:TrackPointExtension>
            <ns3:hr>153</ns3:hr>
            <ns3:cad>88</ns3:cad>
          </ns3:TrackPointExtension>
        </extensions>
      </trkpt>
      <trkpt lat="40.134998224675655364990234375" lon="94.6561198867857456207275390625">
        <ele>1143.4000244140625</ele>
        <time>2025-08-11T23:16:31.000Z</time>
        <extensions>
          <ns3:TrackPointExtension>
            <ns3:hr>153</ns3:hr>
            <ns3:cad>88</ns3:cad>
          </ns3:TrackPointExtension>
        </extensions>
      </trkpt>
      <trkpt lat="40.13497483916580677032470703125" lon="94.6561188809573650360107421875">
        <ele>1143.4000244140625</ele>
        <time>2025-08-11T23:16:32.000Z</time>
        <extensions>
          <ns3:TrackPointExtension>
            <ns3:hr>152</ns3:hr>
            <ns3:cad>88</ns3:cad>
          </ns3:TrackPointExtension>
        </extensions>
      </trkpt>
      <trkpt lat="40.13495354913175106048583984375" lon="94.65611661784350872039794921875">
        <ele>1143.4000244140625</ele>
        <time>2025-08-11T23:16:33.000Z</time>
        <extensions>
          <ns3:TrackPointExtension>
            <ns3:hr>153</ns3:hr>
            <ns3:cad>88</ns3:cad>
          </ns3:TrackPointExtension>
        </extensions>
      </trkpt>
      <trkpt lat="40.1349301636219024658203125" lon="94.65611762367188930511474609375">
        <ele>1143.5999755859375</ele>
        <time>2025-08-11T23:16:34.000Z</time>
        <extensions>
          <ns3:TrackPointExtension>
            <ns3:hr>153</ns3:hr>
            <ns3:cad>88</ns3:cad>
          </ns3:TrackPointExtension>
        </extensions>
      </trkpt>
      <trkpt lat="40.13490803539752960205078125" lon="94.65611829422414302825927734375">
        <ele>1143.5999755859375</ele>
        <time>2025-08-11T23:16:35.000Z</time>
        <extensions>
          <ns3:TrackPointExtension>
            <ns3:hr>152</ns3:hr>
            <ns3:cad>88</ns3:cad>
          </ns3:TrackPointExtension>
        </extensions>
      </trkpt>
      <trkpt lat="40.13488389551639556884765625" lon="94.65612114407122135162353515625">
        <ele>1143.5999755859375</ele>
        <time>2025-08-11T23:16:36.000Z</time>
        <extensions>
          <ns3:TrackPointExtension>
            <ns3:hr>153</ns3:hr>
            <ns3:cad>88</ns3:cad>
          </ns3:TrackPointExtension>
        </extensions>
      </trkpt>
      <trkpt lat="40.1348538883030414581298828125" lon="94.65611930005252361297607421875">
        <ele>1143.5999755859375</ele>
        <time>2025-08-11T23:16:37.000Z</time>
        <extensions>
          <ns3:TrackPointExtension>
            <ns3:hr>153</ns3:hr>
            <ns3:cad>88</ns3:cad>
          </ns3:TrackPointExtension>
        </extensions>
      </trkpt>
      <trkpt lat="40.1348300836980342864990234375" lon="94.65612449683248996734619140625">
        <ele>1143.5999755859375</ele>
        <time>2025-08-11T23:16:38.000Z</time>
        <extensions>
          <ns3:TrackPointExtension>
            <ns3:hr>152</ns3:hr>
            <ns3:cad>88</ns3:cad>
          </ns3:TrackPointExtension>
        </extensions>
      </trkpt>
      <trkpt lat="40.13480166904628276824951171875" lon="94.6561218984425067901611328125">
        <ele>1143.5999755859375</ele>
        <time>2025-08-11T23:16:39.000Z</time>
        <extensions>
          <ns3:TrackPointExtension>
            <ns3:hr>152</ns3:hr>
            <ns3:cad>88</ns3:cad>
          </ns3:TrackPointExtension>
        </extensions>
      </trkpt>
      <trkpt lat="40.1347764395177364349365234375" lon="94.65612349100410938262939453125">
        <ele>1143.5999755859375</ele>
        <time>2025-08-11T23:16:40.000Z</time>
        <extensions>
          <ns3:TrackPointExtension>
            <ns3:hr>152</ns3:hr>
            <ns3:cad>88</ns3:cad>
          </ns3:TrackPointExtension>
        </extensions>
      </trkpt>
      <trkpt lat="40.13474651612341403961181640625" lon="94.65612298808991909027099609375">
        <ele>1143.5999755859375</ele>
        <time>2025-08-11T23:16:41.000Z</time>
        <extensions>
          <ns3:TrackPointExtension>
            <ns3:hr>153</ns3:hr>
            <ns3:cad>88</ns3:cad>
          </ns3:TrackPointExtension>
        </extensions>
      </trkpt>
      <trkpt lat="40.13472254388034343719482421875" lon="94.6561311185359954833984375">
        <ele>1143.5999755859375</ele>
        <time>2025-08-11T23:16:42.000Z</time>
        <extensions>
          <ns3:TrackPointExtension>
            <ns3:hr>152</ns3:hr>
            <ns3:cad>88</ns3:cad>
          </ns3:TrackPointExtension>
        </extensions>
      </trkpt>
      <trkpt lat="40.13469371013343334197998046875" lon="94.65613103471696376800537109375">
        <ele>1143.5999755859375</ele>
        <time>2025-08-11T23:16:43.000Z</time>
        <extensions>
          <ns3:TrackPointExtension>
            <ns3:hr>152</ns3:hr>
            <ns3:cad>88</ns3:cad>
          </ns3:TrackPointExtension>
        </extensions>
      </trkpt>
      <trkpt lat="40.1346726715564727783203125" lon="94.6561389975249767303466796875">
        <ele>1143.5999755859375</ele>
        <time>2025-08-11T23:16:44.000Z</time>
        <extensions>
          <ns3:TrackPointExtension>
            <ns3:hr>153</ns3:hr>
            <ns3:cad>88</ns3:cad>
          </ns3:TrackPointExtension>
        </extensions>
      </trkpt>
      <trkpt lat="40.13464090414345264434814453125" lon="94.656137488782405853271484375">
        <ele>1143.5999755859375</ele>
        <time>2025-08-11T23:16:45.000Z</time>
        <extensions>
          <ns3:TrackPointExtension>
            <ns3:hr>152</ns3:hr>
            <ns3:cad>88</ns3:cad>
          </ns3:TrackPointExtension>
        </extensions>
      </trkpt>
      <trkpt lat="40.13461567461490631103515625" lon="94.6561431884765625">
        <ele>1143.5999755859375</ele>
        <time>2025-08-11T23:16:46.000Z</time>
        <extensions>
          <ns3:TrackPointExtension>
            <ns3:hr>152</ns3:hr>
            <ns3:cad>88</ns3:cad>
          </ns3:TrackPointExtension>
        </extensions>
      </trkpt>
      <trkpt lat="40.13458575122058391571044921875" lon="94.65613849461078643798828125">
        <ele>1143.5999755859375</ele>
        <time>2025-08-11T23:16:47.000Z</time>
        <extensions>
          <ns3:TrackPointExtension>
            <ns3:hr>153</ns3:hr>
            <ns3:cad>88</ns3:cad>
          </ns3:TrackPointExtension>
        </extensions>
      </trkpt>
      <trkpt lat="40.13456060551106929779052734375" lon="94.6561391651630401611328125">
        <ele>1143.4000244140625</ele>
        <time>2025-08-11T23:16:48.000Z</time>
        <extensions>
          <ns3:TrackPointExtension>
            <ns3:hr>152</ns3:hr>
            <ns3:cad>88</ns3:cad>
          </ns3:TrackPointExtension>
        </extensions>
      </trkpt>
      <trkpt lat="40.1345350407063961029052734375" lon="94.6561389975249767303466796875">
        <ele>1143.4000244140625</ele>
        <time>2025-08-11T23:16:49.000Z</time>
        <extensions>
          <ns3:TrackPointExtension>
            <ns3:hr>152</ns3:hr>
            <ns3:cad>88</ns3:cad>
          </ns3:TrackPointExtension>
        </extensions>
      </trkpt>
      <trkpt lat="40.1345135830342769622802734375" lon="94.6561343036592006683349609375">
        <ele>1143.199951171875</ele>
        <time>2025-08-11T23:16:50.000Z</time>
        <extensions>
          <ns3:TrackPointExtension>
            <ns3:hr>153</ns3:hr>
            <ns3:cad>88</ns3:cad>
          </ns3:TrackPointExtension>
        </extensions>
      </trkpt>
      <trkpt lat="40.13448986224830150604248046875" lon="94.656129777431488037109375">
        <ele>1143</ele>
        <time>2025-08-11T23:16:51.000Z</time>
        <extensions>
          <ns3:TrackPointExtension>
            <ns3:hr>153</ns3:hr>
            <ns3:cad>90</ns3:cad>
          </ns3:TrackPointExtension>
        </extensions>
      </trkpt>
      <trkpt lat="40.1344642974436283111572265625" lon="94.65612935833632946014404296875">
        <ele>1143</ele>
        <time>2025-08-11T23:16:52.000Z</time>
        <extensions>
          <ns3:TrackPointExtension>
            <ns3:hr>153</ns3:hr>
            <ns3:cad>90</ns3:cad>
          </ns3:TrackPointExtension>
        </extensions>
      </trkpt>
      <trkpt lat="40.1344398222863674163818359375" lon="94.65612483210861682891845703125">
        <ele>1142.800048828125</ele>
        <time>2025-08-11T23:16:53.000Z</time>
        <extensions>
          <ns3:TrackPointExtension>
            <ns3:hr>153</ns3:hr>
            <ns3:cad>90</ns3:cad>
          </ns3:TrackPointExtension>
        </extensions>
      </trkpt>
      <trkpt lat="40.13441794551908969879150390625" lon="94.65612265281379222869873046875">
        <ele>1142.800048828125</ele>
        <time>2025-08-11T23:16:54.000Z</time>
        <extensions>
          <ns3:TrackPointExtension>
            <ns3:hr>152</ns3:hr>
            <ns3:cad>88</ns3:cad>
          </ns3:TrackPointExtension>
        </extensions>
      </trkpt>
      <trkpt lat="40.134395398199558258056640625" lon="94.6561192162334918975830078125">
        <ele>1142.800048828125</ele>
        <time>2025-08-11T23:16:55.000Z</time>
        <extensions>
          <ns3:TrackPointExtension>
            <ns3:hr>153</ns3:hr>
            <ns3:cad>88</ns3:cad>
          </ns3:TrackPointExtension>
        </extensions>
      </trkpt>
      <trkpt lat="40.13437704183161258697509765625" lon="94.6561138518154621124267578125">
        <ele>1142.5999755859375</ele>
        <time>2025-08-11T23:16:56.000Z</time>
        <extensions>
          <ns3:TrackPointExtension>
            <ns3:hr>153</ns3:hr>
            <ns3:cad>88</ns3:cad>
          </ns3:TrackPointExtension>
        </extensions>
      </trkpt>
      <trkpt lat="40.13435793109238147735595703125" lon="94.65610840357840061187744140625">
        <ele>1142.5999755859375</ele>
        <time>2025-08-11T23:16:57.000Z</time>
        <extensions>
          <ns3:TrackPointExtension>
            <ns3:hr>153</ns3:hr>
            <ns3:cad>88</ns3:cad>
          </ns3:TrackPointExtension>
        </extensions>
      </trkpt>
      <trkpt lat="40.1343378983438014984130859375" lon="94.65610488317906856536865234375">
        <ele>1142.4000244140625</ele>
        <time>2025-08-11T23:16:58.000Z</time>
        <extensions>
          <ns3:TrackPointExtension>
            <ns3:hr>153</ns3:hr>
            <ns3:cad>89</ns3:cad>
          </ns3:TrackPointExtension>
        </extensions>
      </trkpt>
      <trkpt lat="40.1343144290149211883544921875" lon="94.656101949512958526611328125">
        <ele>1142.4000244140625</ele>
        <time>2025-08-11T23:16:59.000Z</time>
        <extensions>
          <ns3:TrackPointExtension>
            <ns3:hr>153</ns3:hr>
            <ns3:cad>89</ns3:cad>
          </ns3:TrackPointExtension>
        </extensions>
      </trkpt>
      <trkpt lat="40.1342916302382946014404296875" lon="94.65609616599977016448974609375">
        <ele>1142.4000244140625</ele>
        <time>2025-08-11T23:17:00.000Z</time>
        <extensions>
          <ns3:TrackPointExtension>
            <ns3:hr>153</ns3:hr>
            <ns3:cad>89</ns3:cad>
          </ns3:TrackPointExtension>
        </extensions>
      </trkpt>
      <trkpt lat="40.1342664845287799835205078125" lon="94.65609583072364330291748046875">
        <ele>1142.5999755859375</ele>
        <time>2025-08-11T23:17:01.000Z</time>
        <extensions>
          <ns3:TrackPointExtension>
            <ns3:hr>153</ns3:hr>
            <ns3:cad>88</ns3:cad>
          </ns3:TrackPointExtension>
        </extensions>
      </trkpt>
      <trkpt lat="40.13424075208604335784912109375" lon="94.65609113685786724090576171875">
        <ele>1142.800048828125</ele>
        <time>2025-08-11T23:17:02.000Z</time>
        <extensions>
          <ns3:TrackPointExtension>
            <ns3:hr>154</ns3:hr>
            <ns3:cad>88</ns3:cad>
          </ns3:TrackPointExtension>
        </extensions>
      </trkpt>
      <trkpt lat="40.1342192105948925018310546875" lon="94.6560910530388355255126953125">
        <ele>1142.800048828125</ele>
        <time>2025-08-11T23:17:03.000Z</time>
        <extensions>
          <ns3:TrackPointExtension>
            <ns3:hr>153</ns3:hr>
            <ns3:cad>88</ns3:cad>
          </ns3:TrackPointExtension>
        </extensions>
      </trkpt>
      <trkpt lat="40.13419448398053646087646484375" lon="94.65608610771596431732177734375">
        <ele>1142.5999755859375</ele>
        <time>2025-08-11T23:17:04.000Z</time>
        <extensions>
          <ns3:TrackPointExtension>
            <ns3:hr>153</ns3:hr>
            <ns3:cad>88</ns3:cad>
          </ns3:TrackPointExtension>
        </extensions>
      </trkpt>
      <trkpt lat="40.13417503796517848968505859375" lon="94.65608526952564716339111328125">
        <ele>1142.5999755859375</ele>
        <time>2025-08-11T23:17:05.000Z</time>
        <extensions>
          <ns3:TrackPointExtension>
            <ns3:hr>153</ns3:hr>
            <ns3:cad>88</ns3:cad>
          </ns3:TrackPointExtension>
        </extensions>
      </trkpt>
      <trkpt lat="40.13415391556918621063232421875" lon="94.65608091093599796295166015625">
        <ele>1142.4000244140625</ele>
        <time>2025-08-11T23:17:06.000Z</time>
        <extensions>
          <ns3:TrackPointExtension>
            <ns3:hr>153</ns3:hr>
            <ns3:cad>88</ns3:cad>
          </ns3:TrackPointExtension>
        </extensions>
      </trkpt>
      <trkpt lat="40.13413530774414539337158203125" lon="94.6560766361653804779052734375">
        <ele>1142.199951171875</ele>
        <time>2025-08-11T23:17:07.000Z</time>
        <extensions>
          <ns3:TrackPointExtension>
            <ns3:hr>154</ns3:hr>
            <ns3:cad>88</ns3:cad>
          </ns3:TrackPointExtension>
        </extensions>
      </trkpt>
      <trkpt lat="40.134115107357501983642578125" lon="94.6560732834041118621826171875">
        <ele>1142.199951171875</ele>
        <time>2025-08-11T23:17:08.000Z</time>
        <extensions>
          <ns3:TrackPointExtension>
            <ns3:hr>153</ns3:hr>
            <ns3:cad>89</ns3:cad>
          </ns3:TrackPointExtension>
        </extensions>
      </trkpt>
      <trkpt lat="40.13409406878054141998291015625" lon="94.6560722775757312774658203125">
        <ele>1142.199951171875</ele>
        <time>2025-08-11T23:17:09.000Z</time>
        <extensions>
          <ns3:TrackPointExtension>
            <ns3:hr>153</ns3:hr>
            <ns3:cad>89</ns3:cad>
          </ns3:TrackPointExtension>
        </extensions>
      </trkpt>
      <trkpt lat="40.1340693421661853790283203125" lon="94.6560682542622089385986328125">
        <ele>1142.199951171875</ele>
        <time>2025-08-11T23:17:10.000Z</time>
        <extensions>
          <ns3:TrackPointExtension>
            <ns3:hr>154</ns3:hr>
            <ns3:cad>89</ns3:cad>
          </ns3:TrackPointExtension>
        </extensions>
      </trkpt>
      <trkpt lat="40.13405098579823970794677734375" lon="94.65606347657740116119384765625">
        <ele>1142.199951171875</ele>
        <time>2025-08-11T23:17:11.000Z</time>
        <extensions>
          <ns3:TrackPointExtension>
            <ns3:hr>154</ns3:hr>
            <ns3:cad>89</ns3:cad>
          </ns3:TrackPointExtension>
        </extensions>
      </trkpt>
      <trkpt lat="40.13402382843196392059326171875" lon="94.65605878271162509918212890625">
        <ele>1142.4000244140625</ele>
        <time>2025-08-11T23:17:12.000Z</time>
        <extensions>
          <ns3:TrackPointExtension>
            <ns3:hr>154</ns3:hr>
            <ns3:cad>89</ns3:cad>
          </ns3:TrackPointExtension>
        </extensions>
      </trkpt>
      <trkpt lat="40.13400170020759105682373046875" lon="94.656054675579071044921875">
        <ele>1142.5999755859375</ele>
        <time>2025-08-11T23:17:13.000Z</time>
        <extensions>
          <ns3:TrackPointExtension>
            <ns3:hr>154</ns3:hr>
            <ns3:cad>89</ns3:cad>
          </ns3:TrackPointExtension>
        </extensions>
      </trkpt>
      <trkpt lat="40.13396926224231719970703125" lon="94.65604721568524837493896484375">
        <ele>1142.800048828125</ele>
        <time>2025-08-11T23:17:14.000Z</time>
        <extensions>
          <ns3:TrackPointExtension>
            <ns3:hr>153</ns3:hr>
            <ns3:cad>89</ns3:cad>
          </ns3:TrackPointExtension>
        </extensions>
      </trkpt>
      <trkpt lat="40.1339446194469928741455078125" lon="94.65604285709559917449951171875">
        <ele>1142.800048828125</ele>
        <time>2025-08-11T23:17:15.000Z</time>
        <extensions>
          <ns3:TrackPointExtension>
            <ns3:hr>154</ns3:hr>
            <ns3:cad>89</ns3:cad>
          </ns3:TrackPointExtension>
        </extensions>
      </trkpt>
      <trkpt lat="40.13391486369073390960693359375" lon="94.65603715740144252777099609375">
        <ele>1142.800048828125</ele>
        <time>2025-08-11T23:17:16.000Z</time>
        <extensions>
          <ns3:TrackPointExtension>
            <ns3:hr>154</ns3:hr>
            <ns3:cad>89</ns3:cad>
          </ns3:TrackPointExtension>
        </extensions>
      </trkpt>
      <trkpt lat="40.1338913105428218841552734375" lon="94.65603631921112537384033203125">
        <ele>1143</ele>
        <time>2025-08-11T23:17:17.000Z</time>
        <extensions>
          <ns3:TrackPointExtension>
            <ns3:hr>154</ns3:hr>
            <ns3:cad>88</ns3:cad>
          </ns3:TrackPointExtension>
        </extensions>
      </trkpt>
      <trkpt lat="40.1338624767959117889404296875" lon="94.65603011660277843475341796875">
        <ele>1143</ele>
        <time>2025-08-11T23:17:18.000Z</time>
        <extensions>
          <ns3:TrackPointExtension>
            <ns3:hr>153</ns3:hr>
            <ns3:cad>88</ns3:cad>
          </ns3:TrackPointExtension>
        </extensions>
      </trkpt>
      <trkpt lat="40.133830122649669647216796875" lon="94.6560300327837467193603515625">
        <ele>1143</ele>
        <time>2025-08-11T23:17:19.000Z</time>
        <extensions>
          <ns3:TrackPointExtension>
            <ns3:hr>154</ns3:hr>
            <ns3:cad>89</ns3:cad>
          </ns3:TrackPointExtension>
        </extensions>
      </trkpt>
      <trkpt lat="40.13380422256886959075927734375" lon="94.6560291945934295654296875">
        <ele>1143</ele>
        <time>2025-08-11T23:17:20.000Z</time>
        <extensions>
          <ns3:TrackPointExtension>
            <ns3:hr>154</ns3:hr>
            <ns3:cad>89</ns3:cad>
          </ns3:TrackPointExtension>
        </extensions>
      </trkpt>
      <trkpt lat="40.13377974741160869598388671875" lon="94.656027518212795257568359375">
        <ele>1143.199951171875</ele>
        <time>2025-08-11T23:17:21.000Z</time>
        <extensions>
          <ns3:TrackPointExtension>
            <ns3:hr>154</ns3:hr>
            <ns3:cad>89</ns3:cad>
          </ns3:TrackPointExtension>
        </extensions>
      </trkpt>
      <trkpt lat="40.13375208713114261627197265625" lon="94.65602307580411434173583984375">
        <ele>1143.199951171875</ele>
        <time>2025-08-11T23:17:22.000Z</time>
        <extensions>
          <ns3:TrackPointExtension>
            <ns3:hr>154</ns3:hr>
            <ns3:cad>88</ns3:cad>
          </ns3:TrackPointExtension>
        </extensions>
      </trkpt>
      <trkpt lat="40.13372777961194515228271484375" lon="94.656017124652862548828125">
        <ele>1143.199951171875</ele>
        <time>2025-08-11T23:17:23.000Z</time>
        <extensions>
          <ns3:TrackPointExtension>
            <ns3:hr>154</ns3:hr>
            <ns3:cad>89</ns3:cad>
          </ns3:TrackPointExtension>
        </extensions>
      </trkpt>
      <trkpt lat="40.13370514847338199615478515625" lon="94.6560122631490230560302734375">
        <ele>1143.199951171875</ele>
        <time>2025-08-11T23:17:24.000Z</time>
        <extensions>
          <ns3:TrackPointExtension>
            <ns3:hr>154</ns3:hr>
            <ns3:cad>89</ns3:cad>
          </ns3:TrackPointExtension>
        </extensions>
      </trkpt>
      <trkpt lat="40.1336775720119476318359375" lon="94.65600614435970783233642578125">
        <ele>1143.199951171875</ele>
        <time>2025-08-11T23:17:25.000Z</time>
        <extensions>
          <ns3:TrackPointExtension>
            <ns3:hr>154</ns3:hr>
            <ns3:cad>89</ns3:cad>
          </ns3:TrackPointExtension>
        </extensions>
      </trkpt>
      <trkpt lat="40.13365603052079677581787109375" lon="94.65600329451262950897216796875">
        <ele>1143.199951171875</ele>
        <time>2025-08-11T23:17:26.000Z</time>
        <extensions>
          <ns3:TrackPointExtension>
            <ns3:hr>154</ns3:hr>
            <ns3:cad>89</ns3:cad>
          </ns3:TrackPointExtension>
        </extensions>
      </trkpt>
      <trkpt lat="40.13362769968807697296142578125" lon="94.65599558316171169281005859375">
        <ele>1143.199951171875</ele>
        <time>2025-08-11T23:17:27.000Z</time>
        <extensions>
          <ns3:TrackPointExtension>
            <ns3:hr>154</ns3:hr>
            <ns3:cad>89</ns3:cad>
          </ns3:TrackPointExtension>
        </extensions>
      </trkpt>
      <trkpt lat="40.133608169853687286376953125" lon="94.65599390678107738494873046875">
        <ele>1143.199951171875</ele>
        <time>2025-08-11T23:17:28.000Z</time>
        <extensions>
          <ns3:TrackPointExtension>
            <ns3:hr>154</ns3:hr>
            <ns3:cad>89</ns3:cad>
          </ns3:TrackPointExtension>
        </extensions>
      </trkpt>
      <trkpt lat="40.1335841976106166839599609375" lon="94.6559881232678890228271484375">
        <ele>1143.4000244140625</ele>
        <time>2025-08-11T23:17:29.000Z</time>
        <extensions>
          <ns3:TrackPointExtension>
            <ns3:hr>154</ns3:hr>
            <ns3:cad>89</ns3:cad>
          </ns3:TrackPointExtension>
        </extensions>
      </trkpt>
      <trkpt lat="40.133563242852687835693359375" lon="94.655985273420810699462890625">
        <ele>1143.4000244140625</ele>
        <time>2025-08-11T23:17:30.000Z</time>
        <extensions>
          <ns3:TrackPointExtension>
            <ns3:hr>155</ns3:hr>
            <ns3:cad>88</ns3:cad>
          </ns3:TrackPointExtension>
        </extensions>
      </trkpt>
      <trkpt lat="40.13353583402931690216064453125" lon="94.655980579555034637451171875">
        <ele>1143.4000244140625</ele>
        <time>2025-08-11T23:17:31.000Z</time>
        <extensions>
          <ns3:TrackPointExtension>
            <ns3:hr>154</ns3:hr>
            <ns3:cad>88</ns3:cad>
          </ns3:TrackPointExtension>
        </extensions>
      </trkpt>
      <trkpt lat="40.133515633642673492431640625" lon="94.655984938144683837890625">
        <ele>1143.4000244140625</ele>
        <time>2025-08-11T23:17:32.000Z</time>
        <extensions>
          <ns3:TrackPointExtension>
            <ns3:hr>154</ns3:hr>
            <ns3:cad>88</ns3:cad>
          </ns3:TrackPointExtension>
        </extensions>
      </trkpt>
      <trkpt lat="40.13348604552447795867919921875" lon="94.65598292648792266845703125">
        <ele>1143.4000244140625</ele>
        <time>2025-08-11T23:17:33.000Z</time>
        <extensions>
          <ns3:TrackPointExtension>
            <ns3:hr>155</ns3:hr>
            <ns3:cad>88</ns3:cad>
          </ns3:TrackPointExtension>
        </extensions>
      </trkpt>
      <trkpt lat="40.133464336395263671875" lon="94.65598619543015956878662109375">
        <ele>1143.4000244140625</ele>
        <time>2025-08-11T23:17:34.000Z</time>
        <extensions>
          <ns3:TrackPointExtension>
            <ns3:hr>154</ns3:hr>
            <ns3:cad>88</ns3:cad>
          </ns3:TrackPointExtension>
        </extensions>
      </trkpt>
      <trkpt lat="40.133434496819972991943359375" lon="94.65598233975470066070556640625">
        <ele>1143.4000244140625</ele>
        <time>2025-08-11T23:17:35.000Z</time>
        <extensions>
          <ns3:TrackPointExtension>
            <ns3:hr>155</ns3:hr>
            <ns3:cad>88</ns3:cad>
          </ns3:TrackPointExtension>
        </extensions>
      </trkpt>
      <trkpt lat="40.13340977020561695098876953125" lon="94.65598435141146183013916015625">
        <ele>1143.4000244140625</ele>
        <time>2025-08-11T23:17:36.000Z</time>
        <extensions>
          <ns3:TrackPointExtension>
            <ns3:hr>155</ns3:hr>
            <ns3:cad>88</ns3:cad>
          </ns3:TrackPointExtension>
        </extensions>
      </trkpt>
      <trkpt lat="40.1333823613822460174560546875" lon="94.65598166920244693756103515625">
        <ele>1143.4000244140625</ele>
        <time>2025-08-11T23:17:37.000Z</time>
        <extensions>
          <ns3:TrackPointExtension>
            <ns3:hr>155</ns3:hr>
            <ns3:cad>88</ns3:cad>
          </ns3:TrackPointExtension>
        </extensions>
      </trkpt>
      <trkpt lat="40.133359394967555999755859375" lon="94.655979909002780914306640625">
        <ele>1143.4000244140625</ele>
        <time>2025-08-11T23:17:38.000Z</time>
        <extensions>
          <ns3:TrackPointExtension>
            <ns3:hr>154</ns3:hr>
            <ns3:cad>88</ns3:cad>
          </ns3:TrackPointExtension>
        </extensions>
      </trkpt>
      <trkpt lat="40.133330561220645904541015625" lon="94.65597563423216342926025390625">
        <ele>1143.4000244140625</ele>
        <time>2025-08-11T23:17:39.000Z</time>
        <extensions>
          <ns3:TrackPointExtension>
            <ns3:hr>155</ns3:hr>
            <ns3:cad>88</ns3:cad>
          </ns3:TrackPointExtension>
        </extensions>
      </trkpt>
      <trkpt lat="40.1333089359104633331298828125" lon="94.65597161091864109039306640625">
        <ele>1143.4000244140625</ele>
        <time>2025-08-11T23:17:40.000Z</time>
        <extensions>
          <ns3:TrackPointExtension>
            <ns3:hr>155</ns3:hr>
            <ns3:cad>88</ns3:cad>
          </ns3:TrackPointExtension>
        </extensions>
      </trkpt>
      <trkpt lat="40.133281610906124114990234375" lon="94.65596473775804042816162109375">
        <ele>1143.4000244140625</ele>
        <time>2025-08-11T23:17:41.000Z</time>
        <extensions>
          <ns3:TrackPointExtension>
            <ns3:hr>155</ns3:hr>
            <ns3:cad>88</ns3:cad>
          </ns3:TrackPointExtension>
        </extensions>
      </trkpt>
      <trkpt lat="40.13325554318726062774658203125" lon="94.65595769695937633514404296875">
        <ele>1143.4000244140625</ele>
        <time>2025-08-11T23:17:42.000Z</time>
        <extensions>
          <ns3:TrackPointExtension>
            <ns3:hr>155</ns3:hr>
            <ns3:cad>88</ns3:cad>
          </ns3:TrackPointExtension>
        </extensions>
      </trkpt>
      <trkpt lat="40.13322972692549228668212890625" lon="94.65595367364585399627685546875">
        <ele>1143.4000244140625</ele>
        <time>2025-08-11T23:17:43.000Z</time>
        <extensions>
          <ns3:TrackPointExtension>
            <ns3:hr>155</ns3:hr>
            <ns3:cad>88</ns3:cad>
          </ns3:TrackPointExtension>
        </extensions>
      </trkpt>
      <trkpt lat="40.133207850158214569091796875" lon="94.65594537556171417236328125">
        <ele>1143.4000244140625</ele>
        <time>2025-08-11T23:17:44.000Z</time>
        <extensions>
          <ns3:TrackPointExtension>
            <ns3:hr>155</ns3:hr>
            <ns3:cad>88</ns3:cad>
          </ns3:TrackPointExtension>
        </extensions>
      </trkpt>
      <trkpt lat="40.13318714685738086700439453125" lon="94.65594110079109668731689453125">
        <ele>1143.4000244140625</ele>
        <time>2025-08-11T23:17:45.000Z</time>
        <extensions>
          <ns3:TrackPointExtension>
            <ns3:hr>155</ns3:hr>
            <ns3:cad>88</ns3:cad>
          </ns3:TrackPointExtension>
        </extensions>
      </trkpt>
      <trkpt lat="40.13316535390913486480712890625" lon="94.65593372471630573272705078125">
        <ele>1143.4000244140625</ele>
        <time>2025-08-11T23:17:46.000Z</time>
        <extensions>
          <ns3:TrackPointExtension>
            <ns3:hr>155</ns3:hr>
            <ns3:cad>88</ns3:cad>
          </ns3:TrackPointExtension>
        </extensions>
      </trkpt>
      <trkpt lat="40.13314574025571346282958984375" lon="94.65593121014535427093505859375">
        <ele>1143.4000244140625</ele>
        <time>2025-08-11T23:17:47.000Z</time>
        <extensions>
          <ns3:TrackPointExtension>
            <ns3:hr>155</ns3:hr>
            <ns3:cad>88</ns3:cad>
          </ns3:TrackPointExtension>
        </extensions>
      </trkpt>
      <trkpt lat="40.13312310911715030670166015625" lon="94.65592467226088047027587890625">
        <ele>1143.5999755859375</ele>
        <time>2025-08-11T23:17:48.000Z</time>
        <extensions>
          <ns3:TrackPointExtension>
            <ns3:hr>155</ns3:hr>
            <ns3:cad>88</ns3:cad>
          </ns3:TrackPointExtension>
        </extensions>
      </trkpt>
      <trkpt lat="40.13310651294887065887451171875" lon="94.6559245884418487548828125">
        <ele>1143.5999755859375</ele>
        <time>2025-08-11T23:17:49.000Z</time>
        <extensions>
          <ns3:TrackPointExtension>
            <ns3:hr>156</ns3:hr>
            <ns3:cad>88</ns3:cad>
          </ns3:TrackPointExtension>
        </extensions>
      </trkpt>
      <trkpt lat="40.13308153487741947174072265625" lon="94.655916877090930938720703125">
        <ele>1143.5999755859375</ele>
        <time>2025-08-11T23:17:50.000Z</time>
        <extensions>
          <ns3:TrackPointExtension>
            <ns3:hr>155</ns3:hr>
            <ns3:cad>88</ns3:cad>
          </ns3:TrackPointExtension>
        </extensions>
      </trkpt>
      <trkpt lat="40.13306200504302978515625" lon="94.65591721236705780029296875">
        <ele>1143.5999755859375</ele>
        <time>2025-08-11T23:17:51.000Z</time>
        <extensions>
          <ns3:TrackPointExtension>
            <ns3:hr>156</ns3:hr>
            <ns3:cad>88</ns3:cad>
          </ns3:TrackPointExtension>
        </extensions>
      </trkpt>
      <trkpt lat="40.1330323331058025360107421875" lon="94.65591260232031345367431640625">
        <ele>1143.5999755859375</ele>
        <time>2025-08-11T23:17:52.000Z</time>
        <extensions>
          <ns3:TrackPointExtension>
            <ns3:hr>156</ns3:hr>
            <ns3:cad>88</ns3:cad>
          </ns3:TrackPointExtension>
        </extensions>
      </trkpt>
      <trkpt lat="40.1330132223665714263916015625" lon="94.6559126861393451690673828125">
        <ele>1143.5999755859375</ele>
        <time>2025-08-11T23:17:53.000Z</time>
        <extensions>
          <ns3:TrackPointExtension>
            <ns3:hr>156</ns3:hr>
            <ns3:cad>88</ns3:cad>
          </ns3:TrackPointExtension>
        </extensions>
      </trkpt>
      <trkpt lat="40.13298396952450275421142578125" lon="94.6559069864451885223388671875">
        <ele>1143.5999755859375</ele>
        <time>2025-08-11T23:17:54.000Z</time>
        <extensions>
          <ns3:TrackPointExtension>
            <ns3:hr>155</ns3:hr>
            <ns3:cad>88</ns3:cad>
          </ns3:TrackPointExtension>
        </extensions>
      </trkpt>
      <trkpt lat="40.13296335004270076751708984375" lon="94.65590874664485454559326171875">
        <ele>1143.5999755859375</ele>
        <time>2025-08-11T23:17:55.000Z</time>
        <extensions>
          <ns3:TrackPointExtension>
            <ns3:hr>156</ns3:hr>
            <ns3:cad>88</ns3:cad>
          </ns3:TrackPointExtension>
        </extensions>
      </trkpt>
      <trkpt lat="40.1329320855438709259033203125" lon="94.65589709579944610595703125">
        <ele>1143.5999755859375</ele>
        <time>2025-08-11T23:17:56.000Z</time>
        <extensions>
          <ns3:TrackPointExtension>
            <ns3:hr>155</ns3:hr>
            <ns3:cad>88</ns3:cad>
          </ns3:TrackPointExtension>
        </extensions>
      </trkpt>
      <trkpt lat="40.13291406445205211639404296875" lon="94.6558962576091289520263671875">
        <ele>1143.800048828125</ele>
        <time>2025-08-11T23:17:57.000Z</time>
        <extensions>
          <ns3:TrackPointExtension>
            <ns3:hr>155</ns3:hr>
            <ns3:cad>88</ns3:cad>
          </ns3:TrackPointExtension>
        </extensions>
      </trkpt>
      <trkpt lat="40.13288489542901515960693359375" lon="94.6558875404298305511474609375">
        <ele>1143.800048828125</ele>
        <time>2025-08-11T23:17:58.000Z</time>
        <extensions>
          <ns3:TrackPointExtension>
            <ns3:hr>156</ns3:hr>
            <ns3:cad>88</ns3:cad>
          </ns3:TrackPointExtension>
        </extensions>
      </trkpt>
      <trkpt lat="40.1328648626804351806640625" lon="94.65588293038308620452880859375">
        <ele>1143.800048828125</ele>
        <time>2025-08-11T23:17:59.000Z</time>
        <extensions>
          <ns3:TrackPointExtension>
            <ns3:hr>156</ns3:hr>
            <ns3:cad>88</ns3:cad>
          </ns3:TrackPointExtension>
        </extensions>
      </trkpt>
      <trkpt lat="40.13283602893352508544921875" lon="94.65587505139410495758056640625">
        <ele>1143.800048828125</ele>
        <time>2025-08-11T23:18:00.000Z</time>
        <extensions>
          <ns3:TrackPointExtension>
            <ns3:hr>155</ns3:hr>
            <ns3:cad>88</ns3:cad>
          </ns3:TrackPointExtension>
        </extensions>
      </trkpt>
      <trkpt lat="40.13281700201332569122314453125" lon="94.65587186627089977264404296875">
        <ele>1143.800048828125</ele>
        <time>2025-08-11T23:18:01.000Z</time>
        <extensions>
          <ns3:TrackPointExtension>
            <ns3:hr>156</ns3:hr>
            <ns3:cad>88</ns3:cad>
          </ns3:TrackPointExtension>
        </extensions>
      </trkpt>
      <trkpt lat="40.132792778313159942626953125" lon="94.6558644063770771026611328125">
        <ele>1143.800048828125</ele>
        <time>2025-08-11T23:18:02.000Z</time>
        <extensions>
          <ns3:TrackPointExtension>
            <ns3:hr>156</ns3:hr>
            <ns3:cad>88</ns3:cad>
          </ns3:TrackPointExtension>
        </extensions>
      </trkpt>
      <trkpt lat="40.132768638432025909423828125" lon="94.6558620594441890716552734375">
        <ele>1143.800048828125</ele>
        <time>2025-08-11T23:18:03.000Z</time>
        <extensions>
          <ns3:TrackPointExtension>
            <ns3:hr>156</ns3:hr>
            <ns3:cad>88</ns3:cad>
          </ns3:TrackPointExtension>
        </extensions>
      </trkpt>
      <trkpt lat="40.1327456720173358917236328125" lon="94.65585728175938129425048828125">
        <ele>1144</ele>
        <time>2025-08-11T23:18:04.000Z</time>
        <extensions>
          <ns3:TrackPointExtension>
            <ns3:hr>155</ns3:hr>
            <ns3:cad>88</ns3:cad>
          </ns3:TrackPointExtension>
        </extensions>
      </trkpt>
      <trkpt lat="40.132723040878772735595703125" lon="94.65584889985620975494384765625">
        <ele>1144</ele>
        <time>2025-08-11T23:18:05.000Z</time>
        <extensions>
          <ns3:TrackPointExtension>
            <ns3:hr>156</ns3:hr>
            <ns3:cad>88</ns3:cad>
          </ns3:TrackPointExtension>
        </extensions>
      </trkpt>
      <trkpt lat="40.1327000744640827178955078125" lon="94.6558476425707340240478515625">
        <ele>1143.800048828125</ele>
        <time>2025-08-11T23:18:06.000Z</time>
        <extensions>
          <ns3:TrackPointExtension>
            <ns3:hr>156</ns3:hr>
            <ns3:cad>88</ns3:cad>
          </ns3:TrackPointExtension>
        </extensions>
      </trkpt>
      <trkpt lat="40.13267383910715579986572265625" lon="94.65583917684853076934814453125">
        <ele>1143.800048828125</ele>
        <time>2025-08-11T23:18:07.000Z</time>
        <extensions>
          <ns3:TrackPointExtension>
            <ns3:hr>155</ns3:hr>
            <ns3:cad>88</ns3:cad>
          </ns3:TrackPointExtension>
        </extensions>
      </trkpt>
      <trkpt lat="40.132654644548892974853515625" lon="94.65583465062081813812255859375">
        <ele>1143.800048828125</ele>
        <time>2025-08-11T23:18:08.000Z</time>
        <extensions>
          <ns3:TrackPointExtension>
            <ns3:hr>156</ns3:hr>
            <ns3:cad>88</ns3:cad>
          </ns3:TrackPointExtension>
        </extensions>
      </trkpt>
      <trkpt lat="40.132629834115505218505859375" lon="94.6558265201747417449951171875">
        <ele>1143.800048828125</ele>
        <time>2025-08-11T23:18:09.000Z</time>
        <extensions>
          <ns3:TrackPointExtension>
            <ns3:hr>156</ns3:hr>
            <ns3:cad>88</ns3:cad>
          </ns3:TrackPointExtension>
        </extensions>
      </trkpt>
      <trkpt lat="40.13260410167276859283447265625" lon="94.6558255143463611602783203125">
        <ele>1144</ele>
        <time>2025-08-11T23:18:10.000Z</time>
        <extensions>
          <ns3:TrackPointExtension>
            <ns3:hr>156</ns3:hr>
            <ns3:cad>88</ns3:cad>
          </ns3:TrackPointExtension>
        </extensions>
      </trkpt>
      <trkpt lat="40.13258121907711029052734375" lon="94.6558253467082977294921875">
        <ele>1144</ele>
        <time>2025-08-11T23:18:11.000Z</time>
        <extensions>
          <ns3:TrackPointExtension>
            <ns3:hr>156</ns3:hr>
            <ns3:cad>88</ns3:cad>
          </ns3:TrackPointExtension>
        </extensions>
      </trkpt>
      <trkpt lat="40.1325649581849575042724609375" lon="94.6558468043804168701171875">
        <ele>1144</ele>
        <time>2025-08-11T23:18:12.000Z</time>
        <extensions>
          <ns3:TrackPointExtension>
            <ns3:hr>156</ns3:hr>
            <ns3:cad>88</ns3:cad>
          </ns3:TrackPointExtension>
        </extensions>
      </trkpt>
      <trkpt lat="40.13254459016025066375732421875" lon="94.655877649784088134765625">
        <ele>1144</ele>
        <time>2025-08-11T23:18:13.000Z</time>
        <extensions>
          <ns3:TrackPointExtension>
            <ns3:hr>156</ns3:hr>
            <ns3:cad>88</ns3:cad>
          </ns3:TrackPointExtension>
        </extensions>
      </trkpt>
      <trkpt lat="40.1325287483632564544677734375" lon="94.65589852072298526763916015625">
        <ele>1144</ele>
        <time>2025-08-11T23:18:14.000Z</time>
        <extensions>
          <ns3:TrackPointExtension>
            <ns3:hr>156</ns3:hr>
            <ns3:cad>88</ns3:cad>
          </ns3:TrackPointExtension>
        </extensions>
      </trkpt>
      <trkpt lat="40.132511146366596221923828125" lon="94.65591629035770893096923828125">
        <ele>1144</ele>
        <time>2025-08-11T23:18:15.000Z</time>
        <extensions>
          <ns3:TrackPointExtension>
            <ns3:hr>156</ns3:hr>
            <ns3:cad>88</ns3:cad>
          </ns3:TrackPointExtension>
        </extensions>
      </trkpt>
      <trkpt lat="40.13248826377093791961669921875" lon="94.65592014603316783905029296875">
        <ele>1144.199951171875</ele>
        <time>2025-08-11T23:18:16.000Z</time>
        <extensions>
          <ns3:TrackPointExtension>
            <ns3:hr>156</ns3:hr>
            <ns3:cad>88</ns3:cad>
          </ns3:TrackPointExtension>
        </extensions>
      </trkpt>
      <trkpt lat="40.13247636146843433380126953125" lon="94.65592257678508758544921875">
        <ele>1144.4000244140625</ele>
        <time>2025-08-11T23:18:17.000Z</time>
        <extensions>
          <ns3:TrackPointExtension>
            <ns3:hr>156</ns3:hr>
            <ns3:cad>87</ns3:cad>
          </ns3:TrackPointExtension>
        </extensions>
      </trkpt>
      <trkpt lat="40.13246093876659870147705078125" lon="94.655928276479244232177734375">
        <ele>1145</ele>
        <time>2025-08-11T23:18:18.000Z</time>
        <extensions>
          <ns3:TrackPointExtension>
            <ns3:hr>156</ns3:hr>
            <ns3:cad>85</ns3:cad>
          </ns3:TrackPointExtension>
        </extensions>
      </trkpt>
      <trkpt lat="40.13243160210549831390380859375" lon="94.65592919848859310150146484375">
        <ele>1145.4000244140625</ele>
        <time>2025-08-11T23:18:19.000Z</time>
        <extensions>
          <ns3:TrackPointExtension>
            <ns3:hr>156</ns3:hr>
            <ns3:cad>85</ns3:cad>
          </ns3:TrackPointExtension>
        </extensions>
      </trkpt>
      <trkpt lat="40.13240955770015716552734375" lon="94.65593171305954456329345703125">
        <ele>1146</ele>
        <time>2025-08-11T23:18:20.000Z</time>
        <extensions>
          <ns3:TrackPointExtension>
            <ns3:hr>156</ns3:hr>
            <ns3:cad>85</ns3:cad>
          </ns3:TrackPointExtension>
        </extensions>
      </trkpt>
      <trkpt lat="40.1323788799345493316650390625" lon="94.65593322180211544036865234375">
        <ele>1146.4000244140625</ele>
        <time>2025-08-11T23:18:21.000Z</time>
        <extensions>
          <ns3:TrackPointExtension>
            <ns3:hr>156</ns3:hr>
            <ns3:cad>84</ns3:cad>
          </ns3:TrackPointExtension>
        </extensions>
      </trkpt>
      <trkpt lat="40.13235465623438358306884765625" lon="94.65593690983951091766357421875">
        <ele>1146.5999755859375</ele>
        <time>2025-08-11T23:18:22.000Z</time>
        <extensions>
          <ns3:TrackPointExtension>
            <ns3:hr>156</ns3:hr>
            <ns3:cad>84</ns3:cad>
          </ns3:TrackPointExtension>
        </extensions>
      </trkpt>
      <trkpt lat="40.13232112862169742584228515625" lon="94.6559385024011135101318359375">
        <ele>1146.5999755859375</ele>
        <time>2025-08-11T23:18:23.000Z</time>
        <extensions>
          <ns3:TrackPointExtension>
            <ns3:hr>156</ns3:hr>
            <ns3:cad>84</ns3:cad>
          </ns3:TrackPointExtension>
        </extensions>
      </trkpt>
      <trkpt lat="40.13230754993855953216552734375" lon="94.65591855347156524658203125">
        <ele>1146.5999755859375</ele>
        <time>2025-08-11T23:18:24.000Z</time>
        <extensions>
          <ns3:TrackPointExtension>
            <ns3:hr>156</ns3:hr>
            <ns3:cad>84</ns3:cad>
          </ns3:TrackPointExtension>
        </extensions>
      </trkpt>
      <trkpt lat="40.13230134733021259307861328125" lon="94.65589181520044803619384765625">
        <ele>1146.800048828125</ele>
        <time>2025-08-11T23:18:25.000Z</time>
        <extensions>
          <ns3:TrackPointExtension>
            <ns3:hr>156</ns3:hr>
            <ns3:cad>85</ns3:cad>
          </ns3:TrackPointExtension>
        </extensions>
      </trkpt>
      <trkpt lat="40.1323061250150203704833984375" lon="94.655856527388095855712890625">
        <ele>1146.800048828125</ele>
        <time>2025-08-11T23:18:26.000Z</time>
        <extensions>
          <ns3:TrackPointExtension>
            <ns3:hr>156</ns3:hr>
            <ns3:cad>86</ns3:cad>
          </ns3:TrackPointExtension>
        </extensions>
      </trkpt>
      <trkpt lat="40.13230687938630580902099609375" lon="94.65582668781280517578125">
        <ele>1147</ele>
        <time>2025-08-11T23:18:27.000Z</time>
        <extensions>
          <ns3:TrackPointExtension>
            <ns3:hr>157</ns3:hr>
            <ns3:cad>86</ns3:cad>
          </ns3:TrackPointExtension>
        </extensions>
      </trkpt>
      <trkpt lat="40.13230872340500354766845703125" lon="94.65578754432499408721923828125">
        <ele>1147.199951171875</ele>
        <time>2025-08-11T23:18:28.000Z</time>
        <extensions>
          <ns3:TrackPointExtension>
            <ns3:hr>157</ns3:hr>
            <ns3:cad>85</ns3:cad>
          </ns3:TrackPointExtension>
        </extensions>
      </trkpt>
      <trkpt lat="40.132300592958927154541015625" lon="94.6557648293673992156982421875">
        <ele>1147.199951171875</ele>
        <time>2025-08-11T23:18:29.000Z</time>
        <extensions>
          <ns3:TrackPointExtension>
            <ns3:hr>157</ns3:hr>
            <ns3:cad>84</ns3:cad>
          </ns3:TrackPointExtension>
        </extensions>
      </trkpt>
      <trkpt lat="40.13230486772954463958740234375" lon="94.65572199784219264984130859375">
        <ele>1147.199951171875</ele>
        <time>2025-08-11T23:18:30.000Z</time>
        <extensions>
          <ns3:TrackPointExtension>
            <ns3:hr>157</ns3:hr>
            <ns3:cad>84</ns3:cad>
          </ns3:TrackPointExtension>
        </extensions>
      </trkpt>
      <trkpt lat="40.13230067677795886993408203125" lon="94.65569433756172657012939453125">
        <ele>1147.4000244140625</ele>
        <time>2025-08-11T23:18:31.000Z</time>
        <extensions>
          <ns3:TrackPointExtension>
            <ns3:hr>158</ns3:hr>
            <ns3:cad>85</ns3:cad>
          </ns3:TrackPointExtension>
        </extensions>
      </trkpt>
      <trkpt lat="40.1323034428060054779052734375" lon="94.65565628372132778167724609375">
        <ele>1147.4000244140625</ele>
        <time>2025-08-11T23:18:32.000Z</time>
        <extensions>
          <ns3:TrackPointExtension>
            <ns3:hr>158</ns3:hr>
            <ns3:cad>86</ns3:cad>
          </ns3:TrackPointExtension>
        </extensions>
      </trkpt>
      <trkpt lat="40.13230268843472003936767578125" lon="94.65562661178410053253173828125">
        <ele>1147.4000244140625</ele>
        <time>2025-08-11T23:18:33.000Z</time>
        <extensions>
          <ns3:TrackPointExtension>
            <ns3:hr>158</ns3:hr>
            <ns3:cad>87</ns3:cad>
          </ns3:TrackPointExtension>
        </extensions>
      </trkpt>
      <trkpt lat="40.1323027722537517547607421875" lon="94.65559274889528751373291015625">
        <ele>1147.5999755859375</ele>
        <time>2025-08-11T23:18:34.000Z</time>
        <extensions>
          <ns3:TrackPointExtension>
            <ns3:hr>159</ns3:hr>
            <ns3:cad>87</ns3:cad>
          </ns3:TrackPointExtension>
        </extensions>
      </trkpt>
      <trkpt lat="40.1323024369776248931884765625" lon="94.6555636636912822723388671875">
        <ele>1147.5999755859375</ele>
        <time>2025-08-11T23:18:35.000Z</time>
        <extensions>
          <ns3:TrackPointExtension>
            <ns3:hr>159</ns3:hr>
            <ns3:cad>87</ns3:cad>
          </ns3:TrackPointExtension>
        </extensions>
      </trkpt>
      <trkpt lat="40.1323015987873077392578125" lon="94.65553407557308673858642578125">
        <ele>1147.5999755859375</ele>
        <time>2025-08-11T23:18:36.000Z</time>
        <extensions>
          <ns3:TrackPointExtension>
            <ns3:hr>159</ns3:hr>
            <ns3:cad>88</ns3:cad>
          </ns3:TrackPointExtension>
        </extensions>
      </trkpt>
      <trkpt lat="40.13230151496827602386474609375" lon="94.6555013023316860198974609375">
        <ele>1147.800048828125</ele>
        <time>2025-08-11T23:18:37.000Z</time>
        <extensions>
          <ns3:TrackPointExtension>
            <ns3:hr>159</ns3:hr>
            <ns3:cad>88</ns3:cad>
          </ns3:TrackPointExtension>
        </extensions>
      </trkpt>
      <trkpt lat="40.132301263511180877685546875" lon="94.6554707922041416168212890625">
        <ele>1147.800048828125</ele>
        <time>2025-08-11T23:18:38.000Z</time>
        <extensions>
          <ns3:TrackPointExtension>
            <ns3:hr>159</ns3:hr>
            <ns3:cad>88</ns3:cad>
          </ns3:TrackPointExtension>
        </extensions>
      </trkpt>
      <trkpt lat="40.1323042809963226318359375" lon="94.65544044971466064453125">
        <ele>1147.800048828125</ele>
        <time>2025-08-11T23:18:39.000Z</time>
        <extensions>
          <ns3:TrackPointExtension>
            <ns3:hr>159</ns3:hr>
            <ns3:cad>88</ns3:cad>
          </ns3:TrackPointExtension>
        </extensions>
      </trkpt>
      <trkpt lat="40.132305957376956939697265625" lon="94.6554134599864482879638671875">
        <ele>1147.800048828125</ele>
        <time>2025-08-11T23:18:40.000Z</time>
        <extensions>
          <ns3:TrackPointExtension>
            <ns3:hr>160</ns3:hr>
            <ns3:cad>88</ns3:cad>
          </ns3:TrackPointExtension>
        </extensions>
      </trkpt>
      <trkpt lat="40.132308304309844970703125" lon="94.6553775854408740997314453125">
        <ele>1147.800048828125</ele>
        <time>2025-08-11T23:18:41.000Z</time>
        <extensions>
          <ns3:TrackPointExtension>
            <ns3:hr>160</ns3:hr>
            <ns3:cad>88</ns3:cad>
          </ns3:TrackPointExtension>
        </extensions>
      </trkpt>
      <trkpt lat="40.13230620883405208587646484375" lon="94.65534866787493228912353515625">
        <ele>1147.800048828125</ele>
        <time>2025-08-11T23:18:42.000Z</time>
        <extensions>
          <ns3:TrackPointExtension>
            <ns3:hr>160</ns3:hr>
            <ns3:cad>88</ns3:cad>
          </ns3:TrackPointExtension>
        </extensions>
      </trkpt>
      <trkpt lat="40.13230822049081325531005859375" lon="94.65531237423419952392578125">
        <ele>1147.800048828125</ele>
        <time>2025-08-11T23:18:43.000Z</time>
        <extensions>
          <ns3:TrackPointExtension>
            <ns3:hr>160</ns3:hr>
            <ns3:cad>88</ns3:cad>
          </ns3:TrackPointExtension>
        </extensions>
      </trkpt>
      <trkpt lat="40.13230629265308380126953125" lon="94.655283205211162567138671875">
        <ele>1147.800048828125</ele>
        <time>2025-08-11T23:18:44.000Z</time>
        <extensions>
          <ns3:TrackPointExtension>
            <ns3:hr>160</ns3:hr>
            <ns3:cad>88</ns3:cad>
          </ns3:TrackPointExtension>
        </extensions>
      </trkpt>
      <trkpt lat="40.132309980690479278564453125" lon="94.6552486717700958251953125">
        <ele>1148</ele>
        <time>2025-08-11T23:18:45.000Z</time>
        <extensions>
          <ns3:TrackPointExtension>
            <ns3:hr>161</ns3:hr>
            <ns3:cad>88</ns3:cad>
          </ns3:TrackPointExtension>
        </extensions>
      </trkpt>
      <trkpt lat="40.13230687938630580902099609375" lon="94.65522344224154949188232421875">
        <ele>1148</ele>
        <time>2025-08-11T23:18:46.000Z</time>
        <extensions>
          <ns3:TrackPointExtension>
            <ns3:hr>160</ns3:hr>
            <ns3:cad>88</ns3:cad>
          </ns3:TrackPointExtension>
        </extensions>
      </trkpt>
      <trkpt lat="40.13230754993855953216552734375" lon="94.65518522076308727264404296875">
        <ele>1148</ele>
        <time>2025-08-11T23:18:47.000Z</time>
        <extensions>
          <ns3:TrackPointExtension>
            <ns3:hr>161</ns3:hr>
            <ns3:cad>88</ns3:cad>
          </ns3:TrackPointExtension>
        </extensions>
      </trkpt>
      <trkpt lat="40.1323027722537517547607421875" lon="94.6551601588726043701171875">
        <ele>1148</ele>
        <time>2025-08-11T23:18:48.000Z</time>
        <extensions>
          <ns3:TrackPointExtension>
            <ns3:hr>161</ns3:hr>
            <ns3:cad>89</ns3:cad>
          </ns3:TrackPointExtension>
        </extensions>
      </trkpt>
      <trkpt lat="40.1323044486343860626220703125" lon="94.65512269176542758941650390625">
        <ele>1148</ele>
        <time>2025-08-11T23:18:49.000Z</time>
        <extensions>
          <ns3:TrackPointExtension>
            <ns3:hr>161</ns3:hr>
            <ns3:cad>89</ns3:cad>
          </ns3:TrackPointExtension>
        </extensions>
      </trkpt>
      <trkpt lat="40.1323041133582592010498046875" lon="94.6550957858562469482421875">
        <ele>1148</ele>
        <time>2025-08-11T23:18:50.000Z</time>
        <extensions>
          <ns3:TrackPointExtension>
            <ns3:hr>161</ns3:hr>
            <ns3:cad>89</ns3:cad>
          </ns3:TrackPointExtension>
        </extensions>
      </trkpt>
      <trkpt lat="40.1323071308434009552001953125" lon="94.6550573967397212982177734375">
        <ele>1148</ele>
        <time>2025-08-11T23:18:51.000Z</time>
        <extensions>
          <ns3:TrackPointExtension>
            <ns3:hr>161</ns3:hr>
            <ns3:cad>88</ns3:cad>
          </ns3:TrackPointExtension>
        </extensions>
      </trkpt>
      <trkpt lat="40.132305286824703216552734375" lon="94.65503417886793613433837890625">
        <ele>1148</ele>
        <time>2025-08-11T23:18:52.000Z</time>
        <extensions>
          <ns3:TrackPointExtension>
            <ns3:hr>161</ns3:hr>
            <ns3:cad>88</ns3:cad>
          </ns3:TrackPointExtension>
        </extensions>
      </trkpt>
      <trkpt lat="40.13231165707111358642578125" lon="94.65499746613204479217529296875">
        <ele>1148</ele>
        <time>2025-08-11T23:18:53.000Z</time>
        <extensions>
          <ns3:TrackPointExtension>
            <ns3:hr>160</ns3:hr>
            <ns3:cad>88</ns3:cad>
          </ns3:TrackPointExtension>
        </extensions>
      </trkpt>
      <trkpt lat="40.132306627929210662841796875" lon="94.654973410069942474365234375">
        <ele>1148</ele>
        <time>2025-08-11T23:18:54.000Z</time>
        <extensions>
          <ns3:TrackPointExtension>
            <ns3:hr>161</ns3:hr>
            <ns3:cad>88</ns3:cad>
          </ns3:TrackPointExtension>
        </extensions>
      </trkpt>
      <trkpt lat="40.13230872340500354766845703125" lon="94.6549370326101779937744140625">
        <ele>1148</ele>
        <time>2025-08-11T23:18:55.000Z</time>
        <extensions>
          <ns3:TrackPointExtension>
            <ns3:hr>161</ns3:hr>
            <ns3:cad>88</ns3:cad>
          </ns3:TrackPointExtension>
        </extensions>
      </trkpt>
      <trkpt lat="40.13230285607278347015380859375" lon="94.65491213835775852203369140625">
        <ele>1148.199951171875</ele>
        <time>2025-08-11T23:18:56.000Z</time>
        <extensions>
          <ns3:TrackPointExtension>
            <ns3:hr>161</ns3:hr>
            <ns3:cad>88</ns3:cad>
          </ns3:TrackPointExtension>
        </extensions>
      </trkpt>
      <trkpt lat="40.13230486772954463958740234375" lon="94.654870815575122833251953125">
        <ele>1148.199951171875</ele>
        <time>2025-08-11T23:18:57.000Z</time>
        <extensions>
          <ns3:TrackPointExtension>
            <ns3:hr>161</ns3:hr>
            <ns3:cad>88</ns3:cad>
          </ns3:TrackPointExtension>
        </extensions>
      </trkpt>
      <trkpt lat="40.13230034150183200836181640625" lon="94.65484810061752796173095703125">
        <ele>1148.199951171875</ele>
        <time>2025-08-11T23:18:58.000Z</time>
        <extensions>
          <ns3:TrackPointExtension>
            <ns3:hr>161</ns3:hr>
            <ns3:cad>89</ns3:cad>
          </ns3:TrackPointExtension>
        </extensions>
      </trkpt>
      <trkpt lat="40.13230268843472003936767578125" lon="94.654815495014190673828125">
        <ele>1148.199951171875</ele>
        <time>2025-08-11T23:18:59.000Z</time>
        <extensions>
          <ns3:TrackPointExtension>
            <ns3:hr>161</ns3:hr>
            <ns3:cad>89</ns3:cad>
          </ns3:TrackPointExtension>
        </extensions>
      </trkpt>
      <trkpt lat="40.1323042809963226318359375" lon="94.6547873318195343017578125">
        <ele>1148.199951171875</ele>
        <time>2025-08-11T23:19:00.000Z</time>
        <extensions>
          <ns3:TrackPointExtension>
            <ns3:hr>161</ns3:hr>
            <ns3:cad>89</ns3:cad>
          </ns3:TrackPointExtension>
        </extensions>
      </trkpt>
      <trkpt lat="40.13230687938630580902099609375" lon="94.654748104512691497802734375">
        <ele>1148.199951171875</ele>
        <time>2025-08-11T23:19:01.000Z</time>
        <extensions>
          <ns3:TrackPointExtension>
            <ns3:hr>161</ns3:hr>
            <ns3:cad>88</ns3:cad>
          </ns3:TrackPointExtension>
        </extensions>
      </trkpt>
      <trkpt lat="40.13230419717729091644287109375" lon="94.65472119860351085662841796875">
        <ele>1148.199951171875</ele>
        <time>2025-08-11T23:19:02.000Z</time>
        <extensions>
          <ns3:TrackPointExtension>
            <ns3:hr>161</ns3:hr>
            <ns3:cad>88</ns3:cad>
          </ns3:TrackPointExtension>
        </extensions>
      </trkpt>
      <trkpt lat="40.13230386190116405487060546875" lon="94.65468348003923892974853515625">
        <ele>1148.199951171875</ele>
        <time>2025-08-11T23:19:03.000Z</time>
        <extensions>
          <ns3:TrackPointExtension>
            <ns3:hr>161</ns3:hr>
            <ns3:cad>88</ns3:cad>
          </ns3:TrackPointExtension>
        </extensions>
      </trkpt>
      <trkpt lat="40.1323015987873077392578125" lon="94.65465330518782138824462890625">
        <ele>1148.199951171875</ele>
        <time>2025-08-11T23:19:04.000Z</time>
        <extensions>
          <ns3:TrackPointExtension>
            <ns3:hr>161</ns3:hr>
            <ns3:cad>88</ns3:cad>
          </ns3:TrackPointExtension>
        </extensions>
      </trkpt>
      <trkpt lat="40.13230025768280029296875" lon="94.65461173094809055328369140625">
        <ele>1148.199951171875</ele>
        <time>2025-08-11T23:19:05.000Z</time>
        <extensions>
          <ns3:TrackPointExtension>
            <ns3:hr>161</ns3:hr>
            <ns3:cad>89</ns3:cad>
          </ns3:TrackPointExtension>
        </extensions>
      </trkpt>
      <trkpt lat="40.1323010958731174468994140625" lon="94.65457820333540439605712890625">
        <ele>1148.199951171875</ele>
        <time>2025-08-11T23:19:06.000Z</time>
        <extensions>
          <ns3:TrackPointExtension>
            <ns3:hr>161</ns3:hr>
            <ns3:cad>89</ns3:cad>
          </ns3:TrackPointExtension>
        </extensions>
      </trkpt>
      <trkpt lat="40.13230067677795886993408203125" lon="94.65454258024692535400390625">
        <ele>1148.199951171875</ele>
        <time>2025-08-11T23:19:07.000Z</time>
        <extensions>
          <ns3:TrackPointExtension>
            <ns3:hr>161</ns3:hr>
            <ns3:cad>89</ns3:cad>
          </ns3:TrackPointExtension>
        </extensions>
      </trkpt>
      <trkpt lat="40.13229950331151485443115234375" lon="94.6545095555484294891357421875">
        <ele>1148.199951171875</ele>
        <time>2025-08-11T23:19:08.000Z</time>
        <extensions>
          <ns3:TrackPointExtension>
            <ns3:hr>161</ns3:hr>
            <ns3:cad>89</ns3:cad>
          </ns3:TrackPointExtension>
        </extensions>
      </trkpt>
      <trkpt lat="40.13229782693088054656982421875" lon="94.6544683165848255157470703125">
        <ele>1148.199951171875</ele>
        <time>2025-08-11T23:19:09.000Z</time>
        <extensions>
          <ns3:TrackPointExtension>
            <ns3:hr>161</ns3:hr>
            <ns3:cad>89</ns3:cad>
          </ns3:TrackPointExtension>
        </extensions>
      </trkpt>
      <trkpt lat="40.13229464180767536163330078125" lon="94.6544357948005199432373046875">
        <ele>1148.199951171875</ele>
        <time>2025-08-11T23:19:10.000Z</time>
        <extensions>
          <ns3:TrackPointExtension>
            <ns3:hr>161</ns3:hr>
            <ns3:cad>89</ns3:cad>
          </ns3:TrackPointExtension>
        </extensions>
      </trkpt>
      <trkpt lat="40.1322900317609310150146484375" lon="94.654395394027233123779296875">
        <ele>1148.199951171875</ele>
        <time>2025-08-11T23:19:11.000Z</time>
        <extensions>
          <ns3:TrackPointExtension>
            <ns3:hr>161</ns3:hr>
            <ns3:cad>89</ns3:cad>
          </ns3:TrackPointExtension>
        </extensions>
      </trkpt>
      <trkpt lat="40.13229179196059703826904296875" lon="94.65436362661421298980712890625">
        <ele>1148</ele>
        <time>2025-08-11T23:19:12.000Z</time>
        <extensions>
          <ns3:TrackPointExtension>
            <ns3:hr>161</ns3:hr>
            <ns3:cad>88</ns3:cad>
          </ns3:TrackPointExtension>
        </extensions>
      </trkpt>
      <trkpt lat="40.1322917081415653228759765625" lon="94.654326327145099639892578125">
        <ele>1148</ele>
        <time>2025-08-11T23:19:13.000Z</time>
        <extensions>
          <ns3:TrackPointExtension>
            <ns3:hr>161</ns3:hr>
            <ns3:cad>88</ns3:cad>
          </ns3:TrackPointExtension>
        </extensions>
      </trkpt>
      <trkpt lat="40.1322933845221996307373046875" lon="94.65429288335144519805908203125">
        <ele>1147.800048828125</ele>
        <time>2025-08-11T23:19:14.000Z</time>
        <extensions>
          <ns3:TrackPointExtension>
            <ns3:hr>161</ns3:hr>
            <ns3:cad>88</ns3:cad>
          </ns3:TrackPointExtension>
        </extensions>
      </trkpt>
      <trkpt lat="40.1322917081415653228759765625" lon="94.65425902046263217926025390625">
        <ele>1147.800048828125</ele>
        <time>2025-08-11T23:19:15.000Z</time>
        <extensions>
          <ns3:TrackPointExtension>
            <ns3:hr>161</ns3:hr>
            <ns3:cad>88</ns3:cad>
          </ns3:TrackPointExtension>
        </extensions>
      </trkpt>
      <trkpt lat="40.132291875779628753662109375" lon="94.6542242355644702911376953125">
        <ele>1147.5999755859375</ele>
        <time>2025-08-11T23:19:16.000Z</time>
        <extensions>
          <ns3:TrackPointExtension>
            <ns3:hr>160</ns3:hr>
            <ns3:cad>89</ns3:cad>
          </ns3:TrackPointExtension>
        </extensions>
      </trkpt>
      <trkpt lat="40.132290534675121307373046875" lon="94.6541917137801647186279296875">
        <ele>1147.5999755859375</ele>
        <time>2025-08-11T23:19:17.000Z</time>
        <extensions>
          <ns3:TrackPointExtension>
            <ns3:hr>161</ns3:hr>
            <ns3:cad>89</ns3:cad>
          </ns3:TrackPointExtension>
        </extensions>
      </trkpt>
      <trkpt lat="40.13229330070316791534423828125" lon="94.6541565097868442535400390625">
        <ele>1147.5999755859375</ele>
        <time>2025-08-11T23:19:18.000Z</time>
        <extensions>
          <ns3:TrackPointExtension>
            <ns3:hr>161</ns3:hr>
            <ns3:cad>89</ns3:cad>
          </ns3:TrackPointExtension>
        </extensions>
      </trkpt>
      <trkpt lat="40.1322927139699459075927734375" lon="94.65412222780287265777587890625">
        <ele>1147.5999755859375</ele>
        <time>2025-08-11T23:19:19.000Z</time>
        <extensions>
          <ns3:TrackPointExtension>
            <ns3:hr>161</ns3:hr>
            <ns3:cad>88</ns3:cad>
          </ns3:TrackPointExtension>
        </extensions>
      </trkpt>
      <trkpt lat="40.13229380361735820770263671875" lon="94.6540884487330913543701171875">
        <ele>1147.5999755859375</ele>
        <time>2025-08-11T23:19:20.000Z</time>
        <extensions>
          <ns3:TrackPointExtension>
            <ns3:hr>161</ns3:hr>
            <ns3:cad>88</ns3:cad>
          </ns3:TrackPointExtension>
        </extensions>
      </trkpt>
      <trkpt lat="40.1322903670370578765869140625" lon="94.6540572680532932281494140625">
        <ele>1147.5999755859375</ele>
        <time>2025-08-11T23:19:21.000Z</time>
        <extensions>
          <ns3:TrackPointExtension>
            <ns3:hr>161</ns3:hr>
            <ns3:cad>88</ns3:cad>
          </ns3:TrackPointExtension>
        </extensions>
      </trkpt>
      <trkpt lat="40.13228894211351871490478515625" lon="94.65402114205062389373779296875">
        <ele>1147.5999755859375</ele>
        <time>2025-08-11T23:19:22.000Z</time>
        <extensions>
          <ns3:TrackPointExtension>
            <ns3:hr>160</ns3:hr>
            <ns3:cad>89</ns3:cad>
          </ns3:TrackPointExtension>
        </extensions>
      </trkpt>
      <trkpt lat="40.13228341005742549896240234375" lon="94.65398744679987430572509765625">
        <ele>1147.5999755859375</ele>
        <time>2025-08-11T23:19:23.000Z</time>
        <extensions>
          <ns3:TrackPointExtension>
            <ns3:hr>161</ns3:hr>
            <ns3:cad>89</ns3:cad>
          </ns3:TrackPointExtension>
        </extensions>
      </trkpt>
      <trkpt lat="40.13228508643805980682373046875" lon="94.65395006351172924041748046875">
        <ele>1147.4000244140625</ele>
        <time>2025-08-11T23:19:24.000Z</time>
        <extensions>
          <ns3:TrackPointExtension>
            <ns3:hr>160</ns3:hr>
            <ns3:cad>91</ns3:cad>
          </ns3:TrackPointExtension>
        </extensions>
      </trkpt>
      <trkpt lat="40.132282488048076629638671875" lon="94.65391762554645538330078125">
        <ele>1147.199951171875</ele>
        <time>2025-08-11T23:19:25.000Z</time>
        <extensions>
          <ns3:TrackPointExtension>
            <ns3:hr>160</ns3:hr>
            <ns3:cad>91</ns3:cad>
          </ns3:TrackPointExtension>
        </extensions>
      </trkpt>
      <trkpt lat="40.132292211055755615234375" lon="94.653878398239612579345703125">
        <ele>1147</ele>
        <time>2025-08-11T23:19:26.000Z</time>
        <extensions>
          <ns3:TrackPointExtension>
            <ns3:hr>160</ns3:hr>
            <ns3:cad>91</ns3:cad>
          </ns3:TrackPointExtension>
        </extensions>
      </trkpt>
      <trkpt lat="40.1322935521602630615234375" lon="94.65384646318852901458740234375">
        <ele>1147</ele>
        <time>2025-08-11T23:19:27.000Z</time>
        <extensions>
          <ns3:TrackPointExtension>
            <ns3:hr>160</ns3:hr>
            <ns3:cad>91</ns3:cad>
          </ns3:TrackPointExtension>
        </extensions>
      </trkpt>
      <trkpt lat="40.13231568038463592529296875" lon="94.65380765497684478759765625">
        <ele>1147</ele>
        <time>2025-08-11T23:19:28.000Z</time>
        <extensions>
          <ns3:TrackPointExtension>
            <ns3:hr>161</ns3:hr>
            <ns3:cad>89</ns3:cad>
          </ns3:TrackPointExtension>
        </extensions>
      </trkpt>
      <trkpt lat="40.1323269121348857879638671875" lon="94.65378192253410816192626953125">
        <ele>1147</ele>
        <time>2025-08-11T23:19:29.000Z</time>
        <extensions>
          <ns3:TrackPointExtension>
            <ns3:hr>160</ns3:hr>
            <ns3:cad>88</ns3:cad>
          </ns3:TrackPointExtension>
        </extensions>
      </trkpt>
      <trkpt lat="40.1323399879038333892822265625" lon="94.65375359170138835906982421875">
        <ele>1147</ele>
        <time>2025-08-11T23:19:30.000Z</time>
        <extensions>
          <ns3:TrackPointExtension>
            <ns3:hr>160</ns3:hr>
            <ns3:cad>88</ns3:cad>
          </ns3:TrackPointExtension>
        </extensions>
      </trkpt>
      <trkpt lat="40.1323557458817958831787109375" lon="94.6537213213741779327392578125">
        <ele>1146.800048828125</ele>
        <time>2025-08-11T23:19:31.000Z</time>
        <extensions>
          <ns3:TrackPointExtension>
            <ns3:hr>160</ns3:hr>
            <ns3:cad>87</ns3:cad>
          </ns3:TrackPointExtension>
        </extensions>
      </trkpt>
      <trkpt lat="40.13236463069915771484375" lon="94.653690643608570098876953125">
        <ele>1146.800048828125</ele>
        <time>2025-08-11T23:19:32.000Z</time>
        <extensions>
          <ns3:TrackPointExtension>
            <ns3:hr>160</ns3:hr>
            <ns3:cad>87</ns3:cad>
          </ns3:TrackPointExtension>
        </extensions>
      </trkpt>
      <trkpt lat="40.13238298706710338592529296875" lon="94.65366088785231113433837890625">
        <ele>1146.800048828125</ele>
        <time>2025-08-11T23:19:33.000Z</time>
        <extensions>
          <ns3:TrackPointExtension>
            <ns3:hr>160</ns3:hr>
            <ns3:cad>87</ns3:cad>
          </ns3:TrackPointExtension>
        </extensions>
      </trkpt>
      <trkpt lat="40.132391452789306640625" lon="94.6536334790289402008056640625">
        <ele>1146.800048828125</ele>
        <time>2025-08-11T23:19:34.000Z</time>
        <extensions>
          <ns3:TrackPointExtension>
            <ns3:hr>161</ns3:hr>
            <ns3:cad>87</ns3:cad>
          </ns3:TrackPointExtension>
        </extensions>
      </trkpt>
      <trkpt lat="40.13241291046142578125" lon="94.6536033041775226593017578125">
        <ele>1146.800048828125</ele>
        <time>2025-08-11T23:19:35.000Z</time>
        <extensions>
          <ns3:TrackPointExtension>
            <ns3:hr>160</ns3:hr>
            <ns3:cad>87</ns3:cad>
          </ns3:TrackPointExtension>
        </extensions>
      </trkpt>
      <trkpt lat="40.132422633469104766845703125" lon="94.65357924811542034149169921875">
        <ele>1146.800048828125</ele>
        <time>2025-08-11T23:19:36.000Z</time>
        <extensions>
          <ns3:TrackPointExtension>
            <ns3:hr>160</ns3:hr>
            <ns3:cad>86</ns3:cad>
          </ns3:TrackPointExtension>
        </extensions>
      </trkpt>
      <trkpt lat="40.13244434259831905364990234375" lon="94.65354789979755878448486328125">
        <ele>1146.800048828125</ele>
        <time>2025-08-11T23:19:37.000Z</time>
        <extensions>
          <ns3:TrackPointExtension>
            <ns3:hr>160</ns3:hr>
            <ns3:cad>86</ns3:cad>
          </ns3:TrackPointExtension>
        </extensions>
      </trkpt>
      <trkpt lat="40.13245188631117343902587890625" lon="94.65352191589772701263427734375">
        <ele>1146.800048828125</ele>
        <time>2025-08-11T23:19:38.000Z</time>
        <extensions>
          <ns3:TrackPointExtension>
            <ns3:hr>160</ns3:hr>
            <ns3:cad>87</ns3:cad>
          </ns3:TrackPointExtension>
        </extensions>
      </trkpt>
      <trkpt lat="40.13246781192719936370849609375" lon="94.65349291451275348663330078125">
        <ele>1146.5999755859375</ele>
        <time>2025-08-11T23:19:39.000Z</time>
        <extensions>
          <ns3:TrackPointExtension>
            <ns3:hr>161</ns3:hr>
            <ns3:cad>87</ns3:cad>
          </ns3:TrackPointExtension>
        </extensions>
      </trkpt>
      <trkpt lat="40.13248541392385959625244140625" lon="94.6534722112119197845458984375">
        <ele>1146.5999755859375</ele>
        <time>2025-08-11T23:19:40.000Z</time>
        <extensions>
          <ns3:TrackPointExtension>
            <ns3:hr>160</ns3:hr>
            <ns3:cad>87</ns3:cad>
          </ns3:TrackPointExtension>
        </extensions>
      </trkpt>
      <trkpt lat="40.13250502757728099822998046875" lon="94.653451256453990936279296875">
        <ele>1146.5999755859375</ele>
        <time>2025-08-11T23:19:41.000Z</time>
        <extensions>
          <ns3:TrackPointExtension>
            <ns3:hr>160</ns3:hr>
            <ns3:cad>87</ns3:cad>
          </ns3:TrackPointExtension>
        </extensions>
      </trkpt>
      <trkpt lat="40.1325304247438907623291015625" lon="94.653442203998565673828125">
        <ele>1146.5999755859375</ele>
        <time>2025-08-11T23:19:42.000Z</time>
        <extensions>
          <ns3:TrackPointExtension>
            <ns3:hr>160</ns3:hr>
            <ns3:cad>88</ns3:cad>
          </ns3:TrackPointExtension>
        </extensions>
      </trkpt>
      <trkpt lat="40.13255305588245391845703125" lon="94.65343725867569446563720703125">
        <ele>1146.5999755859375</ele>
        <time>2025-08-11T23:19:43.000Z</time>
        <extensions>
          <ns3:TrackPointExtension>
            <ns3:hr>161</ns3:hr>
            <ns3:cad>88</ns3:cad>
          </ns3:TrackPointExtension>
        </extensions>
      </trkpt>
      <trkpt lat="40.13258079998195171356201171875" lon="94.65344396419823169708251953125">
        <ele>1146.800048828125</ele>
        <time>2025-08-11T23:19:44.000Z</time>
        <extensions>
          <ns3:TrackPointExtension>
            <ns3:hr>160</ns3:hr>
            <ns3:cad>87</ns3:cad>
          </ns3:TrackPointExtension>
        </extensions>
      </trkpt>
      <trkpt lat="40.1326008327305316925048828125" lon="94.65343943797051906585693359375">
        <ele>1146.800048828125</ele>
        <time>2025-08-11T23:19:45.000Z</time>
        <extensions>
          <ns3:TrackPointExtension>
            <ns3:hr>161</ns3:hr>
            <ns3:cad>87</ns3:cad>
          </ns3:TrackPointExtension>
        </extensions>
      </trkpt>
      <trkpt lat="40.13263327069580554962158203125" lon="94.653445221483707427978515625">
        <ele>1146.5999755859375</ele>
        <time>2025-08-11T23:19:46.000Z</time>
        <extensions>
          <ns3:TrackPointExtension>
            <ns3:hr>161</ns3:hr>
            <ns3:cad>86</ns3:cad>
          </ns3:TrackPointExtension>
        </extensions>
      </trkpt>
      <trkpt lat="40.132654644548892974853515625" lon="94.65344882570207118988037109375">
        <ele>1146.5999755859375</ele>
        <time>2025-08-11T23:19:47.000Z</time>
        <extensions>
          <ns3:TrackPointExtension>
            <ns3:hr>161</ns3:hr>
            <ns3:cad>86</ns3:cad>
          </ns3:TrackPointExtension>
        </extensions>
      </trkpt>
      <trkpt lat="40.1326839812099933624267578125" lon="94.653451256453990936279296875">
        <ele>1146.5999755859375</ele>
        <time>2025-08-11T23:19:48.000Z</time>
        <extensions>
          <ns3:TrackPointExtension>
            <ns3:hr>160</ns3:hr>
            <ns3:cad>86</ns3:cad>
          </ns3:TrackPointExtension>
        </extensions>
      </trkpt>
      <trkpt lat="40.13270200230181217193603515625" lon="94.65345494449138641357421875">
        <ele>1146.5999755859375</ele>
        <time>2025-08-11T23:19:49.000Z</time>
        <extensions>
          <ns3:TrackPointExtension>
            <ns3:hr>161</ns3:hr>
            <ns3:cad>86</ns3:cad>
          </ns3:TrackPointExtension>
        </extensions>
      </trkpt>
      <trkpt lat="40.132723711431026458740234375" lon="94.65345737524330615997314453125">
        <ele>1146.5999755859375</ele>
        <time>2025-08-11T23:19:50.000Z</time>
        <extensions>
          <ns3:TrackPointExtension>
            <ns3:hr>160</ns3:hr>
            <ns3:cad>87</ns3:cad>
          </ns3:TrackPointExtension>
        </extensions>
      </trkpt>
      <trkpt lat="40.1327419839799404144287109375" lon="94.65345838107168674468994140625">
        <ele>1146.5999755859375</ele>
        <time>2025-08-11T23:19:51.000Z</time>
        <extensions>
          <ns3:TrackPointExtension>
            <ns3:hr>160</ns3:hr>
            <ns3:cad>87</ns3:cad>
          </ns3:TrackPointExtension>
        </extensions>
      </trkpt>
      <trkpt lat="40.13276939280331134796142578125" lon="94.65346106328070163726806640625">
        <ele>1146.5999755859375</ele>
        <time>2025-08-11T23:19:52.000Z</time>
        <extensions>
          <ns3:TrackPointExtension>
            <ns3:hr>160</ns3:hr>
            <ns3:cad>87</ns3:cad>
          </ns3:TrackPointExtension>
        </extensions>
      </trkpt>
      <trkpt lat="40.13279286213219165802001953125" lon="94.65346408076584339141845703125">
        <ele>1146.4000244140625</ele>
        <time>2025-08-11T23:19:53.000Z</time>
        <extensions>
          <ns3:TrackPointExtension>
            <ns3:hr>161</ns3:hr>
            <ns3:cad>88</ns3:cad>
          </ns3:TrackPointExtension>
        </extensions>
      </trkpt>
      <trkpt lat="40.1328157447278499603271484375" lon="94.65346676297485828399658203125">
        <ele>1146.4000244140625</ele>
        <time>2025-08-11T23:19:54.000Z</time>
        <extensions>
          <ns3:TrackPointExtension>
            <ns3:hr>160</ns3:hr>
            <ns3:cad>88</ns3:cad>
          </ns3:TrackPointExtension>
        </extensions>
      </trkpt>
      <trkpt lat="40.13283762149512767791748046875" lon="94.653472714126110076904296875">
        <ele>1146.4000244140625</ele>
        <time>2025-08-11T23:19:55.000Z</time>
        <extensions>
          <ns3:TrackPointExtension>
            <ns3:hr>160</ns3:hr>
            <ns3:cad>88</ns3:cad>
          </ns3:TrackPointExtension>
        </extensions>
      </trkpt>
      <trkpt lat="40.1328589953482151031494140625" lon="94.65347028337419033050537109375">
        <ele>1146.4000244140625</ele>
        <time>2025-08-11T23:19:56.000Z</time>
        <extensions>
          <ns3:TrackPointExtension>
            <ns3:hr>160</ns3:hr>
            <ns3:cad>88</ns3:cad>
          </ns3:TrackPointExtension>
        </extensions>
      </trkpt>
      <trkpt lat="40.132885985076427459716796875" lon="94.653470702469348907470703125">
        <ele>1146.199951171875</ele>
        <time>2025-08-11T23:19:57.000Z</time>
        <extensions>
          <ns3:TrackPointExtension>
            <ns3:hr>161</ns3:hr>
            <ns3:cad>88</ns3:cad>
          </ns3:TrackPointExtension>
        </extensions>
      </trkpt>
      <trkpt lat="40.132908113300800323486328125" lon="94.65347061865031719207763671875">
        <ele>1146.199951171875</ele>
        <time>2025-08-11T23:19:58.000Z</time>
        <extensions>
          <ns3:TrackPointExtension>
            <ns3:hr>160</ns3:hr>
            <ns3:cad>88</ns3:cad>
          </ns3:TrackPointExtension>
        </extensions>
      </trkpt>
      <trkpt lat="40.1329372823238372802734375" lon="94.6534738875925540924072265625">
        <ele>1146.199951171875</ele>
        <time>2025-08-11T23:19:59.000Z</time>
        <extensions>
          <ns3:TrackPointExtension>
            <ns3:hr>160</ns3:hr>
            <ns3:cad>88</ns3:cad>
          </ns3:TrackPointExtension>
        </extensions>
      </trkpt>
      <trkpt lat="40.1329589076340198516845703125" lon="94.65347162447869777679443359375">
        <ele>1146.199951171875</ele>
        <time>2025-08-11T23:20:00.000Z</time>
        <extensions>
          <ns3:TrackPointExtension>
            <ns3:hr>160</ns3:hr>
            <ns3:cad>88</ns3:cad>
          </ns3:TrackPointExtension>
        </extensions>
      </trkpt>
      <trkpt lat="40.13298748992383480072021484375" lon="94.65347363613545894622802734375">
        <ele>1146.199951171875</ele>
        <time>2025-08-11T23:20:01.000Z</time>
        <extensions>
          <ns3:TrackPointExtension>
            <ns3:hr>160</ns3:hr>
            <ns3:cad>88</ns3:cad>
          </ns3:TrackPointExtension>
        </extensions>
      </trkpt>
      <trkpt lat="40.13300769031047821044921875" lon="94.65347128920257091522216796875">
        <ele>1146.199951171875</ele>
        <time>2025-08-11T23:20:02.000Z</time>
        <extensions>
          <ns3:TrackPointExtension>
            <ns3:hr>160</ns3:hr>
            <ns3:cad>88</ns3:cad>
          </ns3:TrackPointExtension>
        </extensions>
      </trkpt>
      <trkpt lat="40.133037865161895751953125" lon="94.65347296558320522308349609375">
        <ele>1146.199951171875</ele>
        <time>2025-08-11T23:20:03.000Z</time>
        <extensions>
          <ns3:TrackPointExtension>
            <ns3:hr>159</ns3:hr>
            <ns3:cad>88</ns3:cad>
          </ns3:TrackPointExtension>
        </extensions>
      </trkpt>
      <trkpt lat="40.13305588625371456146240234375" lon="94.6534651704132556915283203125">
        <ele>1146.199951171875</ele>
        <time>2025-08-11T23:20:04.000Z</time>
        <extensions>
          <ns3:TrackPointExtension>
            <ns3:hr>159</ns3:hr>
            <ns3:cad>88</ns3:cad>
          </ns3:TrackPointExtension>
        </extensions>
      </trkpt>
      <trkpt lat="40.133085139095783233642578125" lon="94.6534681878983974456787109375">
        <ele>1146.199951171875</ele>
        <time>2025-08-11T23:20:05.000Z</time>
        <extensions>
          <ns3:TrackPointExtension>
            <ns3:hr>159</ns3:hr>
            <ns3:cad>88</ns3:cad>
          </ns3:TrackPointExtension>
        </extensions>
      </trkpt>
      <trkpt lat="40.13310919515788555145263671875" lon="94.65346994809806346893310546875">
        <ele>1146.199951171875</ele>
        <time>2025-08-11T23:20:06.000Z</time>
        <extensions>
          <ns3:TrackPointExtension>
            <ns3:hr>159</ns3:hr>
            <ns3:cad>89</ns3:cad>
          </ns3:TrackPointExtension>
        </extensions>
      </trkpt>
      <trkpt lat="40.133134759962558746337890625" lon="94.65346969664096832275390625">
        <ele>1146.199951171875</ele>
        <time>2025-08-11T23:20:07.000Z</time>
        <extensions>
          <ns3:TrackPointExtension>
            <ns3:hr>159</ns3:hr>
            <ns3:cad>89</ns3:cad>
          </ns3:TrackPointExtension>
        </extensions>
      </trkpt>
      <trkpt lat="40.13315630145370960235595703125" lon="94.65346835553646087646484375">
        <ele>1146.199951171875</ele>
        <time>2025-08-11T23:20:08.000Z</time>
        <extensions>
          <ns3:TrackPointExtension>
            <ns3:hr>159</ns3:hr>
            <ns3:cad>89</ns3:cad>
          </ns3:TrackPointExtension>
        </extensions>
      </trkpt>
      <trkpt lat="40.1331848837435245513916015625" lon="94.6534722112119197845458984375">
        <ele>1146.199951171875</ele>
        <time>2025-08-11T23:20:09.000Z</time>
        <extensions>
          <ns3:TrackPointExtension>
            <ns3:hr>159</ns3:hr>
            <ns3:cad>88</ns3:cad>
          </ns3:TrackPointExtension>
        </extensions>
      </trkpt>
      <trkpt lat="40.13320483267307281494140625" lon="94.65347128920257091522216796875">
        <ele>1146.199951171875</ele>
        <time>2025-08-11T23:20:10.000Z</time>
        <extensions>
          <ns3:TrackPointExtension>
            <ns3:hr>159</ns3:hr>
            <ns3:cad>88</ns3:cad>
          </ns3:TrackPointExtension>
        </extensions>
      </trkpt>
      <trkpt lat="40.13323299586772918701171875" lon="94.6534748934209346771240234375">
        <ele>1146.199951171875</ele>
        <time>2025-08-11T23:20:11.000Z</time>
        <extensions>
          <ns3:TrackPointExtension>
            <ns3:hr>159</ns3:hr>
            <ns3:cad>88</ns3:cad>
          </ns3:TrackPointExtension>
        </extensions>
      </trkpt>
      <trkpt lat="40.1332516036927700042724609375" lon="94.653468690812587738037109375">
        <ele>1146.199951171875</ele>
        <time>2025-08-11T23:20:12.000Z</time>
        <extensions>
          <ns3:TrackPointExtension>
            <ns3:hr>159</ns3:hr>
            <ns3:cad>88</ns3:cad>
          </ns3:TrackPointExtension>
        </extensions>
      </trkpt>
      <trkpt lat="40.1332774199545383453369140625" lon="94.6534701995551586151123046875">
        <ele>1146.199951171875</ele>
        <time>2025-08-11T23:20:13.000Z</time>
        <extensions>
          <ns3:TrackPointExtension>
            <ns3:hr>158</ns3:hr>
            <ns3:cad>88</ns3:cad>
          </ns3:TrackPointExtension>
        </extensions>
      </trkpt>
      <trkpt lat="40.133297033607959747314453125" lon="94.65346433222293853759765625">
        <ele>1146.199951171875</ele>
        <time>2025-08-11T23:20:14.000Z</time>
        <extensions>
          <ns3:TrackPointExtension>
            <ns3:hr>158</ns3:hr>
            <ns3:cad>88</ns3:cad>
          </ns3:TrackPointExtension>
        </extensions>
      </trkpt>
      <trkpt lat="40.1333220116794109344482421875" lon="94.65346592478454113006591796875">
        <ele>1146.199951171875</ele>
        <time>2025-08-11T23:20:15.000Z</time>
        <extensions>
          <ns3:TrackPointExtension>
            <ns3:hr>158</ns3:hr>
            <ns3:cad>88</ns3:cad>
          </ns3:TrackPointExtension>
        </extensions>
      </trkpt>
      <trkpt lat="40.13334573246538639068603515625" lon="94.65346835553646087646484375">
        <ele>1146.199951171875</ele>
        <time>2025-08-11T23:20:16.000Z</time>
        <extensions>
          <ns3:TrackPointExtension>
            <ns3:hr>158</ns3:hr>
            <ns3:cad>88</ns3:cad>
          </ns3:TrackPointExtension>
        </extensions>
      </trkpt>
      <trkpt lat="40.13337054289877414703369140625" lon="94.6534703671932220458984375">
        <ele>1146</ele>
        <time>2025-08-11T23:20:17.000Z</time>
        <extensions>
          <ns3:TrackPointExtension>
            <ns3:hr>157</ns3:hr>
            <ns3:cad>88</ns3:cad>
          </ns3:TrackPointExtension>
        </extensions>
      </trkpt>
      <trkpt lat="40.1333907432854175567626953125" lon="94.6534755639731884002685546875">
        <ele>1146</ele>
        <time>2025-08-11T23:20:18.000Z</time>
        <extensions>
          <ns3:TrackPointExtension>
            <ns3:hr>157</ns3:hr>
            <ns3:cad>89</ns3:cad>
          </ns3:TrackPointExtension>
        </extensions>
      </trkpt>
      <trkpt lat="40.13341672718524932861328125" lon="94.65347774326801300048828125">
        <ele>1146</ele>
        <time>2025-08-11T23:20:19.000Z</time>
        <extensions>
          <ns3:TrackPointExtension>
            <ns3:hr>157</ns3:hr>
            <ns3:cad>89</ns3:cad>
          </ns3:TrackPointExtension>
        </extensions>
      </trkpt>
      <trkpt lat="40.1334373466670513153076171875" lon="94.65347967110574245452880859375">
        <ele>1146</ele>
        <time>2025-08-11T23:20:20.000Z</time>
        <extensions>
          <ns3:TrackPointExtension>
            <ns3:hr>157</ns3:hr>
            <ns3:cad>89</ns3:cad>
          </ns3:TrackPointExtension>
        </extensions>
      </trkpt>
      <trkpt lat="40.133462660014629364013671875" lon="94.65347983874380588531494140625">
        <ele>1146</ele>
        <time>2025-08-11T23:20:21.000Z</time>
        <extensions>
          <ns3:TrackPointExtension>
            <ns3:hr>157</ns3:hr>
            <ns3:cad>89</ns3:cad>
          </ns3:TrackPointExtension>
        </extensions>
      </trkpt>
      <trkpt lat="40.1334852911531925201416015625" lon="94.65347514487802982330322265625">
        <ele>1146</ele>
        <time>2025-08-11T23:20:22.000Z</time>
        <extensions>
          <ns3:TrackPointExtension>
            <ns3:hr>157</ns3:hr>
            <ns3:cad>88</ns3:cad>
          </ns3:TrackPointExtension>
        </extensions>
      </trkpt>
      <trkpt lat="40.1335090957581996917724609375" lon="94.6534730494022369384765625">
        <ele>1146</ele>
        <time>2025-08-11T23:20:23.000Z</time>
        <extensions>
          <ns3:TrackPointExtension>
            <ns3:hr>157</ns3:hr>
            <ns3:cad>88</ns3:cad>
          </ns3:TrackPointExtension>
        </extensions>
      </trkpt>
      <trkpt lat="40.13352879323065280914306640625" lon="94.6534705348312854766845703125">
        <ele>1146</ele>
        <time>2025-08-11T23:20:24.000Z</time>
        <extensions>
          <ns3:TrackPointExtension>
            <ns3:hr>157</ns3:hr>
            <ns3:cad>88</ns3:cad>
          </ns3:TrackPointExtension>
        </extensions>
      </trkpt>
      <trkpt lat="40.133555196225643157958984375" lon="94.65347246266901493072509765625">
        <ele>1146</ele>
        <time>2025-08-11T23:20:25.000Z</time>
        <extensions>
          <ns3:TrackPointExtension>
            <ns3:hr>157</ns3:hr>
            <ns3:cad>88</ns3:cad>
          </ns3:TrackPointExtension>
        </extensions>
      </trkpt>
      <trkpt lat="40.1335781626403331756591796875" lon="94.653469361364841461181640625">
        <ele>1146</ele>
        <time>2025-08-11T23:20:26.000Z</time>
        <extensions>
          <ns3:TrackPointExtension>
            <ns3:hr>157</ns3:hr>
            <ns3:cad>88</ns3:cad>
          </ns3:TrackPointExtension>
        </extensions>
      </trkpt>
      <trkpt lat="40.1336039789021015167236328125" lon="94.6534675173461437225341796875">
        <ele>1146</ele>
        <time>2025-08-11T23:20:27.000Z</time>
        <extensions>
          <ns3:TrackPointExtension>
            <ns3:hr>157</ns3:hr>
            <ns3:cad>88</ns3:cad>
          </ns3:TrackPointExtension>
        </extensions>
      </trkpt>
      <trkpt lat="40.1336284540593624114990234375" lon="94.65347045101225376129150390625">
        <ele>1146</ele>
        <time>2025-08-11T23:20:28.000Z</time>
        <extensions>
          <ns3:TrackPointExtension>
            <ns3:hr>157</ns3:hr>
            <ns3:cad>88</ns3:cad>
          </ns3:TrackPointExtension>
        </extensions>
      </trkpt>
      <trkpt lat="40.13365234248340129852294921875" lon="94.65347162447869777679443359375">
        <ele>1146.199951171875</ele>
        <time>2025-08-11T23:20:29.000Z</time>
        <extensions>
          <ns3:TrackPointExtension>
            <ns3:hr>157</ns3:hr>
            <ns3:cad>88</ns3:cad>
          </ns3:TrackPointExtension>
        </extensions>
      </trkpt>
      <trkpt lat="40.13367748819291591644287109375" lon="94.653478078544139862060546875">
        <ele>1146.199951171875</ele>
        <time>2025-08-11T23:20:30.000Z</time>
        <extensions>
          <ns3:TrackPointExtension>
            <ns3:hr>157</ns3:hr>
            <ns3:cad>88</ns3:cad>
          </ns3:TrackPointExtension>
        </extensions>
      </trkpt>
      <trkpt lat="40.13370062224566936492919921875" lon="94.6534805931150913238525390625">
        <ele>1146.199951171875</ele>
        <time>2025-08-11T23:20:31.000Z</time>
        <extensions>
          <ns3:TrackPointExtension>
            <ns3:hr>157</ns3:hr>
            <ns3:cad>89</ns3:cad>
          </ns3:TrackPointExtension>
        </extensions>
      </trkpt>
      <trkpt lat="40.13372174464166164398193359375" lon="94.6534836106002330780029296875">
        <ele>1146.199951171875</ele>
        <time>2025-08-11T23:20:32.000Z</time>
        <extensions>
          <ns3:TrackPointExtension>
            <ns3:hr>156</ns3:hr>
            <ns3:cad>89</ns3:cad>
          </ns3:TrackPointExtension>
        </extensions>
      </trkpt>
      <trkpt lat="40.13374404050409793853759765625" lon="94.65348302386701107025146484375">
        <ele>1146.199951171875</ele>
        <time>2025-08-11T23:20:33.000Z</time>
        <extensions>
          <ns3:TrackPointExtension>
            <ns3:hr>156</ns3:hr>
            <ns3:cad>89</ns3:cad>
          </ns3:TrackPointExtension>
        </extensions>
      </trkpt>
      <trkpt lat="40.13376616872847080230712890625" lon="94.65348335914313793182373046875">
        <ele>1146.199951171875</ele>
        <time>2025-08-11T23:20:34.000Z</time>
        <extensions>
          <ns3:TrackPointExtension>
            <ns3:hr>156</ns3:hr>
            <ns3:cad>89</ns3:cad>
          </ns3:TrackPointExtension>
        </extensions>
      </trkpt>
      <trkpt lat="40.13378812931478023529052734375" lon="94.65347983874380588531494140625">
        <ele>1146.199951171875</ele>
        <time>2025-08-11T23:20:35.000Z</time>
        <extensions>
          <ns3:TrackPointExtension>
            <ns3:hr>156</ns3:hr>
            <ns3:cad>89</ns3:cad>
          </ns3:TrackPointExtension>
        </extensions>
      </trkpt>
      <trkpt lat="40.13381235301494598388671875" lon="94.65348285622894763946533203125">
        <ele>1146.199951171875</ele>
        <time>2025-08-11T23:20:36.000Z</time>
        <extensions>
          <ns3:TrackPointExtension>
            <ns3:hr>156</ns3:hr>
            <ns3:cad>89</ns3:cad>
          </ns3:TrackPointExtension>
        </extensions>
      </trkpt>
      <trkpt lat="40.1338359899818897247314453125" lon="94.65348268859088420867919921875">
        <ele>1146.199951171875</ele>
        <time>2025-08-11T23:20:37.000Z</time>
        <extensions>
          <ns3:TrackPointExtension>
            <ns3:hr>156</ns3:hr>
            <ns3:cad>89</ns3:cad>
          </ns3:TrackPointExtension>
        </extensions>
      </trkpt>
      <trkpt lat="40.13385795056819915771484375" lon="94.65348444879055023193359375">
        <ele>1146.199951171875</ele>
        <time>2025-08-11T23:20:38.000Z</time>
        <extensions>
          <ns3:TrackPointExtension>
            <ns3:hr>156</ns3:hr>
            <ns3:cad>89</ns3:cad>
          </ns3:TrackPointExtension>
        </extensions>
      </trkpt>
      <trkpt lat="40.1338772289454936981201171875" lon="94.6534802578389644622802734375">
        <ele>1146.199951171875</ele>
        <time>2025-08-11T23:20:39.000Z</time>
        <extensions>
          <ns3:TrackPointExtension>
            <ns3:hr>156</ns3:hr>
            <ns3:cad>89</ns3:cad>
          </ns3:TrackPointExtension>
        </extensions>
      </trkpt>
      <trkpt lat="40.13390094973146915435791015625" lon="94.65348486788570880889892578125">
        <ele>1146.199951171875</ele>
        <time>2025-08-11T23:20:40.000Z</time>
        <extensions>
          <ns3:TrackPointExtension>
            <ns3:hr>156</ns3:hr>
            <ns3:cad>89</ns3:cad>
          </ns3:TrackPointExtension>
        </extensions>
      </trkpt>
      <trkpt lat="40.13392257504165172576904296875" lon="94.65348436497151851654052734375">
        <ele>1146.199951171875</ele>
        <time>2025-08-11T23:20:41.000Z</time>
        <extensions>
          <ns3:TrackPointExtension>
            <ns3:hr>156</ns3:hr>
            <ns3:cad>89</ns3:cad>
          </ns3:TrackPointExtension>
        </extensions>
      </trkpt>
      <trkpt lat="40.13394554145634174346923828125" lon="94.6534852869808673858642578125">
        <ele>1146.199951171875</ele>
        <time>2025-08-11T23:20:42.000Z</time>
        <extensions>
          <ns3:TrackPointExtension>
            <ns3:hr>156</ns3:hr>
            <ns3:cad>89</ns3:cad>
          </ns3:TrackPointExtension>
        </extensions>
      </trkpt>
      <trkpt lat="40.1339664123952388763427734375" lon="94.6534810960292816162109375">
        <ele>1146.199951171875</ele>
        <time>2025-08-11T23:20:43.000Z</time>
        <extensions>
          <ns3:TrackPointExtension>
            <ns3:hr>156</ns3:hr>
            <ns3:cad>89</ns3:cad>
          </ns3:TrackPointExtension>
        </extensions>
      </trkpt>
      <trkpt lat="40.133992396295070648193359375" lon="94.6534846164286136627197265625">
        <ele>1146.199951171875</ele>
        <time>2025-08-11T23:20:44.000Z</time>
        <extensions>
          <ns3:TrackPointExtension>
            <ns3:hr>156</ns3:hr>
            <ns3:cad>89</ns3:cad>
          </ns3:TrackPointExtension>
        </extensions>
      </trkpt>
      <trkpt lat="40.1340115070343017578125" lon="94.653483442962169647216796875">
        <ele>1146.199951171875</ele>
        <time>2025-08-11T23:20:45.000Z</time>
        <extensions>
          <ns3:TrackPointExtension>
            <ns3:hr>155</ns3:hr>
            <ns3:cad>89</ns3:cad>
          </ns3:TrackPointExtension>
        </extensions>
      </trkpt>
      <trkpt lat="40.13403489254415035247802734375" lon="94.65348268859088420867919921875">
        <ele>1146.199951171875</ele>
        <time>2025-08-11T23:20:46.000Z</time>
        <extensions>
          <ns3:TrackPointExtension>
            <ns3:hr>156</ns3:hr>
            <ns3:cad>89</ns3:cad>
          </ns3:TrackPointExtension>
        </extensions>
      </trkpt>
      <trkpt lat="40.13405534438788890838623046875" lon="94.65347967110574245452880859375">
        <ele>1146.199951171875</ele>
        <time>2025-08-11T23:20:47.000Z</time>
        <extensions>
          <ns3:TrackPointExtension>
            <ns3:hr>156</ns3:hr>
            <ns3:cad>89</ns3:cad>
          </ns3:TrackPointExtension>
        </extensions>
      </trkpt>
      <trkpt lat="40.1340810768306255340576171875" lon="94.653484784066677093505859375">
        <ele>1146.199951171875</ele>
        <time>2025-08-11T23:20:48.000Z</time>
        <extensions>
          <ns3:TrackPointExtension>
            <ns3:hr>155</ns3:hr>
            <ns3:cad>88</ns3:cad>
          </ns3:TrackPointExtension>
        </extensions>
      </trkpt>
      <trkpt lat="40.13409943319857120513916015625" lon="94.653478078544139862060546875">
        <ele>1146.199951171875</ele>
        <time>2025-08-11T23:20:49.000Z</time>
        <extensions>
          <ns3:TrackPointExtension>
            <ns3:hr>156</ns3:hr>
            <ns3:cad>88</ns3:cad>
          </ns3:TrackPointExtension>
        </extensions>
      </trkpt>
      <trkpt lat="40.13412524946033954620361328125" lon="94.653477407991886138916015625">
        <ele>1146.4000244140625</ele>
        <time>2025-08-11T23:20:50.000Z</time>
        <extensions>
          <ns3:TrackPointExtension>
            <ns3:hr>156</ns3:hr>
            <ns3:cad>88</ns3:cad>
          </ns3:TrackPointExtension>
        </extensions>
      </trkpt>
      <trkpt lat="40.134149305522441864013671875" lon="94.6534728817641735076904296875">
        <ele>1146.4000244140625</ele>
        <time>2025-08-11T23:20:51.000Z</time>
        <extensions>
          <ns3:TrackPointExtension>
            <ns3:hr>156</ns3:hr>
            <ns3:cad>88</ns3:cad>
          </ns3:TrackPointExtension>
        </extensions>
      </trkpt>
      <trkpt lat="40.13417554087936878204345703125" lon="94.65347531251609325408935546875">
        <ele>1146.4000244140625</ele>
        <time>2025-08-11T23:20:52.000Z</time>
        <extensions>
          <ns3:TrackPointExtension>
            <ns3:hr>155</ns3:hr>
            <ns3:cad>88</ns3:cad>
          </ns3:TrackPointExtension>
        </extensions>
      </trkpt>
      <trkpt lat="40.13419859111309051513671875" lon="94.65347782708704471588134765625">
        <ele>1146.199951171875</ele>
        <time>2025-08-11T23:20:53.000Z</time>
        <extensions>
          <ns3:TrackPointExtension>
            <ns3:hr>156</ns3:hr>
            <ns3:cad>88</ns3:cad>
          </ns3:TrackPointExtension>
        </extensions>
      </trkpt>
      <trkpt lat="40.1342265866696834564208984375" lon="94.65348402969539165496826171875">
        <ele>1146.4000244140625</ele>
        <time>2025-08-11T23:20:54.000Z</time>
        <extensions>
          <ns3:TrackPointExtension>
            <ns3:hr>156</ns3:hr>
            <ns3:cad>89</ns3:cad>
          </ns3:TrackPointExtension>
        </extensions>
      </trkpt>
      <trkpt lat="40.13425097800791263580322265625" lon="94.6534815989434719085693359375">
        <ele>1146.4000244140625</ele>
        <time>2025-08-11T23:20:55.000Z</time>
        <extensions>
          <ns3:TrackPointExtension>
            <ns3:hr>156</ns3:hr>
            <ns3:cad>89</ns3:cad>
          </ns3:TrackPointExtension>
        </extensions>
      </trkpt>
      <trkpt lat="40.1342802308499813079833984375" lon="94.6534869633615016937255859375">
        <ele>1146.4000244140625</ele>
        <time>2025-08-11T23:20:56.000Z</time>
        <extensions>
          <ns3:TrackPointExtension>
            <ns3:hr>156</ns3:hr>
            <ns3:cad>89</ns3:cad>
          </ns3:TrackPointExtension>
        </extensions>
      </trkpt>
      <trkpt lat="40.1343013532459735870361328125" lon="94.65348335914313793182373046875">
        <ele>1146.4000244140625</ele>
        <time>2025-08-11T23:20:57.000Z</time>
        <extensions>
          <ns3:TrackPointExtension>
            <ns3:hr>155</ns3:hr>
            <ns3:cad>90</ns3:cad>
          </ns3:TrackPointExtension>
        </extensions>
      </trkpt>
      <trkpt lat="40.13432742096483707427978515625" lon="94.65348637662827968597412109375">
        <ele>1146.4000244140625</ele>
        <time>2025-08-11T23:20:58.000Z</time>
        <extensions>
          <ns3:TrackPointExtension>
            <ns3:hr>156</ns3:hr>
            <ns3:cad>90</ns3:cad>
          </ns3:TrackPointExtension>
        </extensions>
      </trkpt>
      <trkpt lat="40.13434753753244876861572265625" lon="94.65348201803863048553466796875">
        <ele>1146.4000244140625</ele>
        <time>2025-08-11T23:20:59.000Z</time>
        <extensions>
          <ns3:TrackPointExtension>
            <ns3:hr>156</ns3:hr>
            <ns3:cad>89</ns3:cad>
          </ns3:TrackPointExtension>
        </extensions>
      </trkpt>
      <trkpt lat="40.134373940527439117431640625" lon="94.65348402969539165496826171875">
        <ele>1146.4000244140625</ele>
        <time>2025-08-11T23:21:00.000Z</time>
        <extensions>
          <ns3:TrackPointExtension>
            <ns3:hr>156</ns3:hr>
            <ns3:cad>89</ns3:cad>
          </ns3:TrackPointExtension>
        </extensions>
      </trkpt>
      <trkpt lat="40.1343910396099090576171875" lon="94.653479419648647308349609375">
        <ele>1146.4000244140625</ele>
        <time>2025-08-11T23:21:01.000Z</time>
        <extensions>
          <ns3:TrackPointExtension>
            <ns3:hr>156</ns3:hr>
            <ns3:cad>89</ns3:cad>
          </ns3:TrackPointExtension>
        </extensions>
      </trkpt>
      <trkpt lat="40.134416855871677398681640625" lon="94.65347883291542530059814453125">
        <ele>1146.4000244140625</ele>
        <time>2025-08-11T23:21:02.000Z</time>
        <extensions>
          <ns3:TrackPointExtension>
            <ns3:hr>156</ns3:hr>
            <ns3:cad>89</ns3:cad>
          </ns3:TrackPointExtension>
        </extensions>
      </trkpt>
      <trkpt lat="40.1344371400773525238037109375" lon="94.65347229503095149993896484375">
        <ele>1146.4000244140625</ele>
        <time>2025-08-11T23:21:03.000Z</time>
        <extensions>
          <ns3:TrackPointExtension>
            <ns3:hr>156</ns3:hr>
            <ns3:cad>89</ns3:cad>
          </ns3:TrackPointExtension>
        </extensions>
      </trkpt>
      <trkpt lat="40.1344599388539791107177734375" lon="94.65347279794514179229736328125">
        <ele>1146.4000244140625</ele>
        <time>2025-08-11T23:21:04.000Z</time>
        <extensions>
          <ns3:TrackPointExtension>
            <ns3:hr>156</ns3:hr>
            <ns3:cad>89</ns3:cad>
          </ns3:TrackPointExtension>
        </extensions>
      </trkpt>
      <trkpt lat="40.1344837434589862823486328125" lon="94.6534676849842071533203125">
        <ele>1146.4000244140625</ele>
        <time>2025-08-11T23:21:05.000Z</time>
        <extensions>
          <ns3:TrackPointExtension>
            <ns3:hr>156</ns3:hr>
            <ns3:cad>89</ns3:cad>
          </ns3:TrackPointExtension>
        </extensions>
      </trkpt>
      <trkpt lat="40.13451433740556240081787109375" lon="94.65346793644130229949951171875">
        <ele>1146.4000244140625</ele>
        <time>2025-08-11T23:21:06.000Z</time>
        <extensions>
          <ns3:TrackPointExtension>
            <ns3:hr>156</ns3:hr>
            <ns3:cad>89</ns3:cad>
          </ns3:TrackPointExtension>
        </extensions>
      </trkpt>
      <trkpt lat="40.1345370523631572723388671875" lon="94.65346005745232105255126953125">
        <ele>1146.4000244140625</ele>
        <time>2025-08-11T23:21:07.000Z</time>
        <extensions>
          <ns3:TrackPointExtension>
            <ns3:hr>156</ns3:hr>
            <ns3:cad>89</ns3:cad>
          </ns3:TrackPointExtension>
        </extensions>
      </trkpt>
      <trkpt lat="40.13456228189170360565185546875" lon="94.6534701995551586151123046875">
        <ele>1146.4000244140625</ele>
        <time>2025-08-11T23:21:08.000Z</time>
        <extensions>
          <ns3:TrackPointExtension>
            <ns3:hr>156</ns3:hr>
            <ns3:cad>89</ns3:cad>
          </ns3:TrackPointExtension>
        </extensions>
      </trkpt>
      <trkpt lat="40.13458441011607646942138671875" lon="94.65347279794514179229736328125">
        <ele>1146.4000244140625</ele>
        <time>2025-08-11T23:21:09.000Z</time>
        <extensions>
          <ns3:TrackPointExtension>
            <ns3:hr>156</ns3:hr>
            <ns3:cad>89</ns3:cad>
          </ns3:TrackPointExtension>
        </extensions>
      </trkpt>
      <trkpt lat="40.13460821472108364105224609375" lon="94.65347732417285442352294921875">
        <ele>1146.5999755859375</ele>
        <time>2025-08-11T23:21:10.000Z</time>
        <extensions>
          <ns3:TrackPointExtension>
            <ns3:hr>156</ns3:hr>
            <ns3:cad>89</ns3:cad>
          </ns3:TrackPointExtension>
        </extensions>
      </trkpt>
      <trkpt lat="40.1346322707831859588623046875" lon="94.65348453260958194732666015625">
        <ele>1146.5999755859375</ele>
        <time>2025-08-11T23:21:11.000Z</time>
        <extensions>
          <ns3:TrackPointExtension>
            <ns3:hr>156</ns3:hr>
            <ns3:cad>89</ns3:cad>
          </ns3:TrackPointExtension>
        </extensions>
      </trkpt>
      <trkpt lat="40.134663283824920654296875" lon="94.6534906513988971710205078125">
        <ele>1146.5999755859375</ele>
        <time>2025-08-11T23:21:12.000Z</time>
        <extensions>
          <ns3:TrackPointExtension>
            <ns3:hr>156</ns3:hr>
            <ns3:cad>89</ns3:cad>
          </ns3:TrackPointExtension>
        </extensions>
      </trkpt>
      <trkpt lat="40.134687088429927825927734375" lon="94.653487466275691986083984375">
        <ele>1146.5999755859375</ele>
        <time>2025-08-11T23:21:13.000Z</time>
        <extensions>
          <ns3:TrackPointExtension>
            <ns3:hr>156</ns3:hr>
            <ns3:cad>89</ns3:cad>
          </ns3:TrackPointExtension>
        </extensions>
      </trkpt>
      <trkpt lat="40.1347093842923641204833984375" lon="94.65348687954246997833251953125">
        <ele>1146.4000244140625</ele>
        <time>2025-08-11T23:21:14.000Z</time>
        <extensions>
          <ns3:TrackPointExtension>
            <ns3:hr>156</ns3:hr>
            <ns3:cad>89</ns3:cad>
          </ns3:TrackPointExtension>
        </extensions>
      </trkpt>
      <trkpt lat="40.13473176397383213043212890625" lon="94.65348889119923114776611328125">
        <ele>1146.4000244140625</ele>
        <time>2025-08-11T23:21:15.000Z</time>
        <extensions>
          <ns3:TrackPointExtension>
            <ns3:hr>156</ns3:hr>
            <ns3:cad>89</ns3:cad>
          </ns3:TrackPointExtension>
        </extensions>
      </trkpt>
      <trkpt lat="40.13475204817950725555419921875" lon="94.65348713099956512451171875">
        <ele>1146.199951171875</ele>
        <time>2025-08-11T23:21:16.000Z</time>
        <extensions>
          <ns3:TrackPointExtension>
            <ns3:hr>155</ns3:hr>
            <ns3:cad>89</ns3:cad>
          </ns3:TrackPointExtension>
        </extensions>
      </trkpt>
      <trkpt lat="40.13477283529937267303466796875" lon="94.65348755009472370147705078125">
        <ele>1146.199951171875</ele>
        <time>2025-08-11T23:21:17.000Z</time>
        <extensions>
          <ns3:TrackPointExtension>
            <ns3:hr>155</ns3:hr>
            <ns3:cad>89</ns3:cad>
          </ns3:TrackPointExtension>
        </extensions>
      </trkpt>
      <trkpt lat="40.13479848392307758331298828125" lon="94.65348503552377223968505859375">
        <ele>1146.199951171875</ele>
        <time>2025-08-11T23:21:18.000Z</time>
        <extensions>
          <ns3:TrackPointExtension>
            <ns3:hr>156</ns3:hr>
            <ns3:cad>89</ns3:cad>
          </ns3:TrackPointExtension>
        </extensions>
      </trkpt>
      <trkpt lat="40.13481684029102325439453125" lon="94.65348470024764537811279296875">
        <ele>1146.199951171875</ele>
        <time>2025-08-11T23:21:19.000Z</time>
        <extensions>
          <ns3:TrackPointExtension>
            <ns3:hr>155</ns3:hr>
            <ns3:cad>88</ns3:cad>
          </ns3:TrackPointExtension>
        </extensions>
      </trkpt>
      <trkpt lat="40.13484475202858448028564453125" lon="94.65348218567669391632080078125">
        <ele>1146.4000244140625</ele>
        <time>2025-08-11T23:21:20.000Z</time>
        <extensions>
          <ns3:TrackPointExtension>
            <ns3:hr>155</ns3:hr>
            <ns3:cad>88</ns3:cad>
          </ns3:TrackPointExtension>
        </extensions>
      </trkpt>
      <trkpt lat="40.134862773120403289794921875" lon="94.6534837782382965087890625">
        <ele>1146.4000244140625</ele>
        <time>2025-08-11T23:21:21.000Z</time>
        <extensions>
          <ns3:TrackPointExtension>
            <ns3:hr>155</ns3:hr>
            <ns3:cad>88</ns3:cad>
          </ns3:TrackPointExtension>
        </extensions>
      </trkpt>
      <trkpt lat="40.1348870806396007537841796875" lon="94.6534784138202667236328125">
        <ele>1146.4000244140625</ele>
        <time>2025-08-11T23:21:22.000Z</time>
        <extensions>
          <ns3:TrackPointExtension>
            <ns3:hr>156</ns3:hr>
            <ns3:cad>88</ns3:cad>
          </ns3:TrackPointExtension>
        </extensions>
      </trkpt>
      <trkpt lat="40.13490736484527587890625" lon="94.65348872356116771697998046875">
        <ele>1146.4000244140625</ele>
        <time>2025-08-11T23:21:23.000Z</time>
        <extensions>
          <ns3:TrackPointExtension>
            <ns3:hr>155</ns3:hr>
            <ns3:cad>88</ns3:cad>
          </ns3:TrackPointExtension>
        </extensions>
      </trkpt>
      <trkpt lat="40.13492555357515811920166015625" lon="94.6534864604473114013671875">
        <ele>1146.4000244140625</ele>
        <time>2025-08-11T23:21:24.000Z</time>
        <extensions>
          <ns3:TrackPointExtension>
            <ns3:hr>155</ns3:hr>
            <ns3:cad>88</ns3:cad>
          </ns3:TrackPointExtension>
        </extensions>
      </trkpt>
      <trkpt lat="40.13494650833308696746826171875" lon="94.65349140577018260955810546875">
        <ele>1146.4000244140625</ele>
        <time>2025-08-11T23:21:25.000Z</time>
        <extensions>
          <ns3:TrackPointExtension>
            <ns3:hr>155</ns3:hr>
            <ns3:cad>88</ns3:cad>
          </ns3:TrackPointExtension>
        </extensions>
      </trkpt>
      <trkpt lat="40.1349635235965251922607421875" lon="94.65348352678120136260986328125">
        <ele>1146.4000244140625</ele>
        <time>2025-08-11T23:21:26.000Z</time>
        <extensions>
          <ns3:TrackPointExtension>
            <ns3:hr>155</ns3:hr>
            <ns3:cad>88</ns3:cad>
          </ns3:TrackPointExtension>
        </extensions>
      </trkpt>
      <trkpt lat="40.134984143078327178955078125" lon="94.65348713099956512451171875">
        <ele>1146.5999755859375</ele>
        <time>2025-08-11T23:21:27.000Z</time>
        <extensions>
          <ns3:TrackPointExtension>
            <ns3:hr>155</ns3:hr>
            <ns3:cad>88</ns3:cad>
          </ns3:TrackPointExtension>
        </extensions>
      </trkpt>
      <trkpt lat="40.1350037567317485809326171875" lon="94.65348453260958194732666015625">
        <ele>1146.5999755859375</ele>
        <time>2025-08-11T23:21:28.000Z</time>
        <extensions>
          <ns3:TrackPointExtension>
            <ns3:hr>155</ns3:hr>
            <ns3:cad>88</ns3:cad>
          </ns3:TrackPointExtension>
        </extensions>
      </trkpt>
      <trkpt lat="40.1350285671651363372802734375" lon="94.65349056757986545562744140625">
        <ele>1146.5999755859375</ele>
        <time>2025-08-11T23:21:29.000Z</time>
        <extensions>
          <ns3:TrackPointExtension>
            <ns3:hr>155</ns3:hr>
            <ns3:cad>88</ns3:cad>
          </ns3:TrackPointExtension>
        </extensions>
      </trkpt>
      <trkpt lat="40.1350520364940166473388671875" lon="94.6534906513988971710205078125">
        <ele>1146.5999755859375</ele>
        <time>2025-08-11T23:21:30.000Z</time>
        <extensions>
          <ns3:TrackPointExtension>
            <ns3:hr>155</ns3:hr>
            <ns3:cad>89</ns3:cad>
          </ns3:TrackPointExtension>
        </extensions>
      </trkpt>
      <trkpt lat="40.13507458381354808807373046875" lon="94.65349056757986545562744140625">
        <ele>1146.5999755859375</ele>
        <time>2025-08-11T23:21:31.000Z</time>
        <extensions>
          <ns3:TrackPointExtension>
            <ns3:hr>155</ns3:hr>
            <ns3:cad>89</ns3:cad>
          </ns3:TrackPointExtension>
        </extensions>
      </trkpt>
      <trkpt lat="40.135092772543430328369140625" lon="94.65347866527736186981201171875">
        <ele>1146.5999755859375</ele>
        <time>2025-08-11T23:21:32.000Z</time>
        <extensions>
          <ns3:TrackPointExtension>
            <ns3:hr>155</ns3:hr>
            <ns3:cad>89</ns3:cad>
          </ns3:TrackPointExtension>
        </extensions>
      </trkpt>
      <trkpt lat="40.13511733151972293853759765625" lon="94.6534762345254421234130859375">
        <ele>1146.5999755859375</ele>
        <time>2025-08-11T23:21:33.000Z</time>
        <extensions>
          <ns3:TrackPointExtension>
            <ns3:hr>154</ns3:hr>
            <ns3:cad>88</ns3:cad>
          </ns3:TrackPointExtension>
        </extensions>
      </trkpt>
      <trkpt lat="40.135140717029571533203125" lon="94.6534742228686809539794921875">
        <ele>1146.5999755859375</ele>
        <time>2025-08-11T23:21:34.000Z</time>
        <extensions>
          <ns3:TrackPointExtension>
            <ns3:hr>154</ns3:hr>
            <ns3:cad>88</ns3:cad>
          </ns3:TrackPointExtension>
        </extensions>
      </trkpt>
      <trkpt lat="40.1351717300713062286376953125" lon="94.65347380377352237701416015625">
        <ele>1146.5999755859375</ele>
        <time>2025-08-11T23:21:35.000Z</time>
        <extensions>
          <ns3:TrackPointExtension>
            <ns3:hr>154</ns3:hr>
            <ns3:cad>88</ns3:cad>
          </ns3:TrackPointExtension>
        </extensions>
      </trkpt>
      <trkpt lat="40.13519561849534511566162109375" lon="94.65347212739288806915283203125">
        <ele>1146.5999755859375</ele>
        <time>2025-08-11T23:21:36.000Z</time>
        <extensions>
          <ns3:TrackPointExtension>
            <ns3:hr>155</ns3:hr>
            <ns3:cad>88</ns3:cad>
          </ns3:TrackPointExtension>
        </extensions>
      </trkpt>
      <trkpt lat="40.13522864319384098052978515625" lon="94.6534695290029048919677734375">
        <ele>1146.4000244140625</ele>
        <time>2025-08-11T23:21:37.000Z</time>
        <extensions>
          <ns3:TrackPointExtension>
            <ns3:hr>154</ns3:hr>
            <ns3:cad>88</ns3:cad>
          </ns3:TrackPointExtension>
        </extensions>
      </trkpt>
      <trkpt lat="40.13525295071303844451904296875" lon="94.65346827171742916107177734375">
        <ele>1146.4000244140625</ele>
        <time>2025-08-11T23:21:38.000Z</time>
        <extensions>
          <ns3:TrackPointExtension>
            <ns3:hr>154</ns3:hr>
            <ns3:cad>88</ns3:cad>
          </ns3:TrackPointExtension>
        </extensions>
      </trkpt>
      <trkpt lat="40.1352867297828197479248046875" lon="94.65346726588904857635498046875">
        <ele>1146.4000244140625</ele>
        <time>2025-08-11T23:21:39.000Z</time>
        <extensions>
          <ns3:TrackPointExtension>
            <ns3:hr>155</ns3:hr>
            <ns3:cad>88</ns3:cad>
          </ns3:TrackPointExtension>
        </extensions>
      </trkpt>
      <trkpt lat="40.13531229458749294281005859375" lon="94.65346910990774631500244140625">
        <ele>1146.4000244140625</ele>
        <time>2025-08-11T23:21:40.000Z</time>
        <extensions>
          <ns3:TrackPointExtension>
            <ns3:hr>154</ns3:hr>
            <ns3:cad>89</ns3:cad>
          </ns3:TrackPointExtension>
        </extensions>
      </trkpt>
      <trkpt lat="40.1353427208960056304931640625" lon="94.6534732170403003692626953125">
        <ele>1146.4000244140625</ele>
        <time>2025-08-11T23:21:41.000Z</time>
        <extensions>
          <ns3:TrackPointExtension>
            <ns3:hr>154</ns3:hr>
            <ns3:cad>89</ns3:cad>
          </ns3:TrackPointExtension>
        </extensions>
      </trkpt>
      <trkpt lat="40.1353682018816471099853515625" lon="94.6534775756299495697021484375">
        <ele>1146.4000244140625</ele>
        <time>2025-08-11T23:21:42.000Z</time>
        <extensions>
          <ns3:TrackPointExtension>
            <ns3:hr>154</ns3:hr>
            <ns3:cad>88</ns3:cad>
          </ns3:TrackPointExtension>
        </extensions>
      </trkpt>
      <trkpt lat="40.13539326377213001251220703125" lon="94.6534795872867107391357421875">
        <ele>1146.4000244140625</ele>
        <time>2025-08-11T23:21:43.000Z</time>
        <extensions>
          <ns3:TrackPointExtension>
            <ns3:hr>154</ns3:hr>
            <ns3:cad>88</ns3:cad>
          </ns3:TrackPointExtension>
        </extensions>
      </trkpt>
      <trkpt lat="40.135420002043247222900390625" lon="94.653478749096393585205078125">
        <ele>1146.4000244140625</ele>
        <time>2025-08-11T23:21:44.000Z</time>
        <extensions>
          <ns3:TrackPointExtension>
            <ns3:hr>154</ns3:hr>
            <ns3:cad>88</ns3:cad>
          </ns3:TrackPointExtension>
        </extensions>
      </trkpt>
      <trkpt lat="40.13544556684792041778564453125" lon="94.65347967110574245452880859375">
        <ele>1146.4000244140625</ele>
        <time>2025-08-11T23:21:45.000Z</time>
        <extensions>
          <ns3:TrackPointExtension>
            <ns3:hr>154</ns3:hr>
            <ns3:cad>88</ns3:cad>
          </ns3:TrackPointExtension>
        </extensions>
      </trkpt>
      <trkpt lat="40.1354711316525936126708984375" lon="94.65348847210407257080078125">
        <ele>1146.4000244140625</ele>
        <time>2025-08-11T23:21:46.000Z</time>
        <extensions>
          <ns3:TrackPointExtension>
            <ns3:hr>154</ns3:hr>
            <ns3:cad>88</ns3:cad>
          </ns3:TrackPointExtension>
        </extensions>
      </trkpt>
      <trkpt lat="40.135481022298336029052734375" lon="94.6534886397421360015869140625">
        <ele>1146.4000244140625</ele>
        <time>2025-08-11T23:21:47.000Z</time>
        <extensions>
          <ns3:TrackPointExtension>
            <ns3:hr>154</ns3:hr>
            <ns3:cad>88</ns3:cad>
          </ns3:TrackPointExtension>
        </extensions>
      </trkpt>
      <trkpt lat="40.1354661025106906890869140625" lon="94.6534859575331211090087890625">
        <ele>1146.4000244140625</ele>
        <time>2025-08-11T23:21:48.000Z</time>
        <extensions>
          <ns3:TrackPointExtension>
            <ns3:hr>154</ns3:hr>
            <ns3:cad>88</ns3:cad>
          </ns3:TrackPointExtension>
        </extensions>
      </trkpt>
      <trkpt lat="40.1354520209133625030517578125" lon="94.65348687954246997833251953125">
        <ele>1146.199951171875</ele>
        <time>2025-08-11T23:21:49.000Z</time>
        <extensions>
          <ns3:TrackPointExtension>
            <ns3:hr>154</ns3:hr>
            <ns3:cad>88</ns3:cad>
          </ns3:TrackPointExtension>
        </extensions>
      </trkpt>
      <trkpt lat="40.1354406215250492095947265625" lon="94.6534913219511508941650390625">
        <ele>1146.199951171875</ele>
        <time>2025-08-11T23:21:50.000Z</time>
        <extensions>
          <ns3:TrackPointExtension>
            <ns3:hr>154</ns3:hr>
            <ns3:cad>88</ns3:cad>
          </ns3:TrackPointExtension>
        </extensions>
      </trkpt>
      <trkpt lat="40.13543349690735340118408203125" lon="94.6534983627498149871826171875">
        <ele>1146.199951171875</ele>
        <time>2025-08-11T23:21:51.000Z</time>
        <extensions>
          <ns3:TrackPointExtension>
            <ns3:hr>154</ns3:hr>
            <ns3:cad>88</ns3:cad>
          </ns3:TrackPointExtension>
        </extensions>
      </trkpt>
      <trkpt lat="40.1354312337934970855712890625" lon="94.65350925922393798828125">
        <ele>1146</ele>
        <time>2025-08-11T23:21:52.000Z</time>
        <extensions>
          <ns3:TrackPointExtension>
            <ns3:hr>154</ns3:hr>
            <ns3:cad>74</ns3:cad>
          </ns3:TrackPointExtension>
        </extensions>
      </trkpt>
      <trkpt lat="40.13542846776545047760009765625" lon="94.65352258644998073577880859375">
        <ele>1146</ele>
        <time>2025-08-11T23:21:53.000Z</time>
        <extensions>
          <ns3:TrackPointExtension>
            <ns3:hr>154</ns3:hr>
            <ns3:cad>74</ns3:cad>
          </ns3:TrackPointExtension>
        </extensions>
      </trkpt>
      <trkpt lat="40.13543014414608478546142578125" lon="94.6535375900566577911376953125">
        <ele>1145.800048828125</ele>
        <time>2025-08-11T23:21:54.000Z</time>
        <extensions>
          <ns3:TrackPointExtension>
            <ns3:hr>154</ns3:hr>
            <ns3:cad>74</ns3:cad>
          </ns3:TrackPointExtension>
        </extensions>
      </trkpt>
      <trkpt lat="40.13543634675443172454833984375" lon="94.653545133769512176513671875">
        <ele>1145.800048828125</ele>
        <time>2025-08-11T23:21:55.000Z</time>
        <extensions>
          <ns3:TrackPointExtension>
            <ns3:hr>154</ns3:hr>
            <ns3:cad>59</ns3:cad>
          </ns3:TrackPointExtension>
        </extensions>
      </trkpt>
      <trkpt lat="40.13544556684792041778564453125" lon="94.6535516716539859771728515625">
        <ele>1145.5999755859375</ele>
        <time>2025-08-11T23:21:56.000Z</time>
        <extensions>
          <ns3:TrackPointExtension>
            <ns3:hr>153</ns3:hr>
            <ns3:cad>59</ns3:cad>
          </ns3:TrackPointExtension>
        </extensions>
      </trkpt>
      <trkpt lat="40.13545596040785312652587890625" lon="94.6535543538630008697509765625">
        <ele>1145.4000244140625</ele>
        <time>2025-08-11T23:21:57.000Z</time>
        <extensions>
          <ns3:TrackPointExtension>
            <ns3:hr>153</ns3:hr>
            <ns3:cad>59</ns3:cad>
          </ns3:TrackPointExtension>
        </extensions>
      </trkpt>
      <trkpt lat="40.13546769507229328155517578125" lon="94.65356080792844295501708984375">
        <ele>1145.4000244140625</ele>
        <time>2025-08-11T23:21:58.000Z</time>
        <extensions>
          <ns3:TrackPointExtension>
            <ns3:hr>153</ns3:hr>
            <ns3:cad>58</ns3:cad>
          </ns3:TrackPointExtension>
        </extensions>
      </trkpt>
      <trkpt lat="40.13548194430768489837646484375" lon="94.65356114320456981658935546875">
        <ele>1145.4000244140625</ele>
        <time>2025-08-11T23:21:59.000Z</time>
        <extensions>
          <ns3:TrackPointExtension>
            <ns3:hr>152</ns3:hr>
            <ns3:cad>58</ns3:cad>
          </ns3:TrackPointExtension>
        </extensions>
      </trkpt>
      <trkpt lat="40.135495774447917938232421875" lon="94.6535637415945529937744140625">
        <ele>1145.199951171875</ele>
        <time>2025-08-11T23:22:00.000Z</time>
        <extensions>
          <ns3:TrackPointExtension>
            <ns3:hr>152</ns3:hr>
            <ns3:cad>58</ns3:cad>
          </ns3:TrackPointExtension>
        </extensions>
      </trkpt>
      <trkpt lat="40.135508514940738677978515625" lon="94.653565585613250732421875">
        <ele>1145.199951171875</ele>
        <time>2025-08-11T23:22:01.000Z</time>
        <extensions>
          <ns3:TrackPointExtension>
            <ns3:hr>152</ns3:hr>
            <ns3:cad>59</ns3:cad>
          </ns3:TrackPointExtension>
        </extensions>
      </trkpt>
      <trkpt lat="40.13552167452871799468994140625" lon="94.6535677649080753326416015625">
        <ele>1145.199951171875</ele>
        <time>2025-08-11T23:22:02.000Z</time>
        <extensions>
          <ns3:TrackPointExtension>
            <ns3:hr>151</ns3:hr>
            <ns3:cad>59</ns3:cad>
          </ns3:TrackPointExtension>
        </extensions>
      </trkpt>
      <trkpt lat="40.1355338282883167266845703125" lon="94.6535722911357879638671875">
        <ele>1145.199951171875</ele>
        <time>2025-08-11T23:22:03.000Z</time>
        <extensions>
          <ns3:TrackPointExtension>
            <ns3:hr>151</ns3:hr>
            <ns3:cad>59</ns3:cad>
          </ns3:TrackPointExtension>
        </extensions>
      </trkpt>
      <trkpt lat="40.1355458982288837432861328125" lon="94.65357405133545398712158203125">
        <ele>1145.199951171875</ele>
        <time>2025-08-11T23:22:04.000Z</time>
        <extensions>
          <ns3:TrackPointExtension>
            <ns3:hr>151</ns3:hr>
            <ns3:cad>59</ns3:cad>
          </ns3:TrackPointExtension>
        </extensions>
      </trkpt>
      <trkpt lat="40.13556224294006824493408203125" lon="94.65357874520123004913330078125">
        <ele>1145.199951171875</ele>
        <time>2025-08-11T23:22:05.000Z</time>
        <extensions>
          <ns3:TrackPointExtension>
            <ns3:hr>150</ns3:hr>
            <ns3:cad>59</ns3:cad>
          </ns3:TrackPointExtension>
        </extensions>
      </trkpt>
      <trkpt lat="40.13557548634707927703857421875" lon="94.6535858698189258575439453125">
        <ele>1145</ele>
        <time>2025-08-11T23:22:06.000Z</time>
        <extensions>
          <ns3:TrackPointExtension>
            <ns3:hr>150</ns3:hr>
            <ns3:cad>59</ns3:cad>
          </ns3:TrackPointExtension>
        </extensions>
      </trkpt>
      <trkpt lat="40.135585963726043701171875" lon="94.6535919047892093658447265625">
        <ele>1145</ele>
        <time>2025-08-11T23:22:07.000Z</time>
        <extensions>
          <ns3:TrackPointExtension>
            <ns3:hr>150</ns3:hr>
            <ns3:cad>59</ns3:cad>
          </ns3:TrackPointExtension>
        </extensions>
      </trkpt>
      <trkpt lat="40.1355965249240398406982421875" lon="94.65359919704496860504150390625">
        <ele>1144.800048828125</ele>
        <time>2025-08-11T23:22:08.000Z</time>
        <extensions>
          <ns3:TrackPointExtension>
            <ns3:hr>149</ns3:hr>
            <ns3:cad>59</ns3:cad>
          </ns3:TrackPointExtension>
        </extensions>
      </trkpt>
      <trkpt lat="40.13560633175075054168701171875" lon="94.65360640548169612884521484375">
        <ele>1144.5999755859375</ele>
        <time>2025-08-11T23:22:09.000Z</time>
        <extensions>
          <ns3:TrackPointExtension>
            <ns3:hr>149</ns3:hr>
            <ns3:cad>59</ns3:cad>
          </ns3:TrackPointExtension>
        </extensions>
      </trkpt>
      <trkpt lat="40.13561672531068325042724609375" lon="94.65361361391842365264892578125">
        <ele>1144.5999755859375</ele>
        <time>2025-08-11T23:22:10.000Z</time>
        <extensions>
          <ns3:TrackPointExtension>
            <ns3:hr>149</ns3:hr>
            <ns3:cad>59</ns3:cad>
          </ns3:TrackPointExtension>
        </extensions>
      </trkpt>
      <trkpt lat="40.13563047163188457489013671875" lon="94.65362451039254665374755859375">
        <ele>1144.4000244140625</ele>
        <time>2025-08-11T23:22:11.000Z</time>
        <extensions>
          <ns3:TrackPointExtension>
            <ns3:hr>150</ns3:hr>
            <ns3:cad>60</ns3:cad>
          </ns3:TrackPointExtension>
        </extensions>
      </trkpt>
      <trkpt lat="40.135641954839229583740234375" lon="94.65363490395247936248779296875">
        <ele>1144.4000244140625</ele>
        <time>2025-08-11T23:22:12.000Z</time>
        <extensions>
          <ns3:TrackPointExtension>
            <ns3:hr>149</ns3:hr>
            <ns3:cad>60</ns3:cad>
          </ns3:TrackPointExtension>
        </extensions>
      </trkpt>
      <trkpt lat="40.13565377332270145416259765625" lon="94.65364697389304637908935546875">
        <ele>1144.4000244140625</ele>
        <time>2025-08-11T23:22:13.000Z</time>
        <extensions>
          <ns3:TrackPointExtension>
            <ns3:hr>149</ns3:hr>
            <ns3:cad>61</ns3:cad>
          </ns3:TrackPointExtension>
        </extensions>
      </trkpt>
      <trkpt lat="40.1356662623584270477294921875" lon="94.65365820564329624176025390625">
        <ele>1144.199951171875</ele>
        <time>2025-08-11T23:22:14.000Z</time>
        <extensions>
          <ns3:TrackPointExtension>
            <ns3:hr>148</ns3:hr>
            <ns3:cad>61</ns3:cad>
          </ns3:TrackPointExtension>
        </extensions>
      </trkpt>
      <trkpt lat="40.13567774556577205657958984375" lon="94.65367044322192668914794921875">
        <ele>1144.199951171875</ele>
        <time>2025-08-11T23:22:15.000Z</time>
        <extensions>
          <ns3:TrackPointExtension>
            <ns3:hr>148</ns3:hr>
            <ns3:cad>0</ns3:cad>
          </ns3:TrackPointExtension>
        </extensions>
      </trkpt>
      <trkpt lat="40.1356883905827999114990234375" lon="94.65368284843862056732177734375">
        <ele>1144.199951171875</ele>
        <time>2025-08-11T23:22:16.000Z</time>
        <extensions>
          <ns3:TrackPointExtension>
            <ns3:hr>147</ns3:hr>
            <ns3:cad>0</ns3:cad>
          </ns3:TrackPointExtension>
        </extensions>
      </trkpt>
      <trkpt lat="40.13569333590567111968994140625" lon="94.6536867879331111907958984375">
        <ele>1144</ele>
        <time>2025-08-11T23:22:17.000Z</time>
        <extensions>
          <ns3:TrackPointExtension>
            <ns3:hr>147</ns3:hr>
            <ns3:cad>0</ns3:cad>
          </ns3:TrackPointExtension>
        </extensions>
      </trkpt>
      <trkpt lat="40.13569660484790802001953125" lon="94.6536904759705066680908203125">
        <ele>1143.800048828125</ele>
        <time>2025-08-11T23:22:18.000Z</time>
        <extensions>
          <ns3:TrackPointExtension>
            <ns3:hr>147</ns3:hr>
            <ns3:cad>60</ns3:cad>
          </ns3:TrackPointExtension>
        </extensions>
      </trkpt>
      <trkpt lat="40.13569618575274944305419921875" lon="94.65368972159922122955322265625">
        <ele>1143.4000244140625</ele>
        <time>2025-08-11T23:22:19.000Z</time>
        <extensions>
          <ns3:TrackPointExtension>
            <ns3:hr>147</ns3:hr>
            <ns3:cad>60</ns3:cad>
          </ns3:TrackPointExtension>
        </extensions>
      </trkpt>
      <trkpt lat="40.13569149188697338104248046875" lon="94.6536830998957157135009765625">
        <ele>1143.199951171875</ele>
        <time>2025-08-11T23:22:20.000Z</time>
        <extensions>
          <ns3:TrackPointExtension>
            <ns3:hr>146</ns3:hr>
            <ns3:cad>0</ns3:cad>
          </ns3:TrackPointExtension>
        </extensions>
      </trkpt>
      <trkpt lat="40.13567623682320117950439453125" lon="94.65367513708770275115966796875">
        <ele>1143.199951171875</ele>
        <time>2025-08-11T23:22:21.000Z</time>
        <extensions>
          <ns3:TrackPointExtension>
            <ns3:hr>145</ns3:hr>
            <ns3:cad>0</ns3:cad>
          </ns3:TrackPointExtension>
        </extensions>
      </trkpt>
      <trkpt lat="40.1356639154255390167236328125" lon="94.653665162622928619384765625">
        <ele>1143.4000244140625</ele>
        <time>2025-08-11T23:22:22.000Z</time>
        <extensions>
          <ns3:TrackPointExtension>
            <ns3:hr>144</ns3:hr>
            <ns3:cad>0</ns3:cad>
          </ns3:TrackPointExtension>
        </extensions>
      </trkpt>
      <trkpt lat="40.13565142638981342315673828125" lon="94.65365468524396419525146484375">
        <ele>1143.5999755859375</ele>
        <time>2025-08-11T23:22:23.000Z</time>
        <extensions>
          <ns3:TrackPointExtension>
            <ns3:hr>144</ns3:hr>
            <ns3:cad>0</ns3:cad>
          </ns3:TrackPointExtension>
        </extensions>
      </trkpt>
      <trkpt lat="40.1356407813727855682373046875" lon="94.65364697389304637908935546875">
        <ele>1143.800048828125</ele>
        <time>2025-08-11T23:22:24.000Z</time>
        <extensions>
          <ns3:TrackPointExtension>
            <ns3:hr>143</ns3:hr>
            <ns3:cad>0</ns3:cad>
          </ns3:TrackPointExtension>
        </extensions>
      </trkpt>
      <trkpt lat="40.1356367580592632293701171875" lon="94.6536448784172534942626953125">
        <ele>1144</ele>
        <time>2025-08-11T23:22:25.000Z</time>
        <extensions>
          <ns3:TrackPointExtension>
            <ns3:hr>144</ns3:hr>
            <ns3:cad>0</ns3:cad>
          </ns3:TrackPointExtension>
        </extensions>
      </trkpt>
      <trkpt lat="40.135642625391483306884765625" lon="94.65365485288202762603759765625">
        <ele>1144</ele>
        <time>2025-08-11T23:22:26.000Z</time>
        <extensions>
          <ns3:TrackPointExtension>
            <ns3:hr>144</ns3:hr>
            <ns3:cad>0</ns3:cad>
          </ns3:TrackPointExtension>
        </extensions>
      </trkpt>
      <trkpt lat="40.1356515102088451385498046875" lon="94.65367094613611698150634765625">
        <ele>1144</ele>
        <time>2025-08-11T23:22:27.000Z</time>
        <extensions>
          <ns3:TrackPointExtension>
            <ns3:hr>144</ns3:hr>
            <ns3:cad>0</ns3:cad>
          </ns3:TrackPointExtension>
        </extensions>
      </trkpt>
      <trkpt lat="40.135662741959095001220703125" lon="94.6536847762763500213623046875">
        <ele>1144</ele>
        <time>2025-08-11T23:22:28.000Z</time>
        <extensions>
          <ns3:TrackPointExtension>
            <ns3:hr>143</ns3:hr>
            <ns3:cad>0</ns3:cad>
          </ns3:TrackPointExtension>
        </extensions>
      </trkpt>
      <trkpt lat="40.13568679802119731903076171875" lon="94.6536795794963836669921875">
        <ele>1144</ele>
        <time>2025-08-11T23:22:29.000Z</time>
        <extensions>
          <ns3:TrackPointExtension>
            <ns3:hr>143</ns3:hr>
            <ns3:cad>0</ns3:cad>
          </ns3:TrackPointExtension>
        </extensions>
      </trkpt>
      <trkpt lat="40.13569082133471965789794921875" lon="94.65366926975548267364501953125">
        <ele>1144.199951171875</ele>
        <time>2025-08-11T23:22:30.000Z</time>
        <extensions>
          <ns3:TrackPointExtension>
            <ns3:hr>143</ns3:hr>
            <ns3:cad>0</ns3:cad>
          </ns3:TrackPointExtension>
        </extensions>
      </trkpt>
      <trkpt lat="40.13568595983088016510009765625" lon="94.6536663360893726348876953125">
        <ele>1144.199951171875</ele>
        <time>2025-08-11T23:22:31.000Z</time>
        <extensions>
          <ns3:TrackPointExtension>
            <ns3:hr>142</ns3:hr>
            <ns3:cad>77</ns3:cad>
          </ns3:TrackPointExtension>
        </extensions>
      </trkpt>
      <trkpt lat="40.13567925430834293365478515625" lon="94.653667509555816650390625">
        <ele>1144.4000244140625</ele>
        <time>2025-08-11T23:22:32.000Z</time>
        <extensions>
          <ns3:TrackPointExtension>
            <ns3:hr>142</ns3:hr>
            <ns3:cad>77</ns3:cad>
          </ns3:TrackPointExtension>
        </extensions>
      </trkpt>
      <trkpt lat="40.1356692798435688018798828125" lon="94.65366893447935581207275390625">
        <ele>1144.5999755859375</ele>
        <time>2025-08-11T23:22:33.000Z</time>
        <extensions>
          <ns3:TrackPointExtension>
            <ns3:hr>142</ns3:hr>
            <ns3:cad>77</ns3:cad>
          </ns3:TrackPointExtension>
        </extensions>
      </trkpt>
      <trkpt lat="40.13565746136009693145751953125" lon="94.65367027558386325836181640625">
        <ele>1144.5999755859375</ele>
        <time>2025-08-11T23:22:34.000Z</time>
        <extensions>
          <ns3:TrackPointExtension>
            <ns3:hr>141</ns3:hr>
            <ns3:cad>77</ns3:cad>
          </ns3:TrackPointExtension>
        </extensions>
      </trkpt>
      <trkpt lat="40.1356515102088451385498046875" lon="94.6536688506603240966796875">
        <ele>1144.5999755859375</ele>
        <time>2025-08-11T23:22:35.000Z</time>
        <extensions>
          <ns3:TrackPointExtension>
            <ns3:hr>141</ns3:hr>
            <ns3:cad>77</ns3:cad>
          </ns3:TrackPointExtension>
        </extensions>
      </trkpt>
      <trkpt lat="40.13564891181886196136474609375" lon="94.65366507880389690399169921875">
        <ele>1144.5999755859375</ele>
        <time>2025-08-11T23:22:36.000Z</time>
        <extensions>
          <ns3:TrackPointExtension>
            <ns3:hr>141</ns3:hr>
            <ns3:cad>77</ns3:cad>
          </ns3:TrackPointExtension>
        </extensions>
      </trkpt>
      <trkpt lat="40.1356568746268749237060546875" lon="94.65365686453878879547119140625">
        <ele>1144.4000244140625</ele>
        <time>2025-08-11T23:22:37.000Z</time>
        <extensions>
          <ns3:TrackPointExtension>
            <ns3:hr>140</ns3:hr>
            <ns3:cad>77</ns3:cad>
          </ns3:TrackPointExtension>
        </extensions>
      </trkpt>
      <trkpt lat="40.13567254878580570220947265625" lon="94.65365066193044185638427734375">
        <ele>1144.199951171875</ele>
        <time>2025-08-11T23:22:38.000Z</time>
        <extensions>
          <ns3:TrackPointExtension>
            <ns3:hr>140</ns3:hr>
            <ns3:cad>77</ns3:cad>
          </ns3:TrackPointExtension>
        </extensions>
      </trkpt>
      <trkpt lat="40.13568847440183162689208984375" lon="94.6536475606262683868408203125">
        <ele>1144.199951171875</ele>
        <time>2025-08-11T23:22:39.000Z</time>
        <extensions>
          <ns3:TrackPointExtension>
            <ns3:hr>140</ns3:hr>
            <ns3:cad>60</ns3:cad>
          </ns3:TrackPointExtension>
        </extensions>
      </trkpt>
      <trkpt lat="40.1357081718742847442626953125" lon="94.6536552719771862030029296875">
        <ele>1144.199951171875</ele>
        <time>2025-08-11T23:22:40.000Z</time>
        <extensions>
          <ns3:TrackPointExtension>
            <ns3:hr>140</ns3:hr>
            <ns3:cad>0</ns3:cad>
          </ns3:TrackPointExtension>
        </extensions>
      </trkpt>
      <trkpt lat="40.13573004864156246185302734375" lon="94.653667509555816650390625">
        <ele>1144.199951171875</ele>
        <time>2025-08-11T23:22:41.000Z</time>
        <extensions>
          <ns3:TrackPointExtension>
            <ns3:hr>141</ns3:hr>
            <ns3:cad>0</ns3:cad>
          </ns3:TrackPointExtension>
        </extensions>
      </trkpt>
      <trkpt lat="40.13574890792369842529296875" lon="94.65369701385498046875">
        <ele>1144.199951171875</ele>
        <time>2025-08-11T23:22:42.000Z</time>
        <extensions>
          <ns3:TrackPointExtension>
            <ns3:hr>141</ns3:hr>
            <ns3:cad>0</ns3:cad>
          </ns3:TrackPointExtension>
        </extensions>
      </trkpt>
      <trkpt lat="40.1357681863009929656982421875" lon="94.65371469967067241668701171875">
        <ele>1144.199951171875</ele>
        <time>2025-08-11T23:22:43.000Z</time>
        <extensions>
          <ns3:TrackPointExtension>
            <ns3:hr>140</ns3:hr>
            <ns3:cad>44</ns3:cad>
          </ns3:TrackPointExtension>
        </extensions>
      </trkpt>
      <trkpt lat="40.13579525984823703765869140625" lon="94.6537236683070659637451171875">
        <ele>1144.199951171875</ele>
        <time>2025-08-11T23:22:44.000Z</time>
        <extensions>
          <ns3:TrackPointExtension>
            <ns3:hr>140</ns3:hr>
            <ns3:cad>83</ns3:cad>
          </ns3:TrackPointExtension>
        </extensions>
      </trkpt>
      <trkpt lat="40.135822333395481109619140625" lon="94.653726182878017425537109375">
        <ele>1144</ele>
        <time>2025-08-11T23:22:45.000Z</time>
        <extensions>
          <ns3:TrackPointExtension>
            <ns3:hr>140</ns3:hr>
            <ns3:cad>86</ns3:cad>
          </ns3:TrackPointExtension>
        </extensions>
      </trkpt>
      <trkpt lat="40.13584990985691547393798828125" lon="94.65372911654412746429443359375">
        <ele>1144</ele>
        <time>2025-08-11T23:22:46.000Z</time>
        <extensions>
          <ns3:TrackPointExtension>
            <ns3:hr>140</ns3:hr>
            <ns3:cad>87</ns3:cad>
          </ns3:TrackPointExtension>
        </extensions>
      </trkpt>
      <trkpt lat="40.13587757013738155364990234375" lon="94.65373397804796695709228515625">
        <ele>1144</ele>
        <time>2025-08-11T23:22:47.000Z</time>
        <extensions>
          <ns3:TrackPointExtension>
            <ns3:hr>140</ns3:hr>
            <ns3:cad>87</ns3:cad>
          </ns3:TrackPointExtension>
        </extensions>
      </trkpt>
      <trkpt lat="40.1359049789607524871826171875" lon="94.6537394262850284576416015625">
        <ele>1143.800048828125</ele>
        <time>2025-08-11T23:22:48.000Z</time>
        <extensions>
          <ns3:TrackPointExtension>
            <ns3:hr>140</ns3:hr>
            <ns3:cad>87</ns3:cad>
          </ns3:TrackPointExtension>
        </extensions>
      </trkpt>
      <trkpt lat="40.13593674637377262115478515625" lon="94.65374219231307506561279296875">
        <ele>1143.800048828125</ele>
        <time>2025-08-11T23:22:49.000Z</time>
        <extensions>
          <ns3:TrackPointExtension>
            <ns3:hr>141</ns3:hr>
            <ns3:cad>88</ns3:cad>
          </ns3:TrackPointExtension>
        </extensions>
      </trkpt>
      <trkpt lat="40.1359646581113338470458984375" lon="94.653743617236614227294921875">
        <ele>1143.5999755859375</ele>
        <time>2025-08-11T23:22:50.000Z</time>
        <extensions>
          <ns3:TrackPointExtension>
            <ns3:hr>141</ns3:hr>
            <ns3:cad>88</ns3:cad>
          </ns3:TrackPointExtension>
        </extensions>
      </trkpt>
      <trkpt lat="40.1359938271343708038330078125" lon="94.6537437848746776580810546875">
        <ele>1143.4000244140625</ele>
        <time>2025-08-11T23:22:51.000Z</time>
        <extensions>
          <ns3:TrackPointExtension>
            <ns3:hr>142</ns3:hr>
            <ns3:cad>88</ns3:cad>
          </ns3:TrackPointExtension>
        </extensions>
      </trkpt>
      <trkpt lat="40.136018134653568267822265625" lon="94.65373079292476177215576171875">
        <ele>1143.4000244140625</ele>
        <time>2025-08-11T23:22:52.000Z</time>
        <extensions>
          <ns3:TrackPointExtension>
            <ns3:hr>142</ns3:hr>
            <ns3:cad>88</ns3:cad>
          </ns3:TrackPointExtension>
        </extensions>
      </trkpt>
      <trkpt lat="40.1360354013741016387939453125" lon="94.6537035517394542694091796875">
        <ele>1143.199951171875</ele>
        <time>2025-08-11T23:22:53.000Z</time>
        <extensions>
          <ns3:TrackPointExtension>
            <ns3:hr>143</ns3:hr>
            <ns3:cad>88</ns3:cad>
          </ns3:TrackPointExtension>
        </extensions>
      </trkpt>
      <trkpt lat="40.13604587875306606292724609375" lon="94.65367429889738559722900390625">
        <ele>1143.199951171875</ele>
        <time>2025-08-11T23:22:54.000Z</time>
        <extensions>
          <ns3:TrackPointExtension>
            <ns3:hr>143</ns3:hr>
            <ns3:cad>87</ns3:cad>
          </ns3:TrackPointExtension>
        </extensions>
      </trkpt>
      <trkpt lat="40.13605107553303241729736328125" lon="94.6536364965140819549560546875">
        <ele>1143</ele>
        <time>2025-08-11T23:22:55.000Z</time>
        <extensions>
          <ns3:TrackPointExtension>
            <ns3:hr>144</ns3:hr>
            <ns3:cad>87</ns3:cad>
          </ns3:TrackPointExtension>
        </extensions>
      </trkpt>
      <trkpt lat="40.1360521651804447174072265625" lon="94.65360380709171295166015625">
        <ele>1143</ele>
        <time>2025-08-11T23:22:56.000Z</time>
        <extensions>
          <ns3:TrackPointExtension>
            <ns3:hr>145</ns3:hr>
            <ns3:cad>87</ns3:cad>
          </ns3:TrackPointExtension>
        </extensions>
      </trkpt>
      <trkpt lat="40.13605627231299877166748046875" lon="94.653570614755153656005859375">
        <ele>1143</ele>
        <time>2025-08-11T23:22:57.000Z</time>
        <extensions>
          <ns3:TrackPointExtension>
            <ns3:hr>145</ns3:hr>
            <ns3:cad>87</ns3:cad>
          </ns3:TrackPointExtension>
        </extensions>
      </trkpt>
      <trkpt lat="40.1360582001507282257080078125" lon="94.65354521758854389190673828125">
        <ele>1143</ele>
        <time>2025-08-11T23:22:58.000Z</time>
        <extensions>
          <ns3:TrackPointExtension>
            <ns3:hr>146</ns3:hr>
            <ns3:cad>87</ns3:cad>
          </ns3:TrackPointExtension>
        </extensions>
      </trkpt>
      <trkpt lat="40.13606607913970947265625" lon="94.65351303108036518096923828125">
        <ele>1142.800048828125</ele>
        <time>2025-08-11T23:22:59.000Z</time>
        <extensions>
          <ns3:TrackPointExtension>
            <ns3:hr>146</ns3:hr>
            <ns3:cad>87</ns3:cad>
          </ns3:TrackPointExtension>
        </extensions>
      </trkpt>
      <trkpt lat="40.136078484356403350830078125" lon="94.6534909866750240325927734375">
        <ele>1142.800048828125</ele>
        <time>2025-08-11T23:23:00.000Z</time>
        <extensions>
          <ns3:TrackPointExtension>
            <ns3:hr>146</ns3:hr>
            <ns3:cad>88</ns3:cad>
          </ns3:TrackPointExtension>
        </extensions>
      </trkpt>
      <trkpt lat="40.13609826564788818359375" lon="94.65347707271575927734375">
        <ele>1143</ele>
        <time>2025-08-11T23:23:01.000Z</time>
        <extensions>
          <ns3:TrackPointExtension>
            <ns3:hr>146</ns3:hr>
            <ns3:cad>88</ns3:cad>
          </ns3:TrackPointExtension>
        </extensions>
      </trkpt>
      <trkpt lat="40.13613070361316204071044921875" lon="94.65347983874380588531494140625">
        <ele>1143.199951171875</ele>
        <time>2025-08-11T23:23:02.000Z</time>
        <extensions>
          <ns3:TrackPointExtension>
            <ns3:hr>147</ns3:hr>
            <ns3:cad>87</ns3:cad>
          </ns3:TrackPointExtension>
        </extensions>
      </trkpt>
      <trkpt lat="40.1361559331417083740234375" lon="94.65348168276250362396240234375">
        <ele>1143.4000244140625</ele>
        <time>2025-08-11T23:23:03.000Z</time>
        <extensions>
          <ns3:TrackPointExtension>
            <ns3:hr>147</ns3:hr>
            <ns3:cad>87</ns3:cad>
          </ns3:TrackPointExtension>
        </extensions>
      </trkpt>
      <trkpt lat="40.13618485070765018463134765625" lon="94.6534826047718524932861328125">
        <ele>1143.800048828125</ele>
        <time>2025-08-11T23:23:04.000Z</time>
        <extensions>
          <ns3:TrackPointExtension>
            <ns3:hr>147</ns3:hr>
            <ns3:cad>85</ns3:cad>
          </ns3:TrackPointExtension>
        </extensions>
      </trkpt>
      <trkpt lat="40.13620815239846706390380859375" lon="94.65347380377352237701416015625">
        <ele>1144</ele>
        <time>2025-08-11T23:23:05.000Z</time>
        <extensions>
          <ns3:TrackPointExtension>
            <ns3:hr>147</ns3:hr>
            <ns3:cad>83</ns3:cad>
          </ns3:TrackPointExtension>
        </extensions>
      </trkpt>
      <trkpt lat="40.1362390816211700439453125" lon="94.653469026088714599609375">
        <ele>1144.199951171875</ele>
        <time>2025-08-11T23:23:06.000Z</time>
        <extensions>
          <ns3:TrackPointExtension>
            <ns3:hr>147</ns3:hr>
            <ns3:cad>83</ns3:cad>
          </ns3:TrackPointExtension>
        </extensions>
      </trkpt>
      <trkpt lat="40.1362632215023040771484375" lon="94.6534655056893825531005859375">
        <ele>1144.199951171875</ele>
        <time>2025-08-11T23:23:07.000Z</time>
        <extensions>
          <ns3:TrackPointExtension>
            <ns3:hr>147</ns3:hr>
            <ns3:cad>85</ns3:cad>
          </ns3:TrackPointExtension>
        </extensions>
      </trkpt>
      <trkpt lat="40.13629138469696044921875" lon="94.6534641645848751068115234375">
        <ele>1144.199951171875</ele>
        <time>2025-08-11T23:23:08.000Z</time>
        <extensions>
          <ns3:TrackPointExtension>
            <ns3:hr>147</ns3:hr>
            <ns3:cad>86</ns3:cad>
          </ns3:TrackPointExtension>
        </extensions>
      </trkpt>
      <trkpt lat="40.1363130100071430206298828125" lon="94.6534621529281139373779296875">
        <ele>1144.199951171875</ele>
        <time>2025-08-11T23:23:09.000Z</time>
        <extensions>
          <ns3:TrackPointExtension>
            <ns3:hr>147</ns3:hr>
            <ns3:cad>88</ns3:cad>
          </ns3:TrackPointExtension>
        </extensions>
      </trkpt>
      <trkpt lat="40.13633941300213336944580078125" lon="94.653461314737796783447265625">
        <ele>1144.199951171875</ele>
        <time>2025-08-11T23:23:10.000Z</time>
        <extensions>
          <ns3:TrackPointExtension>
            <ns3:hr>147</ns3:hr>
            <ns3:cad>88</ns3:cad>
          </ns3:TrackPointExtension>
        </extensions>
      </trkpt>
      <trkpt lat="40.13636673800647258758544921875" lon="94.65346626006066799163818359375">
        <ele>1144.199951171875</ele>
        <time>2025-08-11T23:23:11.000Z</time>
        <extensions>
          <ns3:TrackPointExtension>
            <ns3:hr>147</ns3:hr>
            <ns3:cad>88</ns3:cad>
          </ns3:TrackPointExtension>
        </extensions>
      </trkpt>
      <trkpt lat="40.1363934762775897979736328125" lon="94.65346299111843109130859375">
        <ele>1144.4000244140625</ele>
        <time>2025-08-11T23:23:12.000Z</time>
        <extensions>
          <ns3:TrackPointExtension>
            <ns3:hr>148</ns3:hr>
            <ns3:cad>88</ns3:cad>
          </ns3:TrackPointExtension>
        </extensions>
      </trkpt>
      <trkpt lat="40.1364182867109775543212890625" lon="94.65346307493746280670166015625">
        <ele>1144.4000244140625</ele>
        <time>2025-08-11T23:23:13.000Z</time>
        <extensions>
          <ns3:TrackPointExtension>
            <ns3:hr>148</ns3:hr>
            <ns3:cad>88</ns3:cad>
          </ns3:TrackPointExtension>
        </extensions>
      </trkpt>
      <trkpt lat="40.136445276439189910888671875" lon="94.6534618176519870758056640625">
        <ele>1144.4000244140625</ele>
        <time>2025-08-11T23:23:14.000Z</time>
        <extensions>
          <ns3:TrackPointExtension>
            <ns3:hr>148</ns3:hr>
            <ns3:cad>88</ns3:cad>
          </ns3:TrackPointExtension>
        </extensions>
      </trkpt>
      <trkpt lat="40.136468410491943359375" lon="94.6534594707190990447998046875">
        <ele>1144.4000244140625</ele>
        <time>2025-08-11T23:23:15.000Z</time>
        <extensions>
          <ns3:TrackPointExtension>
            <ns3:hr>148</ns3:hr>
            <ns3:cad>88</ns3:cad>
          </ns3:TrackPointExtension>
        </extensions>
      </trkpt>
      <trkpt lat="40.13649095781147480010986328125" lon="94.653458297252655029296875">
        <ele>1144.4000244140625</ele>
        <time>2025-08-11T23:23:16.000Z</time>
        <extensions>
          <ns3:TrackPointExtension>
            <ns3:hr>148</ns3:hr>
            <ns3:cad>88</ns3:cad>
          </ns3:TrackPointExtension>
        </extensions>
      </trkpt>
      <trkpt lat="40.136508978903293609619140625" lon="94.6534564532339572906494140625">
        <ele>1144.199951171875</ele>
        <time>2025-08-11T23:23:17.000Z</time>
        <extensions>
          <ns3:TrackPointExtension>
            <ns3:hr>148</ns3:hr>
            <ns3:cad>89</ns3:cad>
          </ns3:TrackPointExtension>
        </extensions>
      </trkpt>
      <trkpt lat="40.13652482070028781890869140625" lon="94.65345670469105243682861328125">
        <ele>1144.199951171875</ele>
        <time>2025-08-11T23:23:18.000Z</time>
        <extensions>
          <ns3:TrackPointExtension>
            <ns3:hr>149</ns3:hr>
            <ns3:cad>89</ns3:cad>
          </ns3:TrackPointExtension>
        </extensions>
      </trkpt>
      <trkpt lat="40.13653504662215709686279296875" lon="94.65345536358654499053955078125">
        <ele>1144</ele>
        <time>2025-08-11T23:23:19.000Z</time>
        <extensions>
          <ns3:TrackPointExtension>
            <ns3:hr>149</ns3:hr>
            <ns3:cad>88</ns3:cad>
          </ns3:TrackPointExtension>
        </extensions>
      </trkpt>
      <trkpt lat="40.1365436799824237823486328125" lon="94.653452932834625244140625">
        <ele>1144</ele>
        <time>2025-08-11T23:23:20.000Z</time>
        <extensions>
          <ns3:TrackPointExtension>
            <ns3:hr>149</ns3:hr>
            <ns3:cad>88</ns3:cad>
          </ns3:TrackPointExtension>
        </extensions>
      </trkpt>
      <trkpt lat="40.1365527324378490447998046875" lon="94.65344865806400775909423828125">
        <ele>1144</ele>
        <time>2025-08-11T23:23:21.000Z</time>
        <extensions>
          <ns3:TrackPointExtension>
            <ns3:hr>149</ns3:hr>
            <ns3:cad>89</ns3:cad>
          </ns3:TrackPointExtension>
        </extensions>
      </trkpt>
      <trkpt lat="40.1365597732365131378173828125" lon="94.65344832278788089752197265625">
        <ele>1144</ele>
        <time>2025-08-11T23:23:22.000Z</time>
        <extensions>
          <ns3:TrackPointExtension>
            <ns3:hr>149</ns3:hr>
            <ns3:cad>93</ns3:cad>
          </ns3:TrackPointExtension>
        </extensions>
      </trkpt>
      <trkpt lat="40.136556923389434814453125" lon="94.65345402248203754425048828125">
        <ele>1144</ele>
        <time>2025-08-11T23:23:23.000Z</time>
        <extensions>
          <ns3:TrackPointExtension>
            <ns3:hr>149</ns3:hr>
            <ns3:cad>93</ns3:cad>
          </ns3:TrackPointExtension>
        </extensions>
      </trkpt>
      <trkpt lat="40.13655231334269046783447265625" lon="94.653457961976528167724609375">
        <ele>1144</ele>
        <time>2025-08-11T23:23:24.000Z</time>
        <extensions>
          <ns3:TrackPointExtension>
            <ns3:hr>150</ns3:hr>
            <ns3:cad>93</ns3:cad>
          </ns3:TrackPointExtension>
        </extensions>
      </trkpt>
      <trkpt lat="40.1365544088184833526611328125" lon="94.65346106328070163726806640625">
        <ele>1143.800048828125</ele>
        <time>2025-08-11T23:23:25.000Z</time>
        <extensions>
          <ns3:TrackPointExtension>
            <ns3:hr>150</ns3:hr>
            <ns3:cad>50</ns3:cad>
          </ns3:TrackPointExtension>
        </extensions>
      </trkpt>
      <trkpt lat="40.13655625283718109130859375" lon="94.65345754288136959075927734375">
        <ele>1143.800048828125</ele>
        <time>2025-08-11T23:23:26.000Z</time>
        <extensions>
          <ns3:TrackPointExtension>
            <ns3:hr>150</ns3:hr>
            <ns3:cad>0</ns3:cad>
          </ns3:TrackPointExtension>
        </extensions>
      </trkpt>
      <trkpt lat="40.1365617848932743072509765625" lon="94.6534500829875469207763671875">
        <ele>1143.800048828125</ele>
        <time>2025-08-11T23:23:27.000Z</time>
        <extensions>
          <ns3:TrackPointExtension>
            <ns3:hr>151</ns3:hr>
            <ns3:cad>0</ns3:cad>
          </ns3:TrackPointExtension>
        </extensions>
      </trkpt>
      <trkpt lat="40.13657762669026851654052734375" lon="94.65344463475048542022705078125">
        <ele>1143.800048828125</ele>
        <time>2025-08-11T23:23:28.000Z</time>
        <extensions>
          <ns3:TrackPointExtension>
            <ns3:hr>152</ns3:hr>
            <ns3:cad>0</ns3:cad>
          </ns3:TrackPointExtension>
        </extensions>
      </trkpt>
      <trkpt lat="40.1366073824465274810791015625" lon="94.65344362892210483551025390625">
        <ele>1143.800048828125</ele>
        <time>2025-08-11T23:23:29.000Z</time>
        <extensions>
          <ns3:TrackPointExtension>
            <ns3:hr>153</ns3:hr>
            <ns3:cad>0</ns3:cad>
          </ns3:TrackPointExtension>
        </extensions>
      </trkpt>
      <trkpt lat="40.13663210906088352203369140625" lon="94.653442539274692535400390625">
        <ele>1143.800048828125</ele>
        <time>2025-08-11T23:23:30.000Z</time>
        <extensions>
          <ns3:TrackPointExtension>
            <ns3:hr>154</ns3:hr>
            <ns3:cad>0</ns3:cad>
          </ns3:TrackPointExtension>
        </extensions>
      </trkpt>
      <trkpt lat="40.13665809296071529388427734375" lon="94.65344362892210483551025390625">
        <ele>1144</ele>
        <time>2025-08-11T23:23:31.000Z</time>
        <extensions>
          <ns3:TrackPointExtension>
            <ns3:hr>155</ns3:hr>
            <ns3:cad>0</ns3:cad>
          </ns3:TrackPointExtension>
        </extensions>
      </trkpt>
      <trkpt lat="40.136683993041515350341796875" lon="94.65344580821692943572998046875">
        <ele>1144</ele>
        <time>2025-08-11T23:23:32.000Z</time>
        <extensions>
          <ns3:TrackPointExtension>
            <ns3:hr>155</ns3:hr>
            <ns3:cad>0</ns3:cad>
          </ns3:TrackPointExtension>
        </extensions>
      </trkpt>
      <trkpt lat="40.13670721091330051422119140625" lon="94.65344823896884918212890625">
        <ele>1144.199951171875</ele>
        <time>2025-08-11T23:23:33.000Z</time>
        <extensions>
          <ns3:TrackPointExtension>
            <ns3:hr>155</ns3:hr>
            <ns3:cad>85</ns3:cad>
          </ns3:TrackPointExtension>
        </extensions>
      </trkpt>
      <trkpt lat="40.13673168607056140899658203125" lon="94.65345251373946666717529296875">
        <ele>1144.199951171875</ele>
        <time>2025-08-11T23:23:34.000Z</time>
        <extensions>
          <ns3:TrackPointExtension>
            <ns3:hr>155</ns3:hr>
            <ns3:cad>85</ns3:cad>
          </ns3:TrackPointExtension>
        </extensions>
      </trkpt>
      <trkpt lat="40.13675683178007602691650390625" lon="94.65345335192978382110595703125">
        <ele>1144</ele>
        <time>2025-08-11T23:23:35.000Z</time>
        <extensions>
          <ns3:TrackPointExtension>
            <ns3:hr>155</ns3:hr>
            <ns3:cad>85</ns3:cad>
          </ns3:TrackPointExtension>
        </extensions>
      </trkpt>
      <trkpt lat="40.1367864198982715606689453125" lon="94.6534596383571624755859375">
        <ele>1144</ele>
        <time>2025-08-11T23:23:36.000Z</time>
        <extensions>
          <ns3:TrackPointExtension>
            <ns3:hr>154</ns3:hr>
            <ns3:cad>86</ns3:cad>
          </ns3:TrackPointExtension>
        </extensions>
      </trkpt>
      <trkpt lat="40.1368108950555324554443359375" lon="94.653456620872020721435546875">
        <ele>1144</ele>
        <time>2025-08-11T23:23:37.000Z</time>
        <extensions>
          <ns3:TrackPointExtension>
            <ns3:hr>154</ns3:hr>
            <ns3:cad>87</ns3:cad>
          </ns3:TrackPointExtension>
        </extensions>
      </trkpt>
      <trkpt lat="40.136841237545013427734375" lon="94.65346341021358966827392578125">
        <ele>1143.800048828125</ele>
        <time>2025-08-11T23:23:38.000Z</time>
        <extensions>
          <ns3:TrackPointExtension>
            <ns3:hr>154</ns3:hr>
            <ns3:cad>87</ns3:cad>
          </ns3:TrackPointExtension>
        </extensions>
      </trkpt>
      <trkpt lat="40.13686395250260829925537109375" lon="94.653460644185543060302734375">
        <ele>1143.800048828125</ele>
        <time>2025-08-11T23:23:39.000Z</time>
        <extensions>
          <ns3:TrackPointExtension>
            <ns3:hr>154</ns3:hr>
            <ns3:cad>87</ns3:cad>
          </ns3:TrackPointExtension>
        </extensions>
      </trkpt>
      <trkpt lat="40.13689513318240642547607421875" lon="94.6534648351371288299560546875">
        <ele>1143.800048828125</ele>
        <time>2025-08-11T23:23:40.000Z</time>
        <extensions>
          <ns3:TrackPointExtension>
            <ns3:hr>155</ns3:hr>
            <ns3:cad>87</ns3:cad>
          </ns3:TrackPointExtension>
        </extensions>
      </trkpt>
      <trkpt lat="40.1369238831102848052978515625" lon="94.6534651704132556915283203125">
        <ele>1143.5999755859375</ele>
        <time>2025-08-11T23:23:41.000Z</time>
        <extensions>
          <ns3:TrackPointExtension>
            <ns3:hr>155</ns3:hr>
            <ns3:cad>88</ns3:cad>
          </ns3:TrackPointExtension>
        </extensions>
      </trkpt>
      <trkpt lat="40.136954896152019500732421875" lon="94.65347371995449066162109375">
        <ele>1143.5999755859375</ele>
        <time>2025-08-11T23:23:42.000Z</time>
        <extensions>
          <ns3:TrackPointExtension>
            <ns3:hr>155</ns3:hr>
            <ns3:cad>88</ns3:cad>
          </ns3:TrackPointExtension>
        </extensions>
      </trkpt>
      <trkpt lat="40.1369788683950901031494140625" lon="94.65347497723996639251708984375">
        <ele>1143.5999755859375</ele>
        <time>2025-08-11T23:23:43.000Z</time>
        <extensions>
          <ns3:TrackPointExtension>
            <ns3:hr>155</ns3:hr>
            <ns3:cad>88</ns3:cad>
          </ns3:TrackPointExtension>
        </extensions>
      </trkpt>
      <trkpt lat="40.1370150782167911529541015625" lon="94.653476737439632415771484375">
        <ele>1143.5999755859375</ele>
        <time>2025-08-11T23:23:44.000Z</time>
        <extensions>
          <ns3:TrackPointExtension>
            <ns3:hr>155</ns3:hr>
            <ns3:cad>88</ns3:cad>
          </ns3:TrackPointExtension>
        </extensions>
      </trkpt>
      <trkpt lat="40.1370385475456714630126953125" lon="94.65347799472510814666748046875">
        <ele>1143.5999755859375</ele>
        <time>2025-08-11T23:23:45.000Z</time>
        <extensions>
          <ns3:TrackPointExtension>
            <ns3:hr>156</ns3:hr>
            <ns3:cad>88</ns3:cad>
          </ns3:TrackPointExtension>
        </extensions>
      </trkpt>
      <trkpt lat="40.137069560587406158447265625" lon="94.65347983874380588531494140625">
        <ele>1143.4000244140625</ele>
        <time>2025-08-11T23:23:46.000Z</time>
        <extensions>
          <ns3:TrackPointExtension>
            <ns3:hr>156</ns3:hr>
            <ns3:cad>88</ns3:cad>
          </ns3:TrackPointExtension>
        </extensions>
      </trkpt>
      <trkpt lat="40.13709160499274730682373046875" lon="94.653479754924774169921875">
        <ele>1143.4000244140625</ele>
        <time>2025-08-11T23:23:47.000Z</time>
        <extensions>
          <ns3:TrackPointExtension>
            <ns3:hr>156</ns3:hr>
            <ns3:cad>88</ns3:cad>
          </ns3:TrackPointExtension>
        </extensions>
      </trkpt>
      <trkpt lat="40.13711750507354736328125" lon="94.6534812636673450469970703125">
        <ele>1143.4000244140625</ele>
        <time>2025-08-11T23:23:48.000Z</time>
        <extensions>
          <ns3:TrackPointExtension>
            <ns3:hr>156</ns3:hr>
            <ns3:cad>88</ns3:cad>
          </ns3:TrackPointExtension>
        </extensions>
      </trkpt>
      <trkpt lat="40.13714223168790340423583984375" lon="94.65348453260958194732666015625">
        <ele>1143.4000244140625</ele>
        <time>2025-08-11T23:23:49.000Z</time>
        <extensions>
          <ns3:TrackPointExtension>
            <ns3:hr>156</ns3:hr>
            <ns3:cad>88</ns3:cad>
          </ns3:TrackPointExtension>
        </extensions>
      </trkpt>
      <trkpt lat="40.13716553337872028350830078125" lon="94.65348252095282077789306640625">
        <ele>1143.4000244140625</ele>
        <time>2025-08-11T23:23:50.000Z</time>
        <extensions>
          <ns3:TrackPointExtension>
            <ns3:hr>157</ns3:hr>
            <ns3:cad>88</ns3:cad>
          </ns3:TrackPointExtension>
        </extensions>
      </trkpt>
      <trkpt lat="40.1371910981833934783935546875" lon="94.65348503552377223968505859375">
        <ele>1143.4000244140625</ele>
        <time>2025-08-11T23:23:51.000Z</time>
        <extensions>
          <ns3:TrackPointExtension>
            <ns3:hr>157</ns3:hr>
            <ns3:cad>88</ns3:cad>
          </ns3:TrackPointExtension>
        </extensions>
      </trkpt>
      <trkpt lat="40.13721548952162265777587890625" lon="94.6534824371337890625">
        <ele>1143.4000244140625</ele>
        <time>2025-08-11T23:23:52.000Z</time>
        <extensions>
          <ns3:TrackPointExtension>
            <ns3:hr>157</ns3:hr>
            <ns3:cad>88</ns3:cad>
          </ns3:TrackPointExtension>
        </extensions>
      </trkpt>
      <trkpt lat="40.13724365271627902984619140625" lon="94.653482101857662200927734375">
        <ele>1143.5999755859375</ele>
        <time>2025-08-11T23:23:53.000Z</time>
        <extensions>
          <ns3:TrackPointExtension>
            <ns3:hr>157</ns3:hr>
            <ns3:cad>88</ns3:cad>
          </ns3:TrackPointExtension>
        </extensions>
      </trkpt>
      <trkpt lat="40.13726829551160335540771484375" lon="94.65347531251609325408935546875">
        <ele>1143.4000244140625</ele>
        <time>2025-08-11T23:23:54.000Z</time>
        <extensions>
          <ns3:TrackPointExtension>
            <ns3:hr>157</ns3:hr>
            <ns3:cad>88</ns3:cad>
          </ns3:TrackPointExtension>
        </extensions>
      </trkpt>
      <trkpt lat="40.13729645870625972747802734375" lon="94.65347782708704471588134765625">
        <ele>1143.5999755859375</ele>
        <time>2025-08-11T23:23:55.000Z</time>
        <extensions>
          <ns3:TrackPointExtension>
            <ns3:hr>158</ns3:hr>
            <ns3:cad>88</ns3:cad>
          </ns3:TrackPointExtension>
        </extensions>
      </trkpt>
      <trkpt lat="40.1373208500444889068603515625" lon="94.653470031917095184326171875">
        <ele>1143.5999755859375</ele>
        <time>2025-08-11T23:23:56.000Z</time>
        <extensions>
          <ns3:TrackPointExtension>
            <ns3:hr>158</ns3:hr>
            <ns3:cad>88</ns3:cad>
          </ns3:TrackPointExtension>
        </extensions>
      </trkpt>
      <trkpt lat="40.13735228218138217926025390625" lon="94.65347648598253726959228515625">
        <ele>1143.5999755859375</ele>
        <time>2025-08-11T23:23:57.000Z</time>
        <extensions>
          <ns3:TrackPointExtension>
            <ns3:hr>158</ns3:hr>
            <ns3:cad>88</ns3:cad>
          </ns3:TrackPointExtension>
        </extensions>
      </trkpt>
      <trkpt lat="40.13737834990024566650390625" lon="94.6534730494022369384765625">
        <ele>1143.5999755859375</ele>
        <time>2025-08-11T23:23:58.000Z</time>
        <extensions>
          <ns3:TrackPointExtension>
            <ns3:hr>158</ns3:hr>
            <ns3:cad>88</ns3:cad>
          </ns3:TrackPointExtension>
        </extensions>
      </trkpt>
      <trkpt lat="40.13741296716034412384033203125" lon="94.65347765944898128509521484375">
        <ele>1143.5999755859375</ele>
        <time>2025-08-11T23:23:59.000Z</time>
        <extensions>
          <ns3:TrackPointExtension>
            <ns3:hr>158</ns3:hr>
            <ns3:cad>88</ns3:cad>
          </ns3:TrackPointExtension>
        </extensions>
      </trkpt>
      <trkpt lat="40.1374388672411441802978515625" lon="94.65347078628838062286376953125">
        <ele>1143.5999755859375</ele>
        <time>2025-08-11T23:24:00.000Z</time>
        <extensions>
          <ns3:TrackPointExtension>
            <ns3:hr>158</ns3:hr>
            <ns3:cad>88</ns3:cad>
          </ns3:TrackPointExtension>
        </extensions>
      </trkpt>
      <trkpt lat="40.13747625052928924560546875" lon="94.65347162447869777679443359375">
        <ele>1143.800048828125</ele>
        <time>2025-08-11T23:24:01.000Z</time>
        <extensions>
          <ns3:TrackPointExtension>
            <ns3:hr>158</ns3:hr>
            <ns3:cad>88</ns3:cad>
          </ns3:TrackPointExtension>
        </extensions>
      </trkpt>
      <trkpt lat="40.13750332407653331756591796875" lon="94.653470031917095184326171875">
        <ele>1143.800048828125</ele>
        <time>2025-08-11T23:24:02.000Z</time>
        <extensions>
          <ns3:TrackPointExtension>
            <ns3:hr>158</ns3:hr>
            <ns3:cad>88</ns3:cad>
          </ns3:TrackPointExtension>
        </extensions>
      </trkpt>
      <trkpt lat="40.13753819279372692108154296875" lon="94.65346642769873142242431640625">
        <ele>1143.800048828125</ele>
        <time>2025-08-11T23:24:03.000Z</time>
        <extensions>
          <ns3:TrackPointExtension>
            <ns3:hr>158</ns3:hr>
            <ns3:cad>88</ns3:cad>
          </ns3:TrackPointExtension>
        </extensions>
      </trkpt>
      <trkpt lat="40.13756836764514446258544921875" lon="94.6534695290029048919677734375">
        <ele>1144</ele>
        <time>2025-08-11T23:24:04.000Z</time>
        <extensions>
          <ns3:TrackPointExtension>
            <ns3:hr>158</ns3:hr>
            <ns3:cad>88</ns3:cad>
          </ns3:TrackPointExtension>
        </extensions>
      </trkpt>
      <trkpt lat="40.13759669847786426544189453125" lon="94.653466008603572845458984375">
        <ele>1144</ele>
        <time>2025-08-11T23:24:05.000Z</time>
        <extensions>
          <ns3:TrackPointExtension>
            <ns3:hr>158</ns3:hr>
            <ns3:cad>88</ns3:cad>
          </ns3:TrackPointExtension>
        </extensions>
      </trkpt>
      <trkpt lat="40.13762670569121837615966796875" lon="94.65347095392644405364990234375">
        <ele>1144</ele>
        <time>2025-08-11T23:24:06.000Z</time>
        <extensions>
          <ns3:TrackPointExtension>
            <ns3:hr>159</ns3:hr>
            <ns3:cad>88</ns3:cad>
          </ns3:TrackPointExtension>
        </extensions>
      </trkpt>
      <trkpt lat="40.13764698989689350128173828125" lon="94.65346760116517543792724609375">
        <ele>1144.199951171875</ele>
        <time>2025-08-11T23:24:07.000Z</time>
        <extensions>
          <ns3:TrackPointExtension>
            <ns3:hr>159</ns3:hr>
            <ns3:cad>87</ns3:cad>
          </ns3:TrackPointExtension>
        </extensions>
      </trkpt>
      <trkpt lat="40.137675069272518157958984375" lon="94.65346978046000003814697265625">
        <ele>1144.199951171875</ele>
        <time>2025-08-11T23:24:08.000Z</time>
        <extensions>
          <ns3:TrackPointExtension>
            <ns3:hr>159</ns3:hr>
            <ns3:cad>86</ns3:cad>
          </ns3:TrackPointExtension>
        </extensions>
      </trkpt>
      <trkpt lat="40.13769627548754215240478515625" lon="94.6534676849842071533203125">
        <ele>1144.199951171875</ele>
        <time>2025-08-11T23:24:09.000Z</time>
        <extensions>
          <ns3:TrackPointExtension>
            <ns3:hr>159</ns3:hr>
            <ns3:cad>86</ns3:cad>
          </ns3:TrackPointExtension>
        </extensions>
      </trkpt>
      <trkpt lat="40.137724019587039947509765625" lon="94.6534681878983974456787109375">
        <ele>1144.199951171875</ele>
        <time>2025-08-11T23:24:10.000Z</time>
        <extensions>
          <ns3:TrackPointExtension>
            <ns3:hr>159</ns3:hr>
            <ns3:cad>87</ns3:cad>
          </ns3:TrackPointExtension>
        </extensions>
      </trkpt>
      <trkpt lat="40.13774690218269824981689453125" lon="94.65346760116517543792724609375">
        <ele>1144.199951171875</ele>
        <time>2025-08-11T23:24:11.000Z</time>
        <extensions>
          <ns3:TrackPointExtension>
            <ns3:hr>159</ns3:hr>
            <ns3:cad>87</ns3:cad>
          </ns3:TrackPointExtension>
        </extensions>
      </trkpt>
      <trkpt lat="40.1377771608531475067138671875" lon="94.6534698642790317535400390625">
        <ele>1144</ele>
        <time>2025-08-11T23:24:12.000Z</time>
        <extensions>
          <ns3:TrackPointExtension>
            <ns3:hr>159</ns3:hr>
            <ns3:cad>87</ns3:cad>
          </ns3:TrackPointExtension>
        </extensions>
      </trkpt>
      <trkpt lat="40.137801133096218109130859375" lon="94.6534701995551586151123046875">
        <ele>1144</ele>
        <time>2025-08-11T23:24:13.000Z</time>
        <extensions>
          <ns3:TrackPointExtension>
            <ns3:hr>159</ns3:hr>
            <ns3:cad>88</ns3:cad>
          </ns3:TrackPointExtension>
        </extensions>
      </trkpt>
      <trkpt lat="40.13783206231892108917236328125" lon="94.65347413904964923858642578125">
        <ele>1144</ele>
        <time>2025-08-11T23:24:14.000Z</time>
        <extensions>
          <ns3:TrackPointExtension>
            <ns3:hr>159</ns3:hr>
            <ns3:cad>88</ns3:cad>
          </ns3:TrackPointExtension>
        </extensions>
      </trkpt>
      <trkpt lat="40.1378589682281017303466796875" lon="94.65347950346767902374267578125">
        <ele>1144</ele>
        <time>2025-08-11T23:24:15.000Z</time>
        <extensions>
          <ns3:TrackPointExtension>
            <ns3:hr>159</ns3:hr>
            <ns3:cad>88</ns3:cad>
          </ns3:TrackPointExtension>
        </extensions>
      </trkpt>
      <trkpt lat="40.13788604177534580230712890625" lon="94.6534819342195987701416015625">
        <ele>1144</ele>
        <time>2025-08-11T23:24:16.000Z</time>
        <extensions>
          <ns3:TrackPointExtension>
            <ns3:hr>160</ns3:hr>
            <ns3:cad>88</ns3:cad>
          </ns3:TrackPointExtension>
        </extensions>
      </trkpt>
      <trkpt lat="40.1379109360277652740478515625" lon="94.65348922647535800933837890625">
        <ele>1144</ele>
        <time>2025-08-11T23:24:17.000Z</time>
        <extensions>
          <ns3:TrackPointExtension>
            <ns3:hr>159</ns3:hr>
            <ns3:cad>88</ns3:cad>
          </ns3:TrackPointExtension>
        </extensions>
      </trkpt>
      <trkpt lat="40.13793398626148700714111328125" lon="94.65349224396049976348876953125">
        <ele>1144</ele>
        <time>2025-08-11T23:24:18.000Z</time>
        <extensions>
          <ns3:TrackPointExtension>
            <ns3:hr>159</ns3:hr>
            <ns3:cad>88</ns3:cad>
          </ns3:TrackPointExtension>
        </extensions>
      </trkpt>
      <trkpt lat="40.1379561983048915863037109375" lon="94.653495512902736663818359375">
        <ele>1144</ele>
        <time>2025-08-11T23:24:19.000Z</time>
        <extensions>
          <ns3:TrackPointExtension>
            <ns3:hr>160</ns3:hr>
            <ns3:cad>88</ns3:cad>
          </ns3:TrackPointExtension>
        </extensions>
      </trkpt>
      <trkpt lat="40.1379763148725032806396484375" lon="94.65349392034113407135009765625">
        <ele>1144</ele>
        <time>2025-08-11T23:24:20.000Z</time>
        <extensions>
          <ns3:TrackPointExtension>
            <ns3:hr>160</ns3:hr>
            <ns3:cad>88</ns3:cad>
          </ns3:TrackPointExtension>
        </extensions>
      </trkpt>
      <trkpt lat="40.13799726963043212890625" lon="94.6534953452646732330322265625">
        <ele>1144</ele>
        <time>2025-08-11T23:24:21.000Z</time>
        <extensions>
          <ns3:TrackPointExtension>
            <ns3:hr>160</ns3:hr>
            <ns3:cad>88</ns3:cad>
          </ns3:TrackPointExtension>
        </extensions>
      </trkpt>
      <trkpt lat="40.13801814056932926177978515625" lon="94.653494171798229217529296875">
        <ele>1144</ele>
        <time>2025-08-11T23:24:22.000Z</time>
        <extensions>
          <ns3:TrackPointExtension>
            <ns3:hr>160</ns3:hr>
            <ns3:cad>88</ns3:cad>
          </ns3:TrackPointExtension>
        </extensions>
      </trkpt>
      <trkpt lat="40.13804085552692413330078125" lon="94.65349190868437290191650390625">
        <ele>1143.800048828125</ele>
        <time>2025-08-11T23:24:23.000Z</time>
        <extensions>
          <ns3:TrackPointExtension>
            <ns3:hr>160</ns3:hr>
            <ns3:cad>88</ns3:cad>
          </ns3:TrackPointExtension>
        </extensions>
      </trkpt>
      <trkpt lat="40.13806231319904327392578125" lon="94.6534839458763599395751953125">
        <ele>1143.800048828125</ele>
        <time>2025-08-11T23:24:24.000Z</time>
        <extensions>
          <ns3:TrackPointExtension>
            <ns3:hr>160</ns3:hr>
            <ns3:cad>88</ns3:cad>
          </ns3:TrackPointExtension>
        </extensions>
      </trkpt>
      <trkpt lat="40.13808687217533588409423828125" lon="94.65348713099956512451171875">
        <ele>1144</ele>
        <time>2025-08-11T23:24:25.000Z</time>
        <extensions>
          <ns3:TrackPointExtension>
            <ns3:hr>160</ns3:hr>
            <ns3:cad>88</ns3:cad>
          </ns3:TrackPointExtension>
        </extensions>
      </trkpt>
      <trkpt lat="40.13811386190354824066162109375" lon="94.65348687954246997833251953125">
        <ele>1144</ele>
        <time>2025-08-11T23:24:26.000Z</time>
        <extensions>
          <ns3:TrackPointExtension>
            <ns3:hr>160</ns3:hr>
            <ns3:cad>88</ns3:cad>
          </ns3:TrackPointExtension>
        </extensions>
      </trkpt>
      <trkpt lat="40.138149820268154144287109375" lon="94.65349408797919750213623046875">
        <ele>1144</ele>
        <time>2025-08-11T23:24:27.000Z</time>
        <extensions>
          <ns3:TrackPointExtension>
            <ns3:hr>161</ns3:hr>
            <ns3:cad>88</ns3:cad>
          </ns3:TrackPointExtension>
        </extensions>
      </trkpt>
      <trkpt lat="40.138174630701541900634765625" lon="94.65349492616951465606689453125">
        <ele>1143.800048828125</ele>
        <time>2025-08-11T23:24:28.000Z</time>
        <extensions>
          <ns3:TrackPointExtension>
            <ns3:hr>161</ns3:hr>
            <ns3:cad>88</ns3:cad>
          </ns3:TrackPointExtension>
        </extensions>
      </trkpt>
      <trkpt lat="40.13820639811456203460693359375" lon="94.65349492616951465606689453125">
        <ele>1143.800048828125</ele>
        <time>2025-08-11T23:24:29.000Z</time>
        <extensions>
          <ns3:TrackPointExtension>
            <ns3:hr>161</ns3:hr>
            <ns3:cad>88</ns3:cad>
          </ns3:TrackPointExtension>
        </extensions>
      </trkpt>
      <trkpt lat="40.13823154382407665252685546875" lon="94.65349358506500720977783203125">
        <ele>1143.800048828125</ele>
        <time>2025-08-11T23:24:30.000Z</time>
        <extensions>
          <ns3:TrackPointExtension>
            <ns3:hr>161</ns3:hr>
            <ns3:cad>88</ns3:cad>
          </ns3:TrackPointExtension>
        </extensions>
      </trkpt>
      <trkpt lat="40.1382629759609699249267578125" lon="94.65349291451275348663330078125">
        <ele>1144</ele>
        <time>2025-08-11T23:24:31.000Z</time>
        <extensions>
          <ns3:TrackPointExtension>
            <ns3:hr>160</ns3:hr>
            <ns3:cad>88</ns3:cad>
          </ns3:TrackPointExtension>
        </extensions>
      </trkpt>
      <trkpt lat="40.138284601271152496337890625" lon="94.65349308215081691741943359375">
        <ele>1144</ele>
        <time>2025-08-11T23:24:32.000Z</time>
        <extensions>
          <ns3:TrackPointExtension>
            <ns3:hr>161</ns3:hr>
            <ns3:cad>88</ns3:cad>
          </ns3:TrackPointExtension>
        </extensions>
      </trkpt>
      <trkpt lat="40.1383151113986968994140625" lon="94.6534971892833709716796875">
        <ele>1144</ele>
        <time>2025-08-11T23:24:33.000Z</time>
        <extensions>
          <ns3:TrackPointExtension>
            <ns3:hr>161</ns3:hr>
            <ns3:cad>88</ns3:cad>
          </ns3:TrackPointExtension>
        </extensions>
      </trkpt>
      <trkpt lat="40.1383380778133869171142578125" lon="94.653498865664005279541015625">
        <ele>1144</ele>
        <time>2025-08-11T23:24:34.000Z</time>
        <extensions>
          <ns3:TrackPointExtension>
            <ns3:hr>161</ns3:hr>
            <ns3:cad>88</ns3:cad>
          </ns3:TrackPointExtension>
        </extensions>
      </trkpt>
      <trkpt lat="40.1383682526648044586181640625" lon="94.65350246988236904144287109375">
        <ele>1144</ele>
        <time>2025-08-11T23:24:35.000Z</time>
        <extensions>
          <ns3:TrackPointExtension>
            <ns3:hr>161</ns3:hr>
            <ns3:cad>88</ns3:cad>
          </ns3:TrackPointExtension>
        </extensions>
      </trkpt>
      <trkpt lat="40.13838744722306728363037109375" lon="94.6535020507872104644775390625">
        <ele>1144</ele>
        <time>2025-08-11T23:24:36.000Z</time>
        <extensions>
          <ns3:TrackPointExtension>
            <ns3:hr>161</ns3:hr>
            <ns3:cad>88</ns3:cad>
          </ns3:TrackPointExtension>
        </extensions>
      </trkpt>
      <trkpt lat="40.1384161971509456634521484375" lon="94.6535033918917179107666015625">
        <ele>1144</ele>
        <time>2025-08-11T23:24:37.000Z</time>
        <extensions>
          <ns3:TrackPointExtension>
            <ns3:hr>161</ns3:hr>
            <ns3:cad>88</ns3:cad>
          </ns3:TrackPointExtension>
        </extensions>
      </trkpt>
      <trkpt lat="40.13843622989952564239501953125" lon="94.6535025537014007568359375">
        <ele>1144</ele>
        <time>2025-08-11T23:24:38.000Z</time>
        <extensions>
          <ns3:TrackPointExtension>
            <ns3:hr>161</ns3:hr>
            <ns3:cad>89</ns3:cad>
          </ns3:TrackPointExtension>
        </extensions>
      </trkpt>
      <trkpt lat="40.13846908695995807647705078125" lon="94.6535037271678447723388671875">
        <ele>1144</ele>
        <time>2025-08-11T23:24:39.000Z</time>
        <extensions>
          <ns3:TrackPointExtension>
            <ns3:hr>161</ns3:hr>
            <ns3:cad>89</ns3:cad>
          </ns3:TrackPointExtension>
        </extensions>
      </trkpt>
      <trkpt lat="40.13848735950887203216552734375" lon="94.65349878184497356414794921875">
        <ele>1144</ele>
        <time>2025-08-11T23:24:40.000Z</time>
        <extensions>
          <ns3:TrackPointExtension>
            <ns3:hr>161</ns3:hr>
            <ns3:cad>89</ns3:cad>
          </ns3:TrackPointExtension>
        </extensions>
      </trkpt>
      <trkpt lat="40.1385194621980190277099609375" lon="94.6535007096827030181884765625">
        <ele>1144</ele>
        <time>2025-08-11T23:24:41.000Z</time>
        <extensions>
          <ns3:TrackPointExtension>
            <ns3:hr>161</ns3:hr>
            <ns3:cad>89</ns3:cad>
          </ns3:TrackPointExtension>
        </extensions>
      </trkpt>
      <trkpt lat="40.13854050077497959136962890625" lon="94.65350029058754444122314453125">
        <ele>1144.199951171875</ele>
        <time>2025-08-11T23:24:42.000Z</time>
        <extensions>
          <ns3:TrackPointExtension>
            <ns3:hr>161</ns3:hr>
            <ns3:cad>89</ns3:cad>
          </ns3:TrackPointExtension>
        </extensions>
      </trkpt>
      <trkpt lat="40.13856388628482818603515625" lon="94.65350230224430561065673828125">
        <ele>1144</ele>
        <time>2025-08-11T23:24:43.000Z</time>
        <extensions>
          <ns3:TrackPointExtension>
            <ns3:hr>161</ns3:hr>
            <ns3:cad>89</ns3:cad>
          </ns3:TrackPointExtension>
        </extensions>
      </trkpt>
      <trkpt lat="40.13858408667147159576416015625" lon="94.65350850485265254974365234375">
        <ele>1144.199951171875</ele>
        <time>2025-08-11T23:24:44.000Z</time>
        <extensions>
          <ns3:TrackPointExtension>
            <ns3:hr>161</ns3:hr>
            <ns3:cad>89</ns3:cad>
          </ns3:TrackPointExtension>
        </extensions>
      </trkpt>
      <trkpt lat="40.13860906474292278289794921875" lon="94.65351252816617488861083984375">
        <ele>1144.199951171875</ele>
        <time>2025-08-11T23:24:45.000Z</time>
        <extensions>
          <ns3:TrackPointExtension>
            <ns3:hr>162</ns3:hr>
            <ns3:cad>89</ns3:cad>
          </ns3:TrackPointExtension>
        </extensions>
      </trkpt>
      <trkpt lat="40.13862884603440761566162109375" lon="94.6535100974142551422119140625">
        <ele>1144.199951171875</ele>
        <time>2025-08-11T23:24:46.000Z</time>
        <extensions>
          <ns3:TrackPointExtension>
            <ns3:hr>162</ns3:hr>
            <ns3:cad>89</ns3:cad>
          </ns3:TrackPointExtension>
        </extensions>
      </trkpt>
      <trkpt lat="40.13865885324776172637939453125" lon="94.6535104326903820037841796875">
        <ele>1144</ele>
        <time>2025-08-11T23:24:47.000Z</time>
        <extensions>
          <ns3:TrackPointExtension>
            <ns3:hr>162</ns3:hr>
            <ns3:cad>89</ns3:cad>
          </ns3:TrackPointExtension>
        </extensions>
      </trkpt>
      <trkpt lat="40.1386854238808155059814453125" lon="94.65351001359522342681884765625">
        <ele>1144</ele>
        <time>2025-08-11T23:24:48.000Z</time>
        <extensions>
          <ns3:TrackPointExtension>
            <ns3:hr>162</ns3:hr>
            <ns3:cad>89</ns3:cad>
          </ns3:TrackPointExtension>
        </extensions>
      </trkpt>
      <trkpt lat="40.13871165923774242401123046875" lon="94.6535097621381282806396484375">
        <ele>1144</ele>
        <time>2025-08-11T23:24:49.000Z</time>
        <extensions>
          <ns3:TrackPointExtension>
            <ns3:hr>162</ns3:hr>
            <ns3:cad>89</ns3:cad>
          </ns3:TrackPointExtension>
        </extensions>
      </trkpt>
      <trkpt lat="40.1387362182140350341796875" lon="94.653511941432952880859375">
        <ele>1144</ele>
        <time>2025-08-11T23:24:50.000Z</time>
        <extensions>
          <ns3:TrackPointExtension>
            <ns3:hr>162</ns3:hr>
            <ns3:cad>89</ns3:cad>
          </ns3:TrackPointExtension>
        </extensions>
      </trkpt>
      <trkpt lat="40.13876597397029399871826171875" lon="94.653517305850982666015625">
        <ele>1144</ele>
        <time>2025-08-11T23:24:51.000Z</time>
        <extensions>
          <ns3:TrackPointExtension>
            <ns3:hr>162</ns3:hr>
            <ns3:cad>89</ns3:cad>
          </ns3:TrackPointExtension>
        </extensions>
      </trkpt>
      <trkpt lat="40.13878609053790569305419921875" lon="94.6535208262503147125244140625">
        <ele>1144</ele>
        <time>2025-08-11T23:24:52.000Z</time>
        <extensions>
          <ns3:TrackPointExtension>
            <ns3:hr>162</ns3:hr>
            <ns3:cad>89</ns3:cad>
          </ns3:TrackPointExtension>
        </extensions>
      </trkpt>
      <trkpt lat="40.13881333172321319580078125" lon="94.6535312198102474212646484375">
        <ele>1144</ele>
        <time>2025-08-11T23:24:53.000Z</time>
        <extensions>
          <ns3:TrackPointExtension>
            <ns3:hr>162</ns3:hr>
            <ns3:cad>90</ns3:cad>
          </ns3:TrackPointExtension>
        </extensions>
      </trkpt>
      <trkpt lat="40.1388302631676197052001953125" lon="94.6535349078476428985595703125">
        <ele>1144</ele>
        <time>2025-08-11T23:24:54.000Z</time>
        <extensions>
          <ns3:TrackPointExtension>
            <ns3:hr>162</ns3:hr>
            <ns3:cad>90</ns3:cad>
          </ns3:TrackPointExtension>
        </extensions>
      </trkpt>
      <trkpt lat="40.13885088264942169189453125" lon="94.65354211628437042236328125">
        <ele>1144</ele>
        <time>2025-08-11T23:24:55.000Z</time>
        <extensions>
          <ns3:TrackPointExtension>
            <ns3:hr>162</ns3:hr>
            <ns3:cad>88</ns3:cad>
          </ns3:TrackPointExtension>
        </extensions>
      </trkpt>
      <trkpt lat="40.1388711668550968170166015625" lon="94.6535563655197620391845703125">
        <ele>1144</ele>
        <time>2025-08-11T23:24:56.000Z</time>
        <extensions>
          <ns3:TrackPointExtension>
            <ns3:hr>162</ns3:hr>
            <ns3:cad>88</ns3:cad>
          </ns3:TrackPointExtension>
        </extensions>
      </trkpt>
      <trkpt lat="40.13889782130718231201171875" lon="94.65356717817485332489013671875">
        <ele>1144</ele>
        <time>2025-08-11T23:24:57.000Z</time>
        <extensions>
          <ns3:TrackPointExtension>
            <ns3:hr>162</ns3:hr>
            <ns3:cad>88</ns3:cad>
          </ns3:TrackPointExtension>
        </extensions>
      </trkpt>
      <trkpt lat="40.13891969807446002960205078125" lon="94.6535789966583251953125">
        <ele>1144</ele>
        <time>2025-08-11T23:24:58.000Z</time>
        <extensions>
          <ns3:TrackPointExtension>
            <ns3:hr>162</ns3:hr>
            <ns3:cad>88</ns3:cad>
          </ns3:TrackPointExtension>
        </extensions>
      </trkpt>
      <trkpt lat="40.13894266448915004730224609375" lon="94.65358947403728961944580078125">
        <ele>1144</ele>
        <time>2025-08-11T23:24:59.000Z</time>
        <extensions>
          <ns3:TrackPointExtension>
            <ns3:hr>162</ns3:hr>
            <ns3:cad>88</ns3:cad>
          </ns3:TrackPointExtension>
        </extensions>
      </trkpt>
      <trkpt lat="40.13896328397095203399658203125" lon="94.6536016277968883514404296875">
        <ele>1144</ele>
        <time>2025-08-11T23:25:00.000Z</time>
        <extensions>
          <ns3:TrackPointExtension>
            <ns3:hr>162</ns3:hr>
            <ns3:cad>88</ns3:cad>
          </ns3:TrackPointExtension>
        </extensions>
      </trkpt>
      <trkpt lat="40.13898457400500774383544921875" lon="94.65361327864229679107666015625">
        <ele>1144</ele>
        <time>2025-08-11T23:25:01.000Z</time>
        <extensions>
          <ns3:TrackPointExtension>
            <ns3:hr>162</ns3:hr>
            <ns3:cad>88</ns3:cad>
          </ns3:TrackPointExtension>
        </extensions>
      </trkpt>
      <trkpt lat="40.1390066184103488922119140625" lon="94.653632305562496185302734375">
        <ele>1144</ele>
        <time>2025-08-11T23:25:02.000Z</time>
        <extensions>
          <ns3:TrackPointExtension>
            <ns3:hr>162</ns3:hr>
            <ns3:cad>88</ns3:cad>
          </ns3:TrackPointExtension>
        </extensions>
      </trkpt>
      <trkpt lat="40.13902648352086544036865234375" lon="94.65364814735949039459228515625">
        <ele>1144.199951171875</ele>
        <time>2025-08-11T23:25:03.000Z</time>
        <extensions>
          <ns3:TrackPointExtension>
            <ns3:hr>162</ns3:hr>
            <ns3:cad>88</ns3:cad>
          </ns3:TrackPointExtension>
        </extensions>
      </trkpt>
      <trkpt lat="40.1390445046126842498779296875" lon="94.6536700241267681121826171875">
        <ele>1144.199951171875</ele>
        <time>2025-08-11T23:25:04.000Z</time>
        <extensions>
          <ns3:TrackPointExtension>
            <ns3:hr>163</ns3:hr>
            <ns3:cad>89</ns3:cad>
          </ns3:TrackPointExtension>
        </extensions>
      </trkpt>
      <trkpt lat="40.13906286098062992095947265625" lon="94.65368720702826976776123046875">
        <ele>1144.199951171875</ele>
        <time>2025-08-11T23:25:05.000Z</time>
        <extensions>
          <ns3:TrackPointExtension>
            <ns3:hr>162</ns3:hr>
            <ns3:cad>89</ns3:cad>
          </ns3:TrackPointExtension>
        </extensions>
      </trkpt>
      <trkpt lat="40.1390790380537509918212890625" lon="94.653708077967166900634765625">
        <ele>1144.199951171875</ele>
        <time>2025-08-11T23:25:06.000Z</time>
        <extensions>
          <ns3:TrackPointExtension>
            <ns3:hr>162</ns3:hr>
            <ns3:cad>88</ns3:cad>
          </ns3:TrackPointExtension>
        </extensions>
      </trkpt>
      <trkpt lat="40.13910108245909214019775390625" lon="94.65372450649738311767578125">
        <ele>1144.199951171875</ele>
        <time>2025-08-11T23:25:07.000Z</time>
        <extensions>
          <ns3:TrackPointExtension>
            <ns3:hr>162</ns3:hr>
            <ns3:cad>88</ns3:cad>
          </ns3:TrackPointExtension>
        </extensions>
      </trkpt>
      <trkpt lat="40.13912170194089412689208984375" lon="94.653744958341121673583984375">
        <ele>1144.199951171875</ele>
        <time>2025-08-11T23:25:08.000Z</time>
        <extensions>
          <ns3:TrackPointExtension>
            <ns3:hr>162</ns3:hr>
            <ns3:cad>89</ns3:cad>
          </ns3:TrackPointExtension>
        </extensions>
      </trkpt>
      <trkpt lat="40.13914332725107669830322265625" lon="94.65375937521457672119140625">
        <ele>1144.199951171875</ele>
        <time>2025-08-11T23:25:09.000Z</time>
        <extensions>
          <ns3:TrackPointExtension>
            <ns3:hr>162</ns3:hr>
            <ns3:cad>89</ns3:cad>
          </ns3:TrackPointExtension>
        </extensions>
      </trkpt>
      <trkpt lat="40.13916243799030780792236328125" lon="94.6537783183157444000244140625">
        <ele>1144.199951171875</ele>
        <time>2025-08-11T23:25:10.000Z</time>
        <extensions>
          <ns3:TrackPointExtension>
            <ns3:hr>163</ns3:hr>
            <ns3:cad>89</ns3:cad>
          </ns3:TrackPointExtension>
        </extensions>
      </trkpt>
      <trkpt lat="40.13918272219598293304443359375" lon="94.65379047207534313201904296875">
        <ele>1144.199951171875</ele>
        <time>2025-08-11T23:25:11.000Z</time>
        <extensions>
          <ns3:TrackPointExtension>
            <ns3:hr>162</ns3:hr>
            <ns3:cad>89</ns3:cad>
          </ns3:TrackPointExtension>
        </extensions>
      </trkpt>
      <trkpt lat="40.13920468278229236602783203125" lon="94.65380572713911533355712890625">
        <ele>1144.199951171875</ele>
        <time>2025-08-11T23:25:12.000Z</time>
        <extensions>
          <ns3:TrackPointExtension>
            <ns3:hr>162</ns3:hr>
            <ns3:cad>89</ns3:cad>
          </ns3:TrackPointExtension>
        </extensions>
      </trkpt>
      <trkpt lat="40.1392268948256969451904296875" lon="94.6538091637194156646728515625">
        <ele>1144.199951171875</ele>
        <time>2025-08-11T23:25:13.000Z</time>
        <extensions>
          <ns3:TrackPointExtension>
            <ns3:hr>163</ns3:hr>
            <ns3:cad>89</ns3:cad>
          </ns3:TrackPointExtension>
        </extensions>
      </trkpt>
      <trkpt lat="40.13925396837294101715087890625" lon="94.6538192220032215118408203125">
        <ele>1144.199951171875</ele>
        <time>2025-08-11T23:25:14.000Z</time>
        <extensions>
          <ns3:TrackPointExtension>
            <ns3:hr>162</ns3:hr>
            <ns3:cad>89</ns3:cad>
          </ns3:TrackPointExtension>
        </extensions>
      </trkpt>
      <trkpt lat="40.13927735388278961181640625" lon="94.6538225747644901275634765625">
        <ele>1144</ele>
        <time>2025-08-11T23:25:15.000Z</time>
        <extensions>
          <ns3:TrackPointExtension>
            <ns3:hr>162</ns3:hr>
            <ns3:cad>89</ns3:cad>
          </ns3:TrackPointExtension>
        </extensions>
      </trkpt>
      <trkpt lat="40.13930442743003368377685546875" lon="94.653828442096710205078125">
        <ele>1144</ele>
        <time>2025-08-11T23:25:16.000Z</time>
        <extensions>
          <ns3:TrackPointExtension>
            <ns3:hr>163</ns3:hr>
            <ns3:cad>89</ns3:cad>
          </ns3:TrackPointExtension>
        </extensions>
      </trkpt>
      <trkpt lat="40.1393281482160091400146484375" lon="94.6538252569735050201416015625">
        <ele>1144</ele>
        <time>2025-08-11T23:25:17.000Z</time>
        <extensions>
          <ns3:TrackPointExtension>
            <ns3:hr>162</ns3:hr>
            <ns3:cad>88</ns3:cad>
          </ns3:TrackPointExtension>
        </extensions>
      </trkpt>
      <trkpt lat="40.13935782015323638916015625" lon="94.653825424611568450927734375">
        <ele>1143.800048828125</ele>
        <time>2025-08-11T23:25:18.000Z</time>
        <extensions>
          <ns3:TrackPointExtension>
            <ns3:hr>162</ns3:hr>
            <ns3:cad>88</ns3:cad>
          </ns3:TrackPointExtension>
        </extensions>
      </trkpt>
      <trkpt lat="40.1393817923963069915771484375" lon="94.65382550843060016632080078125">
        <ele>1143.800048828125</ele>
        <time>2025-08-11T23:25:19.000Z</time>
        <extensions>
          <ns3:TrackPointExtension>
            <ns3:hr>162</ns3:hr>
            <ns3:cad>88</ns3:cad>
          </ns3:TrackPointExtension>
        </extensions>
      </trkpt>
      <trkpt lat="40.1394042558968067169189453125" lon="94.65382701717317104339599609375">
        <ele>1143.800048828125</ele>
        <time>2025-08-11T23:25:20.000Z</time>
        <extensions>
          <ns3:TrackPointExtension>
            <ns3:hr>162</ns3:hr>
            <ns3:cad>88</ns3:cad>
          </ns3:TrackPointExtension>
        </extensions>
      </trkpt>
      <trkpt lat="40.13942915014922618865966796875" lon="94.65382584370672702789306640625">
        <ele>1143.800048828125</ele>
        <time>2025-08-11T23:25:21.000Z</time>
        <extensions>
          <ns3:TrackPointExtension>
            <ns3:hr>162</ns3:hr>
            <ns3:cad>88</ns3:cad>
          </ns3:TrackPointExtension>
        </extensions>
      </trkpt>
      <trkpt lat="40.1394619233906269073486328125" lon="94.6538286097347736358642578125">
        <ele>1143.5999755859375</ele>
        <time>2025-08-11T23:25:22.000Z</time>
        <extensions>
          <ns3:TrackPointExtension>
            <ns3:hr>162</ns3:hr>
            <ns3:cad>88</ns3:cad>
          </ns3:TrackPointExtension>
        </extensions>
      </trkpt>
      <trkpt lat="40.139481537044048309326171875" lon="94.65382517315447330474853515625">
        <ele>1143.5999755859375</ele>
        <time>2025-08-11T23:25:23.000Z</time>
        <extensions>
          <ns3:TrackPointExtension>
            <ns3:hr>162</ns3:hr>
            <ns3:cad>88</ns3:cad>
          </ns3:TrackPointExtension>
        </extensions>
      </trkpt>
      <trkpt lat="40.13950978405773639678955078125" lon="94.6538245864212512969970703125">
        <ele>1143.5999755859375</ele>
        <time>2025-08-11T23:25:24.000Z</time>
        <extensions>
          <ns3:TrackPointExtension>
            <ns3:hr>162</ns3:hr>
            <ns3:cad>88</ns3:cad>
          </ns3:TrackPointExtension>
        </extensions>
      </trkpt>
      <trkpt lat="40.13952939771115779876708984375" lon="94.65381897054612636566162109375">
        <ele>1143.4000244140625</ele>
        <time>2025-08-11T23:25:25.000Z</time>
        <extensions>
          <ns3:TrackPointExtension>
            <ns3:hr>162</ns3:hr>
            <ns3:cad>89</ns3:cad>
          </ns3:TrackPointExtension>
        </extensions>
      </trkpt>
      <trkpt lat="40.139557309448719024658203125" lon="94.65381612069904804229736328125">
        <ele>1143.4000244140625</ele>
        <time>2025-08-11T23:25:26.000Z</time>
        <extensions>
          <ns3:TrackPointExtension>
            <ns3:hr>162</ns3:hr>
            <ns3:cad>89</ns3:cad>
          </ns3:TrackPointExtension>
        </extensions>
      </trkpt>
      <trkpt lat="40.13957214541733264923095703125" lon="94.6538108401000499725341796875">
        <ele>1143.4000244140625</ele>
        <time>2025-08-11T23:25:27.000Z</time>
        <extensions>
          <ns3:TrackPointExtension>
            <ns3:hr>161</ns3:hr>
            <ns3:cad>89</ns3:cad>
          </ns3:TrackPointExtension>
        </extensions>
      </trkpt>
      <trkpt lat="40.1396003924310207366943359375" lon="94.6538111753761768341064453125">
        <ele>1143.4000244140625</ele>
        <time>2025-08-11T23:25:28.000Z</time>
        <extensions>
          <ns3:TrackPointExtension>
            <ns3:hr>162</ns3:hr>
            <ns3:cad>89</ns3:cad>
          </ns3:TrackPointExtension>
        </extensions>
      </trkpt>
      <trkpt lat="40.13961891643702983856201171875" lon="94.6538101695477962493896484375">
        <ele>1143.4000244140625</ele>
        <time>2025-08-11T23:25:29.000Z</time>
        <extensions>
          <ns3:TrackPointExtension>
            <ns3:hr>162</ns3:hr>
            <ns3:cad>89</ns3:cad>
          </ns3:TrackPointExtension>
        </extensions>
      </trkpt>
      <trkpt lat="40.1396459899842739105224609375" lon="94.6538094989955425262451171875">
        <ele>1143.4000244140625</ele>
        <time>2025-08-11T23:25:30.000Z</time>
        <extensions>
          <ns3:TrackPointExtension>
            <ns3:hr>162</ns3:hr>
            <ns3:cad>89</ns3:cad>
          </ns3:TrackPointExtension>
        </extensions>
      </trkpt>
      <trkpt lat="40.1396669447422027587890625" lon="94.65380673296749591827392578125">
        <ele>1143.4000244140625</ele>
        <time>2025-08-11T23:25:31.000Z</time>
        <extensions>
          <ns3:TrackPointExtension>
            <ns3:hr>161</ns3:hr>
            <ns3:cad>89</ns3:cad>
          </ns3:TrackPointExtension>
        </extensions>
      </trkpt>
      <trkpt lat="40.13969083316624164581298828125" lon="94.653811343014240264892578125">
        <ele>1143.199951171875</ele>
        <time>2025-08-11T23:25:32.000Z</time>
        <extensions>
          <ns3:TrackPointExtension>
            <ns3:hr>162</ns3:hr>
            <ns3:cad>89</ns3:cad>
          </ns3:TrackPointExtension>
        </extensions>
      </trkpt>
      <trkpt lat="40.139711536467075347900390625" lon="94.65381243266165256500244140625">
        <ele>1143.199951171875</ele>
        <time>2025-08-11T23:25:33.000Z</time>
        <extensions>
          <ns3:TrackPointExtension>
            <ns3:hr>162</ns3:hr>
            <ns3:cad>89</ns3:cad>
          </ns3:TrackPointExtension>
        </extensions>
      </trkpt>
      <trkpt lat="40.1397351734340190887451171875" lon="94.65380924753844738006591796875">
        <ele>1143.199951171875</ele>
        <time>2025-08-11T23:25:34.000Z</time>
        <extensions>
          <ns3:TrackPointExtension>
            <ns3:hr>162</ns3:hr>
            <ns3:cad>89</ns3:cad>
          </ns3:TrackPointExtension>
        </extensions>
      </trkpt>
      <trkpt lat="40.13975688256323337554931640625" lon="94.653807319700717926025390625">
        <ele>1143.199951171875</ele>
        <time>2025-08-11T23:25:35.000Z</time>
        <extensions>
          <ns3:TrackPointExtension>
            <ns3:hr>161</ns3:hr>
            <ns3:cad>89</ns3:cad>
          </ns3:TrackPointExtension>
        </extensions>
      </trkpt>
      <trkpt lat="40.13978437520563602447509765625" lon="94.6538088284432888031005859375">
        <ele>1143</ele>
        <time>2025-08-11T23:25:36.000Z</time>
        <extensions>
          <ns3:TrackPointExtension>
            <ns3:hr>162</ns3:hr>
            <ns3:cad>89</ns3:cad>
          </ns3:TrackPointExtension>
        </extensions>
      </trkpt>
      <trkpt lat="40.1398072578012943267822265625" lon="94.65380824171006679534912109375">
        <ele>1143</ele>
        <time>2025-08-11T23:25:37.000Z</time>
        <extensions>
          <ns3:TrackPointExtension>
            <ns3:hr>162</ns3:hr>
            <ns3:cad>89</ns3:cad>
          </ns3:TrackPointExtension>
        </extensions>
      </trkpt>
      <trkpt lat="40.13983064331114292144775390625" lon="94.65380706824362277984619140625">
        <ele>1143</ele>
        <time>2025-08-11T23:25:38.000Z</time>
        <extensions>
          <ns3:TrackPointExtension>
            <ns3:hr>161</ns3:hr>
            <ns3:cad>89</ns3:cad>
          </ns3:TrackPointExtension>
        </extensions>
      </trkpt>
      <trkpt lat="40.1398511789739131927490234375" lon="94.65380002744495868682861328125">
        <ele>1143</ele>
        <time>2025-08-11T23:25:39.000Z</time>
        <extensions>
          <ns3:TrackPointExtension>
            <ns3:hr>162</ns3:hr>
            <ns3:cad>89</ns3:cad>
          </ns3:TrackPointExtension>
        </extensions>
      </trkpt>
      <trkpt lat="40.13987707905471324920654296875" lon="94.65379550121724605560302734375">
        <ele>1143</ele>
        <time>2025-08-11T23:25:40.000Z</time>
        <extensions>
          <ns3:TrackPointExtension>
            <ns3:hr>162</ns3:hr>
            <ns3:cad>89</ns3:cad>
          </ns3:TrackPointExtension>
        </extensions>
      </trkpt>
      <trkpt lat="40.1399004645645618438720703125" lon="94.65379969216883182525634765625">
        <ele>1143</ele>
        <time>2025-08-11T23:25:41.000Z</time>
        <extensions>
          <ns3:TrackPointExtension>
            <ns3:hr>161</ns3:hr>
            <ns3:cad>89</ns3:cad>
          </ns3:TrackPointExtension>
        </extensions>
      </trkpt>
      <trkpt lat="40.13992250896990299224853515625" lon="94.65379617176949977874755859375">
        <ele>1143.199951171875</ele>
        <time>2025-08-11T23:25:42.000Z</time>
        <extensions>
          <ns3:TrackPointExtension>
            <ns3:hr>162</ns3:hr>
            <ns3:cad>89</ns3:cad>
          </ns3:TrackPointExtension>
        </extensions>
      </trkpt>
      <trkpt lat="40.13993826694786548614501953125" lon="94.65378820896148681640625">
        <ele>1143.199951171875</ele>
        <time>2025-08-11T23:25:43.000Z</time>
        <extensions>
          <ns3:TrackPointExtension>
            <ns3:hr>162</ns3:hr>
            <ns3:cad>89</ns3:cad>
          </ns3:TrackPointExtension>
        </extensions>
      </trkpt>
      <trkpt lat="40.1399671845138072967529296875" lon="94.65378393419086933135986328125">
        <ele>1143.199951171875</ele>
        <time>2025-08-11T23:25:44.000Z</time>
        <extensions>
          <ns3:TrackPointExtension>
            <ns3:hr>161</ns3:hr>
            <ns3:cad>89</ns3:cad>
          </ns3:TrackPointExtension>
        </extensions>
      </trkpt>
      <trkpt lat="40.13998872600495815277099609375" lon="94.65378141961991786956787109375">
        <ele>1143.199951171875</ele>
        <time>2025-08-11T23:25:45.000Z</time>
        <extensions>
          <ns3:TrackPointExtension>
            <ns3:hr>162</ns3:hr>
            <ns3:cad>88</ns3:cad>
          </ns3:TrackPointExtension>
        </extensions>
      </trkpt>
      <trkpt lat="40.14001504518091678619384765625" lon="94.65377840213477611541748046875">
        <ele>1143.199951171875</ele>
        <time>2025-08-11T23:25:46.000Z</time>
        <extensions>
          <ns3:TrackPointExtension>
            <ns3:hr>162</ns3:hr>
            <ns3:cad>88</ns3:cad>
          </ns3:TrackPointExtension>
        </extensions>
      </trkpt>
      <trkpt lat="40.14003784395754337310791015625" lon="94.6537813358008861541748046875">
        <ele>1143</ele>
        <time>2025-08-11T23:25:47.000Z</time>
        <extensions>
          <ns3:TrackPointExtension>
            <ns3:hr>161</ns3:hr>
            <ns3:cad>88</ns3:cad>
          </ns3:TrackPointExtension>
        </extensions>
      </trkpt>
      <trkpt lat="40.14006550423800945281982421875" lon="94.6537841856479644775390625">
        <ele>1143</ele>
        <time>2025-08-11T23:25:48.000Z</time>
        <extensions>
          <ns3:TrackPointExtension>
            <ns3:hr>162</ns3:hr>
            <ns3:cad>88</ns3:cad>
          </ns3:TrackPointExtension>
        </extensions>
      </trkpt>
      <trkpt lat="40.140087716281414031982421875" lon="94.65378619730472564697265625">
        <ele>1143</ele>
        <time>2025-08-11T23:25:49.000Z</time>
        <extensions>
          <ns3:TrackPointExtension>
            <ns3:hr>162</ns3:hr>
            <ns3:cad>89</ns3:cad>
          </ns3:TrackPointExtension>
        </extensions>
      </trkpt>
      <trkpt lat="40.1401126943528652191162109375" lon="94.6537868678569793701171875">
        <ele>1143</ele>
        <time>2025-08-11T23:25:50.000Z</time>
        <extensions>
          <ns3:TrackPointExtension>
            <ns3:hr>161</ns3:hr>
            <ns3:cad>89</ns3:cad>
          </ns3:TrackPointExtension>
        </extensions>
      </trkpt>
      <trkpt lat="40.1401321403682231903076171875" lon="94.65379030443727970123291015625">
        <ele>1143</ele>
        <time>2025-08-11T23:25:51.000Z</time>
        <extensions>
          <ns3:TrackPointExtension>
            <ns3:hr>161</ns3:hr>
            <ns3:cad>89</ns3:cad>
          </ns3:TrackPointExtension>
        </extensions>
      </trkpt>
      <trkpt lat="40.14015753753483295440673828125" lon="94.65379449538886547088623046875">
        <ele>1143</ele>
        <time>2025-08-11T23:25:52.000Z</time>
        <extensions>
          <ns3:TrackPointExtension>
            <ns3:hr>162</ns3:hr>
            <ns3:cad>89</ns3:cad>
          </ns3:TrackPointExtension>
        </extensions>
      </trkpt>
      <trkpt lat="40.1401784084737300872802734375" lon="94.65379600413143634796142578125">
        <ele>1143</ele>
        <time>2025-08-11T23:25:53.000Z</time>
        <extensions>
          <ns3:TrackPointExtension>
            <ns3:hr>162</ns3:hr>
            <ns3:cad>89</ns3:cad>
          </ns3:TrackPointExtension>
        </extensions>
      </trkpt>
      <trkpt lat="40.14020615257322788238525390625" lon="94.65379156172275543212890625">
        <ele>1143</ele>
        <time>2025-08-11T23:25:54.000Z</time>
        <extensions>
          <ns3:TrackPointExtension>
            <ns3:hr>162</ns3:hr>
            <ns3:cad>89</ns3:cad>
          </ns3:TrackPointExtension>
        </extensions>
      </trkpt>
      <trkpt lat="40.14023180119693279266357421875" lon="94.65379348956048488616943359375">
        <ele>1143</ele>
        <time>2025-08-11T23:25:55.000Z</time>
        <extensions>
          <ns3:TrackPointExtension>
            <ns3:hr>162</ns3:hr>
            <ns3:cad>89</ns3:cad>
          </ns3:TrackPointExtension>
        </extensions>
      </trkpt>
      <trkpt lat="40.1402578689157962799072265625" lon="94.65379181317985057830810546875">
        <ele>1142.800048828125</ele>
        <time>2025-08-11T23:25:56.000Z</time>
        <extensions>
          <ns3:TrackPointExtension>
            <ns3:hr>161</ns3:hr>
            <ns3:cad>89</ns3:cad>
          </ns3:TrackPointExtension>
        </extensions>
      </trkpt>
      <trkpt lat="40.1402865350246429443359375" lon="94.653797931969165802001953125">
        <ele>1142.800048828125</ele>
        <time>2025-08-11T23:25:57.000Z</time>
        <extensions>
          <ns3:TrackPointExtension>
            <ns3:hr>162</ns3:hr>
            <ns3:cad>89</ns3:cad>
          </ns3:TrackPointExtension>
        </extensions>
      </trkpt>
      <trkpt lat="40.1403071545064449310302734375" lon="94.65379424393177032470703125">
        <ele>1142.800048828125</ele>
        <time>2025-08-11T23:25:58.000Z</time>
        <extensions>
          <ns3:TrackPointExtension>
            <ns3:hr>162</ns3:hr>
            <ns3:cad>88</ns3:cad>
          </ns3:TrackPointExtension>
        </extensions>
      </trkpt>
      <trkpt lat="40.1403346471488475799560546875" lon="94.65380019508302211761474609375">
        <ele>1142.5999755859375</ele>
        <time>2025-08-11T23:25:59.000Z</time>
        <extensions>
          <ns3:TrackPointExtension>
            <ns3:hr>162</ns3:hr>
            <ns3:cad>88</ns3:cad>
          </ns3:TrackPointExtension>
        </extensions>
      </trkpt>
      <trkpt lat="40.1403561048209667205810546875" lon="94.6538061462342739105224609375">
        <ele>1142.5999755859375</ele>
        <time>2025-08-11T23:26:00.000Z</time>
        <extensions>
          <ns3:TrackPointExtension>
            <ns3:hr>162</ns3:hr>
            <ns3:cad>88</ns3:cad>
          </ns3:TrackPointExtension>
        </extensions>
      </trkpt>
      <trkpt lat="40.140371359884738922119140625" lon="94.65380455367267131805419921875">
        <ele>1142.5999755859375</ele>
        <time>2025-08-11T23:26:01.000Z</time>
        <extensions>
          <ns3:TrackPointExtension>
            <ns3:hr>162</ns3:hr>
            <ns3:cad>87</ns3:cad>
          </ns3:TrackPointExtension>
        </extensions>
      </trkpt>
      <trkpt lat="40.14038284309208393096923828125" lon="94.65380388312041759490966796875">
        <ele>1142.800048828125</ele>
        <time>2025-08-11T23:26:02.000Z</time>
        <extensions>
          <ns3:TrackPointExtension>
            <ns3:hr>162</ns3:hr>
            <ns3:cad>86</ns3:cad>
          </ns3:TrackPointExtension>
        </extensions>
      </trkpt>
      <trkpt lat="40.14038569293916225433349609375" lon="94.65379784815013408660888671875">
        <ele>1142.800048828125</ele>
        <time>2025-08-11T23:26:03.000Z</time>
        <extensions>
          <ns3:TrackPointExtension>
            <ns3:hr>162</ns3:hr>
            <ns3:cad>85</ns3:cad>
          </ns3:TrackPointExtension>
        </extensions>
      </trkpt>
      <trkpt lat="40.14039508067071437835693359375" lon="94.6538021229207515716552734375">
        <ele>1142.800048828125</ele>
        <time>2025-08-11T23:26:04.000Z</time>
        <extensions>
          <ns3:TrackPointExtension>
            <ns3:hr>162</ns3:hr>
            <ns3:cad>85</ns3:cad>
          </ns3:TrackPointExtension>
        </extensions>
      </trkpt>
      <trkpt lat="40.14040094800293445587158203125" lon="94.6538021229207515716552734375">
        <ele>1142.800048828125</ele>
        <time>2025-08-11T23:26:05.000Z</time>
        <extensions>
          <ns3:TrackPointExtension>
            <ns3:hr>162</ns3:hr>
            <ns3:cad>0</ns3:cad>
          </ns3:TrackPointExtension>
        </extensions>
      </trkpt>
      <trkpt lat="40.1404597051441669464111328125" lon="94.653809331357479095458984375">
        <ele>1140.199951171875</ele>
        <time>2025-08-11T23:26:48.000Z</time>
        <extensions>
          <ns3:TrackPointExtension>
            <ns3:hr>137</ns3:hr>
            <ns3:cad>0</ns3:cad>
          </ns3:TrackPointExtension>
        </extensions>
      </trkpt>
      <trkpt lat="40.14048694632947444915771484375" lon="94.65380388312041759490966796875">
        <ele>1140.4000244140625</ele>
        <time>2025-08-11T23:26:49.000Z</time>
        <extensions>
          <ns3:TrackPointExtension>
            <ns3:hr>137</ns3:hr>
            <ns3:cad>0</ns3:cad>
          </ns3:TrackPointExtension>
        </extensions>
      </trkpt>
      <trkpt lat="40.14051695354282855987548828125" lon="94.65380229055881500244140625">
        <ele>1140.4000244140625</ele>
        <time>2025-08-11T23:26:50.000Z</time>
        <extensions>
          <ns3:TrackPointExtension>
            <ns3:hr>137</ns3:hr>
            <ns3:cad>79</ns3:cad>
          </ns3:TrackPointExtension>
        </extensions>
      </trkpt>
      <trkpt lat="40.14054846949875354766845703125" lon="94.653790555894374847412109375">
        <ele>1140.5999755859375</ele>
        <time>2025-08-11T23:26:51.000Z</time>
        <extensions>
          <ns3:TrackPointExtension>
            <ns3:hr>137</ns3:hr>
            <ns3:cad>83</ns3:cad>
          </ns3:TrackPointExtension>
        </extensions>
      </trkpt>
      <trkpt lat="40.14057956635951995849609375" lon="94.65378058142960071563720703125">
        <ele>1140.800048828125</ele>
        <time>2025-08-11T23:26:52.000Z</time>
        <extensions>
          <ns3:TrackPointExtension>
            <ns3:hr>137</ns3:hr>
            <ns3:cad>83</ns3:cad>
          </ns3:TrackPointExtension>
        </extensions>
      </trkpt>
      <trkpt lat="40.14060697518289089202880859375" lon="94.6537645719945430755615234375">
        <ele>1140.800048828125</ele>
        <time>2025-08-11T23:26:53.000Z</time>
        <extensions>
          <ns3:TrackPointExtension>
            <ns3:hr>136</ns3:hr>
            <ns3:cad>84</ns3:cad>
          </ns3:TrackPointExtension>
        </extensions>
      </trkpt>
      <trkpt lat="40.14062650501728057861328125" lon="94.6537253446877002716064453125">
        <ele>1140.800048828125</ele>
        <time>2025-08-11T23:26:54.000Z</time>
        <extensions>
          <ns3:TrackPointExtension>
            <ns3:hr>136</ns3:hr>
            <ns3:cad>85</ns3:cad>
          </ns3:TrackPointExtension>
        </extensions>
      </trkpt>
      <trkpt lat="40.14063614420592784881591796875" lon="94.65370045043528079986572265625">
        <ele>1140.5999755859375</ele>
        <time>2025-08-11T23:26:55.000Z</time>
        <extensions>
          <ns3:TrackPointExtension>
            <ns3:hr>137</ns3:hr>
            <ns3:cad>86</ns3:cad>
          </ns3:TrackPointExtension>
        </extensions>
      </trkpt>
      <trkpt lat="40.14065240509808063507080078125" lon="94.653662480413913726806640625">
        <ele>1140.5999755859375</ele>
        <time>2025-08-11T23:26:56.000Z</time>
        <extensions>
          <ns3:TrackPointExtension>
            <ns3:hr>137</ns3:hr>
            <ns3:cad>86</ns3:cad>
          </ns3:TrackPointExtension>
        </extensions>
      </trkpt>
      <trkpt lat="40.1406588591635227203369140625" lon="94.6536314673721790313720703125">
        <ele>1140.5999755859375</ele>
        <time>2025-08-11T23:26:57.000Z</time>
        <extensions>
          <ns3:TrackPointExtension>
            <ns3:hr>137</ns3:hr>
            <ns3:cad>86</ns3:cad>
          </ns3:TrackPointExtension>
        </extensions>
      </trkpt>
      <trkpt lat="40.14067076146602630615234375" lon="94.65359710156917572021484375">
        <ele>1140.4000244140625</ele>
        <time>2025-08-11T23:26:58.000Z</time>
        <extensions>
          <ns3:TrackPointExtension>
            <ns3:hr>138</ns3:hr>
            <ns3:cad>86</ns3:cad>
          </ns3:TrackPointExtension>
        </extensions>
      </trkpt>
      <trkpt lat="40.14068149030208587646484375" lon="94.65356701053678989410400390625">
        <ele>1140.5999755859375</ele>
        <time>2025-08-11T23:26:59.000Z</time>
        <extensions>
          <ns3:TrackPointExtension>
            <ns3:hr>138</ns3:hr>
            <ns3:cad>87</ns3:cad>
          </ns3:TrackPointExtension>
        </extensions>
      </trkpt>
      <trkpt lat="40.140688531100749969482421875" lon="94.6535369195044040679931640625">
        <ele>1140.5999755859375</ele>
        <time>2025-08-11T23:27:00.000Z</time>
        <extensions>
          <ns3:TrackPointExtension>
            <ns3:hr>138</ns3:hr>
            <ns3:cad>87</ns3:cad>
          </ns3:TrackPointExtension>
        </extensions>
      </trkpt>
      <trkpt lat="40.140699930489063262939453125" lon="94.65350599028170108795166015625">
        <ele>1140.5999755859375</ele>
        <time>2025-08-11T23:27:01.000Z</time>
        <extensions>
          <ns3:TrackPointExtension>
            <ns3:hr>138</ns3:hr>
            <ns3:cad>87</ns3:cad>
          </ns3:TrackPointExtension>
        </extensions>
      </trkpt>
      <trkpt lat="40.14070093631744384765625" lon="94.65348101221024990081787109375">
        <ele>1140.5999755859375</ele>
        <time>2025-08-11T23:27:02.000Z</time>
        <extensions>
          <ns3:TrackPointExtension>
            <ns3:hr>139</ns3:hr>
            <ns3:cad>85</ns3:cad>
          </ns3:TrackPointExtension>
        </extensions>
      </trkpt>
      <trkpt lat="40.14070269651710987091064453125" lon="94.65345871634781360626220703125">
        <ele>1140.5999755859375</ele>
        <time>2025-08-11T23:27:03.000Z</time>
        <extensions>
          <ns3:TrackPointExtension>
            <ns3:hr>139</ns3:hr>
            <ns3:cad>84</ns3:cad>
          </ns3:TrackPointExtension>
        </extensions>
      </trkpt>
      <trkpt lat="40.1407076418399810791015625" lon="94.65343910269439220428466796875">
        <ele>1140.5999755859375</ele>
        <time>2025-08-11T23:27:04.000Z</time>
        <extensions>
          <ns3:TrackPointExtension>
            <ns3:hr>139</ns3:hr>
            <ns3:cad>84</ns3:cad>
          </ns3:TrackPointExtension>
        </extensions>
      </trkpt>
      <trkpt lat="40.1407103240489959716796875" lon="94.6534194052219390869140625">
        <ele>1140.5999755859375</ele>
        <time>2025-08-11T23:27:05.000Z</time>
        <extensions>
          <ns3:TrackPointExtension>
            <ns3:hr>139</ns3:hr>
            <ns3:cad>84</ns3:cad>
          </ns3:TrackPointExtension>
        </extensions>
      </trkpt>
      <trkpt lat="40.1407158561050891876220703125" lon="94.65340088121592998504638671875">
        <ele>1140.800048828125</ele>
        <time>2025-08-11T23:27:06.000Z</time>
        <extensions>
          <ns3:TrackPointExtension>
            <ns3:hr>139</ns3:hr>
            <ns3:cad>84</ns3:cad>
          </ns3:TrackPointExtension>
        </extensions>
      </trkpt>
      <trkpt lat="40.14073370955884456634521484375" lon="94.6533528529107570648193359375">
        <ele>1139.199951171875</ele>
        <time>2025-08-11T23:27:36.000Z</time>
        <extensions>
          <ns3:TrackPointExtension>
            <ns3:hr>135</ns3:hr>
            <ns3:cad>0</ns3:cad>
          </ns3:TrackPointExtension>
        </extensions>
      </trkpt>
      <trkpt lat="40.14073370955884456634521484375" lon="94.653333909809589385986328125">
        <ele>1139.199951171875</ele>
        <time>2025-08-11T23:27:37.000Z</time>
        <extensions>
          <ns3:TrackPointExtension>
            <ns3:hr>135</ns3:hr>
            <ns3:cad>0</ns3:cad>
          </ns3:TrackPointExtension>
        </extensions>
      </trkpt>
      <trkpt lat="40.1407299377024173736572265625" lon="94.6533132903277873992919921875">
        <ele>1139.199951171875</ele>
        <time>2025-08-11T23:27:38.000Z</time>
        <extensions>
          <ns3:TrackPointExtension>
            <ns3:hr>135</ns3:hr>
            <ns3:cad>0</ns3:cad>
          </ns3:TrackPointExtension>
        </extensions>
      </trkpt>
      <trkpt lat="40.14072130434215068817138671875" lon="94.65329258702695369720458984375">
        <ele>1139.199951171875</ele>
        <time>2025-08-11T23:27:39.000Z</time>
        <extensions>
          <ns3:TrackPointExtension>
            <ns3:hr>134</ns3:hr>
            <ns3:cad>75</ns3:cad>
          </ns3:TrackPointExtension>
        </extensions>
      </trkpt>
      <trkpt lat="40.1407118327915668487548828125" lon="94.6532584726810455322265625">
        <ele>1139.199951171875</ele>
        <time>2025-08-11T23:27:40.000Z</time>
        <extensions>
          <ns3:TrackPointExtension>
            <ns3:hr>133</ns3:hr>
            <ns3:cad>75</ns3:cad>
          </ns3:TrackPointExtension>
        </extensions>
      </trkpt>
      <trkpt lat="40.14070370234549045562744140625" lon="94.6532308124005794525146484375">
        <ele>1139.199951171875</ele>
        <time>2025-08-11T23:27:41.000Z</time>
        <extensions>
          <ns3:TrackPointExtension>
            <ns3:hr>133</ns3:hr>
            <ns3:cad>75</ns3:cad>
          </ns3:TrackPointExtension>
        </extensions>
      </trkpt>
      <trkpt lat="40.14069548808038234710693359375" lon="94.65320642106235027313232421875">
        <ele>1139.199951171875</ele>
        <time>2025-08-11T23:27:42.000Z</time>
        <extensions>
          <ns3:TrackPointExtension>
            <ns3:hr>132</ns3:hr>
            <ns3:cad>75</ns3:cad>
          </ns3:TrackPointExtension>
        </extensions>
      </trkpt>
      <trkpt lat="40.14068559743463993072509765625" lon="94.65317708440124988555908203125">
        <ele>1139.4000244140625</ele>
        <time>2025-08-11T23:27:43.000Z</time>
        <extensions>
          <ns3:TrackPointExtension>
            <ns3:hr>132</ns3:hr>
            <ns3:cad>83</ns3:cad>
          </ns3:TrackPointExtension>
        </extensions>
      </trkpt>
      <trkpt lat="40.14066631905734539031982421875" lon="94.65315143577754497528076171875">
        <ele>1139.4000244140625</ele>
        <time>2025-08-11T23:27:44.000Z</time>
        <extensions>
          <ns3:TrackPointExtension>
            <ns3:hr>132</ns3:hr>
            <ns3:cad>83</ns3:cad>
          </ns3:TrackPointExtension>
        </extensions>
      </trkpt>
      <trkpt lat="40.1406585238873958587646484375" lon="94.65311438776552677154541015625">
        <ele>1139.4000244140625</ele>
        <time>2025-08-11T23:27:45.000Z</time>
        <extensions>
          <ns3:TrackPointExtension>
            <ns3:hr>133</ns3:hr>
            <ns3:cad>83</ns3:cad>
          </ns3:TrackPointExtension>
        </extensions>
      </trkpt>
      <trkpt lat="40.1406494714319705963134765625" lon="94.65308345854282379150390625">
        <ele>1139.4000244140625</ele>
        <time>2025-08-11T23:27:46.000Z</time>
        <extensions>
          <ns3:TrackPointExtension>
            <ns3:hr>133</ns3:hr>
            <ns3:cad>84</ns3:cad>
          </ns3:TrackPointExtension>
        </extensions>
      </trkpt>
      <trkpt lat="40.14064318500459194183349609375" lon="94.65304615907371044158935546875">
        <ele>1139.4000244140625</ele>
        <time>2025-08-11T23:27:47.000Z</time>
        <extensions>
          <ns3:TrackPointExtension>
            <ns3:hr>133</ns3:hr>
            <ns3:cad>85</ns3:cad>
          </ns3:TrackPointExtension>
        </extensions>
      </trkpt>
      <trkpt lat="40.14063882641494274139404296875" lon="94.6530216000974178314208984375">
        <ele>1139.4000244140625</ele>
        <time>2025-08-11T23:27:48.000Z</time>
        <extensions>
          <ns3:TrackPointExtension>
            <ns3:hr>134</ns3:hr>
            <ns3:cad>87</ns3:cad>
          </ns3:TrackPointExtension>
        </extensions>
      </trkpt>
      <trkpt lat="40.1406410895287990570068359375" lon="94.6529860608279705047607421875">
        <ele>1139.4000244140625</ele>
        <time>2025-08-11T23:27:49.000Z</time>
        <extensions>
          <ns3:TrackPointExtension>
            <ns3:hr>134</ns3:hr>
            <ns3:cad>87</ns3:cad>
          </ns3:TrackPointExtension>
        </extensions>
      </trkpt>
      <trkpt lat="40.14063999988138675689697265625" lon="94.652955047786235809326171875">
        <ele>1139.4000244140625</ele>
        <time>2025-08-11T23:27:50.000Z</time>
        <extensions>
          <ns3:TrackPointExtension>
            <ns3:hr>134</ns3:hr>
            <ns3:cad>88</ns3:cad>
          </ns3:TrackPointExtension>
        </extensions>
      </trkpt>
      <trkpt lat="40.1406397484242916107177734375" lon="94.65291573666036128997802734375">
        <ele>1139.4000244140625</ele>
        <time>2025-08-11T23:27:51.000Z</time>
        <extensions>
          <ns3:TrackPointExtension>
            <ns3:hr>135</ns3:hr>
            <ns3:cad>89</ns3:cad>
          </ns3:TrackPointExtension>
        </extensions>
      </trkpt>
      <trkpt lat="40.14063631184399127960205078125" lon="94.652887992560863494873046875">
        <ele>1139.4000244140625</ele>
        <time>2025-08-11T23:27:52.000Z</time>
        <extensions>
          <ns3:TrackPointExtension>
            <ns3:hr>135</ns3:hr>
            <ns3:cad>89</ns3:cad>
          </ns3:TrackPointExtension>
        </extensions>
      </trkpt>
      <trkpt lat="40.14064050279557704925537109375" lon="94.65284650214016437530517578125">
        <ele>1139.4000244140625</ele>
        <time>2025-08-11T23:27:53.000Z</time>
        <extensions>
          <ns3:TrackPointExtension>
            <ns3:hr>136</ns3:hr>
            <ns3:cad>89</ns3:cad>
          </ns3:TrackPointExtension>
        </extensions>
      </trkpt>
      <trkpt lat="40.14063580892980098724365234375" lon="94.65281733311712741851806640625">
        <ele>1139.4000244140625</ele>
        <time>2025-08-11T23:27:54.000Z</time>
        <extensions>
          <ns3:TrackPointExtension>
            <ns3:hr>136</ns3:hr>
            <ns3:cad>88</ns3:cad>
          </ns3:TrackPointExtension>
        </extensions>
      </trkpt>
      <trkpt lat="40.14063589274883270263671875" lon="94.65278212912380695343017578125">
        <ele>1139.4000244140625</ele>
        <time>2025-08-11T23:27:55.000Z</time>
        <extensions>
          <ns3:TrackPointExtension>
            <ns3:hr>136</ns3:hr>
            <ns3:cad>89</ns3:cad>
          </ns3:TrackPointExtension>
        </extensions>
      </trkpt>
      <trkpt lat="40.1406333781778812408447265625" lon="94.65275195427238941192626953125">
        <ele>1139.4000244140625</ele>
        <time>2025-08-11T23:27:56.000Z</time>
        <extensions>
          <ns3:TrackPointExtension>
            <ns3:hr>137</ns3:hr>
            <ns3:cad>89</ns3:cad>
          </ns3:TrackPointExtension>
        </extensions>
      </trkpt>
      <trkpt lat="40.14063346199691295623779296875" lon="94.65271406807005405426025390625">
        <ele>1139.4000244140625</ele>
        <time>2025-08-11T23:27:57.000Z</time>
        <extensions>
          <ns3:TrackPointExtension>
            <ns3:hr>137</ns3:hr>
            <ns3:cad>89</ns3:cad>
          </ns3:TrackPointExtension>
        </extensions>
      </trkpt>
      <trkpt lat="40.14063044451177120208740234375" lon="94.65268305502831935882568359375">
        <ele>1139.4000244140625</ele>
        <time>2025-08-11T23:27:58.000Z</time>
        <extensions>
          <ns3:TrackPointExtension>
            <ns3:hr>137</ns3:hr>
            <ns3:cad>89</ns3:cad>
          </ns3:TrackPointExtension>
        </extensions>
      </trkpt>
      <trkpt lat="40.14063145034015178680419921875" lon="94.65264491736888885498046875">
        <ele>1139.4000244140625</ele>
        <time>2025-08-11T23:27:59.000Z</time>
        <extensions>
          <ns3:TrackPointExtension>
            <ns3:hr>137</ns3:hr>
            <ns3:cad>90</ns3:cad>
          </ns3:TrackPointExtension>
        </extensions>
      </trkpt>
      <trkpt lat="40.1406249962747097015380859375" lon="94.65261281467974185943603515625">
        <ele>1139.4000244140625</ele>
        <time>2025-08-11T23:28:00.000Z</time>
        <extensions>
          <ns3:TrackPointExtension>
            <ns3:hr>138</ns3:hr>
            <ns3:cad>90</ns3:cad>
          </ns3:TrackPointExtension>
        </extensions>
      </trkpt>
      <trkpt lat="40.140623152256011962890625" lon="94.65257392264902591705322265625">
        <ele>1139.4000244140625</ele>
        <time>2025-08-11T23:28:01.000Z</time>
        <extensions>
          <ns3:TrackPointExtension>
            <ns3:hr>138</ns3:hr>
            <ns3:cad>90</ns3:cad>
          </ns3:TrackPointExtension>
        </extensions>
      </trkpt>
      <trkpt lat="40.1406199671328067779541015625" lon="94.65254358015954494476318359375">
        <ele>1139.4000244140625</ele>
        <time>2025-08-11T23:28:02.000Z</time>
        <extensions>
          <ns3:TrackPointExtension>
            <ns3:hr>138</ns3:hr>
            <ns3:cad>90</ns3:cad>
          </ns3:TrackPointExtension>
        </extensions>
      </trkpt>
      <trkpt lat="40.14062189497053623199462890625" lon="94.6525072865188121795654296875">
        <ele>1139.4000244140625</ele>
        <time>2025-08-11T23:28:03.000Z</time>
        <extensions>
          <ns3:TrackPointExtension>
            <ns3:hr>139</ns3:hr>
            <ns3:cad>90</ns3:cad>
          </ns3:TrackPointExtension>
        </extensions>
      </trkpt>
      <trkpt lat="40.14061703346669673919677734375" lon="94.652474261820316314697265625">
        <ele>1139.4000244140625</ele>
        <time>2025-08-11T23:28:04.000Z</time>
        <extensions>
          <ns3:TrackPointExtension>
            <ns3:hr>139</ns3:hr>
            <ns3:cad>89</ns3:cad>
          </ns3:TrackPointExtension>
        </extensions>
      </trkpt>
      <trkpt lat="40.14062038622796535491943359375" lon="94.65243277139961719512939453125">
        <ele>1139.4000244140625</ele>
        <time>2025-08-11T23:28:05.000Z</time>
        <extensions>
          <ns3:TrackPointExtension>
            <ns3:hr>139</ns3:hr>
            <ns3:cad>89</ns3:cad>
          </ns3:TrackPointExtension>
        </extensions>
      </trkpt>
      <trkpt lat="40.14061535708606243133544921875" lon="94.65240377001464366912841796875">
        <ele>1139.4000244140625</ele>
        <time>2025-08-11T23:28:06.000Z</time>
        <extensions>
          <ns3:TrackPointExtension>
            <ns3:hr>140</ns3:hr>
            <ns3:cad>90</ns3:cad>
          </ns3:TrackPointExtension>
        </extensions>
      </trkpt>
      <trkpt lat="40.14061217196285724639892578125" lon="94.65237007476389408111572265625">
        <ele>1139.4000244140625</ele>
        <time>2025-08-11T23:28:07.000Z</time>
        <extensions>
          <ns3:TrackPointExtension>
            <ns3:hr>140</ns3:hr>
            <ns3:cad>90</ns3:cad>
          </ns3:TrackPointExtension>
        </extensions>
      </trkpt>
      <trkpt lat="40.1406099088490009307861328125" lon="94.652339480817317962646484375">
        <ele>1139.4000244140625</ele>
        <time>2025-08-11T23:28:08.000Z</time>
        <extensions>
          <ns3:TrackPointExtension>
            <ns3:hr>140</ns3:hr>
            <ns3:cad>90</ns3:cad>
          </ns3:TrackPointExtension>
        </extensions>
      </trkpt>
      <trkpt lat="40.14061150141060352325439453125" lon="94.65230419300496578216552734375">
        <ele>1139.5999755859375</ele>
        <time>2025-08-11T23:28:09.000Z</time>
        <extensions>
          <ns3:TrackPointExtension>
            <ns3:hr>140</ns3:hr>
            <ns3:cad>91</ns3:cad>
          </ns3:TrackPointExtension>
        </extensions>
      </trkpt>
      <trkpt lat="40.14061083085834980010986328125" lon="94.65227552689611911773681640625">
        <ele>1139.5999755859375</ele>
        <time>2025-08-11T23:28:10.000Z</time>
        <extensions>
          <ns3:TrackPointExtension>
            <ns3:hr>141</ns3:hr>
            <ns3:cad>91</ns3:cad>
          </ns3:TrackPointExtension>
        </extensions>
      </trkpt>
      <trkpt lat="40.1406078971922397613525390625" lon="94.652230180799961090087890625">
        <ele>1139.5999755859375</ele>
        <time>2025-08-11T23:28:11.000Z</time>
        <extensions>
          <ns3:TrackPointExtension>
            <ns3:hr>141</ns3:hr>
            <ns3:cad>91</ns3:cad>
          </ns3:TrackPointExtension>
        </extensions>
      </trkpt>
      <trkpt lat="40.14060328714549541473388671875" lon="94.6521914564073085784912109375">
        <ele>1139.5999755859375</ele>
        <time>2025-08-11T23:28:12.000Z</time>
        <extensions>
          <ns3:TrackPointExtension>
            <ns3:hr>141</ns3:hr>
            <ns3:cad>91</ns3:cad>
          </ns3:TrackPointExtension>
        </extensions>
      </trkpt>
      <trkpt lat="40.14060479588806629180908203125" lon="94.65216103009879589080810546875">
        <ele>1139.5999755859375</ele>
        <time>2025-08-11T23:28:13.000Z</time>
        <extensions>
          <ns3:TrackPointExtension>
            <ns3:hr>141</ns3:hr>
            <ns3:cad>91</ns3:cad>
          </ns3:TrackPointExtension>
        </extensions>
      </trkpt>
      <trkpt lat="40.14060504734516143798828125" lon="94.65212917886674404144287109375">
        <ele>1139.5999755859375</ele>
        <time>2025-08-11T23:28:14.000Z</time>
        <extensions>
          <ns3:TrackPointExtension>
            <ns3:hr>142</ns3:hr>
            <ns3:cad>91</ns3:cad>
          </ns3:TrackPointExtension>
        </extensions>
      </trkpt>
      <trkpt lat="40.14060345478355884552001953125" lon="94.65209498070180416107177734375">
        <ele>1139.5999755859375</ele>
        <time>2025-08-11T23:28:15.000Z</time>
        <extensions>
          <ns3:TrackPointExtension>
            <ns3:hr>142</ns3:hr>
            <ns3:cad>91</ns3:cad>
          </ns3:TrackPointExtension>
        </extensions>
      </trkpt>
      <trkpt lat="40.1405990123748779296875" lon="94.6520590223371982574462890625">
        <ele>1139.5999755859375</ele>
        <time>2025-08-11T23:28:16.000Z</time>
        <extensions>
          <ns3:TrackPointExtension>
            <ns3:hr>142</ns3:hr>
            <ns3:cad>91</ns3:cad>
          </ns3:TrackPointExtension>
        </extensions>
      </trkpt>
      <trkpt lat="40.140593983232975006103515625" lon="94.65203060768544673919677734375">
        <ele>1139.5999755859375</ele>
        <time>2025-08-11T23:28:17.000Z</time>
        <extensions>
          <ns3:TrackPointExtension>
            <ns3:hr>142</ns3:hr>
            <ns3:cad>90</ns3:cad>
          </ns3:TrackPointExtension>
        </extensions>
      </trkpt>
      <trkpt lat="40.14058970846235752105712890625" lon="94.65200261212885379791259765625">
        <ele>1139.5999755859375</ele>
        <time>2025-08-11T23:28:18.000Z</time>
        <extensions>
          <ns3:TrackPointExtension>
            <ns3:hr>143</ns3:hr>
            <ns3:cad>90</ns3:cad>
          </ns3:TrackPointExtension>
        </extensions>
      </trkpt>
      <trkpt lat="40.1405911333858966827392578125" lon="94.651972353458404541015625">
        <ele>1139.4000244140625</ele>
        <time>2025-08-11T23:28:19.000Z</time>
        <extensions>
          <ns3:TrackPointExtension>
            <ns3:hr>143</ns3:hr>
            <ns3:cad>90</ns3:cad>
          </ns3:TrackPointExtension>
        </extensions>
      </trkpt>
      <trkpt lat="40.140591301023960113525390625" lon="94.65194175951182842254638671875">
        <ele>1139.4000244140625</ele>
        <time>2025-08-11T23:28:20.000Z</time>
        <extensions>
          <ns3:TrackPointExtension>
            <ns3:hr>143</ns3:hr>
            <ns3:cad>90</ns3:cad>
          </ns3:TrackPointExtension>
        </extensions>
      </trkpt>
      <trkpt lat="40.1405850984156131744384765625" lon="94.65191409923136234283447265625">
        <ele>1139.4000244140625</ele>
        <time>2025-08-11T23:28:21.000Z</time>
        <extensions>
          <ns3:TrackPointExtension>
            <ns3:hr>143</ns3:hr>
            <ns3:cad>91</ns3:cad>
          </ns3:TrackPointExtension>
        </extensions>
      </trkpt>
      <trkpt lat="40.1405807398259639739990234375" lon="94.651875793933868408203125">
        <ele>1139.4000244140625</ele>
        <time>2025-08-11T23:28:22.000Z</time>
        <extensions>
          <ns3:TrackPointExtension>
            <ns3:hr>144</ns3:hr>
            <ns3:cad>91</ns3:cad>
          </ns3:TrackPointExtension>
        </extensions>
      </trkpt>
      <trkpt lat="40.1405780576169490814208984375" lon="94.65184503234922885894775390625">
        <ele>1139.4000244140625</ele>
        <time>2025-08-11T23:28:23.000Z</time>
        <extensions>
          <ns3:TrackPointExtension>
            <ns3:hr>144</ns3:hr>
            <ns3:cad>91</ns3:cad>
          </ns3:TrackPointExtension>
        </extensions>
      </trkpt>
      <trkpt lat="40.140575207769870758056640625" lon="94.65181033127009868621826171875">
        <ele>1139.199951171875</ele>
        <time>2025-08-11T23:28:24.000Z</time>
        <extensions>
          <ns3:TrackPointExtension>
            <ns3:hr>144</ns3:hr>
            <ns3:cad>91</ns3:cad>
          </ns3:TrackPointExtension>
        </extensions>
      </trkpt>
      <trkpt lat="40.1405726931989192962646484375" lon="94.65178392827510833740234375">
        <ele>1139.199951171875</ele>
        <time>2025-08-11T23:28:25.000Z</time>
        <extensions>
          <ns3:TrackPointExtension>
            <ns3:hr>144</ns3:hr>
            <ns3:cad>91</ns3:cad>
          </ns3:TrackPointExtension>
        </extensions>
      </trkpt>
      <trkpt lat="40.14057260937988758087158203125" lon="94.651750065386295318603515625">
        <ele>1139.199951171875</ele>
        <time>2025-08-11T23:28:26.000Z</time>
        <extensions>
          <ns3:TrackPointExtension>
            <ns3:hr>145</ns3:hr>
            <ns3:cad>91</ns3:cad>
          </ns3:TrackPointExtension>
        </extensions>
      </trkpt>
      <trkpt lat="40.14056858606636524200439453125" lon="94.65172290802001953125">
        <ele>1139.199951171875</ele>
        <time>2025-08-11T23:28:27.000Z</time>
        <extensions>
          <ns3:TrackPointExtension>
            <ns3:hr>145</ns3:hr>
            <ns3:cad>91</ns3:cad>
          </ns3:TrackPointExtension>
        </extensions>
      </trkpt>
      <trkpt lat="40.14056674204766750335693359375" lon="94.6516858600080013275146484375">
        <ele>1139.199951171875</ele>
        <time>2025-08-11T23:28:28.000Z</time>
        <extensions>
          <ns3:TrackPointExtension>
            <ns3:hr>145</ns3:hr>
            <ns3:cad>90</ns3:cad>
          </ns3:TrackPointExtension>
        </extensions>
      </trkpt>
      <trkpt lat="40.14056808315217494964599609375" lon="94.651658199727535247802734375">
        <ele>1139.199951171875</ele>
        <time>2025-08-11T23:28:29.000Z</time>
        <extensions>
          <ns3:TrackPointExtension>
            <ns3:hr>146</ns3:hr>
            <ns3:cad>90</ns3:cad>
          </ns3:TrackPointExtension>
        </extensions>
      </trkpt>
      <trkpt lat="40.14057043008506298065185546875" lon="94.651617966592311859130859375">
        <ele>1139.4000244140625</ele>
        <time>2025-08-11T23:28:30.000Z</time>
        <extensions>
          <ns3:TrackPointExtension>
            <ns3:hr>146</ns3:hr>
            <ns3:cad>90</ns3:cad>
          </ns3:TrackPointExtension>
        </extensions>
      </trkpt>
      <trkpt lat="40.1405696757137775421142578125" lon="94.65158904902637004852294921875">
        <ele>1139.4000244140625</ele>
        <time>2025-08-11T23:28:31.000Z</time>
        <extensions>
          <ns3:TrackPointExtension>
            <ns3:hr>146</ns3:hr>
            <ns3:cad>90</ns3:cad>
          </ns3:TrackPointExtension>
        </extensions>
      </trkpt>
      <trkpt lat="40.14058250002562999725341796875" lon="94.65155350975692272186279296875">
        <ele>1139.4000244140625</ele>
        <time>2025-08-11T23:28:32.000Z</time>
        <extensions>
          <ns3:TrackPointExtension>
            <ns3:hr>146</ns3:hr>
            <ns3:cad>90</ns3:cad>
          </ns3:TrackPointExtension>
        </extensions>
      </trkpt>
      <trkpt lat="40.1405897922813892364501953125" lon="94.6515282802283763885498046875">
        <ele>1139.4000244140625</ele>
        <time>2025-08-11T23:28:33.000Z</time>
        <extensions>
          <ns3:TrackPointExtension>
            <ns3:hr>146</ns3:hr>
            <ns3:cad>90</ns3:cad>
          </ns3:TrackPointExtension>
        </extensions>
      </trkpt>
      <trkpt lat="40.14060161076486110687255859375" lon="94.65149684809148311614990234375">
        <ele>1139.4000244140625</ele>
        <time>2025-08-11T23:28:34.000Z</time>
        <extensions>
          <ns3:TrackPointExtension>
            <ns3:hr>146</ns3:hr>
            <ns3:cad>90</ns3:cad>
          </ns3:TrackPointExtension>
        </extensions>
      </trkpt>
      <trkpt lat="40.140607059001922607421875" lon="94.65147036127746105194091796875">
        <ele>1139.4000244140625</ele>
        <time>2025-08-11T23:28:35.000Z</time>
        <extensions>
          <ns3:TrackPointExtension>
            <ns3:hr>146</ns3:hr>
            <ns3:cad>89</ns3:cad>
          </ns3:TrackPointExtension>
        </extensions>
      </trkpt>
      <trkpt lat="40.14061016030609607696533203125" lon="94.6514360792934894561767578125">
        <ele>1139.4000244140625</ele>
        <time>2025-08-11T23:28:36.000Z</time>
        <extensions>
          <ns3:TrackPointExtension>
            <ns3:hr>146</ns3:hr>
            <ns3:cad>89</ns3:cad>
          </ns3:TrackPointExtension>
        </extensions>
      </trkpt>
      <trkpt lat="40.14061116613447666168212890625" lon="94.65140640735626220703125">
        <ele>1139.5999755859375</ele>
        <time>2025-08-11T23:28:37.000Z</time>
        <extensions>
          <ns3:TrackPointExtension>
            <ns3:hr>147</ns3:hr>
            <ns3:cad>88</ns3:cad>
          </ns3:TrackPointExtension>
        </extensions>
      </trkpt>
      <trkpt lat="40.14061049558222293853759765625" lon="94.65136927552521228790283203125">
        <ele>1139.5999755859375</ele>
        <time>2025-08-11T23:28:38.000Z</time>
        <extensions>
          <ns3:TrackPointExtension>
            <ns3:hr>147</ns3:hr>
            <ns3:cad>88</ns3:cad>
          </ns3:TrackPointExtension>
        </extensions>
      </trkpt>
      <trkpt lat="40.140610076487064361572265625" lon="94.65133541263639926910400390625">
        <ele>1139.5999755859375</ele>
        <time>2025-08-11T23:28:39.000Z</time>
        <extensions>
          <ns3:TrackPointExtension>
            <ns3:hr>147</ns3:hr>
            <ns3:cad>88</ns3:cad>
          </ns3:TrackPointExtension>
        </extensions>
      </trkpt>
      <trkpt lat="40.14060479588806629180908203125" lon="94.65130339376628398895263671875">
        <ele>1139.5999755859375</ele>
        <time>2025-08-11T23:28:40.000Z</time>
        <extensions>
          <ns3:TrackPointExtension>
            <ns3:hr>147</ns3:hr>
            <ns3:cad>88</ns3:cad>
          </ns3:TrackPointExtension>
        </extensions>
      </trkpt>
      <trkpt lat="40.14060043729841709136962890625" lon="94.6512714587152004241943359375">
        <ele>1139.5999755859375</ele>
        <time>2025-08-11T23:28:41.000Z</time>
        <extensions>
          <ns3:TrackPointExtension>
            <ns3:hr>147</ns3:hr>
            <ns3:cad>88</ns3:cad>
          </ns3:TrackPointExtension>
        </extensions>
      </trkpt>
      <trkpt lat="40.14059431850910186767578125" lon="94.65124472044408321380615234375">
        <ele>1139.5999755859375</ele>
        <time>2025-08-11T23:28:42.000Z</time>
        <extensions>
          <ns3:TrackPointExtension>
            <ns3:hr>147</ns3:hr>
            <ns3:cad>88</ns3:cad>
          </ns3:TrackPointExtension>
        </extensions>
      </trkpt>
      <trkpt lat="40.1405924744904041290283203125" lon="94.65121320448815822601318359375">
        <ele>1139.5999755859375</ele>
        <time>2025-08-11T23:28:43.000Z</time>
        <extensions>
          <ns3:TrackPointExtension>
            <ns3:hr>148</ns3:hr>
            <ns3:cad>88</ns3:cad>
          </ns3:TrackPointExtension>
        </extensions>
      </trkpt>
      <trkpt lat="40.14059163630008697509765625" lon="94.65118722058832645416259765625">
        <ele>1139.5999755859375</ele>
        <time>2025-08-11T23:28:44.000Z</time>
        <extensions>
          <ns3:TrackPointExtension>
            <ns3:hr>148</ns3:hr>
            <ns3:cad>89</ns3:cad>
          </ns3:TrackPointExtension>
        </extensions>
      </trkpt>
      <trkpt lat="40.1405948214232921600341796875" lon="94.65115302242338657379150390625">
        <ele>1139.5999755859375</ele>
        <time>2025-08-11T23:28:45.000Z</time>
        <extensions>
          <ns3:TrackPointExtension>
            <ns3:hr>148</ns3:hr>
            <ns3:cad>89</ns3:cad>
          </ns3:TrackPointExtension>
        </extensions>
      </trkpt>
      <trkpt lat="40.1405934803187847137451171875" lon="94.651129133999347686767578125">
        <ele>1139.5999755859375</ele>
        <time>2025-08-11T23:28:46.000Z</time>
        <extensions>
          <ns3:TrackPointExtension>
            <ns3:hr>148</ns3:hr>
            <ns3:cad>89</ns3:cad>
          </ns3:TrackPointExtension>
        </extensions>
      </trkpt>
      <trkpt lat="40.140599347651004791259765625" lon="94.65109594166278839111328125">
        <ele>1139.5999755859375</ele>
        <time>2025-08-11T23:28:47.000Z</time>
        <extensions>
          <ns3:TrackPointExtension>
            <ns3:hr>148</ns3:hr>
            <ns3:cad>88</ns3:cad>
          </ns3:TrackPointExtension>
        </extensions>
      </trkpt>
      <trkpt lat="40.14060026966035366058349609375" lon="94.65107406489551067352294921875">
        <ele>1139.5999755859375</ele>
        <time>2025-08-11T23:28:48.000Z</time>
        <extensions>
          <ns3:TrackPointExtension>
            <ns3:hr>148</ns3:hr>
            <ns3:cad>88</ns3:cad>
          </ns3:TrackPointExtension>
        </extensions>
      </trkpt>
      <trkpt lat="40.14060446061193943023681640625" lon="94.6510456502437591552734375">
        <ele>1139.5999755859375</ele>
        <time>2025-08-11T23:28:49.000Z</time>
        <extensions>
          <ns3:TrackPointExtension>
            <ns3:hr>148</ns3:hr>
            <ns3:cad>88</ns3:cad>
          </ns3:TrackPointExtension>
        </extensions>
      </trkpt>
      <trkpt lat="40.1406057178974151611328125" lon="94.65102142654359340667724609375">
        <ele>1139.5999755859375</ele>
        <time>2025-08-11T23:28:50.000Z</time>
        <extensions>
          <ns3:TrackPointExtension>
            <ns3:hr>148</ns3:hr>
            <ns3:cad>88</ns3:cad>
          </ns3:TrackPointExtension>
        </extensions>
      </trkpt>
      <trkpt lat="40.1406095735728740692138671875" lon="94.650989659130573272705078125">
        <ele>1139.5999755859375</ele>
        <time>2025-08-11T23:28:51.000Z</time>
        <extensions>
          <ns3:TrackPointExtension>
            <ns3:hr>148</ns3:hr>
            <ns3:cad>88</ns3:cad>
          </ns3:TrackPointExtension>
        </extensions>
      </trkpt>
      <trkpt lat="40.1406038738787174224853515625" lon="94.6509720571339130401611328125">
        <ele>1139.5999755859375</ele>
        <time>2025-08-11T23:28:52.000Z</time>
        <extensions>
          <ns3:TrackPointExtension>
            <ns3:hr>149</ns3:hr>
            <ns3:cad>88</ns3:cad>
          </ns3:TrackPointExtension>
        </extensions>
      </trkpt>
      <trkpt lat="40.14058903791010379791259765625" lon="94.65094246901571750640869140625">
        <ele>1139.5999755859375</ele>
        <time>2025-08-11T23:28:53.000Z</time>
        <extensions>
          <ns3:TrackPointExtension>
            <ns3:hr>148</ns3:hr>
            <ns3:cad>88</ns3:cad>
          </ns3:TrackPointExtension>
        </extensions>
      </trkpt>
      <trkpt lat="40.14057948254048824310302734375" lon="94.6509194187819957733154296875">
        <ele>1139.5999755859375</ele>
        <time>2025-08-11T23:28:54.000Z</time>
        <extensions>
          <ns3:TrackPointExtension>
            <ns3:hr>148</ns3:hr>
            <ns3:cad>88</ns3:cad>
          </ns3:TrackPointExtension>
        </extensions>
      </trkpt>
      <trkpt lat="40.1405750401318073272705078125" lon="94.650899805128574371337890625">
        <ele>1139.5999755859375</ele>
        <time>2025-08-11T23:28:55.000Z</time>
        <extensions>
          <ns3:TrackPointExtension>
            <ns3:hr>149</ns3:hr>
            <ns3:cad>88</ns3:cad>
          </ns3:TrackPointExtension>
        </extensions>
      </trkpt>
      <trkpt lat="40.14058652333915233612060546875" lon="94.6508761681616306304931640625">
        <ele>1139.5999755859375</ele>
        <time>2025-08-11T23:28:56.000Z</time>
        <extensions>
          <ns3:TrackPointExtension>
            <ns3:hr>148</ns3:hr>
            <ns3:cad>88</ns3:cad>
          </ns3:TrackPointExtension>
        </extensions>
      </trkpt>
      <trkpt lat="40.14059255830943584442138671875" lon="94.6508550457656383514404296875">
        <ele>1139.5999755859375</ele>
        <time>2025-08-11T23:28:57.000Z</time>
        <extensions>
          <ns3:TrackPointExtension>
            <ns3:hr>148</ns3:hr>
            <ns3:cad>88</ns3:cad>
          </ns3:TrackPointExtension>
        </extensions>
      </trkpt>
      <trkpt lat="40.14058903791010379791259765625" lon="94.65082193724811077117919921875">
        <ele>1139.5999755859375</ele>
        <time>2025-08-11T23:28:58.000Z</time>
        <extensions>
          <ns3:TrackPointExtension>
            <ns3:hr>149</ns3:hr>
            <ns3:cad>87</ns3:cad>
          </ns3:TrackPointExtension>
        </extensions>
      </trkpt>
      <trkpt lat="40.14059088192880153656005859375" lon="94.65079427696764469146728515625">
        <ele>1139.5999755859375</ele>
        <time>2025-08-11T23:28:59.000Z</time>
        <extensions>
          <ns3:TrackPointExtension>
            <ns3:hr>148</ns3:hr>
            <ns3:cad>86</ns3:cad>
          </ns3:TrackPointExtension>
        </extensions>
      </trkpt>
      <trkpt lat="40.14058786444365978240966796875" lon="94.65075504966080188751220703125">
        <ele>1139.5999755859375</ele>
        <time>2025-08-11T23:29:00.000Z</time>
        <extensions>
          <ns3:TrackPointExtension>
            <ns3:hr>145</ns3:hr>
            <ns3:cad>85</ns3:cad>
          </ns3:TrackPointExtension>
        </extensions>
      </trkpt>
      <trkpt lat="40.140586607158184051513671875" lon="94.6507249586284160614013671875">
        <ele>1139.5999755859375</ele>
        <time>2025-08-11T23:29:01.000Z</time>
        <extensions>
          <ns3:TrackPointExtension>
            <ns3:hr>143</ns3:hr>
            <ns3:cad>85</ns3:cad>
          </ns3:TrackPointExtension>
        </extensions>
      </trkpt>
      <trkpt lat="40.14058233238756656646728515625" lon="94.6506894193589687347412109375">
        <ele>1139.5999755859375</ele>
        <time>2025-08-11T23:29:02.000Z</time>
        <extensions>
          <ns3:TrackPointExtension>
            <ns3:hr>142</ns3:hr>
            <ns3:cad>86</ns3:cad>
          </ns3:TrackPointExtension>
        </extensions>
      </trkpt>
      <trkpt lat="40.14057847671210765838623046875" lon="94.65065429918467998504638671875">
        <ele>1139.5999755859375</ele>
        <time>2025-08-11T23:29:03.000Z</time>
        <extensions>
          <ns3:TrackPointExtension>
            <ns3:hr>142</ns3:hr>
            <ns3:cad>86</ns3:cad>
          </ns3:TrackPointExtension>
        </extensions>
      </trkpt>
      <trkpt lat="40.14057713560760021209716796875" lon="94.65062328614294528961181640625">
        <ele>1139.5999755859375</ele>
        <time>2025-08-11T23:29:04.000Z</time>
        <extensions>
          <ns3:TrackPointExtension>
            <ns3:hr>141</ns3:hr>
            <ns3:cad>87</ns3:cad>
          </ns3:TrackPointExtension>
        </extensions>
      </trkpt>
      <trkpt lat="40.1405780576169490814208984375" lon="94.65058674104511737823486328125">
        <ele>1139.5999755859375</ele>
        <time>2025-08-11T23:29:05.000Z</time>
        <extensions>
          <ns3:TrackPointExtension>
            <ns3:hr>141</ns3:hr>
            <ns3:cad>87</ns3:cad>
          </ns3:TrackPointExtension>
        </extensions>
      </trkpt>
      <trkpt lat="40.1405740343034267425537109375" lon="94.6505563147366046905517578125">
        <ele>1139.800048828125</ele>
        <time>2025-08-11T23:29:06.000Z</time>
        <extensions>
          <ns3:TrackPointExtension>
            <ns3:hr>141</ns3:hr>
            <ns3:cad>87</ns3:cad>
          </ns3:TrackPointExtension>
        </extensions>
      </trkpt>
      <trkpt lat="40.1405673287808895111083984375" lon="94.65047559700906276702880859375">
        <ele>1139.800048828125</ele>
        <time>2025-08-11T23:29:07.000Z</time>
        <extensions>
          <ns3:TrackPointExtension>
            <ns3:hr>141</ns3:hr>
            <ns3:cad>87</ns3:cad>
          </ns3:TrackPointExtension>
        </extensions>
      </trkpt>
      <trkpt lat="40.14056556858122348785400390625" lon="94.65043787844479084014892578125">
        <ele>1139.800048828125</ele>
        <time>2025-08-11T23:29:08.000Z</time>
        <extensions>
          <ns3:TrackPointExtension>
            <ns3:hr>141</ns3:hr>
            <ns3:cad>87</ns3:cad>
          </ns3:TrackPointExtension>
        </extensions>
      </trkpt>
      <trkpt lat="40.1405612938106060028076171875" lon="94.650415666401386260986328125">
        <ele>1139.800048828125</ele>
        <time>2025-08-11T23:29:09.000Z</time>
        <extensions>
          <ns3:TrackPointExtension>
            <ns3:hr>141</ns3:hr>
            <ns3:cad>87</ns3:cad>
          </ns3:TrackPointExtension>
        </extensions>
      </trkpt>
      <trkpt lat="40.14055542647838592529296875" lon="94.6503950469195842742919921875">
        <ele>1139.800048828125</ele>
        <time>2025-08-11T23:29:10.000Z</time>
        <extensions>
          <ns3:TrackPointExtension>
            <ns3:hr>141</ns3:hr>
            <ns3:cad>86</ns3:cad>
          </ns3:TrackPointExtension>
        </extensions>
      </trkpt>
      <trkpt lat="40.140553414821624755859375" lon="94.65035992674529552459716796875">
        <ele>1139.800048828125</ele>
        <time>2025-08-11T23:29:11.000Z</time>
        <extensions>
          <ns3:TrackPointExtension>
            <ns3:hr>141</ns3:hr>
            <ns3:cad>85</ns3:cad>
          </ns3:TrackPointExtension>
        </extensions>
      </trkpt>
      <trkpt lat="40.14054645784199237823486328125" lon="94.650337882339954376220703125">
        <ele>1139.800048828125</ele>
        <time>2025-08-11T23:29:12.000Z</time>
        <extensions>
          <ns3:TrackPointExtension>
            <ns3:hr>141</ns3:hr>
            <ns3:cad>85</ns3:cad>
          </ns3:TrackPointExtension>
        </extensions>
      </trkpt>
      <trkpt lat="40.14054344035685062408447265625" lon="94.65030175633728504180908203125">
        <ele>1140</ele>
        <time>2025-08-11T23:29:13.000Z</time>
        <extensions>
          <ns3:TrackPointExtension>
            <ns3:hr>141</ns3:hr>
            <ns3:cad>85</ns3:cad>
          </ns3:TrackPointExtension>
        </extensions>
      </trkpt>
      <trkpt lat="40.140540339052677154541015625" lon="94.65027292259037494659423828125">
        <ele>1140</ele>
        <time>2025-08-11T23:29:14.000Z</time>
        <extensions>
          <ns3:TrackPointExtension>
            <ns3:hr>141</ns3:hr>
            <ns3:cad>85</ns3:cad>
          </ns3:TrackPointExtension>
        </extensions>
      </trkpt>
      <trkpt lat="40.1405418477952480316162109375" lon="94.65024827979505062103271484375">
        <ele>1140</ele>
        <time>2025-08-11T23:29:15.000Z</time>
        <extensions>
          <ns3:TrackPointExtension>
            <ns3:hr>141</ns3:hr>
            <ns3:cad>85</ns3:cad>
          </ns3:TrackPointExtension>
        </extensions>
      </trkpt>
      <trkpt lat="40.14054469764232635498046875" lon="94.6502277441322803497314453125">
        <ele>1140</ele>
        <time>2025-08-11T23:29:16.000Z</time>
        <extensions>
          <ns3:TrackPointExtension>
            <ns3:hr>142</ns3:hr>
            <ns3:cad>84</ns3:cad>
          </ns3:TrackPointExtension>
        </extensions>
      </trkpt>
      <trkpt lat="40.14054737985134124755859375" lon="94.6502101421356201171875">
        <ele>1140</ele>
        <time>2025-08-11T23:29:17.000Z</time>
        <extensions>
          <ns3:TrackPointExtension>
            <ns3:hr>141</ns3:hr>
            <ns3:cad>84</ns3:cad>
          </ns3:TrackPointExtension>
        </extensions>
      </trkpt>
    </trkseg>
  </trk>
</gpx>
