<gpx xmlns:ns3="http://www.garmin.com/xmlschemas/TrackPointExtension/v1" xmlns="http://www.topografix.com/GPX/1/1" xmlns:xsi="http://www.w3.org/2001/XMLSchema-instance" xmlns:ns2="http://www.garmin.com/xmlschemas/GpxExtensions/v3" creator="Garmin Connect" version="1.1" xsi:schemaLocation="http://www.topografix.com/GPX/1/1 http://www.topografix.com/GPX/11.xsd">
  <extensions>
<distance>5015.0</distance>
<average_hr>156.0</average_hr>
<average_speed>3.2909998893737793</average_speed>
<start_time>2021-11-17T14:35:13+00:00</start_time>
<end_time>2021-11-17T15:00:37+00:00</end_time>
<moving_time>1515.0</moving_time>
<elapsed_time>1524.0</elapsed_time>
</extensions>
<metadata>
    <link href="connect.garmin.com">
      <text>Garmin Connect</text>
    </link>
    <time>2021-11-17T14:35:13.000Z</time>
  </metadata>
  <trk>
    <name>厦门市 街道路跑</name>
    <type>street_running</type>
    <trkseg>
      <trkpt lat="24.49582477100193500518798828125" lon="118.141815103590488433837890625">
        <ele>0</ele>
        <time>2021-11-17T14:35:13.000Z</time>
        <extensions>
          <ns3:TrackPointExtension>
            <ns3:hr>107</ns3:hr>
          </ns3:TrackPointExtension>
        </extensions>
      </trkpt>
      <trkpt lat="24.49582862667739391326904296875" lon="118.14182281494140625">
        <ele>0</ele>
        <time>2021-11-17T14:35:18.000Z</time>
        <extensions>
          <ns3:TrackPointExtension>
            <ns3:hr>106</ns3:hr>
          </ns3:TrackPointExtension>
        </extensions>
      </trkpt>
      <trkpt lat="24.495727457106113433837890625" lon="118.14183044247329235076904296875">
        <ele>0</ele>
        <time>2021-11-17T14:35:23.000Z</time>
        <extensions>
          <ns3:TrackPointExtension>
            <ns3:hr>112</ns3:hr>
            <ns3:cad>90</ns3:cad>
          </ns3:TrackPointExtension>
        </extensions>
      </trkpt>
      <trkpt lat="24.49560734443366527557373046875" lon="118.14182281494140625">
        <ele>0</ele>
        <time>2021-11-17T14:35:28.000Z</time>
        <extensions>
          <ns3:TrackPointExtension>
            <ns3:hr>114</ns3:hr>
            <ns3:cad>90</ns3:cad>
          </ns3:TrackPointExtension>
        </extensions>
      </trkpt>
      <trkpt lat="24.495469965040683746337890625" lon="118.14179222099483013153076171875">
        <ele>0</ele>
        <time>2021-11-17T14:35:33.000Z</time>
        <extensions>
          <ns3:TrackPointExtension>
            <ns3:hr>119</ns3:hr>
            <ns3:cad>90</ns3:cad>
          </ns3:TrackPointExtension>
        </extensions>
      </trkpt>
      <trkpt lat="24.49533459730446338653564453125" lon="118.14176171086728572845458984375">
        <ele>0</ele>
        <time>2021-11-17T14:35:38.000Z</time>
        <extensions>
          <ns3:TrackPointExtension>
            <ns3:hr>123</ns3:hr>
            <ns3:cad>90</ns3:cad>
          </ns3:TrackPointExtension>
        </extensions>
      </trkpt>
      <trkpt lat="24.49518959037959575653076171875" lon="118.14176171086728572845458984375">
        <ele>0</ele>
        <time>2021-11-17T14:35:43.000Z</time>
        <extensions>
          <ns3:TrackPointExtension>
            <ns3:hr>125</ns3:hr>
            <ns3:cad>90</ns3:cad>
          </ns3:TrackPointExtension>
        </extensions>
      </trkpt>
      <trkpt lat="24.4950446672737598419189453125" lon="118.14176171086728572845458984375">
        <ele>0</ele>
        <time>2021-11-17T14:35:48.000Z</time>
        <extensions>
          <ns3:TrackPointExtension>
            <ns3:hr>128</ns3:hr>
            <ns3:cad>90</ns3:cad>
          </ns3:TrackPointExtension>
        </extensions>
      </trkpt>
      <trkpt lat="24.49491114355623722076416015625" lon="118.1417388282716274261474609375">
        <ele>0</ele>
        <time>2021-11-17T14:35:53.000Z</time>
        <extensions>
          <ns3:TrackPointExtension>
            <ns3:hr>131</ns3:hr>
            <ns3:cad>90</ns3:cad>
          </ns3:TrackPointExtension>
        </extensions>
      </trkpt>
      <trkpt lat="24.49477954767644405364990234375" lon="118.14170069061219692230224609375">
        <ele>0</ele>
        <time>2021-11-17T14:35:58.000Z</time>
        <extensions>
          <ns3:TrackPointExtension>
            <ns3:hr>136</ns3:hr>
            <ns3:cad>90</ns3:cad>
          </ns3:TrackPointExtension>
        </extensions>
      </trkpt>
      <trkpt lat="24.49463839642703533172607421875" lon="118.141693063080310821533203125">
        <ele>0</ele>
        <time>2021-11-17T14:36:03.000Z</time>
        <extensions>
          <ns3:TrackPointExtension>
            <ns3:hr>141</ns3:hr>
            <ns3:cad>90</ns3:cad>
          </ns3:TrackPointExtension>
        </extensions>
      </trkpt>
      <trkpt lat="24.494489617645740509033203125" lon="118.141693063080310821533203125">
        <ele>0</ele>
        <time>2021-11-17T14:36:08.000Z</time>
        <extensions>
          <ns3:TrackPointExtension>
            <ns3:hr>140</ns3:hr>
            <ns3:cad>90</ns3:cad>
          </ns3:TrackPointExtension>
        </extensions>
      </trkpt>
      <trkpt lat="24.494342766702175140380859375" lon="118.14167018048465251922607421875">
        <ele>0</ele>
        <time>2021-11-17T14:36:13.000Z</time>
        <extensions>
          <ns3:TrackPointExtension>
            <ns3:hr>139</ns3:hr>
            <ns3:cad>90</ns3:cad>
          </ns3:TrackPointExtension>
        </extensions>
      </trkpt>
      <trkpt lat="24.494207315146923065185546875" lon="118.14160916022956371307373046875">
        <ele>0</ele>
        <time>2021-11-17T14:36:18.000Z</time>
        <extensions>
          <ns3:TrackPointExtension>
            <ns3:hr>141</ns3:hr>
            <ns3:cad>90</ns3:cad>
          </ns3:TrackPointExtension>
        </extensions>
      </trkpt>
      <trkpt lat="24.4940700195729732513427734375" lon="118.14156339503824710845947265625">
        <ele>0</ele>
        <time>2021-11-17T14:36:23.000Z</time>
        <extensions>
          <ns3:TrackPointExtension>
            <ns3:hr>142</ns3:hr>
            <ns3:cad>90</ns3:cad>
          </ns3:TrackPointExtension>
        </extensions>
      </trkpt>
      <trkpt lat="24.49391738511621952056884765625" lon="118.1415252573788166046142578125">
        <ele>0</ele>
        <time>2021-11-17T14:36:28.000Z</time>
        <extensions>
          <ns3:TrackPointExtension>
            <ns3:hr>144</ns3:hr>
            <ns3:cad>90</ns3:cad>
          </ns3:TrackPointExtension>
        </extensions>
      </trkpt>
      <trkpt lat="24.493753351271152496337890625" lon="118.1414947472512722015380859375">
        <ele>0</ele>
        <time>2021-11-17T14:36:33.000Z</time>
        <extensions>
          <ns3:TrackPointExtension>
            <ns3:hr>145</ns3:hr>
            <ns3:cad>90</ns3:cad>
          </ns3:TrackPointExtension>
        </extensions>
      </trkpt>
      <trkpt lat="24.4936046563088893890380859375" lon="118.14146415330469608306884765625">
        <ele>0</ele>
        <time>2021-11-17T14:36:38.000Z</time>
        <extensions>
          <ns3:TrackPointExtension>
            <ns3:hr>144</ns3:hr>
            <ns3:cad>90</ns3:cad>
          </ns3:TrackPointExtension>
        </extensions>
      </trkpt>
      <trkpt lat="24.49347297661006450653076171875" lon="118.14141838811337947845458984375">
        <ele>0</ele>
        <time>2021-11-17T14:36:43.000Z</time>
        <extensions>
          <ns3:TrackPointExtension>
            <ns3:hr>145</ns3:hr>
            <ns3:cad>90</ns3:cad>
          </ns3:TrackPointExtension>
        </extensions>
      </trkpt>
      <trkpt lat="24.4933471642434597015380859375" lon="118.141380250453948974609375">
        <ele>0</ele>
        <time>2021-11-17T14:36:48.000Z</time>
        <extensions>
          <ns3:TrackPointExtension>
            <ns3:hr>144</ns3:hr>
            <ns3:cad>90</ns3:cad>
          </ns3:TrackPointExtension>
        </extensions>
      </trkpt>
      <trkpt lat="24.49320408515632152557373046875" lon="118.141349740326404571533203125">
        <ele>0</ele>
        <time>2021-11-17T14:36:53.000Z</time>
        <extensions>
          <ns3:TrackPointExtension>
            <ns3:hr>146</ns3:hr>
            <ns3:cad>90</ns3:cad>
          </ns3:TrackPointExtension>
        </extensions>
      </trkpt>
      <trkpt lat="24.49305907823145389556884765625" lon="118.14131923019886016845703125">
        <ele>0</ele>
        <time>2021-11-17T14:36:58.000Z</time>
        <extensions>
          <ns3:TrackPointExtension>
            <ns3:hr>144</ns3:hr>
            <ns3:cad>90</ns3:cad>
          </ns3:TrackPointExtension>
        </extensions>
      </trkpt>
      <trkpt lat="24.49292563833296298980712890625" lon="118.14128109253942966461181640625">
        <ele>0</ele>
        <time>2021-11-17T14:37:03.000Z</time>
        <extensions>
          <ns3:TrackPointExtension>
            <ns3:hr>145</ns3:hr>
            <ns3:cad>90</ns3:cad>
          </ns3:TrackPointExtension>
        </extensions>
      </trkpt>
      <trkpt lat="24.49279974214732646942138671875" lon="118.1412582099437713623046875">
        <ele>0</ele>
        <time>2021-11-17T14:37:08.000Z</time>
        <extensions>
          <ns3:TrackPointExtension>
            <ns3:hr>144</ns3:hr>
            <ns3:cad>90</ns3:cad>
          </ns3:TrackPointExtension>
        </extensions>
      </trkpt>
      <trkpt lat="24.49270050041377544403076171875" lon="118.14131160266697406768798828125">
        <ele>0</ele>
        <time>2021-11-17T14:37:13.000Z</time>
        <extensions>
          <ns3:TrackPointExtension>
            <ns3:hr>145</ns3:hr>
            <ns3:cad>90</ns3:cad>
          </ns3:TrackPointExtension>
        </extensions>
      </trkpt>
      <trkpt lat="24.4926471076905727386474609375" lon="118.14143364317715167999267578125">
        <ele>0</ele>
        <time>2021-11-17T14:37:18.000Z</time>
        <extensions>
          <ns3:TrackPointExtension>
            <ns3:hr>143</ns3:hr>
            <ns3:cad>90</ns3:cad>
          </ns3:TrackPointExtension>
        </extensions>
      </trkpt>
      <trkpt lat="24.49261852540075778961181640625" lon="118.14160916022956371307373046875">
        <ele>0</ele>
        <time>2021-11-17T14:37:23.000Z</time>
        <extensions>
          <ns3:TrackPointExtension>
            <ns3:hr>146</ns3:hr>
            <ns3:cad>90</ns3:cad>
          </ns3:TrackPointExtension>
        </extensions>
      </trkpt>
      <trkpt lat="24.492589943110942840576171875" lon="118.14177696593105792999267578125">
        <ele>0</ele>
        <time>2021-11-17T14:37:28.000Z</time>
        <extensions>
          <ns3:TrackPointExtension>
            <ns3:hr>146</ns3:hr>
            <ns3:cad>90</ns3:cad>
          </ns3:TrackPointExtension>
        </extensions>
      </trkpt>
      <trkpt lat="24.49255750514566898345947265625" lon="118.141914345324039459228515625">
        <ele>0</ele>
        <time>2021-11-17T14:37:33.000Z</time>
        <extensions>
          <ns3:TrackPointExtension>
            <ns3:hr>147</ns3:hr>
            <ns3:cad>90</ns3:cad>
          </ns3:TrackPointExtension>
        </extensions>
      </trkpt>
      <trkpt lat="24.49253462255001068115234375" lon="118.1420516408979892730712890625">
        <ele>0</ele>
        <time>2021-11-17T14:37:38.000Z</time>
        <extensions>
          <ns3:TrackPointExtension>
            <ns3:hr>146</ns3:hr>
            <ns3:cad>90</ns3:cad>
          </ns3:TrackPointExtension>
        </extensions>
      </trkpt>
      <trkpt lat="24.49251358397305011749267578125" lon="118.14218902029097080230712890625">
        <ele>0</ele>
        <time>2021-11-17T14:37:43.000Z</time>
        <extensions>
          <ns3:TrackPointExtension>
            <ns3:hr>148</ns3:hr>
            <ns3:cad>90</ns3:cad>
          </ns3:TrackPointExtension>
        </extensions>
      </trkpt>
      <trkpt lat="24.4924754463136196136474609375" lon="118.1423339433968067169189453125">
        <ele>0</ele>
        <time>2021-11-17T14:37:48.000Z</time>
        <extensions>
          <ns3:TrackPointExtension>
            <ns3:hr>149</ns3:hr>
            <ns3:cad>90</ns3:cad>
          </ns3:TrackPointExtension>
        </extensions>
      </trkpt>
      <trkpt lat="24.49243730865418910980224609375" lon="118.14247123897075653076171875">
        <ele>0</ele>
        <time>2021-11-17T14:37:53.000Z</time>
        <extensions>
          <ns3:TrackPointExtension>
            <ns3:hr>148</ns3:hr>
            <ns3:cad>90</ns3:cad>
          </ns3:TrackPointExtension>
        </extensions>
      </trkpt>
      <trkpt lat="24.49241249822080135345458984375" lon="118.1426162458956241607666015625">
        <ele>0</ele>
        <time>2021-11-17T14:37:58.000Z</time>
        <extensions>
          <ns3:TrackPointExtension>
            <ns3:hr>149</ns3:hr>
            <ns3:cad>90</ns3:cad>
          </ns3:TrackPointExtension>
        </extensions>
      </trkpt>
      <trkpt lat="24.4923896156251430511474609375" lon="118.142753541469573974609375">
        <ele>0</ele>
        <time>2021-11-17T14:38:03.000Z</time>
        <extensions>
          <ns3:TrackPointExtension>
            <ns3:hr>150</ns3:hr>
            <ns3:cad>90</ns3:cad>
          </ns3:TrackPointExtension>
        </extensions>
      </trkpt>
      <trkpt lat="24.49236673302948474884033203125" lon="118.1428985483944416046142578125">
        <ele>0</ele>
        <time>2021-11-17T14:38:08.000Z</time>
        <extensions>
          <ns3:TrackPointExtension>
            <ns3:hr>150</ns3:hr>
            <ns3:cad>90</ns3:cad>
          </ns3:TrackPointExtension>
        </extensions>
      </trkpt>
      <trkpt lat="24.49234577827155590057373046875" lon="118.14302821643650531768798828125">
        <ele>0</ele>
        <time>2021-11-17T14:38:13.000Z</time>
        <extensions>
          <ns3:TrackPointExtension>
            <ns3:hr>151</ns3:hr>
            <ns3:cad>90</ns3:cad>
          </ns3:TrackPointExtension>
        </extensions>
      </trkpt>
      <trkpt lat="24.4923171959817409515380859375" lon="118.14315025694668292999267578125">
        <ele>0</ele>
        <time>2021-11-17T14:38:18.000Z</time>
        <extensions>
          <ns3:TrackPointExtension>
            <ns3:hr>149</ns3:hr>
            <ns3:cad>90</ns3:cad>
          </ns3:TrackPointExtension>
        </extensions>
      </trkpt>
      <trkpt lat="24.49227713048458099365234375" lon="118.143287636339664459228515625">
        <ele>0</ele>
        <time>2021-11-17T14:38:23.000Z</time>
        <extensions>
          <ns3:TrackPointExtension>
            <ns3:hr>151</ns3:hr>
            <ns3:cad>90</ns3:cad>
          </ns3:TrackPointExtension>
        </extensions>
      </trkpt>
      <trkpt lat="24.4922370649874210357666015625" lon="118.14344781450927257537841796875">
        <ele>0</ele>
        <time>2021-11-17T14:38:28.000Z</time>
        <extensions>
          <ns3:TrackPointExtension>
            <ns3:hr>152</ns3:hr>
            <ns3:cad>90</ns3:cad>
          </ns3:TrackPointExtension>
        </extensions>
      </trkpt>
      <trkpt lat="24.492208398878574371337890625" lon="118.143630959093570709228515625">
        <ele>0</ele>
        <time>2021-11-17T14:38:33.000Z</time>
        <extensions>
          <ns3:TrackPointExtension>
            <ns3:hr>150</ns3:hr>
            <ns3:cad>90</ns3:cad>
          </ns3:TrackPointExtension>
        </extensions>
      </trkpt>
      <trkpt lat="24.49219129979610443115234375" lon="118.14380639232695102691650390625">
        <ele>0</ele>
        <time>2021-11-17T14:38:38.000Z</time>
        <extensions>
          <ns3:TrackPointExtension>
            <ns3:hr>153</ns3:hr>
            <ns3:cad>90</ns3:cad>
          </ns3:TrackPointExtension>
        </extensions>
      </trkpt>
      <trkpt lat="24.49217981658875942230224609375" lon="118.143974281847476959228515625">
        <ele>0</ele>
        <time>2021-11-17T14:38:43.000Z</time>
        <extensions>
          <ns3:TrackPointExtension>
            <ns3:hr>153</ns3:hr>
            <ns3:cad>90</ns3:cad>
          </ns3:TrackPointExtension>
        </extensions>
      </trkpt>
      <trkpt lat="24.49215500615537166595458984375" lon="118.14411920495331287384033203125">
        <ele>0</ele>
        <time>2021-11-17T14:38:48.000Z</time>
        <extensions>
          <ns3:TrackPointExtension>
            <ns3:hr>152</ns3:hr>
            <ns3:cad>90</ns3:cad>
          </ns3:TrackPointExtension>
        </extensions>
      </trkpt>
      <trkpt lat="24.4921321235597133636474609375" lon="118.144256584346294403076171875">
        <ele>0</ele>
        <time>2021-11-17T14:38:53.000Z</time>
        <extensions>
          <ns3:TrackPointExtension>
            <ns3:hr>154</ns3:hr>
            <ns3:cad>90</ns3:cad>
          </ns3:TrackPointExtension>
        </extensions>
      </trkpt>
      <trkpt lat="24.49210546910762786865234375" lon="118.14440913498401641845703125">
        <ele>0</ele>
        <time>2021-11-17T14:38:58.000Z</time>
        <extensions>
          <ns3:TrackPointExtension>
            <ns3:hr>155</ns3:hr>
            <ns3:cad>90</ns3:cad>
          </ns3:TrackPointExtension>
        </extensions>
      </trkpt>
      <trkpt lat="24.49203866533935070037841796875" lon="118.14457702450454235076904296875">
        <ele>0</ele>
        <time>2021-11-17T14:39:03.000Z</time>
        <extensions>
          <ns3:TrackPointExtension>
            <ns3:hr>155</ns3:hr>
            <ns3:cad>90</ns3:cad>
          </ns3:TrackPointExtension>
        </extensions>
      </trkpt>
      <trkpt lat="24.4919490627944469451904296875" lon="118.14475245773792266845703125">
        <ele>0</ele>
        <time>2021-11-17T14:39:08.000Z</time>
        <extensions>
          <ns3:TrackPointExtension>
            <ns3:hr>154</ns3:hr>
            <ns3:cad>90</ns3:cad>
          </ns3:TrackPointExtension>
        </extensions>
      </trkpt>
      <trkpt lat="24.49188041500747203826904296875" lon="118.144943229854106903076171875">
        <ele>0</ele>
        <time>2021-11-17T14:39:13.000Z</time>
        <extensions>
          <ns3:TrackPointExtension>
            <ns3:hr>154</ns3:hr>
            <ns3:cad>90</ns3:cad>
          </ns3:TrackPointExtension>
        </extensions>
      </trkpt>
      <trkpt lat="24.49181553907692432403564453125" lon="118.14511866308748722076416015625">
        <ele>0</ele>
        <time>2021-11-17T14:39:18.000Z</time>
        <extensions>
          <ns3:TrackPointExtension>
            <ns3:hr>153</ns3:hr>
            <ns3:cad>90</ns3:cad>
          </ns3:TrackPointExtension>
        </extensions>
      </trkpt>
      <trkpt lat="24.49175451882183551788330078125" lon="118.14527892507612705230712890625">
        <ele>0</ele>
        <time>2021-11-17T14:39:23.000Z</time>
        <extensions>
          <ns3:TrackPointExtension>
            <ns3:hr>154</ns3:hr>
            <ns3:cad>90</ns3:cad>
          </ns3:TrackPointExtension>
        </extensions>
      </trkpt>
      <trkpt lat="24.4916972704231739044189453125" lon="118.14543147571384906768798828125">
        <ele>0</ele>
        <time>2021-11-17T14:39:28.000Z</time>
        <extensions>
          <ns3:TrackPointExtension>
            <ns3:hr>152</ns3:hr>
            <ns3:cad>90</ns3:cad>
          </ns3:TrackPointExtension>
        </extensions>
      </trkpt>
      <trkpt lat="24.4916362501680850982666015625" lon="118.145591653883457183837890625">
        <ele>0</ele>
        <time>2021-11-17T14:39:33.000Z</time>
        <extensions>
          <ns3:TrackPointExtension>
            <ns3:hr>152</ns3:hr>
            <ns3:cad>90</ns3:cad>
          </ns3:TrackPointExtension>
        </extensions>
      </trkpt>
      <trkpt lat="24.49156374670565128326416015625" lon="118.145751915872097015380859375">
        <ele>0</ele>
        <time>2021-11-17T14:39:38.000Z</time>
        <extensions>
          <ns3:TrackPointExtension>
            <ns3:hr>151</ns3:hr>
            <ns3:cad>90</ns3:cad>
          </ns3:TrackPointExtension>
        </extensions>
      </trkpt>
      <trkpt lat="24.49149124324321746826171875" lon="118.1459197215735912322998046875">
        <ele>0</ele>
        <time>2021-11-17T14:39:43.000Z</time>
        <extensions>
          <ns3:TrackPointExtension>
            <ns3:hr>151</ns3:hr>
            <ns3:cad>90</ns3:cad>
          </ns3:TrackPointExtension>
        </extensions>
      </trkpt>
      <trkpt lat="24.49144170619547367095947265625" lon="118.14608761109411716461181640625">
        <ele>0</ele>
        <time>2021-11-17T14:39:48.000Z</time>
        <extensions>
          <ns3:TrackPointExtension>
            <ns3:hr>151</ns3:hr>
            <ns3:cad>90</ns3:cad>
          </ns3:TrackPointExtension>
        </extensions>
      </trkpt>
      <trkpt lat="24.4914588890969753265380859375" lon="118.1462325341999530792236328125">
        <ele>0</ele>
        <time>2021-11-17T14:39:53.000Z</time>
        <extensions>
          <ns3:TrackPointExtension>
            <ns3:hr>151</ns3:hr>
            <ns3:cad>90</ns3:cad>
          </ns3:TrackPointExtension>
        </extensions>
      </trkpt>
      <trkpt lat="24.4915618188679218292236328125" lon="118.14633940346539020538330078125">
        <ele>0</ele>
        <time>2021-11-17T14:39:58.000Z</time>
        <extensions>
          <ns3:TrackPointExtension>
            <ns3:hr>151</ns3:hr>
            <ns3:cad>90</ns3:cad>
          </ns3:TrackPointExtension>
        </extensions>
      </trkpt>
      <trkpt lat="24.49171252548694610595703125" lon="118.1464080512523651123046875">
        <ele>0</ele>
        <time>2021-11-17T14:40:03.000Z</time>
        <extensions>
          <ns3:TrackPointExtension>
            <ns3:hr>151</ns3:hr>
            <ns3:cad>90</ns3:cad>
          </ns3:TrackPointExtension>
        </extensions>
      </trkpt>
      <trkpt lat="24.491859376430511474609375" lon="118.14646144397556781768798828125">
        <ele>0</ele>
        <time>2021-11-17T14:40:08.000Z</time>
        <extensions>
          <ns3:TrackPointExtension>
            <ns3:hr>152</ns3:hr>
            <ns3:cad>90</ns3:cad>
          </ns3:TrackPointExtension>
        </extensions>
      </trkpt>
      <trkpt lat="24.492000527679920196533203125" lon="118.1465148366987705230712890625">
        <ele>0</ele>
        <time>2021-11-17T14:40:13.000Z</time>
        <extensions>
          <ns3:TrackPointExtension>
            <ns3:hr>153</ns3:hr>
            <ns3:cad>90</ns3:cad>
          </ns3:TrackPointExtension>
        </extensions>
      </trkpt>
      <trkpt lat="24.492147378623485565185546875" lon="118.14656822942197322845458984375">
        <ele>0</ele>
        <time>2021-11-17T14:40:18.000Z</time>
        <extensions>
          <ns3:TrackPointExtension>
            <ns3:hr>153</ns3:hr>
            <ns3:cad>90</ns3:cad>
          </ns3:TrackPointExtension>
        </extensions>
      </trkpt>
      <trkpt lat="24.492307640612125396728515625" lon="118.14659873954951763153076171875">
        <ele>0</ele>
        <time>2021-11-17T14:40:23.000Z</time>
        <extensions>
          <ns3:TrackPointExtension>
            <ns3:hr>153</ns3:hr>
            <ns3:cad>90</ns3:cad>
          </ns3:TrackPointExtension>
        </extensions>
      </trkpt>
      <trkpt lat="24.4924640469253063201904296875" lon="118.1466445885598659515380859375">
        <ele>0</ele>
        <time>2021-11-17T14:40:28.000Z</time>
        <extensions>
          <ns3:TrackPointExtension>
            <ns3:hr>153</ns3:hr>
            <ns3:cad>90</ns3:cad>
          </ns3:TrackPointExtension>
        </extensions>
      </trkpt>
      <trkpt lat="24.49260327033698558807373046875" lon="118.14669798128306865692138671875">
        <ele>0</ele>
        <time>2021-11-17T14:40:33.000Z</time>
        <extensions>
          <ns3:TrackPointExtension>
            <ns3:hr>153</ns3:hr>
            <ns3:cad>90</ns3:cad>
          </ns3:TrackPointExtension>
        </extensions>
      </trkpt>
      <trkpt lat="24.49274442158639430999755859375" lon="118.1467361189424991607666015625">
        <ele>0</ele>
        <time>2021-11-17T14:40:38.000Z</time>
        <extensions>
          <ns3:TrackPointExtension>
            <ns3:hr>154</ns3:hr>
            <ns3:cad>90</ns3:cad>
          </ns3:TrackPointExtension>
        </extensions>
      </trkpt>
      <trkpt lat="24.492895044386386871337890625" lon="118.14674374647438526153564453125">
        <ele>0</ele>
        <time>2021-11-17T14:40:43.000Z</time>
        <extensions>
          <ns3:TrackPointExtension>
            <ns3:hr>155</ns3:hr>
            <ns3:cad>90</ns3:cad>
          </ns3:TrackPointExtension>
        </extensions>
      </trkpt>
      <trkpt lat="24.4930400513112545013427734375" lon="118.1467666290700435638427734375">
        <ele>0</ele>
        <time>2021-11-17T14:40:48.000Z</time>
        <extensions>
          <ns3:TrackPointExtension>
            <ns3:hr>155</ns3:hr>
            <ns3:cad>90</ns3:cad>
          </ns3:TrackPointExtension>
        </extensions>
      </trkpt>
      <trkpt lat="24.493177346885204315185546875" lon="118.14683527685701847076416015625">
        <ele>0</ele>
        <time>2021-11-17T14:40:53.000Z</time>
        <extensions>
          <ns3:TrackPointExtension>
            <ns3:hr>157</ns3:hr>
            <ns3:cad>90</ns3:cad>
          </ns3:TrackPointExtension>
        </extensions>
      </trkpt>
      <trkpt lat="24.49331657029688358306884765625" lon="118.14691155217587947845458984375">
        <ele>0</ele>
        <time>2021-11-17T14:40:58.000Z</time>
        <extensions>
          <ns3:TrackPointExtension>
            <ns3:hr>159</ns3:hr>
            <ns3:cad>90</ns3:cad>
          </ns3:TrackPointExtension>
        </extensions>
      </trkpt>
      <trkpt lat="24.493459649384021759033203125" lon="118.14697265625">
        <ele>0</ele>
        <time>2021-11-17T14:41:03.000Z</time>
        <extensions>
          <ns3:TrackPointExtension>
            <ns3:hr>156</ns3:hr>
            <ns3:cad>90</ns3:cad>
          </ns3:TrackPointExtension>
        </extensions>
      </trkpt>
      <trkpt lat="24.49358747340738773345947265625" lon="118.14704130403697490692138671875">
        <ele>0</ele>
        <time>2021-11-17T14:41:08.000Z</time>
        <extensions>
          <ns3:TrackPointExtension>
            <ns3:hr>158</ns3:hr>
            <ns3:cad>90</ns3:cad>
          </ns3:TrackPointExtension>
        </extensions>
      </trkpt>
      <trkpt lat="24.4937266968190670013427734375" lon="118.14710232429206371307373046875">
        <ele>0</ele>
        <time>2021-11-17T14:41:13.000Z</time>
        <extensions>
          <ns3:TrackPointExtension>
            <ns3:hr>158</ns3:hr>
            <ns3:cad>90</ns3:cad>
          </ns3:TrackPointExtension>
        </extensions>
      </trkpt>
      <trkpt lat="24.49389643035829067230224609375" lon="118.14713283441960811614990234375">
        <ele>0</ele>
        <time>2021-11-17T14:41:18.000Z</time>
        <extensions>
          <ns3:TrackPointExtension>
            <ns3:hr>157</ns3:hr>
            <ns3:cad>90</ns3:cad>
          </ns3:TrackPointExtension>
        </extensions>
      </trkpt>
      <trkpt lat="24.4940643198788166046142578125" lon="118.14716334454715251922607421875">
        <ele>0</ele>
        <time>2021-11-17T14:41:23.000Z</time>
        <extensions>
          <ns3:TrackPointExtension>
            <ns3:hr>154</ns3:hr>
            <ns3:cad>90</ns3:cad>
          </ns3:TrackPointExtension>
        </extensions>
      </trkpt>
      <trkpt lat="24.49421309866011142730712890625" lon="118.14720910973846912384033203125">
        <ele>0</ele>
        <time>2021-11-17T14:41:28.000Z</time>
        <extensions>
          <ns3:TrackPointExtension>
            <ns3:hr>157</ns3:hr>
            <ns3:cad>90</ns3:cad>
          </ns3:TrackPointExtension>
        </extensions>
      </trkpt>
      <trkpt lat="24.4943523220717906951904296875" lon="118.14725487492978572845458984375">
        <ele>0</ele>
        <time>2021-11-17T14:41:33.000Z</time>
        <extensions>
          <ns3:TrackPointExtension>
            <ns3:hr>156</ns3:hr>
            <ns3:cad>90</ns3:cad>
          </ns3:TrackPointExtension>
        </extensions>
      </trkpt>
      <trkpt lat="24.494489617645740509033203125" lon="118.14730064012110233306884765625">
        <ele>0</ele>
        <time>2021-11-17T14:41:38.000Z</time>
        <extensions>
          <ns3:TrackPointExtension>
            <ns3:hr>157</ns3:hr>
            <ns3:cad>90</ns3:cad>
          </ns3:TrackPointExtension>
        </extensions>
      </trkpt>
      <trkpt lat="24.49463076889514923095703125" lon="118.147346489131450653076171875">
        <ele>0</ele>
        <time>2021-11-17T14:41:43.000Z</time>
        <extensions>
          <ns3:TrackPointExtension>
            <ns3:hr>158</ns3:hr>
            <ns3:cad>90</ns3:cad>
          </ns3:TrackPointExtension>
        </extensions>
      </trkpt>
      <trkpt lat="24.4947928749024868011474609375" lon="118.14739988185465335845947265625">
        <ele>0</ele>
        <time>2021-11-17T14:41:48.000Z</time>
        <extensions>
          <ns3:TrackPointExtension>
            <ns3:hr>158</ns3:hr>
            <ns3:cad>90</ns3:cad>
          </ns3:TrackPointExtension>
        </extensions>
      </trkpt>
      <trkpt lat="24.49497031979262828826904296875" lon="118.14743039198219776153564453125">
        <ele>0</ele>
        <time>2021-11-17T14:41:53.000Z</time>
        <extensions>
          <ns3:TrackPointExtension>
            <ns3:hr>158</ns3:hr>
            <ns3:cad>90</ns3:cad>
          </ns3:TrackPointExtension>
        </extensions>
      </trkpt>
      <trkpt lat="24.49513812549412250518798828125" lon="118.1474532745778560638427734375">
        <ele>0</ele>
        <time>2021-11-17T14:41:58.000Z</time>
        <extensions>
          <ns3:TrackPointExtension>
            <ns3:hr>159</ns3:hr>
            <ns3:cad>90</ns3:cad>
          </ns3:TrackPointExtension>
        </extensions>
      </trkpt>
      <trkpt lat="24.49528120458126068115234375" lon="118.14750666730105876922607421875">
        <ele>0</ele>
        <time>2021-11-17T14:42:03.000Z</time>
        <extensions>
          <ns3:TrackPointExtension>
            <ns3:hr>158</ns3:hr>
            <ns3:cad>90</ns3:cad>
          </ns3:TrackPointExtension>
        </extensions>
      </trkpt>
      <trkpt lat="24.49539947323501110076904296875" lon="118.14756768755614757537841796875">
        <ele>0</ele>
        <time>2021-11-17T14:42:08.000Z</time>
        <extensions>
          <ns3:TrackPointExtension>
            <ns3:hr>158</ns3:hr>
            <ns3:cad>90</ns3:cad>
          </ns3:TrackPointExtension>
        </extensions>
      </trkpt>
      <trkpt lat="24.49549670331180095672607421875" lon="118.14762108027935028076171875">
        <ele>0</ele>
        <time>2021-11-17T14:42:13.000Z</time>
        <extensions>
          <ns3:TrackPointExtension>
            <ns3:hr>158</ns3:hr>
            <ns3:cad>90</ns3:cad>
          </ns3:TrackPointExtension>
        </extensions>
      </trkpt>
      <trkpt lat="24.495594017207622528076171875" lon="118.14766692928969860076904296875">
        <ele>0</ele>
        <time>2021-11-17T14:42:18.000Z</time>
        <extensions>
          <ns3:TrackPointExtension>
            <ns3:hr>159</ns3:hr>
            <ns3:cad>90</ns3:cad>
          </ns3:TrackPointExtension>
        </extensions>
      </trkpt>
      <trkpt lat="24.49572368524968624114990234375" lon="118.14768218435347080230712890625">
        <ele>0</ele>
        <time>2021-11-17T14:42:23.000Z</time>
        <extensions>
          <ns3:TrackPointExtension>
            <ns3:hr>160</ns3:hr>
            <ns3:cad>90</ns3:cad>
          </ns3:TrackPointExtension>
        </extensions>
      </trkpt>
      <trkpt lat="24.495887719094753265380859375" lon="118.14771269448101520538330078125">
        <ele>0</ele>
        <time>2021-11-17T14:42:28.000Z</time>
        <extensions>
          <ns3:TrackPointExtension>
            <ns3:hr>162</ns3:hr>
            <ns3:cad>90</ns3:cad>
          </ns3:TrackPointExtension>
        </extensions>
      </trkpt>
      <trkpt lat="24.49606700800359249114990234375" lon="118.1477813422679901123046875">
        <ele>0</ele>
        <time>2021-11-17T14:42:33.000Z</time>
        <extensions>
          <ns3:TrackPointExtension>
            <ns3:hr>159</ns3:hr>
            <ns3:cad>90</ns3:cad>
          </ns3:TrackPointExtension>
        </extensions>
      </trkpt>
      <trkpt lat="24.49623481370508670806884765625" lon="118.14784999005496501922607421875">
        <ele>0</ele>
        <time>2021-11-17T14:42:38.000Z</time>
        <extensions>
          <ns3:TrackPointExtension>
            <ns3:hr>159</ns3:hr>
            <ns3:cad>90</ns3:cad>
          </ns3:TrackPointExtension>
        </extensions>
      </trkpt>
      <trkpt lat="24.4963988475501537322998046875" lon="118.14789575524628162384033203125">
        <ele>0</ele>
        <time>2021-11-17T14:42:43.000Z</time>
        <extensions>
          <ns3:TrackPointExtension>
            <ns3:hr>159</ns3:hr>
            <ns3:cad>90</ns3:cad>
          </ns3:TrackPointExtension>
        </extensions>
      </trkpt>
      <trkpt lat="24.496549554169178009033203125" lon="118.14794152043759822845458984375">
        <ele>0</ele>
        <time>2021-11-17T14:42:48.000Z</time>
        <extensions>
          <ns3:TrackPointExtension>
            <ns3:hr>162</ns3:hr>
            <ns3:cad>90</ns3:cad>
          </ns3:TrackPointExtension>
        </extensions>
      </trkpt>
      <trkpt lat="24.49668307788670063018798828125" lon="118.14797203056514263153076171875">
        <ele>0</ele>
        <time>2021-11-17T14:42:53.000Z</time>
        <extensions>
          <ns3:TrackPointExtension>
            <ns3:hr>161</ns3:hr>
            <ns3:cad>90</ns3:cad>
          </ns3:TrackPointExtension>
        </extensions>
      </trkpt>
      <trkpt lat="24.496831856667995452880859375" lon="118.147994913160800933837890625">
        <ele>0</ele>
        <time>2021-11-17T14:42:58.000Z</time>
        <extensions>
          <ns3:TrackPointExtension>
            <ns3:hr>161</ns3:hr>
            <ns3:cad>90</ns3:cad>
          </ns3:TrackPointExtension>
        </extensions>
      </trkpt>
      <trkpt lat="24.49699781835079193115234375" lon="118.1480178795754909515380859375">
        <ele>0</ele>
        <time>2021-11-17T14:43:03.000Z</time>
        <extensions>
          <ns3:TrackPointExtension>
            <ns3:hr>160</ns3:hr>
            <ns3:cad>90</ns3:cad>
          </ns3:TrackPointExtension>
        </extensions>
      </trkpt>
      <trkpt lat="24.49715799652040004730224609375" lon="118.14806364476680755615234375">
        <ele>0</ele>
        <time>2021-11-17T14:43:08.000Z</time>
        <extensions>
          <ns3:TrackPointExtension>
            <ns3:hr>161</ns3:hr>
            <ns3:cad>90</ns3:cad>
          </ns3:TrackPointExtension>
        </extensions>
      </trkpt>
      <trkpt lat="24.497297219932079315185546875" lon="118.14808652736246585845947265625">
        <ele>0</ele>
        <time>2021-11-17T14:43:13.000Z</time>
        <extensions>
          <ns3:TrackPointExtension>
            <ns3:hr>161</ns3:hr>
            <ns3:cad>90</ns3:cad>
          </ns3:TrackPointExtension>
        </extensions>
      </trkpt>
      <trkpt lat="24.49739453382790088653564453125" lon="118.14802550710737705230712890625">
        <ele>0</ele>
        <time>2021-11-17T14:43:18.000Z</time>
        <extensions>
          <ns3:TrackPointExtension>
            <ns3:hr>161</ns3:hr>
            <ns3:cad>90</ns3:cad>
          </ns3:TrackPointExtension>
        </extensions>
      </trkpt>
      <trkpt lat="24.49744985438883304595947265625" lon="118.14791101031005382537841796875">
        <ele>0</ele>
        <time>2021-11-17T14:43:23.000Z</time>
        <extensions>
          <ns3:TrackPointExtension>
            <ns3:hr>161</ns3:hr>
            <ns3:cad>84</ns3:cad>
          </ns3:TrackPointExtension>
        </extensions>
      </trkpt>
      <trkpt lat="24.49748606421053409576416015625" lon="118.1477813422679901123046875">
        <ele>0</ele>
        <time>2021-11-17T14:43:28.000Z</time>
        <extensions>
          <ns3:TrackPointExtension>
            <ns3:hr>160</ns3:hr>
            <ns3:cad>90</ns3:cad>
          </ns3:TrackPointExtension>
        </extensions>
      </trkpt>
      <trkpt lat="24.497524201869964599609375" lon="118.14764396287500858306884765625">
        <ele>0</ele>
        <time>2021-11-17T14:43:33.000Z</time>
        <extensions>
          <ns3:TrackPointExtension>
            <ns3:hr>159</ns3:hr>
            <ns3:cad>90</ns3:cad>
          </ns3:TrackPointExtension>
        </extensions>
      </trkpt>
      <trkpt lat="24.497568123042583465576171875" lon="118.14750666730105876922607421875">
        <ele>0</ele>
        <time>2021-11-17T14:43:38.000Z</time>
        <extensions>
          <ns3:TrackPointExtension>
            <ns3:hr>160</ns3:hr>
            <ns3:cad>90</ns3:cad>
          </ns3:TrackPointExtension>
        </extensions>
      </trkpt>
      <trkpt lat="24.4976138882339000701904296875" lon="118.14733886159956455230712890625">
        <ele>0</ele>
        <time>2021-11-17T14:43:43.000Z</time>
        <extensions>
          <ns3:TrackPointExtension>
            <ns3:hr>160</ns3:hr>
            <ns3:cad>90</ns3:cad>
          </ns3:TrackPointExtension>
        </extensions>
      </trkpt>
      <trkpt lat="24.49766158126294612884521484375" lon="118.14715571701526641845703125">
        <ele>0</ele>
        <time>2021-11-17T14:43:48.000Z</time>
        <extensions>
          <ns3:TrackPointExtension>
            <ns3:hr>159</ns3:hr>
            <ns3:cad>84</ns3:cad>
          </ns3:TrackPointExtension>
        </extensions>
      </trkpt>
      <trkpt lat="24.4977111183106899261474609375" lon="118.14699553884565830230712890625">
        <ele>0</ele>
        <time>2021-11-17T14:43:53.000Z</time>
        <extensions>
          <ns3:TrackPointExtension>
            <ns3:hr>160</ns3:hr>
            <ns3:cad>84</ns3:cad>
          </ns3:TrackPointExtension>
        </extensions>
      </trkpt>
      <trkpt lat="24.4977550394833087921142578125" lon="118.146873414516448974609375">
        <ele>0</ele>
        <time>2021-11-17T14:43:58.000Z</time>
        <extensions>
          <ns3:TrackPointExtension>
            <ns3:hr>160</ns3:hr>
            <ns3:cad>84</ns3:cad>
          </ns3:TrackPointExtension>
        </extensions>
      </trkpt>
      <trkpt lat="24.497781693935394287109375" lon="118.1467513740062713623046875">
        <ele>0</ele>
        <time>2021-11-17T14:44:03.000Z</time>
        <extensions>
          <ns3:TrackPointExtension>
            <ns3:hr>159</ns3:hr>
            <ns3:cad>84</ns3:cad>
          </ns3:TrackPointExtension>
        </extensions>
      </trkpt>
      <trkpt lat="24.49780273251235485076904296875" lon="118.1466063670814037322998046875">
        <ele>0</ele>
        <time>2021-11-17T14:44:08.000Z</time>
        <extensions>
          <ns3:TrackPointExtension>
            <ns3:hr>160</ns3:hr>
            <ns3:cad>84</ns3:cad>
          </ns3:TrackPointExtension>
        </extensions>
      </trkpt>
      <trkpt lat="24.49783508665859699249267578125" lon="118.14646144397556781768798828125">
        <ele>0</ele>
        <time>2021-11-17T14:44:13.000Z</time>
        <extensions>
          <ns3:TrackPointExtension>
            <ns3:hr>160</ns3:hr>
            <ns3:cad>90</ns3:cad>
          </ns3:TrackPointExtension>
        </extensions>
      </trkpt>
      <trkpt lat="24.4978809356689453125" lon="118.14629363827407360076904296875">
        <ele>0</ele>
        <time>2021-11-17T14:44:18.000Z</time>
        <extensions>
          <ns3:TrackPointExtension>
            <ns3:hr>159</ns3:hr>
            <ns3:cad>90</ns3:cad>
          </ns3:TrackPointExtension>
        </extensions>
      </trkpt>
      <trkpt lat="24.49793047271668910980224609375" lon="118.14612574875354766845703125">
        <ele>0</ele>
        <time>2021-11-17T14:44:23.000Z</time>
        <extensions>
          <ns3:TrackPointExtension>
            <ns3:hr>160</ns3:hr>
            <ns3:cad>90</ns3:cad>
          </ns3:TrackPointExtension>
        </extensions>
      </trkpt>
      <trkpt lat="24.497983865439891815185546875" lon="118.1459579430520534515380859375">
        <ele>0</ele>
        <time>2021-11-17T14:44:28.000Z</time>
        <extensions>
          <ns3:TrackPointExtension>
            <ns3:hr>163</ns3:hr>
            <ns3:cad>90</ns3:cad>
          </ns3:TrackPointExtension>
        </extensions>
      </trkpt>
      <trkpt lat="24.49804681353271007537841796875" lon="118.14577479846775531768798828125">
        <ele>0</ele>
        <time>2021-11-17T14:44:33.000Z</time>
        <extensions>
          <ns3:TrackPointExtension>
            <ns3:hr>162</ns3:hr>
            <ns3:cad>90</ns3:cad>
          </ns3:TrackPointExtension>
        </extensions>
      </trkpt>
      <trkpt lat="24.49812308885157108306884765625" lon="118.14560699276626110076904296875">
        <ele>0</ele>
        <time>2021-11-17T14:44:38.000Z</time>
        <extensions>
          <ns3:TrackPointExtension>
            <ns3:hr>162</ns3:hr>
            <ns3:cad>90</ns3:cad>
          </ns3:TrackPointExtension>
        </extensions>
      </trkpt>
      <trkpt lat="24.49819944798946380615234375" lon="118.145469613373279571533203125">
        <ele>0</ele>
        <time>2021-11-17T14:44:43.000Z</time>
        <extensions>
          <ns3:TrackPointExtension>
            <ns3:hr>162</ns3:hr>
            <ns3:cad>90</ns3:cad>
          </ns3:TrackPointExtension>
        </extensions>
      </trkpt>
      <trkpt lat="24.49825284071266651153564453125" lon="118.14535520039498805999755859375">
        <ele>0</ele>
        <time>2021-11-17T14:44:48.000Z</time>
        <extensions>
          <ns3:TrackPointExtension>
            <ns3:hr>163</ns3:hr>
            <ns3:cad>90</ns3:cad>
          </ns3:TrackPointExtension>
        </extensions>
      </trkpt>
      <trkpt lat="24.49828905053436756134033203125" lon="118.14522544853389263153076171875">
        <ele>0</ele>
        <time>2021-11-17T14:44:53.000Z</time>
        <extensions>
          <ns3:TrackPointExtension>
            <ns3:hr>161</ns3:hr>
            <ns3:cad>90</ns3:cad>
          </ns3:TrackPointExtension>
        </extensions>
      </trkpt>
      <trkpt lat="24.498310089111328125" lon="118.1450500153005123138427734375">
        <ele>0</ele>
        <time>2021-11-17T14:44:58.000Z</time>
        <extensions>
          <ns3:TrackPointExtension>
            <ns3:hr>160</ns3:hr>
            <ns3:cad>90</ns3:cad>
          </ns3:TrackPointExtension>
        </extensions>
      </trkpt>
      <trkpt lat="24.49833481572568416595458984375" lon="118.14485161565244197845458984375">
        <ele>0</ele>
        <time>2021-11-17T14:45:03.000Z</time>
        <extensions>
          <ns3:TrackPointExtension>
            <ns3:hr>159</ns3:hr>
            <ns3:cad>90</ns3:cad>
          </ns3:TrackPointExtension>
        </extensions>
      </trkpt>
      <trkpt lat="24.49838443659245967864990234375" lon="118.1446914374828338623046875">
        <ele>0</ele>
        <time>2021-11-17T14:45:08.000Z</time>
        <extensions>
          <ns3:TrackPointExtension>
            <ns3:hr>158</ns3:hr>
            <ns3:cad>90</ns3:cad>
          </ns3:TrackPointExtension>
        </extensions>
      </trkpt>
      <trkpt lat="24.49843590147793292999267578125" lon="118.144561685621738433837890625">
        <ele>0</ele>
        <time>2021-11-17T14:45:13.000Z</time>
        <extensions>
          <ns3:TrackPointExtension>
            <ns3:hr>162</ns3:hr>
            <ns3:cad>90</ns3:cad>
          </ns3:TrackPointExtension>
        </extensions>
      </trkpt>
      <trkpt lat="24.49846071191132068634033203125" lon="118.14443201757967472076416015625">
        <ele>0</ele>
        <time>2021-11-17T14:45:18.000Z</time>
        <extensions>
          <ns3:TrackPointExtension>
            <ns3:hr>161</ns3:hr>
            <ns3:cad>90</ns3:cad>
          </ns3:TrackPointExtension>
        </extensions>
      </trkpt>
      <trkpt lat="24.4984835945069789886474609375" lon="118.14426421187818050384521484375">
        <ele>0</ele>
        <time>2021-11-17T14:45:23.000Z</time>
        <extensions>
          <ns3:TrackPointExtension>
            <ns3:hr>162</ns3:hr>
            <ns3:cad>90</ns3:cad>
          </ns3:TrackPointExtension>
        </extensions>
      </trkpt>
      <trkpt lat="24.49852935969829559326171875" lon="118.14406581223011016845703125">
        <ele>0</ele>
        <time>2021-11-17T14:45:28.000Z</time>
        <extensions>
          <ns3:TrackPointExtension>
            <ns3:hr>160</ns3:hr>
            <ns3:cad>90</ns3:cad>
          </ns3:TrackPointExtension>
        </extensions>
      </trkpt>
      <trkpt lat="24.4985694251954555511474609375" lon="118.143875040113925933837890625">
        <ele>0</ele>
        <time>2021-11-17T14:45:33.000Z</time>
        <extensions>
          <ns3:TrackPointExtension>
            <ns3:hr>161</ns3:hr>
            <ns3:cad>84</ns3:cad>
          </ns3:TrackPointExtension>
        </extensions>
      </trkpt>
      <trkpt lat="24.49860571883618831634521484375" lon="118.14374537207186222076416015625">
        <ele>0</ele>
        <time>2021-11-17T14:45:38.000Z</time>
        <extensions>
          <ns3:TrackPointExtension>
            <ns3:hr>161</ns3:hr>
            <ns3:cad>84</ns3:cad>
          </ns3:TrackPointExtension>
        </extensions>
      </trkpt>
      <trkpt lat="24.498653411865234375" lon="118.1436614692211151123046875">
        <ele>0</ele>
        <time>2021-11-17T14:45:43.000Z</time>
        <extensions>
          <ns3:TrackPointExtension>
            <ns3:hr>160</ns3:hr>
            <ns3:cad>84</ns3:cad>
          </ns3:TrackPointExtension>
        </extensions>
      </trkpt>
      <trkpt lat="24.49869154952466487884521484375" lon="118.1435546837747097015380859375">
        <ele>0</ele>
        <time>2021-11-17T14:45:48.000Z</time>
        <extensions>
          <ns3:TrackPointExtension>
            <ns3:hr>162</ns3:hr>
            <ns3:cad>84</ns3:cad>
          </ns3:TrackPointExtension>
        </extensions>
      </trkpt>
      <trkpt lat="24.49869154952466487884521484375" lon="118.14340204931795597076416015625">
        <ele>0</ele>
        <time>2021-11-17T14:45:53.000Z</time>
        <extensions>
          <ns3:TrackPointExtension>
            <ns3:hr>162</ns3:hr>
            <ns3:cad>84</ns3:cad>
          </ns3:TrackPointExtension>
        </extensions>
      </trkpt>
      <trkpt lat="24.498640000820159912109375" lon="118.14325712621212005615234375">
        <ele>0</ele>
        <time>2021-11-17T14:45:58.000Z</time>
        <extensions>
          <ns3:TrackPointExtension>
            <ns3:hr>159</ns3:hr>
            <ns3:cad>84</ns3:cad>
          </ns3:TrackPointExtension>
        </extensions>
      </trkpt>
      <trkpt lat="24.49853514321148395538330078125" lon="118.14315025694668292999267578125">
        <ele>0</ele>
        <time>2021-11-17T14:46:03.000Z</time>
        <extensions>
          <ns3:TrackPointExtension>
            <ns3:hr>160</ns3:hr>
            <ns3:cad>84</ns3:cad>
          </ns3:TrackPointExtension>
        </extensions>
      </trkpt>
      <trkpt lat="24.49840354733169078826904296875" lon="118.14308923669159412384033203125">
        <ele>0</ele>
        <time>2021-11-17T14:46:08.000Z</time>
        <extensions>
          <ns3:TrackPointExtension>
            <ns3:hr>160</ns3:hr>
            <ns3:cad>84</ns3:cad>
          </ns3:TrackPointExtension>
        </extensions>
      </trkpt>
      <trkpt lat="24.4982604682445526123046875" lon="118.14303584396839141845703125">
        <ele>0</ele>
        <time>2021-11-17T14:46:13.000Z</time>
        <extensions>
          <ns3:TrackPointExtension>
            <ns3:hr>161</ns3:hr>
            <ns3:cad>84</ns3:cad>
          </ns3:TrackPointExtension>
        </extensions>
      </trkpt>
      <trkpt lat="24.498125016689300537109375" lon="118.14298245124518871307373046875">
        <ele>0</ele>
        <time>2021-11-17T14:46:18.000Z</time>
        <extensions>
          <ns3:TrackPointExtension>
            <ns3:hr>160</ns3:hr>
            <ns3:cad>84</ns3:cad>
          </ns3:TrackPointExtension>
        </extensions>
      </trkpt>
      <trkpt lat="24.497983865439891815185546875" lon="118.14291380345821380615234375">
        <ele>0</ele>
        <time>2021-11-17T14:46:23.000Z</time>
        <extensions>
          <ns3:TrackPointExtension>
            <ns3:hr>157</ns3:hr>
            <ns3:cad>84</ns3:cad>
          </ns3:TrackPointExtension>
        </extensions>
      </trkpt>
      <trkpt lat="24.49782368727028369903564453125" lon="118.1428680382668972015380859375">
        <ele>0</ele>
        <time>2021-11-17T14:46:28.000Z</time>
        <extensions>
          <ns3:TrackPointExtension>
            <ns3:hr>158</ns3:hr>
            <ns3:cad>84</ns3:cad>
          </ns3:TrackPointExtension>
        </extensions>
      </trkpt>
      <trkpt lat="24.49766342528164386749267578125" lon="118.14282218925654888153076171875">
        <ele>0</ele>
        <time>2021-11-17T14:46:33.000Z</time>
        <extensions>
          <ns3:TrackPointExtension>
            <ns3:hr>161</ns3:hr>
            <ns3:cad>90</ns3:cad>
          </ns3:TrackPointExtension>
        </extensions>
      </trkpt>
      <trkpt lat="24.497529901564121246337890625" lon="118.14277642406523227691650390625">
        <ele>0</ele>
        <time>2021-11-17T14:46:38.000Z</time>
        <extensions>
          <ns3:TrackPointExtension>
            <ns3:hr>162</ns3:hr>
            <ns3:cad>90</ns3:cad>
          </ns3:TrackPointExtension>
        </extensions>
      </trkpt>
      <trkpt lat="24.497407861053943634033203125" lon="118.142723031342029571533203125">
        <ele>0</ele>
        <time>2021-11-17T14:46:43.000Z</time>
        <extensions>
          <ns3:TrackPointExtension>
            <ns3:hr>163</ns3:hr>
            <ns3:cad>90</ns3:cad>
          </ns3:TrackPointExtension>
        </extensions>
      </trkpt>
      <trkpt lat="24.49726478196680545806884765625" lon="118.1426772661507129669189453125">
        <ele>0</ele>
        <time>2021-11-17T14:46:48.000Z</time>
        <extensions>
          <ns3:TrackPointExtension>
            <ns3:hr>162</ns3:hr>
            <ns3:cad>90</ns3:cad>
          </ns3:TrackPointExtension>
        </extensions>
      </trkpt>
      <trkpt lat="24.4971046037971973419189453125" lon="118.1426467560231685638427734375">
        <ele>0</ele>
        <time>2021-11-17T14:46:53.000Z</time>
        <extensions>
          <ns3:TrackPointExtension>
            <ns3:hr>161</ns3:hr>
            <ns3:cad>90</ns3:cad>
          </ns3:TrackPointExtension>
        </extensions>
      </trkpt>
      <trkpt lat="24.49695012532174587249755859375" lon="118.14259336329996585845947265625">
        <ele>0</ele>
        <time>2021-11-17T14:46:58.000Z</time>
        <extensions>
          <ns3:TrackPointExtension>
            <ns3:hr>161</ns3:hr>
            <ns3:cad>90</ns3:cad>
          </ns3:TrackPointExtension>
        </extensions>
      </trkpt>
      <trkpt lat="24.4968166016042232513427734375" lon="118.142539970576763153076171875">
        <ele>0</ele>
        <time>2021-11-17T14:47:03.000Z</time>
        <extensions>
          <ns3:TrackPointExtension>
            <ns3:hr>162</ns3:hr>
            <ns3:cad>90</ns3:cad>
          </ns3:TrackPointExtension>
        </extensions>
      </trkpt>
      <trkpt lat="24.496696405112743377685546875" lon="118.14249412156641483306884765625">
        <ele>0</ele>
        <time>2021-11-17T14:47:08.000Z</time>
        <extensions>
          <ns3:TrackPointExtension>
            <ns3:hr>163</ns3:hr>
            <ns3:cad>90</ns3:cad>
          </ns3:TrackPointExtension>
        </extensions>
      </trkpt>
      <trkpt lat="24.49656673707067966461181640625" lon="118.14244835637509822845458984375">
        <ele>0</ele>
        <time>2021-11-17T14:47:13.000Z</time>
        <extensions>
          <ns3:TrackPointExtension>
            <ns3:hr>162</ns3:hr>
            <ns3:cad>90</ns3:cad>
          </ns3:TrackPointExtension>
        </extensions>
      </trkpt>
      <trkpt lat="24.4964122585952281951904296875" lon="118.1423949636518955230712890625">
        <ele>0</ele>
        <time>2021-11-17T14:47:18.000Z</time>
        <extensions>
          <ns3:TrackPointExtension>
            <ns3:hr>162</ns3:hr>
            <ns3:cad>90</ns3:cad>
          </ns3:TrackPointExtension>
        </extensions>
      </trkpt>
      <trkpt lat="24.49625392444431781768798828125" lon="118.14234919846057891845703125">
        <ele>0</ele>
        <time>2021-11-17T14:47:23.000Z</time>
        <extensions>
          <ns3:TrackPointExtension>
            <ns3:hr>161</ns3:hr>
            <ns3:cad>90</ns3:cad>
          </ns3:TrackPointExtension>
        </extensions>
      </trkpt>
      <trkpt lat="24.496120400726795196533203125" lon="118.14231106080114841461181640625">
        <ele>0</ele>
        <time>2021-11-17T14:47:28.000Z</time>
        <extensions>
          <ns3:TrackPointExtension>
            <ns3:hr>161</ns3:hr>
            <ns3:cad>90</ns3:cad>
          </ns3:TrackPointExtension>
        </extensions>
      </trkpt>
      <trkpt lat="24.49600028805434703826904296875" lon="118.1422729231417179107666015625">
        <ele>0</ele>
        <time>2021-11-17T14:47:33.000Z</time>
        <extensions>
          <ns3:TrackPointExtension>
            <ns3:hr>161</ns3:hr>
            <ns3:cad>90</ns3:cad>
          </ns3:TrackPointExtension>
        </extensions>
      </trkpt>
      <trkpt lat="24.495862908661365509033203125" lon="118.14222715795040130615234375">
        <ele>0</ele>
        <time>2021-11-17T14:47:38.000Z</time>
        <extensions>
          <ns3:TrackPointExtension>
            <ns3:hr>161</ns3:hr>
            <ns3:cad>90</ns3:cad>
          </ns3:TrackPointExtension>
        </extensions>
      </trkpt>
      <trkpt lat="24.4957008026540279388427734375" lon="118.1421813927590847015380859375">
        <ele>0</ele>
        <time>2021-11-17T14:47:43.000Z</time>
        <extensions>
          <ns3:TrackPointExtension>
            <ns3:hr>162</ns3:hr>
            <ns3:cad>90</ns3:cad>
          </ns3:TrackPointExtension>
        </extensions>
      </trkpt>
      <trkpt lat="24.49554246850311756134033203125" lon="118.14213554374873638153076171875">
        <ele>0</ele>
        <time>2021-11-17T14:47:48.000Z</time>
        <extensions>
          <ns3:TrackPointExtension>
            <ns3:hr>162</ns3:hr>
            <ns3:cad>90</ns3:cad>
          </ns3:TrackPointExtension>
        </extensions>
      </trkpt>
      <trkpt lat="24.495391845703125" lon="118.14210503362119197845458984375">
        <ele>0</ele>
        <time>2021-11-17T14:47:53.000Z</time>
        <extensions>
          <ns3:TrackPointExtension>
            <ns3:hr>162</ns3:hr>
            <ns3:cad>90</ns3:cad>
          </ns3:TrackPointExtension>
        </extensions>
      </trkpt>
      <trkpt lat="24.49523921124637126922607421875" lon="118.142066895961761474609375">
        <ele>0</ele>
        <time>2021-11-17T14:47:58.000Z</time>
        <extensions>
          <ns3:TrackPointExtension>
            <ns3:hr>163</ns3:hr>
            <ns3:cad>90</ns3:cad>
          </ns3:TrackPointExtension>
        </extensions>
      </trkpt>
      <trkpt lat="24.49509613215923309326171875" lon="118.14200587570667266845703125">
        <ele>0</ele>
        <time>2021-11-17T14:48:03.000Z</time>
        <extensions>
          <ns3:TrackPointExtension>
            <ns3:hr>163</ns3:hr>
            <ns3:cad>90</ns3:cad>
          </ns3:TrackPointExtension>
        </extensions>
      </trkpt>
      <trkpt lat="24.49495120905339717864990234375" lon="118.14193722791969776153564453125">
        <ele>0</ele>
        <time>2021-11-17T14:48:08.000Z</time>
        <extensions>
          <ns3:TrackPointExtension>
            <ns3:hr>164</ns3:hr>
            <ns3:cad>90</ns3:cad>
          </ns3:TrackPointExtension>
        </extensions>
      </trkpt>
      <trkpt lat="24.49480435810983180999755859375" lon="118.14187620766460895538330078125">
        <ele>0</ele>
        <time>2021-11-17T14:48:13.000Z</time>
        <extensions>
          <ns3:TrackPointExtension>
            <ns3:hr>163</ns3:hr>
            <ns3:cad>90</ns3:cad>
          </ns3:TrackPointExtension>
        </extensions>
      </trkpt>
      <trkpt lat="24.49466320686042308807373046875" lon="118.14183044247329235076904296875">
        <ele>0</ele>
        <time>2021-11-17T14:48:18.000Z</time>
        <extensions>
          <ns3:TrackPointExtension>
            <ns3:hr>163</ns3:hr>
            <ns3:cad>90</ns3:cad>
          </ns3:TrackPointExtension>
        </extensions>
      </trkpt>
      <trkpt lat="24.494525827467441558837890625" lon="118.14178459346294403076171875">
        <ele>0</ele>
        <time>2021-11-17T14:48:23.000Z</time>
        <extensions>
          <ns3:TrackPointExtension>
            <ns3:hr>164</ns3:hr>
            <ns3:cad>90</ns3:cad>
          </ns3:TrackPointExtension>
        </extensions>
      </trkpt>
      <trkpt lat="24.49438476003706455230712890625" lon="118.141723573207855224609375">
        <ele>0</ele>
        <time>2021-11-17T14:48:28.000Z</time>
        <extensions>
          <ns3:TrackPointExtension>
            <ns3:hr>163</ns3:hr>
            <ns3:cad>90</ns3:cad>
          </ns3:TrackPointExtension>
        </extensions>
      </trkpt>
      <trkpt lat="24.49424360878765583038330078125" lon="118.14165492542088031768798828125">
        <ele>0</ele>
        <time>2021-11-17T14:48:33.000Z</time>
        <extensions>
          <ns3:TrackPointExtension>
            <ns3:hr>164</ns3:hr>
            <ns3:cad>90</ns3:cad>
          </ns3:TrackPointExtension>
        </extensions>
      </trkpt>
      <trkpt lat="24.494096674025058746337890625" lon="118.1415862776339054107666015625">
        <ele>0</ele>
        <time>2021-11-17T14:48:38.000Z</time>
        <extensions>
          <ns3:TrackPointExtension>
            <ns3:hr>163</ns3:hr>
            <ns3:cad>90</ns3:cad>
          </ns3:TrackPointExtension>
        </extensions>
      </trkpt>
      <trkpt lat="24.49394412338733673095703125" lon="118.14154813997447490692138671875">
        <ele>0</ele>
        <time>2021-11-17T14:48:43.000Z</time>
        <extensions>
          <ns3:TrackPointExtension>
            <ns3:hr>163</ns3:hr>
            <ns3:cad>90</ns3:cad>
          </ns3:TrackPointExtension>
        </extensions>
      </trkpt>
      <trkpt lat="24.49380489997565746307373046875" lon="118.14153288491070270538330078125">
        <ele>0</ele>
        <time>2021-11-17T14:48:48.000Z</time>
        <extensions>
          <ns3:TrackPointExtension>
            <ns3:hr>165</ns3:hr>
            <ns3:cad>90</ns3:cad>
          </ns3:TrackPointExtension>
        </extensions>
      </trkpt>
      <trkpt lat="24.4936656765639781951904296875" lon="118.141510002315044403076171875">
        <ele>0</ele>
        <time>2021-11-17T14:48:53.000Z</time>
        <extensions>
          <ns3:TrackPointExtension>
            <ns3:hr>166</ns3:hr>
            <ns3:cad>90</ns3:cad>
          </ns3:TrackPointExtension>
        </extensions>
      </trkpt>
      <trkpt lat="24.49351304210722446441650390625" lon="118.141471780836582183837890625">
        <ele>0</ele>
        <time>2021-11-17T14:48:58.000Z</time>
        <extensions>
          <ns3:TrackPointExtension>
            <ns3:hr>165</ns3:hr>
            <ns3:cad>90</ns3:cad>
          </ns3:TrackPointExtension>
        </extensions>
      </trkpt>
      <trkpt lat="24.49335663579404354095458984375" lon="118.1414260156452655792236328125">
        <ele>0</ele>
        <time>2021-11-17T14:49:03.000Z</time>
        <extensions>
          <ns3:TrackPointExtension>
            <ns3:hr>165</ns3:hr>
            <ns3:cad>90</ns3:cad>
          </ns3:TrackPointExtension>
        </extensions>
      </trkpt>
      <trkpt lat="24.4932174123823642730712890625" lon="118.14138787798583507537841796875">
        <ele>0</ele>
        <time>2021-11-17T14:49:08.000Z</time>
        <extensions>
          <ns3:TrackPointExtension>
            <ns3:hr>163</ns3:hr>
            <ns3:cad>90</ns3:cad>
          </ns3:TrackPointExtension>
        </extensions>
      </trkpt>
      <trkpt lat="24.493080116808414459228515625" lon="118.1413344852626323699951171875">
        <ele>0</ele>
        <time>2021-11-17T14:49:13.000Z</time>
        <extensions>
          <ns3:TrackPointExtension>
            <ns3:hr>162</ns3:hr>
            <ns3:cad>90</ns3:cad>
          </ns3:TrackPointExtension>
        </extensions>
      </trkpt>
      <trkpt lat="24.49293703772127628326416015625" lon="118.1412734650075435638427734375">
        <ele>0</ele>
        <time>2021-11-17T14:49:18.000Z</time>
        <extensions>
          <ns3:TrackPointExtension>
            <ns3:hr>164</ns3:hr>
            <ns3:cad>90</ns3:cad>
          </ns3:TrackPointExtension>
        </extensions>
      </trkpt>
      <trkpt lat="24.492797814309597015380859375" lon="118.14125058241188526153564453125">
        <ele>0</ele>
        <time>2021-11-17T14:49:23.000Z</time>
        <extensions>
          <ns3:TrackPointExtension>
            <ns3:hr>165</ns3:hr>
            <ns3:cad>90</ns3:cad>
          </ns3:TrackPointExtension>
        </extensions>
      </trkpt>
      <trkpt lat="24.49269287288188934326171875" lon="118.14131160266697406768798828125">
        <ele>0</ele>
        <time>2021-11-17T14:49:28.000Z</time>
        <extensions>
          <ns3:TrackPointExtension>
            <ns3:hr>165</ns3:hr>
            <ns3:cad>90</ns3:cad>
          </ns3:TrackPointExtension>
        </extensions>
      </trkpt>
      <trkpt lat="24.4926414079964160919189453125" lon="118.14144889824092388153076171875">
        <ele>0</ele>
        <time>2021-11-17T14:49:33.000Z</time>
        <extensions>
          <ns3:TrackPointExtension>
            <ns3:hr>165</ns3:hr>
            <ns3:cad>90</ns3:cad>
          </ns3:TrackPointExtension>
        </extensions>
      </trkpt>
      <trkpt lat="24.49261466972529888153076171875" lon="118.1416015326976776123046875">
        <ele>0</ele>
        <time>2021-11-17T14:49:38.000Z</time>
        <extensions>
          <ns3:TrackPointExtension>
            <ns3:hr>166</ns3:hr>
            <ns3:cad>90</ns3:cad>
          </ns3:TrackPointExtension>
        </extensions>
      </trkpt>
      <trkpt lat="24.4925860874354839324951171875" lon="118.14174645580351352691650390625">
        <ele>0</ele>
        <time>2021-11-17T14:49:43.000Z</time>
        <extensions>
          <ns3:TrackPointExtension>
            <ns3:hr>164</ns3:hr>
            <ns3:cad>90</ns3:cad>
          </ns3:TrackPointExtension>
        </extensions>
      </trkpt>
      <trkpt lat="24.49255364947021007537841796875" lon="118.14187620766460895538330078125">
        <ele>0</ele>
        <time>2021-11-17T14:49:48.000Z</time>
        <extensions>
          <ns3:TrackPointExtension>
            <ns3:hr>164</ns3:hr>
            <ns3:cad>90</ns3:cad>
          </ns3:TrackPointExtension>
        </extensions>
      </trkpt>
      <trkpt lat="24.49252313934266567230224609375" lon="118.14199824817478656768798828125">
        <ele>0</ele>
        <time>2021-11-17T14:49:53.000Z</time>
        <extensions>
          <ns3:TrackPointExtension>
            <ns3:hr>165</ns3:hr>
            <ns3:cad>90</ns3:cad>
          </ns3:TrackPointExtension>
        </extensions>
      </trkpt>
      <trkpt lat="24.49249648489058017730712890625" lon="118.14212791621685028076171875">
        <ele>0</ele>
        <time>2021-11-17T14:49:58.000Z</time>
        <extensions>
          <ns3:TrackPointExtension>
            <ns3:hr>166</ns3:hr>
            <ns3:cad>90</ns3:cad>
          </ns3:TrackPointExtension>
        </extensions>
      </trkpt>
      <trkpt lat="24.49246781878173351287841796875" lon="118.142257668077945709228515625">
        <ele>0</ele>
        <time>2021-11-17T14:50:03.000Z</time>
        <extensions>
          <ns3:TrackPointExtension>
            <ns3:hr>164</ns3:hr>
            <ns3:cad>90</ns3:cad>
          </ns3:TrackPointExtension>
        </extensions>
      </trkpt>
      <trkpt lat="24.4924392364919185638427734375" lon="118.1423949636518955230712890625">
        <ele>0</ele>
        <time>2021-11-17T14:50:08.000Z</time>
        <extensions>
          <ns3:TrackPointExtension>
            <ns3:hr>164</ns3:hr>
            <ns3:cad>90</ns3:cad>
          </ns3:TrackPointExtension>
        </extensions>
      </trkpt>
      <trkpt lat="24.49240679852664470672607421875" lon="118.14251708798110485076904296875">
        <ele>0</ele>
        <time>2021-11-17T14:50:13.000Z</time>
        <extensions>
          <ns3:TrackPointExtension>
            <ns3:hr>163</ns3:hr>
            <ns3:cad>90</ns3:cad>
          </ns3:TrackPointExtension>
        </extensions>
      </trkpt>
      <trkpt lat="24.4923896156251430511474609375" lon="118.1426467560231685638427734375">
        <ele>0</ele>
        <time>2021-11-17T14:50:18.000Z</time>
        <extensions>
          <ns3:TrackPointExtension>
            <ns3:hr>162</ns3:hr>
            <ns3:cad>90</ns3:cad>
          </ns3:TrackPointExtension>
        </extensions>
      </trkpt>
      <trkpt lat="24.49240109883248805999755859375" lon="118.142784051597118377685546875">
        <ele>0</ele>
        <time>2021-11-17T14:50:23.000Z</time>
        <extensions>
          <ns3:TrackPointExtension>
            <ns3:hr>162</ns3:hr>
            <ns3:cad>90</ns3:cad>
          </ns3:TrackPointExtension>
        </extensions>
      </trkpt>
      <trkpt lat="24.49241635389626026153564453125" lon="118.14293668605387210845947265625">
        <ele>0</ele>
        <time>2021-11-17T14:50:28.000Z</time>
        <extensions>
          <ns3:TrackPointExtension>
            <ns3:hr>163</ns3:hr>
            <ns3:cad>90</ns3:cad>
          </ns3:TrackPointExtension>
        </extensions>
      </trkpt>
      <trkpt lat="24.49240109883248805999755859375" lon="118.143096864223480224609375">
        <ele>0</ele>
        <time>2021-11-17T14:50:33.000Z</time>
        <extensions>
          <ns3:TrackPointExtension>
            <ns3:hr>163</ns3:hr>
            <ns3:cad>90</ns3:cad>
          </ns3:TrackPointExtension>
        </extensions>
      </trkpt>
      <trkpt lat="24.49234955012798309326171875" lon="118.14326475374400615692138671875">
        <ele>0</ele>
        <time>2021-11-17T14:50:38.000Z</time>
        <extensions>
          <ns3:TrackPointExtension>
            <ns3:hr>162</ns3:hr>
            <ns3:cad>90</ns3:cad>
          </ns3:TrackPointExtension>
        </extensions>
      </trkpt>
      <trkpt lat="24.49227134697139263153076171875" lon="118.143409676849842071533203125">
        <ele>0</ele>
        <time>2021-11-17T14:50:43.000Z</time>
        <extensions>
          <ns3:TrackPointExtension>
            <ns3:hr>163</ns3:hr>
            <ns3:cad>90</ns3:cad>
          </ns3:TrackPointExtension>
        </extensions>
      </trkpt>
      <trkpt lat="24.49221032671630382537841796875" lon="118.143531717360019683837890625">
        <ele>0</ele>
        <time>2021-11-17T14:50:48.000Z</time>
        <extensions>
          <ns3:TrackPointExtension>
            <ns3:hr>164</ns3:hr>
            <ns3:cad>90</ns3:cad>
          </ns3:TrackPointExtension>
        </extensions>
      </trkpt>
      <trkpt lat="24.49216841720044612884521484375" lon="118.14366909675300121307373046875">
        <ele>0</ele>
        <time>2021-11-17T14:50:53.000Z</time>
        <extensions>
          <ns3:TrackPointExtension>
            <ns3:hr>163</ns3:hr>
            <ns3:cad>90</ns3:cad>
          </ns3:TrackPointExtension>
        </extensions>
      </trkpt>
      <trkpt lat="24.492111168801784515380859375" lon="118.14380639232695102691650390625">
        <ele>0</ele>
        <time>2021-11-17T14:50:58.000Z</time>
        <extensions>
          <ns3:TrackPointExtension>
            <ns3:hr>161</ns3:hr>
            <ns3:cad>90</ns3:cad>
          </ns3:TrackPointExtension>
        </extensions>
      </trkpt>
      <trkpt lat="24.492050148546695709228515625" lon="118.14396665431559085845947265625">
        <ele>0</ele>
        <time>2021-11-17T14:51:03.000Z</time>
        <extensions>
          <ns3:TrackPointExtension>
            <ns3:hr>162</ns3:hr>
            <ns3:cad>90</ns3:cad>
          </ns3:TrackPointExtension>
        </extensions>
      </trkpt>
      <trkpt lat="24.49200815521180629730224609375" lon="118.14413446001708507537841796875">
        <ele>0</ele>
        <time>2021-11-17T14:51:08.000Z</time>
        <extensions>
          <ns3:TrackPointExtension>
            <ns3:hr>161</ns3:hr>
            <ns3:cad>90</ns3:cad>
          </ns3:TrackPointExtension>
        </extensions>
      </trkpt>
      <trkpt lat="24.49196624569594860076904296875" lon="118.1443023495376110076904296875">
        <ele>0</ele>
        <time>2021-11-17T14:51:13.000Z</time>
        <extensions>
          <ns3:TrackPointExtension>
            <ns3:hr>162</ns3:hr>
            <ns3:cad>90</ns3:cad>
          </ns3:TrackPointExtension>
        </extensions>
      </trkpt>
      <trkpt lat="24.4919185526669025421142578125" lon="118.144470155239105224609375">
        <ele>0</ele>
        <time>2021-11-17T14:51:18.000Z</time>
        <extensions>
          <ns3:TrackPointExtension>
            <ns3:hr>163</ns3:hr>
            <ns3:cad>90</ns3:cad>
          </ns3:TrackPointExtension>
        </extensions>
      </trkpt>
      <trkpt lat="24.49187085963785648345947265625" lon="118.14465329982340335845947265625">
        <ele>0</ele>
        <time>2021-11-17T14:51:23.000Z</time>
        <extensions>
          <ns3:TrackPointExtension>
            <ns3:hr>162</ns3:hr>
            <ns3:cad>90</ns3:cad>
          </ns3:TrackPointExtension>
        </extensions>
      </trkpt>
      <trkpt lat="24.49183456599712371826171875" lon="118.144843988120555877685546875">
        <ele>0</ele>
        <time>2021-11-17T14:51:28.000Z</time>
        <extensions>
          <ns3:TrackPointExtension>
            <ns3:hr>162</ns3:hr>
            <ns3:cad>90</ns3:cad>
          </ns3:TrackPointExtension>
        </extensions>
      </trkpt>
      <trkpt lat="24.49179458431899547576904296875" lon="118.14504238776862621307373046875">
        <ele>0</ele>
        <time>2021-11-17T14:51:33.000Z</time>
        <extensions>
          <ns3:TrackPointExtension>
            <ns3:hr>162</ns3:hr>
            <ns3:cad>90</ns3:cad>
          </ns3:TrackPointExtension>
        </extensions>
      </trkpt>
      <trkpt lat="24.4917373359203338623046875" lon="118.14521782100200653076171875">
        <ele>0</ele>
        <time>2021-11-17T14:51:38.000Z</time>
        <extensions>
          <ns3:TrackPointExtension>
            <ns3:hr>162</ns3:hr>
            <ns3:cad>90</ns3:cad>
          </ns3:TrackPointExtension>
        </extensions>
      </trkpt>
      <trkpt lat="24.491687715053558349609375" lon="118.1453780829906463623046875">
        <ele>0</ele>
        <time>2021-11-17T14:51:43.000Z</time>
        <extensions>
          <ns3:TrackPointExtension>
            <ns3:hr>162</ns3:hr>
            <ns3:cad>90</ns3:cad>
          </ns3:TrackPointExtension>
        </extensions>
      </trkpt>
      <trkpt lat="24.49165913276374340057373046875" lon="118.1455458886921405792236328125">
        <ele>0</ele>
        <time>2021-11-17T14:51:48.000Z</time>
        <extensions>
          <ns3:TrackPointExtension>
            <ns3:hr>163</ns3:hr>
            <ns3:cad>90</ns3:cad>
          </ns3:TrackPointExtension>
        </extensions>
      </trkpt>
      <trkpt lat="24.49162862263619899749755859375" lon="118.14569852314889430999755859375">
        <ele>0</ele>
        <time>2021-11-17T14:51:53.000Z</time>
        <extensions>
          <ns3:TrackPointExtension>
            <ns3:hr>165</ns3:hr>
            <ns3:cad>90</ns3:cad>
          </ns3:TrackPointExtension>
        </extensions>
      </trkpt>
      <trkpt lat="24.49157707393169403076171875" lon="118.14583581872284412384033203125">
        <ele>0</ele>
        <time>2021-11-17T14:51:58.000Z</time>
        <extensions>
          <ns3:TrackPointExtension>
            <ns3:hr>165</ns3:hr>
            <ns3:cad>90</ns3:cad>
          </ns3:TrackPointExtension>
        </extensions>
      </trkpt>
      <trkpt lat="24.49150842614471912384033203125" lon="118.14599608071148395538330078125">
        <ele>0</ele>
        <time>2021-11-17T14:52:03.000Z</time>
        <extensions>
          <ns3:TrackPointExtension>
            <ns3:hr>164</ns3:hr>
            <ns3:cad>90</ns3:cad>
          </ns3:TrackPointExtension>
        </extensions>
      </trkpt>
      <trkpt lat="24.491460733115673065185546875" lon="118.1461410038173198699951171875">
        <ele>0</ele>
        <time>2021-11-17T14:52:08.000Z</time>
        <extensions>
          <ns3:TrackPointExtension>
            <ns3:hr>164</ns3:hr>
            <ns3:cad>90</ns3:cad>
          </ns3:TrackPointExtension>
        </extensions>
      </trkpt>
      <trkpt lat="24.49149317108094692230224609375" lon="118.14624778926372528076171875">
        <ele>0</ele>
        <time>2021-11-17T14:52:13.000Z</time>
        <extensions>
          <ns3:TrackPointExtension>
            <ns3:hr>159</ns3:hr>
            <ns3:cad>90</ns3:cad>
          </ns3:TrackPointExtension>
        </extensions>
      </trkpt>
      <trkpt lat="24.491601884365081787109375" lon="118.14632414840161800384521484375">
        <ele>0</ele>
        <time>2021-11-17T14:52:18.000Z</time>
        <extensions>
          <ns3:TrackPointExtension>
            <ns3:hr>159</ns3:hr>
            <ns3:cad>90</ns3:cad>
          </ns3:TrackPointExtension>
        </extensions>
      </trkpt>
      <trkpt lat="24.49172970838844776153564453125" lon="118.146377541124820709228515625">
        <ele>0</ele>
        <time>2021-11-17T14:52:23.000Z</time>
        <extensions>
          <ns3:TrackPointExtension>
            <ns3:hr>161</ns3:hr>
            <ns3:cad>90</ns3:cad>
          </ns3:TrackPointExtension>
        </extensions>
      </trkpt>
      <trkpt lat="24.49186130426824092864990234375" lon="118.1464233063161373138427734375">
        <ele>0</ele>
        <time>2021-11-17T14:52:28.000Z</time>
        <extensions>
          <ns3:TrackPointExtension>
            <ns3:hr>160</ns3:hr>
            <ns3:cad>90</ns3:cad>
          </ns3:TrackPointExtension>
        </extensions>
      </trkpt>
      <trkpt lat="24.4920043833553791046142578125" lon="118.14647669903934001922607421875">
        <ele>0</ele>
        <time>2021-11-17T14:52:33.000Z</time>
        <extensions>
          <ns3:TrackPointExtension>
            <ns3:hr>158</ns3:hr>
            <ns3:cad>90</ns3:cad>
          </ns3:TrackPointExtension>
        </extensions>
      </trkpt>
      <trkpt lat="24.4921455346047878265380859375" lon="118.1465148366987705230712890625">
        <ele>0</ele>
        <time>2021-11-17T14:52:38.000Z</time>
        <extensions>
          <ns3:TrackPointExtension>
            <ns3:hr>158</ns3:hr>
            <ns3:cad>90</ns3:cad>
          </ns3:TrackPointExtension>
        </extensions>
      </trkpt>
      <trkpt lat="24.4922732748091220855712890625" lon="118.14655297435820102691650390625">
        <ele>0</ele>
        <time>2021-11-17T14:52:43.000Z</time>
        <extensions>
          <ns3:TrackPointExtension>
            <ns3:hr>161</ns3:hr>
            <ns3:cad>90</ns3:cad>
          </ns3:TrackPointExtension>
        </extensions>
      </trkpt>
      <trkpt lat="24.49239154346287250518798828125" lon="118.14659873954951763153076171875">
        <ele>0</ele>
        <time>2021-11-17T14:52:48.000Z</time>
        <extensions>
          <ns3:TrackPointExtension>
            <ns3:hr>162</ns3:hr>
            <ns3:cad>90</ns3:cad>
          </ns3:TrackPointExtension>
        </extensions>
      </trkpt>
      <trkpt lat="24.49251358397305011749267578125" lon="118.1466445885598659515380859375">
        <ele>0</ele>
        <time>2021-11-17T14:52:53.000Z</time>
        <extensions>
          <ns3:TrackPointExtension>
            <ns3:hr>160</ns3:hr>
            <ns3:cad>90</ns3:cad>
          </ns3:TrackPointExtension>
        </extensions>
      </trkpt>
      <trkpt lat="24.49265859089791774749755859375" lon="118.14668272621929645538330078125">
        <ele>0</ele>
        <time>2021-11-17T14:52:58.000Z</time>
        <extensions>
          <ns3:TrackPointExtension>
            <ns3:hr>160</ns3:hr>
            <ns3:cad>90</ns3:cad>
          </ns3:TrackPointExtension>
        </extensions>
      </trkpt>
      <trkpt lat="24.492816925048828125" lon="118.14671323634684085845947265625">
        <ele>0</ele>
        <time>2021-11-17T14:53:03.000Z</time>
        <extensions>
          <ns3:TrackPointExtension>
            <ns3:hr>157</ns3:hr>
            <ns3:cad>90</ns3:cad>
          </ns3:TrackPointExtension>
        </extensions>
      </trkpt>
      <trkpt lat="24.4929656200110912322998046875" lon="118.1467361189424991607666015625">
        <ele>0</ele>
        <time>2021-11-17T14:53:08.000Z</time>
        <extensions>
          <ns3:TrackPointExtension>
            <ns3:hr>157</ns3:hr>
            <ns3:cad>90</ns3:cad>
          </ns3:TrackPointExtension>
        </extensions>
      </trkpt>
      <trkpt lat="24.49308581650257110595703125" lon="118.14678951166570186614990234375">
        <ele>0</ele>
        <time>2021-11-17T14:53:13.000Z</time>
        <extensions>
          <ns3:TrackPointExtension>
            <ns3:hr>156</ns3:hr>
            <ns3:cad>90</ns3:cad>
          </ns3:TrackPointExtension>
        </extensions>
      </trkpt>
      <trkpt lat="24.4931869022548198699951171875" lon="118.1468581594526767730712890625">
        <ele>0</ele>
        <time>2021-11-17T14:53:18.000Z</time>
        <extensions>
          <ns3:TrackPointExtension>
            <ns3:hr>158</ns3:hr>
            <ns3:cad>90</ns3:cad>
          </ns3:TrackPointExtension>
        </extensions>
      </trkpt>
      <trkpt lat="24.4932822883129119873046875" lon="118.146873414516448974609375">
        <ele>0</ele>
        <time>2021-11-17T14:53:23.000Z</time>
        <extensions>
          <ns3:TrackPointExtension>
            <ns3:hr>154</ns3:hr>
            <ns3:cad>90</ns3:cad>
          </ns3:TrackPointExtension>
        </extensions>
      </trkpt>
      <trkpt lat="24.493373818695545196533203125" lon="118.14683527685701847076416015625">
        <ele>0</ele>
        <time>2021-11-17T14:53:28.000Z</time>
        <extensions>
          <ns3:TrackPointExtension>
            <ns3:hr>157</ns3:hr>
            <ns3:cad>90</ns3:cad>
          </ns3:TrackPointExtension>
        </extensions>
      </trkpt>
      <trkpt lat="24.4934692047536373138427734375" lon="118.14678951166570186614990234375">
        <ele>0</ele>
        <time>2021-11-17T14:53:33.000Z</time>
        <extensions>
          <ns3:TrackPointExtension>
            <ns3:hr>154</ns3:hr>
            <ns3:cad>90</ns3:cad>
          </ns3:TrackPointExtension>
        </extensions>
      </trkpt>
      <trkpt lat="24.49359887279570102691650390625" lon="118.1468276493251323699951171875">
        <ele>0</ele>
        <time>2021-11-17T14:53:38.000Z</time>
        <extensions>
          <ns3:TrackPointExtension>
            <ns3:hr>155</ns3:hr>
            <ns3:cad>90</ns3:cad>
          </ns3:TrackPointExtension>
        </extensions>
      </trkpt>
      <trkpt lat="24.49377053417265415191650390625" lon="118.14695731736719608306884765625">
        <ele>0</ele>
        <time>2021-11-17T14:53:43.000Z</time>
        <extensions>
          <ns3:TrackPointExtension>
            <ns3:hr>156</ns3:hr>
            <ns3:cad>90</ns3:cad>
          </ns3:TrackPointExtension>
        </extensions>
      </trkpt>
      <trkpt lat="24.49395745061337947845458984375" lon="118.1470794416964054107666015625">
        <ele>0</ele>
        <time>2021-11-17T14:53:48.000Z</time>
        <extensions>
          <ns3:TrackPointExtension>
            <ns3:hr>154</ns3:hr>
            <ns3:cad>90</ns3:cad>
          </ns3:TrackPointExtension>
        </extensions>
      </trkpt>
      <trkpt lat="24.4941253401339054107666015625" lon="118.14715571701526641845703125">
        <ele>0</ele>
        <time>2021-11-17T14:53:53.000Z</time>
        <extensions>
          <ns3:TrackPointExtension>
            <ns3:hr>155</ns3:hr>
            <ns3:cad>90</ns3:cad>
          </ns3:TrackPointExtension>
        </extensions>
      </trkpt>
      <trkpt lat="24.4942721910774707794189453125" lon="118.147216737270355224609375">
        <ele>0</ele>
        <time>2021-11-17T14:53:58.000Z</time>
        <extensions>
          <ns3:TrackPointExtension>
            <ns3:hr>153</ns3:hr>
            <ns3:cad>90</ns3:cad>
          </ns3:TrackPointExtension>
        </extensions>
      </trkpt>
      <trkpt lat="24.4944190420210361480712890625" lon="118.14727012999355792999267578125">
        <ele>0</ele>
        <time>2021-11-17T14:54:03.000Z</time>
        <extensions>
          <ns3:TrackPointExtension>
            <ns3:hr>154</ns3:hr>
            <ns3:cad>90</ns3:cad>
          </ns3:TrackPointExtension>
        </extensions>
      </trkpt>
      <trkpt lat="24.49456212110817432403564453125" lon="118.147308267652988433837890625">
        <ele>0</ele>
        <time>2021-11-17T14:54:08.000Z</time>
        <extensions>
          <ns3:TrackPointExtension>
            <ns3:hr>154</ns3:hr>
            <ns3:cad>90</ns3:cad>
          </ns3:TrackPointExtension>
        </extensions>
      </trkpt>
      <trkpt lat="24.49469941668212413787841796875" lon="118.1473617441952228546142578125">
        <ele>0</ele>
        <time>2021-11-17T14:54:13.000Z</time>
        <extensions>
          <ns3:TrackPointExtension>
            <ns3:hr>157</ns3:hr>
            <ns3:cad>90</ns3:cad>
          </ns3:TrackPointExtension>
        </extensions>
      </trkpt>
      <trkpt lat="24.494832940399646759033203125" lon="118.14739988185465335845947265625">
        <ele>0</ele>
        <time>2021-11-17T14:54:18.000Z</time>
        <extensions>
          <ns3:TrackPointExtension>
            <ns3:hr>157</ns3:hr>
            <ns3:cad>90</ns3:cad>
          </ns3:TrackPointExtension>
        </extensions>
      </trkpt>
      <trkpt lat="24.49497409164905548095703125" lon="118.1474227644503116607666015625">
        <ele>0</ele>
        <time>2021-11-17T14:54:23.000Z</time>
        <extensions>
          <ns3:TrackPointExtension>
            <ns3:hr>157</ns3:hr>
            <ns3:cad>90</ns3:cad>
          </ns3:TrackPointExtension>
        </extensions>
      </trkpt>
      <trkpt lat="24.49512857012450695037841796875" lon="118.1474532745778560638427734375">
        <ele>0</ele>
        <time>2021-11-17T14:54:28.000Z</time>
        <extensions>
          <ns3:TrackPointExtension>
            <ns3:hr>158</ns3:hr>
            <ns3:cad>90</ns3:cad>
          </ns3:TrackPointExtension>
        </extensions>
      </trkpt>
      <trkpt lat="24.4952716492116451263427734375" lon="118.1475142948329448699951171875">
        <ele>0</ele>
        <time>2021-11-17T14:54:33.000Z</time>
        <extensions>
          <ns3:TrackPointExtension>
            <ns3:hr>158</ns3:hr>
            <ns3:cad>90</ns3:cad>
          </ns3:TrackPointExtension>
        </extensions>
      </trkpt>
      <trkpt lat="24.49539947323501110076904296875" lon="118.14756768755614757537841796875">
        <ele>0</ele>
        <time>2021-11-17T14:54:38.000Z</time>
        <extensions>
          <ns3:TrackPointExtension>
            <ns3:hr>157</ns3:hr>
            <ns3:cad>90</ns3:cad>
          </ns3:TrackPointExtension>
        </extensions>
      </trkpt>
      <trkpt lat="24.49552721343934535980224609375" lon="118.1476058252155780792236328125">
        <ele>0</ele>
        <time>2021-11-17T14:54:43.000Z</time>
        <extensions>
          <ns3:TrackPointExtension>
            <ns3:hr>159</ns3:hr>
            <ns3:cad>90</ns3:cad>
          </ns3:TrackPointExtension>
        </extensions>
      </trkpt>
      <trkpt lat="24.49566266499459743499755859375" lon="118.14764396287500858306884765625">
        <ele>0</ele>
        <time>2021-11-17T14:54:48.000Z</time>
        <extensions>
          <ns3:TrackPointExtension>
            <ns3:hr>157</ns3:hr>
            <ns3:cad>90</ns3:cad>
          </ns3:TrackPointExtension>
        </extensions>
      </trkpt>
      <trkpt lat="24.49580566026270389556884765625" lon="118.147689811885356903076171875">
        <ele>0</ele>
        <time>2021-11-17T14:54:53.000Z</time>
        <extensions>
          <ns3:TrackPointExtension>
            <ns3:hr>158</ns3:hr>
            <ns3:cad>90</ns3:cad>
          </ns3:TrackPointExtension>
        </extensions>
      </trkpt>
      <trkpt lat="24.49594111181795597076416015625" lon="118.14772032201290130615234375">
        <ele>0</ele>
        <time>2021-11-17T14:54:58.000Z</time>
        <extensions>
          <ns3:TrackPointExtension>
            <ns3:hr>157</ns3:hr>
            <ns3:cad>90</ns3:cad>
          </ns3:TrackPointExtension>
        </extensions>
      </trkpt>
      <trkpt lat="24.4960784912109375" lon="118.147750832140445709228515625">
        <ele>0</ele>
        <time>2021-11-17T14:55:03.000Z</time>
        <extensions>
          <ns3:TrackPointExtension>
            <ns3:hr>155</ns3:hr>
            <ns3:cad>90</ns3:cad>
          </ns3:TrackPointExtension>
        </extensions>
      </trkpt>
      <trkpt lat="24.4962214864790439605712890625" lon="118.1477965973317623138427734375">
        <ele>0</ele>
        <time>2021-11-17T14:55:08.000Z</time>
        <extensions>
          <ns3:TrackPointExtension>
            <ns3:hr>153</ns3:hr>
            <ns3:cad>90</ns3:cad>
          </ns3:TrackPointExtension>
        </extensions>
      </trkpt>
      <trkpt lat="24.496353082358837127685546875" lon="118.14786524511873722076416015625">
        <ele>0</ele>
        <time>2021-11-17T14:55:13.000Z</time>
        <extensions>
          <ns3:TrackPointExtension>
            <ns3:hr>154</ns3:hr>
            <ns3:cad>90</ns3:cad>
          </ns3:TrackPointExtension>
        </extensions>
      </trkpt>
      <trkpt lat="24.4964732788503170013427734375" lon="118.147933892905712127685546875">
        <ele>0</ele>
        <time>2021-11-17T14:55:18.000Z</time>
        <extensions>
          <ns3:TrackPointExtension>
            <ns3:hr>154</ns3:hr>
            <ns3:cad>90</ns3:cad>
          </ns3:TrackPointExtension>
        </extensions>
      </trkpt>
      <trkpt lat="24.496593475341796875" lon="118.14798728562891483306884765625">
        <ele>0</ele>
        <time>2021-11-17T14:55:23.000Z</time>
        <extensions>
          <ns3:TrackPointExtension>
            <ns3:hr>153</ns3:hr>
            <ns3:cad>90</ns3:cad>
          </ns3:TrackPointExtension>
        </extensions>
      </trkpt>
      <trkpt lat="24.496709816157817840576171875" lon="118.14802550710737705230712890625">
        <ele>0</ele>
        <time>2021-11-17T14:55:28.000Z</time>
        <extensions>
          <ns3:TrackPointExtension>
            <ns3:hr>154</ns3:hr>
            <ns3:cad>90</ns3:cad>
          </ns3:TrackPointExtension>
        </extensions>
      </trkpt>
      <trkpt lat="24.49682422913610935211181640625" lon="118.14806364476680755615234375">
        <ele>0</ele>
        <time>2021-11-17T14:55:33.000Z</time>
        <extensions>
          <ns3:TrackPointExtension>
            <ns3:hr>151</ns3:hr>
            <ns3:cad>90</ns3:cad>
          </ns3:TrackPointExtension>
        </extensions>
      </trkpt>
      <trkpt lat="24.4969577528536319732666015625" lon="118.14808652736246585845947265625">
        <ele>0</ele>
        <time>2021-11-17T14:55:38.000Z</time>
        <extensions>
          <ns3:TrackPointExtension>
            <ns3:hr>152</ns3:hr>
            <ns3:cad>90</ns3:cad>
          </ns3:TrackPointExtension>
        </extensions>
      </trkpt>
      <trkpt lat="24.49710267595946788787841796875" lon="118.1481094099581241607666015625">
        <ele>0</ele>
        <time>2021-11-17T14:55:43.000Z</time>
        <extensions>
          <ns3:TrackPointExtension>
            <ns3:hr>153</ns3:hr>
            <ns3:cad>90</ns3:cad>
          </ns3:TrackPointExtension>
        </extensions>
      </trkpt>
      <trkpt lat="24.49724952690303325653076171875" lon="118.14811703749001026153564453125">
        <ele>0</ele>
        <time>2021-11-17T14:55:48.000Z</time>
        <extensions>
          <ns3:TrackPointExtension>
            <ns3:hr>152</ns3:hr>
            <ns3:cad>90</ns3:cad>
          </ns3:TrackPointExtension>
        </extensions>
      </trkpt>
      <trkpt lat="24.4973429851233959197998046875" lon="118.14807127229869365692138671875">
        <ele>0</ele>
        <time>2021-11-17T14:55:53.000Z</time>
        <extensions>
          <ns3:TrackPointExtension>
            <ns3:hr>153</ns3:hr>
            <ns3:cad>90</ns3:cad>
          </ns3:TrackPointExtension>
        </extensions>
      </trkpt>
      <trkpt lat="24.49736972339451313018798828125" lon="118.14795677550137042999267578125">
        <ele>0</ele>
        <time>2021-11-17T14:55:58.000Z</time>
        <extensions>
          <ns3:TrackPointExtension>
            <ns3:hr>154</ns3:hr>
            <ns3:cad>90</ns3:cad>
          </ns3:TrackPointExtension>
        </extensions>
      </trkpt>
      <trkpt lat="24.49740978889167308807373046875" lon="118.14781947992742061614990234375">
        <ele>0</ele>
        <time>2021-11-17T14:56:03.000Z</time>
        <extensions>
          <ns3:TrackPointExtension>
            <ns3:hr>154</ns3:hr>
            <ns3:cad>90</ns3:cad>
          </ns3:TrackPointExtension>
        </extensions>
      </trkpt>
      <trkpt lat="24.4974879920482635498046875" lon="118.14766692928969860076904296875">
        <ele>0</ele>
        <time>2021-11-17T14:56:08.000Z</time>
        <extensions>
          <ns3:TrackPointExtension>
            <ns3:hr>153</ns3:hr>
            <ns3:cad>90</ns3:cad>
          </ns3:TrackPointExtension>
        </extensions>
      </trkpt>
      <trkpt lat="24.49754708446562290191650390625" lon="118.14753717742860317230224609375">
        <ele>0</ele>
        <time>2021-11-17T14:56:13.000Z</time>
        <extensions>
          <ns3:TrackPointExtension>
            <ns3:hr>156</ns3:hr>
            <ns3:cad>90</ns3:cad>
          </ns3:TrackPointExtension>
        </extensions>
      </trkpt>
      <trkpt lat="24.49758522212505340576171875" lon="118.14741513691842555999755859375">
        <ele>0</ele>
        <time>2021-11-17T14:56:18.000Z</time>
        <extensions>
          <ns3:TrackPointExtension>
            <ns3:hr>156</ns3:hr>
            <ns3:cad>90</ns3:cad>
          </ns3:TrackPointExtension>
        </extensions>
      </trkpt>
      <trkpt lat="24.49762151576578617095947265625" lon="118.1472930125892162322998046875">
        <ele>0</ele>
        <time>2021-11-17T14:56:23.000Z</time>
        <extensions>
          <ns3:TrackPointExtension>
            <ns3:hr>157</ns3:hr>
            <ns3:cad>90</ns3:cad>
          </ns3:TrackPointExtension>
        </extensions>
      </trkpt>
      <trkpt lat="24.49766158126294612884521484375" lon="118.14714808948338031768798828125">
        <ele>0</ele>
        <time>2021-11-17T14:56:28.000Z</time>
        <extensions>
          <ns3:TrackPointExtension>
            <ns3:hr>158</ns3:hr>
            <ns3:cad>90</ns3:cad>
          </ns3:TrackPointExtension>
        </extensions>
      </trkpt>
      <trkpt lat="24.49769779108464717864990234375" lon="118.147003166377544403076171875">
        <ele>0</ele>
        <time>2021-11-17T14:56:33.000Z</time>
        <extensions>
          <ns3:TrackPointExtension>
            <ns3:hr>159</ns3:hr>
            <ns3:cad>90</ns3:cad>
          </ns3:TrackPointExtension>
        </extensions>
      </trkpt>
      <trkpt lat="24.49773785658180713653564453125" lon="118.146873414516448974609375">
        <ele>0</ele>
        <time>2021-11-17T14:56:38.000Z</time>
        <extensions>
          <ns3:TrackPointExtension>
            <ns3:hr>159</ns3:hr>
            <ns3:cad>90</ns3:cad>
          </ns3:TrackPointExtension>
        </extensions>
      </trkpt>
      <trkpt lat="24.49777406640350818634033203125" lon="118.1467361189424991607666015625">
        <ele>0</ele>
        <time>2021-11-17T14:56:43.000Z</time>
        <extensions>
          <ns3:TrackPointExtension>
            <ns3:hr>160</ns3:hr>
            <ns3:cad>90</ns3:cad>
          </ns3:TrackPointExtension>
        </extensions>
      </trkpt>
      <trkpt lat="24.49780650436878204345703125" lon="118.1465758569538593292236328125">
        <ele>0</ele>
        <time>2021-11-17T14:56:48.000Z</time>
        <extensions>
          <ns3:TrackPointExtension>
            <ns3:hr>157</ns3:hr>
            <ns3:cad>90</ns3:cad>
          </ns3:TrackPointExtension>
        </extensions>
      </trkpt>
      <trkpt lat="24.49784849770367145538330078125" lon="118.14641567878425121307373046875">
        <ele>0</ele>
        <time>2021-11-17T14:56:53.000Z</time>
        <extensions>
          <ns3:TrackPointExtension>
            <ns3:hr>157</ns3:hr>
            <ns3:cad>90</ns3:cad>
          </ns3:TrackPointExtension>
        </extensions>
      </trkpt>
      <trkpt lat="24.49789996258914470672607421875" lon="118.1462630443274974822998046875">
        <ele>0</ele>
        <time>2021-11-17T14:56:58.000Z</time>
        <extensions>
          <ns3:TrackPointExtension>
            <ns3:hr>158</ns3:hr>
            <ns3:cad>90</ns3:cad>
          </ns3:TrackPointExtension>
        </extensions>
      </trkpt>
      <trkpt lat="24.49795142747461795806884765625" lon="118.1461104936897754669189453125">
        <ele>0</ele>
        <time>2021-11-17T14:57:03.000Z</time>
        <extensions>
          <ns3:TrackPointExtension>
            <ns3:hr>159</ns3:hr>
            <ns3:cad>90</ns3:cad>
          </ns3:TrackPointExtension>
        </extensions>
      </trkpt>
      <trkpt lat="24.49799534864723682403564453125" lon="118.1459579430520534515380859375">
        <ele>0</ele>
        <time>2021-11-17T14:57:08.000Z</time>
        <extensions>
          <ns3:TrackPointExtension>
            <ns3:hr>160</ns3:hr>
            <ns3:cad>90</ns3:cad>
          </ns3:TrackPointExtension>
        </extensions>
      </trkpt>
      <trkpt lat="24.49803725816309452056884765625" lon="118.14579005353152751922607421875">
        <ele>0</ele>
        <time>2021-11-17T14:57:13.000Z</time>
        <extensions>
          <ns3:TrackPointExtension>
            <ns3:hr>158</ns3:hr>
            <ns3:cad>90</ns3:cad>
          </ns3:TrackPointExtension>
        </extensions>
      </trkpt>
      <trkpt lat="24.4980983622372150421142578125" lon="118.1456146202981472015380859375">
        <ele>0</ele>
        <time>2021-11-17T14:57:18.000Z</time>
        <extensions>
          <ns3:TrackPointExtension>
            <ns3:hr>157</ns3:hr>
            <ns3:cad>90</ns3:cad>
          </ns3:TrackPointExtension>
        </extensions>
      </trkpt>
      <trkpt lat="24.49817840941250324249267578125" lon="118.14544673077762126922607421875">
        <ele>0</ele>
        <time>2021-11-17T14:57:23.000Z</time>
        <extensions>
          <ns3:TrackPointExtension>
            <ns3:hr>157</ns3:hr>
            <ns3:cad>90</ns3:cad>
          </ns3:TrackPointExtension>
        </extensions>
      </trkpt>
      <trkpt lat="24.49824714101850986480712890625" lon="118.14529418013989925384521484375">
        <ele>0</ele>
        <time>2021-11-17T14:57:28.000Z</time>
        <extensions>
          <ns3:TrackPointExtension>
            <ns3:hr>156</ns3:hr>
            <ns3:cad>90</ns3:cad>
          </ns3:TrackPointExtension>
        </extensions>
      </trkpt>
      <trkpt lat="24.49828905053436756134033203125" lon="118.14514917321503162384033203125">
        <ele>0</ele>
        <time>2021-11-17T14:57:33.000Z</time>
        <extensions>
          <ns3:TrackPointExtension>
            <ns3:hr>155</ns3:hr>
            <ns3:cad>90</ns3:cad>
          </ns3:TrackPointExtension>
        </extensions>
      </trkpt>
      <trkpt lat="24.49832148849964141845703125" lon="118.14498136751353740692138671875">
        <ele>0</ele>
        <time>2021-11-17T14:57:38.000Z</time>
        <extensions>
          <ns3:TrackPointExtension>
            <ns3:hr>154</ns3:hr>
            <ns3:cad>90</ns3:cad>
          </ns3:TrackPointExtension>
        </extensions>
      </trkpt>
      <trkpt lat="24.498351998627185821533203125" lon="118.14480585046112537384033203125">
        <ele>0</ele>
        <time>2021-11-17T14:57:43.000Z</time>
        <extensions>
          <ns3:TrackPointExtension>
            <ns3:hr>154</ns3:hr>
            <ns3:cad>90</ns3:cad>
          </ns3:TrackPointExtension>
        </extensions>
      </trkpt>
      <trkpt lat="24.49838443659245967864990234375" lon="118.14463041722774505615234375">
        <ele>0</ele>
        <time>2021-11-17T14:57:48.000Z</time>
        <extensions>
          <ns3:TrackPointExtension>
            <ns3:hr>153</ns3:hr>
            <ns3:cad>90</ns3:cad>
          </ns3:TrackPointExtension>
        </extensions>
      </trkpt>
      <trkpt lat="24.4984168745577335357666015625" lon="118.14447778277099132537841796875">
        <ele>0</ele>
        <time>2021-11-17T14:57:53.000Z</time>
        <extensions>
          <ns3:TrackPointExtension>
            <ns3:hr>154</ns3:hr>
            <ns3:cad>90</ns3:cad>
          </ns3:TrackPointExtension>
        </extensions>
      </trkpt>
      <trkpt lat="24.49845501221716403961181640625" lon="118.14432523213326930999755859375">
        <ele>0</ele>
        <time>2021-11-17T14:57:58.000Z</time>
        <extensions>
          <ns3:TrackPointExtension>
            <ns3:hr>155</ns3:hr>
            <ns3:cad>90</ns3:cad>
          </ns3:TrackPointExtension>
        </extensions>
      </trkpt>
      <trkpt lat="24.49851033277809619903564453125" lon="118.14418022520840167999267578125">
        <ele>0</ele>
        <time>2021-11-17T14:58:03.000Z</time>
        <extensions>
          <ns3:TrackPointExtension>
            <ns3:hr>154</ns3:hr>
            <ns3:cad>90</ns3:cad>
          </ns3:TrackPointExtension>
        </extensions>
      </trkpt>
      <trkpt lat="24.4985828362405300140380859375" lon="118.14401241950690746307373046875">
        <ele>0</ele>
        <time>2021-11-17T14:58:08.000Z</time>
        <extensions>
          <ns3:TrackPointExtension>
            <ns3:hr>154</ns3:hr>
            <ns3:cad>90</ns3:cad>
          </ns3:TrackPointExtension>
        </extensions>
      </trkpt>
      <trkpt lat="24.49865148402750492095947265625" lon="118.14383690245449542999267578125">
        <ele>0</ele>
        <time>2021-11-17T14:58:13.000Z</time>
        <extensions>
          <ns3:TrackPointExtension>
            <ns3:hr>156</ns3:hr>
            <ns3:cad>90</ns3:cad>
          </ns3:TrackPointExtension>
        </extensions>
      </trkpt>
      <trkpt lat="24.4987105764448642730712890625" lon="118.1436614692211151123046875">
        <ele>0</ele>
        <time>2021-11-17T14:58:18.000Z</time>
        <extensions>
          <ns3:TrackPointExtension>
            <ns3:hr>158</ns3:hr>
            <ns3:cad>90</ns3:cad>
          </ns3:TrackPointExtension>
        </extensions>
      </trkpt>
      <trkpt lat="24.4987544976174831390380859375" lon="118.1434859521687030792236328125">
        <ele>0</ele>
        <time>2021-11-17T14:58:23.000Z</time>
        <extensions>
          <ns3:TrackPointExtension>
            <ns3:hr>159</ns3:hr>
            <ns3:cad>90</ns3:cad>
          </ns3:TrackPointExtension>
        </extensions>
      </trkpt>
      <trkpt lat="24.4987601973116397857666015625" lon="118.1433181464672088623046875">
        <ele>0</ele>
        <time>2021-11-17T14:58:28.000Z</time>
        <extensions>
          <ns3:TrackPointExtension>
            <ns3:hr>159</ns3:hr>
            <ns3:cad>90</ns3:cad>
          </ns3:TrackPointExtension>
        </extensions>
      </trkpt>
      <trkpt lat="24.49869154952466487884521484375" lon="118.143188394606113433837890625">
        <ele>0</ele>
        <time>2021-11-17T14:58:33.000Z</time>
        <extensions>
          <ns3:TrackPointExtension>
            <ns3:hr>161</ns3:hr>
            <ns3:cad>90</ns3:cad>
          </ns3:TrackPointExtension>
        </extensions>
      </trkpt>
      <trkpt lat="24.498548470437526702880859375" lon="118.14311974681913852691650390625">
        <ele>0</ele>
        <time>2021-11-17T14:58:38.000Z</time>
        <extensions>
          <ns3:TrackPointExtension>
            <ns3:hr>160</ns3:hr>
            <ns3:cad>90</ns3:cad>
          </ns3:TrackPointExtension>
        </extensions>
      </trkpt>
      <trkpt lat="24.49839969165623188018798828125" lon="118.14307398162782192230224609375">
        <ele>0</ele>
        <time>2021-11-17T14:58:43.000Z</time>
        <extensions>
          <ns3:TrackPointExtension>
            <ns3:hr>158</ns3:hr>
            <ns3:cad>90</ns3:cad>
          </ns3:TrackPointExtension>
        </extensions>
      </trkpt>
      <trkpt lat="24.49826424010097980499267578125" lon="118.14302821643650531768798828125">
        <ele>0</ele>
        <time>2021-11-17T14:58:48.000Z</time>
        <extensions>
          <ns3:TrackPointExtension>
            <ns3:hr>157</ns3:hr>
            <ns3:cad>90</ns3:cad>
          </ns3:TrackPointExtension>
        </extensions>
      </trkpt>
      <trkpt lat="24.498130716383457183837890625" lon="118.14296719618141651153564453125">
        <ele>0</ele>
        <time>2021-11-17T14:58:53.000Z</time>
        <extensions>
          <ns3:TrackPointExtension>
            <ns3:hr>161</ns3:hr>
            <ns3:cad>90</ns3:cad>
          </ns3:TrackPointExtension>
        </extensions>
      </trkpt>
      <trkpt lat="24.49798579327762126922607421875" lon="118.14292143099009990692138671875">
        <ele>0</ele>
        <time>2021-11-17T14:58:58.000Z</time>
        <extensions>
          <ns3:TrackPointExtension>
            <ns3:hr>156</ns3:hr>
            <ns3:cad>90</ns3:cad>
          </ns3:TrackPointExtension>
        </extensions>
      </trkpt>
      <trkpt lat="24.49783894233405590057373046875" lon="118.1428680382668972015380859375">
        <ele>0</ele>
        <time>2021-11-17T14:59:03.000Z</time>
        <extensions>
          <ns3:TrackPointExtension>
            <ns3:hr>157</ns3:hr>
            <ns3:cad>90</ns3:cad>
          </ns3:TrackPointExtension>
        </extensions>
      </trkpt>
      <trkpt lat="24.497695863246917724609375" lon="118.14280693419277667999267578125">
        <ele>0</ele>
        <time>2021-11-17T14:59:08.000Z</time>
        <extensions>
          <ns3:TrackPointExtension>
            <ns3:hr>155</ns3:hr>
            <ns3:cad>90</ns3:cad>
          </ns3:TrackPointExtension>
        </extensions>
      </trkpt>
      <trkpt lat="24.49756233952939510345458984375" lon="118.14274591393768787384033203125">
        <ele>0</ele>
        <time>2021-11-17T14:59:13.000Z</time>
        <extensions>
          <ns3:TrackPointExtension>
            <ns3:hr>161</ns3:hr>
            <ns3:cad>90</ns3:cad>
          </ns3:TrackPointExtension>
        </extensions>
      </trkpt>
      <trkpt lat="24.4974422268569469451904296875" lon="118.14270014874637126922607421875">
        <ele>0</ele>
        <time>2021-11-17T14:59:18.000Z</time>
        <extensions>
          <ns3:TrackPointExtension>
            <ns3:hr>158</ns3:hr>
            <ns3:cad>90</ns3:cad>
          </ns3:TrackPointExtension>
        </extensions>
      </trkpt>
      <trkpt lat="24.49730870313942432403564453125" lon="118.14266963861882686614990234375">
        <ele>0</ele>
        <time>2021-11-17T14:59:23.000Z</time>
        <extensions>
          <ns3:TrackPointExtension>
            <ns3:hr>157</ns3:hr>
            <ns3:cad>90</ns3:cad>
          </ns3:TrackPointExtension>
        </extensions>
      </trkpt>
      <trkpt lat="24.497138969600200653076171875" lon="118.14263912849128246307373046875">
        <ele>0</ele>
        <time>2021-11-17T14:59:28.000Z</time>
        <extensions>
          <ns3:TrackPointExtension>
            <ns3:hr>156</ns3:hr>
            <ns3:cad>90</ns3:cad>
          </ns3:TrackPointExtension>
        </extensions>
      </trkpt>
      <trkpt lat="24.4969634525477886199951171875" lon="118.14259336329996585845947265625">
        <ele>0</ele>
        <time>2021-11-17T14:59:33.000Z</time>
        <extensions>
          <ns3:TrackPointExtension>
            <ns3:hr>157</ns3:hr>
            <ns3:cad>90</ns3:cad>
          </ns3:TrackPointExtension>
        </extensions>
      </trkpt>
      <trkpt lat="24.49681852944195270538330078125" lon="118.14253234304487705230712890625">
        <ele>0</ele>
        <time>2021-11-17T14:59:38.000Z</time>
        <extensions>
          <ns3:TrackPointExtension>
            <ns3:hr>157</ns3:hr>
            <ns3:cad>90</ns3:cad>
          </ns3:TrackPointExtension>
        </extensions>
      </trkpt>
      <trkpt lat="24.49669263325631618499755859375" lon="118.14249412156641483306884765625">
        <ele>0</ele>
        <time>2021-11-17T14:59:43.000Z</time>
        <extensions>
          <ns3:TrackPointExtension>
            <ns3:hr>156</ns3:hr>
            <ns3:cad>90</ns3:cad>
          </ns3:TrackPointExtension>
        </extensions>
      </trkpt>
      <trkpt lat="24.496574364602565765380859375" lon="118.142539970576763153076171875">
        <ele>0</ele>
        <time>2021-11-17T14:59:48.000Z</time>
        <extensions>
          <ns3:TrackPointExtension>
            <ns3:hr>155</ns3:hr>
            <ns3:cad>90</ns3:cad>
          </ns3:TrackPointExtension>
        </extensions>
      </trkpt>
      <trkpt lat="24.49647705070674419403076171875" lon="118.142662011086940765380859375">
        <ele>0</ele>
        <time>2021-11-17T14:59:53.000Z</time>
        <extensions>
          <ns3:TrackPointExtension>
            <ns3:hr>156</ns3:hr>
            <ns3:cad>90</ns3:cad>
          </ns3:TrackPointExtension>
        </extensions>
      </trkpt>
      <trkpt lat="24.49640463106334209442138671875" lon="118.1427993066608905792236328125">
        <ele>0</ele>
        <time>2021-11-17T14:59:58.000Z</time>
        <extensions>
          <ns3:TrackPointExtension>
            <ns3:hr>158</ns3:hr>
            <ns3:cad>90</ns3:cad>
          </ns3:TrackPointExtension>
        </extensions>
      </trkpt>
      <trkpt lat="24.49633975513279438018798828125" lon="118.1429290585219860076904296875">
        <ele>0</ele>
        <time>2021-11-17T15:00:03.000Z</time>
        <extensions>
          <ns3:TrackPointExtension>
            <ns3:hr>157</ns3:hr>
            <ns3:cad>90</ns3:cad>
          </ns3:TrackPointExtension>
        </extensions>
      </trkpt>
      <trkpt lat="24.49628829024732112884521484375" lon="118.14305872656404972076416015625">
        <ele>0</ele>
        <time>2021-11-17T15:00:08.000Z</time>
        <extensions>
          <ns3:TrackPointExtension>
            <ns3:hr>158</ns3:hr>
            <ns3:cad>84</ns3:cad>
          </ns3:TrackPointExtension>
        </extensions>
      </trkpt>
      <trkpt lat="24.49626347981393337249755859375" lon="118.14320373348891735076904296875">
        <ele>0</ele>
        <time>2021-11-17T15:00:13.000Z</time>
        <extensions>
          <ns3:TrackPointExtension>
            <ns3:hr>160</ns3:hr>
            <ns3:cad>90</ns3:cad>
          </ns3:TrackPointExtension>
        </extensions>
      </trkpt>
      <trkpt lat="24.49626155197620391845703125" lon="118.14335628412663936614990234375">
        <ele>0</ele>
        <time>2021-11-17T15:00:18.000Z</time>
        <extensions>
          <ns3:TrackPointExtension>
            <ns3:hr>159</ns3:hr>
            <ns3:cad>90</ns3:cad>
          </ns3:TrackPointExtension>
        </extensions>
      </trkpt>
      <trkpt lat="24.49625778011977672576904296875" lon="118.14350120723247528076171875">
        <ele>0</ele>
        <time>2021-11-17T15:00:23.000Z</time>
        <extensions>
          <ns3:TrackPointExtension>
            <ns3:hr>158</ns3:hr>
            <ns3:cad>90</ns3:cad>
          </ns3:TrackPointExtension>
        </extensions>
      </trkpt>
      <trkpt lat="24.49626917950809001922607421875" lon="118.14363858662545680999755859375">
        <ele>0</ele>
        <time>2021-11-17T15:00:28.000Z</time>
        <extensions>
          <ns3:TrackPointExtension>
            <ns3:hr>159</ns3:hr>
            <ns3:cad>84</ns3:cad>
          </ns3:TrackPointExtension>
        </extensions>
      </trkpt>
      <trkpt lat="24.49629968963563442230224609375" lon="118.14377588219940662384033203125">
        <ele>0</ele>
        <time>2021-11-17T15:00:33.000Z</time>
        <extensions>
          <ns3:TrackPointExtension>
            <ns3:hr>159</ns3:hr>
            <ns3:cad>84</ns3:cad>
          </ns3:TrackPointExtension>
        </extensions>
      </trkpt>
      <trkpt lat="24.49630538932979106903076171875" lon="118.14392088912427425384521484375">
        <ele>0</ele>
        <time>2021-11-17T15:00:38.000Z</time>
        <extensions>
          <ns3:TrackPointExtension>
            <ns3:hr>159</ns3:hr>
            <ns3:cad>84</ns3:cad>
          </ns3:TrackPointExtension>
        </extensions>
      </trkpt>
    </trkseg>
  </trk>
</gpx>
