<gpx xmlns:ns3="http://www.garmin.com/xmlschemas/TrackPointExtension/v1" xmlns="http://www.topografix.com/GPX/1/1" xmlns:xsi="http://www.w3.org/2001/XMLSchema-instance" xmlns:ns2="http://www.garmin.com/xmlschemas/GpxExtensions/v3" creator="Garmin Connect" version="1.1" xsi:schemaLocation="http://www.topografix.com/GPX/1/1 http://www.topografix.com/GPX/11.xsd">
  <extensions>
<distance>5007.0</distance>
<average_hr>0.0</average_hr>
<average_speed>2.9700000286102295</average_speed>
<start_time>2016-09-28T11:59:29+00:00</start_time>
<end_time>2016-09-28T12:27:35+00:00</end_time>
<moving_time>1660.0</moving_time>
<elapsed_time>1686.0</elapsed_time>
</extensions>
<metadata>
    <link href="connect.garmin.com">
      <text>Garmin Connect</text>
    </link>
    <time>2016-09-28T11:59:29.000Z</time>
  </metadata>
  <trk>
    <name>厦门市 街道路跑</name>
    <type>street_running</type>
    <trkseg>
      <trkpt lat="24.4978522695600986480712890625" lon="118.1445464305579662322998046875">
        <ele>0</ele>
        <time>2016-09-28T11:59:29.000Z</time>
        <extensions>
          <ns3:TrackPointExtension/>
        </extensions>
      </trkpt>
      <trkpt lat="24.49783508665859699249267578125" lon="118.14452354796230792999267578125">
        <ele>0</ele>
        <time>2016-09-28T11:59:34.000Z</time>
        <extensions>
          <ns3:TrackPointExtension/>
        </extensions>
      </trkpt>
      <trkpt lat="24.49781798757612705230712890625" lon="118.144500665366649627685546875">
        <ele>0</ele>
        <time>2016-09-28T11:59:39.000Z</time>
        <extensions>
          <ns3:TrackPointExtension/>
        </extensions>
      </trkpt>
      <trkpt lat="24.497800804674625396728515625" lon="118.1444854103028774261474609375">
        <ele>0</ele>
        <time>2016-09-28T11:59:44.000Z</time>
        <extensions>
          <ns3:TrackPointExtension/>
        </extensions>
      </trkpt>
      <trkpt lat="24.49778362177312374114990234375" lon="118.144470155239105224609375">
        <ele>0</ele>
        <time>2016-09-28T11:59:49.000Z</time>
        <extensions>
          <ns3:TrackPointExtension/>
        </extensions>
      </trkpt>
      <trkpt lat="24.4977664388716220855712890625" lon="118.14446252770721912384033203125">
        <ele>0</ele>
        <time>2016-09-28T11:59:54.000Z</time>
        <extensions>
          <ns3:TrackPointExtension/>
        </extensions>
      </trkpt>
      <trkpt lat="24.49774925597012042999267578125" lon="118.1444549001753330230712890625">
        <ele>0</ele>
        <time>2016-09-28T11:59:59.000Z</time>
        <extensions>
          <ns3:TrackPointExtension/>
        </extensions>
      </trkpt>
      <trkpt lat="24.49773215688765048980712890625" lon="118.1444549001753330230712890625">
        <ele>0</ele>
        <time>2016-09-28T12:00:04.000Z</time>
        <extensions>
          <ns3:TrackPointExtension/>
        </extensions>
      </trkpt>
      <trkpt lat="24.49771690182387828826904296875" lon="118.1444549001753330230712890625">
        <ele>0</ele>
        <time>2016-09-28T12:00:09.000Z</time>
        <extensions>
          <ns3:TrackPointExtension/>
        </extensions>
      </trkpt>
      <trkpt lat="24.497701562941074371337890625" lon="118.14446252770721912384033203125">
        <ele>0</ele>
        <time>2016-09-28T12:00:14.000Z</time>
        <extensions>
          <ns3:TrackPointExtension/>
        </extensions>
      </trkpt>
      <trkpt lat="24.49768446385860443115234375" lon="118.144470155239105224609375">
        <ele>0</ele>
        <time>2016-09-28T12:00:19.000Z</time>
        <extensions>
          <ns3:TrackPointExtension/>
        </extensions>
      </trkpt>
      <trkpt lat="24.4976692087948322296142578125" lon="118.14447778277099132537841796875">
        <ele>0</ele>
        <time>2016-09-28T12:00:24.000Z</time>
        <extensions>
          <ns3:TrackPointExtension/>
        </extensions>
      </trkpt>
      <trkpt lat="24.4976557977497577667236328125" lon="118.14449303783476352691650390625">
        <ele>0</ele>
        <time>2016-09-28T12:00:29.000Z</time>
        <extensions>
          <ns3:TrackPointExtension/>
        </extensions>
      </trkpt>
      <trkpt lat="24.497640542685985565185546875" lon="118.1445159204304218292236328125">
        <ele>0</ele>
        <time>2016-09-28T12:00:34.000Z</time>
        <extensions>
          <ns3:TrackPointExtension/>
        </extensions>
      </trkpt>
      <trkpt lat="24.49762721545994281768798828125" lon="118.14453880302608013153076171875">
        <ele>0</ele>
        <time>2016-09-28T12:00:39.000Z</time>
        <extensions>
          <ns3:TrackPointExtension/>
        </extensions>
      </trkpt>
      <trkpt lat="24.4976138882339000701904296875" lon="118.144561685621738433837890625">
        <ele>0</ele>
        <time>2016-09-28T12:00:44.000Z</time>
        <extensions>
          <ns3:TrackPointExtension/>
        </extensions>
      </trkpt>
      <trkpt lat="24.4976004771888256072998046875" lon="118.14459227956831455230712890625">
        <ele>0</ele>
        <time>2016-09-28T12:00:49.000Z</time>
        <extensions>
          <ns3:TrackPointExtension/>
        </extensions>
      </trkpt>
      <trkpt lat="24.49758714996278285980224609375" lon="118.14462278969585895538330078125">
        <ele>0</ele>
        <time>2016-09-28T12:00:54.000Z</time>
        <extensions>
          <ns3:TrackPointExtension/>
        </extensions>
      </trkpt>
      <trkpt lat="24.49757575057446956634521484375" lon="118.14465329982340335845947265625">
        <ele>0</ele>
        <time>2016-09-28T12:00:59.000Z</time>
        <extensions>
          <ns3:TrackPointExtension/>
        </extensions>
      </trkpt>
      <trkpt lat="24.4975642673671245574951171875" lon="118.14468380995094776153564453125">
        <ele>0</ele>
        <time>2016-09-28T12:01:04.000Z</time>
        <extensions>
          <ns3:TrackPointExtension/>
        </extensions>
      </trkpt>
      <trkpt lat="24.4975528679788112640380859375" lon="118.14471432007849216461181640625">
        <ele>0</ele>
        <time>2016-09-28T12:01:09.000Z</time>
        <extensions>
          <ns3:TrackPointExtension/>
        </extensions>
      </trkpt>
      <trkpt lat="24.49754138477146625518798828125" lon="118.14474483020603656768798828125">
        <ele>0</ele>
        <time>2016-09-28T12:01:14.000Z</time>
        <extensions>
          <ns3:TrackPointExtension/>
        </extensions>
      </trkpt>
      <trkpt lat="24.4975337572395801544189453125" lon="118.1447677128016948699951171875">
        <ele>0</ele>
        <time>2016-09-28T12:01:19.000Z</time>
        <extensions>
          <ns3:TrackPointExtension/>
        </extensions>
      </trkpt>
      <trkpt lat="24.49752227403223514556884765625" lon="118.1447982229292392730712890625">
        <ele>0</ele>
        <time>2016-09-28T12:01:24.000Z</time>
        <extensions>
          <ns3:TrackPointExtension/>
        </extensions>
      </trkpt>
      <trkpt lat="24.4975146465003490447998046875" lon="118.14482110552489757537841796875">
        <ele>0</ele>
        <time>2016-09-28T12:01:29.000Z</time>
        <extensions>
          <ns3:TrackPointExtension/>
        </extensions>
      </trkpt>
      <trkpt lat="24.49750701896846294403076171875" lon="118.14485161565244197845458984375">
        <ele>0</ele>
        <time>2016-09-28T12:01:34.000Z</time>
        <extensions>
          <ns3:TrackPointExtension/>
        </extensions>
      </trkpt>
      <trkpt lat="24.49750131927430629730224609375" lon="118.14488212577998638153076171875">
        <ele>0</ele>
        <time>2016-09-28T12:01:39.000Z</time>
        <extensions>
          <ns3:TrackPointExtension/>
        </extensions>
      </trkpt>
      <trkpt lat="24.4974975474178791046142578125" lon="118.1449127197265625">
        <ele>0</ele>
        <time>2016-09-28T12:01:44.000Z</time>
        <extensions>
          <ns3:TrackPointExtension/>
        </extensions>
      </trkpt>
      <trkpt lat="24.497493691742420196533203125" lon="118.1449584849178791046142578125">
        <ele>0</ele>
        <time>2016-09-28T12:01:49.000Z</time>
        <extensions>
          <ns3:TrackPointExtension/>
        </extensions>
      </trkpt>
      <trkpt lat="24.49749176390469074249267578125" lon="118.14499662257730960845947265625">
        <ele>0</ele>
        <time>2016-09-28T12:01:54.000Z</time>
        <extensions>
          <ns3:TrackPointExtension/>
        </extensions>
      </trkpt>
      <trkpt lat="24.49748606421053409576416015625" lon="118.1450347602367401123046875">
        <ele>0</ele>
        <time>2016-09-28T12:01:59.000Z</time>
        <extensions>
          <ns3:TrackPointExtension/>
        </extensions>
      </trkpt>
      <trkpt lat="24.49748036451637744903564453125" lon="118.145065270364284515380859375">
        <ele>0</ele>
        <time>2016-09-28T12:02:04.000Z</time>
        <extensions>
          <ns3:TrackPointExtension/>
        </extensions>
      </trkpt>
      <trkpt lat="24.49747080914676189422607421875" lon="118.14508815295994281768798828125">
        <ele>0</ele>
        <time>2016-09-28T12:02:09.000Z</time>
        <extensions>
          <ns3:TrackPointExtension/>
        </extensions>
      </trkpt>
      <trkpt lat="24.49745940975844860076904296875" lon="118.1451110355556011199951171875">
        <ele>0</ele>
        <time>2016-09-28T12:02:14.000Z</time>
        <extensions>
          <ns3:TrackPointExtension/>
        </extensions>
      </trkpt>
      <trkpt lat="24.4974536262452602386474609375" lon="118.1451415456831455230712890625">
        <ele>0</ele>
        <time>2016-09-28T12:02:19.000Z</time>
        <extensions>
          <ns3:TrackPointExtension/>
        </extensions>
      </trkpt>
      <trkpt lat="24.49744599871337413787841796875" lon="118.1451720558106899261474609375">
        <ele>0</ele>
        <time>2016-09-28T12:02:24.000Z</time>
        <extensions>
          <ns3:TrackPointExtension/>
        </extensions>
      </trkpt>
      <trkpt lat="24.497438371181488037109375" lon="118.14521019347012042999267578125">
        <ele>0</ele>
        <time>2016-09-28T12:02:29.000Z</time>
        <extensions>
          <ns3:TrackPointExtension/>
        </extensions>
      </trkpt>
      <trkpt lat="24.49743074364960193634033203125" lon="118.14524070359766483306884765625">
        <ele>0</ele>
        <time>2016-09-28T12:02:34.000Z</time>
        <extensions>
          <ns3:TrackPointExtension/>
        </extensions>
      </trkpt>
      <trkpt lat="24.49742504395544528961181640625" lon="118.1452712975442409515380859375">
        <ele>0</ele>
        <time>2016-09-28T12:02:39.000Z</time>
        <extensions>
          <ns3:TrackPointExtension/>
        </extensions>
      </trkpt>
      <trkpt lat="24.4974231161177158355712890625" lon="118.14529418013989925384521484375">
        <ele>0</ele>
        <time>2016-09-28T12:02:44.000Z</time>
        <extensions>
          <ns3:TrackPointExtension/>
        </extensions>
      </trkpt>
      <trkpt lat="24.49742697179317474365234375" lon="118.14532469026744365692138671875">
        <ele>0</ele>
        <time>2016-09-28T12:02:49.000Z</time>
        <extensions>
          <ns3:TrackPointExtension/>
        </extensions>
      </trkpt>
      <trkpt lat="24.49743459932506084442138671875" lon="118.145347572863101959228515625">
        <ele>0</ele>
        <time>2016-09-28T12:02:54.000Z</time>
        <extensions>
          <ns3:TrackPointExtension/>
        </extensions>
      </trkpt>
      <trkpt lat="24.497444070875644683837890625" lon="118.14537045545876026153564453125">
        <ele>0</ele>
        <time>2016-09-28T12:02:59.000Z</time>
        <extensions>
          <ns3:TrackPointExtension/>
        </extensions>
      </trkpt>
      <trkpt lat="24.4974536262452602386474609375" lon="118.1453933380544185638427734375">
        <ele>0</ele>
        <time>2016-09-28T12:03:04.000Z</time>
        <extensions>
          <ns3:TrackPointExtension/>
        </extensions>
      </trkpt>
      <trkpt lat="24.49746125377714633941650390625" lon="118.145408593118190765380859375">
        <ele>0</ele>
        <time>2016-09-28T12:03:09.000Z</time>
        <extensions>
          <ns3:TrackPointExtension/>
        </extensions>
      </trkpt>
      <trkpt lat="24.49746510945260524749755859375" lon="118.1454238481819629669189453125">
        <ele>0</ele>
        <time>2016-09-28T12:03:14.000Z</time>
        <extensions>
          <ns3:TrackPointExtension/>
        </extensions>
      </trkpt>
      <trkpt lat="24.497468881309032440185546875" lon="118.14543910324573516845703125">
        <ele>0</ele>
        <time>2016-09-28T12:03:19.000Z</time>
        <extensions>
          <ns3:TrackPointExtension/>
        </extensions>
      </trkpt>
      <trkpt lat="24.49747650884091854095458984375" lon="118.14544673077762126922607421875">
        <ele>0</ele>
        <time>2016-09-28T12:03:24.000Z</time>
        <extensions>
          <ns3:TrackPointExtension/>
        </extensions>
      </trkpt>
      <trkpt lat="24.49749561958014965057373046875" lon="118.1454543583095073699951171875">
        <ele>0</ele>
        <time>2016-09-28T12:03:29.000Z</time>
        <extensions>
          <ns3:TrackPointExtension/>
        </extensions>
      </trkpt>
      <trkpt lat="24.49751657433807849884033203125" lon="118.14546198584139347076416015625">
        <ele>0</ele>
        <time>2016-09-28T12:03:34.000Z</time>
        <extensions>
          <ns3:TrackPointExtension/>
        </extensions>
      </trkpt>
      <trkpt lat="24.49753568507730960845947265625" lon="118.14546198584139347076416015625">
        <ele>0</ele>
        <time>2016-09-28T12:03:39.000Z</time>
        <extensions>
          <ns3:TrackPointExtension/>
        </extensions>
      </trkpt>
      <trkpt lat="24.49754901230335235595703125" lon="118.14546198584139347076416015625">
        <ele>0</ele>
        <time>2016-09-28T12:03:44.000Z</time>
        <extensions>
          <ns3:TrackPointExtension/>
        </extensions>
      </trkpt>
      <trkpt lat="24.4975585676729679107666015625" lon="118.14546198584139347076416015625">
        <ele>0</ele>
        <time>2016-09-28T12:03:49.000Z</time>
        <extensions>
          <ns3:TrackPointExtension/>
        </extensions>
      </trkpt>
      <trkpt lat="24.49756619520485401153564453125" lon="118.145469613373279571533203125">
        <ele>0</ele>
        <time>2016-09-28T12:03:54.000Z</time>
        <extensions>
          <ns3:TrackPointExtension/>
        </extensions>
      </trkpt>
      <trkpt lat="24.49757575057446956634521484375" lon="118.145469613373279571533203125">
        <ele>0</ele>
        <time>2016-09-28T12:03:59.000Z</time>
        <extensions>
          <ns3:TrackPointExtension/>
        </extensions>
      </trkpt>
      <trkpt lat="24.4975890778005123138427734375" lon="118.14547724090516567230224609375">
        <ele>0</ele>
        <time>2016-09-28T12:04:04.000Z</time>
        <extensions>
          <ns3:TrackPointExtension/>
        </extensions>
      </trkpt>
      <trkpt lat="24.49760626070201396942138671875" lon="118.14547724090516567230224609375">
        <ele>0</ele>
        <time>2016-09-28T12:04:09.000Z</time>
        <extensions>
          <ns3:TrackPointExtension/>
        </extensions>
      </trkpt>
      <trkpt lat="24.4976252876222133636474609375" lon="118.1454848684370517730712890625">
        <ele>0</ele>
        <time>2016-09-28T12:04:14.000Z</time>
        <extensions>
          <ns3:TrackPointExtension/>
        </extensions>
      </trkpt>
      <trkpt lat="24.49764632619917392730712890625" lon="118.14549249596893787384033203125">
        <ele>0</ele>
        <time>2016-09-28T12:04:19.000Z</time>
        <extensions>
          <ns3:TrackPointExtension/>
        </extensions>
      </trkpt>
      <trkpt lat="24.49767105281352996826171875" lon="118.145500123500823974609375">
        <ele>0</ele>
        <time>2016-09-28T12:04:24.000Z</time>
        <extensions>
          <ns3:TrackPointExtension/>
        </extensions>
      </trkpt>
      <trkpt lat="24.4976997189223766326904296875" lon="118.14550775103271007537841796875">
        <ele>0</ele>
        <time>2016-09-28T12:04:29.000Z</time>
        <extensions>
          <ns3:TrackPointExtension/>
        </extensions>
      </trkpt>
      <trkpt lat="24.4977302290499210357666015625" lon="118.14552300609648227691650390625">
        <ele>0</ele>
        <time>2016-09-28T12:04:34.000Z</time>
        <extensions>
          <ns3:TrackPointExtension/>
        </extensions>
      </trkpt>
      <trkpt lat="24.49776266701519489288330078125" lon="118.145530633628368377685546875">
        <ele>0</ele>
        <time>2016-09-28T12:04:39.000Z</time>
        <extensions>
          <ns3:TrackPointExtension/>
        </extensions>
      </trkpt>
      <trkpt lat="24.49779510498046875" lon="118.14553826116025447845458984375">
        <ele>0</ele>
        <time>2016-09-28T12:04:44.000Z</time>
        <extensions>
          <ns3:TrackPointExtension/>
        </extensions>
      </trkpt>
      <trkpt lat="24.49782938696444034576416015625" lon="118.1455458886921405792236328125">
        <ele>0</ele>
        <time>2016-09-28T12:04:49.000Z</time>
        <extensions>
          <ns3:TrackPointExtension/>
        </extensions>
      </trkpt>
      <trkpt lat="24.497861824929714202880859375" lon="118.14556114375591278076171875">
        <ele>0</ele>
        <time>2016-09-28T12:04:54.000Z</time>
        <extensions>
          <ns3:TrackPointExtension/>
        </extensions>
      </trkpt>
      <trkpt lat="24.49789233505725860595703125" lon="118.14556877128779888153076171875">
        <ele>0</ele>
        <time>2016-09-28T12:04:59.000Z</time>
        <extensions>
          <ns3:TrackPointExtension/>
        </extensions>
      </trkpt>
      <trkpt lat="24.49791907332837581634521484375" lon="118.145591653883457183837890625">
        <ele>0</ele>
        <time>2016-09-28T12:05:04.000Z</time>
        <extensions>
          <ns3:TrackPointExtension/>
        </extensions>
      </trkpt>
      <trkpt lat="24.49794572778046131134033203125" lon="118.14560699276626110076904296875">
        <ele>0</ele>
        <time>2016-09-28T12:05:09.000Z</time>
        <extensions>
          <ns3:TrackPointExtension/>
        </extensions>
      </trkpt>
      <trkpt lat="24.497966766357421875" lon="118.145629875361919403076171875">
        <ele>0</ele>
        <time>2016-09-28T12:05:14.000Z</time>
        <extensions>
          <ns3:TrackPointExtension/>
        </extensions>
      </trkpt>
      <trkpt lat="24.49798579327762126922607421875" lon="118.14565275795757770538330078125">
        <ele>0</ele>
        <time>2016-09-28T12:05:19.000Z</time>
        <extensions>
          <ns3:TrackPointExtension/>
        </extensions>
      </trkpt>
      <trkpt lat="24.4979991205036640167236328125" lon="118.1456756405532360076904296875">
        <ele>0</ele>
        <time>2016-09-28T12:05:24.000Z</time>
        <extensions>
          <ns3:TrackPointExtension/>
        </extensions>
      </trkpt>
      <trkpt lat="24.4980125315487384796142578125" lon="118.1457061506807804107666015625">
        <ele>0</ele>
        <time>2016-09-28T12:05:29.000Z</time>
        <extensions>
          <ns3:TrackPointExtension/>
        </extensions>
      </trkpt>
      <trkpt lat="24.49802015908062458038330078125" lon="118.14572903327643871307373046875">
        <ele>0</ele>
        <time>2016-09-28T12:05:34.000Z</time>
        <extensions>
          <ns3:TrackPointExtension/>
        </extensions>
      </trkpt>
      <trkpt lat="24.49802585877478122711181640625" lon="118.14575954340398311614990234375">
        <ele>0</ele>
        <time>2016-09-28T12:05:39.000Z</time>
        <extensions>
          <ns3:TrackPointExtension/>
        </extensions>
      </trkpt>
      <trkpt lat="24.49802778661251068115234375" lon="118.14578242599964141845703125">
        <ele>0</ele>
        <time>2016-09-28T12:05:44.000Z</time>
        <extensions>
          <ns3:TrackPointExtension/>
        </extensions>
      </trkpt>
      <trkpt lat="24.49802585877478122711181640625" lon="118.145812936127185821533203125">
        <ele>0</ele>
        <time>2016-09-28T12:05:49.000Z</time>
        <extensions>
          <ns3:TrackPointExtension/>
        </extensions>
      </trkpt>
      <trkpt lat="24.49802200309932231903076171875" lon="118.145843446254730224609375">
        <ele>0</ele>
        <time>2016-09-28T12:05:54.000Z</time>
        <extensions>
          <ns3:TrackPointExtension/>
        </extensions>
      </trkpt>
      <trkpt lat="24.4980182312428951263427734375" lon="118.14586632885038852691650390625">
        <ele>0</ele>
        <time>2016-09-28T12:05:59.000Z</time>
        <extensions>
          <ns3:TrackPointExtension/>
        </extensions>
      </trkpt>
      <trkpt lat="24.4980125315487384796142578125" lon="118.14589683897793292999267578125">
        <ele>0</ele>
        <time>2016-09-28T12:06:04.000Z</time>
        <extensions>
          <ns3:TrackPointExtension/>
        </extensions>
      </trkpt>
      <trkpt lat="24.498008675873279571533203125" lon="118.14592734910547733306884765625">
        <ele>0</ele>
        <time>2016-09-28T12:06:09.000Z</time>
        <extensions>
          <ns3:TrackPointExtension/>
        </extensions>
      </trkpt>
      <trkpt lat="24.4980029761791229248046875" lon="118.1459579430520534515380859375">
        <ele>0</ele>
        <time>2016-09-28T12:06:14.000Z</time>
        <extensions>
          <ns3:TrackPointExtension/>
        </extensions>
      </trkpt>
      <trkpt lat="24.497997276484966278076171875" lon="118.1459884531795978546142578125">
        <ele>0</ele>
        <time>2016-09-28T12:06:19.000Z</time>
        <extensions>
          <ns3:TrackPointExtension/>
        </extensions>
      </trkpt>
      <trkpt lat="24.4979934208095073699951171875" lon="118.1460189633071422576904296875">
        <ele>0</ele>
        <time>2016-09-28T12:06:24.000Z</time>
        <extensions>
          <ns3:TrackPointExtension/>
        </extensions>
      </trkpt>
      <trkpt lat="24.49799149297177791595458984375" lon="118.1460494734346866607666015625">
        <ele>0</ele>
        <time>2016-09-28T12:06:29.000Z</time>
        <extensions>
          <ns3:TrackPointExtension/>
        </extensions>
      </trkpt>
      <trkpt lat="24.4979877211153507232666015625" lon="118.1460799835622310638427734375">
        <ele>0</ele>
        <time>2016-09-28T12:06:34.000Z</time>
        <extensions>
          <ns3:TrackPointExtension/>
        </extensions>
      </trkpt>
      <trkpt lat="24.49798579327762126922607421875" lon="118.1461104936897754669189453125">
        <ele>0</ele>
        <time>2016-09-28T12:06:39.000Z</time>
        <extensions>
          <ns3:TrackPointExtension/>
        </extensions>
      </trkpt>
      <trkpt lat="24.4979820214211940765380859375" lon="118.14613337628543376922607421875">
        <ele>0</ele>
        <time>2016-09-28T12:06:44.000Z</time>
        <extensions>
          <ns3:TrackPointExtension/>
        </extensions>
      </trkpt>
      <trkpt lat="24.49798009358346462249755859375" lon="118.14616388641297817230224609375">
        <ele>0</ele>
        <time>2016-09-28T12:06:49.000Z</time>
        <extensions>
          <ns3:TrackPointExtension/>
        </extensions>
      </trkpt>
      <trkpt lat="24.49797816574573516845703125" lon="118.14619439654052257537841796875">
        <ele>0</ele>
        <time>2016-09-28T12:06:54.000Z</time>
        <extensions>
          <ns3:TrackPointExtension/>
        </extensions>
      </trkpt>
      <trkpt lat="24.49797623790800571441650390625" lon="118.14622490666806697845458984375">
        <ele>0</ele>
        <time>2016-09-28T12:06:59.000Z</time>
        <extensions>
          <ns3:TrackPointExtension/>
        </extensions>
      </trkpt>
      <trkpt lat="24.49797439388930797576904296875" lon="118.14625541679561138153076171875">
        <ele>0</ele>
        <time>2016-09-28T12:07:04.000Z</time>
        <extensions>
          <ns3:TrackPointExtension/>
        </extensions>
      </trkpt>
      <trkpt lat="24.49797053821384906768798828125" lon="118.146278299391269683837890625">
        <ele>0</ele>
        <time>2016-09-28T12:07:09.000Z</time>
        <extensions>
          <ns3:TrackPointExtension/>
        </extensions>
      </trkpt>
      <trkpt lat="24.497966766357421875" lon="118.14630889333784580230712890625">
        <ele>0</ele>
        <time>2016-09-28T12:07:14.000Z</time>
        <extensions>
          <ns3:TrackPointExtension/>
        </extensions>
      </trkpt>
      <trkpt lat="24.497959055006504058837890625" lon="118.1463317759335041046142578125">
        <ele>0</ele>
        <time>2016-09-28T12:07:19.000Z</time>
        <extensions>
          <ns3:TrackPointExtension/>
        </extensions>
      </trkpt>
      <trkpt lat="24.49795142747461795806884765625" lon="118.1463622860610485076904296875">
        <ele>0</ele>
        <time>2016-09-28T12:07:24.000Z</time>
        <extensions>
          <ns3:TrackPointExtension/>
        </extensions>
      </trkpt>
      <trkpt lat="24.49794002808630466461181640625" lon="118.14638516865670680999755859375">
        <ele>0</ele>
        <time>2016-09-28T12:07:29.000Z</time>
        <extensions>
          <ns3:TrackPointExtension/>
        </extensions>
      </trkpt>
      <trkpt lat="24.49792854487895965576171875" lon="118.14641567878425121307373046875">
        <ele>0</ele>
        <time>2016-09-28T12:07:34.000Z</time>
        <extensions>
          <ns3:TrackPointExtension/>
        </extensions>
      </trkpt>
      <trkpt lat="24.4979132898151874542236328125" lon="118.14644618891179561614990234375">
        <ele>0</ele>
        <time>2016-09-28T12:07:39.000Z</time>
        <extensions>
          <ns3:TrackPointExtension/>
        </extensions>
      </trkpt>
      <trkpt lat="24.497898034751415252685546875" lon="118.14647669903934001922607421875">
        <ele>0</ele>
        <time>2016-09-28T12:07:44.000Z</time>
        <extensions>
          <ns3:TrackPointExtension/>
        </extensions>
      </trkpt>
      <trkpt lat="24.497886635363101959228515625" lon="118.14650720916688442230224609375">
        <ele>0</ele>
        <time>2016-09-28T12:07:49.000Z</time>
        <extensions>
          <ns3:TrackPointExtension/>
        </extensions>
      </trkpt>
      <trkpt lat="24.4978809356689453125" lon="118.1465453468263149261474609375">
        <ele>0</ele>
        <time>2016-09-28T12:07:54.000Z</time>
        <extensions>
          <ns3:TrackPointExtension/>
        </extensions>
      </trkpt>
      <trkpt lat="24.4978770799934864044189453125" lon="118.1465758569538593292236328125">
        <ele>0</ele>
        <time>2016-09-28T12:07:59.000Z</time>
        <extensions>
          <ns3:TrackPointExtension/>
        </extensions>
      </trkpt>
      <trkpt lat="24.49787515215575695037841796875" lon="118.14661399461328983306884765625">
        <ele>0</ele>
        <time>2016-09-28T12:08:04.000Z</time>
        <extensions>
          <ns3:TrackPointExtension/>
        </extensions>
      </trkpt>
      <trkpt lat="24.4978770799934864044189453125" lon="118.14665221609175205230712890625">
        <ele>0</ele>
        <time>2016-09-28T12:08:09.000Z</time>
        <extensions>
          <ns3:TrackPointExtension/>
        </extensions>
      </trkpt>
      <trkpt lat="24.49787900783121585845947265625" lon="118.14669035375118255615234375">
        <ele>0</ele>
        <time>2016-09-28T12:08:14.000Z</time>
        <extensions>
          <ns3:TrackPointExtension/>
        </extensions>
      </trkpt>
      <trkpt lat="24.49787900783121585845947265625" lon="118.1467361189424991607666015625">
        <ele>0</ele>
        <time>2016-09-28T12:08:19.000Z</time>
        <extensions>
          <ns3:TrackPointExtension/>
        </extensions>
      </trkpt>
      <trkpt lat="24.4978770799934864044189453125" lon="118.14677425660192966461181640625">
        <ele>0</ele>
        <time>2016-09-28T12:08:24.000Z</time>
        <extensions>
          <ns3:TrackPointExtension/>
        </extensions>
      </trkpt>
      <trkpt lat="24.49787515215575695037841796875" lon="118.14681239426136016845703125">
        <ele>0</ele>
        <time>2016-09-28T12:08:29.000Z</time>
        <extensions>
          <ns3:TrackPointExtension/>
        </extensions>
      </trkpt>
      <trkpt lat="24.49786945246160030364990234375" lon="118.14685053192079067230224609375">
        <ele>0</ele>
        <time>2016-09-28T12:08:34.000Z</time>
        <extensions>
          <ns3:TrackPointExtension/>
        </extensions>
      </trkpt>
      <trkpt lat="24.49786559678614139556884765625" lon="118.1468886695802211761474609375">
        <ele>0</ele>
        <time>2016-09-28T12:08:39.000Z</time>
        <extensions>
          <ns3:TrackPointExtension/>
        </extensions>
      </trkpt>
      <trkpt lat="24.4978579692542552947998046875" lon="118.14692680723965167999267578125">
        <ele>0</ele>
        <time>2016-09-28T12:08:44.000Z</time>
        <extensions>
          <ns3:TrackPointExtension/>
        </extensions>
      </trkpt>
      <trkpt lat="24.4978522695600986480712890625" lon="118.14695731736719608306884765625">
        <ele>0</ele>
        <time>2016-09-28T12:08:49.000Z</time>
        <extensions>
          <ns3:TrackPointExtension/>
        </extensions>
      </trkpt>
      <trkpt lat="24.4978465698659420013427734375" lon="118.14699553884565830230712890625">
        <ele>0</ele>
        <time>2016-09-28T12:08:54.000Z</time>
        <extensions>
          <ns3:TrackPointExtension/>
        </extensions>
      </trkpt>
      <trkpt lat="24.49784271419048309326171875" lon="118.14702604897320270538330078125">
        <ele>0</ele>
        <time>2016-09-28T12:08:59.000Z</time>
        <extensions>
          <ns3:TrackPointExtension/>
        </extensions>
      </trkpt>
      <trkpt lat="24.4978408701717853546142578125" lon="118.14705655910074710845947265625">
        <ele>0</ele>
        <time>2016-09-28T12:09:04.000Z</time>
        <extensions>
          <ns3:TrackPointExtension/>
        </extensions>
      </trkpt>
      <trkpt lat="24.49783894233405590057373046875" lon="118.14708706922829151153564453125">
        <ele>0</ele>
        <time>2016-09-28T12:09:09.000Z</time>
        <extensions>
          <ns3:TrackPointExtension/>
        </extensions>
      </trkpt>
      <trkpt lat="24.4978408701717853546142578125" lon="118.14711757935583591461181640625">
        <ele>0</ele>
        <time>2016-09-28T12:09:14.000Z</time>
        <extensions>
          <ns3:TrackPointExtension/>
        </extensions>
      </trkpt>
      <trkpt lat="24.49784464202821254730224609375" lon="118.1471404619514942169189453125">
        <ele>0</ele>
        <time>2016-09-28T12:09:19.000Z</time>
        <extensions>
          <ns3:TrackPointExtension/>
        </extensions>
      </trkpt>
      <trkpt lat="24.49785034172236919403076171875" lon="118.1471709720790386199951171875">
        <ele>0</ele>
        <time>2016-09-28T12:09:24.000Z</time>
        <extensions>
          <ns3:TrackPointExtension/>
        </extensions>
      </trkpt>
      <trkpt lat="24.49785419739782810211181640625" lon="118.1472014822065830230712890625">
        <ele>0</ele>
        <time>2016-09-28T12:09:29.000Z</time>
        <extensions>
          <ns3:TrackPointExtension/>
        </extensions>
      </trkpt>
      <trkpt lat="24.49785419739782810211181640625" lon="118.1472319923341274261474609375">
        <ele>0</ele>
        <time>2016-09-28T12:09:34.000Z</time>
        <extensions>
          <ns3:TrackPointExtension/>
        </extensions>
      </trkpt>
      <trkpt lat="24.49785034172236919403076171875" lon="118.1472625024616718292236328125">
        <ele>0</ele>
        <time>2016-09-28T12:09:39.000Z</time>
        <extensions>
          <ns3:TrackPointExtension/>
        </extensions>
      </trkpt>
      <trkpt lat="24.4978465698659420013427734375" lon="118.1472930125892162322998046875">
        <ele>0</ele>
        <time>2016-09-28T12:09:44.000Z</time>
        <extensions>
          <ns3:TrackPointExtension/>
        </extensions>
      </trkpt>
      <trkpt lat="24.4978408701717853546142578125" lon="118.14732360653579235076904296875">
        <ele>0</ele>
        <time>2016-09-28T12:09:49.000Z</time>
        <extensions>
          <ns3:TrackPointExtension/>
        </extensions>
      </trkpt>
      <trkpt lat="24.4978313148021697998046875" lon="118.14735411666333675384521484375">
        <ele>0</ele>
        <time>2016-09-28T12:09:54.000Z</time>
        <extensions>
          <ns3:TrackPointExtension/>
        </extensions>
      </trkpt>
      <trkpt lat="24.497825615108013153076171875" lon="118.14738462679088115692138671875">
        <ele>0</ele>
        <time>2016-09-28T12:09:59.000Z</time>
        <extensions>
          <ns3:TrackPointExtension/>
        </extensions>
      </trkpt>
      <trkpt lat="24.49781983159482479095458984375" lon="118.14741513691842555999755859375">
        <ele>0</ele>
        <time>2016-09-28T12:10:04.000Z</time>
        <extensions>
          <ns3:TrackPointExtension/>
        </extensions>
      </trkpt>
      <trkpt lat="24.49781413190066814422607421875" lon="118.14744564704596996307373046875">
        <ele>0</ele>
        <time>2016-09-28T12:10:09.000Z</time>
        <extensions>
          <ns3:TrackPointExtension/>
        </extensions>
      </trkpt>
      <trkpt lat="24.4978103600442409515380859375" lon="118.14747615717351436614990234375">
        <ele>0</ele>
        <time>2016-09-28T12:10:14.000Z</time>
        <extensions>
          <ns3:TrackPointExtension/>
        </extensions>
      </trkpt>
      <trkpt lat="24.49780843220651149749755859375" lon="118.14750666730105876922607421875">
        <ele>0</ele>
        <time>2016-09-28T12:10:19.000Z</time>
        <extensions>
          <ns3:TrackPointExtension/>
        </extensions>
      </trkpt>
      <trkpt lat="24.49780457653105258941650390625" lon="118.14753717742860317230224609375">
        <ele>0</ele>
        <time>2016-09-28T12:10:24.000Z</time>
        <extensions>
          <ns3:TrackPointExtension/>
        </extensions>
      </trkpt>
      <trkpt lat="24.49780273251235485076904296875" lon="118.14756768755614757537841796875">
        <ele>0</ele>
        <time>2016-09-28T12:10:29.000Z</time>
        <extensions>
          <ns3:TrackPointExtension/>
        </extensions>
      </trkpt>
      <trkpt lat="24.49779887683689594268798828125" lon="118.14759819768369197845458984375">
        <ele>0</ele>
        <time>2016-09-28T12:10:34.000Z</time>
        <extensions>
          <ns3:TrackPointExtension/>
        </extensions>
      </trkpt>
      <trkpt lat="24.4977912493050098419189453125" lon="118.14762108027935028076171875">
        <ele>0</ele>
        <time>2016-09-28T12:10:39.000Z</time>
        <extensions>
          <ns3:TrackPointExtension/>
        </extensions>
      </trkpt>
      <trkpt lat="24.4977855496108531951904296875" lon="118.14764396287500858306884765625">
        <ele>0</ele>
        <time>2016-09-28T12:10:44.000Z</time>
        <extensions>
          <ns3:TrackPointExtension/>
        </extensions>
      </trkpt>
      <trkpt lat="24.49777792207896709442138671875" lon="118.1476745568215847015380859375">
        <ele>0</ele>
        <time>2016-09-28T12:10:49.000Z</time>
        <extensions>
          <ns3:TrackPointExtension/>
        </extensions>
      </trkpt>
      <trkpt lat="24.49776836670935153961181640625" lon="118.14769743941724300384521484375">
        <ele>0</ele>
        <time>2016-09-28T12:10:54.000Z</time>
        <extensions>
          <ns3:TrackPointExtension/>
        </extensions>
      </trkpt>
      <trkpt lat="24.4977607391774654388427734375" lon="118.14772032201290130615234375">
        <ele>0</ele>
        <time>2016-09-28T12:10:59.000Z</time>
        <extensions>
          <ns3:TrackPointExtension/>
        </extensions>
      </trkpt>
      <trkpt lat="24.49775311164557933807373046875" lon="118.14774320460855960845947265625">
        <ele>0</ele>
        <time>2016-09-28T12:11:04.000Z</time>
        <extensions>
          <ns3:TrackPointExtension/>
        </extensions>
      </trkpt>
      <trkpt lat="24.4977454841136932373046875" lon="118.14777371473610401153564453125">
        <ele>0</ele>
        <time>2016-09-28T12:11:09.000Z</time>
        <extensions>
          <ns3:TrackPointExtension/>
        </extensions>
      </trkpt>
      <trkpt lat="24.49773785658180713653564453125" lon="118.1477965973317623138427734375">
        <ele>0</ele>
        <time>2016-09-28T12:11:14.000Z</time>
        <extensions>
          <ns3:TrackPointExtension/>
        </extensions>
      </trkpt>
      <trkpt lat="24.49773215688765048980712890625" lon="118.14781947992742061614990234375">
        <ele>0</ele>
        <time>2016-09-28T12:11:19.000Z</time>
        <extensions>
          <ns3:TrackPointExtension/>
        </extensions>
      </trkpt>
      <trkpt lat="24.497726373374462127685546875" lon="118.14784999005496501922607421875">
        <ele>0</ele>
        <time>2016-09-28T12:11:24.000Z</time>
        <extensions>
          <ns3:TrackPointExtension/>
        </extensions>
      </trkpt>
      <trkpt lat="24.49772067368030548095703125" lon="118.147872872650623321533203125">
        <ele>0</ele>
        <time>2016-09-28T12:11:29.000Z</time>
        <extensions>
          <ns3:TrackPointExtension/>
        </extensions>
      </trkpt>
      <trkpt lat="24.497714973986148834228515625" lon="118.147903382778167724609375">
        <ele>0</ele>
        <time>2016-09-28T12:11:34.000Z</time>
        <extensions>
          <ns3:TrackPointExtension/>
        </extensions>
      </trkpt>
      <trkpt lat="24.49770734645426273345947265625" lon="118.14792626537382602691650390625">
        <ele>0</ele>
        <time>2016-09-28T12:11:39.000Z</time>
        <extensions>
          <ns3:TrackPointExtension/>
        </extensions>
      </trkpt>
      <trkpt lat="24.4976997189223766326904296875" lon="118.14795677550137042999267578125">
        <ele>0</ele>
        <time>2016-09-28T12:11:44.000Z</time>
        <extensions>
          <ns3:TrackPointExtension/>
        </extensions>
      </trkpt>
      <trkpt lat="24.49769209139049053192138671875" lon="118.1479796580970287322998046875">
        <ele>0</ele>
        <time>2016-09-28T12:11:49.000Z</time>
        <extensions>
          <ns3:TrackPointExtension/>
        </extensions>
      </trkpt>
      <trkpt lat="24.49768446385860443115234375" lon="118.14801025204360485076904296875">
        <ele>0</ele>
        <time>2016-09-28T12:11:54.000Z</time>
        <extensions>
          <ns3:TrackPointExtension/>
        </extensions>
      </trkpt>
      <trkpt lat="24.49767683632671833038330078125" lon="118.14804076217114925384521484375">
        <ele>0</ele>
        <time>2016-09-28T12:11:59.000Z</time>
        <extensions>
          <ns3:TrackPointExtension/>
        </extensions>
      </trkpt>
      <trkpt lat="24.49767105281352996826171875" lon="118.14806364476680755615234375">
        <ele>0</ele>
        <time>2016-09-28T12:12:04.000Z</time>
        <extensions>
          <ns3:TrackPointExtension/>
        </extensions>
      </trkpt>
      <trkpt lat="24.497665353119373321533203125" lon="118.148094154894351959228515625">
        <ele>0</ele>
        <time>2016-09-28T12:12:09.000Z</time>
        <extensions>
          <ns3:TrackPointExtension/>
        </extensions>
      </trkpt>
      <trkpt lat="24.49765772558748722076416015625" lon="118.1481246650218963623046875">
        <ele>0</ele>
        <time>2016-09-28T12:12:14.000Z</time>
        <extensions>
          <ns3:TrackPointExtension/>
        </extensions>
      </trkpt>
      <trkpt lat="24.49764817021787166595458984375" lon="118.14816280268132686614990234375">
        <ele>0</ele>
        <time>2016-09-28T12:12:19.000Z</time>
        <extensions>
          <ns3:TrackPointExtension/>
        </extensions>
      </trkpt>
      <trkpt lat="24.49763484299182891845703125" lon="118.1482009403407573699951171875">
        <ele>0</ele>
        <time>2016-09-28T12:12:24.000Z</time>
        <extensions>
          <ns3:TrackPointExtension/>
        </extensions>
      </trkpt>
      <trkpt lat="24.49762151576578617095947265625" lon="118.14823907800018787384033203125">
        <ele>0</ele>
        <time>2016-09-28T12:12:29.000Z</time>
        <extensions>
          <ns3:TrackPointExtension/>
        </extensions>
      </trkpt>
      <trkpt lat="24.49760240502655506134033203125" lon="118.14826958812773227691650390625">
        <ele>0</ele>
        <time>2016-09-28T12:12:34.000Z</time>
        <extensions>
          <ns3:TrackPointExtension/>
        </extensions>
      </trkpt>
      <trkpt lat="24.4975833781063556671142578125" lon="118.1482924707233905792236328125">
        <ele>0</ele>
        <time>2016-09-28T12:12:39.000Z</time>
        <extensions>
          <ns3:TrackPointExtension/>
        </extensions>
      </trkpt>
      <trkpt lat="24.49756049551069736480712890625" lon="118.14830772578716278076171875">
        <ele>0</ele>
        <time>2016-09-28T12:12:44.000Z</time>
        <extensions>
          <ns3:TrackPointExtension/>
        </extensions>
      </trkpt>
      <trkpt lat="24.49753568507730960845947265625" lon="118.14831535331904888153076171875">
        <ele>0</ele>
        <time>2016-09-28T12:12:49.000Z</time>
        <extensions>
          <ns3:TrackPointExtension/>
        </extensions>
      </trkpt>
      <trkpt lat="24.49750701896846294403076171875" lon="118.14830772578716278076171875">
        <ele>0</ele>
        <time>2016-09-28T12:12:54.000Z</time>
        <extensions>
          <ns3:TrackPointExtension/>
        </extensions>
      </trkpt>
      <trkpt lat="24.49747650884091854095458984375" lon="118.14830772578716278076171875">
        <ele>0</ele>
        <time>2016-09-28T12:12:59.000Z</time>
        <extensions>
          <ns3:TrackPointExtension/>
        </extensions>
      </trkpt>
      <trkpt lat="24.497444070875644683837890625" lon="118.14830009825527667999267578125">
        <ele>0</ele>
        <time>2016-09-28T12:13:04.000Z</time>
        <extensions>
          <ns3:TrackPointExtension/>
        </extensions>
      </trkpt>
      <trkpt lat="24.49740978889167308807373046875" lon="118.14830009825527667999267578125">
        <ele>0</ele>
        <time>2016-09-28T12:13:09.000Z</time>
        <extensions>
          <ns3:TrackPointExtension/>
        </extensions>
      </trkpt>
      <trkpt lat="24.49737357906997203826904296875" lon="118.14830772578716278076171875">
        <ele>0</ele>
        <time>2016-09-28T12:13:14.000Z</time>
        <extensions>
          <ns3:TrackPointExtension/>
        </extensions>
      </trkpt>
      <trkpt lat="24.49734114110469818115234375" lon="118.14831535331904888153076171875">
        <ele>0</ele>
        <time>2016-09-28T12:13:19.000Z</time>
        <extensions>
          <ns3:TrackPointExtension/>
        </extensions>
      </trkpt>
      <trkpt lat="24.497310630977153778076171875" lon="118.14831535331904888153076171875">
        <ele>0</ele>
        <time>2016-09-28T12:13:24.000Z</time>
        <extensions>
          <ns3:TrackPointExtension/>
        </extensions>
      </trkpt>
      <trkpt lat="24.49728389270603656768798828125" lon="118.14831535331904888153076171875">
        <ele>0</ele>
        <time>2016-09-28T12:13:29.000Z</time>
        <extensions>
          <ns3:TrackPointExtension/>
        </extensions>
      </trkpt>
      <trkpt lat="24.4972571544349193572998046875" lon="118.14830772578716278076171875">
        <ele>0</ele>
        <time>2016-09-28T12:13:34.000Z</time>
        <extensions>
          <ns3:TrackPointExtension/>
        </extensions>
      </trkpt>
      <trkpt lat="24.49723242782056331634521484375" lon="118.14830009825527667999267578125">
        <ele>0</ele>
        <time>2016-09-28T12:13:39.000Z</time>
        <extensions>
          <ns3:TrackPointExtension/>
        </extensions>
      </trkpt>
      <trkpt lat="24.49720761738717555999755859375" lon="118.1482924707233905792236328125">
        <ele>0</ele>
        <time>2016-09-28T12:13:44.000Z</time>
        <extensions>
          <ns3:TrackPointExtension/>
        </extensions>
      </trkpt>
      <trkpt lat="24.49718280695378780364990234375" lon="118.148277215659618377685546875">
        <ele>0</ele>
        <time>2016-09-28T12:13:49.000Z</time>
        <extensions>
          <ns3:TrackPointExtension/>
        </extensions>
      </trkpt>
      <trkpt lat="24.49715229682624340057373046875" lon="118.14826958812773227691650390625">
        <ele>0</ele>
        <time>2016-09-28T12:13:54.000Z</time>
        <extensions>
          <ns3:TrackPointExtension/>
        </extensions>
      </trkpt>
      <trkpt lat="24.4971237145364284515380859375" lon="118.14825433306396007537841796875">
        <ele>0</ele>
        <time>2016-09-28T12:13:59.000Z</time>
        <extensions>
          <ns3:TrackPointExtension/>
        </extensions>
      </trkpt>
      <trkpt lat="24.49709312058985233306884765625" lon="118.14823907800018787384033203125">
        <ele>0</ele>
        <time>2016-09-28T12:14:04.000Z</time>
        <extensions>
          <ns3:TrackPointExtension/>
        </extensions>
      </trkpt>
      <trkpt lat="24.497064538300037384033203125" lon="118.14822382293641567230224609375">
        <ele>0</ele>
        <time>2016-09-28T12:14:09.000Z</time>
        <extensions>
          <ns3:TrackPointExtension/>
        </extensions>
      </trkpt>
      <trkpt lat="24.49703595601022243499755859375" lon="118.14820856787264347076416015625">
        <ele>0</ele>
        <time>2016-09-28T12:14:14.000Z</time>
        <extensions>
          <ns3:TrackPointExtension/>
        </extensions>
      </trkpt>
      <trkpt lat="24.49700728990137577056884765625" lon="118.14819331280887126922607421875">
        <ele>0</ele>
        <time>2016-09-28T12:14:19.000Z</time>
        <extensions>
          <ns3:TrackPointExtension/>
        </extensions>
      </trkpt>
      <trkpt lat="24.49697677977383136749267578125" lon="118.14818568527698516845703125">
        <ele>0</ele>
        <time>2016-09-28T12:14:24.000Z</time>
        <extensions>
          <ns3:TrackPointExtension/>
        </extensions>
      </trkpt>
      <trkpt lat="24.496942497789859771728515625" lon="118.14817805774509906768798828125">
        <ele>0</ele>
        <time>2016-09-28T12:14:29.000Z</time>
        <extensions>
          <ns3:TrackPointExtension/>
        </extensions>
      </trkpt>
      <trkpt lat="24.49690620414912700653076171875" lon="118.1481704302132129669189453125">
        <ele>0</ele>
        <time>2016-09-28T12:14:34.000Z</time>
        <extensions>
          <ns3:TrackPointExtension/>
        </extensions>
      </trkpt>
      <trkpt lat="24.4968719221651554107666015625" lon="118.14816280268132686614990234375">
        <ele>0</ele>
        <time>2016-09-28T12:14:39.000Z</time>
        <extensions>
          <ns3:TrackPointExtension/>
        </extensions>
      </trkpt>
      <trkpt lat="24.496837556362152099609375" lon="118.14814754761755466461181640625">
        <ele>0</ele>
        <time>2016-09-28T12:14:44.000Z</time>
        <extensions>
          <ns3:TrackPointExtension/>
        </extensions>
      </trkpt>
      <trkpt lat="24.49680511839687824249267578125" lon="118.1481399200856685638427734375">
        <ele>0</ele>
        <time>2016-09-28T12:14:49.000Z</time>
        <extensions>
          <ns3:TrackPointExtension/>
        </extensions>
      </trkpt>
      <trkpt lat="24.49677460826933383941650390625" lon="118.1481246650218963623046875">
        <ele>0</ele>
        <time>2016-09-28T12:14:54.000Z</time>
        <extensions>
          <ns3:TrackPointExtension/>
        </extensions>
      </trkpt>
      <trkpt lat="24.49674409814178943634033203125" lon="118.1481094099581241607666015625">
        <ele>0</ele>
        <time>2016-09-28T12:14:59.000Z</time>
        <extensions>
          <ns3:TrackPointExtension/>
        </extensions>
      </trkpt>
      <trkpt lat="24.4967155158519744873046875" lon="118.14810178242623805999755859375">
        <ele>0</ele>
        <time>2016-09-28T12:15:04.000Z</time>
        <extensions>
          <ns3:TrackPointExtension/>
        </extensions>
      </trkpt>
      <trkpt lat="24.49668693356215953826904296875" lon="118.14808652736246585845947265625">
        <ele>0</ele>
        <time>2016-09-28T12:15:09.000Z</time>
        <extensions>
          <ns3:TrackPointExtension/>
        </extensions>
      </trkpt>
      <trkpt lat="24.4966563396155834197998046875" lon="118.1480788998305797576904296875">
        <ele>0</ele>
        <time>2016-09-28T12:15:14.000Z</time>
        <extensions>
          <ns3:TrackPointExtension/>
        </extensions>
      </trkpt>
      <trkpt lat="24.4966296851634979248046875" lon="118.14806364476680755615234375">
        <ele>0</ele>
        <time>2016-09-28T12:15:19.000Z</time>
        <extensions>
          <ns3:TrackPointExtension/>
        </extensions>
      </trkpt>
      <trkpt lat="24.49660110287368297576904296875" lon="118.14805601723492145538330078125">
        <ele>0</ele>
        <time>2016-09-28T12:15:24.000Z</time>
        <extensions>
          <ns3:TrackPointExtension/>
        </extensions>
      </trkpt>
      <trkpt lat="24.49657243676483631134033203125" lon="118.1480483897030353546142578125">
        <ele>0</ele>
        <time>2016-09-28T12:15:29.000Z</time>
        <extensions>
          <ns3:TrackPointExtension/>
        </extensions>
      </trkpt>
      <trkpt lat="24.49654578231275081634521484375" lon="118.148033134639263153076171875">
        <ele>0</ele>
        <time>2016-09-28T12:15:34.000Z</time>
        <extensions>
          <ns3:TrackPointExtension/>
        </extensions>
      </trkpt>
      <trkpt lat="24.49651711620390415191650390625" lon="118.14802550710737705230712890625">
        <ele>0</ele>
        <time>2016-09-28T12:15:39.000Z</time>
        <extensions>
          <ns3:TrackPointExtension/>
        </extensions>
      </trkpt>
      <trkpt lat="24.49649046175181865692138671875" lon="118.14801025204360485076904296875">
        <ele>0</ele>
        <time>2016-09-28T12:15:44.000Z</time>
        <extensions>
          <ns3:TrackPointExtension/>
        </extensions>
      </trkpt>
      <trkpt lat="24.49646565131843090057373046875" lon="118.14800262451171875">
        <ele>0</ele>
        <time>2016-09-28T12:15:49.000Z</time>
        <extensions>
          <ns3:TrackPointExtension/>
        </extensions>
      </trkpt>
      <trkpt lat="24.4964370690286159515380859375" lon="118.147994913160800933837890625">
        <ele>0</ele>
        <time>2016-09-28T12:15:54.000Z</time>
        <extensions>
          <ns3:TrackPointExtension/>
        </extensions>
      </trkpt>
      <trkpt lat="24.4964122585952281951904296875" lon="118.1479796580970287322998046875">
        <ele>0</ele>
        <time>2016-09-28T12:15:59.000Z</time>
        <extensions>
          <ns3:TrackPointExtension/>
        </extensions>
      </trkpt>
      <trkpt lat="24.4963874481618404388427734375" lon="118.14796440303325653076171875">
        <ele>0</ele>
        <time>2016-09-28T12:16:04.000Z</time>
        <extensions>
          <ns3:TrackPointExtension/>
        </extensions>
      </trkpt>
      <trkpt lat="24.49636070989072322845458984375" lon="118.14795677550137042999267578125">
        <ele>0</ele>
        <time>2016-09-28T12:16:09.000Z</time>
        <extensions>
          <ns3:TrackPointExtension/>
        </extensions>
      </trkpt>
      <trkpt lat="24.4963378272950649261474609375" lon="118.14794152043759822845458984375">
        <ele>0</ele>
        <time>2016-09-28T12:16:14.000Z</time>
        <extensions>
          <ns3:TrackPointExtension/>
        </extensions>
      </trkpt>
      <trkpt lat="24.4963130168616771697998046875" lon="118.147933892905712127685546875">
        <ele>0</ele>
        <time>2016-09-28T12:16:19.000Z</time>
        <extensions>
          <ns3:TrackPointExtension/>
        </extensions>
      </trkpt>
      <trkpt lat="24.496292062103748321533203125" lon="118.14792626537382602691650390625">
        <ele>0</ele>
        <time>2016-09-28T12:16:24.000Z</time>
        <extensions>
          <ns3:TrackPointExtension/>
        </extensions>
      </trkpt>
      <trkpt lat="24.4962711073458194732666015625" lon="118.14792626537382602691650390625">
        <ele>0</ele>
        <time>2016-09-28T12:16:29.000Z</time>
        <extensions>
          <ns3:TrackPointExtension/>
        </extensions>
      </trkpt>
      <trkpt lat="24.496250152587890625" lon="118.1479186378419399261474609375">
        <ele>0</ele>
        <time>2016-09-28T12:16:34.000Z</time>
        <extensions>
          <ns3:TrackPointExtension/>
        </extensions>
      </trkpt>
      <trkpt lat="24.4962271861732006072998046875" lon="118.147903382778167724609375">
        <ele>0</ele>
        <time>2016-09-28T12:16:39.000Z</time>
        <extensions>
          <ns3:TrackPointExtension/>
        </extensions>
      </trkpt>
      <trkpt lat="24.49620245955884456634521484375" lon="118.14789575524628162384033203125">
        <ele>0</ele>
        <time>2016-09-28T12:16:44.000Z</time>
        <extensions>
          <ns3:TrackPointExtension/>
        </extensions>
      </trkpt>
      <trkpt lat="24.4961795769631862640380859375" lon="118.1478881277143955230712890625">
        <ele>0</ele>
        <time>2016-09-28T12:16:49.000Z</time>
        <extensions>
          <ns3:TrackPointExtension/>
        </extensions>
      </trkpt>
      <trkpt lat="24.49615853838622570037841796875" lon="118.14788050018250942230224609375">
        <ele>0</ele>
        <time>2016-09-28T12:16:54.000Z</time>
        <extensions>
          <ns3:TrackPointExtension/>
        </extensions>
      </trkpt>
      <trkpt lat="24.49613758362829685211181640625" lon="118.147872872650623321533203125">
        <ele>0</ele>
        <time>2016-09-28T12:16:59.000Z</time>
        <extensions>
          <ns3:TrackPointExtension/>
        </extensions>
      </trkpt>
      <trkpt lat="24.49611847288906574249267578125" lon="118.14786524511873722076416015625">
        <ele>0</ele>
        <time>2016-09-28T12:17:04.000Z</time>
        <extensions>
          <ns3:TrackPointExtension/>
        </extensions>
      </trkpt>
      <trkpt lat="24.496095590293407440185546875" lon="118.14786524511873722076416015625">
        <ele>0</ele>
        <time>2016-09-28T12:17:09.000Z</time>
        <extensions>
          <ns3:TrackPointExtension/>
        </extensions>
      </trkpt>
      <trkpt lat="24.4960746355354785919189453125" lon="118.14786524511873722076416015625">
        <ele>0</ele>
        <time>2016-09-28T12:17:14.000Z</time>
        <extensions>
          <ns3:TrackPointExtension/>
        </extensions>
      </trkpt>
      <trkpt lat="24.4960498251020908355712890625" lon="118.1478576175868511199951171875">
        <ele>0</ele>
        <time>2016-09-28T12:17:19.000Z</time>
        <extensions>
          <ns3:TrackPointExtension/>
        </extensions>
      </trkpt>
      <trkpt lat="24.4960250146687030792236328125" lon="118.1478576175868511199951171875">
        <ele>0</ele>
        <time>2016-09-28T12:17:24.000Z</time>
        <extensions>
          <ns3:TrackPointExtension/>
        </extensions>
      </trkpt>
      <trkpt lat="24.49600028805434703826904296875" lon="118.1478576175868511199951171875">
        <ele>0</ele>
        <time>2016-09-28T12:17:29.000Z</time>
        <extensions>
          <ns3:TrackPointExtension/>
        </extensions>
      </trkpt>
      <trkpt lat="24.495973549783229827880859375" lon="118.14784999005496501922607421875">
        <ele>0</ele>
        <time>2016-09-28T12:17:34.000Z</time>
        <extensions>
          <ns3:TrackPointExtension/>
        </extensions>
      </trkpt>
      <trkpt lat="24.49594681151211261749267578125" lon="118.14784999005496501922607421875">
        <ele>0</ele>
        <time>2016-09-28T12:17:39.000Z</time>
        <extensions>
          <ns3:TrackPointExtension/>
        </extensions>
      </trkpt>
      <trkpt lat="24.49591822922229766845703125" lon="118.14784236252307891845703125">
        <ele>0</ele>
        <time>2016-09-28T12:17:44.000Z</time>
        <extensions>
          <ns3:TrackPointExtension/>
        </extensions>
      </trkpt>
      <trkpt lat="24.49589149095118045806884765625" lon="118.14783473499119281768798828125">
        <ele>0</ele>
        <time>2016-09-28T12:17:49.000Z</time>
        <extensions>
          <ns3:TrackPointExtension/>
        </extensions>
      </trkpt>
      <trkpt lat="24.49586483649909496307373046875" lon="118.1478271074593067169189453125">
        <ele>0</ele>
        <time>2016-09-28T12:17:54.000Z</time>
        <extensions>
          <ns3:TrackPointExtension/>
        </extensions>
      </trkpt>
      <trkpt lat="24.4958362542092800140380859375" lon="118.14781947992742061614990234375">
        <ele>0</ele>
        <time>2016-09-28T12:17:59.000Z</time>
        <extensions>
          <ns3:TrackPointExtension/>
        </extensions>
      </trkpt>
      <trkpt lat="24.4958114437758922576904296875" lon="118.14781947992742061614990234375">
        <ele>0</ele>
        <time>2016-09-28T12:18:04.000Z</time>
        <extensions>
          <ns3:TrackPointExtension/>
        </extensions>
      </trkpt>
      <trkpt lat="24.4957866333425045013427734375" lon="118.147811852395534515380859375">
        <ele>0</ele>
        <time>2016-09-28T12:18:09.000Z</time>
        <extensions>
          <ns3:TrackPointExtension/>
        </extensions>
      </trkpt>
      <trkpt lat="24.4957618229091167449951171875" lon="118.14780422486364841461181640625">
        <ele>0</ele>
        <time>2016-09-28T12:18:14.000Z</time>
        <extensions>
          <ns3:TrackPointExtension/>
        </extensions>
      </trkpt>
      <trkpt lat="24.49573324061930179595947265625" lon="118.14780422486364841461181640625">
        <ele>0</ele>
        <time>2016-09-28T12:18:19.000Z</time>
        <extensions>
          <ns3:TrackPointExtension/>
        </extensions>
      </trkpt>
      <trkpt lat="24.49570457451045513153076171875" lon="118.14780422486364841461181640625">
        <ele>0</ele>
        <time>2016-09-28T12:18:24.000Z</time>
        <extensions>
          <ns3:TrackPointExtension/>
        </extensions>
      </trkpt>
      <trkpt lat="24.49567406438291072845458984375" lon="118.14780422486364841461181640625">
        <ele>0</ele>
        <time>2016-09-28T12:18:29.000Z</time>
        <extensions>
          <ns3:TrackPointExtension/>
        </extensions>
      </trkpt>
      <trkpt lat="24.49564355425536632537841796875" lon="118.1477965973317623138427734375">
        <ele>0</ele>
        <time>2016-09-28T12:18:34.000Z</time>
        <extensions>
          <ns3:TrackPointExtension/>
        </extensions>
      </trkpt>
      <trkpt lat="24.49561304412782192230224609375" lon="118.14778896979987621307373046875">
        <ele>0</ele>
        <time>2016-09-28T12:18:39.000Z</time>
        <extensions>
          <ns3:TrackPointExtension/>
        </extensions>
      </trkpt>
      <trkpt lat="24.49558253400027751922607421875" lon="118.1477813422679901123046875">
        <ele>0</ele>
        <time>2016-09-28T12:18:44.000Z</time>
        <extensions>
          <ns3:TrackPointExtension/>
        </extensions>
      </trkpt>
      <trkpt lat="24.495555795729160308837890625" lon="118.1477660872042179107666015625">
        <ele>0</ele>
        <time>2016-09-28T12:18:49.000Z</time>
        <extensions>
          <ns3:TrackPointExtension/>
        </extensions>
      </trkpt>
      <trkpt lat="24.49553106911480426788330078125" lon="118.14775845967233180999755859375">
        <ele>0</ele>
        <time>2016-09-28T12:18:54.000Z</time>
        <extensions>
          <ns3:TrackPointExtension/>
        </extensions>
      </trkpt>
      <trkpt lat="24.49551195837557315826416015625" lon="118.14775845967233180999755859375">
        <ele>0</ele>
        <time>2016-09-28T12:18:59.000Z</time>
        <extensions>
          <ns3:TrackPointExtension/>
        </extensions>
      </trkpt>
      <trkpt lat="24.4954929314553737640380859375" lon="118.147750832140445709228515625">
        <ele>0</ele>
        <time>2016-09-28T12:19:04.000Z</time>
        <extensions>
          <ns3:TrackPointExtension/>
        </extensions>
      </trkpt>
      <trkpt lat="24.49547574855387210845947265625" lon="118.14774320460855960845947265625">
        <ele>0</ele>
        <time>2016-09-28T12:19:09.000Z</time>
        <extensions>
          <ns3:TrackPointExtension/>
        </extensions>
      </trkpt>
      <trkpt lat="24.49545663781464099884033203125" lon="118.1477355770766735076904296875">
        <ele>0</ele>
        <time>2016-09-28T12:19:14.000Z</time>
        <extensions>
          <ns3:TrackPointExtension/>
        </extensions>
      </trkpt>
      <trkpt lat="24.4954376108944416046142578125" lon="118.14772794954478740692138671875">
        <ele>0</ele>
        <time>2016-09-28T12:19:19.000Z</time>
        <extensions>
          <ns3:TrackPointExtension/>
        </extensions>
      </trkpt>
      <trkpt lat="24.49541472829878330230712890625" lon="118.14772032201290130615234375">
        <ele>0</ele>
        <time>2016-09-28T12:19:24.000Z</time>
        <extensions>
          <ns3:TrackPointExtension/>
        </extensions>
      </trkpt>
      <trkpt lat="24.4953879900276660919189453125" lon="118.1477050669491291046142578125">
        <ele>0</ele>
        <time>2016-09-28T12:19:29.000Z</time>
        <extensions>
          <ns3:TrackPointExtension/>
        </extensions>
      </trkpt>
      <trkpt lat="24.49535940773785114288330078125" lon="118.147689811885356903076171875">
        <ele>0</ele>
        <time>2016-09-28T12:19:34.000Z</time>
        <extensions>
          <ns3:TrackPointExtension/>
        </extensions>
      </trkpt>
      <trkpt lat="24.4953269697725772857666015625" lon="118.14768218435347080230712890625">
        <ele>0</ele>
        <time>2016-09-28T12:19:39.000Z</time>
        <extensions>
          <ns3:TrackPointExtension/>
        </extensions>
      </trkpt>
      <trkpt lat="24.49529453180730342864990234375" lon="118.1476745568215847015380859375">
        <ele>0</ele>
        <time>2016-09-28T12:19:44.000Z</time>
        <extensions>
          <ns3:TrackPointExtension/>
        </extensions>
      </trkpt>
      <trkpt lat="24.49526016600430011749267578125" lon="118.1476745568215847015380859375">
        <ele>0</ele>
        <time>2016-09-28T12:19:49.000Z</time>
        <extensions>
          <ns3:TrackPointExtension/>
        </extensions>
      </trkpt>
      <trkpt lat="24.49523158371448516845703125" lon="118.1476593017578125">
        <ele>0</ele>
        <time>2016-09-28T12:19:54.000Z</time>
        <extensions>
          <ns3:TrackPointExtension/>
        </extensions>
      </trkpt>
      <trkpt lat="24.49520870111882686614990234375" lon="118.14764396287500858306884765625">
        <ele>0</ele>
        <time>2016-09-28T12:19:59.000Z</time>
        <extensions>
          <ns3:TrackPointExtension/>
        </extensions>
      </trkpt>
      <trkpt lat="24.4951915182173252105712890625" lon="118.14762870781123638153076171875">
        <ele>0</ele>
        <time>2016-09-28T12:20:04.000Z</time>
        <extensions>
          <ns3:TrackPointExtension/>
        </extensions>
      </trkpt>
      <trkpt lat="24.49517249129712581634521484375" lon="118.14761345274746417999267578125">
        <ele>0</ele>
        <time>2016-09-28T12:20:09.000Z</time>
        <extensions>
          <ns3:TrackPointExtension/>
        </extensions>
      </trkpt>
      <trkpt lat="24.495151452720165252685546875" lon="118.14759819768369197845458984375">
        <ele>0</ele>
        <time>2016-09-28T12:20:14.000Z</time>
        <extensions>
          <ns3:TrackPointExtension/>
        </extensions>
      </trkpt>
      <trkpt lat="24.49512857012450695037841796875" lon="118.147590570151805877685546875">
        <ele>0</ele>
        <time>2016-09-28T12:20:19.000Z</time>
        <extensions>
          <ns3:TrackPointExtension/>
        </extensions>
      </trkpt>
      <trkpt lat="24.49510375969111919403076171875" lon="118.14758294261991977691650390625">
        <ele>0</ele>
        <time>2016-09-28T12:20:24.000Z</time>
        <extensions>
          <ns3:TrackPointExtension/>
        </extensions>
      </trkpt>
      <trkpt lat="24.49507710523903369903564453125" lon="118.14758294261991977691650390625">
        <ele>0</ele>
        <time>2016-09-28T12:20:29.000Z</time>
        <extensions>
          <ns3:TrackPointExtension/>
        </extensions>
      </trkpt>
      <trkpt lat="24.49505229480564594268798828125" lon="118.1475753150880336761474609375">
        <ele>0</ele>
        <time>2016-09-28T12:20:34.000Z</time>
        <extensions>
          <ns3:TrackPointExtension/>
        </extensions>
      </trkpt>
      <trkpt lat="24.4950255565345287322998046875" lon="118.1475753150880336761474609375">
        <ele>0</ele>
        <time>2016-09-28T12:20:39.000Z</time>
        <extensions>
          <ns3:TrackPointExtension/>
        </extensions>
      </trkpt>
      <trkpt lat="24.49499697424471378326416015625" lon="118.14756768755614757537841796875">
        <ele>0</ele>
        <time>2016-09-28T12:20:44.000Z</time>
        <extensions>
          <ns3:TrackPointExtension/>
        </extensions>
      </trkpt>
      <trkpt lat="24.49497031979262828826904296875" lon="118.147560060024261474609375">
        <ele>0</ele>
        <time>2016-09-28T12:20:49.000Z</time>
        <extensions>
          <ns3:TrackPointExtension/>
        </extensions>
      </trkpt>
      <trkpt lat="24.494943581521511077880859375" lon="118.14755243249237537384033203125">
        <ele>0</ele>
        <time>2016-09-28T12:20:54.000Z</time>
        <extensions>
          <ns3:TrackPointExtension/>
        </extensions>
      </trkpt>
      <trkpt lat="24.49491684325039386749267578125" lon="118.1475448049604892730712890625">
        <ele>0</ele>
        <time>2016-09-28T12:20:59.000Z</time>
        <extensions>
          <ns3:TrackPointExtension/>
        </extensions>
      </trkpt>
      <trkpt lat="24.49488826096057891845703125" lon="118.14753717742860317230224609375">
        <ele>0</ele>
        <time>2016-09-28T12:21:04.000Z</time>
        <extensions>
          <ns3:TrackPointExtension/>
        </extensions>
      </trkpt>
      <trkpt lat="24.49486152268946170806884765625" lon="118.147529549896717071533203125">
        <ele>0</ele>
        <time>2016-09-28T12:21:09.000Z</time>
        <extensions>
          <ns3:TrackPointExtension/>
        </extensions>
      </trkpt>
      <trkpt lat="24.49483486823737621307373046875" lon="118.14752192236483097076416015625">
        <ele>0</ele>
        <time>2016-09-28T12:21:14.000Z</time>
        <extensions>
          <ns3:TrackPointExtension/>
        </extensions>
      </trkpt>
      <trkpt lat="24.4948062859475612640380859375" lon="118.1475142948329448699951171875">
        <ele>0</ele>
        <time>2016-09-28T12:21:19.000Z</time>
        <extensions>
          <ns3:TrackPointExtension/>
        </extensions>
      </trkpt>
      <trkpt lat="24.49477954767644405364990234375" lon="118.1475142948329448699951171875">
        <ele>0</ele>
        <time>2016-09-28T12:21:24.000Z</time>
        <extensions>
          <ns3:TrackPointExtension/>
        </extensions>
      </trkpt>
      <trkpt lat="24.4947509653866291046142578125" lon="118.14750666730105876922607421875">
        <ele>0</ele>
        <time>2016-09-28T12:21:29.000Z</time>
        <extensions>
          <ns3:TrackPointExtension/>
        </extensions>
      </trkpt>
      <trkpt lat="24.494722299277782440185546875" lon="118.14749141223728656768798828125">
        <ele>0</ele>
        <time>2016-09-28T12:21:34.000Z</time>
        <extensions>
          <ns3:TrackPointExtension/>
        </extensions>
      </trkpt>
      <trkpt lat="24.4946956448256969451904296875" lon="118.1474837847054004669189453125">
        <ele>0</ele>
        <time>2016-09-28T12:21:39.000Z</time>
        <extensions>
          <ns3:TrackPointExtension/>
        </extensions>
      </trkpt>
      <trkpt lat="24.49466697871685028076171875" lon="118.14747615717351436614990234375">
        <ele>0</ele>
        <time>2016-09-28T12:21:44.000Z</time>
        <extensions>
          <ns3:TrackPointExtension/>
        </extensions>
      </trkpt>
      <trkpt lat="24.4946403242647647857666015625" lon="118.14746090210974216461181640625">
        <ele>0</ele>
        <time>2016-09-28T12:21:49.000Z</time>
        <extensions>
          <ns3:TrackPointExtension/>
        </extensions>
      </trkpt>
      <trkpt lat="24.494611658155918121337890625" lon="118.1474532745778560638427734375">
        <ele>0</ele>
        <time>2016-09-28T12:21:54.000Z</time>
        <extensions>
          <ns3:TrackPointExtension/>
        </extensions>
      </trkpt>
      <trkpt lat="24.49458307586610317230224609375" lon="118.14744564704596996307373046875">
        <ele>0</ele>
        <time>2016-09-28T12:21:59.000Z</time>
        <extensions>
          <ns3:TrackPointExtension/>
        </extensions>
      </trkpt>
      <trkpt lat="24.49455642141401767730712890625" lon="118.14743039198219776153564453125">
        <ele>0</ele>
        <time>2016-09-28T12:22:04.000Z</time>
        <extensions>
          <ns3:TrackPointExtension/>
        </extensions>
      </trkpt>
      <trkpt lat="24.49452775530517101287841796875" lon="118.1474227644503116607666015625">
        <ele>0</ele>
        <time>2016-09-28T12:22:09.000Z</time>
        <extensions>
          <ns3:TrackPointExtension/>
        </extensions>
      </trkpt>
      <trkpt lat="24.4944991730153560638427734375" lon="118.147407509386539459228515625">
        <ele>0</ele>
        <time>2016-09-28T12:22:14.000Z</time>
        <extensions>
          <ns3:TrackPointExtension/>
        </extensions>
      </trkpt>
      <trkpt lat="24.49447243474423885345458984375" lon="118.14739988185465335845947265625">
        <ele>0</ele>
        <time>2016-09-28T12:22:19.000Z</time>
        <extensions>
          <ns3:TrackPointExtension/>
        </extensions>
      </trkpt>
      <trkpt lat="24.4944477081298828125" lon="118.1473922543227672576904296875">
        <ele>0</ele>
        <time>2016-09-28T12:22:24.000Z</time>
        <extensions>
          <ns3:TrackPointExtension/>
        </extensions>
      </trkpt>
      <trkpt lat="24.49442289769649505615234375" lon="118.14738462679088115692138671875">
        <ele>0</ele>
        <time>2016-09-28T12:22:29.000Z</time>
        <extensions>
          <ns3:TrackPointExtension/>
        </extensions>
      </trkpt>
      <trkpt lat="24.49439615942537784576416015625" lon="118.14737699925899505615234375">
        <ele>0</ele>
        <time>2016-09-28T12:22:34.000Z</time>
        <extensions>
          <ns3:TrackPointExtension/>
        </extensions>
      </trkpt>
      <trkpt lat="24.49437134899199008941650390625" lon="118.14736937172710895538330078125">
        <ele>0</ele>
        <time>2016-09-28T12:22:39.000Z</time>
        <extensions>
          <ns3:TrackPointExtension/>
        </extensions>
      </trkpt>
      <trkpt lat="24.49434469453990459442138671875" lon="118.1473617441952228546142578125">
        <ele>0</ele>
        <time>2016-09-28T12:22:44.000Z</time>
        <extensions>
          <ns3:TrackPointExtension/>
        </extensions>
      </trkpt>
      <trkpt lat="24.494317956268787384033203125" lon="118.1473617441952228546142578125">
        <ele>0</ele>
        <time>2016-09-28T12:22:49.000Z</time>
        <extensions>
          <ns3:TrackPointExtension/>
        </extensions>
      </trkpt>
      <trkpt lat="24.4942913018167018890380859375" lon="118.14735411666333675384521484375">
        <ele>0</ele>
        <time>2016-09-28T12:22:54.000Z</time>
        <extensions>
          <ns3:TrackPointExtension/>
        </extensions>
      </trkpt>
      <trkpt lat="24.49426456354558467864990234375" lon="118.147346489131450653076171875">
        <ele>0</ele>
        <time>2016-09-28T12:22:59.000Z</time>
        <extensions>
          <ns3:TrackPointExtension/>
        </extensions>
      </trkpt>
      <trkpt lat="24.49423975311219692230224609375" lon="118.14733886159956455230712890625">
        <ele>0</ele>
        <time>2016-09-28T12:23:04.000Z</time>
        <extensions>
          <ns3:TrackPointExtension/>
        </extensions>
      </trkpt>
      <trkpt lat="24.49421309866011142730712890625" lon="118.14733886159956455230712890625">
        <ele>0</ele>
        <time>2016-09-28T12:23:09.000Z</time>
        <extensions>
          <ns3:TrackPointExtension/>
        </extensions>
      </trkpt>
      <trkpt lat="24.49418828822672367095947265625" lon="118.1473312340676784515380859375">
        <ele>0</ele>
        <time>2016-09-28T12:23:14.000Z</time>
        <extensions>
          <ns3:TrackPointExtension/>
        </extensions>
      </trkpt>
      <trkpt lat="24.49416347779333591461181640625" lon="118.14732360653579235076904296875">
        <ele>0</ele>
        <time>2016-09-28T12:23:19.000Z</time>
        <extensions>
          <ns3:TrackPointExtension/>
        </extensions>
      </trkpt>
      <trkpt lat="24.4941367395222187042236328125" lon="118.14731597900390625">
        <ele>0</ele>
        <time>2016-09-28T12:23:24.000Z</time>
        <extensions>
          <ns3:TrackPointExtension/>
        </extensions>
      </trkpt>
      <trkpt lat="24.494110085070133209228515625" lon="118.147308267652988433837890625">
        <ele>0</ele>
        <time>2016-09-28T12:23:29.000Z</time>
        <extensions>
          <ns3:TrackPointExtension/>
        </extensions>
      </trkpt>
      <trkpt lat="24.4940814189612865447998046875" lon="118.14730064012110233306884765625">
        <ele>0</ele>
        <time>2016-09-28T12:23:34.000Z</time>
        <extensions>
          <ns3:TrackPointExtension/>
        </extensions>
      </trkpt>
      <trkpt lat="24.4940547645092010498046875" lon="118.1472930125892162322998046875">
        <ele>0</ele>
        <time>2016-09-28T12:23:39.000Z</time>
        <extensions>
          <ns3:TrackPointExtension/>
        </extensions>
      </trkpt>
      <trkpt lat="24.49402618221938610076904296875" lon="118.14728538505733013153076171875">
        <ele>0</ele>
        <time>2016-09-28T12:23:44.000Z</time>
        <extensions>
          <ns3:TrackPointExtension/>
        </extensions>
      </trkpt>
      <trkpt lat="24.49399751611053943634033203125" lon="118.14727775752544403076171875">
        <ele>0</ele>
        <time>2016-09-28T12:23:49.000Z</time>
        <extensions>
          <ns3:TrackPointExtension/>
        </extensions>
      </trkpt>
      <trkpt lat="24.49396700598299503326416015625" lon="118.14727012999355792999267578125">
        <ele>0</ele>
        <time>2016-09-28T12:23:54.000Z</time>
        <extensions>
          <ns3:TrackPointExtension/>
        </extensions>
      </trkpt>
      <trkpt lat="24.493938423693180084228515625" lon="118.1472625024616718292236328125">
        <ele>0</ele>
        <time>2016-09-28T12:23:59.000Z</time>
        <extensions>
          <ns3:TrackPointExtension/>
        </extensions>
      </trkpt>
      <trkpt lat="24.4939097575843334197998046875" lon="118.14725487492978572845458984375">
        <ele>0</ele>
        <time>2016-09-28T12:24:04.000Z</time>
        <extensions>
          <ns3:TrackPointExtension/>
        </extensions>
      </trkpt>
      <trkpt lat="24.4938831031322479248046875" lon="118.14723961986601352691650390625">
        <ele>0</ele>
        <time>2016-09-28T12:24:09.000Z</time>
        <extensions>
          <ns3:TrackPointExtension/>
        </extensions>
      </trkpt>
      <trkpt lat="24.49385829269886016845703125" lon="118.1472319923341274261474609375">
        <ele>0</ele>
        <time>2016-09-28T12:24:14.000Z</time>
        <extensions>
          <ns3:TrackPointExtension/>
        </extensions>
      </trkpt>
      <trkpt lat="24.493833482265472412109375" lon="118.147216737270355224609375">
        <ele>0</ele>
        <time>2016-09-28T12:24:19.000Z</time>
        <extensions>
          <ns3:TrackPointExtension/>
        </extensions>
      </trkpt>
      <trkpt lat="24.49381059966981410980224609375" lon="118.1472014822065830230712890625">
        <ele>0</ele>
        <time>2016-09-28T12:24:24.000Z</time>
        <extensions>
          <ns3:TrackPointExtension/>
        </extensions>
      </trkpt>
      <trkpt lat="24.4937877170741558074951171875" lon="118.147186227142810821533203125">
        <ele>0</ele>
        <time>2016-09-28T12:24:29.000Z</time>
        <extensions>
          <ns3:TrackPointExtension/>
        </extensions>
      </trkpt>
      <trkpt lat="24.49376483447849750518798828125" lon="118.1471709720790386199951171875">
        <ele>0</ele>
        <time>2016-09-28T12:24:34.000Z</time>
        <extensions>
          <ns3:TrackPointExtension/>
        </extensions>
      </trkpt>
      <trkpt lat="24.49374387972056865692138671875" lon="118.14715571701526641845703125">
        <ele>0</ele>
        <time>2016-09-28T12:24:39.000Z</time>
        <extensions>
          <ns3:TrackPointExtension/>
        </extensions>
      </trkpt>
      <trkpt lat="24.49371906928718090057373046875" lon="118.1471404619514942169189453125">
        <ele>0</ele>
        <time>2016-09-28T12:24:44.000Z</time>
        <extensions>
          <ns3:TrackPointExtension/>
        </extensions>
      </trkpt>
      <trkpt lat="24.49369425885379314422607421875" lon="118.147125206887722015380859375">
        <ele>0</ele>
        <time>2016-09-28T12:24:49.000Z</time>
        <extensions>
          <ns3:TrackPointExtension/>
        </extensions>
      </trkpt>
      <trkpt lat="24.49366944842040538787841796875" lon="118.14711757935583591461181640625">
        <ele>0</ele>
        <time>2016-09-28T12:24:54.000Z</time>
        <extensions>
          <ns3:TrackPointExtension/>
        </extensions>
      </trkpt>
      <trkpt lat="24.49364279396831989288330078125" lon="118.1471099518239498138427734375">
        <ele>0</ele>
        <time>2016-09-28T12:24:59.000Z</time>
        <extensions>
          <ns3:TrackPointExtension/>
        </extensions>
      </trkpt>
      <trkpt lat="24.4936160556972026824951171875" lon="118.1470946967601776123046875">
        <ele>0</ele>
        <time>2016-09-28T12:25:04.000Z</time>
        <extensions>
          <ns3:TrackPointExtension/>
        </extensions>
      </trkpt>
      <trkpt lat="24.4935912452638149261474609375" lon="118.14708706922829151153564453125">
        <ele>0</ele>
        <time>2016-09-28T12:25:09.000Z</time>
        <extensions>
          <ns3:TrackPointExtension/>
        </extensions>
      </trkpt>
      <trkpt lat="24.49356836266815662384033203125" lon="118.147064186632633209228515625">
        <ele>0</ele>
        <time>2016-09-28T12:25:14.000Z</time>
        <extensions>
          <ns3:TrackPointExtension/>
        </extensions>
      </trkpt>
      <trkpt lat="24.49354740791022777557373046875" lon="118.1470489315688610076904296875">
        <ele>0</ele>
        <time>2016-09-28T12:25:19.000Z</time>
        <extensions>
          <ns3:TrackPointExtension/>
        </extensions>
      </trkpt>
      <trkpt lat="24.4935245253145694732666015625" lon="118.14703367650508880615234375">
        <ele>0</ele>
        <time>2016-09-28T12:25:24.000Z</time>
        <extensions>
          <ns3:TrackPointExtension/>
        </extensions>
      </trkpt>
      <trkpt lat="24.49350164271891117095947265625" lon="118.14701079390943050384521484375">
        <ele>0</ele>
        <time>2016-09-28T12:25:29.000Z</time>
        <extensions>
          <ns3:TrackPointExtension/>
        </extensions>
      </trkpt>
      <trkpt lat="24.49347876012325286865234375" lon="118.14699553884565830230712890625">
        <ele>0</ele>
        <time>2016-09-28T12:25:34.000Z</time>
        <extensions>
          <ns3:TrackPointExtension/>
        </extensions>
      </trkpt>
      <trkpt lat="24.49345587752759456634521484375" lon="118.14698028378188610076904296875">
        <ele>0</ele>
        <time>2016-09-28T12:25:39.000Z</time>
        <extensions>
          <ns3:TrackPointExtension/>
        </extensions>
      </trkpt>
      <trkpt lat="24.49342913925647735595703125" lon="118.14697265625">
        <ele>0</ele>
        <time>2016-09-28T12:25:44.000Z</time>
        <extensions>
          <ns3:TrackPointExtension/>
        </extensions>
      </trkpt>
      <trkpt lat="24.49340240098536014556884765625" lon="118.14695731736719608306884765625">
        <ele>0</ele>
        <time>2016-09-28T12:25:49.000Z</time>
        <extensions>
          <ns3:TrackPointExtension/>
        </extensions>
      </trkpt>
      <trkpt lat="24.4933776743710041046142578125" lon="118.1469496898353099822998046875">
        <ele>0</ele>
        <time>2016-09-28T12:25:54.000Z</time>
        <extensions>
          <ns3:TrackPointExtension/>
        </extensions>
      </trkpt>
      <trkpt lat="24.493349008262157440185546875" lon="118.14693443477153778076171875">
        <ele>0</ele>
        <time>2016-09-28T12:25:59.000Z</time>
        <extensions>
          <ns3:TrackPointExtension/>
        </extensions>
      </trkpt>
      <trkpt lat="24.4933223538100719451904296875" lon="118.14692680723965167999267578125">
        <ele>0</ele>
        <time>2016-09-28T12:26:04.000Z</time>
        <extensions>
          <ns3:TrackPointExtension/>
        </extensions>
      </trkpt>
      <trkpt lat="24.49329561553895473480224609375" lon="118.14691155217587947845458984375">
        <ele>0</ele>
        <time>2016-09-28T12:26:09.000Z</time>
        <extensions>
          <ns3:TrackPointExtension/>
        </extensions>
      </trkpt>
      <trkpt lat="24.49326896108686923980712890625" lon="118.146903924643993377685546875">
        <ele>0</ele>
        <time>2016-09-28T12:26:14.000Z</time>
        <extensions>
          <ns3:TrackPointExtension/>
        </extensions>
      </trkpt>
      <trkpt lat="24.49324415065348148345947265625" lon="118.1468886695802211761474609375">
        <ele>0</ele>
        <time>2016-09-28T12:26:19.000Z</time>
        <extensions>
          <ns3:TrackPointExtension/>
        </extensions>
      </trkpt>
      <trkpt lat="24.49322126805782318115234375" lon="118.14686578698456287384033203125">
        <ele>0</ele>
        <time>2016-09-28T12:26:24.000Z</time>
        <extensions>
          <ns3:TrackPointExtension/>
        </extensions>
      </trkpt>
      <trkpt lat="24.493202157318592071533203125" lon="118.14685053192079067230224609375">
        <ele>0</ele>
        <time>2016-09-28T12:26:29.000Z</time>
        <extensions>
          <ns3:TrackPointExtension/>
        </extensions>
      </trkpt>
      <trkpt lat="24.4931869022548198699951171875" lon="118.14682002179324626922607421875">
        <ele>0</ele>
        <time>2016-09-28T12:26:34.000Z</time>
        <extensions>
          <ns3:TrackPointExtension/>
        </extensions>
      </trkpt>
      <trkpt lat="24.49317164719104766845703125" lon="118.1467971391975879669189453125">
        <ele>0</ele>
        <time>2016-09-28T12:26:39.000Z</time>
        <extensions>
          <ns3:TrackPointExtension/>
        </extensions>
      </trkpt>
      <trkpt lat="24.49315831996500492095947265625" lon="118.1467666290700435638427734375">
        <ele>0</ele>
        <time>2016-09-28T12:26:44.000Z</time>
        <extensions>
          <ns3:TrackPointExtension/>
        </extensions>
      </trkpt>
      <trkpt lat="24.49314876459538936614990234375" lon="118.14674374647438526153564453125">
        <ele>0</ele>
        <time>2016-09-28T12:26:49.000Z</time>
        <extensions>
          <ns3:TrackPointExtension/>
        </extensions>
      </trkpt>
      <trkpt lat="24.49314876459538936614990234375" lon="118.14671323634684085845947265625">
        <ele>0</ele>
        <time>2016-09-28T12:26:54.000Z</time>
        <extensions>
          <ns3:TrackPointExtension/>
        </extensions>
      </trkpt>
      <trkpt lat="24.49315446428954601287841796875" lon="118.14669035375118255615234375">
        <ele>0</ele>
        <time>2016-09-28T12:26:59.000Z</time>
        <extensions>
          <ns3:TrackPointExtension/>
        </extensions>
      </trkpt>
      <trkpt lat="24.4931620918214321136474609375" lon="118.14666747115552425384521484375">
        <ele>0</ele>
        <time>2016-09-28T12:27:04.000Z</time>
        <extensions>
          <ns3:TrackPointExtension/>
        </extensions>
      </trkpt>
      <trkpt lat="24.49316971935331821441650390625" lon="118.14663696102797985076904296875">
        <ele>0</ele>
        <time>2016-09-28T12:27:09.000Z</time>
        <extensions>
          <ns3:TrackPointExtension/>
        </extensions>
      </trkpt>
      <trkpt lat="24.493177346885204315185546875" lon="118.14661399461328983306884765625">
        <ele>0</ele>
        <time>2016-09-28T12:27:14.000Z</time>
        <extensions>
          <ns3:TrackPointExtension/>
        </extensions>
      </trkpt>
      <trkpt lat="24.49318313039839267730712890625" lon="118.14658348448574542999267578125">
        <ele>0</ele>
        <time>2016-09-28T12:27:19.000Z</time>
        <extensions>
          <ns3:TrackPointExtension/>
        </extensions>
      </trkpt>
      <trkpt lat="24.493190757930278778076171875" lon="118.14655297435820102691650390625">
        <ele>0</ele>
        <time>2016-09-28T12:27:24.000Z</time>
        <extensions>
          <ns3:TrackPointExtension/>
        </extensions>
      </trkpt>
      <trkpt lat="24.4931964576244354248046875" lon="118.146530091762542724609375">
        <ele>0</ele>
        <time>2016-09-28T12:27:29.000Z</time>
        <extensions>
          <ns3:TrackPointExtension/>
        </extensions>
      </trkpt>
      <trkpt lat="24.493202157318592071533203125" lon="118.146499581634998321533203125">
        <ele>0</ele>
        <time>2016-09-28T12:27:34.000Z</time>
        <extensions>
          <ns3:TrackPointExtension/>
        </extensions>
      </trkpt>
      <trkpt lat="24.49320785701274871826171875" lon="118.14646907150745391845703125">
        <ele>0</ele>
        <time>2016-09-28T12:27:39.000Z</time>
        <extensions>
          <ns3:TrackPointExtension/>
        </extensions>
      </trkpt>
      <trkpt lat="24.49321364052593708038330078125" lon="118.14644618891179561614990234375">
        <ele>0</ele>
        <time>2016-09-28T12:27:44.000Z</time>
        <extensions>
          <ns3:TrackPointExtension/>
        </extensions>
      </trkpt>
      <trkpt lat="24.4932174123823642730712890625" lon="118.14641567878425121307373046875">
        <ele>0</ele>
        <time>2016-09-28T12:27:49.000Z</time>
        <extensions>
          <ns3:TrackPointExtension/>
        </extensions>
      </trkpt>
      <trkpt lat="24.4932231120765209197998046875" lon="118.14638516865670680999755859375">
        <ele>0</ele>
        <time>2016-09-28T12:27:54.000Z</time>
        <extensions>
          <ns3:TrackPointExtension/>
        </extensions>
      </trkpt>
      <trkpt lat="24.49322503991425037384033203125" lon="118.1463622860610485076904296875">
        <ele>0</ele>
        <time>2016-09-28T12:27:59.000Z</time>
        <extensions>
          <ns3:TrackPointExtension/>
        </extensions>
      </trkpt>
      <trkpt lat="24.49322889558970928192138671875" lon="118.1463317759335041046142578125">
        <ele>0</ele>
        <time>2016-09-28T12:28:04.000Z</time>
        <extensions>
          <ns3:TrackPointExtension/>
        </extensions>
      </trkpt>
      <trkpt lat="24.49323073960840702056884765625" lon="118.1463012658059597015380859375">
        <ele>0</ele>
        <time>2016-09-28T12:28:09.000Z</time>
        <extensions>
          <ns3:TrackPointExtension/>
        </extensions>
      </trkpt>
      <trkpt lat="24.49323073960840702056884765625" lon="118.14627067185938358306884765625">
        <ele>0</ele>
        <time>2016-09-28T12:28:14.000Z</time>
        <extensions>
          <ns3:TrackPointExtension/>
        </extensions>
      </trkpt>
      <trkpt lat="24.49322889558970928192138671875" lon="118.14624016173183917999267578125">
        <ele>0</ele>
        <time>2016-09-28T12:28:19.000Z</time>
        <extensions>
          <ns3:TrackPointExtension/>
        </extensions>
      </trkpt>
      <trkpt lat="24.493226967751979827880859375" lon="118.14620965160429477691650390625">
        <ele>0</ele>
        <time>2016-09-28T12:28:24.000Z</time>
        <extensions>
          <ns3:TrackPointExtension/>
        </extensions>
      </trkpt>
      <trkpt lat="24.4932231120765209197998046875" lon="118.1461715139448642730712890625">
        <ele>0</ele>
        <time>2016-09-28T12:28:29.000Z</time>
        <extensions>
          <ns3:TrackPointExtension/>
        </extensions>
      </trkpt>
      <trkpt lat="24.49322126805782318115234375" lon="118.1461410038173198699951171875">
        <ele>0</ele>
        <time>2016-09-28T12:28:34.000Z</time>
        <extensions>
          <ns3:TrackPointExtension/>
        </extensions>
      </trkpt>
      <trkpt lat="24.49322126805782318115234375" lon="118.1461104936897754669189453125">
        <ele>0</ele>
        <time>2016-09-28T12:28:39.000Z</time>
        <extensions>
          <ns3:TrackPointExtension/>
        </extensions>
      </trkpt>
      <trkpt lat="24.49322126805782318115234375" lon="118.1460799835622310638427734375">
        <ele>0</ele>
        <time>2016-09-28T12:28:44.000Z</time>
        <extensions>
          <ns3:TrackPointExtension/>
        </extensions>
      </trkpt>
      <trkpt lat="24.49322126805782318115234375" lon="118.1460494734346866607666015625">
        <ele>0</ele>
        <time>2016-09-28T12:28:49.000Z</time>
        <extensions>
          <ns3:TrackPointExtension/>
        </extensions>
      </trkpt>
      <trkpt lat="24.49322503991425037384033203125" lon="118.14601133577525615692138671875">
        <ele>0</ele>
        <time>2016-09-28T12:28:54.000Z</time>
        <extensions>
          <ns3:TrackPointExtension/>
        </extensions>
      </trkpt>
      <trkpt lat="24.49322889558970928192138671875" lon="118.14598082564771175384521484375">
        <ele>0</ele>
        <time>2016-09-28T12:28:59.000Z</time>
        <extensions>
          <ns3:TrackPointExtension/>
        </extensions>
      </trkpt>
      <trkpt lat="24.493232667446136474609375" lon="118.14595031552016735076904296875">
        <ele>0</ele>
        <time>2016-09-28T12:29:04.000Z</time>
        <extensions>
          <ns3:TrackPointExtension/>
        </extensions>
      </trkpt>
      <trkpt lat="24.4932365231215953826904296875" lon="118.1459197215735912322998046875">
        <ele>0</ele>
        <time>2016-09-28T12:29:09.000Z</time>
        <extensions>
          <ns3:TrackPointExtension/>
        </extensions>
      </trkpt>
      <trkpt lat="24.49324029497802257537841796875" lon="118.1458892114460468292236328125">
        <ele>0</ele>
        <time>2016-09-28T12:29:14.000Z</time>
        <extensions>
          <ns3:TrackPointExtension/>
        </extensions>
      </trkpt>
      <trkpt lat="24.49324415065348148345947265625" lon="118.1458587013185024261474609375">
        <ele>0</ele>
        <time>2016-09-28T12:29:19.000Z</time>
        <extensions>
          <ns3:TrackPointExtension/>
        </extensions>
      </trkpt>
      <trkpt lat="24.4932460784912109375" lon="118.1458281911909580230712890625">
        <ele>0</ele>
        <time>2016-09-28T12:29:24.000Z</time>
        <extensions>
          <ns3:TrackPointExtension/>
        </extensions>
      </trkpt>
      <trkpt lat="24.49324985034763813018798828125" lon="118.1457976810634136199951171875">
        <ele>0</ele>
        <time>2016-09-28T12:29:29.000Z</time>
        <extensions>
          <ns3:TrackPointExtension/>
        </extensions>
      </trkpt>
      <trkpt lat="24.493251778185367584228515625" lon="118.1457671709358692169189453125">
        <ele>0</ele>
        <time>2016-09-28T12:29:34.000Z</time>
        <extensions>
          <ns3:TrackPointExtension/>
        </extensions>
      </trkpt>
      <trkpt lat="24.49325370602309703826904296875" lon="118.1457366608083248138427734375">
        <ele>0</ele>
        <time>2016-09-28T12:29:39.000Z</time>
        <extensions>
          <ns3:TrackPointExtension/>
        </extensions>
      </trkpt>
      <trkpt lat="24.49325555004179477691650390625" lon="118.14571377821266651153564453125">
        <ele>0</ele>
        <time>2016-09-28T12:29:44.000Z</time>
        <extensions>
          <ns3:TrackPointExtension/>
        </extensions>
      </trkpt>
      <trkpt lat="24.49325747787952423095703125" lon="118.14568326808512210845947265625">
        <ele>0</ele>
        <time>2016-09-28T12:29:49.000Z</time>
        <extensions>
          <ns3:TrackPointExtension/>
        </extensions>
      </trkpt>
      <trkpt lat="24.49325940571725368499755859375" lon="118.14565275795757770538330078125">
        <ele>0</ele>
        <time>2016-09-28T12:29:54.000Z</time>
        <extensions>
          <ns3:TrackPointExtension/>
        </extensions>
      </trkpt>
      <trkpt lat="24.4932613335549831390380859375" lon="118.14562224783003330230712890625">
        <ele>0</ele>
        <time>2016-09-28T12:29:59.000Z</time>
        <extensions>
          <ns3:TrackPointExtension/>
        </extensions>
      </trkpt>
      <trkpt lat="24.49326510541141033172607421875" lon="118.145591653883457183837890625">
        <ele>0</ele>
        <time>2016-09-28T12:30:04.000Z</time>
        <extensions>
          <ns3:TrackPointExtension/>
        </extensions>
      </trkpt>
      <trkpt lat="24.49327080510556697845458984375" lon="118.14556877128779888153076171875">
        <ele>0</ele>
        <time>2016-09-28T12:30:09.000Z</time>
        <extensions>
          <ns3:TrackPointExtension/>
        </extensions>
      </trkpt>
      <trkpt lat="24.49327466078102588653564453125" lon="118.14553826116025447845458984375">
        <ele>0</ele>
        <time>2016-09-28T12:30:14.000Z</time>
        <extensions>
          <ns3:TrackPointExtension/>
        </extensions>
      </trkpt>
      <trkpt lat="24.49328036047518253326416015625" lon="118.14550775103271007537841796875">
        <ele>0</ele>
        <time>2016-09-28T12:30:19.000Z</time>
        <extensions>
          <ns3:TrackPointExtension/>
        </extensions>
      </trkpt>
      <trkpt lat="24.49328991584479808807373046875" lon="118.14547724090516567230224609375">
        <ele>0</ele>
        <time>2016-09-28T12:30:24.000Z</time>
        <extensions>
          <ns3:TrackPointExtension/>
        </extensions>
      </trkpt>
      <trkpt lat="24.4932975433766841888427734375" lon="118.1454543583095073699951171875">
        <ele>0</ele>
        <time>2016-09-28T12:30:29.000Z</time>
        <extensions>
          <ns3:TrackPointExtension/>
        </extensions>
      </trkpt>
      <trkpt lat="24.49330709874629974365234375" lon="118.1454238481819629669189453125">
        <ele>0</ele>
        <time>2016-09-28T12:30:34.000Z</time>
        <extensions>
          <ns3:TrackPointExtension/>
        </extensions>
      </trkpt>
      <trkpt lat="24.49331657029688358306884765625" lon="118.1453933380544185638427734375">
        <ele>0</ele>
        <time>2016-09-28T12:30:39.000Z</time>
        <extensions>
          <ns3:TrackPointExtension/>
        </extensions>
      </trkpt>
      <trkpt lat="24.49332612566649913787841796875" lon="118.14537045545876026153564453125">
        <ele>0</ele>
        <time>2016-09-28T12:30:44.000Z</time>
        <extensions>
          <ns3:TrackPointExtension/>
        </extensions>
      </trkpt>
      <trkpt lat="24.49333568103611469268798828125" lon="118.14533994533121585845947265625">
        <ele>0</ele>
        <time>2016-09-28T12:30:49.000Z</time>
        <extensions>
          <ns3:TrackPointExtension/>
        </extensions>
      </trkpt>
      <trkpt lat="24.49334330856800079345703125" lon="118.14530943520367145538330078125">
        <ele>0</ele>
        <time>2016-09-28T12:30:54.000Z</time>
        <extensions>
          <ns3:TrackPointExtension/>
        </extensions>
      </trkpt>
      <trkpt lat="24.493349008262157440185546875" lon="118.145286552608013153076171875">
        <ele>0</ele>
        <time>2016-09-28T12:30:59.000Z</time>
        <extensions>
          <ns3:TrackPointExtension/>
        </extensions>
      </trkpt>
      <trkpt lat="24.49335479177534580230712890625" lon="118.14525604248046875">
        <ele>0</ele>
        <time>2016-09-28T12:31:04.000Z</time>
        <extensions>
          <ns3:TrackPointExtension/>
        </extensions>
      </trkpt>
      <trkpt lat="24.49336049146950244903564453125" lon="118.14522544853389263153076171875">
        <ele>0</ele>
        <time>2016-09-28T12:31:09.000Z</time>
        <extensions>
          <ns3:TrackPointExtension/>
        </extensions>
      </trkpt>
      <trkpt lat="24.49337004683911800384521484375" lon="118.1452025659382343292236328125">
        <ele>0</ele>
        <time>2016-09-28T12:31:14.000Z</time>
        <extensions>
          <ns3:TrackPointExtension/>
        </extensions>
      </trkpt>
      <trkpt lat="24.49338144622743129730224609375" lon="118.14517968334257602691650390625">
        <ele>0</ele>
        <time>2016-09-28T12:31:19.000Z</time>
        <extensions>
          <ns3:TrackPointExtension/>
        </extensions>
      </trkpt>
      <trkpt lat="24.49339292943477630615234375" lon="118.14514917321503162384033203125">
        <ele>0</ele>
        <time>2016-09-28T12:31:24.000Z</time>
        <extensions>
          <ns3:TrackPointExtension/>
        </extensions>
      </trkpt>
      <trkpt lat="24.493404328823089599609375" lon="118.145126290619373321533203125">
        <ele>0</ele>
        <time>2016-09-28T12:31:29.000Z</time>
        <extensions>
          <ns3:TrackPointExtension/>
        </extensions>
      </trkpt>
      <trkpt lat="24.4934138841927051544189453125" lon="118.14509578049182891845703125">
        <ele>0</ele>
        <time>2016-09-28T12:31:34.000Z</time>
        <extensions>
          <ns3:TrackPointExtension/>
        </extensions>
      </trkpt>
      <trkpt lat="24.49342151172459125518798828125" lon="118.14507289789617061614990234375">
        <ele>0</ele>
        <time>2016-09-28T12:31:39.000Z</time>
        <extensions>
          <ns3:TrackPointExtension/>
        </extensions>
      </trkpt>
      <trkpt lat="24.49342913925647735595703125" lon="118.14504238776862621307373046875">
        <ele>0</ele>
        <time>2016-09-28T12:31:44.000Z</time>
        <extensions>
          <ns3:TrackPointExtension/>
        </extensions>
      </trkpt>
      <trkpt lat="24.49343676678836345672607421875" lon="118.14501187764108180999755859375">
        <ele>0</ele>
        <time>2016-09-28T12:31:49.000Z</time>
        <extensions>
          <ns3:TrackPointExtension/>
        </extensions>
      </trkpt>
      <trkpt lat="24.4934443943202495574951171875" lon="118.1449889950454235076904296875">
        <ele>0</ele>
        <time>2016-09-28T12:31:54.000Z</time>
        <extensions>
          <ns3:TrackPointExtension/>
        </extensions>
      </trkpt>
      <trkpt lat="24.4934500940144062042236328125" lon="118.1449584849178791046142578125">
        <ele>0</ele>
        <time>2016-09-28T12:31:59.000Z</time>
        <extensions>
          <ns3:TrackPointExtension/>
        </extensions>
      </trkpt>
      <trkpt lat="24.49345772154629230499267578125" lon="118.1449279747903347015380859375">
        <ele>0</ele>
        <time>2016-09-28T12:32:04.000Z</time>
        <extensions>
          <ns3:TrackPointExtension/>
        </extensions>
      </trkpt>
      <trkpt lat="24.4934635050594806671142578125" lon="118.144905008375644683837890625">
        <ele>0</ele>
        <time>2016-09-28T12:32:09.000Z</time>
        <extensions>
          <ns3:TrackPointExtension/>
        </extensions>
      </trkpt>
      <trkpt lat="24.4934692047536373138427734375" lon="118.14487449824810028076171875">
        <ele>0</ele>
        <time>2016-09-28T12:32:14.000Z</time>
        <extensions>
          <ns3:TrackPointExtension/>
        </extensions>
      </trkpt>
      <trkpt lat="24.49347683228552341461181640625" lon="118.144843988120555877685546875">
        <ele>0</ele>
        <time>2016-09-28T12:32:19.000Z</time>
        <extensions>
          <ns3:TrackPointExtension/>
        </extensions>
      </trkpt>
      <trkpt lat="24.493484459817409515380859375" lon="118.144813477993011474609375">
        <ele>0</ele>
        <time>2016-09-28T12:32:24.000Z</time>
        <extensions>
          <ns3:TrackPointExtension/>
        </extensions>
      </trkpt>
      <trkpt lat="24.493490159511566162109375" lon="118.14479059539735317230224609375">
        <ele>0</ele>
        <time>2016-09-28T12:32:29.000Z</time>
        <extensions>
          <ns3:TrackPointExtension/>
        </extensions>
      </trkpt>
      <trkpt lat="24.4934997148811817169189453125" lon="118.14476008526980876922607421875">
        <ele>0</ele>
        <time>2016-09-28T12:32:34.000Z</time>
        <extensions>
          <ns3:TrackPointExtension/>
        </extensions>
      </trkpt>
      <trkpt lat="24.49350734241306781768798828125" lon="118.14472957514226436614990234375">
        <ele>0</ele>
        <time>2016-09-28T12:32:39.000Z</time>
        <extensions>
          <ns3:TrackPointExtension/>
        </extensions>
      </trkpt>
      <trkpt lat="24.49351496994495391845703125" lon="118.1447066925466060638427734375">
        <ele>0</ele>
        <time>2016-09-28T12:32:44.000Z</time>
        <extensions>
          <ns3:TrackPointExtension/>
        </extensions>
      </trkpt>
      <trkpt lat="24.49352259747684001922607421875" lon="118.1446761824190616607666015625">
        <ele>0</ele>
        <time>2016-09-28T12:32:49.000Z</time>
        <extensions>
          <ns3:TrackPointExtension/>
        </extensions>
      </trkpt>
      <trkpt lat="24.4935302250087261199951171875" lon="118.1446456722915172576904296875">
        <ele>0</ele>
        <time>2016-09-28T12:32:54.000Z</time>
        <extensions>
          <ns3:TrackPointExtension/>
        </extensions>
      </trkpt>
      <trkpt lat="24.49353785254061222076416015625" lon="118.14462278969585895538330078125">
        <ele>0</ele>
        <time>2016-09-28T12:32:59.000Z</time>
        <extensions>
          <ns3:TrackPointExtension/>
        </extensions>
      </trkpt>
      <trkpt lat="24.49354355223476886749267578125" lon="118.14459227956831455230712890625">
        <ele>0</ele>
        <time>2016-09-28T12:33:04.000Z</time>
        <extensions>
          <ns3:TrackPointExtension/>
        </extensions>
      </trkpt>
      <trkpt lat="24.4935493357479572296142578125" lon="118.144561685621738433837890625">
        <ele>0</ele>
        <time>2016-09-28T12:33:09.000Z</time>
        <extensions>
          <ns3:TrackPointExtension/>
        </extensions>
      </trkpt>
      <trkpt lat="24.4935550354421138763427734375" lon="118.14453117549419403076171875">
        <ele>0</ele>
        <time>2016-09-28T12:33:14.000Z</time>
        <extensions>
          <ns3:TrackPointExtension/>
        </extensions>
      </trkpt>
      <trkpt lat="24.49355880729854106903076171875" lon="118.14450829289853572845458984375">
        <ele>0</ele>
        <time>2016-09-28T12:33:19.000Z</time>
        <extensions>
          <ns3:TrackPointExtension/>
        </extensions>
      </trkpt>
      <trkpt lat="24.49356459081172943115234375" lon="118.14447778277099132537841796875">
        <ele>0</ele>
        <time>2016-09-28T12:33:24.000Z</time>
        <extensions>
          <ns3:TrackPointExtension/>
        </extensions>
      </trkpt>
      <trkpt lat="24.493570290505886077880859375" lon="118.14444727264344692230224609375">
        <ele>0</ele>
        <time>2016-09-28T12:33:29.000Z</time>
        <extensions>
          <ns3:TrackPointExtension/>
        </extensions>
      </trkpt>
      <trkpt lat="24.493575990200042724609375" lon="118.14441676251590251922607421875">
        <ele>0</ele>
        <time>2016-09-28T12:33:34.000Z</time>
        <extensions>
          <ns3:TrackPointExtension/>
        </extensions>
      </trkpt>
      <trkpt lat="24.49358361773192882537841796875" lon="118.14438625238835811614990234375">
        <ele>0</ele>
        <time>2016-09-28T12:33:39.000Z</time>
        <extensions>
          <ns3:TrackPointExtension/>
        </extensions>
      </trkpt>
      <trkpt lat="24.49359317310154438018798828125" lon="118.14435574226081371307373046875">
        <ele>0</ele>
        <time>2016-09-28T12:33:44.000Z</time>
        <extensions>
          <ns3:TrackPointExtension/>
        </extensions>
      </trkpt>
      <trkpt lat="24.4936046563088893890380859375" lon="118.14432523213326930999755859375">
        <ele>0</ele>
        <time>2016-09-28T12:33:49.000Z</time>
        <extensions>
          <ns3:TrackPointExtension/>
        </extensions>
      </trkpt>
      <trkpt lat="24.4936160556972026824951171875" lon="118.14429472200572490692138671875">
        <ele>0</ele>
        <time>2016-09-28T12:33:54.000Z</time>
        <extensions>
          <ns3:TrackPointExtension/>
        </extensions>
      </trkpt>
      <trkpt lat="24.493631310760974884033203125" lon="118.14426421187818050384521484375">
        <ele>0</ele>
        <time>2016-09-28T12:33:59.000Z</time>
        <extensions>
          <ns3:TrackPointExtension/>
        </extensions>
      </trkpt>
      <trkpt lat="24.4936465658247470855712890625" lon="118.1442413292825222015380859375">
        <ele>0</ele>
        <time>2016-09-28T12:34:04.000Z</time>
        <extensions>
          <ns3:TrackPointExtension/>
        </extensions>
      </trkpt>
      <trkpt lat="24.493661820888519287109375" lon="118.14421073533594608306884765625">
        <ele>0</ele>
        <time>2016-09-28T12:34:09.000Z</time>
        <extensions>
          <ns3:TrackPointExtension/>
        </extensions>
      </trkpt>
      <trkpt lat="24.49367330409586429595947265625" lon="118.14418785274028778076171875">
        <ele>0</ele>
        <time>2016-09-28T12:34:14.000Z</time>
        <extensions>
          <ns3:TrackPointExtension/>
        </extensions>
      </trkpt>
      <trkpt lat="24.49368663132190704345703125" lon="118.144157342612743377685546875">
        <ele>0</ele>
        <time>2016-09-28T12:34:19.000Z</time>
        <extensions>
          <ns3:TrackPointExtension/>
        </extensions>
      </trkpt>
      <trkpt lat="24.4936961866915225982666015625" lon="118.14413446001708507537841796875">
        <ele>0</ele>
        <time>2016-09-28T12:34:24.000Z</time>
        <extensions>
          <ns3:TrackPointExtension/>
        </extensions>
      </trkpt>
      <trkpt lat="24.493705742061138153076171875" lon="118.1441115774214267730712890625">
        <ele>0</ele>
        <time>2016-09-28T12:34:29.000Z</time>
        <extensions>
          <ns3:TrackPointExtension/>
        </extensions>
      </trkpt>
      <trkpt lat="24.49371336959302425384521484375" lon="118.1440810672938823699951171875">
        <ele>0</ele>
        <time>2016-09-28T12:34:34.000Z</time>
        <extensions>
          <ns3:TrackPointExtension/>
        </extensions>
      </trkpt>
      <trkpt lat="24.4937209971249103546142578125" lon="118.14405818469822406768798828125">
        <ele>0</ele>
        <time>2016-09-28T12:34:39.000Z</time>
        <extensions>
          <ns3:TrackPointExtension/>
        </extensions>
      </trkpt>
      <trkpt lat="24.4937266968190670013427734375" lon="118.144035302102565765380859375">
        <ele>0</ele>
        <time>2016-09-28T12:34:44.000Z</time>
        <extensions>
          <ns3:TrackPointExtension/>
        </extensions>
      </trkpt>
      <trkpt lat="24.4937323965132236480712890625" lon="118.1440047919750213623046875">
        <ele>0</ele>
        <time>2016-09-28T12:34:49.000Z</time>
        <extensions>
          <ns3:TrackPointExtension/>
        </extensions>
      </trkpt>
      <trkpt lat="24.4937380962073802947998046875" lon="118.143974281847476959228515625">
        <ele>0</ele>
        <time>2016-09-28T12:34:54.000Z</time>
        <extensions>
          <ns3:TrackPointExtension/>
        </extensions>
      </trkpt>
      <trkpt lat="24.49374387972056865692138671875" lon="118.14395139925181865692138671875">
        <ele>0</ele>
        <time>2016-09-28T12:34:59.000Z</time>
        <extensions>
          <ns3:TrackPointExtension/>
        </extensions>
      </trkpt>
      <trkpt lat="24.49374957941472530364990234375" lon="118.14392088912427425384521484375">
        <ele>0</ele>
        <time>2016-09-28T12:35:04.000Z</time>
        <extensions>
          <ns3:TrackPointExtension/>
        </extensions>
      </trkpt>
      <trkpt lat="24.49375527910888195037841796875" lon="118.1438980065286159515380859375">
        <ele>0</ele>
        <time>2016-09-28T12:35:09.000Z</time>
        <extensions>
          <ns3:TrackPointExtension/>
        </extensions>
      </trkpt>
      <trkpt lat="24.4937610626220703125" lon="118.14386741258203983306884765625">
        <ele>0</ele>
        <time>2016-09-28T12:35:14.000Z</time>
        <extensions>
          <ns3:TrackPointExtension/>
        </extensions>
      </trkpt>
      <trkpt lat="24.49376869015395641326904296875" lon="118.14384452998638153076171875">
        <ele>0</ele>
        <time>2016-09-28T12:35:19.000Z</time>
        <extensions>
          <ns3:TrackPointExtension/>
        </extensions>
      </trkpt>
      <trkpt lat="24.4937763176858425140380859375" lon="118.143814019858837127685546875">
        <ele>0</ele>
        <time>2016-09-28T12:35:24.000Z</time>
        <extensions>
          <ns3:TrackPointExtension/>
        </extensions>
      </trkpt>
      <trkpt lat="24.49378578923642635345458984375" lon="118.14379113726317882537841796875">
        <ele>0</ele>
        <time>2016-09-28T12:35:29.000Z</time>
        <extensions>
          <ns3:TrackPointExtension/>
        </extensions>
      </trkpt>
      <trkpt lat="24.4937934167683124542236328125" lon="118.14376062713563442230224609375">
        <ele>0</ele>
        <time>2016-09-28T12:35:34.000Z</time>
        <extensions>
          <ns3:TrackPointExtension/>
        </extensions>
      </trkpt>
      <trkpt lat="24.49380104430019855499267578125" lon="118.1437377445399761199951171875">
        <ele>0</ele>
        <time>2016-09-28T12:35:39.000Z</time>
        <extensions>
          <ns3:TrackPointExtension/>
        </extensions>
      </trkpt>
      <trkpt lat="24.49381059966981410980224609375" lon="118.1437072344124317169189453125">
        <ele>0</ele>
        <time>2016-09-28T12:35:44.000Z</time>
        <extensions>
          <ns3:TrackPointExtension/>
        </extensions>
      </trkpt>
      <trkpt lat="24.4938182272017002105712890625" lon="118.14368435181677341461181640625">
        <ele>0</ele>
        <time>2016-09-28T12:35:49.000Z</time>
        <extensions>
          <ns3:TrackPointExtension/>
        </extensions>
      </trkpt>
      <trkpt lat="24.49382585473358631134033203125" lon="118.14365384168922901153564453125">
        <ele>0</ele>
        <time>2016-09-28T12:35:54.000Z</time>
        <extensions>
          <ns3:TrackPointExtension/>
        </extensions>
      </trkpt>
      <trkpt lat="24.49383155442774295806884765625" lon="118.14362333156168460845947265625">
        <ele>0</ele>
        <time>2016-09-28T12:35:59.000Z</time>
        <extensions>
          <ns3:TrackPointExtension/>
        </extensions>
      </trkpt>
      <trkpt lat="24.4938373379409313201904296875" lon="118.14360044896602630615234375">
        <ele>0</ele>
        <time>2016-09-28T12:36:04.000Z</time>
        <extensions>
          <ns3:TrackPointExtension/>
        </extensions>
      </trkpt>
      <trkpt lat="24.4938430376350879669189453125" lon="118.143569938838481903076171875">
        <ele>0</ele>
        <time>2016-09-28T12:36:09.000Z</time>
        <extensions>
          <ns3:TrackPointExtension/>
        </extensions>
      </trkpt>
      <trkpt lat="24.4938487373292446136474609375" lon="118.1435394287109375">
        <ele>0</ele>
        <time>2016-09-28T12:36:14.000Z</time>
        <extensions>
          <ns3:TrackPointExtension/>
        </extensions>
      </trkpt>
      <trkpt lat="24.493852593004703521728515625" lon="118.1435164622962474822998046875">
        <ele>0</ele>
        <time>2016-09-28T12:36:19.000Z</time>
        <extensions>
          <ns3:TrackPointExtension/>
        </extensions>
      </trkpt>
      <trkpt lat="24.49385829269886016845703125" lon="118.1434859521687030792236328125">
        <ele>0</ele>
        <time>2016-09-28T12:36:24.000Z</time>
        <extensions>
          <ns3:TrackPointExtension/>
        </extensions>
      </trkpt>
      <trkpt lat="24.4938621483743190765380859375" lon="118.1434554420411586761474609375">
        <ele>0</ele>
        <time>2016-09-28T12:36:29.000Z</time>
        <extensions>
          <ns3:TrackPointExtension/>
        </extensions>
      </trkpt>
      <trkpt lat="24.4938678480684757232666015625" lon="118.1434249319136142730712890625">
        <ele>0</ele>
        <time>2016-09-28T12:36:34.000Z</time>
        <extensions>
          <ns3:TrackPointExtension/>
        </extensions>
      </trkpt>
      <trkpt lat="24.49387161992490291595458984375" lon="118.1433944217860698699951171875">
        <ele>0</ele>
        <time>2016-09-28T12:36:39.000Z</time>
        <extensions>
          <ns3:TrackPointExtension/>
        </extensions>
      </trkpt>
      <trkpt lat="24.49387547560036182403564453125" lon="118.14337153919041156768798828125">
        <ele>0</ele>
        <time>2016-09-28T12:36:44.000Z</time>
        <extensions>
          <ns3:TrackPointExtension/>
        </extensions>
      </trkpt>
      <trkpt lat="24.49388117529451847076416015625" lon="118.14334102906286716461181640625">
        <ele>0</ele>
        <time>2016-09-28T12:36:49.000Z</time>
        <extensions>
          <ns3:TrackPointExtension/>
        </extensions>
      </trkpt>
      <trkpt lat="24.49388687498867511749267578125" lon="118.14331051893532276153564453125">
        <ele>0</ele>
        <time>2016-09-28T12:36:54.000Z</time>
        <extensions>
          <ns3:TrackPointExtension/>
        </extensions>
      </trkpt>
      <trkpt lat="24.49389450252056121826171875" lon="118.14328000880777835845947265625">
        <ele>0</ele>
        <time>2016-09-28T12:36:59.000Z</time>
        <extensions>
          <ns3:TrackPointExtension/>
        </extensions>
      </trkpt>
      <trkpt lat="24.49390028603374958038330078125" lon="118.14325712621212005615234375">
        <ele>0</ele>
        <time>2016-09-28T12:37:04.000Z</time>
        <extensions>
          <ns3:TrackPointExtension/>
        </extensions>
      </trkpt>
      <trkpt lat="24.49390791356563568115234375" lon="118.143226616084575653076171875">
        <ele>0</ele>
        <time>2016-09-28T12:37:09.000Z</time>
        <extensions>
          <ns3:TrackPointExtension/>
        </extensions>
      </trkpt>
      <trkpt lat="24.49391554109752178192138671875" lon="118.14320373348891735076904296875">
        <ele>0</ele>
        <time>2016-09-28T12:37:14.000Z</time>
        <extensions>
          <ns3:TrackPointExtension/>
        </extensions>
      </trkpt>
      <trkpt lat="24.4939231686294078826904296875" lon="118.1431731395423412322998046875">
        <ele>0</ele>
        <time>2016-09-28T12:37:19.000Z</time>
        <extensions>
          <ns3:TrackPointExtension/>
        </extensions>
      </trkpt>
      <trkpt lat="24.49393079616129398345947265625" lon="118.14315025694668292999267578125">
        <ele>0</ele>
        <time>2016-09-28T12:37:24.000Z</time>
        <extensions>
          <ns3:TrackPointExtension/>
        </extensions>
      </trkpt>
      <trkpt lat="24.493938423693180084228515625" lon="118.14311974681913852691650390625">
        <ele>0</ele>
        <time>2016-09-28T12:37:29.000Z</time>
        <extensions>
          <ns3:TrackPointExtension/>
        </extensions>
      </trkpt>
      <trkpt lat="24.49394605122506618499755859375" lon="118.143096864223480224609375">
        <ele>0</ele>
        <time>2016-09-28T12:37:34.000Z</time>
        <extensions>
          <ns3:TrackPointExtension/>
        </extensions>
      </trkpt>
      <trkpt lat="24.4939536787569522857666015625" lon="118.14307398162782192230224609375">
        <ele>0</ele>
        <time>2016-09-28T12:37:39.000Z</time>
        <extensions>
          <ns3:TrackPointExtension/>
        </extensions>
      </trkpt>
      <trkpt lat="24.4939593784511089324951171875" lon="118.14304347150027751922607421875">
        <ele>0</ele>
        <time>2016-09-28T12:37:44.000Z</time>
        <extensions>
          <ns3:TrackPointExtension/>
        </extensions>
      </trkpt>
      <trkpt lat="24.4939650781452655792236328125" lon="118.1430205889046192169189453125">
        <ele>0</ele>
        <time>2016-09-28T12:37:49.000Z</time>
        <extensions>
          <ns3:TrackPointExtension/>
        </extensions>
      </trkpt>
      <trkpt lat="24.49397270567715167999267578125" lon="118.14299770630896091461181640625">
        <ele>0</ele>
        <time>2016-09-28T12:37:54.000Z</time>
        <extensions>
          <ns3:TrackPointExtension/>
        </extensions>
      </trkpt>
      <trkpt lat="24.4939784891903400421142578125" lon="118.14296719618141651153564453125">
        <ele>0</ele>
        <time>2016-09-28T12:37:59.000Z</time>
        <extensions>
          <ns3:TrackPointExtension/>
        </extensions>
      </trkpt>
      <trkpt lat="24.49398611672222614288330078125" lon="118.14293668605387210845947265625">
        <ele>0</ele>
        <time>2016-09-28T12:38:04.000Z</time>
        <extensions>
          <ns3:TrackPointExtension/>
        </extensions>
      </trkpt>
      <trkpt lat="24.49399374425411224365234375" lon="118.14291380345821380615234375">
        <ele>0</ele>
        <time>2016-09-28T12:38:09.000Z</time>
        <extensions>
          <ns3:TrackPointExtension/>
        </extensions>
      </trkpt>
      <trkpt lat="24.493999443948268890380859375" lon="118.142883293330669403076171875">
        <ele>0</ele>
        <time>2016-09-28T12:38:14.000Z</time>
        <extensions>
          <ns3:TrackPointExtension/>
        </extensions>
      </trkpt>
      <trkpt lat="24.49400707148015499114990234375" lon="118.142852783203125">
        <ele>0</ele>
        <time>2016-09-28T12:38:19.000Z</time>
        <extensions>
          <ns3:TrackPointExtension/>
        </extensions>
      </trkpt>
      <trkpt lat="24.4940146990120410919189453125" lon="118.1428298167884349822998046875">
        <ele>0</ele>
        <time>2016-09-28T12:38:24.000Z</time>
        <extensions>
          <ns3:TrackPointExtension/>
        </extensions>
      </trkpt>
      <trkpt lat="24.4940203987061977386474609375" lon="118.1427993066608905792236328125">
        <ele>0</ele>
        <time>2016-09-28T12:38:29.000Z</time>
        <extensions>
          <ns3:TrackPointExtension/>
        </extensions>
      </trkpt>
      <trkpt lat="24.49402618221938610076904296875" lon="118.1427687965333461761474609375">
        <ele>0</ele>
        <time>2016-09-28T12:38:34.000Z</time>
        <extensions>
          <ns3:TrackPointExtension/>
        </extensions>
      </trkpt>
      <trkpt lat="24.49403188191354274749755859375" lon="118.14274591393768787384033203125">
        <ele>0</ele>
        <time>2016-09-28T12:38:39.000Z</time>
        <extensions>
          <ns3:TrackPointExtension/>
        </extensions>
      </trkpt>
      <trkpt lat="24.49403758160769939422607421875" lon="118.14271540381014347076416015625">
        <ele>0</ele>
        <time>2016-09-28T12:38:44.000Z</time>
        <extensions>
          <ns3:TrackPointExtension/>
        </extensions>
      </trkpt>
      <trkpt lat="24.49404328130185604095458984375" lon="118.14268489368259906768798828125">
        <ele>0</ele>
        <time>2016-09-28T12:38:49.000Z</time>
        <extensions>
          <ns3:TrackPointExtension/>
        </extensions>
      </trkpt>
      <trkpt lat="24.494049064815044403076171875" lon="118.142662011086940765380859375">
        <ele>0</ele>
        <time>2016-09-28T12:38:54.000Z</time>
        <extensions>
          <ns3:TrackPointExtension/>
        </extensions>
      </trkpt>
      <trkpt lat="24.49405669234693050384521484375" lon="118.1426315009593963623046875">
        <ele>0</ele>
        <time>2016-09-28T12:38:59.000Z</time>
        <extensions>
          <ns3:TrackPointExtension/>
        </extensions>
      </trkpt>
      <trkpt lat="24.4940643198788166046142578125" lon="118.142600990831851959228515625">
        <ele>0</ele>
        <time>2016-09-28T12:39:04.000Z</time>
        <extensions>
          <ns3:TrackPointExtension/>
        </extensions>
      </trkpt>
      <trkpt lat="24.49407194741070270538330078125" lon="118.14257810823619365692138671875">
        <ele>0</ele>
        <time>2016-09-28T12:39:09.000Z</time>
        <extensions>
          <ns3:TrackPointExtension/>
        </extensions>
      </trkpt>
      <trkpt lat="24.49407764710485935211181640625" lon="118.14254759810864925384521484375">
        <ele>0</ele>
        <time>2016-09-28T12:39:14.000Z</time>
        <extensions>
          <ns3:TrackPointExtension/>
        </extensions>
      </trkpt>
      <trkpt lat="24.494085274636745452880859375" lon="118.14251708798110485076904296875">
        <ele>0</ele>
        <time>2016-09-28T12:39:19.000Z</time>
        <extensions>
          <ns3:TrackPointExtension/>
        </extensions>
      </trkpt>
      <trkpt lat="24.494090974330902099609375" lon="118.14249412156641483306884765625">
        <ele>0</ele>
        <time>2016-09-28T12:39:24.000Z</time>
        <extensions>
          <ns3:TrackPointExtension/>
        </extensions>
      </trkpt>
      <trkpt lat="24.49409860186278820037841796875" lon="118.14246361143887042999267578125">
        <ele>0</ele>
        <time>2016-09-28T12:39:29.000Z</time>
        <extensions>
          <ns3:TrackPointExtension/>
        </extensions>
      </trkpt>
      <trkpt lat="24.4941043853759765625" lon="118.142440728843212127685546875">
        <ele>0</ele>
        <time>2016-09-28T12:39:34.000Z</time>
        <extensions>
          <ns3:TrackPointExtension/>
        </extensions>
      </trkpt>
      <trkpt lat="24.49411201290786266326904296875" lon="118.142410218715667724609375">
        <ele>0</ele>
        <time>2016-09-28T12:39:39.000Z</time>
        <extensions>
          <ns3:TrackPointExtension/>
        </extensions>
      </trkpt>
      <trkpt lat="24.4941196404397487640380859375" lon="118.14238733612000942230224609375">
        <ele>0</ele>
        <time>2016-09-28T12:39:44.000Z</time>
        <extensions>
          <ns3:TrackPointExtension/>
        </extensions>
      </trkpt>
      <trkpt lat="24.49412726797163486480712890625" lon="118.14235682599246501922607421875">
        <ele>0</ele>
        <time>2016-09-28T12:39:49.000Z</time>
        <extensions>
          <ns3:TrackPointExtension/>
        </extensions>
      </trkpt>
      <trkpt lat="24.4941367395222187042236328125" lon="118.14232631586492061614990234375">
        <ele>0</ele>
        <time>2016-09-28T12:39:54.000Z</time>
        <extensions>
          <ns3:TrackPointExtension/>
        </extensions>
      </trkpt>
      <trkpt lat="24.49414436705410480499267578125" lon="118.14229580573737621307373046875">
        <ele>0</ele>
        <time>2016-09-28T12:39:59.000Z</time>
        <extensions>
          <ns3:TrackPointExtension/>
        </extensions>
      </trkpt>
      <trkpt lat="24.49415199458599090576171875" lon="118.1422729231417179107666015625">
        <ele>0</ele>
        <time>2016-09-28T12:40:04.000Z</time>
        <extensions>
          <ns3:TrackPointExtension/>
        </extensions>
      </trkpt>
      <trkpt lat="24.49415962211787700653076171875" lon="118.1422424130141735076904296875">
        <ele>0</ele>
        <time>2016-09-28T12:40:09.000Z</time>
        <extensions>
          <ns3:TrackPointExtension/>
        </extensions>
      </trkpt>
      <trkpt lat="24.4941672496497631072998046875" lon="118.14221953041851520538330078125">
        <ele>0</ele>
        <time>2016-09-28T12:40:14.000Z</time>
        <extensions>
          <ns3:TrackPointExtension/>
        </extensions>
      </trkpt>
      <trkpt lat="24.49417303316295146942138671875" lon="118.14218902029097080230712890625">
        <ele>0</ele>
        <time>2016-09-28T12:40:19.000Z</time>
        <extensions>
          <ns3:TrackPointExtension/>
        </extensions>
      </trkpt>
      <trkpt lat="24.4941806606948375701904296875" lon="118.1421661376953125">
        <ele>0</ele>
        <time>2016-09-28T12:40:24.000Z</time>
        <extensions>
          <ns3:TrackPointExtension/>
        </extensions>
      </trkpt>
      <trkpt lat="24.49418828822672367095947265625" lon="118.14213554374873638153076171875">
        <ele>0</ele>
        <time>2016-09-28T12:40:29.000Z</time>
        <extensions>
          <ns3:TrackPointExtension/>
        </extensions>
      </trkpt>
      <trkpt lat="24.494195915758609771728515625" lon="118.1421126611530780792236328125">
        <ele>0</ele>
        <time>2016-09-28T12:40:34.000Z</time>
        <extensions>
          <ns3:TrackPointExtension/>
        </extensions>
      </trkpt>
      <trkpt lat="24.494207315146923065185546875" lon="118.1420821510255336761474609375">
        <ele>0</ele>
        <time>2016-09-28T12:40:39.000Z</time>
        <extensions>
          <ns3:TrackPointExtension/>
        </extensions>
      </trkpt>
      <trkpt lat="24.49421879835426807403564453125" lon="118.1420516408979892730712890625">
        <ele>0</ele>
        <time>2016-09-28T12:40:44.000Z</time>
        <extensions>
          <ns3:TrackPointExtension/>
        </extensions>
      </trkpt>
      <trkpt lat="24.49423019774258136749267578125" lon="118.14202875830233097076416015625">
        <ele>0</ele>
        <time>2016-09-28T12:40:49.000Z</time>
        <extensions>
          <ns3:TrackPointExtension/>
        </extensions>
      </trkpt>
      <trkpt lat="24.4942416809499263763427734375" lon="118.14199824817478656768798828125">
        <ele>0</ele>
        <time>2016-09-28T12:40:54.000Z</time>
        <extensions>
          <ns3:TrackPointExtension/>
        </extensions>
      </trkpt>
      <trkpt lat="24.49425123631954193115234375" lon="118.14196773804724216461181640625">
        <ele>0</ele>
        <time>2016-09-28T12:40:59.000Z</time>
        <extensions>
          <ns3:TrackPointExtension/>
        </extensions>
      </trkpt>
      <trkpt lat="24.49426070787012577056884765625" lon="118.14193722791969776153564453125">
        <ele>0</ele>
        <time>2016-09-28T12:41:04.000Z</time>
        <extensions>
          <ns3:TrackPointExtension/>
        </extensions>
      </trkpt>
      <trkpt lat="24.494268335402011871337890625" lon="118.14190671779215335845947265625">
        <ele>0</ele>
        <time>2016-09-28T12:41:09.000Z</time>
        <extensions>
          <ns3:TrackPointExtension/>
        </extensions>
      </trkpt>
      <trkpt lat="24.4942778907716274261474609375" lon="118.14187620766460895538330078125">
        <ele>0</ele>
        <time>2016-09-28T12:41:14.000Z</time>
        <extensions>
          <ns3:TrackPointExtension/>
        </extensions>
      </trkpt>
      <trkpt lat="24.49428551830351352691650390625" lon="118.141853325068950653076171875">
        <ele>0</ele>
        <time>2016-09-28T12:41:19.000Z</time>
        <extensions>
          <ns3:TrackPointExtension/>
        </extensions>
      </trkpt>
      <trkpt lat="24.49429507367312908172607421875" lon="118.14182281494140625">
        <ele>0</ele>
        <time>2016-09-28T12:41:24.000Z</time>
        <extensions>
          <ns3:TrackPointExtension/>
        </extensions>
      </trkpt>
      <trkpt lat="24.494306556880474090576171875" lon="118.14179222099483013153076171875">
        <ele>0</ele>
        <time>2016-09-28T12:41:29.000Z</time>
        <extensions>
          <ns3:TrackPointExtension/>
        </extensions>
      </trkpt>
      <trkpt lat="24.494317956268787384033203125" lon="118.1417693383991718292236328125">
        <ele>0</ele>
        <time>2016-09-28T12:41:34.000Z</time>
        <extensions>
          <ns3:TrackPointExtension/>
        </extensions>
      </trkpt>
      <trkpt lat="24.4943332113325595855712890625" lon="118.14174645580351352691650390625">
        <ele>0</ele>
        <time>2016-09-28T12:41:39.000Z</time>
        <extensions>
          <ns3:TrackPointExtension/>
        </extensions>
      </trkpt>
      <trkpt lat="24.4943523220717906951904296875" lon="118.14173120073974132537841796875">
        <ele>0</ele>
        <time>2016-09-28T12:41:44.000Z</time>
        <extensions>
          <ns3:TrackPointExtension/>
        </extensions>
      </trkpt>
      <trkpt lat="24.49437327682971954345703125" lon="118.141723573207855224609375">
        <ele>0</ele>
        <time>2016-09-28T12:41:49.000Z</time>
        <extensions>
          <ns3:TrackPointExtension/>
        </extensions>
      </trkpt>
      <trkpt lat="24.4943980872631072998046875" lon="118.1417083181440830230712890625">
        <ele>0</ele>
        <time>2016-09-28T12:41:54.000Z</time>
        <extensions>
          <ns3:TrackPointExtension/>
        </extensions>
      </trkpt>
      <trkpt lat="24.4944247417151927947998046875" lon="118.141693063080310821533203125">
        <ele>0</ele>
        <time>2016-09-28T12:41:59.000Z</time>
        <extensions>
          <ns3:TrackPointExtension/>
        </extensions>
      </trkpt>
      <trkpt lat="24.494453407824039459228515625" lon="118.1416778080165386199951171875">
        <ele>0</ele>
        <time>2016-09-28T12:42:04.000Z</time>
        <extensions>
          <ns3:TrackPointExtension/>
        </extensions>
      </trkpt>
      <trkpt lat="24.49448199011385440826416015625" lon="118.14167018048465251922607421875">
        <ele>0</ele>
        <time>2016-09-28T12:42:09.000Z</time>
        <extensions>
          <ns3:TrackPointExtension/>
        </extensions>
      </trkpt>
      <trkpt lat="24.49450872838497161865234375" lon="118.14166255295276641845703125">
        <ele>0</ele>
        <time>2016-09-28T12:42:14.000Z</time>
        <extensions>
          <ns3:TrackPointExtension/>
        </extensions>
      </trkpt>
      <trkpt lat="24.4945353828370571136474609375" lon="118.14167018048465251922607421875">
        <ele>0</ele>
        <time>2016-09-28T12:42:19.000Z</time>
        <extensions>
          <ns3:TrackPointExtension/>
        </extensions>
      </trkpt>
      <trkpt lat="24.4945601932704448699951171875" lon="118.14167018048465251922607421875">
        <ele>0</ele>
        <time>2016-09-28T12:42:24.000Z</time>
        <extensions>
          <ns3:TrackPointExtension/>
        </extensions>
      </trkpt>
      <trkpt lat="24.49458693154156208038330078125" lon="118.14168543554842472076416015625">
        <ele>0</ele>
        <time>2016-09-28T12:42:29.000Z</time>
        <extensions>
          <ns3:TrackPointExtension/>
        </extensions>
      </trkpt>
      <trkpt lat="24.494611658155918121337890625" lon="118.141693063080310821533203125">
        <ele>0</ele>
        <time>2016-09-28T12:42:34.000Z</time>
        <extensions>
          <ns3:TrackPointExtension/>
        </extensions>
      </trkpt>
      <trkpt lat="24.494636468589305877685546875" lon="118.1417083181440830230712890625">
        <ele>0</ele>
        <time>2016-09-28T12:42:39.000Z</time>
        <extensions>
          <ns3:TrackPointExtension/>
        </extensions>
      </trkpt>
      <trkpt lat="24.494661279022693634033203125" lon="118.14171594567596912384033203125">
        <ele>0</ele>
        <time>2016-09-28T12:42:44.000Z</time>
        <extensions>
          <ns3:TrackPointExtension/>
        </extensions>
      </trkpt>
      <trkpt lat="24.49468986131250858306884765625" lon="118.141723573207855224609375">
        <ele>0</ele>
        <time>2016-09-28T12:42:49.000Z</time>
        <extensions>
          <ns3:TrackPointExtension/>
        </extensions>
      </trkpt>
      <trkpt lat="24.49471659958362579345703125" lon="118.141723573207855224609375">
        <ele>0</ele>
        <time>2016-09-28T12:42:54.000Z</time>
        <extensions>
          <ns3:TrackPointExtension/>
        </extensions>
      </trkpt>
      <trkpt lat="24.49474333785474300384521484375" lon="118.14173120073974132537841796875">
        <ele>0</ele>
        <time>2016-09-28T12:42:59.000Z</time>
        <extensions>
          <ns3:TrackPointExtension/>
        </extensions>
      </trkpt>
      <trkpt lat="24.4947680644690990447998046875" lon="118.14174645580351352691650390625">
        <ele>0</ele>
        <time>2016-09-28T12:43:04.000Z</time>
        <extensions>
          <ns3:TrackPointExtension/>
        </extensions>
      </trkpt>
      <trkpt lat="24.4947928749024868011474609375" lon="118.141754083335399627685546875">
        <ele>0</ele>
        <time>2016-09-28T12:43:09.000Z</time>
        <extensions>
          <ns3:TrackPointExtension/>
        </extensions>
      </trkpt>
      <trkpt lat="24.49481575749814510345458984375" lon="118.1417693383991718292236328125">
        <ele>0</ele>
        <time>2016-09-28T12:43:14.000Z</time>
        <extensions>
          <ns3:TrackPointExtension/>
        </extensions>
      </trkpt>
      <trkpt lat="24.49483864009380340576171875" lon="118.14178459346294403076171875">
        <ele>0</ele>
        <time>2016-09-28T12:43:19.000Z</time>
        <extensions>
          <ns3:TrackPointExtension/>
        </extensions>
      </trkpt>
      <trkpt lat="24.494863450527191162109375" lon="118.1417998485267162322998046875">
        <ele>0</ele>
        <time>2016-09-28T12:43:24.000Z</time>
        <extensions>
          <ns3:TrackPointExtension/>
        </extensions>
      </trkpt>
      <trkpt lat="24.49488826096057891845703125" lon="118.141815103590488433837890625">
        <ele>0</ele>
        <time>2016-09-28T12:43:29.000Z</time>
        <extensions>
          <ns3:TrackPointExtension/>
        </extensions>
      </trkpt>
      <trkpt lat="24.49491684325039386749267578125" lon="118.14183044247329235076904296875">
        <ele>0</ele>
        <time>2016-09-28T12:43:34.000Z</time>
        <extensions>
          <ns3:TrackPointExtension/>
        </extensions>
      </trkpt>
      <trkpt lat="24.49494735337793827056884765625" lon="118.14184569753706455230712890625">
        <ele>0</ele>
        <time>2016-09-28T12:43:39.000Z</time>
        <extensions>
          <ns3:TrackPointExtension/>
        </extensions>
      </trkpt>
      <trkpt lat="24.49498171918094158172607421875" lon="118.141853325068950653076171875">
        <ele>0</ele>
        <time>2016-09-28T12:43:44.000Z</time>
        <extensions>
          <ns3:TrackPointExtension/>
        </extensions>
      </trkpt>
      <trkpt lat="24.49501608498394489288330078125" lon="118.14186095260083675384521484375">
        <ele>0</ele>
        <time>2016-09-28T12:43:49.000Z</time>
        <extensions>
          <ns3:TrackPointExtension/>
        </extensions>
      </trkpt>
      <trkpt lat="24.495054222643375396728515625" lon="118.1418685801327228546142578125">
        <ele>0</ele>
        <time>2016-09-28T12:43:54.000Z</time>
        <extensions>
          <ns3:TrackPointExtension/>
        </extensions>
      </trkpt>
      <trkpt lat="24.495090432465076446533203125" lon="118.14188383519649505615234375">
        <ele>0</ele>
        <time>2016-09-28T12:43:59.000Z</time>
        <extensions>
          <ns3:TrackPointExtension/>
        </extensions>
      </trkpt>
      <trkpt lat="24.4951247982680797576904296875" lon="118.14189146272838115692138671875">
        <ele>0</ele>
        <time>2016-09-28T12:44:04.000Z</time>
        <extensions>
          <ns3:TrackPointExtension/>
        </extensions>
      </trkpt>
      <trkpt lat="24.4951553083956241607666015625" lon="118.14190671779215335845947265625">
        <ele>0</ele>
        <time>2016-09-28T12:44:09.000Z</time>
        <extensions>
          <ns3:TrackPointExtension/>
        </extensions>
      </trkpt>
      <trkpt lat="24.4951858185231685638427734375" lon="118.141914345324039459228515625">
        <ele>0</ele>
        <time>2016-09-28T12:44:14.000Z</time>
        <extensions>
          <ns3:TrackPointExtension/>
        </extensions>
      </trkpt>
      <trkpt lat="24.495212472975254058837890625" lon="118.141914345324039459228515625">
        <ele>0</ele>
        <time>2016-09-28T12:44:19.000Z</time>
        <extensions>
          <ns3:TrackPointExtension/>
        </extensions>
      </trkpt>
      <trkpt lat="24.49523921124637126922607421875" lon="118.14192197285592555999755859375">
        <ele>0</ele>
        <time>2016-09-28T12:44:24.000Z</time>
        <extensions>
          <ns3:TrackPointExtension/>
        </extensions>
      </trkpt>
      <trkpt lat="24.49526402167975902557373046875" lon="118.1419296003878116607666015625">
        <ele>0</ele>
        <time>2016-09-28T12:44:29.000Z</time>
        <extensions>
          <ns3:TrackPointExtension/>
        </extensions>
      </trkpt>
      <trkpt lat="24.49528883211314678192138671875" lon="118.14193722791969776153564453125">
        <ele>0</ele>
        <time>2016-09-28T12:44:34.000Z</time>
        <extensions>
          <ns3:TrackPointExtension/>
        </extensions>
      </trkpt>
      <trkpt lat="24.49531364254653453826904296875" lon="118.14193722791969776153564453125">
        <ele>0</ele>
        <time>2016-09-28T12:44:39.000Z</time>
        <extensions>
          <ns3:TrackPointExtension/>
        </extensions>
      </trkpt>
      <trkpt lat="24.4953383691608905792236328125" lon="118.1419448554515838623046875">
        <ele>0</ele>
        <time>2016-09-28T12:44:44.000Z</time>
        <extensions>
          <ns3:TrackPointExtension/>
        </extensions>
      </trkpt>
      <trkpt lat="24.49536703526973724365234375" lon="118.14195248298346996307373046875">
        <ele>0</ele>
        <time>2016-09-28T12:44:49.000Z</time>
        <extensions>
          <ns3:TrackPointExtension/>
        </extensions>
      </trkpt>
      <trkpt lat="24.49539561755955219268798828125" lon="118.1419601105153560638427734375">
        <ele>0</ele>
        <time>2016-09-28T12:44:54.000Z</time>
        <extensions>
          <ns3:TrackPointExtension/>
        </extensions>
      </trkpt>
      <trkpt lat="24.4954241998493671417236328125" lon="118.14196773804724216461181640625">
        <ele>0</ele>
        <time>2016-09-28T12:44:59.000Z</time>
        <extensions>
          <ns3:TrackPointExtension/>
        </extensions>
      </trkpt>
      <trkpt lat="24.49545663781464099884033203125" lon="118.141975365579128265380859375">
        <ele>0</ele>
        <time>2016-09-28T12:45:04.000Z</time>
        <extensions>
          <ns3:TrackPointExtension/>
        </extensions>
      </trkpt>
      <trkpt lat="24.49548907577991485595703125" lon="118.1419906206429004669189453125">
        <ele>0</ele>
        <time>2016-09-28T12:45:09.000Z</time>
        <extensions>
          <ns3:TrackPointExtension/>
        </extensions>
      </trkpt>
      <trkpt lat="24.495519585907459259033203125" lon="118.14199824817478656768798828125">
        <ele>0</ele>
        <time>2016-09-28T12:45:14.000Z</time>
        <extensions>
          <ns3:TrackPointExtension/>
        </extensions>
      </trkpt>
      <trkpt lat="24.49554816819727420806884765625" lon="118.14200587570667266845703125">
        <ele>0</ele>
        <time>2016-09-28T12:45:19.000Z</time>
        <extensions>
          <ns3:TrackPointExtension/>
        </extensions>
      </trkpt>
      <trkpt lat="24.49557683430612087249755859375" lon="118.14201350323855876922607421875">
        <ele>0</ele>
        <time>2016-09-28T12:45:24.000Z</time>
        <extensions>
          <ns3:TrackPointExtension/>
        </extensions>
      </trkpt>
      <trkpt lat="24.49560348875820636749267578125" lon="118.1420211307704448699951171875">
        <ele>0</ele>
        <time>2016-09-28T12:45:29.000Z</time>
        <extensions>
          <ns3:TrackPointExtension/>
        </extensions>
      </trkpt>
      <trkpt lat="24.49562829919159412384033203125" lon="118.142036385834217071533203125">
        <ele>0</ele>
        <time>2016-09-28T12:45:34.000Z</time>
        <extensions>
          <ns3:TrackPointExtension/>
        </extensions>
      </trkpt>
      <trkpt lat="24.49565310962498188018798828125" lon="118.14204401336610317230224609375">
        <ele>0</ele>
        <time>2016-09-28T12:45:39.000Z</time>
        <extensions>
          <ns3:TrackPointExtension/>
        </extensions>
      </trkpt>
      <trkpt lat="24.495679847896099090576171875" lon="118.1420516408979892730712890625">
        <ele>0</ele>
        <time>2016-09-28T12:45:44.000Z</time>
        <extensions>
          <ns3:TrackPointExtension/>
        </extensions>
      </trkpt>
      <trkpt lat="24.49570273049175739288330078125" lon="118.14205926842987537384033203125">
        <ele>0</ele>
        <time>2016-09-28T12:45:49.000Z</time>
        <extensions>
          <ns3:TrackPointExtension/>
        </extensions>
      </trkpt>
      <trkpt lat="24.49572938494384288787841796875" lon="118.142066895961761474609375">
        <ele>0</ele>
        <time>2016-09-28T12:45:54.000Z</time>
        <extensions>
          <ns3:TrackPointExtension/>
        </extensions>
      </trkpt>
      <trkpt lat="24.49575419537723064422607421875" lon="118.14207452349364757537841796875">
        <ele>0</ele>
        <time>2016-09-28T12:45:59.000Z</time>
        <extensions>
          <ns3:TrackPointExtension/>
        </extensions>
      </trkpt>
      <trkpt lat="24.49577900581061840057373046875" lon="118.1420821510255336761474609375">
        <ele>0</ele>
        <time>2016-09-28T12:46:04.000Z</time>
        <extensions>
          <ns3:TrackPointExtension/>
        </extensions>
      </trkpt>
      <trkpt lat="24.49580566026270389556884765625" lon="118.14208977855741977691650390625">
        <ele>0</ele>
        <time>2016-09-28T12:46:09.000Z</time>
        <extensions>
          <ns3:TrackPointExtension/>
        </extensions>
      </trkpt>
      <trkpt lat="24.49583047069609165191650390625" lon="118.142097406089305877685546875">
        <ele>0</ele>
        <time>2016-09-28T12:46:14.000Z</time>
        <extensions>
          <ns3:TrackPointExtension/>
        </extensions>
      </trkpt>
      <trkpt lat="24.4958572089672088623046875" lon="118.14210503362119197845458984375">
        <ele>0</ele>
        <time>2016-09-28T12:46:19.000Z</time>
        <extensions>
          <ns3:TrackPointExtension/>
        </extensions>
      </trkpt>
      <trkpt lat="24.4958838634192943572998046875" lon="118.1421126611530780792236328125">
        <ele>0</ele>
        <time>2016-09-28T12:46:24.000Z</time>
        <extensions>
          <ns3:TrackPointExtension/>
        </extensions>
      </trkpt>
      <trkpt lat="24.4959086738526821136474609375" lon="118.14212028868496417999267578125">
        <ele>0</ele>
        <time>2016-09-28T12:46:29.000Z</time>
        <extensions>
          <ns3:TrackPointExtension/>
        </extensions>
      </trkpt>
      <trkpt lat="24.49593541212379932403564453125" lon="118.14212791621685028076171875">
        <ele>0</ele>
        <time>2016-09-28T12:46:34.000Z</time>
        <extensions>
          <ns3:TrackPointExtension/>
        </extensions>
      </trkpt>
      <trkpt lat="24.49596206657588481903076171875" lon="118.14213554374873638153076171875">
        <ele>0</ele>
        <time>2016-09-28T12:46:39.000Z</time>
        <extensions>
          <ns3:TrackPointExtension/>
        </extensions>
      </trkpt>
      <trkpt lat="24.4959888048470020294189453125" lon="118.14215079881250858306884765625">
        <ele>0</ele>
        <time>2016-09-28T12:46:44.000Z</time>
        <extensions>
          <ns3:TrackPointExtension/>
        </extensions>
      </trkpt>
      <trkpt lat="24.49601554311811923980712890625" lon="118.142158426344394683837890625">
        <ele>0</ele>
        <time>2016-09-28T12:46:49.000Z</time>
        <extensions>
          <ns3:TrackPointExtension/>
        </extensions>
      </trkpt>
      <trkpt lat="24.49604219757020473480224609375" lon="118.1421661376953125">
        <ele>0</ele>
        <time>2016-09-28T12:46:54.000Z</time>
        <extensions>
          <ns3:TrackPointExtension/>
        </extensions>
      </trkpt>
      <trkpt lat="24.496070779860019683837890625" lon="118.14217376522719860076904296875">
        <ele>0</ele>
        <time>2016-09-28T12:46:59.000Z</time>
        <extensions>
          <ns3:TrackPointExtension/>
        </extensions>
      </trkpt>
      <trkpt lat="24.496095590293407440185546875" lon="118.1421813927590847015380859375">
        <ele>0</ele>
        <time>2016-09-28T12:47:04.000Z</time>
        <extensions>
          <ns3:TrackPointExtension/>
        </extensions>
      </trkpt>
      <trkpt lat="24.496120400726795196533203125" lon="118.14218902029097080230712890625">
        <ele>0</ele>
        <time>2016-09-28T12:47:09.000Z</time>
        <extensions>
          <ns3:TrackPointExtension/>
        </extensions>
      </trkpt>
      <trkpt lat="24.49614713899791240692138671875" lon="118.142196647822856903076171875">
        <ele>0</ele>
        <time>2016-09-28T12:47:14.000Z</time>
        <extensions>
          <ns3:TrackPointExtension/>
        </extensions>
      </trkpt>
      <trkpt lat="24.49617379344999790191650390625" lon="118.14220427535474300384521484375">
        <ele>0</ele>
        <time>2016-09-28T12:47:19.000Z</time>
        <extensions>
          <ns3:TrackPointExtension/>
        </extensions>
      </trkpt>
      <trkpt lat="24.49619860388338565826416015625" lon="118.14221953041851520538330078125">
        <ele>0</ele>
        <time>2016-09-28T12:47:24.000Z</time>
        <extensions>
          <ns3:TrackPointExtension/>
        </extensions>
      </trkpt>
      <trkpt lat="24.49622341431677341461181640625" lon="118.14222715795040130615234375">
        <ele>0</ele>
        <time>2016-09-28T12:47:29.000Z</time>
        <extensions>
          <ns3:TrackPointExtension/>
        </extensions>
      </trkpt>
      <trkpt lat="24.496250152587890625" lon="118.14223478548228740692138671875">
        <ele>0</ele>
        <time>2016-09-28T12:47:34.000Z</time>
        <extensions>
          <ns3:TrackPointExtension/>
        </extensions>
      </trkpt>
      <trkpt lat="24.49627487920224666595458984375" lon="118.1422424130141735076904296875">
        <ele>0</ele>
        <time>2016-09-28T12:47:39.000Z</time>
        <extensions>
          <ns3:TrackPointExtension/>
        </extensions>
      </trkpt>
      <trkpt lat="24.4963016174733638763427734375" lon="118.14225004054605960845947265625">
        <ele>0</ele>
        <time>2016-09-28T12:47:44.000Z</time>
        <extensions>
          <ns3:TrackPointExtension/>
        </extensions>
      </trkpt>
      <trkpt lat="24.496328271925449371337890625" lon="118.142257668077945709228515625">
        <ele>0</ele>
        <time>2016-09-28T12:47:49.000Z</time>
        <extensions>
          <ns3:TrackPointExtension/>
        </extensions>
      </trkpt>
      <trkpt lat="24.49635501019656658172607421875" lon="118.14226529560983180999755859375">
        <ele>0</ele>
        <time>2016-09-28T12:47:54.000Z</time>
        <extensions>
          <ns3:TrackPointExtension/>
        </extensions>
      </trkpt>
      <trkpt lat="24.4963817484676837921142578125" lon="118.1422729231417179107666015625">
        <ele>0</ele>
        <time>2016-09-28T12:47:59.000Z</time>
        <extensions>
          <ns3:TrackPointExtension/>
        </extensions>
      </trkpt>
      <trkpt lat="24.49641033075749874114990234375" lon="118.14228055067360401153564453125">
        <ele>0</ele>
        <time>2016-09-28T12:48:04.000Z</time>
        <extensions>
          <ns3:TrackPointExtension/>
        </extensions>
      </trkpt>
      <trkpt lat="24.4964370690286159515380859375" lon="118.14229580573737621307373046875">
        <ele>0</ele>
        <time>2016-09-28T12:48:09.000Z</time>
        <extensions>
          <ns3:TrackPointExtension/>
        </extensions>
      </trkpt>
      <trkpt lat="24.49646565131843090057373046875" lon="118.1423034332692623138427734375">
        <ele>0</ele>
        <time>2016-09-28T12:48:14.000Z</time>
        <extensions>
          <ns3:TrackPointExtension/>
        </extensions>
      </trkpt>
      <trkpt lat="24.49649230577051639556884765625" lon="118.142318688333034515380859375">
        <ele>0</ele>
        <time>2016-09-28T12:48:19.000Z</time>
        <extensions>
          <ns3:TrackPointExtension/>
        </extensions>
      </trkpt>
      <trkpt lat="24.49651527218520641326904296875" lon="118.1423339433968067169189453125">
        <ele>0</ele>
        <time>2016-09-28T12:48:24.000Z</time>
        <extensions>
          <ns3:TrackPointExtension/>
        </extensions>
      </trkpt>
      <trkpt lat="24.496538154780864715576171875" lon="118.14234157092869281768798828125">
        <ele>0</ele>
        <time>2016-09-28T12:48:29.000Z</time>
        <extensions>
          <ns3:TrackPointExtension/>
        </extensions>
      </trkpt>
      <trkpt lat="24.4965591095387935638427734375" lon="118.14234919846057891845703125">
        <ele>0</ele>
        <time>2016-09-28T12:48:34.000Z</time>
        <extensions>
          <ns3:TrackPointExtension/>
        </extensions>
      </trkpt>
      <trkpt lat="24.496580064296722412109375" lon="118.1423644535243511199951171875">
        <ele>0</ele>
        <time>2016-09-28T12:48:39.000Z</time>
        <extensions>
          <ns3:TrackPointExtension/>
        </extensions>
      </trkpt>
      <trkpt lat="24.49660487473011016845703125" lon="118.14237208105623722076416015625">
        <ele>0</ele>
        <time>2016-09-28T12:48:44.000Z</time>
        <extensions>
          <ns3:TrackPointExtension/>
        </extensions>
      </trkpt>
      <trkpt lat="24.49663161300122737884521484375" lon="118.142379708588123321533203125">
        <ele>0</ele>
        <time>2016-09-28T12:48:49.000Z</time>
        <extensions>
          <ns3:TrackPointExtension/>
        </extensions>
      </trkpt>
      <trkpt lat="24.496660195291042327880859375" lon="118.14238733612000942230224609375">
        <ele>0</ele>
        <time>2016-09-28T12:48:54.000Z</time>
        <extensions>
          <ns3:TrackPointExtension/>
        </extensions>
      </trkpt>
      <trkpt lat="24.49669070541858673095703125" lon="118.1423949636518955230712890625">
        <ele>0</ele>
        <time>2016-09-28T12:48:59.000Z</time>
        <extensions>
          <ns3:TrackPointExtension/>
        </extensions>
      </trkpt>
      <trkpt lat="24.49671928770840167999267578125" lon="118.14240259118378162384033203125">
        <ele>0</ele>
        <time>2016-09-28T12:49:04.000Z</time>
        <extensions>
          <ns3:TrackPointExtension/>
        </extensions>
      </trkpt>
      <trkpt lat="24.496746025979518890380859375" lon="118.142410218715667724609375">
        <ele>0</ele>
        <time>2016-09-28T12:49:09.000Z</time>
        <extensions>
          <ns3:TrackPointExtension/>
        </extensions>
      </trkpt>
      <trkpt lat="24.496770836412906646728515625" lon="118.14241784624755382537841796875">
        <ele>0</ele>
        <time>2016-09-28T12:49:14.000Z</time>
        <extensions>
          <ns3:TrackPointExtension/>
        </extensions>
      </trkpt>
      <trkpt lat="24.496795646846294403076171875" lon="118.1424254737794399261474609375">
        <ele>0</ele>
        <time>2016-09-28T12:49:19.000Z</time>
        <extensions>
          <ns3:TrackPointExtension/>
        </extensions>
      </trkpt>
      <trkpt lat="24.49682037346065044403076171875" lon="118.14243310131132602691650390625">
        <ele>0</ele>
        <time>2016-09-28T12:49:24.000Z</time>
        <extensions>
          <ns3:TrackPointExtension/>
        </extensions>
      </trkpt>
      <trkpt lat="24.496843256056308746337890625" lon="118.142440728843212127685546875">
        <ele>0</ele>
        <time>2016-09-28T12:49:29.000Z</time>
        <extensions>
          <ns3:TrackPointExtension/>
        </extensions>
      </trkpt>
      <trkpt lat="24.4968662224709987640380859375" lon="118.14244835637509822845458984375">
        <ele>0</ele>
        <time>2016-09-28T12:49:34.000Z</time>
        <extensions>
          <ns3:TrackPointExtension/>
        </extensions>
      </trkpt>
      <trkpt lat="24.49688910506665706634521484375" lon="118.1424559839069843292236328125">
        <ele>0</ele>
        <time>2016-09-28T12:49:39.000Z</time>
        <extensions>
          <ns3:TrackPointExtension/>
        </extensions>
      </trkpt>
      <trkpt lat="24.49691005982458591461181640625" lon="118.14246361143887042999267578125">
        <ele>0</ele>
        <time>2016-09-28T12:49:44.000Z</time>
        <extensions>
          <ns3:TrackPointExtension/>
        </extensions>
      </trkpt>
      <trkpt lat="24.4969329424202442169189453125" lon="118.14247123897075653076171875">
        <ele>0</ele>
        <time>2016-09-28T12:49:49.000Z</time>
        <extensions>
          <ns3:TrackPointExtension/>
        </extensions>
      </trkpt>
      <trkpt lat="24.49695582501590251922607421875" lon="118.14247886650264263153076171875">
        <ele>0</ele>
        <time>2016-09-28T12:49:54.000Z</time>
        <extensions>
          <ns3:TrackPointExtension/>
        </extensions>
      </trkpt>
      <trkpt lat="24.496978707611560821533203125" lon="118.1424864940345287322998046875">
        <ele>0</ele>
        <time>2016-09-28T12:49:59.000Z</time>
        <extensions>
          <ns3:TrackPointExtension/>
        </extensions>
      </trkpt>
      <trkpt lat="24.49700159020721912384033203125" lon="118.14249412156641483306884765625">
        <ele>0</ele>
        <time>2016-09-28T12:50:04.000Z</time>
        <extensions>
          <ns3:TrackPointExtension/>
        </extensions>
      </trkpt>
      <trkpt lat="24.49702640064060688018798828125" lon="118.142501749098300933837890625">
        <ele>0</ele>
        <time>2016-09-28T12:50:09.000Z</time>
        <extensions>
          <ns3:TrackPointExtension/>
        </extensions>
      </trkpt>
      <trkpt lat="24.49705121107399463653564453125" lon="118.14251708798110485076904296875">
        <ele>0</ele>
        <time>2016-09-28T12:50:14.000Z</time>
        <extensions>
          <ns3:TrackPointExtension/>
        </extensions>
      </trkpt>
      <trkpt lat="24.49707786552608013153076171875" lon="118.1425247155129909515380859375">
        <ele>0</ele>
        <time>2016-09-28T12:50:19.000Z</time>
        <extensions>
          <ns3:TrackPointExtension/>
        </extensions>
      </trkpt>
      <trkpt lat="24.497100748121738433837890625" lon="118.14253234304487705230712890625">
        <ele>0</ele>
        <time>2016-09-28T12:50:24.000Z</time>
        <extensions>
          <ns3:TrackPointExtension/>
        </extensions>
      </trkpt>
      <trkpt lat="24.4971237145364284515380859375" lon="118.142539970576763153076171875">
        <ele>0</ele>
        <time>2016-09-28T12:50:29.000Z</time>
        <extensions>
          <ns3:TrackPointExtension/>
        </extensions>
      </trkpt>
      <trkpt lat="24.49714659713208675384521484375" lon="118.14254759810864925384521484375">
        <ele>0</ele>
        <time>2016-09-28T12:50:34.000Z</time>
        <extensions>
          <ns3:TrackPointExtension/>
        </extensions>
      </trkpt>
      <trkpt lat="24.49716755189001560211181640625" lon="118.1425552256405353546142578125">
        <ele>0</ele>
        <time>2016-09-28T12:50:39.000Z</time>
        <extensions>
          <ns3:TrackPointExtension/>
        </extensions>
      </trkpt>
      <trkpt lat="24.49718850664794445037841796875" lon="118.14257048070430755615234375">
        <ele>0</ele>
        <time>2016-09-28T12:50:44.000Z</time>
        <extensions>
          <ns3:TrackPointExtension/>
        </extensions>
      </trkpt>
      <trkpt lat="24.497211389243602752685546875" lon="118.14257810823619365692138671875">
        <ele>0</ele>
        <time>2016-09-28T12:50:49.000Z</time>
        <extensions>
          <ns3:TrackPointExtension/>
        </extensions>
      </trkpt>
      <trkpt lat="24.49723427183926105499267578125" lon="118.14259336329996585845947265625">
        <ele>0</ele>
        <time>2016-09-28T12:50:54.000Z</time>
        <extensions>
          <ns3:TrackPointExtension/>
        </extensions>
      </trkpt>
      <trkpt lat="24.497261010110378265380859375" lon="118.142600990831851959228515625">
        <ele>0</ele>
        <time>2016-09-28T12:50:59.000Z</time>
        <extensions>
          <ns3:TrackPointExtension/>
        </extensions>
      </trkpt>
      <trkpt lat="24.49728959240019321441650390625" lon="118.1426162458956241607666015625">
        <ele>0</ele>
        <time>2016-09-28T12:51:04.000Z</time>
        <extensions>
          <ns3:TrackPointExtension/>
        </extensions>
      </trkpt>
      <trkpt lat="24.4973163306713104248046875" lon="118.14262387342751026153564453125">
        <ele>0</ele>
        <time>2016-09-28T12:51:09.000Z</time>
        <extensions>
          <ns3:TrackPointExtension/>
        </extensions>
      </trkpt>
      <trkpt lat="24.49734114110469818115234375" lon="118.1426315009593963623046875">
        <ele>0</ele>
        <time>2016-09-28T12:51:14.000Z</time>
        <extensions>
          <ns3:TrackPointExtension/>
        </extensions>
      </trkpt>
      <trkpt lat="24.4973659515380859375" lon="118.14263912849128246307373046875">
        <ele>0</ele>
        <time>2016-09-28T12:51:19.000Z</time>
        <extensions>
          <ns3:TrackPointExtension/>
        </extensions>
      </trkpt>
      <trkpt lat="24.49739067815244197845458984375" lon="118.1426467560231685638427734375">
        <ele>0</ele>
        <time>2016-09-28T12:51:24.000Z</time>
        <extensions>
          <ns3:TrackPointExtension/>
        </extensions>
      </trkpt>
      <trkpt lat="24.49741548858582973480224609375" lon="118.142662011086940765380859375">
        <ele>0</ele>
        <time>2016-09-28T12:51:29.000Z</time>
        <extensions>
          <ns3:TrackPointExtension/>
        </extensions>
      </trkpt>
      <trkpt lat="24.497438371181488037109375" lon="118.14266963861882686614990234375">
        <ele>0</ele>
        <time>2016-09-28T12:51:34.000Z</time>
        <extensions>
          <ns3:TrackPointExtension/>
        </extensions>
      </trkpt>
      <trkpt lat="24.49745940975844860076904296875" lon="118.14266963861882686614990234375">
        <ele>0</ele>
        <time>2016-09-28T12:51:39.000Z</time>
        <extensions>
          <ns3:TrackPointExtension/>
        </extensions>
      </trkpt>
      <trkpt lat="24.4974841363728046417236328125" lon="118.1426772661507129669189453125">
        <ele>0</ele>
        <time>2016-09-28T12:51:44.000Z</time>
        <extensions>
          <ns3:TrackPointExtension/>
        </extensions>
      </trkpt>
      <trkpt lat="24.49751087464392185211181640625" lon="118.14268489368259906768798828125">
        <ele>0</ele>
        <time>2016-09-28T12:51:49.000Z</time>
        <extensions>
          <ns3:TrackPointExtension/>
        </extensions>
      </trkpt>
      <trkpt lat="24.4975394569337368011474609375" lon="118.14269252121448516845703125">
        <ele>0</ele>
        <time>2016-09-28T12:51:54.000Z</time>
        <extensions>
          <ns3:TrackPointExtension/>
        </extensions>
      </trkpt>
      <trkpt lat="24.497568123042583465576171875" lon="118.1427077762782573699951171875">
        <ele>0</ele>
        <time>2016-09-28T12:51:59.000Z</time>
        <extensions>
          <ns3:TrackPointExtension/>
        </extensions>
      </trkpt>
      <trkpt lat="24.4975947774946689605712890625" lon="118.14271540381014347076416015625">
        <ele>0</ele>
        <time>2016-09-28T12:52:04.000Z</time>
        <extensions>
          <ns3:TrackPointExtension/>
        </extensions>
      </trkpt>
      <trkpt lat="24.49762151576578617095947265625" lon="118.142723031342029571533203125">
        <ele>0</ele>
        <time>2016-09-28T12:52:09.000Z</time>
        <extensions>
          <ns3:TrackPointExtension/>
        </extensions>
      </trkpt>
      <trkpt lat="24.49764817021787166595458984375" lon="118.14273065887391567230224609375">
        <ele>0</ele>
        <time>2016-09-28T12:52:14.000Z</time>
        <extensions>
          <ns3:TrackPointExtension/>
        </extensions>
      </trkpt>
      <trkpt lat="24.49767683632671833038330078125" lon="118.1427382864058017730712890625">
        <ele>0</ele>
        <time>2016-09-28T12:52:19.000Z</time>
        <extensions>
          <ns3:TrackPointExtension/>
        </extensions>
      </trkpt>
      <trkpt lat="24.49770349077880382537841796875" lon="118.14274591393768787384033203125">
        <ele>0</ele>
        <time>2016-09-28T12:52:24.000Z</time>
        <extensions>
          <ns3:TrackPointExtension/>
        </extensions>
      </trkpt>
      <trkpt lat="24.4977302290499210357666015625" lon="118.142753541469573974609375">
        <ele>0</ele>
        <time>2016-09-28T12:52:29.000Z</time>
        <extensions>
          <ns3:TrackPointExtension/>
        </extensions>
      </trkpt>
      <trkpt lat="24.49775881133973598480224609375" lon="118.14276116900146007537841796875">
        <ele>0</ele>
        <time>2016-09-28T12:52:34.000Z</time>
        <extensions>
          <ns3:TrackPointExtension/>
        </extensions>
      </trkpt>
      <trkpt lat="24.4977855496108531951904296875" lon="118.1427687965333461761474609375">
        <ele>0</ele>
        <time>2016-09-28T12:52:39.000Z</time>
        <extensions>
          <ns3:TrackPointExtension/>
        </extensions>
      </trkpt>
      <trkpt lat="24.4978103600442409515380859375" lon="118.14277642406523227691650390625">
        <ele>0</ele>
        <time>2016-09-28T12:52:44.000Z</time>
        <extensions>
          <ns3:TrackPointExtension/>
        </extensions>
      </trkpt>
      <trkpt lat="24.497837014496326446533203125" lon="118.14277642406523227691650390625">
        <ele>0</ele>
        <time>2016-09-28T12:52:49.000Z</time>
        <extensions>
          <ns3:TrackPointExtension/>
        </extensions>
      </trkpt>
      <trkpt lat="24.497861824929714202880859375" lon="118.142784051597118377685546875">
        <ele>0</ele>
        <time>2016-09-28T12:52:54.000Z</time>
        <extensions>
          <ns3:TrackPointExtension/>
        </extensions>
      </trkpt>
      <trkpt lat="24.49788470752537250518798828125" lon="118.14279167912900447845458984375">
        <ele>0</ele>
        <time>2016-09-28T12:52:59.000Z</time>
        <extensions>
          <ns3:TrackPointExtension/>
        </extensions>
      </trkpt>
      <trkpt lat="24.4979075901210308074951171875" lon="118.1427993066608905792236328125">
        <ele>0</ele>
        <time>2016-09-28T12:53:04.000Z</time>
        <extensions>
          <ns3:TrackPointExtension/>
        </extensions>
      </trkpt>
      <trkpt lat="24.49792854487895965576171875" lon="118.14280693419277667999267578125">
        <ele>0</ele>
        <time>2016-09-28T12:53:09.000Z</time>
        <extensions>
          <ns3:TrackPointExtension/>
        </extensions>
      </trkpt>
      <trkpt lat="24.49795142747461795806884765625" lon="118.14281456172466278076171875">
        <ele>0</ele>
        <time>2016-09-28T12:53:14.000Z</time>
        <extensions>
          <ns3:TrackPointExtension/>
        </extensions>
      </trkpt>
      <trkpt lat="24.497972466051578521728515625" lon="118.14282218925654888153076171875">
        <ele>0</ele>
        <time>2016-09-28T12:53:19.000Z</time>
        <extensions>
          <ns3:TrackPointExtension/>
        </extensions>
      </trkpt>
      <trkpt lat="24.497997276484966278076171875" lon="118.1428298167884349822998046875">
        <ele>0</ele>
        <time>2016-09-28T12:53:24.000Z</time>
        <extensions>
          <ns3:TrackPointExtension/>
        </extensions>
      </trkpt>
      <trkpt lat="24.49802200309932231903076171875" lon="118.14283744432032108306884765625">
        <ele>0</ele>
        <time>2016-09-28T12:53:29.000Z</time>
        <extensions>
          <ns3:TrackPointExtension/>
        </extensions>
      </trkpt>
      <trkpt lat="24.4980487413704395294189453125" lon="118.142845071852207183837890625">
        <ele>0</ele>
        <time>2016-09-28T12:53:34.000Z</time>
        <extensions>
          <ns3:TrackPointExtension/>
        </extensions>
      </trkpt>
      <trkpt lat="24.4980735518038272857666015625" lon="118.142852783203125">
        <ele>0</ele>
        <time>2016-09-28T12:53:39.000Z</time>
        <extensions>
          <ns3:TrackPointExtension/>
        </extensions>
      </trkpt>
      <trkpt lat="24.49810020625591278076171875" lon="118.14286041073501110076904296875">
        <ele>0</ele>
        <time>2016-09-28T12:53:44.000Z</time>
        <extensions>
          <ns3:TrackPointExtension/>
        </extensions>
      </trkpt>
      <trkpt lat="24.498125016689300537109375" lon="118.1428680382668972015380859375">
        <ele>0</ele>
        <time>2016-09-28T12:53:49.000Z</time>
        <extensions>
          <ns3:TrackPointExtension/>
        </extensions>
      </trkpt>
      <trkpt lat="24.49815175496041774749755859375" lon="118.142883293330669403076171875">
        <ele>0</ele>
        <time>2016-09-28T12:53:54.000Z</time>
        <extensions>
          <ns3:TrackPointExtension/>
        </extensions>
      </trkpt>
      <trkpt lat="24.49817840941250324249267578125" lon="118.14289092086255550384521484375">
        <ele>0</ele>
        <time>2016-09-28T12:53:59.000Z</time>
        <extensions>
          <ns3:TrackPointExtension/>
        </extensions>
      </trkpt>
      <trkpt lat="24.498205147683620452880859375" lon="118.1428985483944416046142578125">
        <ele>0</ele>
        <time>2016-09-28T12:54:04.000Z</time>
        <extensions>
          <ns3:TrackPointExtension/>
        </extensions>
      </trkpt>
      <trkpt lat="24.49823372997343540191650390625" lon="118.14290617592632770538330078125">
        <ele>0</ele>
        <time>2016-09-28T12:54:09.000Z</time>
        <extensions>
          <ns3:TrackPointExtension/>
        </extensions>
      </trkpt>
      <trkpt lat="24.49826239608228206634521484375" lon="118.14292143099009990692138671875">
        <ele>0</ele>
        <time>2016-09-28T12:54:14.000Z</time>
        <extensions>
          <ns3:TrackPointExtension/>
        </extensions>
      </trkpt>
      <trkpt lat="24.49828527867794036865234375" lon="118.1429290585219860076904296875">
        <ele>0</ele>
        <time>2016-09-28T12:54:19.000Z</time>
        <extensions>
          <ns3:TrackPointExtension/>
        </extensions>
      </trkpt>
      <trkpt lat="24.49830816127359867095947265625" lon="118.14293668605387210845947265625">
        <ele>0</ele>
        <time>2016-09-28T12:54:24.000Z</time>
        <extensions>
          <ns3:TrackPointExtension/>
        </extensions>
      </trkpt>
      <trkpt lat="24.4983310438692569732666015625" lon="118.142944313585758209228515625">
        <ele>0</ele>
        <time>2016-09-28T12:54:29.000Z</time>
        <extensions>
          <ns3:TrackPointExtension/>
        </extensions>
      </trkpt>
      <trkpt lat="24.49835769832134246826171875" lon="118.14295194111764430999755859375">
        <ele>0</ele>
        <time>2016-09-28T12:54:34.000Z</time>
        <extensions>
          <ns3:TrackPointExtension/>
        </extensions>
      </trkpt>
      <trkpt lat="24.498382508754730224609375" lon="118.14295194111764430999755859375">
        <ele>0</ele>
        <time>2016-09-28T12:54:39.000Z</time>
        <extensions>
          <ns3:TrackPointExtension/>
        </extensions>
      </trkpt>
      <trkpt lat="24.49840924702584743499755859375" lon="118.1429595686495304107666015625">
        <ele>0</ele>
        <time>2016-09-28T12:54:44.000Z</time>
        <extensions>
          <ns3:TrackPointExtension/>
        </extensions>
      </trkpt>
      <trkpt lat="24.49843590147793292999267578125" lon="118.14296719618141651153564453125">
        <ele>0</ele>
        <time>2016-09-28T12:54:49.000Z</time>
        <extensions>
          <ns3:TrackPointExtension/>
        </extensions>
      </trkpt>
      <trkpt lat="24.498462639749050140380859375" lon="118.1429748237133026123046875">
        <ele>0</ele>
        <time>2016-09-28T12:54:54.000Z</time>
        <extensions>
          <ns3:TrackPointExtension/>
        </extensions>
      </trkpt>
      <trkpt lat="24.498487450182437896728515625" lon="118.1429900787770748138427734375">
        <ele>0</ele>
        <time>2016-09-28T12:54:59.000Z</time>
        <extensions>
          <ns3:TrackPointExtension/>
        </extensions>
      </trkpt>
      <trkpt lat="24.498512260615825653076171875" lon="118.14299770630896091461181640625">
        <ele>0</ele>
        <time>2016-09-28T12:55:04.000Z</time>
        <extensions>
          <ns3:TrackPointExtension/>
        </extensions>
      </trkpt>
      <trkpt lat="24.4985389150679111480712890625" lon="118.143005333840847015380859375">
        <ele>0</ele>
        <time>2016-09-28T12:55:09.000Z</time>
        <extensions>
          <ns3:TrackPointExtension/>
        </extensions>
      </trkpt>
      <trkpt lat="24.4985637255012989044189453125" lon="118.1430205889046192169189453125">
        <ele>0</ele>
        <time>2016-09-28T12:55:14.000Z</time>
        <extensions>
          <ns3:TrackPointExtension/>
        </extensions>
      </trkpt>
      <trkpt lat="24.4985885359346866607666015625" lon="118.1430205889046192169189453125">
        <ele>0</ele>
        <time>2016-09-28T12:55:19.000Z</time>
        <extensions>
          <ns3:TrackPointExtension/>
        </extensions>
      </trkpt>
      <trkpt lat="24.4986133463680744171142578125" lon="118.14302821643650531768798828125">
        <ele>0</ele>
        <time>2016-09-28T12:55:24.000Z</time>
        <extensions>
          <ns3:TrackPointExtension/>
        </extensions>
      </trkpt>
      <trkpt lat="24.49863622896373271942138671875" lon="118.14302821643650531768798828125">
        <ele>0</ele>
        <time>2016-09-28T12:55:29.000Z</time>
        <extensions>
          <ns3:TrackPointExtension/>
        </extensions>
      </trkpt>
      <trkpt lat="24.49866288341581821441650390625" lon="118.14303584396839141845703125">
        <ele>0</ele>
        <time>2016-09-28T12:55:34.000Z</time>
        <extensions>
          <ns3:TrackPointExtension/>
        </extensions>
      </trkpt>
      <trkpt lat="24.4986896216869354248046875" lon="118.14304347150027751922607421875">
        <ele>0</ele>
        <time>2016-09-28T12:55:39.000Z</time>
        <extensions>
          <ns3:TrackPointExtension/>
        </extensions>
      </trkpt>
      <trkpt lat="24.49871820397675037384033203125" lon="118.14305872656404972076416015625">
        <ele>0</ele>
        <time>2016-09-28T12:55:44.000Z</time>
        <extensions>
          <ns3:TrackPointExtension/>
        </extensions>
      </trkpt>
      <trkpt lat="24.49874687008559703826904296875" lon="118.143066354095935821533203125">
        <ele>0</ele>
        <time>2016-09-28T12:55:49.000Z</time>
        <extensions>
          <ns3:TrackPointExtension/>
        </extensions>
      </trkpt>
      <trkpt lat="24.49877352453768253326416015625" lon="118.14308923669159412384033203125">
        <ele>0</ele>
        <time>2016-09-28T12:55:54.000Z</time>
        <extensions>
          <ns3:TrackPointExtension/>
        </extensions>
      </trkpt>
      <trkpt lat="24.49879833497107028961181640625" lon="118.14310449175536632537841796875">
        <ele>0</ele>
        <time>2016-09-28T12:55:59.000Z</time>
        <extensions>
          <ns3:TrackPointExtension/>
        </extensions>
      </trkpt>
      <trkpt lat="24.498817361891269683837890625" lon="118.143127374351024627685546875">
        <ele>0</ele>
        <time>2016-09-28T12:56:04.000Z</time>
        <extensions>
          <ns3:TrackPointExtension/>
        </extensions>
      </trkpt>
      <trkpt lat="24.498830772936344146728515625" lon="118.14315788447856903076171875">
        <ele>0</ele>
        <time>2016-09-28T12:56:09.000Z</time>
        <extensions>
          <ns3:TrackPointExtension/>
        </extensions>
      </trkpt>
      <trkpt lat="24.49883647263050079345703125" lon="118.143188394606113433837890625">
        <ele>0</ele>
        <time>2016-09-28T12:56:14.000Z</time>
        <extensions>
          <ns3:TrackPointExtension/>
        </extensions>
      </trkpt>
      <trkpt lat="24.49883647263050079345703125" lon="118.143226616084575653076171875">
        <ele>0</ele>
        <time>2016-09-28T12:56:19.000Z</time>
        <extensions>
          <ns3:TrackPointExtension/>
        </extensions>
      </trkpt>
      <trkpt lat="24.49883647263050079345703125" lon="118.14325712621212005615234375">
        <ele>0</ele>
        <time>2016-09-28T12:56:24.000Z</time>
        <extensions>
          <ns3:TrackPointExtension/>
        </extensions>
      </trkpt>
      <trkpt lat="24.49883270077407360076904296875" lon="118.14328000880777835845947265625">
        <ele>0</ele>
        <time>2016-09-28T12:56:29.000Z</time>
        <extensions>
          <ns3:TrackPointExtension/>
        </extensions>
      </trkpt>
      <trkpt lat="24.498830772936344146728515625" lon="118.14331051893532276153564453125">
        <ele>0</ele>
        <time>2016-09-28T12:56:34.000Z</time>
        <extensions>
          <ns3:TrackPointExtension/>
        </extensions>
      </trkpt>
      <trkpt lat="24.4988269172608852386474609375" lon="118.1433334015309810638427734375">
        <ele>0</ele>
        <time>2016-09-28T12:56:39.000Z</time>
        <extensions>
          <ns3:TrackPointExtension/>
        </extensions>
      </trkpt>
      <trkpt lat="24.4988212175667285919189453125" lon="118.1433639116585254669189453125">
        <ele>0</ele>
        <time>2016-09-28T12:56:44.000Z</time>
        <extensions>
          <ns3:TrackPointExtension/>
        </extensions>
      </trkpt>
      <trkpt lat="24.4988155178725719451904296875" lon="118.1433944217860698699951171875">
        <ele>0</ele>
        <time>2016-09-28T12:56:49.000Z</time>
        <extensions>
          <ns3:TrackPointExtension/>
        </extensions>
      </trkpt>
      <trkpt lat="24.49880789034068584442138671875" lon="118.1434249319136142730712890625">
        <ele>0</ele>
        <time>2016-09-28T12:56:54.000Z</time>
        <extensions>
          <ns3:TrackPointExtension/>
        </extensions>
      </trkpt>
      <trkpt lat="24.49880026280879974365234375" lon="118.1434554420411586761474609375">
        <ele>0</ele>
        <time>2016-09-28T12:56:59.000Z</time>
        <extensions>
          <ns3:TrackPointExtension/>
        </extensions>
      </trkpt>
      <trkpt lat="24.49879263527691364288330078125" lon="118.14349357970058917999267578125">
        <ele>0</ele>
        <time>2016-09-28T12:57:04.000Z</time>
        <extensions>
          <ns3:TrackPointExtension/>
        </extensions>
      </trkpt>
      <trkpt lat="24.498781152069568634033203125" lon="118.14352408982813358306884765625">
        <ele>0</ele>
        <time>2016-09-28T12:57:09.000Z</time>
        <extensions>
          <ns3:TrackPointExtension/>
        </extensions>
      </trkpt>
      <trkpt lat="24.49877352453768253326416015625" lon="118.1435546837747097015380859375">
        <ele>0</ele>
        <time>2016-09-28T12:57:14.000Z</time>
        <extensions>
          <ns3:TrackPointExtension/>
        </extensions>
      </trkpt>
      <trkpt lat="24.49876396916806697845458984375" lon="118.1435851939022541046142578125">
        <ele>0</ele>
        <time>2016-09-28T12:57:19.000Z</time>
        <extensions>
          <ns3:TrackPointExtension/>
        </extensions>
      </trkpt>
      <trkpt lat="24.498756341636180877685546875" lon="118.1436157040297985076904296875">
        <ele>0</ele>
        <time>2016-09-28T12:57:24.000Z</time>
        <extensions>
          <ns3:TrackPointExtension/>
        </extensions>
      </trkpt>
      <trkpt lat="24.49875064194202423095703125" lon="118.1436462141573429107666015625">
        <ele>0</ele>
        <time>2016-09-28T12:57:29.000Z</time>
        <extensions>
          <ns3:TrackPointExtension/>
        </extensions>
      </trkpt>
      <trkpt lat="24.49874871410429477691650390625" lon="118.14366909675300121307373046875">
        <ele>0</ele>
        <time>2016-09-28T12:57:34.000Z</time>
        <extensions>
          <ns3:TrackPointExtension/>
        </extensions>
      </trkpt>
      <trkpt lat="24.49874687008559703826904296875" lon="118.143691979348659515380859375">
        <ele>0</ele>
        <time>2016-09-28T12:57:39.000Z</time>
        <extensions>
          <ns3:TrackPointExtension/>
        </extensions>
      </trkpt>
      <trkpt lat="24.49874301441013813018798828125" lon="118.14371486194431781768798828125">
        <ele>0</ele>
        <time>2016-09-28T12:57:44.000Z</time>
        <extensions>
          <ns3:TrackPointExtension/>
        </extensions>
      </trkpt>
      <trkpt lat="24.49873731471598148345947265625" lon="118.143752999603748321533203125">
        <ele>0</ele>
        <time>2016-09-28T12:57:49.000Z</time>
        <extensions>
          <ns3:TrackPointExtension/>
        </extensions>
      </trkpt>
      <trkpt lat="24.4987296871840953826904296875" lon="118.14379113726317882537841796875">
        <ele>0</ele>
        <time>2016-09-28T12:57:54.000Z</time>
        <extensions>
          <ns3:TrackPointExtension/>
        </extensions>
      </trkpt>
      <trkpt lat="24.49872205965220928192138671875" lon="118.1438292749226093292236328125">
        <ele>0</ele>
        <time>2016-09-28T12:57:59.000Z</time>
        <extensions>
          <ns3:TrackPointExtension/>
        </extensions>
      </trkpt>
      <trkpt lat="24.49871443212032318115234375" lon="118.14386741258203983306884765625">
        <ele>0</ele>
        <time>2016-09-28T12:58:04.000Z</time>
        <extensions>
          <ns3:TrackPointExtension/>
        </extensions>
      </trkpt>
      <trkpt lat="24.49870680458843708038330078125" lon="118.14390563406050205230712890625">
        <ele>0</ele>
        <time>2016-09-28T12:58:09.000Z</time>
        <extensions>
          <ns3:TrackPointExtension/>
        </extensions>
      </trkpt>
      <trkpt lat="24.49869724921882152557373046875" lon="118.14393614418804645538330078125">
        <ele>0</ele>
        <time>2016-09-28T12:58:14.000Z</time>
        <extensions>
          <ns3:TrackPointExtension/>
        </extensions>
      </trkpt>
      <trkpt lat="24.49868769384920597076416015625" lon="118.14396665431559085845947265625">
        <ele>0</ele>
        <time>2016-09-28T12:58:19.000Z</time>
        <extensions>
          <ns3:TrackPointExtension/>
        </extensions>
      </trkpt>
      <trkpt lat="24.4986800663173198699951171875" lon="118.14399716444313526153564453125">
        <ele>0</ele>
        <time>2016-09-28T12:58:24.000Z</time>
        <extensions>
          <ns3:TrackPointExtension/>
        </extensions>
      </trkpt>
      <trkpt lat="24.4986743666231632232666015625" lon="118.1440200470387935638427734375">
        <ele>0</ele>
        <time>2016-09-28T12:58:29.000Z</time>
        <extensions>
          <ns3:TrackPointExtension/>
        </extensions>
      </trkpt>
      <trkpt lat="24.49866673909127712249755859375" lon="118.1440505571663379669189453125">
        <ele>0</ele>
        <time>2016-09-28T12:58:34.000Z</time>
        <extensions>
          <ns3:TrackPointExtension/>
        </extensions>
      </trkpt>
      <trkpt lat="24.49865718372166156768798828125" lon="118.14407343976199626922607421875">
        <ele>0</ele>
        <time>2016-09-28T12:58:39.000Z</time>
        <extensions>
          <ns3:TrackPointExtension/>
        </extensions>
      </trkpt>
      <trkpt lat="24.4986495561897754669189453125" lon="118.14410394988954067230224609375">
        <ele>0</ele>
        <time>2016-09-28T12:58:44.000Z</time>
        <extensions>
          <ns3:TrackPointExtension/>
        </extensions>
      </trkpt>
      <trkpt lat="24.498640000820159912109375" lon="118.14413446001708507537841796875">
        <ele>0</ele>
        <time>2016-09-28T12:58:49.000Z</time>
        <extensions>
          <ns3:TrackPointExtension/>
        </extensions>
      </trkpt>
      <trkpt lat="24.4986304454505443572998046875" lon="118.144157342612743377685546875">
        <ele>0</ele>
        <time>2016-09-28T12:58:54.000Z</time>
        <extensions>
          <ns3:TrackPointExtension/>
        </extensions>
      </trkpt>
      <trkpt lat="24.49862281791865825653076171875" lon="118.14418785274028778076171875">
        <ele>0</ele>
        <time>2016-09-28T12:58:59.000Z</time>
        <extensions>
          <ns3:TrackPointExtension/>
        </extensions>
      </trkpt>
      <trkpt lat="24.4986133463680744171142578125" lon="118.14421073533594608306884765625">
        <ele>0</ele>
        <time>2016-09-28T12:59:04.000Z</time>
        <extensions>
          <ns3:TrackPointExtension/>
        </extensions>
      </trkpt>
      <trkpt lat="24.49860756285488605499267578125" lon="118.1442413292825222015380859375">
        <ele>0</ele>
        <time>2016-09-28T12:59:09.000Z</time>
        <extensions>
          <ns3:TrackPointExtension/>
        </extensions>
      </trkpt>
      <trkpt lat="24.49860186316072940826416015625" lon="118.14426421187818050384521484375">
        <ele>0</ele>
        <time>2016-09-28T12:59:14.000Z</time>
        <extensions>
          <ns3:TrackPointExtension/>
        </extensions>
      </trkpt>
      <trkpt lat="24.49859616346657276153564453125" lon="118.14429472200572490692138671875">
        <ele>0</ele>
        <time>2016-09-28T12:59:19.000Z</time>
        <extensions>
          <ns3:TrackPointExtension/>
        </extensions>
      </trkpt>
      <trkpt lat="24.49859230779111385345458984375" lon="118.14432523213326930999755859375">
        <ele>0</ele>
        <time>2016-09-28T12:59:24.000Z</time>
        <extensions>
          <ns3:TrackPointExtension/>
        </extensions>
      </trkpt>
      <trkpt lat="24.4985885359346866607666015625" lon="118.1443481147289276123046875">
        <ele>0</ele>
        <time>2016-09-28T12:59:29.000Z</time>
        <extensions>
          <ns3:TrackPointExtension/>
        </extensions>
      </trkpt>
      <trkpt lat="24.49858660809695720672607421875" lon="118.144378624856472015380859375">
        <ele>0</ele>
        <time>2016-09-28T12:59:34.000Z</time>
        <extensions>
          <ns3:TrackPointExtension/>
        </extensions>
      </trkpt>
      <trkpt lat="24.498584680259227752685546875" lon="118.14440913498401641845703125">
        <ele>0</ele>
        <time>2016-09-28T12:59:39.000Z</time>
        <extensions>
          <ns3:TrackPointExtension/>
        </extensions>
      </trkpt>
      <trkpt lat="24.4985828362405300140380859375" lon="118.144439645111560821533203125">
        <ele>0</ele>
        <time>2016-09-28T12:59:44.000Z</time>
        <extensions>
          <ns3:TrackPointExtension/>
        </extensions>
      </trkpt>
      <trkpt lat="24.49858090840280055999755859375" lon="118.144470155239105224609375">
        <ele>0</ele>
        <time>2016-09-28T12:59:49.000Z</time>
        <extensions>
          <ns3:TrackPointExtension/>
        </extensions>
      </trkpt>
      <trkpt lat="24.49857705272734165191650390625" lon="118.144500665366649627685546875">
        <ele>0</ele>
        <time>2016-09-28T12:59:54.000Z</time>
        <extensions>
          <ns3:TrackPointExtension/>
        </extensions>
      </trkpt>
      <trkpt lat="24.49857135303318500518798828125" lon="118.14453117549419403076171875">
        <ele>0</ele>
        <time>2016-09-28T12:59:59.000Z</time>
        <extensions>
          <ns3:TrackPointExtension/>
        </extensions>
      </trkpt>
      <trkpt lat="24.49856179766356945037841796875" lon="118.144561685621738433837890625">
        <ele>0</ele>
        <time>2016-09-28T13:00:04.000Z</time>
        <extensions>
          <ns3:TrackPointExtension/>
        </extensions>
      </trkpt>
      <trkpt lat="24.49855224229395389556884765625" lon="118.14459227956831455230712890625">
        <ele>0</ele>
        <time>2016-09-28T13:00:09.000Z</time>
        <extensions>
          <ns3:TrackPointExtension/>
        </extensions>
      </trkpt>
      <trkpt lat="24.49854277074337005615234375" lon="118.1446151621639728546142578125">
        <ele>0</ele>
        <time>2016-09-28T13:00:14.000Z</time>
        <extensions>
          <ns3:TrackPointExtension/>
        </extensions>
      </trkpt>
      <trkpt lat="24.49853514321148395538330078125" lon="118.1446456722915172576904296875">
        <ele>0</ele>
        <time>2016-09-28T13:00:19.000Z</time>
        <extensions>
          <ns3:TrackPointExtension/>
        </extensions>
      </trkpt>
      <trkpt lat="24.4985275156795978546142578125" lon="118.14468380995094776153564453125">
        <ele>0</ele>
        <time>2016-09-28T13:00:24.000Z</time>
        <extensions>
          <ns3:TrackPointExtension/>
        </extensions>
      </trkpt>
      <trkpt lat="24.49851988814771175384521484375" lon="118.14471432007849216461181640625">
        <ele>0</ele>
        <time>2016-09-28T13:00:29.000Z</time>
        <extensions>
          <ns3:TrackPointExtension/>
        </extensions>
      </trkpt>
      <trkpt lat="24.49851033277809619903564453125" lon="118.14474483020603656768798828125">
        <ele>0</ele>
        <time>2016-09-28T13:00:34.000Z</time>
        <extensions>
          <ns3:TrackPointExtension/>
        </extensions>
      </trkpt>
      <trkpt lat="24.498498849570751190185546875" lon="118.14476008526980876922607421875">
        <ele>0</ele>
        <time>2016-09-28T13:00:39.000Z</time>
        <extensions>
          <ns3:TrackPointExtension/>
        </extensions>
      </trkpt>
      <trkpt lat="24.498487450182437896728515625" lon="118.144782967865467071533203125">
        <ele>0</ele>
        <time>2016-09-28T13:00:44.000Z</time>
        <extensions>
          <ns3:TrackPointExtension/>
        </extensions>
      </trkpt>
      <trkpt lat="24.49847596697509288787841796875" lon="118.144813477993011474609375">
        <ele>0</ele>
        <time>2016-09-28T13:00:49.000Z</time>
        <extensions>
          <ns3:TrackPointExtension/>
        </extensions>
      </trkpt>
      <trkpt lat="24.49846456758677959442138671875" lon="118.144843988120555877685546875">
        <ele>0</ele>
        <time>2016-09-28T13:00:54.000Z</time>
        <extensions>
          <ns3:TrackPointExtension/>
        </extensions>
      </trkpt>
      <trkpt lat="24.49845501221716403961181640625" lon="118.14487449824810028076171875">
        <ele>0</ele>
        <time>2016-09-28T13:00:59.000Z</time>
        <extensions>
          <ns3:TrackPointExtension/>
        </extensions>
      </trkpt>
      <trkpt lat="24.49844545684754848480224609375" lon="118.144905008375644683837890625">
        <ele>0</ele>
        <time>2016-09-28T13:01:04.000Z</time>
        <extensions>
          <ns3:TrackPointExtension/>
        </extensions>
      </trkpt>
      <trkpt lat="24.498437829315662384033203125" lon="118.1449279747903347015380859375">
        <ele>0</ele>
        <time>2016-09-28T13:01:09.000Z</time>
        <extensions>
          <ns3:TrackPointExtension/>
        </extensions>
      </trkpt>
      <trkpt lat="24.4984282739460468292236328125" lon="118.1449584849178791046142578125">
        <ele>0</ele>
        <time>2016-09-28T13:01:14.000Z</time>
        <extensions>
          <ns3:TrackPointExtension/>
        </extensions>
      </trkpt>
      <trkpt lat="24.4984225742518901824951171875" lon="118.14498136751353740692138671875">
        <ele>0</ele>
        <time>2016-09-28T13:01:19.000Z</time>
        <extensions>
          <ns3:TrackPointExtension/>
        </extensions>
      </trkpt>
      <trkpt lat="24.4984168745577335357666015625" lon="118.1450195051729679107666015625">
        <ele>0</ele>
        <time>2016-09-28T13:01:24.000Z</time>
        <extensions>
          <ns3:TrackPointExtension/>
        </extensions>
      </trkpt>
      <trkpt lat="24.4984111748635768890380859375" lon="118.1450500153005123138427734375">
        <ele>0</ele>
        <time>2016-09-28T13:01:29.000Z</time>
        <extensions>
          <ns3:TrackPointExtension/>
        </extensions>
      </trkpt>
      <trkpt lat="24.49840539135038852691650390625" lon="118.1450805254280567169189453125">
        <ele>0</ele>
        <time>2016-09-28T13:01:34.000Z</time>
        <extensions>
          <ns3:TrackPointExtension/>
        </extensions>
      </trkpt>
      <trkpt lat="24.49839969165623188018798828125" lon="118.14510340802371501922607421875">
        <ele>0</ele>
        <time>2016-09-28T13:01:39.000Z</time>
        <extensions>
          <ns3:TrackPointExtension/>
        </extensions>
      </trkpt>
      <trkpt lat="24.4983920641243457794189453125" lon="118.14513391815125942230224609375">
        <ele>0</ele>
        <time>2016-09-28T13:01:44.000Z</time>
        <extensions>
          <ns3:TrackPointExtension/>
        </extensions>
      </trkpt>
      <trkpt lat="24.49838443659245967864990234375" lon="118.145156800746917724609375">
        <ele>0</ele>
        <time>2016-09-28T13:01:49.000Z</time>
        <extensions>
          <ns3:TrackPointExtension/>
        </extensions>
      </trkpt>
      <trkpt lat="24.498376809060573577880859375" lon="118.1451720558106899261474609375">
        <ele>0</ele>
        <time>2016-09-28T13:01:54.000Z</time>
        <extensions>
          <ns3:TrackPointExtension/>
        </extensions>
      </trkpt>
      <trkpt lat="24.4983672536909580230712890625" lon="118.14519493840634822845458984375">
        <ele>0</ele>
        <time>2016-09-28T13:01:59.000Z</time>
        <extensions>
          <ns3:TrackPointExtension/>
        </extensions>
      </trkpt>
      <trkpt lat="24.49835769832134246826171875" lon="118.14521782100200653076171875">
        <ele>0</ele>
        <time>2016-09-28T13:02:04.000Z</time>
        <extensions>
          <ns3:TrackPointExtension/>
        </extensions>
      </trkpt>
      <trkpt lat="24.49834822677075862884521484375" lon="118.145248331129550933837890625">
        <ele>0</ele>
        <time>2016-09-28T13:02:09.000Z</time>
        <extensions>
          <ns3:TrackPointExtension/>
        </extensions>
      </trkpt>
      <trkpt lat="24.498340599238872528076171875" lon="118.1452712975442409515380859375">
        <ele>0</ele>
        <time>2016-09-28T13:02:14.000Z</time>
        <extensions>
          <ns3:TrackPointExtension/>
        </extensions>
      </trkpt>
      <trkpt lat="24.4983310438692569732666015625" lon="118.1453018076717853546142578125">
        <ele>0</ele>
        <time>2016-09-28T13:02:19.000Z</time>
        <extensions>
          <ns3:TrackPointExtension/>
        </extensions>
      </trkpt>
      <trkpt lat="24.49832148849964141845703125" lon="118.1453323177993297576904296875">
        <ele>0</ele>
        <time>2016-09-28T13:02:24.000Z</time>
        <extensions>
          <ns3:TrackPointExtension/>
        </extensions>
      </trkpt>
      <trkpt lat="24.4983119331300258636474609375" lon="118.1453628279268741607666015625">
        <ele>0</ele>
        <time>2016-09-28T13:02:29.000Z</time>
        <extensions>
          <ns3:TrackPointExtension/>
        </extensions>
      </trkpt>
      <trkpt lat="24.498302377760410308837890625" lon="118.1453933380544185638427734375">
        <ele>0</ele>
        <time>2016-09-28T13:02:34.000Z</time>
        <extensions>
          <ns3:TrackPointExtension/>
        </extensions>
      </trkpt>
      <trkpt lat="24.49829290620982646942138671875" lon="118.14541622065007686614990234375">
        <ele>0</ele>
        <time>2016-09-28T13:02:39.000Z</time>
        <extensions>
          <ns3:TrackPointExtension/>
        </extensions>
      </trkpt>
      <trkpt lat="24.49828335084021091461181640625" lon="118.14544673077762126922607421875">
        <ele>0</ele>
        <time>2016-09-28T13:02:44.000Z</time>
        <extensions>
          <ns3:TrackPointExtension/>
        </extensions>
      </trkpt>
      <trkpt lat="24.49827186763286590576171875" lon="118.14547724090516567230224609375">
        <ele>0</ele>
        <time>2016-09-28T13:02:49.000Z</time>
        <extensions>
          <ns3:TrackPointExtension/>
        </extensions>
      </trkpt>
      <trkpt lat="24.4982604682445526123046875" lon="118.145500123500823974609375">
        <ele>0</ele>
        <time>2016-09-28T13:02:54.000Z</time>
        <extensions>
          <ns3:TrackPointExtension/>
        </extensions>
      </trkpt>
      <trkpt lat="24.4982452131807804107666015625" lon="118.145530633628368377685546875">
        <ele>0</ele>
        <time>2016-09-28T13:02:59.000Z</time>
        <extensions>
          <ns3:TrackPointExtension/>
        </extensions>
      </trkpt>
      <trkpt lat="24.49823372997343540191650390625" lon="118.14555351622402667999267578125">
        <ele>0</ele>
        <time>2016-09-28T13:03:04.000Z</time>
        <extensions>
          <ns3:TrackPointExtension/>
        </extensions>
      </trkpt>
      <trkpt lat="24.49822233058512210845947265625" lon="118.14558402635157108306884765625">
        <ele>0</ele>
        <time>2016-09-28T13:03:09.000Z</time>
        <extensions>
          <ns3:TrackPointExtension/>
        </extensions>
      </trkpt>
      <trkpt lat="24.49821277521550655364990234375" lon="118.14560699276626110076904296875">
        <ele>0</ele>
        <time>2016-09-28T13:03:14.000Z</time>
        <extensions>
          <ns3:TrackPointExtension/>
        </extensions>
      </trkpt>
      <trkpt lat="24.49819944798946380615234375" lon="118.145629875361919403076171875">
        <ele>0</ele>
        <time>2016-09-28T13:03:19.000Z</time>
        <extensions>
          <ns3:TrackPointExtension/>
        </extensions>
      </trkpt>
      <trkpt lat="24.49818603694438934326171875" lon="118.14566038548946380615234375">
        <ele>0</ele>
        <time>2016-09-28T13:03:24.000Z</time>
        <extensions>
          <ns3:TrackPointExtension/>
        </extensions>
      </trkpt>
      <trkpt lat="24.4981746375560760498046875" lon="118.14568326808512210845947265625">
        <ele>0</ele>
        <time>2016-09-28T13:03:29.000Z</time>
        <extensions>
          <ns3:TrackPointExtension/>
        </extensions>
      </trkpt>
      <trkpt lat="24.49816315434873104095458984375" lon="118.14571377821266651153564453125">
        <ele>0</ele>
        <time>2016-09-28T13:03:34.000Z</time>
        <extensions>
          <ns3:TrackPointExtension/>
        </extensions>
      </trkpt>
      <trkpt lat="24.498155526816844940185546875" lon="118.1457366608083248138427734375">
        <ele>0</ele>
        <time>2016-09-28T13:03:39.000Z</time>
        <extensions>
          <ns3:TrackPointExtension/>
        </extensions>
      </trkpt>
      <trkpt lat="24.49815175496041774749755859375" lon="118.14575954340398311614990234375">
        <ele>0</ele>
        <time>2016-09-28T13:03:44.000Z</time>
        <extensions>
          <ns3:TrackPointExtension/>
        </extensions>
      </trkpt>
      <trkpt lat="24.49814605526626110076904296875" lon="118.14579005353152751922607421875">
        <ele>0</ele>
        <time>2016-09-28T13:03:49.000Z</time>
        <extensions>
          <ns3:TrackPointExtension/>
        </extensions>
      </trkpt>
      <trkpt lat="24.49814219959080219268798828125" lon="118.14582056365907192230224609375">
        <ele>0</ele>
        <time>2016-09-28T13:03:54.000Z</time>
        <extensions>
          <ns3:TrackPointExtension/>
        </extensions>
      </trkpt>
      <trkpt lat="24.49813264422118663787841796875" lon="118.14585107378661632537841796875">
        <ele>0</ele>
        <time>2016-09-28T13:03:59.000Z</time>
        <extensions>
          <ns3:TrackPointExtension/>
        </extensions>
      </trkpt>
      <trkpt lat="24.49811361730098724365234375" lon="118.14586632885038852691650390625">
        <ele>0</ele>
        <time>2016-09-28T13:04:04.000Z</time>
        <extensions>
          <ns3:TrackPointExtension/>
        </extensions>
      </trkpt>
      <trkpt lat="24.4980983622372150421142578125" lon="118.14588158391416072845458984375">
        <ele>0</ele>
        <time>2016-09-28T13:04:09.000Z</time>
        <extensions>
          <ns3:TrackPointExtension/>
        </extensions>
      </trkpt>
      <trkpt lat="24.49808687902987003326416015625" lon="118.14590446650981903076171875">
        <ele>0</ele>
        <time>2016-09-28T13:04:14.000Z</time>
        <extensions>
          <ns3:TrackPointExtension/>
        </extensions>
      </trkpt>
      <trkpt lat="24.4980735518038272857666015625" lon="118.14592734910547733306884765625">
        <ele>0</ele>
        <time>2016-09-28T13:04:19.000Z</time>
        <extensions>
          <ns3:TrackPointExtension/>
        </extensions>
      </trkpt>
      <trkpt lat="24.49806206859648227691650390625" lon="118.14595031552016735076904296875">
        <ele>0</ele>
        <time>2016-09-28T13:04:24.000Z</time>
        <extensions>
          <ns3:TrackPointExtension/>
        </extensions>
      </trkpt>
      <trkpt lat="24.4980544410645961761474609375" lon="118.145973198115825653076171875">
        <ele>0</ele>
        <time>2016-09-28T13:04:29.000Z</time>
        <extensions>
          <ns3:TrackPointExtension/>
        </extensions>
      </trkpt>
      <trkpt lat="24.4980487413704395294189453125" lon="118.14599608071148395538330078125">
        <ele>0</ele>
        <time>2016-09-28T13:04:34.000Z</time>
        <extensions>
          <ns3:TrackPointExtension/>
        </extensions>
      </trkpt>
      <trkpt lat="24.4980430416762828826904296875" lon="118.1460189633071422576904296875">
        <ele>0</ele>
        <time>2016-09-28T13:04:39.000Z</time>
        <extensions>
          <ns3:TrackPointExtension/>
        </extensions>
      </trkpt>
      <trkpt lat="24.49803541414439678192138671875" lon="118.14604184590280055999755859375">
        <ele>0</ele>
        <time>2016-09-28T13:04:44.000Z</time>
        <extensions>
          <ns3:TrackPointExtension/>
        </extensions>
      </trkpt>
      <trkpt lat="24.49802778661251068115234375" lon="118.14607235603034496307373046875">
        <ele>0</ele>
        <time>2016-09-28T13:04:49.000Z</time>
        <extensions>
          <ns3:TrackPointExtension/>
        </extensions>
      </trkpt>
      <trkpt lat="24.4980182312428951263427734375" lon="118.14610286615788936614990234375">
        <ele>0</ele>
        <time>2016-09-28T13:04:54.000Z</time>
        <extensions>
          <ns3:TrackPointExtension/>
        </extensions>
      </trkpt>
      <trkpt lat="24.49801060371100902557373046875" lon="118.14613337628543376922607421875">
        <ele>0</ele>
        <time>2016-09-28T13:04:59.000Z</time>
        <extensions>
          <ns3:TrackPointExtension/>
        </extensions>
      </trkpt>
      <trkpt lat="24.49800104834139347076416015625" lon="118.14616388641297817230224609375">
        <ele>0</ele>
        <time>2016-09-28T13:05:04.000Z</time>
        <extensions>
          <ns3:TrackPointExtension/>
        </extensions>
      </trkpt>
      <trkpt lat="24.4979934208095073699951171875" lon="118.14619439654052257537841796875">
        <ele>0</ele>
        <time>2016-09-28T13:05:09.000Z</time>
        <extensions>
          <ns3:TrackPointExtension/>
        </extensions>
      </trkpt>
      <trkpt lat="24.497983865439891815185546875" lon="118.14622490666806697845458984375">
        <ele>0</ele>
        <time>2016-09-28T13:05:14.000Z</time>
        <extensions>
          <ns3:TrackPointExtension/>
        </extensions>
      </trkpt>
      <trkpt lat="24.49797623790800571441650390625" lon="118.14625541679561138153076171875">
        <ele>0</ele>
        <time>2016-09-28T13:05:19.000Z</time>
        <extensions>
          <ns3:TrackPointExtension/>
        </extensions>
      </trkpt>
      <trkpt lat="24.4979686103761196136474609375" lon="118.146278299391269683837890625">
        <ele>0</ele>
        <time>2016-09-28T13:05:24.000Z</time>
        <extensions>
          <ns3:TrackPointExtension/>
        </extensions>
      </trkpt>
      <trkpt lat="24.497959055006504058837890625" lon="118.14630889333784580230712890625">
        <ele>0</ele>
        <time>2016-09-28T13:05:29.000Z</time>
        <extensions>
          <ns3:TrackPointExtension/>
        </extensions>
      </trkpt>
      <trkpt lat="24.49795142747461795806884765625" lon="118.14633940346539020538330078125">
        <ele>0</ele>
        <time>2016-09-28T13:05:34.000Z</time>
        <extensions>
          <ns3:TrackPointExtension/>
        </extensions>
      </trkpt>
      <trkpt lat="24.49794572778046131134033203125" lon="118.14636991359293460845947265625">
        <ele>0</ele>
        <time>2016-09-28T13:05:39.000Z</time>
        <extensions>
          <ns3:TrackPointExtension/>
        </extensions>
      </trkpt>
      <trkpt lat="24.4979381002485752105712890625" lon="118.1463927961885929107666015625">
        <ele>0</ele>
        <time>2016-09-28T13:05:44.000Z</time>
        <extensions>
          <ns3:TrackPointExtension/>
        </extensions>
      </trkpt>
      <trkpt lat="24.49793047271668910980224609375" lon="118.1464233063161373138427734375">
        <ele>0</ele>
        <time>2016-09-28T13:05:49.000Z</time>
        <extensions>
          <ns3:TrackPointExtension/>
        </extensions>
      </trkpt>
      <trkpt lat="24.49792477302253246307373046875" lon="118.1464538164436817169189453125">
        <ele>0</ele>
        <time>2016-09-28T13:05:54.000Z</time>
        <extensions>
          <ns3:TrackPointExtension/>
        </extensions>
      </trkpt>
      <trkpt lat="24.49791907332837581634521484375" lon="118.1464843265712261199951171875">
        <ele>0</ele>
        <time>2016-09-28T13:05:59.000Z</time>
        <extensions>
          <ns3:TrackPointExtension/>
        </extensions>
      </trkpt>
      <trkpt lat="24.4979132898151874542236328125" lon="118.1465148366987705230712890625">
        <ele>0</ele>
        <time>2016-09-28T13:06:04.000Z</time>
        <extensions>
          <ns3:TrackPointExtension/>
        </extensions>
      </trkpt>
      <trkpt lat="24.49790951795876026153564453125" lon="118.1465453468263149261474609375">
        <ele>0</ele>
        <time>2016-09-28T13:06:09.000Z</time>
        <extensions>
          <ns3:TrackPointExtension/>
        </extensions>
      </trkpt>
      <trkpt lat="24.49790566228330135345458984375" lon="118.14656822942197322845458984375">
        <ele>0</ele>
        <time>2016-09-28T13:06:14.000Z</time>
        <extensions>
          <ns3:TrackPointExtension/>
        </extensions>
      </trkpt>
      <trkpt lat="24.49789996258914470672607421875" lon="118.14659873954951763153076171875">
        <ele>0</ele>
        <time>2016-09-28T13:06:19.000Z</time>
        <extensions>
          <ns3:TrackPointExtension/>
        </extensions>
      </trkpt>
      <trkpt lat="24.49789426289498805999755859375" lon="118.14662933349609375">
        <ele>0</ele>
        <time>2016-09-28T13:06:24.000Z</time>
        <extensions>
          <ns3:TrackPointExtension/>
        </extensions>
      </trkpt>
      <trkpt lat="24.49788856320083141326904296875" lon="118.146659843623638153076171875">
        <ele>0</ele>
        <time>2016-09-28T13:06:29.000Z</time>
        <extensions>
          <ns3:TrackPointExtension/>
        </extensions>
      </trkpt>
      <trkpt lat="24.4978827796876430511474609375" lon="118.14669035375118255615234375">
        <ele>0</ele>
        <time>2016-09-28T13:06:34.000Z</time>
        <extensions>
          <ns3:TrackPointExtension/>
        </extensions>
      </trkpt>
      <trkpt lat="24.49787515215575695037841796875" lon="118.146720863878726959228515625">
        <ele>0</ele>
        <time>2016-09-28T13:06:39.000Z</time>
        <extensions>
          <ns3:TrackPointExtension/>
        </extensions>
      </trkpt>
      <trkpt lat="24.497867524623870849609375" lon="118.14674374647438526153564453125">
        <ele>0</ele>
        <time>2016-09-28T13:06:44.000Z</time>
        <extensions>
          <ns3:TrackPointExtension/>
        </extensions>
      </trkpt>
      <trkpt lat="24.4978579692542552947998046875" lon="118.14677425660192966461181640625">
        <ele>0</ele>
        <time>2016-09-28T13:06:49.000Z</time>
        <extensions>
          <ns3:TrackPointExtension/>
        </extensions>
      </trkpt>
      <trkpt lat="24.49785034172236919403076171875" lon="118.14680476672947406768798828125">
        <ele>0</ele>
        <time>2016-09-28T13:06:54.000Z</time>
        <extensions>
          <ns3:TrackPointExtension/>
        </extensions>
      </trkpt>
      <trkpt lat="24.49784464202821254730224609375" lon="118.14683527685701847076416015625">
        <ele>0</ele>
        <time>2016-09-28T13:06:59.000Z</time>
        <extensions>
          <ns3:TrackPointExtension/>
        </extensions>
      </trkpt>
      <trkpt lat="24.497837014496326446533203125" lon="118.14686578698456287384033203125">
        <ele>0</ele>
        <time>2016-09-28T13:07:04.000Z</time>
        <extensions>
          <ns3:TrackPointExtension/>
        </extensions>
      </trkpt>
      <trkpt lat="24.49782938696444034576416015625" lon="118.146903924643993377685546875">
        <ele>0</ele>
        <time>2016-09-28T13:07:09.000Z</time>
        <extensions>
          <ns3:TrackPointExtension/>
        </extensions>
      </trkpt>
      <trkpt lat="24.49782368727028369903564453125" lon="118.14693443477153778076171875">
        <ele>0</ele>
        <time>2016-09-28T13:07:14.000Z</time>
        <extensions>
          <ns3:TrackPointExtension/>
        </extensions>
      </trkpt>
      <trkpt lat="24.49781413190066814422607421875" lon="118.146964944899082183837890625">
        <ele>0</ele>
        <time>2016-09-28T13:07:19.000Z</time>
        <extensions>
          <ns3:TrackPointExtension/>
        </extensions>
      </trkpt>
      <trkpt lat="24.49780457653105258941650390625" lon="118.14699553884565830230712890625">
        <ele>0</ele>
        <time>2016-09-28T13:07:24.000Z</time>
        <extensions>
          <ns3:TrackPointExtension/>
        </extensions>
      </trkpt>
      <trkpt lat="24.49779317714273929595947265625" lon="118.1470184214413166046142578125">
        <ele>0</ele>
        <time>2016-09-28T13:07:29.000Z</time>
        <extensions>
          <ns3:TrackPointExtension/>
        </extensions>
      </trkpt>
      <trkpt lat="24.49777976609766483306884765625" lon="118.14704130403697490692138671875">
        <ele>0</ele>
        <time>2016-09-28T13:07:34.000Z</time>
        <extensions>
          <ns3:TrackPointExtension/>
        </extensions>
      </trkpt>
      <trkpt lat="24.4977664388716220855712890625" lon="118.147064186632633209228515625">
        <ele>0</ele>
        <time>2016-09-28T13:07:39.000Z</time>
        <extensions>
          <ns3:TrackPointExtension/>
        </extensions>
      </trkpt>
      <trkpt lat="24.49776451103389263153076171875" lon="118.1470946967601776123046875">
        <ele>0</ele>
        <time>2016-09-28T13:07:44.000Z</time>
        <extensions>
          <ns3:TrackPointExtension/>
        </extensions>
      </trkpt>
      <trkpt lat="24.49776451103389263153076171875" lon="118.14711757935583591461181640625">
        <ele>0</ele>
        <time>2016-09-28T13:07:49.000Z</time>
        <extensions>
          <ns3:TrackPointExtension/>
        </extensions>
      </trkpt>
      <trkpt lat="24.49775881133973598480224609375" lon="118.1471404619514942169189453125">
        <ele>0</ele>
        <time>2016-09-28T13:07:54.000Z</time>
        <extensions>
          <ns3:TrackPointExtension/>
        </extensions>
      </trkpt>
      <trkpt lat="24.49774925597012042999267578125" lon="118.14716334454715251922607421875">
        <ele>0</ele>
        <time>2016-09-28T13:07:59.000Z</time>
        <extensions>
          <ns3:TrackPointExtension/>
        </extensions>
      </trkpt>
      <trkpt lat="24.497739784419536590576171875" lon="118.147186227142810821533203125">
        <ele>0</ele>
        <time>2016-09-28T13:08:04.000Z</time>
        <extensions>
          <ns3:TrackPointExtension/>
        </extensions>
      </trkpt>
      <trkpt lat="24.49772830121219158172607421875" lon="118.147216737270355224609375">
        <ele>0</ele>
        <time>2016-09-28T13:08:09.000Z</time>
        <extensions>
          <ns3:TrackPointExtension/>
        </extensions>
      </trkpt>
      <trkpt lat="24.49771690182387828826904296875" lon="118.14723961986601352691650390625">
        <ele>0</ele>
        <time>2016-09-28T13:08:14.000Z</time>
        <extensions>
          <ns3:TrackPointExtension/>
        </extensions>
      </trkpt>
      <trkpt lat="24.49770734645426273345947265625" lon="118.1472625024616718292236328125">
        <ele>0</ele>
        <time>2016-09-28T13:08:19.000Z</time>
        <extensions>
          <ns3:TrackPointExtension/>
        </extensions>
      </trkpt>
      <trkpt lat="24.4976997189223766326904296875" lon="118.14728538505733013153076171875">
        <ele>0</ele>
        <time>2016-09-28T13:08:24.000Z</time>
        <extensions>
          <ns3:TrackPointExtension/>
        </extensions>
      </trkpt>
      <trkpt lat="24.49769209139049053192138671875" lon="118.14731597900390625">
        <ele>0</ele>
        <time>2016-09-28T13:08:29.000Z</time>
        <extensions>
          <ns3:TrackPointExtension/>
        </extensions>
      </trkpt>
      <trkpt lat="24.49768446385860443115234375" lon="118.147346489131450653076171875">
        <ele>0</ele>
        <time>2016-09-28T13:08:34.000Z</time>
        <extensions>
          <ns3:TrackPointExtension/>
        </extensions>
      </trkpt>
      <trkpt lat="24.49767683632671833038330078125" lon="118.14736937172710895538330078125">
        <ele>0</ele>
        <time>2016-09-28T13:08:39.000Z</time>
        <extensions>
          <ns3:TrackPointExtension/>
        </extensions>
      </trkpt>
      <trkpt lat="24.4976692087948322296142578125" lon="118.14739988185465335845947265625">
        <ele>0</ele>
        <time>2016-09-28T13:08:44.000Z</time>
        <extensions>
          <ns3:TrackPointExtension/>
        </extensions>
      </trkpt>
      <trkpt lat="24.4976596534252166748046875" lon="118.14743039198219776153564453125">
        <ele>0</ele>
        <time>2016-09-28T13:08:49.000Z</time>
        <extensions>
          <ns3:TrackPointExtension/>
        </extensions>
      </trkpt>
      <trkpt lat="24.4976500980556011199951171875" lon="118.1474532745778560638427734375">
        <ele>0</ele>
        <time>2016-09-28T13:08:54.000Z</time>
        <extensions>
          <ns3:TrackPointExtension/>
        </extensions>
      </trkpt>
      <trkpt lat="24.49764247052371501922607421875" lon="118.1474837847054004669189453125">
        <ele>0</ele>
        <time>2016-09-28T13:08:59.000Z</time>
        <extensions>
          <ns3:TrackPointExtension/>
        </extensions>
      </trkpt>
      <trkpt lat="24.49763107113540172576904296875" lon="118.14750666730105876922607421875">
        <ele>0</ele>
        <time>2016-09-28T13:09:04.000Z</time>
        <extensions>
          <ns3:TrackPointExtension/>
        </extensions>
      </trkpt>
      <trkpt lat="24.497623443603515625" lon="118.14753717742860317230224609375">
        <ele>0</ele>
        <time>2016-09-28T13:09:09.000Z</time>
        <extensions>
          <ns3:TrackPointExtension/>
        </extensions>
      </trkpt>
      <trkpt lat="24.4976138882339000701904296875" lon="118.147560060024261474609375">
        <ele>0</ele>
        <time>2016-09-28T13:09:14.000Z</time>
        <extensions>
          <ns3:TrackPointExtension/>
        </extensions>
      </trkpt>
      <trkpt lat="24.497604332864284515380859375" lon="118.147590570151805877685546875">
        <ele>0</ele>
        <time>2016-09-28T13:09:19.000Z</time>
        <extensions>
          <ns3:TrackPointExtension/>
        </extensions>
      </trkpt>
      <trkpt lat="24.4975947774946689605712890625" lon="118.14761345274746417999267578125">
        <ele>0</ele>
        <time>2016-09-28T13:09:24.000Z</time>
        <extensions>
          <ns3:TrackPointExtension/>
        </extensions>
      </trkpt>
      <trkpt lat="24.49758522212505340576171875" lon="118.14764396287500858306884765625">
        <ele>0</ele>
        <time>2016-09-28T13:09:29.000Z</time>
        <extensions>
          <ns3:TrackPointExtension/>
        </extensions>
      </trkpt>
      <trkpt lat="24.49757759459316730499267578125" lon="118.1476745568215847015380859375">
        <ele>0</ele>
        <time>2016-09-28T13:09:34.000Z</time>
        <extensions>
          <ns3:TrackPointExtension/>
        </extensions>
      </trkpt>
      <trkpt lat="24.49756619520485401153564453125" lon="118.1477050669491291046142578125">
        <ele>0</ele>
        <time>2016-09-28T13:09:39.000Z</time>
        <extensions>
          <ns3:TrackPointExtension/>
        </extensions>
      </trkpt>
      <trkpt lat="24.49755663983523845672607421875" lon="118.1477355770766735076904296875">
        <ele>0</ele>
        <time>2016-09-28T13:09:44.000Z</time>
        <extensions>
          <ns3:TrackPointExtension/>
        </extensions>
      </trkpt>
      <trkpt lat="24.49754524044692516326904296875" lon="118.1477660872042179107666015625">
        <ele>0</ele>
        <time>2016-09-28T13:09:49.000Z</time>
        <extensions>
          <ns3:TrackPointExtension/>
        </extensions>
      </trkpt>
      <trkpt lat="24.4975337572395801544189453125" lon="118.1477965973317623138427734375">
        <ele>0</ele>
        <time>2016-09-28T13:09:54.000Z</time>
        <extensions>
          <ns3:TrackPointExtension/>
        </extensions>
      </trkpt>
      <trkpt lat="24.49752227403223514556884765625" lon="118.1478271074593067169189453125">
        <ele>0</ele>
        <time>2016-09-28T13:09:59.000Z</time>
        <extensions>
          <ns3:TrackPointExtension/>
        </extensions>
      </trkpt>
      <trkpt lat="24.49751280248165130615234375" lon="118.1478576175868511199951171875">
        <ele>0</ele>
        <time>2016-09-28T13:10:04.000Z</time>
        <extensions>
          <ns3:TrackPointExtension/>
        </extensions>
      </trkpt>
      <trkpt lat="24.49750517494976520538330078125" lon="118.1478881277143955230712890625">
        <ele>0</ele>
        <time>2016-09-28T13:10:09.000Z</time>
        <extensions>
          <ns3:TrackPointExtension/>
        </extensions>
      </trkpt>
      <trkpt lat="24.4974975474178791046142578125" lon="118.1479186378419399261474609375">
        <ele>0</ele>
        <time>2016-09-28T13:10:14.000Z</time>
        <extensions>
          <ns3:TrackPointExtension/>
        </extensions>
      </trkpt>
      <trkpt lat="24.49749176390469074249267578125" lon="118.1479491479694843292236328125">
        <ele>0</ele>
        <time>2016-09-28T13:10:19.000Z</time>
        <extensions>
          <ns3:TrackPointExtension/>
        </extensions>
      </trkpt>
      <trkpt lat="24.497482292354106903076171875" lon="118.14796440303325653076171875">
        <ele>0</ele>
        <time>2016-09-28T13:10:24.000Z</time>
        <extensions>
          <ns3:TrackPointExtension/>
        </extensions>
      </trkpt>
      <trkpt lat="24.4974727369844913482666015625" lon="118.14798728562891483306884765625">
        <ele>0</ele>
        <time>2016-09-28T13:10:29.000Z</time>
        <extensions>
          <ns3:TrackPointExtension/>
        </extensions>
      </trkpt>
      <trkpt lat="24.49745940975844860076904296875" lon="118.14801025204360485076904296875">
        <ele>0</ele>
        <time>2016-09-28T13:10:34.000Z</time>
        <extensions>
          <ns3:TrackPointExtension/>
        </extensions>
      </trkpt>
      <trkpt lat="24.49744985438883304595947265625" lon="118.148033134639263153076171875">
        <ele>0</ele>
        <time>2016-09-28T13:10:39.000Z</time>
        <extensions>
          <ns3:TrackPointExtension/>
        </extensions>
      </trkpt>
      <trkpt lat="24.49744029901921749114990234375" lon="118.14806364476680755615234375">
        <ele>0</ele>
        <time>2016-09-28T13:10:44.000Z</time>
        <extensions>
          <ns3:TrackPointExtension/>
        </extensions>
      </trkpt>
      <trkpt lat="24.497432671487331390380859375" lon="118.148094154894351959228515625">
        <ele>0</ele>
        <time>2016-09-28T13:10:49.000Z</time>
        <extensions>
          <ns3:TrackPointExtension/>
        </extensions>
      </trkpt>
      <trkpt lat="24.49741934426128864288330078125" lon="118.1481246650218963623046875">
        <ele>0</ele>
        <time>2016-09-28T13:10:54.000Z</time>
        <extensions>
          <ns3:TrackPointExtension/>
        </extensions>
      </trkpt>
      <trkpt lat="24.4974021613597869873046875" lon="118.14814754761755466461181640625">
        <ele>0</ele>
        <time>2016-09-28T13:10:59.000Z</time>
        <extensions>
          <ns3:TrackPointExtension/>
        </extensions>
      </trkpt>
      <trkpt lat="24.49737927876412868499755859375" lon="118.14816280268132686614990234375">
        <ele>0</ele>
        <time>2016-09-28T13:11:04.000Z</time>
        <extensions>
          <ns3:TrackPointExtension/>
        </extensions>
      </trkpt>
      <trkpt lat="24.49735446833074092864990234375" lon="118.14817805774509906768798828125">
        <ele>0</ele>
        <time>2016-09-28T13:11:09.000Z</time>
        <extensions>
          <ns3:TrackPointExtension/>
        </extensions>
      </trkpt>
      <trkpt lat="24.49732773005962371826171875" lon="118.14818568527698516845703125">
        <ele>0</ele>
        <time>2016-09-28T13:11:14.000Z</time>
        <extensions>
          <ns3:TrackPointExtension/>
        </extensions>
      </trkpt>
      <trkpt lat="24.49729914776980876922607421875" lon="118.14818568527698516845703125">
        <ele>0</ele>
        <time>2016-09-28T13:11:19.000Z</time>
        <extensions>
          <ns3:TrackPointExtension/>
        </extensions>
      </trkpt>
      <trkpt lat="24.497272409498691558837890625" lon="118.14817805774509906768798828125">
        <ele>0</ele>
        <time>2016-09-28T13:11:24.000Z</time>
        <extensions>
          <ns3:TrackPointExtension/>
        </extensions>
      </trkpt>
      <trkpt lat="24.49724768288433551788330078125" lon="118.1481704302132129669189453125">
        <ele>0</ele>
        <time>2016-09-28T13:11:29.000Z</time>
        <extensions>
          <ns3:TrackPointExtension/>
        </extensions>
      </trkpt>
      <trkpt lat="24.49721901677548885345458984375" lon="118.1481704302132129669189453125">
        <ele>0</ele>
        <time>2016-09-28T13:11:34.000Z</time>
        <extensions>
          <ns3:TrackPointExtension/>
        </extensions>
      </trkpt>
      <trkpt lat="24.4971942901611328125" lon="118.14816280268132686614990234375">
        <ele>0</ele>
        <time>2016-09-28T13:11:39.000Z</time>
        <extensions>
          <ns3:TrackPointExtension/>
        </extensions>
      </trkpt>
      <trkpt lat="24.49716947972774505615234375" lon="118.148155175149440765380859375">
        <ele>0</ele>
        <time>2016-09-28T13:11:44.000Z</time>
        <extensions>
          <ns3:TrackPointExtension/>
        </extensions>
      </trkpt>
      <trkpt lat="24.49714659713208675384521484375" lon="118.14814754761755466461181640625">
        <ele>0</ele>
        <time>2016-09-28T13:11:49.000Z</time>
        <extensions>
          <ns3:TrackPointExtension/>
        </extensions>
      </trkpt>
      <trkpt lat="24.497125558555126190185546875" lon="118.14814754761755466461181640625">
        <ele>0</ele>
        <time>2016-09-28T13:11:54.000Z</time>
        <extensions>
          <ns3:TrackPointExtension/>
        </extensions>
      </trkpt>
      <trkpt lat="24.49710267595946788787841796875" lon="118.1481399200856685638427734375">
        <ele>0</ele>
        <time>2016-09-28T13:11:59.000Z</time>
        <extensions>
          <ns3:TrackPointExtension/>
        </extensions>
      </trkpt>
      <trkpt lat="24.4970797933638095855712890625" lon="118.14813229255378246307373046875">
        <ele>0</ele>
        <time>2016-09-28T13:12:04.000Z</time>
        <extensions>
          <ns3:TrackPointExtension/>
        </extensions>
      </trkpt>
      <trkpt lat="24.497053138911724090576171875" lon="118.1481246650218963623046875">
        <ele>0</ele>
        <time>2016-09-28T13:12:09.000Z</time>
        <extensions>
          <ns3:TrackPointExtension/>
        </extensions>
      </trkpt>
      <trkpt lat="24.4970244728028774261474609375" lon="118.1481094099581241607666015625">
        <ele>0</ele>
        <time>2016-09-28T13:12:14.000Z</time>
        <extensions>
          <ns3:TrackPointExtension/>
        </extensions>
      </trkpt>
      <trkpt lat="24.49699589051306247711181640625" lon="118.14810178242623805999755859375">
        <ele>0</ele>
        <time>2016-09-28T13:12:19.000Z</time>
        <extensions>
          <ns3:TrackPointExtension/>
        </extensions>
      </trkpt>
      <trkpt lat="24.49696538038551807403564453125" lon="118.148094154894351959228515625">
        <ele>0</ele>
        <time>2016-09-28T13:12:24.000Z</time>
        <extensions>
          <ns3:TrackPointExtension/>
        </extensions>
      </trkpt>
      <trkpt lat="24.49693487025797367095947265625" lon="118.14808652736246585845947265625">
        <ele>0</ele>
        <time>2016-09-28T13:12:29.000Z</time>
        <extensions>
          <ns3:TrackPointExtension/>
        </extensions>
      </trkpt>
      <trkpt lat="24.4969081319868564605712890625" lon="118.14808652736246585845947265625">
        <ele>0</ele>
        <time>2016-09-28T13:12:34.000Z</time>
        <extensions>
          <ns3:TrackPointExtension/>
        </extensions>
      </trkpt>
      <trkpt lat="24.49687954969704151153564453125" lon="118.1480788998305797576904296875">
        <ele>0</ele>
        <time>2016-09-28T13:12:39.000Z</time>
        <extensions>
          <ns3:TrackPointExtension/>
        </extensions>
      </trkpt>
      <trkpt lat="24.49684903956949710845947265625" lon="118.14807127229869365692138671875">
        <ele>0</ele>
        <time>2016-09-28T13:12:44.000Z</time>
        <extensions>
          <ns3:TrackPointExtension/>
        </extensions>
      </trkpt>
      <trkpt lat="24.49681852944195270538330078125" lon="118.14807127229869365692138671875">
        <ele>0</ele>
        <time>2016-09-28T13:12:49.000Z</time>
        <extensions>
          <ns3:TrackPointExtension/>
        </extensions>
      </trkpt>
      <trkpt lat="24.4967917911708354949951171875" lon="118.14806364476680755615234375">
        <ele>0</ele>
        <time>2016-09-28T13:12:54.000Z</time>
        <extensions>
          <ns3:TrackPointExtension/>
        </extensions>
      </trkpt>
      <trkpt lat="24.49676513671875" lon="118.14805601723492145538330078125">
        <ele>0</ele>
        <time>2016-09-28T13:12:59.000Z</time>
        <extensions>
          <ns3:TrackPointExtension/>
        </extensions>
      </trkpt>
      <trkpt lat="24.49673839844763278961181640625" lon="118.1480483897030353546142578125">
        <ele>0</ele>
        <time>2016-09-28T13:13:04.000Z</time>
        <extensions>
          <ns3:TrackPointExtension/>
        </extensions>
      </trkpt>
      <trkpt lat="24.49670788832008838653564453125" lon="118.14804076217114925384521484375">
        <ele>0</ele>
        <time>2016-09-28T13:13:09.000Z</time>
        <extensions>
          <ns3:TrackPointExtension/>
        </extensions>
      </trkpt>
      <trkpt lat="24.49667737819254398345947265625" lon="118.148033134639263153076171875">
        <ele>0</ele>
        <time>2016-09-28T13:13:14.000Z</time>
        <extensions>
          <ns3:TrackPointExtension/>
        </extensions>
      </trkpt>
      <trkpt lat="24.4966506399214267730712890625" lon="118.14802550710737705230712890625">
        <ele>0</ele>
        <time>2016-09-28T13:13:19.000Z</time>
        <extensions>
          <ns3:TrackPointExtension/>
        </extensions>
      </trkpt>
      <trkpt lat="24.496623985469341278076171875" lon="118.14802550710737705230712890625">
        <ele>0</ele>
        <time>2016-09-28T13:13:24.000Z</time>
        <extensions>
          <ns3:TrackPointExtension/>
        </extensions>
      </trkpt>
      <trkpt lat="24.49659724719822406768798828125" lon="118.1480178795754909515380859375">
        <ele>0</ele>
        <time>2016-09-28T13:13:29.000Z</time>
        <extensions>
          <ns3:TrackPointExtension/>
        </extensions>
      </trkpt>
      <trkpt lat="24.49657243676483631134033203125" lon="118.1480178795754909515380859375">
        <ele>0</ele>
        <time>2016-09-28T13:13:34.000Z</time>
        <extensions>
          <ns3:TrackPointExtension/>
        </extensions>
      </trkpt>
      <trkpt lat="24.49654762633144855499267578125" lon="118.14801025204360485076904296875">
        <ele>0</ele>
        <time>2016-09-28T13:13:39.000Z</time>
        <extensions>
          <ns3:TrackPointExtension/>
        </extensions>
      </trkpt>
      <trkpt lat="24.4965228997170925140380859375" lon="118.147994913160800933837890625">
        <ele>0</ele>
        <time>2016-09-28T13:13:44.000Z</time>
        <extensions>
          <ns3:TrackPointExtension/>
        </extensions>
      </trkpt>
      <trkpt lat="24.496499933302402496337890625" lon="118.14798728562891483306884765625">
        <ele>0</ele>
        <time>2016-09-28T13:13:49.000Z</time>
        <extensions>
          <ns3:TrackPointExtension/>
        </extensions>
      </trkpt>
      <trkpt lat="24.49647705070674419403076171875" lon="118.14797203056514263153076171875">
        <ele>0</ele>
        <time>2016-09-28T13:13:54.000Z</time>
        <extensions>
          <ns3:TrackPointExtension/>
        </extensions>
      </trkpt>
      <trkpt lat="24.496452324092388153076171875" lon="118.14796440303325653076171875">
        <ele>0</ele>
        <time>2016-09-28T13:13:59.000Z</time>
        <extensions>
          <ns3:TrackPointExtension/>
        </extensions>
      </trkpt>
      <trkpt lat="24.49642558582127094268798828125" lon="118.14795677550137042999267578125">
        <ele>0</ele>
        <time>2016-09-28T13:14:04.000Z</time>
        <extensions>
          <ns3:TrackPointExtension/>
        </extensions>
      </trkpt>
      <trkpt lat="24.49640077538788318634033203125" lon="118.14795677550137042999267578125">
        <ele>0</ele>
        <time>2016-09-28T13:14:09.000Z</time>
        <extensions>
          <ns3:TrackPointExtension/>
        </extensions>
      </trkpt>
      <trkpt lat="24.4963721930980682373046875" lon="118.1479491479694843292236328125">
        <ele>0</ele>
        <time>2016-09-28T13:14:14.000Z</time>
        <extensions>
          <ns3:TrackPointExtension/>
        </extensions>
      </trkpt>
      <trkpt lat="24.49634545482695102691650390625" lon="118.14794152043759822845458984375">
        <ele>0</ele>
        <time>2016-09-28T13:14:19.000Z</time>
        <extensions>
          <ns3:TrackPointExtension/>
        </extensions>
      </trkpt>
      <trkpt lat="24.49631880037486553192138671875" lon="118.147933892905712127685546875">
        <ele>0</ele>
        <time>2016-09-28T13:14:24.000Z</time>
        <extensions>
          <ns3:TrackPointExtension/>
        </extensions>
      </trkpt>
      <trkpt lat="24.49629398994147777557373046875" lon="118.14792626537382602691650390625">
        <ele>0</ele>
        <time>2016-09-28T13:14:29.000Z</time>
        <extensions>
          <ns3:TrackPointExtension/>
        </extensions>
      </trkpt>
      <trkpt lat="24.49626917950809001922607421875" lon="118.1479186378419399261474609375">
        <ele>0</ele>
        <time>2016-09-28T13:14:34.000Z</time>
        <extensions>
          <ns3:TrackPointExtension/>
        </extensions>
      </trkpt>
      <trkpt lat="24.4962462969124317169189453125" lon="118.14791101031005382537841796875">
        <ele>0</ele>
        <time>2016-09-28T13:14:39.000Z</time>
        <extensions>
          <ns3:TrackPointExtension/>
        </extensions>
      </trkpt>
      <trkpt lat="24.4962214864790439605712890625" lon="118.14789575524628162384033203125">
        <ele>0</ele>
        <time>2016-09-28T13:14:44.000Z</time>
        <extensions>
          <ns3:TrackPointExtension/>
        </extensions>
      </trkpt>
      <trkpt lat="24.4961966760456562042236328125" lon="118.1478881277143955230712890625">
        <ele>0</ele>
        <time>2016-09-28T13:14:49.000Z</time>
        <extensions>
          <ns3:TrackPointExtension/>
        </extensions>
      </trkpt>
      <trkpt lat="24.49616809375584125518798828125" lon="118.14788050018250942230224609375">
        <ele>0</ele>
        <time>2016-09-28T13:14:54.000Z</time>
        <extensions>
          <ns3:TrackPointExtension/>
        </extensions>
      </trkpt>
      <trkpt lat="24.4961413554847240447998046875" lon="118.147872872650623321533203125">
        <ele>0</ele>
        <time>2016-09-28T13:14:59.000Z</time>
        <extensions>
          <ns3:TrackPointExtension/>
        </extensions>
      </trkpt>
      <trkpt lat="24.4961108453571796417236328125" lon="118.14786524511873722076416015625">
        <ele>0</ele>
        <time>2016-09-28T13:15:04.000Z</time>
        <extensions>
          <ns3:TrackPointExtension/>
        </extensions>
      </trkpt>
      <trkpt lat="24.4960803352296352386474609375" lon="118.1478576175868511199951171875">
        <ele>0</ele>
        <time>2016-09-28T13:15:09.000Z</time>
        <extensions>
          <ns3:TrackPointExtension/>
        </extensions>
      </trkpt>
      <trkpt lat="24.4960498251020908355712890625" lon="118.14784999005496501922607421875">
        <ele>0</ele>
        <time>2016-09-28T13:15:14.000Z</time>
        <extensions>
          <ns3:TrackPointExtension/>
        </extensions>
      </trkpt>
      <trkpt lat="24.49602124281227588653564453125" lon="118.14784236252307891845703125">
        <ele>0</ele>
        <time>2016-09-28T13:15:19.000Z</time>
        <extensions>
          <ns3:TrackPointExtension/>
        </extensions>
      </trkpt>
      <trkpt lat="24.49599643237888813018798828125" lon="118.14783473499119281768798828125">
        <ele>0</ele>
        <time>2016-09-28T13:15:24.000Z</time>
        <extensions>
          <ns3:TrackPointExtension/>
        </extensions>
      </trkpt>
      <trkpt lat="24.495973549783229827880859375" lon="118.1478271074593067169189453125">
        <ele>0</ele>
        <time>2016-09-28T13:15:29.000Z</time>
        <extensions>
          <ns3:TrackPointExtension/>
        </extensions>
      </trkpt>
      <trkpt lat="24.495948739349842071533203125" lon="118.14781947992742061614990234375">
        <ele>0</ele>
        <time>2016-09-28T13:15:34.000Z</time>
        <extensions>
          <ns3:TrackPointExtension/>
        </extensions>
      </trkpt>
      <trkpt lat="24.49592015706002712249755859375" lon="118.147811852395534515380859375">
        <ele>0</ele>
        <time>2016-09-28T13:15:39.000Z</time>
        <extensions>
          <ns3:TrackPointExtension/>
        </extensions>
      </trkpt>
      <trkpt lat="24.495893418788909912109375" lon="118.14780422486364841461181640625">
        <ele>0</ele>
        <time>2016-09-28T13:15:44.000Z</time>
        <extensions>
          <ns3:TrackPointExtension/>
        </extensions>
      </trkpt>
      <trkpt lat="24.49586860835552215576171875" lon="118.1477965973317623138427734375">
        <ele>0</ele>
        <time>2016-09-28T13:15:49.000Z</time>
        <extensions>
          <ns3:TrackPointExtension/>
        </extensions>
      </trkpt>
      <trkpt lat="24.4958419539034366607666015625" lon="118.1477813422679901123046875">
        <ele>0</ele>
        <time>2016-09-28T13:15:54.000Z</time>
        <extensions>
          <ns3:TrackPointExtension/>
        </extensions>
      </trkpt>
      <trkpt lat="24.49581521563231945037841796875" lon="118.14777371473610401153564453125">
        <ele>0</ele>
        <time>2016-09-28T13:15:59.000Z</time>
        <extensions>
          <ns3:TrackPointExtension/>
        </extensions>
      </trkpt>
      <trkpt lat="24.49578856118023395538330078125" lon="118.1477660872042179107666015625">
        <ele>0</ele>
        <time>2016-09-28T13:16:04.000Z</time>
        <extensions>
          <ns3:TrackPointExtension/>
        </extensions>
      </trkpt>
      <trkpt lat="24.49576375074684619903564453125" lon="118.14775845967233180999755859375">
        <ele>0</ele>
        <time>2016-09-28T13:16:09.000Z</time>
        <extensions>
          <ns3:TrackPointExtension/>
        </extensions>
      </trkpt>
      <trkpt lat="24.4957370124757289886474609375" lon="118.14775845967233180999755859375">
        <ele>0</ele>
        <time>2016-09-28T13:16:14.000Z</time>
        <extensions>
          <ns3:TrackPointExtension/>
        </extensions>
      </trkpt>
      <trkpt lat="24.49571035802364349365234375" lon="118.147750832140445709228515625">
        <ele>0</ele>
        <time>2016-09-28T13:16:19.000Z</time>
        <extensions>
          <ns3:TrackPointExtension/>
        </extensions>
      </trkpt>
      <trkpt lat="24.495679847896099090576171875" lon="118.14774320460855960845947265625">
        <ele>0</ele>
        <time>2016-09-28T13:16:24.000Z</time>
        <extensions>
          <ns3:TrackPointExtension/>
        </extensions>
      </trkpt>
      <trkpt lat="24.49564740993082523345947265625" lon="118.1477355770766735076904296875">
        <ele>0</ele>
        <time>2016-09-28T13:16:29.000Z</time>
        <extensions>
          <ns3:TrackPointExtension/>
        </extensions>
      </trkpt>
      <trkpt lat="24.49561689980328083038330078125" lon="118.14772032201290130615234375">
        <ele>0</ele>
        <time>2016-09-28T13:16:34.000Z</time>
        <extensions>
          <ns3:TrackPointExtension/>
        </extensions>
      </trkpt>
      <trkpt lat="24.49559208936989307403564453125" lon="118.14771269448101520538330078125">
        <ele>0</ele>
        <time>2016-09-28T13:16:39.000Z</time>
        <extensions>
          <ns3:TrackPointExtension/>
        </extensions>
      </trkpt>
      <trkpt lat="24.495569206774234771728515625" lon="118.14769743941724300384521484375">
        <ele>0</ele>
        <time>2016-09-28T13:16:44.000Z</time>
        <extensions>
          <ns3:TrackPointExtension/>
        </extensions>
      </trkpt>
      <trkpt lat="24.49554246850311756134033203125" lon="118.14769743941724300384521484375">
        <ele>0</ele>
        <time>2016-09-28T13:16:49.000Z</time>
        <extensions>
          <ns3:TrackPointExtension/>
        </extensions>
      </trkpt>
      <trkpt lat="24.4955138862133026123046875" lon="118.147689811885356903076171875">
        <ele>0</ele>
        <time>2016-09-28T13:16:54.000Z</time>
        <extensions>
          <ns3:TrackPointExtension/>
        </extensions>
      </trkpt>
      <trkpt lat="24.495483376085758209228515625" lon="118.14768218435347080230712890625">
        <ele>0</ele>
        <time>2016-09-28T13:16:59.000Z</time>
        <extensions>
          <ns3:TrackPointExtension/>
        </extensions>
      </trkpt>
      <trkpt lat="24.495458565652370452880859375" lon="118.14768218435347080230712890625">
        <ele>0</ele>
        <time>2016-09-28T13:17:04.000Z</time>
        <extensions>
          <ns3:TrackPointExtension/>
        </extensions>
      </trkpt>
      <trkpt lat="24.495433755218982696533203125" lon="118.1476745568215847015380859375">
        <ele>0</ele>
        <time>2016-09-28T13:17:09.000Z</time>
        <extensions>
          <ns3:TrackPointExtension/>
        </extensions>
      </trkpt>
      <trkpt lat="24.49541087262332439422607421875" lon="118.14766692928969860076904296875">
        <ele>0</ele>
        <time>2016-09-28T13:17:14.000Z</time>
        <extensions>
          <ns3:TrackPointExtension/>
        </extensions>
      </trkpt>
      <trkpt lat="24.49538991786539554595947265625" lon="118.1476593017578125">
        <ele>0</ele>
        <time>2016-09-28T13:17:19.000Z</time>
        <extensions>
          <ns3:TrackPointExtension/>
        </extensions>
      </trkpt>
      <trkpt lat="24.4953688792884349822998046875" lon="118.1476593017578125">
        <ele>0</ele>
        <time>2016-09-28T13:17:24.000Z</time>
        <extensions>
          <ns3:TrackPointExtension/>
        </extensions>
      </trkpt>
      <trkpt lat="24.495347924530506134033203125" lon="118.147651590406894683837890625">
        <ele>0</ele>
        <time>2016-09-28T13:17:29.000Z</time>
        <extensions>
          <ns3:TrackPointExtension/>
        </extensions>
      </trkpt>
      <trkpt lat="24.49532504193484783172607421875" lon="118.1476363353431224822998046875">
        <ele>0</ele>
        <time>2016-09-28T13:17:34.000Z</time>
        <extensions>
          <ns3:TrackPointExtension/>
        </extensions>
      </trkpt>
      <trkpt lat="24.4953021593391895294189453125" lon="118.14762870781123638153076171875">
        <ele>0</ele>
        <time>2016-09-28T13:17:39.000Z</time>
        <extensions>
          <ns3:TrackPointExtension/>
        </extensions>
      </trkpt>
      <trkpt lat="24.49527927674353122711181640625" lon="118.14762108027935028076171875">
        <ele>0</ele>
        <time>2016-09-28T13:17:44.000Z</time>
        <extensions>
          <ns3:TrackPointExtension/>
        </extensions>
      </trkpt>
      <trkpt lat="24.49525446631014347076416015625" lon="118.14761345274746417999267578125">
        <ele>0</ele>
        <time>2016-09-28T13:17:49.000Z</time>
        <extensions>
          <ns3:TrackPointExtension/>
        </extensions>
      </trkpt>
      <trkpt lat="24.49522965587675571441650390625" lon="118.14759819768369197845458984375">
        <ele>0</ele>
        <time>2016-09-28T13:17:54.000Z</time>
        <extensions>
          <ns3:TrackPointExtension/>
        </extensions>
      </trkpt>
      <trkpt lat="24.49520300142467021942138671875" lon="118.147590570151805877685546875">
        <ele>0</ele>
        <time>2016-09-28T13:17:59.000Z</time>
        <extensions>
          <ns3:TrackPointExtension/>
        </extensions>
      </trkpt>
      <trkpt lat="24.4951801188290119171142578125" lon="118.1475753150880336761474609375">
        <ele>0</ele>
        <time>2016-09-28T13:18:04.000Z</time>
        <extensions>
          <ns3:TrackPointExtension/>
        </extensions>
      </trkpt>
      <trkpt lat="24.49515908025205135345458984375" lon="118.14756768755614757537841796875">
        <ele>0</ele>
        <time>2016-09-28T13:18:09.000Z</time>
        <extensions>
          <ns3:TrackPointExtension/>
        </extensions>
      </trkpt>
      <trkpt lat="24.495140053331851959228515625" lon="118.14755243249237537384033203125">
        <ele>0</ele>
        <time>2016-09-28T13:18:14.000Z</time>
        <extensions>
          <ns3:TrackPointExtension/>
        </extensions>
      </trkpt>
      <trkpt lat="24.49511901475489139556884765625" lon="118.1475448049604892730712890625">
        <ele>0</ele>
        <time>2016-09-28T13:18:19.000Z</time>
        <extensions>
          <ns3:TrackPointExtension/>
        </extensions>
      </trkpt>
      <trkpt lat="24.49509805999696254730224609375" lon="118.14753717742860317230224609375">
        <ele>0</ele>
        <time>2016-09-28T13:18:24.000Z</time>
        <extensions>
          <ns3:TrackPointExtension/>
        </extensions>
      </trkpt>
      <trkpt lat="24.4950751774013042449951171875" lon="118.147529549896717071533203125">
        <ele>0</ele>
        <time>2016-09-28T13:18:29.000Z</time>
        <extensions>
          <ns3:TrackPointExtension/>
        </extensions>
      </trkpt>
      <trkpt lat="24.49504852294921875" lon="118.147529549896717071533203125">
        <ele>0</ele>
        <time>2016-09-28T13:18:34.000Z</time>
        <extensions>
          <ns3:TrackPointExtension/>
        </extensions>
      </trkpt>
      <trkpt lat="24.49502178467810153961181640625" lon="118.147529549896717071533203125">
        <ele>0</ele>
        <time>2016-09-28T13:18:39.000Z</time>
        <extensions>
          <ns3:TrackPointExtension/>
        </extensions>
      </trkpt>
      <trkpt lat="24.494993202388286590576171875" lon="118.147529549896717071533203125">
        <ele>0</ele>
        <time>2016-09-28T13:18:44.000Z</time>
        <extensions>
          <ns3:TrackPointExtension/>
        </extensions>
      </trkpt>
      <trkpt lat="24.49496646411716938018798828125" lon="118.147529549896717071533203125">
        <ele>0</ele>
        <time>2016-09-28T13:18:49.000Z</time>
        <extensions>
          <ns3:TrackPointExtension/>
        </extensions>
      </trkpt>
      <trkpt lat="24.49493788182735443115234375" lon="118.14752192236483097076416015625">
        <ele>0</ele>
        <time>2016-09-28T13:18:54.000Z</time>
        <extensions>
          <ns3:TrackPointExtension/>
        </extensions>
      </trkpt>
      <trkpt lat="24.4949092157185077667236328125" lon="118.1475142948329448699951171875">
        <ele>0</ele>
        <time>2016-09-28T13:18:59.000Z</time>
        <extensions>
          <ns3:TrackPointExtension/>
        </extensions>
      </trkpt>
      <trkpt lat="24.49488063342869281768798828125" lon="118.14749903976917266845703125">
        <ele>0</ele>
        <time>2016-09-28T13:19:04.000Z</time>
        <extensions>
          <ns3:TrackPointExtension/>
        </extensions>
      </trkpt>
      <trkpt lat="24.49485205113887786865234375" lon="118.14749141223728656768798828125">
        <ele>0</ele>
        <time>2016-09-28T13:19:09.000Z</time>
        <extensions>
          <ns3:TrackPointExtension/>
        </extensions>
      </trkpt>
      <trkpt lat="24.49482531286776065826416015625" lon="118.1474837847054004669189453125">
        <ele>0</ele>
        <time>2016-09-28T13:19:14.000Z</time>
        <extensions>
          <ns3:TrackPointExtension/>
        </extensions>
      </trkpt>
      <trkpt lat="24.494796730577945709228515625" lon="118.14747615717351436614990234375">
        <ele>0</ele>
        <time>2016-09-28T13:19:19.000Z</time>
        <extensions>
          <ns3:TrackPointExtension/>
        </extensions>
      </trkpt>
      <trkpt lat="24.4947680644690990447998046875" lon="118.147468529641628265380859375">
        <ele>0</ele>
        <time>2016-09-28T13:19:24.000Z</time>
        <extensions>
          <ns3:TrackPointExtension/>
        </extensions>
      </trkpt>
      <trkpt lat="24.4947414100170135498046875" lon="118.14746090210974216461181640625">
        <ele>0</ele>
        <time>2016-09-28T13:19:29.000Z</time>
        <extensions>
          <ns3:TrackPointExtension/>
        </extensions>
      </trkpt>
      <trkpt lat="24.49471659958362579345703125" lon="118.1474532745778560638427734375">
        <ele>0</ele>
        <time>2016-09-28T13:19:34.000Z</time>
        <extensions>
          <ns3:TrackPointExtension/>
        </extensions>
      </trkpt>
      <trkpt lat="24.49468801729381084442138671875" lon="118.14744564704596996307373046875">
        <ele>0</ele>
        <time>2016-09-28T13:19:39.000Z</time>
        <extensions>
          <ns3:TrackPointExtension/>
        </extensions>
      </trkpt>
      <trkpt lat="24.49465935118496417999267578125" lon="118.14743039198219776153564453125">
        <ele>0</ele>
        <time>2016-09-28T13:19:44.000Z</time>
        <extensions>
          <ns3:TrackPointExtension/>
        </extensions>
      </trkpt>
      <trkpt lat="24.494625069200992584228515625" lon="118.1474227644503116607666015625">
        <ele>0</ele>
        <time>2016-09-28T13:19:49.000Z</time>
        <extensions>
          <ns3:TrackPointExtension/>
        </extensions>
      </trkpt>
      <trkpt lat="24.49459263123571872711181640625" lon="118.147407509386539459228515625">
        <ele>0</ele>
        <time>2016-09-28T13:19:54.000Z</time>
        <extensions>
          <ns3:TrackPointExtension/>
        </extensions>
      </trkpt>
      <trkpt lat="24.49455826543271541595458984375" lon="118.14739988185465335845947265625">
        <ele>0</ele>
        <time>2016-09-28T13:19:59.000Z</time>
        <extensions>
          <ns3:TrackPointExtension/>
        </extensions>
      </trkpt>
      <trkpt lat="24.49452775530517101287841796875" lon="118.14738462679088115692138671875">
        <ele>0</ele>
        <time>2016-09-28T13:20:04.000Z</time>
        <extensions>
          <ns3:TrackPointExtension/>
        </extensions>
      </trkpt>
      <trkpt lat="24.49449724517762660980224609375" lon="118.14736937172710895538330078125">
        <ele>0</ele>
        <time>2016-09-28T13:20:09.000Z</time>
        <extensions>
          <ns3:TrackPointExtension/>
        </extensions>
      </trkpt>
      <trkpt lat="24.49447059072554111480712890625" lon="118.1473617441952228546142578125">
        <ele>0</ele>
        <time>2016-09-28T13:20:14.000Z</time>
        <extensions>
          <ns3:TrackPointExtension/>
        </extensions>
      </trkpt>
      <trkpt lat="24.49444578029215335845947265625" lon="118.147346489131450653076171875">
        <ele>0</ele>
        <time>2016-09-28T13:20:19.000Z</time>
        <extensions>
          <ns3:TrackPointExtension/>
        </extensions>
      </trkpt>
      <trkpt lat="24.49442096985876560211181640625" lon="118.1473312340676784515380859375">
        <ele>0</ele>
        <time>2016-09-28T13:20:24.000Z</time>
        <extensions>
          <ns3:TrackPointExtension/>
        </extensions>
      </trkpt>
      <trkpt lat="24.4943942315876483917236328125" lon="118.14732360653579235076904296875">
        <ele>0</ele>
        <time>2016-09-28T13:20:29.000Z</time>
        <extensions>
          <ns3:TrackPointExtension/>
        </extensions>
      </trkpt>
      <trkpt lat="24.49436950497329235076904296875" lon="118.14731597900390625">
        <ele>0</ele>
        <time>2016-09-28T13:20:34.000Z</time>
        <extensions>
          <ns3:TrackPointExtension/>
        </extensions>
      </trkpt>
      <trkpt lat="24.494342766702175140380859375" lon="118.147308267652988433837890625">
        <ele>0</ele>
        <time>2016-09-28T13:20:39.000Z</time>
        <extensions>
          <ns3:TrackPointExtension/>
        </extensions>
      </trkpt>
      <trkpt lat="24.49431602843105792999267578125" lon="118.14730064012110233306884765625">
        <ele>0</ele>
        <time>2016-09-28T13:20:44.000Z</time>
        <extensions>
          <ns3:TrackPointExtension/>
        </extensions>
      </trkpt>
      <trkpt lat="24.49428937397897243499755859375" lon="118.1472930125892162322998046875">
        <ele>0</ele>
        <time>2016-09-28T13:20:49.000Z</time>
        <extensions>
          <ns3:TrackPointExtension/>
        </extensions>
      </trkpt>
      <trkpt lat="24.49426456354558467864990234375" lon="118.14728538505733013153076171875">
        <ele>0</ele>
        <time>2016-09-28T13:20:54.000Z</time>
        <extensions>
          <ns3:TrackPointExtension/>
        </extensions>
      </trkpt>
      <trkpt lat="24.49423782527446746826171875" lon="118.14727775752544403076171875">
        <ele>0</ele>
        <time>2016-09-28T13:20:59.000Z</time>
        <extensions>
          <ns3:TrackPointExtension/>
        </extensions>
      </trkpt>
      <trkpt lat="24.4942111708223819732666015625" lon="118.14727012999355792999267578125">
        <ele>0</ele>
        <time>2016-09-28T13:21:04.000Z</time>
        <extensions>
          <ns3:TrackPointExtension/>
        </extensions>
      </trkpt>
      <trkpt lat="24.4941863603889942169189453125" lon="118.1472625024616718292236328125">
        <ele>0</ele>
        <time>2016-09-28T13:21:09.000Z</time>
        <extensions>
          <ns3:TrackPointExtension/>
        </extensions>
      </trkpt>
      <trkpt lat="24.4941615499556064605712890625" lon="118.147247247397899627685546875">
        <ele>0</ele>
        <time>2016-09-28T13:21:14.000Z</time>
        <extensions>
          <ns3:TrackPointExtension/>
        </extensions>
      </trkpt>
      <trkpt lat="24.4941367395222187042236328125" lon="118.14723961986601352691650390625">
        <ele>0</ele>
        <time>2016-09-28T13:21:19.000Z</time>
        <extensions>
          <ns3:TrackPointExtension/>
        </extensions>
      </trkpt>
      <trkpt lat="24.49411201290786266326904296875" lon="118.1472319923341274261474609375">
        <ele>0</ele>
        <time>2016-09-28T13:21:24.000Z</time>
        <extensions>
          <ns3:TrackPointExtension/>
        </extensions>
      </trkpt>
      <trkpt lat="24.49408720247447490692138671875" lon="118.14722436480224132537841796875">
        <ele>0</ele>
        <time>2016-09-28T13:21:29.000Z</time>
        <extensions>
          <ns3:TrackPointExtension/>
        </extensions>
      </trkpt>
      <trkpt lat="24.49406239204108715057373046875" lon="118.147216737270355224609375">
        <ele>0</ele>
        <time>2016-09-28T13:21:34.000Z</time>
        <extensions>
          <ns3:TrackPointExtension/>
        </extensions>
      </trkpt>
      <trkpt lat="24.49403758160769939422607421875" lon="118.14720910973846912384033203125">
        <ele>0</ele>
        <time>2016-09-28T13:21:39.000Z</time>
        <extensions>
          <ns3:TrackPointExtension/>
        </extensions>
      </trkpt>
      <trkpt lat="24.49401277117431163787841796875" lon="118.1472014822065830230712890625">
        <ele>0</ele>
        <time>2016-09-28T13:21:44.000Z</time>
        <extensions>
          <ns3:TrackPointExtension/>
        </extensions>
      </trkpt>
      <trkpt lat="24.4939898885786533355712890625" lon="118.14719385467469692230224609375">
        <ele>0</ele>
        <time>2016-09-28T13:21:49.000Z</time>
        <extensions>
          <ns3:TrackPointExtension/>
        </extensions>
      </trkpt>
      <trkpt lat="24.4939650781452655792236328125" lon="118.147186227142810821533203125">
        <ele>0</ele>
        <time>2016-09-28T13:21:54.000Z</time>
        <extensions>
          <ns3:TrackPointExtension/>
        </extensions>
      </trkpt>
      <trkpt lat="24.49394035153090953826904296875" lon="118.14717859961092472076416015625">
        <ele>0</ele>
        <time>2016-09-28T13:21:59.000Z</time>
        <extensions>
          <ns3:TrackPointExtension/>
        </extensions>
      </trkpt>
      <trkpt lat="24.49391554109752178192138671875" lon="118.1471709720790386199951171875">
        <ele>0</ele>
        <time>2016-09-28T13:22:04.000Z</time>
        <extensions>
          <ns3:TrackPointExtension/>
        </extensions>
      </trkpt>
      <trkpt lat="24.49388687498867511749267578125" lon="118.14716334454715251922607421875">
        <ele>0</ele>
        <time>2016-09-28T13:22:09.000Z</time>
        <extensions>
          <ns3:TrackPointExtension/>
        </extensions>
      </trkpt>
      <trkpt lat="24.49386022053658962249755859375" lon="118.14714808948338031768798828125">
        <ele>0</ele>
        <time>2016-09-28T13:22:14.000Z</time>
        <extensions>
          <ns3:TrackPointExtension/>
        </extensions>
      </trkpt>
      <trkpt lat="24.49383541010320186614990234375" lon="118.1471404619514942169189453125">
        <ele>0</ele>
        <time>2016-09-28T13:22:19.000Z</time>
        <extensions>
          <ns3:TrackPointExtension/>
        </extensions>
      </trkpt>
      <trkpt lat="24.4938125275075435638427734375" lon="118.1471404619514942169189453125">
        <ele>0</ele>
        <time>2016-09-28T13:22:24.000Z</time>
        <extensions>
          <ns3:TrackPointExtension/>
        </extensions>
      </trkpt>
      <trkpt lat="24.493791572749614715576171875" lon="118.14713283441960811614990234375">
        <ele>0</ele>
        <time>2016-09-28T13:22:29.000Z</time>
        <extensions>
          <ns3:TrackPointExtension/>
        </extensions>
      </trkpt>
      <trkpt lat="24.49376869015395641326904296875" lon="118.147125206887722015380859375">
        <ele>0</ele>
        <time>2016-09-28T13:22:34.000Z</time>
        <extensions>
          <ns3:TrackPointExtension/>
        </extensions>
      </trkpt>
      <trkpt lat="24.49374572373926639556884765625" lon="118.147125206887722015380859375">
        <ele>0</ele>
        <time>2016-09-28T13:22:39.000Z</time>
        <extensions>
          <ns3:TrackPointExtension/>
        </extensions>
      </trkpt>
      <trkpt lat="24.49372284114360809326171875" lon="118.14711757935583591461181640625">
        <ele>0</ele>
        <time>2016-09-28T13:22:44.000Z</time>
        <extensions>
          <ns3:TrackPointExtension/>
        </extensions>
      </trkpt>
      <trkpt lat="24.49369811452925205230712890625" lon="118.1471099518239498138427734375">
        <ele>0</ele>
        <time>2016-09-28T13:22:49.000Z</time>
        <extensions>
          <ns3:TrackPointExtension/>
        </extensions>
      </trkpt>
      <trkpt lat="24.49367523193359375" lon="118.1471099518239498138427734375">
        <ele>0</ele>
        <time>2016-09-28T13:22:54.000Z</time>
        <extensions>
          <ns3:TrackPointExtension/>
        </extensions>
      </trkpt>
      <trkpt lat="24.4936522655189037322998046875" lon="118.14710232429206371307373046875">
        <ele>0</ele>
        <time>2016-09-28T13:22:59.000Z</time>
        <extensions>
          <ns3:TrackPointExtension/>
        </extensions>
      </trkpt>
      <trkpt lat="24.49362938292324542999267578125" lon="118.1470946967601776123046875">
        <ele>0</ele>
        <time>2016-09-28T13:23:04.000Z</time>
        <extensions>
          <ns3:TrackPointExtension/>
        </extensions>
      </trkpt>
      <trkpt lat="24.4936046563088893890380859375" lon="118.14708706922829151153564453125">
        <ele>0</ele>
        <time>2016-09-28T13:23:09.000Z</time>
        <extensions>
          <ns3:TrackPointExtension/>
        </extensions>
      </trkpt>
      <trkpt lat="24.4935798458755016326904296875" lon="118.1470794416964054107666015625">
        <ele>0</ele>
        <time>2016-09-28T13:23:14.000Z</time>
        <extensions>
          <ns3:TrackPointExtension/>
        </extensions>
      </trkpt>
      <trkpt lat="24.49355310760438442230224609375" lon="118.14707181416451930999755859375">
        <ele>0</ele>
        <time>2016-09-28T13:23:19.000Z</time>
        <extensions>
          <ns3:TrackPointExtension/>
        </extensions>
      </trkpt>
      <trkpt lat="24.49352829717099666595458984375" lon="118.147064186632633209228515625">
        <ele>0</ele>
        <time>2016-09-28T13:23:24.000Z</time>
        <extensions>
          <ns3:TrackPointExtension/>
        </extensions>
      </trkpt>
      <trkpt lat="24.493503570556640625" lon="118.1470489315688610076904296875">
        <ele>0</ele>
        <time>2016-09-28T13:23:29.000Z</time>
        <extensions>
          <ns3:TrackPointExtension/>
        </extensions>
      </trkpt>
      <trkpt lat="24.4934806041419506072998046875" lon="118.14704130403697490692138671875">
        <ele>0</ele>
        <time>2016-09-28T13:23:34.000Z</time>
        <extensions>
          <ns3:TrackPointExtension/>
        </extensions>
      </trkpt>
      <trkpt lat="24.49345587752759456634521484375" lon="118.14702604897320270538330078125">
        <ele>0</ele>
        <time>2016-09-28T13:23:39.000Z</time>
        <extensions>
          <ns3:TrackPointExtension/>
        </extensions>
      </trkpt>
      <trkpt lat="24.49343106709420680999755859375" lon="118.14701079390943050384521484375">
        <ele>0</ele>
        <time>2016-09-28T13:23:44.000Z</time>
        <extensions>
          <ns3:TrackPointExtension/>
        </extensions>
      </trkpt>
      <trkpt lat="24.4934081844985485076904296875" lon="118.14699553884565830230712890625">
        <ele>0</ele>
        <time>2016-09-28T13:23:49.000Z</time>
        <extensions>
          <ns3:TrackPointExtension/>
        </extensions>
      </trkpt>
      <trkpt lat="24.49338530190289020538330078125" lon="118.14698028378188610076904296875">
        <ele>0</ele>
        <time>2016-09-28T13:23:54.000Z</time>
        <extensions>
          <ns3:TrackPointExtension/>
        </extensions>
      </trkpt>
      <trkpt lat="24.493362419307231903076171875" lon="118.146964944899082183837890625">
        <ele>0</ele>
        <time>2016-09-28T13:23:59.000Z</time>
        <extensions>
          <ns3:TrackPointExtension/>
        </extensions>
      </trkpt>
      <trkpt lat="24.493337608873844146728515625" lon="118.14695731736719608306884765625">
        <ele>0</ele>
        <time>2016-09-28T13:24:04.000Z</time>
        <extensions>
          <ns3:TrackPointExtension/>
        </extensions>
      </trkpt>
      <trkpt lat="24.493312798440456390380859375" lon="118.14694206230342388153076171875">
        <ele>0</ele>
        <time>2016-09-28T13:24:09.000Z</time>
        <extensions>
          <ns3:TrackPointExtension/>
        </extensions>
      </trkpt>
      <trkpt lat="24.49328606016933917999267578125" lon="118.14693443477153778076171875">
        <ele>0</ele>
        <time>2016-09-28T13:24:14.000Z</time>
        <extensions>
          <ns3:TrackPointExtension/>
        </extensions>
      </trkpt>
      <trkpt lat="24.4932613335549831390380859375" lon="118.1469191797077655792236328125">
        <ele>0</ele>
        <time>2016-09-28T13:24:19.000Z</time>
        <extensions>
          <ns3:TrackPointExtension/>
        </extensions>
      </trkpt>
      <trkpt lat="24.49323459528386592864990234375" lon="118.146903924643993377685546875">
        <ele>0</ele>
        <time>2016-09-28T13:24:24.000Z</time>
        <extensions>
          <ns3:TrackPointExtension/>
        </extensions>
      </trkpt>
      <trkpt lat="24.49320978485047817230224609375" lon="118.1468886695802211761474609375">
        <ele>0</ele>
        <time>2016-09-28T13:24:29.000Z</time>
        <extensions>
          <ns3:TrackPointExtension/>
        </extensions>
      </trkpt>
      <trkpt lat="24.4931869022548198699951171875" lon="118.146873414516448974609375">
        <ele>0</ele>
        <time>2016-09-28T13:24:34.000Z</time>
        <extensions>
          <ns3:TrackPointExtension/>
        </extensions>
      </trkpt>
      <trkpt lat="24.49317164719104766845703125" lon="118.1468581594526767730712890625">
        <ele>0</ele>
        <time>2016-09-28T13:24:39.000Z</time>
        <extensions>
          <ns3:TrackPointExtension/>
        </extensions>
      </trkpt>
      <trkpt lat="24.493152536451816558837890625" lon="118.14683527685701847076416015625">
        <ele>0</ele>
        <time>2016-09-28T13:24:44.000Z</time>
        <extensions>
          <ns3:TrackPointExtension/>
        </extensions>
      </trkpt>
      <trkpt lat="24.49313543736934661865234375" lon="118.14680476672947406768798828125">
        <ele>0</ele>
        <time>2016-09-28T13:24:49.000Z</time>
        <extensions>
          <ns3:TrackPointExtension/>
        </extensions>
      </trkpt>
      <trkpt lat="24.4931201823055744171142578125" lon="118.14677425660192966461181640625">
        <ele>0</ele>
        <time>2016-09-28T13:24:54.000Z</time>
        <extensions>
          <ns3:TrackPointExtension/>
        </extensions>
      </trkpt>
      <trkpt lat="24.4931106269359588623046875" lon="118.14674374647438526153564453125">
        <ele>0</ele>
        <time>2016-09-28T13:24:59.000Z</time>
        <extensions>
          <ns3:TrackPointExtension/>
        </extensions>
      </trkpt>
      <trkpt lat="24.4931067712604999542236328125" lon="118.14671323634684085845947265625">
        <ele>0</ele>
        <time>2016-09-28T13:25:04.000Z</time>
        <extensions>
          <ns3:TrackPointExtension/>
        </extensions>
      </trkpt>
      <trkpt lat="24.493104927241802215576171875" lon="118.14668272621929645538330078125">
        <ele>0</ele>
        <time>2016-09-28T13:25:09.000Z</time>
        <extensions>
          <ns3:TrackPointExtension/>
        </extensions>
      </trkpt>
      <trkpt lat="24.49310869909822940826416015625" lon="118.14665221609175205230712890625">
        <ele>0</ele>
        <time>2016-09-28T13:25:14.000Z</time>
        <extensions>
          <ns3:TrackPointExtension/>
        </extensions>
      </trkpt>
      <trkpt lat="24.49311439879238605499267578125" lon="118.146621622145175933837890625">
        <ele>0</ele>
        <time>2016-09-28T13:25:19.000Z</time>
        <extensions>
          <ns3:TrackPointExtension/>
        </extensions>
      </trkpt>
      <trkpt lat="24.49312202632427215576171875" lon="118.14659111201763153076171875">
        <ele>0</ele>
        <time>2016-09-28T13:25:24.000Z</time>
        <extensions>
          <ns3:TrackPointExtension/>
        </extensions>
      </trkpt>
      <trkpt lat="24.4931315816938877105712890625" lon="118.146560601890087127685546875">
        <ele>0</ele>
        <time>2016-09-28T13:25:29.000Z</time>
        <extensions>
          <ns3:TrackPointExtension/>
        </extensions>
      </trkpt>
      <trkpt lat="24.49314306490123271942138671875" lon="118.14653771929442882537841796875">
        <ele>0</ele>
        <time>2016-09-28T13:25:34.000Z</time>
        <extensions>
          <ns3:TrackPointExtension/>
        </extensions>
      </trkpt>
      <trkpt lat="24.49315446428954601287841796875" lon="118.14650720916688442230224609375">
        <ele>0</ele>
        <time>2016-09-28T13:25:39.000Z</time>
        <extensions>
          <ns3:TrackPointExtension/>
        </extensions>
      </trkpt>
      <trkpt lat="24.49316401965916156768798828125" lon="118.14647669903934001922607421875">
        <ele>0</ele>
        <time>2016-09-28T13:25:44.000Z</time>
        <extensions>
          <ns3:TrackPointExtension/>
        </extensions>
      </trkpt>
      <trkpt lat="24.49317164719104766845703125" lon="118.1464538164436817169189453125">
        <ele>0</ele>
        <time>2016-09-28T13:25:49.000Z</time>
        <extensions>
          <ns3:TrackPointExtension/>
        </extensions>
      </trkpt>
      <trkpt lat="24.49317927472293376922607421875" lon="118.1464233063161373138427734375">
        <ele>0</ele>
        <time>2016-09-28T13:25:54.000Z</time>
        <extensions>
          <ns3:TrackPointExtension/>
        </extensions>
      </trkpt>
      <trkpt lat="24.4931869022548198699951171875" lon="118.1463927961885929107666015625">
        <ele>0</ele>
        <time>2016-09-28T13:25:59.000Z</time>
        <extensions>
          <ns3:TrackPointExtension/>
        </extensions>
      </trkpt>
      <trkpt lat="24.4931926019489765167236328125" lon="118.1463622860610485076904296875">
        <ele>0</ele>
        <time>2016-09-28T13:26:04.000Z</time>
        <extensions>
          <ns3:TrackPointExtension/>
        </extensions>
      </trkpt>
      <trkpt lat="24.49319838546216487884521484375" lon="118.1463317759335041046142578125">
        <ele>0</ele>
        <time>2016-09-28T13:26:09.000Z</time>
        <extensions>
          <ns3:TrackPointExtension/>
        </extensions>
      </trkpt>
      <trkpt lat="24.493202157318592071533203125" lon="118.14630889333784580230712890625">
        <ele>0</ele>
        <time>2016-09-28T13:26:14.000Z</time>
        <extensions>
          <ns3:TrackPointExtension/>
        </extensions>
      </trkpt>
      <trkpt lat="24.4932060129940509796142578125" lon="118.1462860107421875">
        <ele>0</ele>
        <time>2016-09-28T13:26:19.000Z</time>
        <extensions>
          <ns3:TrackPointExtension/>
        </extensions>
      </trkpt>
      <trkpt lat="24.493202157318592071533203125" lon="118.1462630443274974822998046875">
        <ele>0</ele>
        <time>2016-09-28T13:26:24.000Z</time>
        <extensions>
          <ns3:TrackPointExtension/>
        </extensions>
      </trkpt>
      <trkpt lat="24.4931926019489765167236328125" lon="118.14624016173183917999267578125">
        <ele>0</ele>
        <time>2016-09-28T13:26:29.000Z</time>
        <extensions>
          <ns3:TrackPointExtension/>
        </extensions>
      </trkpt>
      <trkpt lat="24.4931812025606632232666015625" lon="118.14622490666806697845458984375">
        <ele>0</ele>
        <time>2016-09-28T13:26:34.000Z</time>
        <extensions>
          <ns3:TrackPointExtension/>
        </extensions>
      </trkpt>
      <trkpt lat="24.4931755028665065765380859375" lon="118.14619439654052257537841796875">
        <ele>0</ele>
        <time>2016-09-28T13:26:39.000Z</time>
        <extensions>
          <ns3:TrackPointExtension/>
        </extensions>
      </trkpt>
      <trkpt lat="24.4931755028665065765380859375" lon="118.1461715139448642730712890625">
        <ele>0</ele>
        <time>2016-09-28T13:26:44.000Z</time>
        <extensions>
          <ns3:TrackPointExtension/>
        </extensions>
      </trkpt>
      <trkpt lat="24.49317927472293376922607421875" lon="118.1461410038173198699951171875">
        <ele>0</ele>
        <time>2016-09-28T13:26:49.000Z</time>
        <extensions>
          <ns3:TrackPointExtension/>
        </extensions>
      </trkpt>
      <trkpt lat="24.49318883009254932403564453125" lon="118.1461104936897754669189453125">
        <ele>0</ele>
        <time>2016-09-28T13:26:54.000Z</time>
        <extensions>
          <ns3:TrackPointExtension/>
        </extensions>
      </trkpt>
      <trkpt lat="24.4931964576244354248046875" lon="118.1460799835622310638427734375">
        <ele>0</ele>
        <time>2016-09-28T13:26:59.000Z</time>
        <extensions>
          <ns3:TrackPointExtension/>
        </extensions>
      </trkpt>
      <trkpt lat="24.49320785701274871826171875" lon="118.14605710096657276153564453125">
        <ele>0</ele>
        <time>2016-09-28T13:27:04.000Z</time>
        <extensions>
          <ns3:TrackPointExtension/>
        </extensions>
      </trkpt>
      <trkpt lat="24.49321934022009372711181640625" lon="118.14602659083902835845947265625">
        <ele>0</ele>
        <time>2016-09-28T13:27:09.000Z</time>
        <extensions>
          <ns3:TrackPointExtension/>
        </extensions>
      </trkpt>
      <trkpt lat="24.49323073960840702056884765625" lon="118.14600370824337005615234375">
        <ele>0</ele>
        <time>2016-09-28T13:27:14.000Z</time>
        <extensions>
          <ns3:TrackPointExtension/>
        </extensions>
      </trkpt>
      <trkpt lat="24.49324029497802257537841796875" lon="118.14598082564771175384521484375">
        <ele>0</ele>
        <time>2016-09-28T13:27:19.000Z</time>
        <extensions>
          <ns3:TrackPointExtension/>
        </extensions>
      </trkpt>
      <trkpt lat="24.49324985034763813018798828125" lon="118.14595031552016735076904296875">
        <ele>0</ele>
        <time>2016-09-28T13:27:24.000Z</time>
        <extensions>
          <ns3:TrackPointExtension/>
        </extensions>
      </trkpt>
      <trkpt lat="24.49325747787952423095703125" lon="118.14592734910547733306884765625">
        <ele>0</ele>
        <time>2016-09-28T13:27:29.000Z</time>
        <extensions>
          <ns3:TrackPointExtension/>
        </extensions>
      </trkpt>
      <trkpt lat="24.49326510541141033172607421875" lon="118.14589683897793292999267578125">
        <ele>0</ele>
        <time>2016-09-28T13:27:34.000Z</time>
        <extensions>
          <ns3:TrackPointExtension/>
        </extensions>
      </trkpt>
      <trkpt lat="24.49327080510556697845458984375" lon="118.14586632885038852691650390625">
        <ele>0</ele>
        <time>2016-09-28T13:27:39.000Z</time>
        <extensions>
          <ns3:TrackPointExtension/>
        </extensions>
      </trkpt>
      <trkpt lat="24.493276588618755340576171875" lon="118.145843446254730224609375">
        <ele>0</ele>
        <time>2016-09-28T13:27:44.000Z</time>
        <extensions>
          <ns3:TrackPointExtension/>
        </extensions>
      </trkpt>
      <trkpt lat="24.4932822883129119873046875" lon="118.145812936127185821533203125">
        <ele>0</ele>
        <time>2016-09-28T13:27:49.000Z</time>
        <extensions>
          <ns3:TrackPointExtension/>
        </extensions>
      </trkpt>
      <trkpt lat="24.49328606016933917999267578125" lon="118.14579005353152751922607421875">
        <ele>0</ele>
        <time>2016-09-28T13:27:54.000Z</time>
        <extensions>
          <ns3:TrackPointExtension/>
        </extensions>
      </trkpt>
      <trkpt lat="24.49329368770122528076171875" lon="118.14575954340398311614990234375">
        <ele>0</ele>
        <time>2016-09-28T13:27:59.000Z</time>
        <extensions>
          <ns3:TrackPointExtension/>
        </extensions>
      </trkpt>
      <trkpt lat="24.4932975433766841888427734375" lon="118.14572903327643871307373046875">
        <ele>0</ele>
        <time>2016-09-28T13:28:04.000Z</time>
        <extensions>
          <ns3:TrackPointExtension/>
        </extensions>
      </trkpt>
      <trkpt lat="24.4933032430708408355712890625" lon="118.1457061506807804107666015625">
        <ele>0</ele>
        <time>2016-09-28T13:28:09.000Z</time>
        <extensions>
          <ns3:TrackPointExtension/>
        </extensions>
      </trkpt>
      <trkpt lat="24.49331087060272693634033203125" lon="118.1456756405532360076904296875">
        <ele>0</ele>
        <time>2016-09-28T13:28:14.000Z</time>
        <extensions>
          <ns3:TrackPointExtension/>
        </extensions>
      </trkpt>
      <trkpt lat="24.49331657029688358306884765625" lon="118.14565275795757770538330078125">
        <ele>0</ele>
        <time>2016-09-28T13:28:19.000Z</time>
        <extensions>
          <ns3:TrackPointExtension/>
        </extensions>
      </trkpt>
      <trkpt lat="24.493324197828769683837890625" lon="118.14562224783003330230712890625">
        <ele>0</ele>
        <time>2016-09-28T13:28:24.000Z</time>
        <extensions>
          <ns3:TrackPointExtension/>
        </extensions>
      </trkpt>
      <trkpt lat="24.49332998134195804595947265625" lon="118.145591653883457183837890625">
        <ele>0</ele>
        <time>2016-09-28T13:28:29.000Z</time>
        <extensions>
          <ns3:TrackPointExtension/>
        </extensions>
      </trkpt>
      <trkpt lat="24.49333568103611469268798828125" lon="118.14556877128779888153076171875">
        <ele>0</ele>
        <time>2016-09-28T13:28:34.000Z</time>
        <extensions>
          <ns3:TrackPointExtension/>
        </extensions>
      </trkpt>
      <trkpt lat="24.49334330856800079345703125" lon="118.14553826116025447845458984375">
        <ele>0</ele>
        <time>2016-09-28T13:28:39.000Z</time>
        <extensions>
          <ns3:TrackPointExtension/>
        </extensions>
      </trkpt>
      <trkpt lat="24.493349008262157440185546875" lon="118.1455153785645961761474609375">
        <ele>0</ele>
        <time>2016-09-28T13:28:44.000Z</time>
        <extensions>
          <ns3:TrackPointExtension/>
        </extensions>
      </trkpt>
      <trkpt lat="24.49335663579404354095458984375" lon="118.1454848684370517730712890625">
        <ele>0</ele>
        <time>2016-09-28T13:28:49.000Z</time>
        <extensions>
          <ns3:TrackPointExtension/>
        </extensions>
      </trkpt>
      <trkpt lat="24.493362419307231903076171875" lon="118.1454543583095073699951171875">
        <ele>0</ele>
        <time>2016-09-28T13:28:54.000Z</time>
        <extensions>
          <ns3:TrackPointExtension/>
        </extensions>
      </trkpt>
      <trkpt lat="24.4933681190013885498046875" lon="118.14543147571384906768798828125">
        <ele>0</ele>
        <time>2016-09-28T13:28:59.000Z</time>
        <extensions>
          <ns3:TrackPointExtension/>
        </extensions>
      </trkpt>
      <trkpt lat="24.49337574653327465057373046875" lon="118.145408593118190765380859375">
        <ele>0</ele>
        <time>2016-09-28T13:29:04.000Z</time>
        <extensions>
          <ns3:TrackPointExtension/>
        </extensions>
      </trkpt>
      <trkpt lat="24.49338144622743129730224609375" lon="118.1453780829906463623046875">
        <ele>0</ele>
        <time>2016-09-28T13:29:09.000Z</time>
        <extensions>
          <ns3:TrackPointExtension/>
        </extensions>
      </trkpt>
      <trkpt lat="24.4933890737593173980712890625" lon="118.145347572863101959228515625">
        <ele>0</ele>
        <time>2016-09-28T13:29:14.000Z</time>
        <extensions>
          <ns3:TrackPointExtension/>
        </extensions>
      </trkpt>
      <trkpt lat="24.49339670129120349884033203125" lon="118.14532469026744365692138671875">
        <ele>0</ele>
        <time>2016-09-28T13:29:19.000Z</time>
        <extensions>
          <ns3:TrackPointExtension/>
        </extensions>
      </trkpt>
      <trkpt lat="24.49340240098536014556884765625" lon="118.14529418013989925384521484375">
        <ele>0</ele>
        <time>2016-09-28T13:29:24.000Z</time>
        <extensions>
          <ns3:TrackPointExtension/>
        </extensions>
      </trkpt>
      <trkpt lat="24.493410028517246246337890625" lon="118.1452712975442409515380859375">
        <ele>0</ele>
        <time>2016-09-28T13:29:29.000Z</time>
        <extensions>
          <ns3:TrackPointExtension/>
        </extensions>
      </trkpt>
      <trkpt lat="24.4934177398681640625" lon="118.14524070359766483306884765625">
        <ele>0</ele>
        <time>2016-09-28T13:29:34.000Z</time>
        <extensions>
          <ns3:TrackPointExtension/>
        </extensions>
      </trkpt>
      <trkpt lat="24.49342536740005016326904296875" lon="118.14521782100200653076171875">
        <ele>0</ele>
        <time>2016-09-28T13:29:39.000Z</time>
        <extensions>
          <ns3:TrackPointExtension/>
        </extensions>
      </trkpt>
      <trkpt lat="24.493434838950634002685546875" lon="118.145187310874462127685546875">
        <ele>0</ele>
        <time>2016-09-28T13:29:44.000Z</time>
        <extensions>
          <ns3:TrackPointExtension/>
        </extensions>
      </trkpt>
      <trkpt lat="24.49344246648252010345458984375" lon="118.14516442827880382537841796875">
        <ele>0</ele>
        <time>2016-09-28T13:29:49.000Z</time>
        <extensions>
          <ns3:TrackPointExtension/>
        </extensions>
      </trkpt>
      <trkpt lat="24.4934500940144062042236328125" lon="118.14513391815125942230224609375">
        <ele>0</ele>
        <time>2016-09-28T13:29:54.000Z</time>
        <extensions>
          <ns3:TrackPointExtension/>
        </extensions>
      </trkpt>
      <trkpt lat="24.49345772154629230499267578125" lon="118.14510340802371501922607421875">
        <ele>0</ele>
        <time>2016-09-28T13:29:59.000Z</time>
        <extensions>
          <ns3:TrackPointExtension/>
        </extensions>
      </trkpt>
      <trkpt lat="24.49346727691590785980224609375" lon="118.1450805254280567169189453125">
        <ele>0</ele>
        <time>2016-09-28T13:30:04.000Z</time>
        <extensions>
          <ns3:TrackPointExtension/>
        </extensions>
      </trkpt>
      <trkpt lat="24.4934749044477939605712890625" lon="118.1450500153005123138427734375">
        <ele>0</ele>
        <time>2016-09-28T13:30:09.000Z</time>
        <extensions>
          <ns3:TrackPointExtension/>
        </extensions>
      </trkpt>
      <trkpt lat="24.493484459817409515380859375" lon="118.1450195051729679107666015625">
        <ele>0</ele>
        <time>2016-09-28T13:30:14.000Z</time>
        <extensions>
          <ns3:TrackPointExtension/>
        </extensions>
      </trkpt>
      <trkpt lat="24.49349208734929561614990234375" lon="118.14499662257730960845947265625">
        <ele>0</ele>
        <time>2016-09-28T13:30:19.000Z</time>
        <extensions>
          <ns3:TrackPointExtension/>
        </extensions>
      </trkpt>
      <trkpt lat="24.4934997148811817169189453125" lon="118.14496611244976520538330078125">
        <ele>0</ele>
        <time>2016-09-28T13:30:24.000Z</time>
        <extensions>
          <ns3:TrackPointExtension/>
        </extensions>
      </trkpt>
      <trkpt lat="24.49350734241306781768798828125" lon="118.14493560232222080230712890625">
        <ele>0</ele>
        <time>2016-09-28T13:30:29.000Z</time>
        <extensions>
          <ns3:TrackPointExtension/>
        </extensions>
      </trkpt>
      <trkpt lat="24.49351496994495391845703125" lon="118.144905008375644683837890625">
        <ele>0</ele>
        <time>2016-09-28T13:30:34.000Z</time>
        <extensions>
          <ns3:TrackPointExtension/>
        </extensions>
      </trkpt>
      <trkpt lat="24.49352259747684001922607421875" lon="118.14487449824810028076171875">
        <ele>0</ele>
        <time>2016-09-28T13:30:39.000Z</time>
        <extensions>
          <ns3:TrackPointExtension/>
        </extensions>
      </trkpt>
      <trkpt lat="24.49352829717099666595458984375" lon="118.14485161565244197845458984375">
        <ele>0</ele>
        <time>2016-09-28T13:30:44.000Z</time>
        <extensions>
          <ns3:TrackPointExtension/>
        </extensions>
      </trkpt>
      <trkpt lat="24.493534080684185028076171875" lon="118.14482110552489757537841796875">
        <ele>0</ele>
        <time>2016-09-28T13:30:49.000Z</time>
        <extensions>
          <ns3:TrackPointExtension/>
        </extensions>
      </trkpt>
      <trkpt lat="24.4935397803783416748046875" lon="118.14479059539735317230224609375">
        <ele>0</ele>
        <time>2016-09-28T13:30:54.000Z</time>
        <extensions>
          <ns3:TrackPointExtension/>
        </extensions>
      </trkpt>
      <trkpt lat="24.493545480072498321533203125" lon="118.14476008526980876922607421875">
        <ele>0</ele>
        <time>2016-09-28T13:30:59.000Z</time>
        <extensions>
          <ns3:TrackPointExtension/>
        </extensions>
      </trkpt>
      <trkpt lat="24.49355117976665496826171875" lon="118.14472957514226436614990234375">
        <ele>0</ele>
        <time>2016-09-28T13:31:04.000Z</time>
        <extensions>
          <ns3:TrackPointExtension/>
        </extensions>
      </trkpt>
      <trkpt lat="24.49355880729854106903076171875" lon="118.1447066925466060638427734375">
        <ele>0</ele>
        <time>2016-09-28T13:31:09.000Z</time>
        <extensions>
          <ns3:TrackPointExtension/>
        </extensions>
      </trkpt>
      <trkpt lat="24.49356459081172943115234375" lon="118.1446761824190616607666015625">
        <ele>0</ele>
        <time>2016-09-28T13:31:14.000Z</time>
        <extensions>
          <ns3:TrackPointExtension/>
        </extensions>
      </trkpt>
      <trkpt lat="24.49357406236231327056884765625" lon="118.1446456722915172576904296875">
        <ele>0</ele>
        <time>2016-09-28T13:31:19.000Z</time>
        <extensions>
          <ns3:TrackPointExtension/>
        </extensions>
      </trkpt>
      <trkpt lat="24.49358361773192882537841796875" lon="118.1446151621639728546142578125">
        <ele>0</ele>
        <time>2016-09-28T13:31:24.000Z</time>
        <extensions>
          <ns3:TrackPointExtension/>
        </extensions>
      </trkpt>
      <trkpt lat="24.4935912452638149261474609375" lon="118.14459227956831455230712890625">
        <ele>0</ele>
        <time>2016-09-28T13:31:29.000Z</time>
        <extensions>
          <ns3:TrackPointExtension/>
        </extensions>
      </trkpt>
      <trkpt lat="24.49360080063343048095703125" lon="118.144561685621738433837890625">
        <ele>0</ele>
        <time>2016-09-28T13:31:34.000Z</time>
        <extensions>
          <ns3:TrackPointExtension/>
        </extensions>
      </trkpt>
      <trkpt lat="24.49360842816531658172607421875" lon="118.14453117549419403076171875">
        <ele>0</ele>
        <time>2016-09-28T13:31:39.000Z</time>
        <extensions>
          <ns3:TrackPointExtension/>
        </extensions>
      </trkpt>
      <trkpt lat="24.49361412785947322845458984375" lon="118.144500665366649627685546875">
        <ele>0</ele>
        <time>2016-09-28T13:31:44.000Z</time>
        <extensions>
          <ns3:TrackPointExtension/>
        </extensions>
      </trkpt>
      <trkpt lat="24.49361798353493213653564453125" lon="118.144470155239105224609375">
        <ele>0</ele>
        <time>2016-09-28T13:31:49.000Z</time>
        <extensions>
          <ns3:TrackPointExtension/>
        </extensions>
      </trkpt>
      <trkpt lat="24.4936217553913593292236328125" lon="118.144439645111560821533203125">
        <ele>0</ele>
        <time>2016-09-28T13:31:54.000Z</time>
        <extensions>
          <ns3:TrackPointExtension/>
        </extensions>
      </trkpt>
      <trkpt lat="24.4936256110668182373046875" lon="118.14440913498401641845703125">
        <ele>0</ele>
        <time>2016-09-28T13:31:59.000Z</time>
        <extensions>
          <ns3:TrackPointExtension/>
        </extensions>
      </trkpt>
      <trkpt lat="24.49362938292324542999267578125" lon="118.14438625238835811614990234375">
        <ele>0</ele>
        <time>2016-09-28T13:32:04.000Z</time>
        <extensions>
          <ns3:TrackPointExtension/>
        </extensions>
      </trkpt>
      <trkpt lat="24.49363893829286098480224609375" lon="118.14435574226081371307373046875">
        <ele>0</ele>
        <time>2016-09-28T13:32:09.000Z</time>
        <extensions>
          <ns3:TrackPointExtension/>
        </extensions>
      </trkpt>
      <trkpt lat="24.49364849366247653961181640625" lon="118.14432523213326930999755859375">
        <ele>0</ele>
        <time>2016-09-28T13:32:14.000Z</time>
        <extensions>
          <ns3:TrackPointExtension/>
        </extensions>
      </trkpt>
      <trkpt lat="24.49365989305078983306884765625" lon="118.1443023495376110076904296875">
        <ele>0</ele>
        <time>2016-09-28T13:32:19.000Z</time>
        <extensions>
          <ns3:TrackPointExtension/>
        </extensions>
      </trkpt>
      <trkpt lat="24.49366944842040538787841796875" lon="118.14427946694195270538330078125">
        <ele>0</ele>
        <time>2016-09-28T13:32:24.000Z</time>
        <extensions>
          <ns3:TrackPointExtension/>
        </extensions>
      </trkpt>
      <trkpt lat="24.49367900379002094268798828125" lon="118.14424895681440830230712890625">
        <ele>0</ele>
        <time>2016-09-28T13:32:29.000Z</time>
        <extensions>
          <ns3:TrackPointExtension/>
        </extensions>
      </trkpt>
      <trkpt lat="24.49368855915963649749755859375" lon="118.14422607421875">
        <ele>0</ele>
        <time>2016-09-28T13:32:34.000Z</time>
        <extensions>
          <ns3:TrackPointExtension/>
        </extensions>
      </trkpt>
      <trkpt lat="24.4936961866915225982666015625" lon="118.14419548027217388153076171875">
        <ele>0</ele>
        <time>2016-09-28T13:32:39.000Z</time>
        <extensions>
          <ns3:TrackPointExtension/>
        </extensions>
      </trkpt>
      <trkpt lat="24.493705742061138153076171875" lon="118.1441725976765155792236328125">
        <ele>0</ele>
        <time>2016-09-28T13:32:44.000Z</time>
        <extensions>
          <ns3:TrackPointExtension/>
        </extensions>
      </trkpt>
      <trkpt lat="24.49371336959302425384521484375" lon="118.1441420875489711761474609375">
        <ele>0</ele>
        <time>2016-09-28T13:32:49.000Z</time>
        <extensions>
          <ns3:TrackPointExtension/>
        </extensions>
      </trkpt>
      <trkpt lat="24.49372284114360809326171875" lon="118.14411920495331287384033203125">
        <ele>0</ele>
        <time>2016-09-28T13:32:54.000Z</time>
        <extensions>
          <ns3:TrackPointExtension/>
        </extensions>
      </trkpt>
      <trkpt lat="24.49373046867549419403076171875" lon="118.14408869482576847076416015625">
        <ele>0</ele>
        <time>2016-09-28T13:32:59.000Z</time>
        <extensions>
          <ns3:TrackPointExtension/>
        </extensions>
      </trkpt>
      <trkpt lat="24.4937380962073802947998046875" lon="118.14406581223011016845703125">
        <ele>0</ele>
        <time>2016-09-28T13:33:04.000Z</time>
        <extensions>
          <ns3:TrackPointExtension/>
        </extensions>
      </trkpt>
      <trkpt lat="24.493747651576995849609375" lon="118.144035302102565765380859375">
        <ele>0</ele>
        <time>2016-09-28T13:33:09.000Z</time>
        <extensions>
          <ns3:TrackPointExtension/>
        </extensions>
      </trkpt>
      <trkpt lat="24.49375527910888195037841796875" lon="118.14401241950690746307373046875">
        <ele>0</ele>
        <time>2016-09-28T13:33:14.000Z</time>
        <extensions>
          <ns3:TrackPointExtension/>
        </extensions>
      </trkpt>
      <trkpt lat="24.4937629066407680511474609375" lon="118.1439895369112491607666015625">
        <ele>0</ele>
        <time>2016-09-28T13:33:19.000Z</time>
        <extensions>
          <ns3:TrackPointExtension/>
        </extensions>
      </trkpt>
      <trkpt lat="24.49377053417265415191650390625" lon="118.1439590267837047576904296875">
        <ele>0</ele>
        <time>2016-09-28T13:33:24.000Z</time>
        <extensions>
          <ns3:TrackPointExtension/>
        </extensions>
      </trkpt>
      <trkpt lat="24.4937763176858425140380859375" lon="118.1439285166561603546142578125">
        <ele>0</ele>
        <time>2016-09-28T13:33:29.000Z</time>
        <extensions>
          <ns3:TrackPointExtension/>
        </extensions>
      </trkpt>
      <trkpt lat="24.49378394521772861480712890625" lon="118.14390563406050205230712890625">
        <ele>0</ele>
        <time>2016-09-28T13:33:34.000Z</time>
        <extensions>
          <ns3:TrackPointExtension/>
        </extensions>
      </trkpt>
      <trkpt lat="24.49378964491188526153564453125" lon="118.143875040113925933837890625">
        <ele>0</ele>
        <time>2016-09-28T13:33:39.000Z</time>
        <extensions>
          <ns3:TrackPointExtension/>
        </extensions>
      </trkpt>
      <trkpt lat="24.4937972724437713623046875" lon="118.14384452998638153076171875">
        <ele>0</ele>
        <time>2016-09-28T13:33:44.000Z</time>
        <extensions>
          <ns3:TrackPointExtension/>
        </extensions>
      </trkpt>
      <trkpt lat="24.49380489997565746307373046875" lon="118.143814019858837127685546875">
        <ele>0</ele>
        <time>2016-09-28T13:33:49.000Z</time>
        <extensions>
          <ns3:TrackPointExtension/>
        </extensions>
      </trkpt>
      <trkpt lat="24.4938125275075435638427734375" lon="118.14379113726317882537841796875">
        <ele>0</ele>
        <time>2016-09-28T13:33:54.000Z</time>
        <extensions>
          <ns3:TrackPointExtension/>
        </extensions>
      </trkpt>
      <trkpt lat="24.49382208287715911865234375" lon="118.14376062713563442230224609375">
        <ele>0</ele>
        <time>2016-09-28T13:33:59.000Z</time>
        <extensions>
          <ns3:TrackPointExtension/>
        </extensions>
      </trkpt>
      <trkpt lat="24.493833482265472412109375" lon="118.1437377445399761199951171875">
        <ele>0</ele>
        <time>2016-09-28T13:34:04.000Z</time>
        <extensions>
          <ns3:TrackPointExtension/>
        </extensions>
      </trkpt>
      <trkpt lat="24.493846893310546875" lon="118.1437072344124317169189453125">
        <ele>0</ele>
        <time>2016-09-28T13:34:09.000Z</time>
        <extensions>
          <ns3:TrackPointExtension/>
        </extensions>
      </trkpt>
      <trkpt lat="24.49385636486113071441650390625" lon="118.14368435181677341461181640625">
        <ele>0</ele>
        <time>2016-09-28T13:34:14.000Z</time>
        <extensions>
          <ns3:TrackPointExtension/>
        </extensions>
      </trkpt>
      <trkpt lat="24.493863992393016815185546875" lon="118.1436614692211151123046875">
        <ele>0</ele>
        <time>2016-09-28T13:34:19.000Z</time>
        <extensions>
          <ns3:TrackPointExtension/>
        </extensions>
      </trkpt>
      <trkpt lat="24.49386977590620517730712890625" lon="118.143630959093570709228515625">
        <ele>0</ele>
        <time>2016-09-28T13:34:24.000Z</time>
        <extensions>
          <ns3:TrackPointExtension/>
        </extensions>
      </trkpt>
      <trkpt lat="24.49387161992490291595458984375" lon="118.14360044896602630615234375">
        <ele>0</ele>
        <time>2016-09-28T13:34:29.000Z</time>
        <extensions>
          <ns3:TrackPointExtension/>
        </extensions>
      </trkpt>
      <trkpt lat="24.49387547560036182403564453125" lon="118.143569938838481903076171875">
        <ele>0</ele>
        <time>2016-09-28T13:34:34.000Z</time>
        <extensions>
          <ns3:TrackPointExtension/>
        </extensions>
      </trkpt>
      <trkpt lat="24.4938831031322479248046875" lon="118.14354705624282360076904296875">
        <ele>0</ele>
        <time>2016-09-28T13:34:39.000Z</time>
        <extensions>
          <ns3:TrackPointExtension/>
        </extensions>
      </trkpt>
      <trkpt lat="24.4938926585018634796142578125" lon="118.1435164622962474822998046875">
        <ele>0</ele>
        <time>2016-09-28T13:34:44.000Z</time>
        <extensions>
          <ns3:TrackPointExtension/>
        </extensions>
      </trkpt>
      <trkpt lat="24.49390213005244731903076171875" lon="118.14349357970058917999267578125">
        <ele>0</ele>
        <time>2016-09-28T13:34:49.000Z</time>
        <extensions>
          <ns3:TrackPointExtension/>
        </extensions>
      </trkpt>
      <trkpt lat="24.4939097575843334197998046875" lon="118.14346306957304477691650390625">
        <ele>0</ele>
        <time>2016-09-28T13:34:54.000Z</time>
        <extensions>
          <ns3:TrackPointExtension/>
        </extensions>
      </trkpt>
      <trkpt lat="24.49391554109752178192138671875" lon="118.14343255944550037384033203125">
        <ele>0</ele>
        <time>2016-09-28T13:34:59.000Z</time>
        <extensions>
          <ns3:TrackPointExtension/>
        </extensions>
      </trkpt>
      <trkpt lat="24.49392124079167842864990234375" lon="118.14340204931795597076416015625">
        <ele>0</ele>
        <time>2016-09-28T13:35:04.000Z</time>
        <extensions>
          <ns3:TrackPointExtension/>
        </extensions>
      </trkpt>
      <trkpt lat="24.4939288683235645294189453125" lon="118.14337153919041156768798828125">
        <ele>0</ele>
        <time>2016-09-28T13:35:09.000Z</time>
        <extensions>
          <ns3:TrackPointExtension/>
        </extensions>
      </trkpt>
      <trkpt lat="24.4939345680177211761474609375" lon="118.143348656594753265380859375">
        <ele>0</ele>
        <time>2016-09-28T13:35:14.000Z</time>
        <extensions>
          <ns3:TrackPointExtension/>
        </extensions>
      </trkpt>
      <trkpt lat="24.49394035153090953826904296875" lon="118.1433181464672088623046875">
        <ele>0</ele>
        <time>2016-09-28T13:35:19.000Z</time>
        <extensions>
          <ns3:TrackPointExtension/>
        </extensions>
      </trkpt>
      <trkpt lat="24.49394605122506618499755859375" lon="118.143287636339664459228515625">
        <ele>0</ele>
        <time>2016-09-28T13:35:24.000Z</time>
        <extensions>
          <ns3:TrackPointExtension/>
        </extensions>
      </trkpt>
      <trkpt lat="24.4939536787569522857666015625" lon="118.14326475374400615692138671875">
        <ele>0</ele>
        <time>2016-09-28T13:35:29.000Z</time>
        <extensions>
          <ns3:TrackPointExtension/>
        </extensions>
      </trkpt>
      <trkpt lat="24.4939593784511089324951171875" lon="118.14323424361646175384521484375">
        <ele>0</ele>
        <time>2016-09-28T13:35:34.000Z</time>
        <extensions>
          <ns3:TrackPointExtension/>
        </extensions>
      </trkpt>
      <trkpt lat="24.493963234126567840576171875" lon="118.1432113610208034515380859375">
        <ele>0</ele>
        <time>2016-09-28T13:35:39.000Z</time>
        <extensions>
          <ns3:TrackPointExtension/>
        </extensions>
      </trkpt>
      <trkpt lat="24.49397086165845394134521484375" lon="118.14318076707422733306884765625">
        <ele>0</ele>
        <time>2016-09-28T13:35:44.000Z</time>
        <extensions>
          <ns3:TrackPointExtension/>
        </extensions>
      </trkpt>
      <trkpt lat="24.493974633514881134033203125" lon="118.14315025694668292999267578125">
        <ele>0</ele>
        <time>2016-09-28T13:35:49.000Z</time>
        <extensions>
          <ns3:TrackPointExtension/>
        </extensions>
      </trkpt>
      <trkpt lat="24.49398033320903778076171875" lon="118.143127374351024627685546875">
        <ele>0</ele>
        <time>2016-09-28T13:35:54.000Z</time>
        <extensions>
          <ns3:TrackPointExtension/>
        </extensions>
      </trkpt>
      <trkpt lat="24.49398611672222614288330078125" lon="118.143096864223480224609375">
        <ele>0</ele>
        <time>2016-09-28T13:35:59.000Z</time>
        <extensions>
          <ns3:TrackPointExtension/>
        </extensions>
      </trkpt>
      <trkpt lat="24.49399181641638278961181640625" lon="118.143066354095935821533203125">
        <ele>0</ele>
        <time>2016-09-28T13:36:04.000Z</time>
        <extensions>
          <ns3:TrackPointExtension/>
        </extensions>
      </trkpt>
      <trkpt lat="24.4939955882728099822998046875" lon="118.14303584396839141845703125">
        <ele>0</ele>
        <time>2016-09-28T13:36:09.000Z</time>
        <extensions>
          <ns3:TrackPointExtension/>
        </extensions>
      </trkpt>
      <trkpt lat="24.49400137178599834442138671875" lon="118.143005333840847015380859375">
        <ele>0</ele>
        <time>2016-09-28T13:36:14.000Z</time>
        <extensions>
          <ns3:TrackPointExtension/>
        </extensions>
      </trkpt>
      <trkpt lat="24.494005143642425537109375" lon="118.14298245124518871307373046875">
        <ele>0</ele>
        <time>2016-09-28T13:36:19.000Z</time>
        <extensions>
          <ns3:TrackPointExtension/>
        </extensions>
      </trkpt>
      <trkpt lat="24.494010843336582183837890625" lon="118.142944313585758209228515625">
        <ele>0</ele>
        <time>2016-09-28T13:36:24.000Z</time>
        <extensions>
          <ns3:TrackPointExtension/>
        </extensions>
      </trkpt>
      <trkpt lat="24.49401662684977054595947265625" lon="118.14292143099009990692138671875">
        <ele>0</ele>
        <time>2016-09-28T13:36:29.000Z</time>
        <extensions>
          <ns3:TrackPointExtension/>
        </extensions>
      </trkpt>
      <trkpt lat="24.49402232654392719268798828125" lon="118.14289092086255550384521484375">
        <ele>0</ele>
        <time>2016-09-28T13:36:34.000Z</time>
        <extensions>
          <ns3:TrackPointExtension/>
        </extensions>
      </trkpt>
      <trkpt lat="24.49402802623808383941650390625" lon="118.14286041073501110076904296875">
        <ele>0</ele>
        <time>2016-09-28T13:36:39.000Z</time>
        <extensions>
          <ns3:TrackPointExtension/>
        </extensions>
      </trkpt>
      <trkpt lat="24.4940338097512722015380859375" lon="118.1428298167884349822998046875">
        <ele>0</ele>
        <time>2016-09-28T13:36:44.000Z</time>
        <extensions>
          <ns3:TrackPointExtension/>
        </extensions>
      </trkpt>
      <trkpt lat="24.4940395094454288482666015625" lon="118.1427993066608905792236328125">
        <ele>0</ele>
        <time>2016-09-28T13:36:49.000Z</time>
        <extensions>
          <ns3:TrackPointExtension/>
        </extensions>
      </trkpt>
      <trkpt lat="24.4940452091395854949951171875" lon="118.14277642406523227691650390625">
        <ele>0</ele>
        <time>2016-09-28T13:36:54.000Z</time>
        <extensions>
          <ns3:TrackPointExtension/>
        </extensions>
      </trkpt>
      <trkpt lat="24.4940509088337421417236328125" lon="118.14274591393768787384033203125">
        <ele>0</ele>
        <time>2016-09-28T13:36:59.000Z</time>
        <extensions>
          <ns3:TrackPointExtension/>
        </extensions>
      </trkpt>
      <trkpt lat="24.49405853636562824249267578125" lon="118.14271540381014347076416015625">
        <ele>0</ele>
        <time>2016-09-28T13:37:04.000Z</time>
        <extensions>
          <ns3:TrackPointExtension/>
        </extensions>
      </trkpt>
      <trkpt lat="24.49406616389751434326171875" lon="118.14268489368259906768798828125">
        <ele>0</ele>
        <time>2016-09-28T13:37:09.000Z</time>
        <extensions>
          <ns3:TrackPointExtension/>
        </extensions>
      </trkpt>
      <trkpt lat="24.49407764710485935211181640625" lon="118.14265438355505466461181640625">
        <ele>0</ele>
        <time>2016-09-28T13:37:14.000Z</time>
        <extensions>
          <ns3:TrackPointExtension/>
        </extensions>
      </trkpt>
      <trkpt lat="24.49408720247447490692138671875" lon="118.1426315009593963623046875">
        <ele>0</ele>
        <time>2016-09-28T13:37:19.000Z</time>
        <extensions>
          <ns3:TrackPointExtension/>
        </extensions>
      </trkpt>
      <trkpt lat="24.494096674025058746337890625" lon="118.14260861836373805999755859375">
        <ele>0</ele>
        <time>2016-09-28T13:37:24.000Z</time>
        <extensions>
          <ns3:TrackPointExtension/>
        </extensions>
      </trkpt>
      <trkpt lat="24.4941043853759765625" lon="118.14257810823619365692138671875">
        <ele>0</ele>
        <time>2016-09-28T13:37:29.000Z</time>
        <extensions>
          <ns3:TrackPointExtension/>
        </extensions>
      </trkpt>
      <trkpt lat="24.49411201290786266326904296875" lon="118.14254759810864925384521484375">
        <ele>0</ele>
        <time>2016-09-28T13:37:34.000Z</time>
        <extensions>
          <ns3:TrackPointExtension/>
        </extensions>
      </trkpt>
      <trkpt lat="24.4941196404397487640380859375" lon="118.1425247155129909515380859375">
        <ele>0</ele>
        <time>2016-09-28T13:37:39.000Z</time>
        <extensions>
          <ns3:TrackPointExtension/>
        </extensions>
      </trkpt>
      <trkpt lat="24.49412726797163486480712890625" lon="118.14249412156641483306884765625">
        <ele>0</ele>
        <time>2016-09-28T13:37:44.000Z</time>
        <extensions>
          <ns3:TrackPointExtension/>
        </extensions>
      </trkpt>
      <trkpt lat="24.494134895503520965576171875" lon="118.14246361143887042999267578125">
        <ele>0</ele>
        <time>2016-09-28T13:37:49.000Z</time>
        <extensions>
          <ns3:TrackPointExtension/>
        </extensions>
      </trkpt>
      <trkpt lat="24.49414252303540706634521484375" lon="118.142440728843212127685546875">
        <ele>0</ele>
        <time>2016-09-28T13:37:54.000Z</time>
        <extensions>
          <ns3:TrackPointExtension/>
        </extensions>
      </trkpt>
      <trkpt lat="24.4941501505672931671142578125" lon="118.142410218715667724609375">
        <ele>0</ele>
        <time>2016-09-28T13:37:59.000Z</time>
        <extensions>
          <ns3:TrackPointExtension/>
        </extensions>
      </trkpt>
      <trkpt lat="24.49415962211787700653076171875" lon="118.14238733612000942230224609375">
        <ele>0</ele>
        <time>2016-09-28T13:38:04.000Z</time>
        <extensions>
          <ns3:TrackPointExtension/>
        </extensions>
      </trkpt>
      <trkpt lat="24.49416917748749256134033203125" lon="118.14235682599246501922607421875">
        <ele>0</ele>
        <time>2016-09-28T13:38:09.000Z</time>
        <extensions>
          <ns3:TrackPointExtension/>
        </extensions>
      </trkpt>
      <trkpt lat="24.49417873285710811614990234375" lon="118.1423339433968067169189453125">
        <ele>0</ele>
        <time>2016-09-28T13:38:14.000Z</time>
        <extensions>
          <ns3:TrackPointExtension/>
        </extensions>
      </trkpt>
      <trkpt lat="24.49418828822672367095947265625" lon="118.1423034332692623138427734375">
        <ele>0</ele>
        <time>2016-09-28T13:38:19.000Z</time>
        <extensions>
          <ns3:TrackPointExtension/>
        </extensions>
      </trkpt>
      <trkpt lat="24.49419784359633922576904296875" lon="118.14228055067360401153564453125">
        <ele>0</ele>
        <time>2016-09-28T13:38:24.000Z</time>
        <extensions>
          <ns3:TrackPointExtension/>
        </extensions>
      </trkpt>
      <trkpt lat="24.4942054711282253265380859375" lon="118.14225004054605960845947265625">
        <ele>0</ele>
        <time>2016-09-28T13:38:29.000Z</time>
        <extensions>
          <ns3:TrackPointExtension/>
        </extensions>
      </trkpt>
      <trkpt lat="24.49421309866011142730712890625" lon="118.14221953041851520538330078125">
        <ele>0</ele>
        <time>2016-09-28T13:38:34.000Z</time>
        <extensions>
          <ns3:TrackPointExtension/>
        </extensions>
      </trkpt>
      <trkpt lat="24.4942225702106952667236328125" lon="118.14218902029097080230712890625">
        <ele>0</ele>
        <time>2016-09-28T13:38:39.000Z</time>
        <extensions>
          <ns3:TrackPointExtension/>
        </extensions>
      </trkpt>
      <trkpt lat="24.49423019774258136749267578125" lon="118.142158426344394683837890625">
        <ele>0</ele>
        <time>2016-09-28T13:38:44.000Z</time>
        <extensions>
          <ns3:TrackPointExtension/>
        </extensions>
      </trkpt>
      <trkpt lat="24.49423782527446746826171875" lon="118.14212791621685028076171875">
        <ele>0</ele>
        <time>2016-09-28T13:38:49.000Z</time>
        <extensions>
          <ns3:TrackPointExtension/>
        </extensions>
      </trkpt>
      <trkpt lat="24.49424360878765583038330078125" lon="118.142097406089305877685546875">
        <ele>0</ele>
        <time>2016-09-28T13:38:54.000Z</time>
        <extensions>
          <ns3:TrackPointExtension/>
        </extensions>
      </trkpt>
      <trkpt lat="24.49425123631954193115234375" lon="118.142066895961761474609375">
        <ele>0</ele>
        <time>2016-09-28T13:38:59.000Z</time>
        <extensions>
          <ns3:TrackPointExtension/>
        </extensions>
      </trkpt>
      <trkpt lat="24.49425886385142803192138671875" lon="118.142036385834217071533203125">
        <ele>0</ele>
        <time>2016-09-28T13:39:04.000Z</time>
        <extensions>
          <ns3:TrackPointExtension/>
        </extensions>
      </trkpt>
      <trkpt lat="24.4942664913833141326904296875" lon="118.14201350323855876922607421875">
        <ele>0</ele>
        <time>2016-09-28T13:39:09.000Z</time>
        <extensions>
          <ns3:TrackPointExtension/>
        </extensions>
      </trkpt>
      <trkpt lat="24.4942721910774707794189453125" lon="118.14198299311101436614990234375">
        <ele>0</ele>
        <time>2016-09-28T13:39:14.000Z</time>
        <extensions>
          <ns3:TrackPointExtension/>
        </extensions>
      </trkpt>
      <trkpt lat="24.494281746447086334228515625" lon="118.1419601105153560638427734375">
        <ele>0</ele>
        <time>2016-09-28T13:39:19.000Z</time>
        <extensions>
          <ns3:TrackPointExtension/>
        </extensions>
      </trkpt>
      <trkpt lat="24.49428937397897243499755859375" lon="118.1419296003878116607666015625">
        <ele>0</ele>
        <time>2016-09-28T13:39:24.000Z</time>
        <extensions>
          <ns3:TrackPointExtension/>
        </extensions>
      </trkpt>
      <trkpt lat="24.49429892934858798980712890625" lon="118.1418990902602672576904296875">
        <ele>0</ele>
        <time>2016-09-28T13:39:29.000Z</time>
        <extensions>
          <ns3:TrackPointExtension/>
        </extensions>
      </trkpt>
      <trkpt lat="24.4943084008991718292236328125" lon="118.14187620766460895538330078125">
        <ele>0</ele>
        <time>2016-09-28T13:39:34.000Z</time>
        <extensions>
          <ns3:TrackPointExtension/>
        </extensions>
      </trkpt>
      <trkpt lat="24.4943218119442462921142578125" lon="118.14184569753706455230712890625">
        <ele>0</ele>
        <time>2016-09-28T13:39:39.000Z</time>
        <extensions>
          <ns3:TrackPointExtension/>
        </extensions>
      </trkpt>
      <trkpt lat="24.4943332113325595855712890625" lon="118.141815103590488433837890625">
        <ele>0</ele>
        <time>2016-09-28T13:39:44.000Z</time>
        <extensions>
          <ns3:TrackPointExtension/>
        </extensions>
      </trkpt>
      <trkpt lat="24.494348466396331787109375" lon="118.14179222099483013153076171875">
        <ele>0</ele>
        <time>2016-09-28T13:39:49.000Z</time>
        <extensions>
          <ns3:TrackPointExtension/>
        </extensions>
      </trkpt>
      <trkpt lat="24.49436564929783344268798828125" lon="118.1417693383991718292236328125">
        <ele>0</ele>
        <time>2016-09-28T13:39:54.000Z</time>
        <extensions>
          <ns3:TrackPointExtension/>
        </extensions>
      </trkpt>
      <trkpt lat="24.49438476003706455230712890625" lon="118.14174645580351352691650390625">
        <ele>0</ele>
        <time>2016-09-28T13:39:59.000Z</time>
        <extensions>
          <ns3:TrackPointExtension/>
        </extensions>
      </trkpt>
      <trkpt lat="24.4944076426327228546142578125" lon="118.14173120073974132537841796875">
        <ele>0</ele>
        <time>2016-09-28T13:40:04.000Z</time>
        <extensions>
          <ns3:TrackPointExtension/>
        </extensions>
      </trkpt>
      <trkpt lat="24.49443236924707889556884765625" lon="118.14171594567596912384033203125">
        <ele>0</ele>
        <time>2016-09-28T13:40:09.000Z</time>
        <extensions>
          <ns3:TrackPointExtension/>
        </extensions>
      </trkpt>
      <trkpt lat="24.49446103535592555999755859375" lon="118.14170069061219692230224609375">
        <ele>0</ele>
        <time>2016-09-28T13:40:14.000Z</time>
        <extensions>
          <ns3:TrackPointExtension/>
        </extensions>
      </trkpt>
      <trkpt lat="24.49449154548346996307373046875" lon="118.141693063080310821533203125">
        <ele>0</ele>
        <time>2016-09-28T13:40:19.000Z</time>
        <extensions>
          <ns3:TrackPointExtension/>
        </extensions>
      </trkpt>
      <trkpt lat="24.494520127773284912109375" lon="118.141693063080310821533203125">
        <ele>0</ele>
        <time>2016-09-28T13:40:24.000Z</time>
        <extensions>
          <ns3:TrackPointExtension/>
        </extensions>
      </trkpt>
      <trkpt lat="24.4945487938821315765380859375" lon="118.141693063080310821533203125">
        <ele>0</ele>
        <time>2016-09-28T13:40:29.000Z</time>
        <extensions>
          <ns3:TrackPointExtension/>
        </extensions>
      </trkpt>
      <trkpt lat="24.49457737617194652557373046875" lon="118.141693063080310821533203125">
        <ele>0</ele>
        <time>2016-09-28T13:40:34.000Z</time>
        <extensions>
          <ns3:TrackPointExtension/>
        </extensions>
      </trkpt>
      <trkpt lat="24.49460788629949092864990234375" lon="118.141693063080310821533203125">
        <ele>0</ele>
        <time>2016-09-28T13:40:39.000Z</time>
        <extensions>
          <ns3:TrackPointExtension/>
        </extensions>
      </trkpt>
      <trkpt lat="24.494636468589305877685546875" lon="118.14170069061219692230224609375">
        <ele>0</ele>
        <time>2016-09-28T13:40:44.000Z</time>
        <extensions>
          <ns3:TrackPointExtension/>
        </extensions>
      </trkpt>
      <trkpt lat="24.49466697871685028076171875" lon="118.1417083181440830230712890625">
        <ele>0</ele>
        <time>2016-09-28T13:40:49.000Z</time>
        <extensions>
          <ns3:TrackPointExtension/>
        </extensions>
      </trkpt>
      <trkpt lat="24.494697488844394683837890625" lon="118.14171594567596912384033203125">
        <ele>0</ele>
        <time>2016-09-28T13:40:54.000Z</time>
        <extensions>
          <ns3:TrackPointExtension/>
        </extensions>
      </trkpt>
      <trkpt lat="24.49472422711551189422607421875" lon="118.141723573207855224609375">
        <ele>0</ele>
        <time>2016-09-28T13:40:59.000Z</time>
        <extensions>
          <ns3:TrackPointExtension/>
        </extensions>
      </trkpt>
      <trkpt lat="24.4947509653866291046142578125" lon="118.14173120073974132537841796875">
        <ele>0</ele>
        <time>2016-09-28T13:41:04.000Z</time>
        <extensions>
          <ns3:TrackPointExtension/>
        </extensions>
      </trkpt>
      <trkpt lat="24.494777619838714599609375" lon="118.1417388282716274261474609375">
        <ele>0</ele>
        <time>2016-09-28T13:41:09.000Z</time>
        <extensions>
          <ns3:TrackPointExtension/>
        </extensions>
      </trkpt>
      <trkpt lat="24.49480435810983180999755859375" lon="118.14174645580351352691650390625">
        <ele>0</ele>
        <time>2016-09-28T13:41:14.000Z</time>
        <extensions>
          <ns3:TrackPointExtension/>
        </extensions>
      </trkpt>
      <trkpt lat="24.49483101256191730499267578125" lon="118.141754083335399627685546875">
        <ele>0</ele>
        <time>2016-09-28T13:41:19.000Z</time>
        <extensions>
          <ns3:TrackPointExtension/>
        </extensions>
      </trkpt>
      <trkpt lat="24.494857750833034515380859375" lon="118.14176171086728572845458984375">
        <ele>0</ele>
        <time>2016-09-28T13:41:24.000Z</time>
        <extensions>
          <ns3:TrackPointExtension/>
        </extensions>
      </trkpt>
      <trkpt lat="24.49488448910415172576904296875" lon="118.1417693383991718292236328125">
        <ele>0</ele>
        <time>2016-09-28T13:41:29.000Z</time>
        <extensions>
          <ns3:TrackPointExtension/>
        </extensions>
      </trkpt>
      <trkpt lat="24.4949092157185077667236328125" lon="118.14178459346294403076171875">
        <ele>0</ele>
        <time>2016-09-28T13:41:34.000Z</time>
        <extensions>
          <ns3:TrackPointExtension/>
        </extensions>
      </trkpt>
      <trkpt lat="24.4949340261518955230712890625" lon="118.14179222099483013153076171875">
        <ele>0</ele>
        <time>2016-09-28T13:41:39.000Z</time>
        <extensions>
          <ns3:TrackPointExtension/>
        </extensions>
      </trkpt>
      <trkpt lat="24.49496076442301273345947265625" lon="118.1417998485267162322998046875">
        <ele>0</ele>
        <time>2016-09-28T13:41:44.000Z</time>
        <extensions>
          <ns3:TrackPointExtension/>
        </extensions>
      </trkpt>
      <trkpt lat="24.4949836470186710357666015625" lon="118.14180747605860233306884765625">
        <ele>0</ele>
        <time>2016-09-28T13:41:49.000Z</time>
        <extensions>
          <ns3:TrackPointExtension/>
        </extensions>
      </trkpt>
      <trkpt lat="24.49500652961432933807373046875" lon="118.14182281494140625">
        <ele>0</ele>
        <time>2016-09-28T13:41:54.000Z</time>
        <extensions>
          <ns3:TrackPointExtension/>
        </extensions>
      </trkpt>
      <trkpt lat="24.49503134004771709442138671875" lon="118.14183044247329235076904296875">
        <ele>0</ele>
        <time>2016-09-28T13:41:59.000Z</time>
        <extensions>
          <ns3:TrackPointExtension/>
        </extensions>
      </trkpt>
      <trkpt lat="24.495054222643375396728515625" lon="118.1418380700051784515380859375">
        <ele>0</ele>
        <time>2016-09-28T13:42:04.000Z</time>
        <extensions>
          <ns3:TrackPointExtension/>
        </extensions>
      </trkpt>
      <trkpt lat="24.4950808770954608917236328125" lon="118.141853325068950653076171875">
        <ele>0</ele>
        <time>2016-09-28T13:42:09.000Z</time>
        <extensions>
          <ns3:TrackPointExtension/>
        </extensions>
      </trkpt>
      <trkpt lat="24.4951056875288486480712890625" lon="118.14186095260083675384521484375">
        <ele>0</ele>
        <time>2016-09-28T13:42:14.000Z</time>
        <extensions>
          <ns3:TrackPointExtension/>
        </extensions>
      </trkpt>
      <trkpt lat="24.4951304979622364044189453125" lon="118.1418685801327228546142578125">
        <ele>0</ele>
        <time>2016-09-28T13:42:19.000Z</time>
        <extensions>
          <ns3:TrackPointExtension/>
        </extensions>
      </trkpt>
      <trkpt lat="24.49515723623335361480712890625" lon="118.14187620766460895538330078125">
        <ele>0</ele>
        <time>2016-09-28T13:42:24.000Z</time>
        <extensions>
          <ns3:TrackPointExtension/>
        </extensions>
      </trkpt>
      <trkpt lat="24.49518389068543910980224609375" lon="118.14188383519649505615234375">
        <ele>0</ele>
        <time>2016-09-28T13:42:29.000Z</time>
        <extensions>
          <ns3:TrackPointExtension/>
        </extensions>
      </trkpt>
      <trkpt lat="24.4952106289565563201904296875" lon="118.14189146272838115692138671875">
        <ele>0</ele>
        <time>2016-09-28T13:42:34.000Z</time>
        <extensions>
          <ns3:TrackPointExtension/>
        </extensions>
      </trkpt>
      <trkpt lat="24.495237283408641815185546875" lon="118.1418990902602672576904296875">
        <ele>0</ele>
        <time>2016-09-28T13:42:39.000Z</time>
        <extensions>
          <ns3:TrackPointExtension/>
        </extensions>
      </trkpt>
      <trkpt lat="24.49526402167975902557373046875" lon="118.14190671779215335845947265625">
        <ele>0</ele>
        <time>2016-09-28T13:42:44.000Z</time>
        <extensions>
          <ns3:TrackPointExtension/>
        </extensions>
      </trkpt>
      <trkpt lat="24.495292603969573974609375" lon="118.141914345324039459228515625">
        <ele>0</ele>
        <time>2016-09-28T13:42:49.000Z</time>
        <extensions>
          <ns3:TrackPointExtension/>
        </extensions>
      </trkpt>
      <trkpt lat="24.4953212700784206390380859375" lon="118.14192197285592555999755859375">
        <ele>0</ele>
        <time>2016-09-28T13:42:54.000Z</time>
        <extensions>
          <ns3:TrackPointExtension/>
        </extensions>
      </trkpt>
      <trkpt lat="24.495347924530506134033203125" lon="118.1419296003878116607666015625">
        <ele>0</ele>
        <time>2016-09-28T13:42:59.000Z</time>
        <extensions>
          <ns3:TrackPointExtension/>
        </extensions>
      </trkpt>
      <trkpt lat="24.49537650682032108306884765625" lon="118.14193722791969776153564453125">
        <ele>0</ele>
        <time>2016-09-28T13:43:04.000Z</time>
        <extensions>
          <ns3:TrackPointExtension/>
        </extensions>
      </trkpt>
      <trkpt lat="24.49540324509143829345703125" lon="118.14193722791969776153564453125">
        <ele>0</ele>
        <time>2016-09-28T13:43:09.000Z</time>
        <extensions>
          <ns3:TrackPointExtension/>
        </extensions>
      </trkpt>
      <trkpt lat="24.49543182738125324249267578125" lon="118.14195248298346996307373046875">
        <ele>0</ele>
        <time>2016-09-28T13:43:14.000Z</time>
        <extensions>
          <ns3:TrackPointExtension/>
        </extensions>
      </trkpt>
      <trkpt lat="24.495458565652370452880859375" lon="118.1419601105153560638427734375">
        <ele>0</ele>
        <time>2016-09-28T13:43:19.000Z</time>
        <extensions>
          <ns3:TrackPointExtension/>
        </extensions>
      </trkpt>
      <trkpt lat="24.49548530392348766326904296875" lon="118.14196773804724216461181640625">
        <ele>0</ele>
        <time>2016-09-28T13:43:24.000Z</time>
        <extensions>
          <ns3:TrackPointExtension/>
        </extensions>
      </trkpt>
      <trkpt lat="24.4955138862133026123046875" lon="118.141975365579128265380859375">
        <ele>0</ele>
        <time>2016-09-28T13:43:29.000Z</time>
        <extensions>
          <ns3:TrackPointExtension/>
        </extensions>
      </trkpt>
      <trkpt lat="24.49554246850311756134033203125" lon="118.1419906206429004669189453125">
        <ele>0</ele>
        <time>2016-09-28T13:43:34.000Z</time>
        <extensions>
          <ns3:TrackPointExtension/>
        </extensions>
      </trkpt>
      <trkpt lat="24.495569206774234771728515625" lon="118.14199824817478656768798828125">
        <ele>0</ele>
        <time>2016-09-28T13:43:39.000Z</time>
        <extensions>
          <ns3:TrackPointExtension/>
        </extensions>
      </trkpt>
      <trkpt lat="24.49559778906404972076416015625" lon="118.14201350323855876922607421875">
        <ele>0</ele>
        <time>2016-09-28T13:43:44.000Z</time>
        <extensions>
          <ns3:TrackPointExtension/>
        </extensions>
      </trkpt>
      <trkpt lat="24.4956263713538646697998046875" lon="118.1420211307704448699951171875">
        <ele>0</ele>
        <time>2016-09-28T13:43:49.000Z</time>
        <extensions>
          <ns3:TrackPointExtension/>
        </extensions>
      </trkpt>
      <trkpt lat="24.495655037462711334228515625" lon="118.14202875830233097076416015625">
        <ele>0</ele>
        <time>2016-09-28T13:43:54.000Z</time>
        <extensions>
          <ns3:TrackPointExtension/>
        </extensions>
      </trkpt>
      <trkpt lat="24.49568361975252628326416015625" lon="118.142036385834217071533203125">
        <ele>0</ele>
        <time>2016-09-28T13:43:59.000Z</time>
        <extensions>
          <ns3:TrackPointExtension/>
        </extensions>
      </trkpt>
      <trkpt lat="24.4957122020423412322998046875" lon="118.14204401336610317230224609375">
        <ele>0</ele>
        <time>2016-09-28T13:44:04.000Z</time>
        <extensions>
          <ns3:TrackPointExtension/>
        </extensions>
      </trkpt>
      <trkpt lat="24.495740868151187896728515625" lon="118.1420516408979892730712890625">
        <ele>0</ele>
        <time>2016-09-28T13:44:09.000Z</time>
        <extensions>
          <ns3:TrackPointExtension/>
        </extensions>
      </trkpt>
      <trkpt lat="24.4957675226032733917236328125" lon="118.14205926842987537384033203125">
        <ele>0</ele>
        <time>2016-09-28T13:44:14.000Z</time>
        <extensions>
          <ns3:TrackPointExtension/>
        </extensions>
      </trkpt>
      <trkpt lat="24.49579426087439060211181640625" lon="118.14205926842987537384033203125">
        <ele>0</ele>
        <time>2016-09-28T13:44:19.000Z</time>
        <extensions>
          <ns3:TrackPointExtension/>
        </extensions>
      </trkpt>
      <trkpt lat="24.49581907130777835845947265625" lon="118.14207452349364757537841796875">
        <ele>0</ele>
        <time>2016-09-28T13:44:24.000Z</time>
        <extensions>
          <ns3:TrackPointExtension/>
        </extensions>
      </trkpt>
      <trkpt lat="24.49584572575986385345458984375" lon="118.1420821510255336761474609375">
        <ele>0</ele>
        <time>2016-09-28T13:44:29.000Z</time>
        <extensions>
          <ns3:TrackPointExtension/>
        </extensions>
      </trkpt>
      <trkpt lat="24.49586860835552215576171875" lon="118.14208977855741977691650390625">
        <ele>0</ele>
        <time>2016-09-28T13:44:34.000Z</time>
        <extensions>
          <ns3:TrackPointExtension/>
        </extensions>
      </trkpt>
      <trkpt lat="24.49589534662663936614990234375" lon="118.142097406089305877685546875">
        <ele>0</ele>
        <time>2016-09-28T13:44:39.000Z</time>
        <extensions>
          <ns3:TrackPointExtension/>
        </extensions>
      </trkpt>
      <trkpt lat="24.495923928916454315185546875" lon="118.14210503362119197845458984375">
        <ele>0</ele>
        <time>2016-09-28T13:44:44.000Z</time>
        <extensions>
          <ns3:TrackPointExtension/>
        </extensions>
      </trkpt>
      <trkpt lat="24.4959525950253009796142578125" lon="118.1421126611530780792236328125">
        <ele>0</ele>
        <time>2016-09-28T13:44:49.000Z</time>
        <extensions>
          <ns3:TrackPointExtension/>
        </extensions>
      </trkpt>
      <trkpt lat="24.49598117731511592864990234375" lon="118.14212028868496417999267578125">
        <ele>0</ele>
        <time>2016-09-28T13:44:54.000Z</time>
        <extensions>
          <ns3:TrackPointExtension/>
        </extensions>
      </trkpt>
      <trkpt lat="24.496009759604930877685546875" lon="118.14212791621685028076171875">
        <ele>0</ele>
        <time>2016-09-28T13:44:59.000Z</time>
        <extensions>
          <ns3:TrackPointExtension/>
        </extensions>
      </trkpt>
      <trkpt lat="24.49603649787604808807373046875" lon="118.1421431712806224822998046875">
        <ele>0</ele>
        <time>2016-09-28T13:45:04.000Z</time>
        <extensions>
          <ns3:TrackPointExtension/>
        </extensions>
      </trkpt>
      <trkpt lat="24.496059380471706390380859375" lon="118.14215079881250858306884765625">
        <ele>0</ele>
        <time>2016-09-28T13:45:09.000Z</time>
        <extensions>
          <ns3:TrackPointExtension/>
        </extensions>
      </trkpt>
      <trkpt lat="24.4960803352296352386474609375" lon="118.142158426344394683837890625">
        <ele>0</ele>
        <time>2016-09-28T13:45:14.000Z</time>
        <extensions>
          <ns3:TrackPointExtension/>
        </extensions>
      </trkpt>
      <trkpt lat="24.49609751813113689422607421875" lon="118.1421661376953125">
        <ele>0</ele>
        <time>2016-09-28T13:45:19.000Z</time>
        <extensions>
          <ns3:TrackPointExtension/>
        </extensions>
      </trkpt>
      <trkpt lat="24.496120400726795196533203125" lon="118.1421661376953125">
        <ele>0</ele>
        <time>2016-09-28T13:45:24.000Z</time>
        <extensions>
          <ns3:TrackPointExtension/>
        </extensions>
      </trkpt>
      <trkpt lat="24.49614898301661014556884765625" lon="118.1421661376953125">
        <ele>0</ele>
        <time>2016-09-28T13:45:29.000Z</time>
        <extensions>
          <ns3:TrackPointExtension/>
        </extensions>
      </trkpt>
      <trkpt lat="24.49617764912545680999755859375" lon="118.14217376522719860076904296875">
        <ele>0</ele>
        <time>2016-09-28T13:45:34.000Z</time>
        <extensions>
          <ns3:TrackPointExtension/>
        </extensions>
      </trkpt>
      <trkpt lat="24.49620430357754230499267578125" lon="118.1421813927590847015380859375">
        <ele>0</ele>
        <time>2016-09-28T13:45:39.000Z</time>
        <extensions>
          <ns3:TrackPointExtension/>
        </extensions>
      </trkpt>
      <trkpt lat="24.496231041848659515380859375" lon="118.14218902029097080230712890625">
        <ele>0</ele>
        <time>2016-09-28T13:45:44.000Z</time>
        <extensions>
          <ns3:TrackPointExtension/>
        </extensions>
      </trkpt>
      <trkpt lat="24.49625778011977672576904296875" lon="118.14220427535474300384521484375">
        <ele>0</ele>
        <time>2016-09-28T13:45:49.000Z</time>
        <extensions>
          <ns3:TrackPointExtension/>
        </extensions>
      </trkpt>
      <trkpt lat="24.4962863624095916748046875" lon="118.1422119028866291046142578125">
        <ele>0</ele>
        <time>2016-09-28T13:45:54.000Z</time>
        <extensions>
          <ns3:TrackPointExtension/>
        </extensions>
      </trkpt>
      <trkpt lat="24.49631494469940662384033203125" lon="118.14222715795040130615234375">
        <ele>0</ele>
        <time>2016-09-28T13:45:59.000Z</time>
        <extensions>
          <ns3:TrackPointExtension/>
        </extensions>
      </trkpt>
      <trkpt lat="24.49634545482695102691650390625" lon="118.1422424130141735076904296875">
        <ele>0</ele>
        <time>2016-09-28T13:46:04.000Z</time>
        <extensions>
          <ns3:TrackPointExtension/>
        </extensions>
      </trkpt>
      <trkpt lat="24.49637982062995433807373046875" lon="118.14225004054605960845947265625">
        <ele>0</ele>
        <time>2016-09-28T13:46:09.000Z</time>
        <extensions>
          <ns3:TrackPointExtension/>
        </extensions>
      </trkpt>
      <trkpt lat="24.49641033075749874114990234375" lon="118.14226529560983180999755859375">
        <ele>0</ele>
        <time>2016-09-28T13:46:14.000Z</time>
        <extensions>
          <ns3:TrackPointExtension/>
        </extensions>
      </trkpt>
      <trkpt lat="24.49644084088504314422607421875" lon="118.1422729231417179107666015625">
        <ele>0</ele>
        <time>2016-09-28T13:46:19.000Z</time>
        <extensions>
          <ns3:TrackPointExtension/>
        </extensions>
      </trkpt>
      <trkpt lat="24.4964675791561603546142578125" lon="118.1422881782054901123046875">
        <ele>0</ele>
        <time>2016-09-28T13:46:24.000Z</time>
        <extensions>
          <ns3:TrackPointExtension/>
        </extensions>
      </trkpt>
      <trkpt lat="24.49649230577051639556884765625" lon="118.1423034332692623138427734375">
        <ele>0</ele>
        <time>2016-09-28T13:46:29.000Z</time>
        <extensions>
          <ns3:TrackPointExtension/>
        </extensions>
      </trkpt>
      <trkpt lat="24.49651711620390415191650390625" lon="118.142318688333034515380859375">
        <ele>0</ele>
        <time>2016-09-28T13:46:34.000Z</time>
        <extensions>
          <ns3:TrackPointExtension/>
        </extensions>
      </trkpt>
      <trkpt lat="24.49654192663729190826416015625" lon="118.14232631586492061614990234375">
        <ele>0</ele>
        <time>2016-09-28T13:46:39.000Z</time>
        <extensions>
          <ns3:TrackPointExtension/>
        </extensions>
      </trkpt>
      <trkpt lat="24.49656673707067966461181640625" lon="118.1423339433968067169189453125">
        <ele>0</ele>
        <time>2016-09-28T13:46:44.000Z</time>
        <extensions>
          <ns3:TrackPointExtension/>
        </extensions>
      </trkpt>
      <trkpt lat="24.4965896196663379669189453125" lon="118.14234157092869281768798828125">
        <ele>0</ele>
        <time>2016-09-28T13:46:49.000Z</time>
        <extensions>
          <ns3:TrackPointExtension/>
        </extensions>
      </trkpt>
      <trkpt lat="24.4966144300997257232666015625" lon="118.14234919846057891845703125">
        <ele>0</ele>
        <time>2016-09-28T13:46:54.000Z</time>
        <extensions>
          <ns3:TrackPointExtension/>
        </extensions>
      </trkpt>
      <trkpt lat="24.49664108455181121826171875" lon="118.14235682599246501922607421875">
        <ele>0</ele>
        <time>2016-09-28T13:46:59.000Z</time>
        <extensions>
          <ns3:TrackPointExtension/>
        </extensions>
      </trkpt>
      <trkpt lat="24.4966697506606578826904296875" lon="118.1423644535243511199951171875">
        <ele>0</ele>
        <time>2016-09-28T13:47:04.000Z</time>
        <extensions>
          <ns3:TrackPointExtension/>
        </extensions>
      </trkpt>
      <trkpt lat="24.49669833295047283172607421875" lon="118.14237208105623722076416015625">
        <ele>0</ele>
        <time>2016-09-28T13:47:09.000Z</time>
        <extensions>
          <ns3:TrackPointExtension/>
        </extensions>
      </trkpt>
      <trkpt lat="24.4967250712215900421142578125" lon="118.142379708588123321533203125">
        <ele>0</ele>
        <time>2016-09-28T13:47:14.000Z</time>
        <extensions>
          <ns3:TrackPointExtension/>
        </extensions>
      </trkpt>
      <trkpt lat="24.496751725673675537109375" lon="118.14238733612000942230224609375">
        <ele>0</ele>
        <time>2016-09-28T13:47:19.000Z</time>
        <extensions>
          <ns3:TrackPointExtension/>
        </extensions>
      </trkpt>
      <trkpt lat="24.49677653610706329345703125" lon="118.1423949636518955230712890625">
        <ele>0</ele>
        <time>2016-09-28T13:47:24.000Z</time>
        <extensions>
          <ns3:TrackPointExtension/>
        </extensions>
      </trkpt>
      <trkpt lat="24.4968013465404510498046875" lon="118.14240259118378162384033203125">
        <ele>0</ele>
        <time>2016-09-28T13:47:29.000Z</time>
        <extensions>
          <ns3:TrackPointExtension/>
        </extensions>
      </trkpt>
      <trkpt lat="24.49682615697383880615234375" lon="118.14240259118378162384033203125">
        <ele>0</ele>
        <time>2016-09-28T13:47:34.000Z</time>
        <extensions>
          <ns3:TrackPointExtension/>
        </extensions>
      </trkpt>
      <trkpt lat="24.4968528114259243011474609375" lon="118.142410218715667724609375">
        <ele>0</ele>
        <time>2016-09-28T13:47:39.000Z</time>
        <extensions>
          <ns3:TrackPointExtension/>
        </extensions>
      </trkpt>
      <trkpt lat="24.4968776218593120574951171875" lon="118.14241784624755382537841796875">
        <ele>0</ele>
        <time>2016-09-28T13:47:44.000Z</time>
        <extensions>
          <ns3:TrackPointExtension/>
        </extensions>
      </trkpt>
      <trkpt lat="24.4969024322926998138427734375" lon="118.14241784624755382537841796875">
        <ele>0</ele>
        <time>2016-09-28T13:47:49.000Z</time>
        <extensions>
          <ns3:TrackPointExtension/>
        </extensions>
      </trkpt>
      <trkpt lat="24.496929086744785308837890625" lon="118.1424254737794399261474609375">
        <ele>0</ele>
        <time>2016-09-28T13:47:54.000Z</time>
        <extensions>
          <ns3:TrackPointExtension/>
        </extensions>
      </trkpt>
      <trkpt lat="24.49695582501590251922607421875" lon="118.14243310131132602691650390625">
        <ele>0</ele>
        <time>2016-09-28T13:47:59.000Z</time>
        <extensions>
          <ns3:TrackPointExtension/>
        </extensions>
      </trkpt>
      <trkpt lat="24.4969825632870197296142578125" lon="118.142440728843212127685546875">
        <ele>0</ele>
        <time>2016-09-28T13:48:04.000Z</time>
        <extensions>
          <ns3:TrackPointExtension/>
        </extensions>
      </trkpt>
      <trkpt lat="24.49700728990137577056884765625" lon="118.14244835637509822845458984375">
        <ele>0</ele>
        <time>2016-09-28T13:48:09.000Z</time>
        <extensions>
          <ns3:TrackPointExtension/>
        </extensions>
      </trkpt>
      <trkpt lat="24.49703402817249298095703125" lon="118.1424559839069843292236328125">
        <ele>0</ele>
        <time>2016-09-28T13:48:14.000Z</time>
        <extensions>
          <ns3:TrackPointExtension/>
        </extensions>
      </trkpt>
      <trkpt lat="24.49706076644361019134521484375" lon="118.14246361143887042999267578125">
        <ele>0</ele>
        <time>2016-09-28T13:48:19.000Z</time>
        <extensions>
          <ns3:TrackPointExtension/>
        </extensions>
      </trkpt>
      <trkpt lat="24.4970854930579662322998046875" lon="118.14247886650264263153076171875">
        <ele>0</ele>
        <time>2016-09-28T13:48:24.000Z</time>
        <extensions>
          <ns3:TrackPointExtension/>
        </extensions>
      </trkpt>
      <trkpt lat="24.4971103034913539886474609375" lon="118.1424864940345287322998046875">
        <ele>0</ele>
        <time>2016-09-28T13:48:29.000Z</time>
        <extensions>
          <ns3:TrackPointExtension/>
        </extensions>
      </trkpt>
      <trkpt lat="24.4971351139247417449951171875" lon="118.142501749098300933837890625">
        <ele>0</ele>
        <time>2016-09-28T13:48:34.000Z</time>
        <extensions>
          <ns3:TrackPointExtension/>
        </extensions>
      </trkpt>
      <trkpt lat="24.49716185219585895538330078125" lon="118.14250946044921875">
        <ele>0</ele>
        <time>2016-09-28T13:48:39.000Z</time>
        <extensions>
          <ns3:TrackPointExtension/>
        </extensions>
      </trkpt>
      <trkpt lat="24.497186578810214996337890625" lon="118.1425247155129909515380859375">
        <ele>0</ele>
        <time>2016-09-28T13:48:44.000Z</time>
        <extensions>
          <ns3:TrackPointExtension/>
        </extensions>
      </trkpt>
      <trkpt lat="24.497211389243602752685546875" lon="118.14253234304487705230712890625">
        <ele>0</ele>
        <time>2016-09-28T13:48:49.000Z</time>
        <extensions>
          <ns3:TrackPointExtension/>
        </extensions>
      </trkpt>
      <trkpt lat="24.49723812751471996307373046875" lon="118.142539970576763153076171875">
        <ele>0</ele>
        <time>2016-09-28T13:48:54.000Z</time>
        <extensions>
          <ns3:TrackPointExtension/>
        </extensions>
      </trkpt>
      <trkpt lat="24.49726478196680545806884765625" lon="118.14254759810864925384521484375">
        <ele>0</ele>
        <time>2016-09-28T13:48:59.000Z</time>
        <extensions>
          <ns3:TrackPointExtension/>
        </extensions>
      </trkpt>
      <trkpt lat="24.49728959240019321441650390625" lon="118.1425552256405353546142578125">
        <ele>0</ele>
        <time>2016-09-28T13:49:04.000Z</time>
        <extensions>
          <ns3:TrackPointExtension/>
        </extensions>
      </trkpt>
      <trkpt lat="24.4973163306713104248046875" lon="118.14256285317242145538330078125">
        <ele>0</ele>
        <time>2016-09-28T13:49:09.000Z</time>
        <extensions>
          <ns3:TrackPointExtension/>
        </extensions>
      </trkpt>
      <trkpt lat="24.49734114110469818115234375" lon="118.14257048070430755615234375">
        <ele>0</ele>
        <time>2016-09-28T13:49:14.000Z</time>
        <extensions>
          <ns3:TrackPointExtension/>
        </extensions>
      </trkpt>
      <trkpt lat="24.4973677955567836761474609375" lon="118.1425857357680797576904296875">
        <ele>0</ele>
        <time>2016-09-28T13:49:19.000Z</time>
        <extensions>
          <ns3:TrackPointExtension/>
        </extensions>
      </trkpt>
      <trkpt lat="24.4973926059901714324951171875" lon="118.14259336329996585845947265625">
        <ele>0</ele>
        <time>2016-09-28T13:49:24.000Z</time>
        <extensions>
          <ns3:TrackPointExtension/>
        </extensions>
      </trkpt>
      <trkpt lat="24.4974174164235591888427734375" lon="118.142600990831851959228515625">
        <ele>0</ele>
        <time>2016-09-28T13:49:29.000Z</time>
        <extensions>
          <ns3:TrackPointExtension/>
        </extensions>
      </trkpt>
      <trkpt lat="24.4974422268569469451904296875" lon="118.14260861836373805999755859375">
        <ele>0</ele>
        <time>2016-09-28T13:49:34.000Z</time>
        <extensions>
          <ns3:TrackPointExtension/>
        </extensions>
      </trkpt>
      <trkpt lat="24.49746510945260524749755859375" lon="118.1426162458956241607666015625">
        <ele>0</ele>
        <time>2016-09-28T13:49:39.000Z</time>
        <extensions>
          <ns3:TrackPointExtension/>
        </extensions>
      </trkpt>
      <trkpt lat="24.49748991988599300384521484375" lon="118.14262387342751026153564453125">
        <ele>0</ele>
        <time>2016-09-28T13:49:44.000Z</time>
        <extensions>
          <ns3:TrackPointExtension/>
        </extensions>
      </trkpt>
      <trkpt lat="24.4975146465003490447998046875" lon="118.1426315009593963623046875">
        <ele>0</ele>
        <time>2016-09-28T13:49:49.000Z</time>
        <extensions>
          <ns3:TrackPointExtension/>
        </extensions>
      </trkpt>
      <trkpt lat="24.4975394569337368011474609375" lon="118.14263912849128246307373046875">
        <ele>0</ele>
        <time>2016-09-28T13:49:54.000Z</time>
        <extensions>
          <ns3:TrackPointExtension/>
        </extensions>
      </trkpt>
      <trkpt lat="24.49756233952939510345458984375" lon="118.1426467560231685638427734375">
        <ele>0</ele>
        <time>2016-09-28T13:49:59.000Z</time>
        <extensions>
          <ns3:TrackPointExtension/>
        </extensions>
      </trkpt>
      <trkpt lat="24.49758714996278285980224609375" lon="118.14265438355505466461181640625">
        <ele>0</ele>
        <time>2016-09-28T13:50:04.000Z</time>
        <extensions>
          <ns3:TrackPointExtension/>
        </extensions>
      </trkpt>
      <trkpt lat="24.49761196039617061614990234375" lon="118.142662011086940765380859375">
        <ele>0</ele>
        <time>2016-09-28T13:50:09.000Z</time>
        <extensions>
          <ns3:TrackPointExtension/>
        </extensions>
      </trkpt>
      <trkpt lat="24.49763677082955837249755859375" lon="118.14266963861882686614990234375">
        <ele>0</ele>
        <time>2016-09-28T13:50:14.000Z</time>
        <extensions>
          <ns3:TrackPointExtension/>
        </extensions>
      </trkpt>
      <trkpt lat="24.49766158126294612884521484375" lon="118.1426772661507129669189453125">
        <ele>0</ele>
        <time>2016-09-28T13:50:19.000Z</time>
        <extensions>
          <ns3:TrackPointExtension/>
        </extensions>
      </trkpt>
      <trkpt lat="24.4976863078773021697998046875" lon="118.14268489368259906768798828125">
        <ele>0</ele>
        <time>2016-09-28T13:50:24.000Z</time>
        <extensions>
          <ns3:TrackPointExtension/>
        </extensions>
      </trkpt>
      <trkpt lat="24.4977111183106899261474609375" lon="118.14269252121448516845703125">
        <ele>0</ele>
        <time>2016-09-28T13:50:29.000Z</time>
        <extensions>
          <ns3:TrackPointExtension/>
        </extensions>
      </trkpt>
      <trkpt lat="24.49773785658180713653564453125" lon="118.14270014874637126922607421875">
        <ele>0</ele>
        <time>2016-09-28T13:50:34.000Z</time>
        <extensions>
          <ns3:TrackPointExtension/>
        </extensions>
      </trkpt>
      <trkpt lat="24.49776451103389263153076171875" lon="118.14271540381014347076416015625">
        <ele>0</ele>
        <time>2016-09-28T13:50:39.000Z</time>
        <extensions>
          <ns3:TrackPointExtension/>
        </extensions>
      </trkpt>
      <trkpt lat="24.4977912493050098419189453125" lon="118.142723031342029571533203125">
        <ele>0</ele>
        <time>2016-09-28T13:50:44.000Z</time>
        <extensions>
          <ns3:TrackPointExtension/>
        </extensions>
      </trkpt>
      <trkpt lat="24.49781798757612705230712890625" lon="118.14273065887391567230224609375">
        <ele>0</ele>
        <time>2016-09-28T13:50:49.000Z</time>
        <extensions>
          <ns3:TrackPointExtension/>
        </extensions>
      </trkpt>
      <trkpt lat="24.49784464202821254730224609375" lon="118.1427382864058017730712890625">
        <ele>0</ele>
        <time>2016-09-28T13:50:54.000Z</time>
        <extensions>
          <ns3:TrackPointExtension/>
        </extensions>
      </trkpt>
      <trkpt lat="24.49786945246160030364990234375" lon="118.142753541469573974609375">
        <ele>0</ele>
        <time>2016-09-28T13:50:59.000Z</time>
        <extensions>
          <ns3:TrackPointExtension/>
        </extensions>
      </trkpt>
      <trkpt lat="24.49789426289498805999755859375" lon="118.14276116900146007537841796875">
        <ele>0</ele>
        <time>2016-09-28T13:51:04.000Z</time>
        <extensions>
          <ns3:TrackPointExtension/>
        </extensions>
      </trkpt>
      <trkpt lat="24.49791907332837581634521484375" lon="118.1427687965333461761474609375">
        <ele>0</ele>
        <time>2016-09-28T13:51:09.000Z</time>
        <extensions>
          <ns3:TrackPointExtension/>
        </extensions>
      </trkpt>
      <trkpt lat="24.49794195592403411865234375" lon="118.14277642406523227691650390625">
        <ele>0</ele>
        <time>2016-09-28T13:51:14.000Z</time>
        <extensions>
          <ns3:TrackPointExtension/>
        </extensions>
      </trkpt>
      <trkpt lat="24.497966766357421875" lon="118.14279167912900447845458984375">
        <ele>0</ele>
        <time>2016-09-28T13:51:19.000Z</time>
        <extensions>
          <ns3:TrackPointExtension/>
        </extensions>
      </trkpt>
      <trkpt lat="24.49798964895308017730712890625" lon="118.1427993066608905792236328125">
        <ele>0</ele>
        <time>2016-09-28T13:51:24.000Z</time>
        <extensions>
          <ns3:TrackPointExtension/>
        </extensions>
      </trkpt>
      <trkpt lat="24.49801437556743621826171875" lon="118.14281456172466278076171875">
        <ele>0</ele>
        <time>2016-09-28T13:51:29.000Z</time>
        <extensions>
          <ns3:TrackPointExtension/>
        </extensions>
      </trkpt>
      <trkpt lat="24.498039186000823974609375" lon="118.14282218925654888153076171875">
        <ele>0</ele>
        <time>2016-09-28T13:51:34.000Z</time>
        <extensions>
          <ns3:TrackPointExtension/>
        </extensions>
      </trkpt>
      <trkpt lat="24.49806206859648227691650390625" lon="118.14283744432032108306884765625">
        <ele>0</ele>
        <time>2016-09-28T13:51:39.000Z</time>
        <extensions>
          <ns3:TrackPointExtension/>
        </extensions>
      </trkpt>
      <trkpt lat="24.49808687902987003326416015625" lon="118.142845071852207183837890625">
        <ele>0</ele>
        <time>2016-09-28T13:51:44.000Z</time>
        <extensions>
          <ns3:TrackPointExtension/>
        </extensions>
      </trkpt>
      <trkpt lat="24.49811168946325778961181640625" lon="118.142852783203125">
        <ele>0</ele>
        <time>2016-09-28T13:51:49.000Z</time>
        <extensions>
          <ns3:TrackPointExtension/>
        </extensions>
      </trkpt>
      <trkpt lat="24.49813649989664554595947265625" lon="118.1428680382668972015380859375">
        <ele>0</ele>
        <time>2016-09-28T13:51:54.000Z</time>
        <extensions>
          <ns3:TrackPointExtension/>
        </extensions>
      </trkpt>
      <trkpt lat="24.49816131033003330230712890625" lon="118.14287566579878330230712890625">
        <ele>0</ele>
        <time>2016-09-28T13:51:59.000Z</time>
        <extensions>
          <ns3:TrackPointExtension/>
        </extensions>
      </trkpt>
      <trkpt lat="24.49818603694438934326171875" lon="118.142883293330669403076171875">
        <ele>0</ele>
        <time>2016-09-28T13:52:04.000Z</time>
        <extensions>
          <ns3:TrackPointExtension/>
        </extensions>
      </trkpt>
      <trkpt lat="24.498210847377777099609375" lon="118.1428985483944416046142578125">
        <ele>0</ele>
        <time>2016-09-28T13:52:09.000Z</time>
        <extensions>
          <ns3:TrackPointExtension/>
        </extensions>
      </trkpt>
      <trkpt lat="24.49823565781116485595703125" lon="118.1428985483944416046142578125">
        <ele>0</ele>
        <time>2016-09-28T13:52:14.000Z</time>
        <extensions>
          <ns3:TrackPointExtension/>
        </extensions>
      </trkpt>
      <trkpt lat="24.4982604682445526123046875" lon="118.14290617592632770538330078125">
        <ele>0</ele>
        <time>2016-09-28T13:52:19.000Z</time>
        <extensions>
          <ns3:TrackPointExtension/>
        </extensions>
      </trkpt>
      <trkpt lat="24.49828527867794036865234375" lon="118.14291380345821380615234375">
        <ele>0</ele>
        <time>2016-09-28T13:52:24.000Z</time>
        <extensions>
          <ns3:TrackPointExtension/>
        </extensions>
      </trkpt>
      <trkpt lat="24.498310089111328125" lon="118.14292143099009990692138671875">
        <ele>0</ele>
        <time>2016-09-28T13:52:29.000Z</time>
        <extensions>
          <ns3:TrackPointExtension/>
        </extensions>
      </trkpt>
      <trkpt lat="24.4983367435634136199951171875" lon="118.1429290585219860076904296875">
        <ele>0</ele>
        <time>2016-09-28T13:52:34.000Z</time>
        <extensions>
          <ns3:TrackPointExtension/>
        </extensions>
      </trkpt>
      <trkpt lat="24.4983615539968013763427734375" lon="118.14293668605387210845947265625">
        <ele>0</ele>
        <time>2016-09-28T13:52:39.000Z</time>
        <extensions>
          <ns3:TrackPointExtension/>
        </extensions>
      </trkpt>
      <trkpt lat="24.4983863644301891326904296875" lon="118.142944313585758209228515625">
        <ele>0</ele>
        <time>2016-09-28T13:52:44.000Z</time>
        <extensions>
          <ns3:TrackPointExtension/>
        </extensions>
      </trkpt>
      <trkpt lat="24.4984111748635768890380859375" lon="118.14295194111764430999755859375">
        <ele>0</ele>
        <time>2016-09-28T13:52:49.000Z</time>
        <extensions>
          <ns3:TrackPointExtension/>
        </extensions>
      </trkpt>
      <trkpt lat="24.49843405745923519134521484375" lon="118.14296719618141651153564453125">
        <ele>0</ele>
        <time>2016-09-28T13:52:54.000Z</time>
        <extensions>
          <ns3:TrackPointExtension/>
        </extensions>
      </trkpt>
      <trkpt lat="24.49845694005489349365234375" lon="118.1429748237133026123046875">
        <ele>0</ele>
        <time>2016-09-28T13:52:59.000Z</time>
        <extensions>
          <ns3:TrackPointExtension/>
        </extensions>
      </trkpt>
      <trkpt lat="24.49847982265055179595947265625" lon="118.14298245124518871307373046875">
        <ele>0</ele>
        <time>2016-09-28T13:53:04.000Z</time>
        <extensions>
          <ns3:TrackPointExtension/>
        </extensions>
      </trkpt>
      <trkpt lat="24.4985027052462100982666015625" lon="118.1429900787770748138427734375">
        <ele>0</ele>
        <time>2016-09-28T13:53:09.000Z</time>
        <extensions>
          <ns3:TrackPointExtension/>
        </extensions>
      </trkpt>
      <trkpt lat="24.49852558784186840057373046875" lon="118.14299770630896091461181640625">
        <ele>0</ele>
        <time>2016-09-28T13:53:14.000Z</time>
        <extensions>
          <ns3:TrackPointExtension/>
        </extensions>
      </trkpt>
      <trkpt lat="24.498548470437526702880859375" lon="118.143005333840847015380859375">
        <ele>0</ele>
        <time>2016-09-28T13:53:19.000Z</time>
        <extensions>
          <ns3:TrackPointExtension/>
        </extensions>
      </trkpt>
      <trkpt lat="24.498573280870914459228515625" lon="118.14301296137273311614990234375">
        <ele>0</ele>
        <time>2016-09-28T13:53:24.000Z</time>
        <extensions>
          <ns3:TrackPointExtension/>
        </extensions>
      </trkpt>
      <trkpt lat="24.49859616346657276153564453125" lon="118.1430205889046192169189453125">
        <ele>0</ele>
        <time>2016-09-28T13:53:29.000Z</time>
        <extensions>
          <ns3:TrackPointExtension/>
        </extensions>
      </trkpt>
      <trkpt lat="24.49862097389996051788330078125" lon="118.14303584396839141845703125">
        <ele>0</ele>
        <time>2016-09-28T13:53:34.000Z</time>
        <extensions>
          <ns3:TrackPointExtension/>
        </extensions>
      </trkpt>
      <trkpt lat="24.49864762835204601287841796875" lon="118.14304347150027751922607421875">
        <ele>0</ele>
        <time>2016-09-28T13:53:39.000Z</time>
        <extensions>
          <ns3:TrackPointExtension/>
        </extensions>
      </trkpt>
      <trkpt lat="24.49867243878543376922607421875" lon="118.1430510990321636199951171875">
        <ele>0</ele>
        <time>2016-09-28T13:53:44.000Z</time>
        <extensions>
          <ns3:TrackPointExtension/>
        </extensions>
      </trkpt>
      <trkpt lat="24.4986991770565509796142578125" lon="118.143066354095935821533203125">
        <ele>0</ele>
        <time>2016-09-28T13:53:49.000Z</time>
        <extensions>
          <ns3:TrackPointExtension/>
        </extensions>
      </trkpt>
      <trkpt lat="24.49872775934636592864990234375" lon="118.14307398162782192230224609375">
        <ele>0</ele>
        <time>2016-09-28T13:53:54.000Z</time>
        <extensions>
          <ns3:TrackPointExtension/>
        </extensions>
      </trkpt>
      <trkpt lat="24.49875256977975368499755859375" lon="118.14308923669159412384033203125">
        <ele>0</ele>
        <time>2016-09-28T13:53:59.000Z</time>
        <extensions>
          <ns3:TrackPointExtension/>
        </extensions>
      </trkpt>
      <trkpt lat="24.49877738021314144134521484375" lon="118.143096864223480224609375">
        <ele>0</ele>
        <time>2016-09-28T13:54:04.000Z</time>
        <extensions>
          <ns3:TrackPointExtension/>
        </extensions>
      </trkpt>
      <trkpt lat="24.49880026280879974365234375" lon="118.1431121192872524261474609375">
        <ele>0</ele>
        <time>2016-09-28T13:54:09.000Z</time>
        <extensions>
          <ns3:TrackPointExtension/>
        </extensions>
      </trkpt>
      <trkpt lat="24.49881928972899913787841796875" lon="118.143127374351024627685546875">
        <ele>0</ele>
        <time>2016-09-28T13:54:14.000Z</time>
        <extensions>
          <ns3:TrackPointExtension/>
        </extensions>
      </trkpt>
      <trkpt lat="24.49883454479277133941650390625" lon="118.14315025694668292999267578125">
        <ele>0</ele>
        <time>2016-09-28T13:54:19.000Z</time>
        <extensions>
          <ns3:TrackPointExtension/>
        </extensions>
      </trkpt>
      <trkpt lat="24.49884410016238689422607421875" lon="118.1431731395423412322998046875">
        <ele>0</ele>
        <time>2016-09-28T13:54:24.000Z</time>
        <extensions>
          <ns3:TrackPointExtension/>
        </extensions>
      </trkpt>
      <trkpt lat="24.49885365553200244903564453125" lon="118.14320373348891735076904296875">
        <ele>0</ele>
        <time>2016-09-28T13:54:29.000Z</time>
        <extensions>
          <ns3:TrackPointExtension/>
        </extensions>
      </trkpt>
      <trkpt lat="24.4988574273884296417236328125" lon="118.14323424361646175384521484375">
        <ele>0</ele>
        <time>2016-09-28T13:54:34.000Z</time>
        <extensions>
          <ns3:TrackPointExtension/>
        </extensions>
      </trkpt>
      <trkpt lat="24.49885935522615909576416015625" lon="118.14326475374400615692138671875">
        <ele>0</ele>
        <time>2016-09-28T13:54:39.000Z</time>
        <extensions>
          <ns3:TrackPointExtension/>
        </extensions>
      </trkpt>
      <trkpt lat="24.49885935522615909576416015625" lon="118.14329526387155055999755859375">
        <ele>0</ele>
        <time>2016-09-28T13:54:44.000Z</time>
        <extensions>
          <ns3:TrackPointExtension/>
        </extensions>
      </trkpt>
      <trkpt lat="24.4988574273884296417236328125" lon="118.14332577399909496307373046875">
        <ele>0</ele>
        <time>2016-09-28T13:54:49.000Z</time>
        <extensions>
          <ns3:TrackPointExtension/>
        </extensions>
      </trkpt>
      <trkpt lat="24.4988574273884296417236328125" lon="118.143348656594753265380859375">
        <ele>0</ele>
        <time>2016-09-28T13:54:54.000Z</time>
        <extensions>
          <ns3:TrackPointExtension/>
        </extensions>
      </trkpt>
      <trkpt lat="24.498855583369731903076171875" lon="118.14337916672229766845703125">
        <ele>0</ele>
        <time>2016-09-28T13:54:59.000Z</time>
        <extensions>
          <ns3:TrackPointExtension/>
        </extensions>
      </trkpt>
      <trkpt lat="24.49885365553200244903564453125" lon="118.143409676849842071533203125">
        <ele>0</ele>
        <time>2016-09-28T13:55:04.000Z</time>
        <extensions>
          <ns3:TrackPointExtension/>
        </extensions>
      </trkpt>
      <trkpt lat="24.4988517276942729949951171875" lon="118.14344781450927257537841796875">
        <ele>0</ele>
        <time>2016-09-28T13:55:09.000Z</time>
        <extensions>
          <ns3:TrackPointExtension/>
        </extensions>
      </trkpt>
      <trkpt lat="24.49884795583784580230712890625" lon="118.14347832463681697845458984375">
        <ele>0</ele>
        <time>2016-09-28T13:55:14.000Z</time>
        <extensions>
          <ns3:TrackPointExtension/>
        </extensions>
      </trkpt>
      <trkpt lat="24.49884410016238689422607421875" lon="118.14350883476436138153076171875">
        <ele>0</ele>
        <time>2016-09-28T13:55:19.000Z</time>
        <extensions>
          <ns3:TrackPointExtension/>
        </extensions>
      </trkpt>
      <trkpt lat="24.4988403283059597015380859375" lon="118.1435394287109375">
        <ele>0</ele>
        <time>2016-09-28T13:55:24.000Z</time>
        <extensions>
          <ns3:TrackPointExtension/>
        </extensions>
      </trkpt>
      <trkpt lat="24.49883647263050079345703125" lon="118.143569938838481903076171875">
        <ele>0</ele>
        <time>2016-09-28T13:55:29.000Z</time>
        <extensions>
          <ns3:TrackPointExtension/>
        </extensions>
      </trkpt>
      <trkpt lat="24.498830772936344146728515625" lon="118.14360044896602630615234375">
        <ele>0</ele>
        <time>2016-09-28T13:55:34.000Z</time>
        <extensions>
          <ns3:TrackPointExtension/>
        </extensions>
      </trkpt>
      <trkpt lat="24.4988250732421875" lon="118.143630959093570709228515625">
        <ele>0</ele>
        <time>2016-09-28T13:55:39.000Z</time>
        <extensions>
          <ns3:TrackPointExtension/>
        </extensions>
      </trkpt>
      <trkpt lat="24.49881928972899913787841796875" lon="118.1436614692211151123046875">
        <ele>0</ele>
        <time>2016-09-28T13:55:44.000Z</time>
        <extensions>
          <ns3:TrackPointExtension/>
        </extensions>
      </trkpt>
      <trkpt lat="24.49881359003484249114990234375" lon="118.14368435181677341461181640625">
        <ele>0</ele>
        <time>2016-09-28T13:55:49.000Z</time>
        <extensions>
          <ns3:TrackPointExtension/>
        </extensions>
      </trkpt>
      <trkpt lat="24.49880789034068584442138671875" lon="118.14371486194431781768798828125">
        <ele>0</ele>
        <time>2016-09-28T13:55:54.000Z</time>
        <extensions>
          <ns3:TrackPointExtension/>
        </extensions>
      </trkpt>
      <trkpt lat="24.49880026280879974365234375" lon="118.1437377445399761199951171875">
        <ele>0</ele>
        <time>2016-09-28T13:55:59.000Z</time>
        <extensions>
          <ns3:TrackPointExtension/>
        </extensions>
      </trkpt>
      <trkpt lat="24.49879447929561138153076171875" lon="118.1437682546675205230712890625">
        <ele>0</ele>
        <time>2016-09-28T13:56:04.000Z</time>
        <extensions>
          <ns3:TrackPointExtension/>
        </extensions>
      </trkpt>
      <trkpt lat="24.49878877960145473480224609375" lon="118.1437987647950649261474609375">
        <ele>0</ele>
        <time>2016-09-28T13:56:09.000Z</time>
        <extensions>
          <ns3:TrackPointExtension/>
        </extensions>
      </trkpt>
      <trkpt lat="24.498781152069568634033203125" lon="118.14382164739072322845458984375">
        <ele>0</ele>
        <time>2016-09-28T13:56:14.000Z</time>
        <extensions>
          <ns3:TrackPointExtension/>
        </extensions>
      </trkpt>
      <trkpt lat="24.4987754523754119873046875" lon="118.14385215751826763153076171875">
        <ele>0</ele>
        <time>2016-09-28T13:56:19.000Z</time>
        <extensions>
          <ns3:TrackPointExtension/>
        </extensions>
      </trkpt>
      <trkpt lat="24.498769752681255340576171875" lon="118.14388275146484375">
        <ele>0</ele>
        <time>2016-09-28T13:56:24.000Z</time>
        <extensions>
          <ns3:TrackPointExtension/>
        </extensions>
      </trkpt>
      <trkpt lat="24.49876396916806697845458984375" lon="118.14390563406050205230712890625">
        <ele>0</ele>
        <time>2016-09-28T13:56:29.000Z</time>
        <extensions>
          <ns3:TrackPointExtension/>
        </extensions>
      </trkpt>
      <trkpt lat="24.498756341636180877685546875" lon="118.14393614418804645538330078125">
        <ele>0</ele>
        <time>2016-09-28T13:56:34.000Z</time>
        <extensions>
          <ns3:TrackPointExtension/>
        </extensions>
      </trkpt>
      <trkpt lat="24.49875064194202423095703125" lon="118.1439590267837047576904296875">
        <ele>0</ele>
        <time>2016-09-28T13:56:39.000Z</time>
        <extensions>
          <ns3:TrackPointExtension/>
        </extensions>
      </trkpt>
      <trkpt lat="24.49874301441013813018798828125" lon="118.1439895369112491607666015625">
        <ele>0</ele>
        <time>2016-09-28T13:56:44.000Z</time>
        <extensions>
          <ns3:TrackPointExtension/>
        </extensions>
      </trkpt>
      <trkpt lat="24.4987353868782520294189453125" lon="118.14401241950690746307373046875">
        <ele>0</ele>
        <time>2016-09-28T13:56:49.000Z</time>
        <extensions>
          <ns3:TrackPointExtension/>
        </extensions>
      </trkpt>
      <trkpt lat="24.49872775934636592864990234375" lon="118.14404292963445186614990234375">
        <ele>0</ele>
        <time>2016-09-28T13:56:54.000Z</time>
        <extensions>
          <ns3:TrackPointExtension/>
        </extensions>
      </trkpt>
      <trkpt lat="24.498720131814479827880859375" lon="118.14407343976199626922607421875">
        <ele>0</ele>
        <time>2016-09-28T13:56:59.000Z</time>
        <extensions>
          <ns3:TrackPointExtension/>
        </extensions>
      </trkpt>
      <trkpt lat="24.4987105764448642730712890625" lon="118.144096322357654571533203125">
        <ele>0</ele>
        <time>2016-09-28T13:57:04.000Z</time>
        <extensions>
          <ns3:TrackPointExtension/>
        </extensions>
      </trkpt>
      <trkpt lat="24.4986991770565509796142578125" lon="118.14411920495331287384033203125">
        <ele>0</ele>
        <time>2016-09-28T13:57:09.000Z</time>
        <extensions>
          <ns3:TrackPointExtension/>
        </extensions>
      </trkpt>
      <trkpt lat="24.49868769384920597076416015625" lon="118.14414971508085727691650390625">
        <ele>0</ele>
        <time>2016-09-28T13:57:14.000Z</time>
        <extensions>
          <ns3:TrackPointExtension/>
        </extensions>
      </trkpt>
      <trkpt lat="24.49867629446089267730712890625" lon="118.1441725976765155792236328125">
        <ele>0</ele>
        <time>2016-09-28T13:57:19.000Z</time>
        <extensions>
          <ns3:TrackPointExtension/>
        </extensions>
      </trkpt>
      <trkpt lat="24.49866673909127712249755859375" lon="118.1442031078040599822998046875">
        <ele>0</ele>
        <time>2016-09-28T13:57:24.000Z</time>
        <extensions>
          <ns3:TrackPointExtension/>
        </extensions>
      </trkpt>
      <trkpt lat="24.49865718372166156768798828125" lon="118.14422607421875">
        <ele>0</ele>
        <time>2016-09-28T13:57:29.000Z</time>
        <extensions>
          <ns3:TrackPointExtension/>
        </extensions>
      </trkpt>
      <trkpt lat="24.4986495561897754669189453125" lon="118.14424895681440830230712890625">
        <ele>0</ele>
        <time>2016-09-28T13:57:34.000Z</time>
        <extensions>
          <ns3:TrackPointExtension/>
        </extensions>
      </trkpt>
      <trkpt lat="24.49864192865788936614990234375" lon="118.14427946694195270538330078125">
        <ele>0</ele>
        <time>2016-09-28T13:57:39.000Z</time>
        <extensions>
          <ns3:TrackPointExtension/>
        </extensions>
      </trkpt>
      <trkpt lat="24.498634301126003265380859375" lon="118.1443023495376110076904296875">
        <ele>0</ele>
        <time>2016-09-28T13:57:44.000Z</time>
        <extensions>
          <ns3:TrackPointExtension/>
        </extensions>
      </trkpt>
      <trkpt lat="24.49862860143184661865234375" lon="118.1443328596651554107666015625">
        <ele>0</ele>
        <time>2016-09-28T13:57:49.000Z</time>
        <extensions>
          <ns3:TrackPointExtension/>
        </extensions>
      </trkpt>
      <trkpt lat="24.49862281791865825653076171875" lon="118.1443633697926998138427734375">
        <ele>0</ele>
        <time>2016-09-28T13:57:54.000Z</time>
        <extensions>
          <ns3:TrackPointExtension/>
        </extensions>
      </trkpt>
      <trkpt lat="24.4986133463680744171142578125" lon="118.14438625238835811614990234375">
        <ele>0</ele>
        <time>2016-09-28T13:57:59.000Z</time>
        <extensions>
          <ns3:TrackPointExtension/>
        </extensions>
      </trkpt>
      <trkpt lat="24.49860571883618831634521484375" lon="118.14441676251590251922607421875">
        <ele>0</ele>
        <time>2016-09-28T13:58:04.000Z</time>
        <extensions>
          <ns3:TrackPointExtension/>
        </extensions>
      </trkpt>
      <trkpt lat="24.498598091304302215576171875" lon="118.14444727264344692230224609375">
        <ele>0</ele>
        <time>2016-09-28T13:58:09.000Z</time>
        <extensions>
          <ns3:TrackPointExtension/>
        </extensions>
      </trkpt>
      <trkpt lat="24.4985885359346866607666015625" lon="118.144470155239105224609375">
        <ele>0</ele>
        <time>2016-09-28T13:58:14.000Z</time>
        <extensions>
          <ns3:TrackPointExtension/>
        </extensions>
      </trkpt>
      <trkpt lat="24.49858090840280055999755859375" lon="118.144500665366649627685546875">
        <ele>0</ele>
        <time>2016-09-28T13:58:19.000Z</time>
        <extensions>
          <ns3:TrackPointExtension/>
        </extensions>
      </trkpt>
      <trkpt lat="24.498573280870914459228515625" lon="118.14453117549419403076171875">
        <ele>0</ele>
        <time>2016-09-28T13:58:24.000Z</time>
        <extensions>
          <ns3:TrackPointExtension/>
        </extensions>
      </trkpt>
      <trkpt lat="24.4985694251954555511474609375" lon="118.14456939697265625">
        <ele>0</ele>
        <time>2016-09-28T13:58:29.000Z</time>
        <extensions>
          <ns3:TrackPointExtension/>
        </extensions>
      </trkpt>
      <trkpt lat="24.4985637255012989044189453125" lon="118.144599907100200653076171875">
        <ele>0</ele>
        <time>2016-09-28T13:58:34.000Z</time>
        <extensions>
          <ns3:TrackPointExtension/>
        </extensions>
      </trkpt>
      <trkpt lat="24.49855609796941280364990234375" lon="118.14462278969585895538330078125">
        <ele>0</ele>
        <time>2016-09-28T13:58:39.000Z</time>
        <extensions>
          <ns3:TrackPointExtension/>
        </extensions>
      </trkpt>
      <trkpt lat="24.49854654259979724884033203125" lon="118.14465329982340335845947265625">
        <ele>0</ele>
        <time>2016-09-28T13:58:44.000Z</time>
        <extensions>
          <ns3:TrackPointExtension/>
        </extensions>
      </trkpt>
      <trkpt lat="24.49853514321148395538330078125" lon="118.14468380995094776153564453125">
        <ele>0</ele>
        <time>2016-09-28T13:58:49.000Z</time>
        <extensions>
          <ns3:TrackPointExtension/>
        </extensions>
      </trkpt>
      <trkpt lat="24.49852558784186840057373046875" lon="118.14471432007849216461181640625">
        <ele>0</ele>
        <time>2016-09-28T13:58:54.000Z</time>
        <extensions>
          <ns3:TrackPointExtension/>
        </extensions>
      </trkpt>
      <trkpt lat="24.4985141046345233917236328125" lon="118.14474483020603656768798828125">
        <ele>0</ele>
        <time>2016-09-28T13:58:59.000Z</time>
        <extensions>
          <ns3:TrackPointExtension/>
        </extensions>
      </trkpt>
      <trkpt lat="24.49850463308393955230712890625" lon="118.14477534033358097076416015625">
        <ele>0</ele>
        <time>2016-09-28T13:59:04.000Z</time>
        <extensions>
          <ns3:TrackPointExtension/>
        </extensions>
      </trkpt>
      <trkpt lat="24.49849507771432399749755859375" lon="118.1447982229292392730712890625">
        <ele>0</ele>
        <time>2016-09-28T13:59:09.000Z</time>
        <extensions>
          <ns3:TrackPointExtension/>
        </extensions>
      </trkpt>
      <trkpt lat="24.498487450182437896728515625" lon="118.1448287330567836761474609375">
        <ele>0</ele>
        <time>2016-09-28T13:59:14.000Z</time>
        <extensions>
          <ns3:TrackPointExtension/>
        </extensions>
      </trkpt>
      <trkpt lat="24.49848175048828125" lon="118.1448592431843280792236328125">
        <ele>0</ele>
        <time>2016-09-28T13:59:19.000Z</time>
        <extensions>
          <ns3:TrackPointExtension/>
        </extensions>
      </trkpt>
      <trkpt lat="24.498474039137363433837890625" lon="118.14488212577998638153076171875">
        <ele>0</ele>
        <time>2016-09-28T13:59:24.000Z</time>
        <extensions>
          <ns3:TrackPointExtension/>
        </extensions>
      </trkpt>
      <trkpt lat="24.49846641160547733306884765625" lon="118.1449127197265625">
        <ele>0</ele>
        <time>2016-09-28T13:59:29.000Z</time>
        <extensions>
          <ns3:TrackPointExtension/>
        </extensions>
      </trkpt>
      <trkpt lat="24.4984587840735912322998046875" lon="118.144943229854106903076171875">
        <ele>0</ele>
        <time>2016-09-28T13:59:34.000Z</time>
        <extensions>
          <ns3:TrackPointExtension/>
        </extensions>
      </trkpt>
      <trkpt lat="24.49845115654170513153076171875" lon="118.14497373998165130615234375">
        <ele>0</ele>
        <time>2016-09-28T13:59:39.000Z</time>
        <extensions>
          <ns3:TrackPointExtension/>
        </extensions>
      </trkpt>
      <trkpt lat="24.49844545684754848480224609375" lon="118.145004250109195709228515625">
        <ele>0</ele>
        <time>2016-09-28T13:59:44.000Z</time>
        <extensions>
          <ns3:TrackPointExtension/>
        </extensions>
      </trkpt>
      <trkpt lat="24.498437829315662384033203125" lon="118.1450347602367401123046875">
        <ele>0</ele>
        <time>2016-09-28T13:59:49.000Z</time>
        <extensions>
          <ns3:TrackPointExtension/>
        </extensions>
      </trkpt>
      <trkpt lat="24.498426429927349090576171875" lon="118.14505764283239841461181640625">
        <ele>0</ele>
        <time>2016-09-28T13:59:54.000Z</time>
        <extensions>
          <ns3:TrackPointExtension/>
        </extensions>
      </trkpt>
      <trkpt lat="24.4984168745577335357666015625" lon="118.1450805254280567169189453125">
        <ele>0</ele>
        <time>2016-09-28T13:59:59.000Z</time>
        <extensions>
          <ns3:TrackPointExtension/>
        </extensions>
      </trkpt>
      <trkpt lat="24.49840539135038852691650390625" lon="118.1451110355556011199951171875">
        <ele>0</ele>
        <time>2016-09-28T14:00:04.000Z</time>
        <extensions>
          <ns3:TrackPointExtension/>
        </extensions>
      </trkpt>
      <trkpt lat="24.4983977638185024261474609375" lon="118.1451415456831455230712890625">
        <ele>0</ele>
        <time>2016-09-28T14:00:09.000Z</time>
        <extensions>
          <ns3:TrackPointExtension/>
        </extensions>
      </trkpt>
      <trkpt lat="24.498388208448886871337890625" lon="118.1451720558106899261474609375">
        <ele>0</ele>
        <time>2016-09-28T14:00:14.000Z</time>
        <extensions>
          <ns3:TrackPointExtension/>
        </extensions>
      </trkpt>
      <trkpt lat="24.498382508754730224609375" lon="118.1452025659382343292236328125">
        <ele>0</ele>
        <time>2016-09-28T14:00:19.000Z</time>
        <extensions>
          <ns3:TrackPointExtension/>
        </extensions>
      </trkpt>
      <trkpt lat="24.498376809060573577880859375" lon="118.1452330760657787322998046875">
        <ele>0</ele>
        <time>2016-09-28T14:00:24.000Z</time>
        <extensions>
          <ns3:TrackPointExtension/>
        </extensions>
      </trkpt>
      <trkpt lat="24.49837110936641693115234375" lon="118.14526367001235485076904296875">
        <ele>0</ele>
        <time>2016-09-28T14:00:29.000Z</time>
        <extensions>
          <ns3:TrackPointExtension/>
        </extensions>
      </trkpt>
      <trkpt lat="24.4983672536909580230712890625" lon="118.1453018076717853546142578125">
        <ele>0</ele>
        <time>2016-09-28T14:00:34.000Z</time>
        <extensions>
          <ns3:TrackPointExtension/>
        </extensions>
      </trkpt>
      <trkpt lat="24.4983615539968013763427734375" lon="118.1453323177993297576904296875">
        <ele>0</ele>
        <time>2016-09-28T14:00:39.000Z</time>
        <extensions>
          <ns3:TrackPointExtension/>
        </extensions>
      </trkpt>
      <trkpt lat="24.49835392646491527557373046875" lon="118.1453628279268741607666015625">
        <ele>0</ele>
        <time>2016-09-28T14:00:44.000Z</time>
        <extensions>
          <ns3:TrackPointExtension/>
        </extensions>
      </trkpt>
      <trkpt lat="24.49834437109529972076416015625" lon="118.1453933380544185638427734375">
        <ele>0</ele>
        <time>2016-09-28T14:00:49.000Z</time>
        <extensions>
          <ns3:TrackPointExtension/>
        </extensions>
      </trkpt>
      <trkpt lat="24.49833481572568416595458984375" lon="118.14541622065007686614990234375">
        <ele>0</ele>
        <time>2016-09-28T14:00:54.000Z</time>
        <extensions>
          <ns3:TrackPointExtension/>
        </extensions>
      </trkpt>
      <trkpt lat="24.49832148849964141845703125" lon="118.14544673077762126922607421875">
        <ele>0</ele>
        <time>2016-09-28T14:00:59.000Z</time>
        <extensions>
          <ns3:TrackPointExtension/>
        </extensions>
      </trkpt>
      <trkpt lat="24.4983062334358692169189453125" lon="118.145469613373279571533203125">
        <ele>0</ele>
        <time>2016-09-28T14:01:04.000Z</time>
        <extensions>
          <ns3:TrackPointExtension/>
        </extensions>
      </trkpt>
      <trkpt lat="24.49829290620982646942138671875" lon="118.145500123500823974609375">
        <ele>0</ele>
        <time>2016-09-28T14:01:09.000Z</time>
        <extensions>
          <ns3:TrackPointExtension/>
        </extensions>
      </trkpt>
      <trkpt lat="24.4982814230024814605712890625" lon="118.145530633628368377685546875">
        <ele>0</ele>
        <time>2016-09-28T14:01:14.000Z</time>
        <extensions>
          <ns3:TrackPointExtension/>
        </extensions>
      </trkpt>
      <trkpt lat="24.4982700236141681671142578125" lon="118.14555351622402667999267578125">
        <ele>0</ele>
        <time>2016-09-28T14:01:19.000Z</time>
        <extensions>
          <ns3:TrackPointExtension/>
        </extensions>
      </trkpt>
      <trkpt lat="24.4982604682445526123046875" lon="118.14558402635157108306884765625">
        <ele>0</ele>
        <time>2016-09-28T14:01:24.000Z</time>
        <extensions>
          <ns3:TrackPointExtension/>
        </extensions>
      </trkpt>
      <trkpt lat="24.49824714101850986480712890625" lon="118.14560699276626110076904296875">
        <ele>0</ele>
        <time>2016-09-28T14:01:29.000Z</time>
        <extensions>
          <ns3:TrackPointExtension/>
        </extensions>
      </trkpt>
      <trkpt lat="24.49823372997343540191650390625" lon="118.145629875361919403076171875">
        <ele>0</ele>
        <time>2016-09-28T14:01:34.000Z</time>
        <extensions>
          <ns3:TrackPointExtension/>
        </extensions>
      </trkpt>
      <trkpt lat="24.49821847490966320037841796875" lon="118.1456451304256916046142578125">
        <ele>0</ele>
        <time>2016-09-28T14:01:39.000Z</time>
        <extensions>
          <ns3:TrackPointExtension/>
        </extensions>
      </trkpt>
      <trkpt lat="24.49819944798946380615234375" lon="118.14566801302134990692138671875">
        <ele>0</ele>
        <time>2016-09-28T14:01:44.000Z</time>
        <extensions>
          <ns3:TrackPointExtension/>
        </extensions>
      </trkpt>
      <trkpt lat="24.49817840941250324249267578125" lon="118.145690895617008209228515625">
        <ele>0</ele>
        <time>2016-09-28T14:01:49.000Z</time>
        <extensions>
          <ns3:TrackPointExtension/>
        </extensions>
      </trkpt>
      <trkpt lat="24.498155526816844940185546875" lon="118.14571377821266651153564453125">
        <ele>0</ele>
        <time>2016-09-28T14:01:54.000Z</time>
        <extensions>
          <ns3:TrackPointExtension/>
        </extensions>
      </trkpt>
      <trkpt lat="24.49813649989664554595947265625" lon="118.14572903327643871307373046875">
        <ele>0</ele>
        <time>2016-09-28T14:01:59.000Z</time>
        <extensions>
          <ns3:TrackPointExtension/>
        </extensions>
      </trkpt>
      <trkpt lat="24.49812308885157108306884765625" lon="118.14574428834021091461181640625">
        <ele>0</ele>
        <time>2016-09-28T14:02:04.000Z</time>
        <extensions>
          <ns3:TrackPointExtension/>
        </extensions>
      </trkpt>
      <trkpt lat="24.49811361730098724365234375" lon="118.14575954340398311614990234375">
        <ele>0</ele>
        <time>2016-09-28T14:02:09.000Z</time>
        <extensions>
          <ns3:TrackPointExtension/>
        </extensions>
      </trkpt>
      <trkpt lat="24.49810783378779888153076171875" lon="118.14577479846775531768798828125">
        <ele>0</ele>
        <time>2016-09-28T14:02:14.000Z</time>
        <extensions>
          <ns3:TrackPointExtension/>
        </extensions>
      </trkpt>
      <trkpt lat="24.4981040619313716888427734375" lon="118.14579005353152751922607421875">
        <ele>0</ele>
        <time>2016-09-28T14:02:19.000Z</time>
        <extensions>
          <ns3:TrackPointExtension/>
        </extensions>
      </trkpt>
      <trkpt lat="24.49810020625591278076171875" lon="118.145812936127185821533203125">
        <ele>0</ele>
        <time>2016-09-28T14:02:24.000Z</time>
        <extensions>
          <ns3:TrackPointExtension/>
        </extensions>
      </trkpt>
      <trkpt lat="24.4980983622372150421142578125" lon="118.145843446254730224609375">
        <ele>0</ele>
        <time>2016-09-28T14:02:29.000Z</time>
        <extensions>
          <ns3:TrackPointExtension/>
        </extensions>
      </trkpt>
      <trkpt lat="24.498094506561756134033203125" lon="118.14586632885038852691650390625">
        <ele>0</ele>
        <time>2016-09-28T14:02:34.000Z</time>
        <extensions>
          <ns3:TrackPointExtension/>
        </extensions>
      </trkpt>
      <trkpt lat="24.49809073470532894134521484375" lon="118.14589683897793292999267578125">
        <ele>0</ele>
        <time>2016-09-28T14:02:39.000Z</time>
        <extensions>
          <ns3:TrackPointExtension/>
        </extensions>
      </trkpt>
      <trkpt lat="24.49808687902987003326416015625" lon="118.14592734910547733306884765625">
        <ele>0</ele>
        <time>2016-09-28T14:02:44.000Z</time>
        <extensions>
          <ns3:TrackPointExtension/>
        </extensions>
      </trkpt>
      <trkpt lat="24.49808117933571338653564453125" lon="118.1459579430520534515380859375">
        <ele>0</ele>
        <time>2016-09-28T14:02:49.000Z</time>
        <extensions>
          <ns3:TrackPointExtension/>
        </extensions>
      </trkpt>
      <trkpt lat="24.49807547964155673980712890625" lon="118.1459884531795978546142578125">
        <ele>0</ele>
        <time>2016-09-28T14:02:54.000Z</time>
        <extensions>
          <ns3:TrackPointExtension/>
        </extensions>
      </trkpt>
      <trkpt lat="24.4980678521096706390380859375" lon="118.1460189633071422576904296875">
        <ele>0</ele>
        <time>2016-09-28T14:02:59.000Z</time>
        <extensions>
          <ns3:TrackPointExtension/>
        </extensions>
      </trkpt>
      <trkpt lat="24.498058296740055084228515625" lon="118.14604184590280055999755859375">
        <ele>0</ele>
        <time>2016-09-28T14:03:04.000Z</time>
        <extensions>
          <ns3:TrackPointExtension/>
        </extensions>
      </trkpt>
      <trkpt lat="24.49805066920816898345947265625" lon="118.1460647284984588623046875">
        <ele>0</ele>
        <time>2016-09-28T14:03:09.000Z</time>
        <extensions>
          <ns3:TrackPointExtension/>
        </extensions>
      </trkpt>
      <trkpt lat="24.49804111383855342864990234375" lon="118.146095238626003265380859375">
        <ele>0</ele>
        <time>2016-09-28T14:03:14.000Z</time>
        <extensions>
          <ns3:TrackPointExtension/>
        </extensions>
      </trkpt>
      <trkpt lat="24.49803155846893787384033203125" lon="118.14611812122166156768798828125">
        <ele>0</ele>
        <time>2016-09-28T14:03:19.000Z</time>
        <extensions>
          <ns3:TrackPointExtension/>
        </extensions>
      </trkpt>
      <trkpt lat="24.4980239309370517730712890625" lon="118.14614863134920597076416015625">
        <ele>0</ele>
        <time>2016-09-28T14:03:24.000Z</time>
        <extensions>
          <ns3:TrackPointExtension/>
        </extensions>
      </trkpt>
      <trkpt lat="24.49801630340516567230224609375" lon="118.14617914147675037384033203125">
        <ele>0</ele>
        <time>2016-09-28T14:03:29.000Z</time>
        <extensions>
          <ns3:TrackPointExtension/>
        </extensions>
      </trkpt>
      <trkpt lat="24.49801060371100902557373046875" lon="118.14620965160429477691650390625">
        <ele>0</ele>
        <time>2016-09-28T14:03:34.000Z</time>
        <extensions>
          <ns3:TrackPointExtension/>
        </extensions>
      </trkpt>
      <trkpt lat="24.4979991205036640167236328125" lon="118.14622490666806697845458984375">
        <ele>0</ele>
        <time>2016-09-28T14:03:39.000Z</time>
        <extensions>
          <ns3:TrackPointExtension/>
        </extensions>
      </trkpt>
      <trkpt lat="24.49799149297177791595458984375" lon="118.14624778926372528076171875">
        <ele>0</ele>
        <time>2016-09-28T14:03:44.000Z</time>
        <extensions>
          <ns3:TrackPointExtension/>
        </extensions>
      </trkpt>
      <trkpt lat="24.497983865439891815185546875" lon="118.146278299391269683837890625">
        <ele>0</ele>
        <time>2016-09-28T14:03:49.000Z</time>
        <extensions>
          <ns3:TrackPointExtension/>
        </extensions>
      </trkpt>
      <trkpt lat="24.49797816574573516845703125" lon="118.14630889333784580230712890625">
        <ele>0</ele>
        <time>2016-09-28T14:03:54.000Z</time>
        <extensions>
          <ns3:TrackPointExtension/>
        </extensions>
      </trkpt>
      <trkpt lat="24.497972466051578521728515625" lon="118.14633940346539020538330078125">
        <ele>0</ele>
        <time>2016-09-28T14:03:59.000Z</time>
        <extensions>
          <ns3:TrackPointExtension/>
        </extensions>
      </trkpt>
      <trkpt lat="24.49796483851969242095947265625" lon="118.1463622860610485076904296875">
        <ele>0</ele>
        <time>2016-09-28T14:04:04.000Z</time>
        <extensions>
          <ns3:TrackPointExtension/>
        </extensions>
      </trkpt>
      <trkpt lat="24.49795528315007686614990234375" lon="118.14638516865670680999755859375">
        <ele>0</ele>
        <time>2016-09-28T14:04:09.000Z</time>
        <extensions>
          <ns3:TrackPointExtension/>
        </extensions>
      </trkpt>
      <trkpt lat="24.49794572778046131134033203125" lon="118.1464080512523651123046875">
        <ele>0</ele>
        <time>2016-09-28T14:04:14.000Z</time>
        <extensions>
          <ns3:TrackPointExtension/>
        </extensions>
      </trkpt>
      <trkpt lat="24.49793617241084575653076171875" lon="118.146438561379909515380859375">
        <ele>0</ele>
        <time>2016-09-28T14:04:19.000Z</time>
        <extensions>
          <ns3:TrackPointExtension/>
        </extensions>
      </trkpt>
      <trkpt lat="24.4979267008602619171142578125" lon="118.14646907150745391845703125">
        <ele>0</ele>
        <time>2016-09-28T14:04:24.000Z</time>
        <extensions>
          <ns3:TrackPointExtension/>
        </extensions>
      </trkpt>
      <trkpt lat="24.4979171454906463623046875" lon="118.146499581634998321533203125">
        <ele>0</ele>
        <time>2016-09-28T14:04:29.000Z</time>
        <extensions>
          <ns3:TrackPointExtension/>
        </extensions>
      </trkpt>
      <trkpt lat="24.4979075901210308074951171875" lon="118.146530091762542724609375">
        <ele>0</ele>
        <time>2016-09-28T14:04:34.000Z</time>
        <extensions>
          <ns3:TrackPointExtension/>
        </extensions>
      </trkpt>
      <trkpt lat="24.4978961907327175140380859375" lon="118.146560601890087127685546875">
        <ele>0</ele>
        <time>2016-09-28T14:04:39.000Z</time>
        <extensions>
          <ns3:TrackPointExtension/>
        </extensions>
      </trkpt>
      <trkpt lat="24.497886635363101959228515625" lon="118.14658348448574542999267578125">
        <ele>0</ele>
        <time>2016-09-28T14:04:44.000Z</time>
        <extensions>
          <ns3:TrackPointExtension/>
        </extensions>
      </trkpt>
      <trkpt lat="24.4978770799934864044189453125" lon="118.14661399461328983306884765625">
        <ele>0</ele>
        <time>2016-09-28T14:04:49.000Z</time>
        <extensions>
          <ns3:TrackPointExtension/>
        </extensions>
      </trkpt>
      <trkpt lat="24.497867524623870849609375" lon="118.1466445885598659515380859375">
        <ele>0</ele>
        <time>2016-09-28T14:04:54.000Z</time>
        <extensions>
          <ns3:TrackPointExtension/>
        </extensions>
      </trkpt>
      <trkpt lat="24.49785989709198474884033203125" lon="118.1466750986874103546142578125">
        <ele>0</ele>
        <time>2016-09-28T14:04:59.000Z</time>
        <extensions>
          <ns3:TrackPointExtension/>
        </extensions>
      </trkpt>
      <trkpt lat="24.4978522695600986480712890625" lon="118.1467056088149547576904296875">
        <ele>0</ele>
        <time>2016-09-28T14:05:04.000Z</time>
        <extensions>
          <ns3:TrackPointExtension/>
        </extensions>
      </trkpt>
      <trkpt lat="24.49784464202821254730224609375" lon="118.1467361189424991607666015625">
        <ele>0</ele>
        <time>2016-09-28T14:05:09.000Z</time>
        <extensions>
          <ns3:TrackPointExtension/>
        </extensions>
      </trkpt>
      <trkpt lat="24.49783508665859699249267578125" lon="118.1467666290700435638427734375">
        <ele>0</ele>
        <time>2016-09-28T14:05:14.000Z</time>
        <extensions>
          <ns3:TrackPointExtension/>
        </extensions>
      </trkpt>
      <trkpt lat="24.497825615108013153076171875" lon="118.1467971391975879669189453125">
        <ele>0</ele>
        <time>2016-09-28T14:05:19.000Z</time>
        <extensions>
          <ns3:TrackPointExtension/>
        </extensions>
      </trkpt>
      <trkpt lat="24.4978160597383975982666015625" lon="118.1468276493251323699951171875">
        <ele>0</ele>
        <time>2016-09-28T14:05:24.000Z</time>
        <extensions>
          <ns3:TrackPointExtension/>
        </extensions>
      </trkpt>
      <trkpt lat="24.49780650436878204345703125" lon="118.1468581594526767730712890625">
        <ele>0</ele>
        <time>2016-09-28T14:05:29.000Z</time>
        <extensions>
          <ns3:TrackPointExtension/>
        </extensions>
      </trkpt>
      <trkpt lat="24.49779510498046875" lon="118.14688104204833507537841796875">
        <ele>0</ele>
        <time>2016-09-28T14:05:34.000Z</time>
        <extensions>
          <ns3:TrackPointExtension/>
        </extensions>
      </trkpt>
      <trkpt lat="24.4977855496108531951904296875" lon="118.14691155217587947845458984375">
        <ele>0</ele>
        <time>2016-09-28T14:05:39.000Z</time>
        <extensions>
          <ns3:TrackPointExtension/>
        </extensions>
      </trkpt>
      <trkpt lat="24.497775994241237640380859375" lon="118.14693443477153778076171875">
        <ele>0</ele>
        <time>2016-09-28T14:05:44.000Z</time>
        <extensions>
          <ns3:TrackPointExtension/>
        </extensions>
      </trkpt>
      <trkpt lat="24.4977664388716220855712890625" lon="118.146964944899082183837890625">
        <ele>0</ele>
        <time>2016-09-28T14:05:49.000Z</time>
        <extensions>
          <ns3:TrackPointExtension/>
        </extensions>
      </trkpt>
      <trkpt lat="24.49775881133973598480224609375" lon="118.1469879113137722015380859375">
        <ele>0</ele>
        <time>2016-09-28T14:05:54.000Z</time>
        <extensions>
          <ns3:TrackPointExtension/>
        </extensions>
      </trkpt>
      <trkpt lat="24.497751183807849884033203125" lon="118.1470184214413166046142578125">
        <ele>0</ele>
        <time>2016-09-28T14:05:59.000Z</time>
        <extensions>
          <ns3:TrackPointExtension/>
        </extensions>
      </trkpt>
      <trkpt lat="24.49774355627596378326416015625" lon="118.1470489315688610076904296875">
        <ele>0</ele>
        <time>2016-09-28T14:06:04.000Z</time>
        <extensions>
          <ns3:TrackPointExtension/>
        </extensions>
      </trkpt>
      <trkpt lat="24.49773785658180713653564453125" lon="118.1470794416964054107666015625">
        <ele>0</ele>
        <time>2016-09-28T14:06:09.000Z</time>
        <extensions>
          <ns3:TrackPointExtension/>
        </extensions>
      </trkpt>
      <trkpt lat="24.4977302290499210357666015625" lon="118.14710232429206371307373046875">
        <ele>0</ele>
        <time>2016-09-28T14:06:14.000Z</time>
        <extensions>
          <ns3:TrackPointExtension/>
        </extensions>
      </trkpt>
      <trkpt lat="24.49772260151803493499755859375" lon="118.14713283441960811614990234375">
        <ele>0</ele>
        <time>2016-09-28T14:06:19.000Z</time>
        <extensions>
          <ns3:TrackPointExtension/>
        </extensions>
      </trkpt>
      <trkpt lat="24.497714973986148834228515625" lon="118.14716334454715251922607421875">
        <ele>0</ele>
        <time>2016-09-28T14:06:24.000Z</time>
        <extensions>
          <ns3:TrackPointExtension/>
        </extensions>
      </trkpt>
      <trkpt lat="24.4977054186165332794189453125" lon="118.14719385467469692230224609375">
        <ele>0</ele>
        <time>2016-09-28T14:06:29.000Z</time>
        <extensions>
          <ns3:TrackPointExtension/>
        </extensions>
      </trkpt>
      <trkpt lat="24.497695863246917724609375" lon="118.14722436480224132537841796875">
        <ele>0</ele>
        <time>2016-09-28T14:06:34.000Z</time>
        <extensions>
          <ns3:TrackPointExtension/>
        </extensions>
      </trkpt>
      <trkpt lat="24.4976863078773021697998046875" lon="118.14725487492978572845458984375">
        <ele>0</ele>
        <time>2016-09-28T14:06:39.000Z</time>
        <extensions>
          <ns3:TrackPointExtension/>
        </extensions>
      </trkpt>
      <trkpt lat="24.49767683632671833038330078125" lon="118.14727775752544403076171875">
        <ele>0</ele>
        <time>2016-09-28T14:06:44.000Z</time>
        <extensions>
          <ns3:TrackPointExtension/>
        </extensions>
      </trkpt>
      <trkpt lat="24.497665353119373321533203125" lon="118.147308267652988433837890625">
        <ele>0</ele>
        <time>2016-09-28T14:06:49.000Z</time>
        <extensions>
          <ns3:TrackPointExtension/>
        </extensions>
      </trkpt>
      <trkpt lat="24.497653953731060028076171875" lon="118.14733886159956455230712890625">
        <ele>0</ele>
        <time>2016-09-28T14:06:54.000Z</time>
        <extensions>
          <ns3:TrackPointExtension/>
        </extensions>
      </trkpt>
      <trkpt lat="24.4976443983614444732666015625" lon="118.14736937172710895538330078125">
        <ele>0</ele>
        <time>2016-09-28T14:06:59.000Z</time>
        <extensions>
          <ns3:TrackPointExtension/>
        </extensions>
      </trkpt>
      <trkpt lat="24.49763484299182891845703125" lon="118.14739988185465335845947265625">
        <ele>0</ele>
        <time>2016-09-28T14:07:04.000Z</time>
        <extensions>
          <ns3:TrackPointExtension/>
        </extensions>
      </trkpt>
      <trkpt lat="24.4976252876222133636474609375" lon="118.1474227644503116607666015625">
        <ele>0</ele>
        <time>2016-09-28T14:07:09.000Z</time>
        <extensions>
          <ns3:TrackPointExtension/>
        </extensions>
      </trkpt>
      <trkpt lat="24.497615732252597808837890625" lon="118.1474532745778560638427734375">
        <ele>0</ele>
        <time>2016-09-28T14:07:14.000Z</time>
        <extensions>
          <ns3:TrackPointExtension/>
        </extensions>
      </trkpt>
      <trkpt lat="24.49760626070201396942138671875" lon="118.1474837847054004669189453125">
        <ele>0</ele>
        <time>2016-09-28T14:07:19.000Z</time>
        <extensions>
          <ns3:TrackPointExtension/>
        </extensions>
      </trkpt>
      <trkpt lat="24.49759670533239841461181640625" lon="118.14750666730105876922607421875">
        <ele>0</ele>
        <time>2016-09-28T14:07:24.000Z</time>
        <extensions>
          <ns3:TrackPointExtension/>
        </extensions>
      </trkpt>
      <trkpt lat="24.49758714996278285980224609375" lon="118.14753717742860317230224609375">
        <ele>0</ele>
        <time>2016-09-28T14:07:29.000Z</time>
        <extensions>
          <ns3:TrackPointExtension/>
        </extensions>
      </trkpt>
      <trkpt lat="24.49757759459316730499267578125" lon="118.14756768755614757537841796875">
        <ele>0</ele>
        <time>2016-09-28T14:07:34.000Z</time>
        <extensions>
          <ns3:TrackPointExtension/>
        </extensions>
      </trkpt>
      <trkpt lat="24.497568123042583465576171875" lon="118.147590570151805877685546875">
        <ele>0</ele>
        <time>2016-09-28T14:07:39.000Z</time>
        <extensions>
          <ns3:TrackPointExtension/>
        </extensions>
      </trkpt>
      <trkpt lat="24.49756049551069736480712890625" lon="118.14762108027935028076171875">
        <ele>0</ele>
        <time>2016-09-28T14:07:44.000Z</time>
        <extensions>
          <ns3:TrackPointExtension/>
        </extensions>
      </trkpt>
      <trkpt lat="24.49754901230335235595703125" lon="118.14764396287500858306884765625">
        <ele>0</ele>
        <time>2016-09-28T14:07:49.000Z</time>
        <extensions>
          <ns3:TrackPointExtension/>
        </extensions>
      </trkpt>
      <trkpt lat="24.49754138477146625518798828125" lon="118.14766692928969860076904296875">
        <ele>0</ele>
        <time>2016-09-28T14:07:54.000Z</time>
        <extensions>
          <ns3:TrackPointExtension/>
        </extensions>
      </trkpt>
      <trkpt lat="24.4975337572395801544189453125" lon="118.14769743941724300384521484375">
        <ele>0</ele>
        <time>2016-09-28T14:07:59.000Z</time>
        <extensions>
          <ns3:TrackPointExtension/>
        </extensions>
      </trkpt>
      <trkpt lat="24.497524201869964599609375" lon="118.14772032201290130615234375">
        <ele>0</ele>
        <time>2016-09-28T14:08:04.000Z</time>
        <extensions>
          <ns3:TrackPointExtension/>
        </extensions>
      </trkpt>
      <trkpt lat="24.497518502175807952880859375" lon="118.14774320460855960845947265625">
        <ele>0</ele>
        <time>2016-09-28T14:08:09.000Z</time>
        <extensions>
          <ns3:TrackPointExtension/>
        </extensions>
      </trkpt>
      <trkpt lat="24.49751087464392185211181640625" lon="118.14777371473610401153564453125">
        <ele>0</ele>
        <time>2016-09-28T14:08:14.000Z</time>
        <extensions>
          <ns3:TrackPointExtension/>
        </extensions>
      </trkpt>
      <trkpt lat="24.49750701896846294403076171875" lon="118.14780422486364841461181640625">
        <ele>0</ele>
        <time>2016-09-28T14:08:19.000Z</time>
        <extensions>
          <ns3:TrackPointExtension/>
        </extensions>
      </trkpt>
      <trkpt lat="24.4975032471120357513427734375" lon="118.14783473499119281768798828125">
        <ele>0</ele>
        <time>2016-09-28T14:08:24.000Z</time>
        <extensions>
          <ns3:TrackPointExtension/>
        </extensions>
      </trkpt>
      <trkpt lat="24.49749939143657684326171875" lon="118.14786524511873722076416015625">
        <ele>0</ele>
        <time>2016-09-28T14:08:29.000Z</time>
        <extensions>
          <ns3:TrackPointExtension/>
        </extensions>
      </trkpt>
      <trkpt lat="24.49749561958014965057373046875" lon="118.14789575524628162384033203125">
        <ele>0</ele>
        <time>2016-09-28T14:08:34.000Z</time>
        <extensions>
          <ns3:TrackPointExtension/>
        </extensions>
      </trkpt>
      <trkpt lat="24.4974841363728046417236328125" lon="118.14792626537382602691650390625">
        <ele>0</ele>
        <time>2016-09-28T14:08:39.000Z</time>
        <extensions>
          <ns3:TrackPointExtension/>
        </extensions>
      </trkpt>
      <trkpt lat="24.49747650884091854095458984375" lon="118.14794152043759822845458984375">
        <ele>0</ele>
        <time>2016-09-28T14:08:44.000Z</time>
        <extensions>
          <ns3:TrackPointExtension/>
        </extensions>
      </trkpt>
      <trkpt lat="24.49747080914676189422607421875" lon="118.14796440303325653076171875">
        <ele>0</ele>
        <time>2016-09-28T14:08:49.000Z</time>
        <extensions>
          <ns3:TrackPointExtension/>
        </extensions>
      </trkpt>
      <trkpt lat="24.49746510945260524749755859375" lon="118.147994913160800933837890625">
        <ele>0</ele>
        <time>2016-09-28T14:08:54.000Z</time>
        <extensions>
          <ns3:TrackPointExtension/>
        </extensions>
      </trkpt>
      <trkpt lat="24.49746125377714633941650390625" lon="118.148033134639263153076171875">
        <ele>0</ele>
        <time>2016-09-28T14:08:59.000Z</time>
        <extensions>
          <ns3:TrackPointExtension/>
        </extensions>
      </trkpt>
      <trkpt lat="24.49745555408298969268798828125" lon="118.14807127229869365692138671875">
        <ele>0</ele>
        <time>2016-09-28T14:09:04.000Z</time>
        <extensions>
          <ns3:TrackPointExtension/>
        </extensions>
      </trkpt>
      <trkpt lat="24.497444070875644683837890625" lon="118.14810178242623805999755859375">
        <ele>0</ele>
        <time>2016-09-28T14:09:09.000Z</time>
        <extensions>
          <ns3:TrackPointExtension/>
        </extensions>
      </trkpt>
      <trkpt lat="24.49743074364960193634033203125" lon="118.1481246650218963623046875">
        <ele>0</ele>
        <time>2016-09-28T14:09:14.000Z</time>
        <extensions>
          <ns3:TrackPointExtension/>
        </extensions>
      </trkpt>
      <trkpt lat="24.4974117167294025421142578125" lon="118.14814754761755466461181640625">
        <ele>0</ele>
        <time>2016-09-28T14:09:19.000Z</time>
        <extensions>
          <ns3:TrackPointExtension/>
        </extensions>
      </trkpt>
      <trkpt lat="24.49739067815244197845458984375" lon="118.14816280268132686614990234375">
        <ele>0</ele>
        <time>2016-09-28T14:09:24.000Z</time>
        <extensions>
          <ns3:TrackPointExtension/>
        </extensions>
      </trkpt>
      <trkpt lat="24.4973677955567836761474609375" lon="118.14817805774509906768798828125">
        <ele>0</ele>
        <time>2016-09-28T14:09:29.000Z</time>
        <extensions>
          <ns3:TrackPointExtension/>
        </extensions>
      </trkpt>
      <trkpt lat="24.49734114110469818115234375" lon="118.14818568527698516845703125">
        <ele>0</ele>
        <time>2016-09-28T14:09:34.000Z</time>
        <extensions>
          <ns3:TrackPointExtension/>
        </extensions>
      </trkpt>
      <trkpt lat="24.4973163306713104248046875" lon="118.14818568527698516845703125">
        <ele>0</ele>
        <time>2016-09-28T14:09:39.000Z</time>
        <extensions>
          <ns3:TrackPointExtension/>
        </extensions>
      </trkpt>
      <trkpt lat="24.49728959240019321441650390625" lon="118.14818568527698516845703125">
        <ele>0</ele>
        <time>2016-09-28T14:09:44.000Z</time>
        <extensions>
          <ns3:TrackPointExtension/>
        </extensions>
      </trkpt>
      <trkpt lat="24.49726478196680545806884765625" lon="118.14818568527698516845703125">
        <ele>0</ele>
        <time>2016-09-28T14:09:49.000Z</time>
        <extensions>
          <ns3:TrackPointExtension/>
        </extensions>
      </trkpt>
      <trkpt lat="24.49723812751471996307373046875" lon="118.14817805774509906768798828125">
        <ele>0</ele>
        <time>2016-09-28T14:09:54.000Z</time>
        <extensions>
          <ns3:TrackPointExtension/>
        </extensions>
      </trkpt>
      <trkpt lat="24.497211389243602752685546875" lon="118.1481704302132129669189453125">
        <ele>0</ele>
        <time>2016-09-28T14:09:59.000Z</time>
        <extensions>
          <ns3:TrackPointExtension/>
        </extensions>
      </trkpt>
      <trkpt lat="24.497186578810214996337890625" lon="118.14816280268132686614990234375">
        <ele>0</ele>
        <time>2016-09-28T14:10:04.000Z</time>
        <extensions>
          <ns3:TrackPointExtension/>
        </extensions>
      </trkpt>
      <trkpt lat="24.4971599243581295013427734375" lon="118.148155175149440765380859375">
        <ele>0</ele>
        <time>2016-09-28T14:10:09.000Z</time>
        <extensions>
          <ns3:TrackPointExtension/>
        </extensions>
      </trkpt>
      <trkpt lat="24.4971351139247417449951171875" lon="118.14814754761755466461181640625">
        <ele>0</ele>
        <time>2016-09-28T14:10:14.000Z</time>
        <extensions>
          <ns3:TrackPointExtension/>
        </extensions>
      </trkpt>
      <trkpt lat="24.4971103034913539886474609375" lon="118.14813229255378246307373046875">
        <ele>0</ele>
        <time>2016-09-28T14:10:19.000Z</time>
        <extensions>
          <ns3:TrackPointExtension/>
        </extensions>
      </trkpt>
      <trkpt lat="24.4970854930579662322998046875" lon="118.14813229255378246307373046875">
        <ele>0</ele>
        <time>2016-09-28T14:10:24.000Z</time>
        <extensions>
          <ns3:TrackPointExtension/>
        </extensions>
      </trkpt>
      <trkpt lat="24.49706076644361019134521484375" lon="118.1481246650218963623046875">
        <ele>0</ele>
        <time>2016-09-28T14:10:29.000Z</time>
        <extensions>
          <ns3:TrackPointExtension/>
        </extensions>
      </trkpt>
      <trkpt lat="24.49703402817249298095703125" lon="118.14811703749001026153564453125">
        <ele>0</ele>
        <time>2016-09-28T14:10:34.000Z</time>
        <extensions>
          <ns3:TrackPointExtension/>
        </extensions>
      </trkpt>
      <trkpt lat="24.49701114557683467864990234375" lon="118.1481094099581241607666015625">
        <ele>0</ele>
        <time>2016-09-28T14:10:39.000Z</time>
        <extensions>
          <ns3:TrackPointExtension/>
        </extensions>
      </trkpt>
      <trkpt lat="24.49698633514344692230224609375" lon="118.14810178242623805999755859375">
        <ele>0</ele>
        <time>2016-09-28T14:10:44.000Z</time>
        <extensions>
          <ns3:TrackPointExtension/>
        </extensions>
      </trkpt>
      <trkpt lat="24.49696152471005916595458984375" lon="118.14810178242623805999755859375">
        <ele>0</ele>
        <time>2016-09-28T14:10:49.000Z</time>
        <extensions>
          <ns3:TrackPointExtension/>
        </extensions>
      </trkpt>
      <trkpt lat="24.496936798095703125" lon="118.148094154894351959228515625">
        <ele>0</ele>
        <time>2016-09-28T14:10:54.000Z</time>
        <extensions>
          <ns3:TrackPointExtension/>
        </extensions>
      </trkpt>
      <trkpt lat="24.49691198766231536865234375" lon="118.14808652736246585845947265625">
        <ele>0</ele>
        <time>2016-09-28T14:10:59.000Z</time>
        <extensions>
          <ns3:TrackPointExtension/>
        </extensions>
      </trkpt>
      <trkpt lat="24.4968871772289276123046875" lon="118.1480788998305797576904296875">
        <ele>0</ele>
        <time>2016-09-28T14:11:04.000Z</time>
        <extensions>
          <ns3:TrackPointExtension/>
        </extensions>
      </trkpt>
      <trkpt lat="24.49686236679553985595703125" lon="118.14807127229869365692138671875">
        <ele>0</ele>
        <time>2016-09-28T14:11:09.000Z</time>
        <extensions>
          <ns3:TrackPointExtension/>
        </extensions>
      </trkpt>
      <trkpt lat="24.49683562852442264556884765625" lon="118.14806364476680755615234375">
        <ele>0</ele>
        <time>2016-09-28T14:11:14.000Z</time>
        <extensions>
          <ns3:TrackPointExtension/>
        </extensions>
      </trkpt>
      <trkpt lat="24.4968109019100666046142578125" lon="118.14805601723492145538330078125">
        <ele>0</ele>
        <time>2016-09-28T14:11:19.000Z</time>
        <extensions>
          <ns3:TrackPointExtension/>
        </extensions>
      </trkpt>
      <trkpt lat="24.49678416363894939422607421875" lon="118.1480483897030353546142578125">
        <ele>0</ele>
        <time>2016-09-28T14:11:24.000Z</time>
        <extensions>
          <ns3:TrackPointExtension/>
        </extensions>
      </trkpt>
      <trkpt lat="24.49675935320556163787841796875" lon="118.14804076217114925384521484375">
        <ele>0</ele>
        <time>2016-09-28T14:11:29.000Z</time>
        <extensions>
          <ns3:TrackPointExtension/>
        </extensions>
      </trkpt>
      <trkpt lat="24.49673454277217388153076171875" lon="118.148033134639263153076171875">
        <ele>0</ele>
        <time>2016-09-28T14:11:34.000Z</time>
        <extensions>
          <ns3:TrackPointExtension/>
        </extensions>
      </trkpt>
      <trkpt lat="24.4967116601765155792236328125" lon="118.148033134639263153076171875">
        <ele>0</ele>
        <time>2016-09-28T14:11:39.000Z</time>
        <extensions>
          <ns3:TrackPointExtension/>
        </extensions>
      </trkpt>
      <trkpt lat="24.49668877758085727691650390625" lon="118.14802550710737705230712890625">
        <ele>0</ele>
        <time>2016-09-28T14:11:44.000Z</time>
        <extensions>
          <ns3:TrackPointExtension/>
        </extensions>
      </trkpt>
      <trkpt lat="24.49666396714746952056884765625" lon="118.14802550710737705230712890625">
        <ele>0</ele>
        <time>2016-09-28T14:11:49.000Z</time>
        <extensions>
          <ns3:TrackPointExtension/>
        </extensions>
      </trkpt>
      <trkpt lat="24.49663731269538402557373046875" lon="118.1480178795754909515380859375">
        <ele>0</ele>
        <time>2016-09-28T14:11:54.000Z</time>
        <extensions>
          <ns3:TrackPointExtension/>
        </extensions>
      </trkpt>
      <trkpt lat="24.49661250226199626922607421875" lon="118.14801025204360485076904296875">
        <ele>0</ele>
        <time>2016-09-28T14:11:59.000Z</time>
        <extensions>
          <ns3:TrackPointExtension/>
        </extensions>
      </trkpt>
      <trkpt lat="24.496585763990879058837890625" lon="118.14800262451171875">
        <ele>0</ele>
        <time>2016-09-28T14:12:04.000Z</time>
        <extensions>
          <ns3:TrackPointExtension/>
        </extensions>
      </trkpt>
      <trkpt lat="24.49655718170106410980224609375" lon="118.147994913160800933837890625">
        <ele>0</ele>
        <time>2016-09-28T14:12:09.000Z</time>
        <extensions>
          <ns3:TrackPointExtension/>
        </extensions>
      </trkpt>
      <trkpt lat="24.4965285994112491607666015625" lon="118.14798728562891483306884765625">
        <ele>0</ele>
        <time>2016-09-28T14:12:14.000Z</time>
        <extensions>
          <ns3:TrackPointExtension/>
        </extensions>
      </trkpt>
      <trkpt lat="24.4964980892837047576904296875" lon="118.14798728562891483306884765625">
        <ele>0</ele>
        <time>2016-09-28T14:12:19.000Z</time>
        <extensions>
          <ns3:TrackPointExtension/>
        </extensions>
      </trkpt>
      <trkpt lat="24.49647135101258754730224609375" lon="118.1479796580970287322998046875">
        <ele>0</ele>
        <time>2016-09-28T14:12:24.000Z</time>
        <extensions>
          <ns3:TrackPointExtension/>
        </extensions>
      </trkpt>
      <trkpt lat="24.4964427687227725982666015625" lon="118.14797203056514263153076171875">
        <ele>0</ele>
        <time>2016-09-28T14:12:29.000Z</time>
        <extensions>
          <ns3:TrackPointExtension/>
        </extensions>
      </trkpt>
      <trkpt lat="24.496414102613925933837890625" lon="118.14796440303325653076171875">
        <ele>0</ele>
        <time>2016-09-28T14:12:34.000Z</time>
        <extensions>
          <ns3:TrackPointExtension/>
        </extensions>
      </trkpt>
      <trkpt lat="24.4963874481618404388427734375" lon="118.14795677550137042999267578125">
        <ele>0</ele>
        <time>2016-09-28T14:12:39.000Z</time>
        <extensions>
          <ns3:TrackPointExtension/>
        </extensions>
      </trkpt>
      <trkpt lat="24.49636070989072322845458984375" lon="118.1479491479694843292236328125">
        <ele>0</ele>
        <time>2016-09-28T14:12:44.000Z</time>
        <extensions>
          <ns3:TrackPointExtension/>
        </extensions>
      </trkpt>
      <trkpt lat="24.49633405543863773345947265625" lon="118.14794152043759822845458984375">
        <ele>0</ele>
        <time>2016-09-28T14:12:49.000Z</time>
        <extensions>
          <ns3:TrackPointExtension/>
        </extensions>
      </trkpt>
      <trkpt lat="24.4963073171675205230712890625" lon="118.147933892905712127685546875">
        <ele>0</ele>
        <time>2016-09-28T14:12:54.000Z</time>
        <extensions>
          <ns3:TrackPointExtension/>
        </extensions>
      </trkpt>
      <trkpt lat="24.496280662715435028076171875" lon="118.14792626537382602691650390625">
        <ele>0</ele>
        <time>2016-09-28T14:12:59.000Z</time>
        <extensions>
          <ns3:TrackPointExtension/>
        </extensions>
      </trkpt>
      <trkpt lat="24.496255852282047271728515625" lon="118.1479186378419399261474609375">
        <ele>0</ele>
        <time>2016-09-28T14:13:04.000Z</time>
        <extensions>
          <ns3:TrackPointExtension/>
        </extensions>
      </trkpt>
      <trkpt lat="24.49622911401093006134033203125" lon="118.14791101031005382537841796875">
        <ele>0</ele>
        <time>2016-09-28T14:13:09.000Z</time>
        <extensions>
          <ns3:TrackPointExtension/>
        </extensions>
      </trkpt>
      <trkpt lat="24.49620430357754230499267578125" lon="118.14789575524628162384033203125">
        <ele>0</ele>
        <time>2016-09-28T14:13:14.000Z</time>
        <extensions>
          <ns3:TrackPointExtension/>
        </extensions>
      </trkpt>
      <trkpt lat="24.49617764912545680999755859375" lon="118.14788050018250942230224609375">
        <ele>0</ele>
        <time>2016-09-28T14:13:19.000Z</time>
        <extensions>
          <ns3:TrackPointExtension/>
        </extensions>
      </trkpt>
      <trkpt lat="24.49615283869206905364990234375" lon="118.147872872650623321533203125">
        <ele>0</ele>
        <time>2016-09-28T14:13:24.000Z</time>
        <extensions>
          <ns3:TrackPointExtension/>
        </extensions>
      </trkpt>
      <trkpt lat="24.4961299560964107513427734375" lon="118.14786524511873722076416015625">
        <ele>0</ele>
        <time>2016-09-28T14:13:29.000Z</time>
        <extensions>
          <ns3:TrackPointExtension/>
        </extensions>
      </trkpt>
      <trkpt lat="24.496109001338481903076171875" lon="118.14784999005496501922607421875">
        <ele>0</ele>
        <time>2016-09-28T14:13:34.000Z</time>
        <extensions>
          <ns3:TrackPointExtension/>
        </extensions>
      </trkpt>
      <trkpt lat="24.49608611874282360076904296875" lon="118.14784236252307891845703125">
        <ele>0</ele>
        <time>2016-09-28T14:13:39.000Z</time>
        <extensions>
          <ns3:TrackPointExtension/>
        </extensions>
      </trkpt>
      <trkpt lat="24.49606130830943584442138671875" lon="118.14783473499119281768798828125">
        <ele>0</ele>
        <time>2016-09-28T14:13:44.000Z</time>
        <extensions>
          <ns3:TrackPointExtension/>
        </extensions>
      </trkpt>
      <trkpt lat="24.49603649787604808807373046875" lon="118.14781947992742061614990234375">
        <ele>0</ele>
        <time>2016-09-28T14:13:49.000Z</time>
        <extensions>
          <ns3:TrackPointExtension/>
        </extensions>
      </trkpt>
      <trkpt lat="24.4960136152803897857666015625" lon="118.14781947992742061614990234375">
        <ele>0</ele>
        <time>2016-09-28T14:13:54.000Z</time>
        <extensions>
          <ns3:TrackPointExtension/>
        </extensions>
      </trkpt>
      <trkpt lat="24.49599073268473148345947265625" lon="118.14780422486364841461181640625">
        <ele>0</ele>
        <time>2016-09-28T14:13:59.000Z</time>
        <extensions>
          <ns3:TrackPointExtension/>
        </extensions>
      </trkpt>
      <trkpt lat="24.4959639944136142730712890625" lon="118.1477965973317623138427734375">
        <ele>0</ele>
        <time>2016-09-28T14:14:04.000Z</time>
        <extensions>
          <ns3:TrackPointExtension/>
        </extensions>
      </trkpt>
      <trkpt lat="24.495937339961528778076171875" lon="118.14778896979987621307373046875">
        <ele>0</ele>
        <time>2016-09-28T14:14:09.000Z</time>
        <extensions>
          <ns3:TrackPointExtension/>
        </extensions>
      </trkpt>
      <trkpt lat="24.49591060169041156768798828125" lon="118.1477813422679901123046875">
        <ele>0</ele>
        <time>2016-09-28T14:14:14.000Z</time>
        <extensions>
          <ns3:TrackPointExtension/>
        </extensions>
      </trkpt>
      <trkpt lat="24.49588579125702381134033203125" lon="118.14777371473610401153564453125">
        <ele>0</ele>
        <time>2016-09-28T14:14:19.000Z</time>
        <extensions>
          <ns3:TrackPointExtension/>
        </extensions>
      </trkpt>
      <trkpt lat="24.49586098082363605499267578125" lon="118.14775845967233180999755859375">
        <ele>0</ele>
        <time>2016-09-28T14:14:24.000Z</time>
        <extensions>
          <ns3:TrackPointExtension/>
        </extensions>
      </trkpt>
      <trkpt lat="24.4958362542092800140380859375" lon="118.14775845967233180999755859375">
        <ele>0</ele>
        <time>2016-09-28T14:14:29.000Z</time>
        <extensions>
          <ns3:TrackPointExtension/>
        </extensions>
      </trkpt>
      <trkpt lat="24.4958114437758922576904296875" lon="118.147750832140445709228515625">
        <ele>0</ele>
        <time>2016-09-28T14:14:34.000Z</time>
        <extensions>
          <ns3:TrackPointExtension/>
        </extensions>
      </trkpt>
      <trkpt lat="24.4957866333425045013427734375" lon="118.14774320460855960845947265625">
        <ele>0</ele>
        <time>2016-09-28T14:14:39.000Z</time>
        <extensions>
          <ns3:TrackPointExtension/>
        </extensions>
      </trkpt>
      <trkpt lat="24.49575989507138729095458984375" lon="118.1477355770766735076904296875">
        <ele>0</ele>
        <time>2016-09-28T14:14:44.000Z</time>
        <extensions>
          <ns3:TrackPointExtension/>
        </extensions>
      </trkpt>
      <trkpt lat="24.49573324061930179595947265625" lon="118.1477355770766735076904296875">
        <ele>0</ele>
        <time>2016-09-28T14:14:49.000Z</time>
        <extensions>
          <ns3:TrackPointExtension/>
        </extensions>
      </trkpt>
      <trkpt lat="24.4957065023481845855712890625" lon="118.14772794954478740692138671875">
        <ele>0</ele>
        <time>2016-09-28T14:14:54.000Z</time>
        <extensions>
          <ns3:TrackPointExtension/>
        </extensions>
      </trkpt>
      <trkpt lat="24.495679847896099090576171875" lon="118.14772032201290130615234375">
        <ele>0</ele>
        <time>2016-09-28T14:14:59.000Z</time>
        <extensions>
          <ns3:TrackPointExtension/>
        </extensions>
      </trkpt>
      <trkpt lat="24.49565310962498188018798828125" lon="118.14771269448101520538330078125">
        <ele>0</ele>
        <time>2016-09-28T14:15:04.000Z</time>
        <extensions>
          <ns3:TrackPointExtension/>
        </extensions>
      </trkpt>
      <trkpt lat="24.49562829919159412384033203125" lon="118.1477050669491291046142578125">
        <ele>0</ele>
        <time>2016-09-28T14:15:09.000Z</time>
        <extensions>
          <ns3:TrackPointExtension/>
        </extensions>
      </trkpt>
      <trkpt lat="24.49560164473950862884521484375" lon="118.14769743941724300384521484375">
        <ele>0</ele>
        <time>2016-09-28T14:15:14.000Z</time>
        <extensions>
          <ns3:TrackPointExtension/>
        </extensions>
      </trkpt>
      <trkpt lat="24.49557683430612087249755859375" lon="118.147689811885356903076171875">
        <ele>0</ele>
        <time>2016-09-28T14:15:19.000Z</time>
        <extensions>
          <ns3:TrackPointExtension/>
        </extensions>
      </trkpt>
      <trkpt lat="24.49555202387273311614990234375" lon="118.1476745568215847015380859375">
        <ele>0</ele>
        <time>2016-09-28T14:15:24.000Z</time>
        <extensions>
          <ns3:TrackPointExtension/>
        </extensions>
      </trkpt>
      <trkpt lat="24.4955291412770748138427734375" lon="118.14766692928969860076904296875">
        <ele>0</ele>
        <time>2016-09-28T14:15:29.000Z</time>
        <extensions>
          <ns3:TrackPointExtension/>
        </extensions>
      </trkpt>
      <trkpt lat="24.4955043308436870574951171875" lon="118.1476593017578125">
        <ele>0</ele>
        <time>2016-09-28T14:15:34.000Z</time>
        <extensions>
          <ns3:TrackPointExtension/>
        </extensions>
      </trkpt>
      <trkpt lat="24.4954795204102993011474609375" lon="118.147651590406894683837890625">
        <ele>0</ele>
        <time>2016-09-28T14:15:39.000Z</time>
        <extensions>
          <ns3:TrackPointExtension/>
        </extensions>
      </trkpt>
      <trkpt lat="24.49545663781464099884033203125" lon="118.14764396287500858306884765625">
        <ele>0</ele>
        <time>2016-09-28T14:15:44.000Z</time>
        <extensions>
          <ns3:TrackPointExtension/>
        </extensions>
      </trkpt>
      <trkpt lat="24.49543182738125324249267578125" lon="118.14762870781123638153076171875">
        <ele>0</ele>
        <time>2016-09-28T14:15:49.000Z</time>
        <extensions>
          <ns3:TrackPointExtension/>
        </extensions>
      </trkpt>
      <trkpt lat="24.4954071007668972015380859375" lon="118.14762108027935028076171875">
        <ele>0</ele>
        <time>2016-09-28T14:15:54.000Z</time>
        <extensions>
          <ns3:TrackPointExtension/>
        </extensions>
      </trkpt>
      <trkpt lat="24.495384134352207183837890625" lon="118.14761345274746417999267578125">
        <ele>0</ele>
        <time>2016-09-28T14:15:59.000Z</time>
        <extensions>
          <ns3:TrackPointExtension/>
        </extensions>
      </trkpt>
      <trkpt lat="24.49536125175654888153076171875" lon="118.14759819768369197845458984375">
        <ele>0</ele>
        <time>2016-09-28T14:16:04.000Z</time>
        <extensions>
          <ns3:TrackPointExtension/>
        </extensions>
      </trkpt>
      <trkpt lat="24.4953383691608905792236328125" lon="118.147590570151805877685546875">
        <ele>0</ele>
        <time>2016-09-28T14:16:09.000Z</time>
        <extensions>
          <ns3:TrackPointExtension/>
        </extensions>
      </trkpt>
      <trkpt lat="24.49531364254653453826904296875" lon="118.1475753150880336761474609375">
        <ele>0</ele>
        <time>2016-09-28T14:16:14.000Z</time>
        <extensions>
          <ns3:TrackPointExtension/>
        </extensions>
      </trkpt>
      <trkpt lat="24.49528883211314678192138671875" lon="118.14756768755614757537841796875">
        <ele>0</ele>
        <time>2016-09-28T14:16:19.000Z</time>
        <extensions>
          <ns3:TrackPointExtension/>
        </extensions>
      </trkpt>
      <trkpt lat="24.4952659495174884796142578125" lon="118.14755243249237537384033203125">
        <ele>0</ele>
        <time>2016-09-28T14:16:24.000Z</time>
        <extensions>
          <ns3:TrackPointExtension/>
        </extensions>
      </trkpt>
      <trkpt lat="24.4952525384724140167236328125" lon="118.14752192236483097076416015625">
        <ele>0</ele>
        <time>2016-09-28T14:16:29.000Z</time>
        <extensions>
          <ns3:TrackPointExtension/>
        </extensions>
      </trkpt>
      <trkpt lat="24.4952411390841007232666015625" lon="118.14749903976917266845703125">
        <ele>0</ele>
        <time>2016-09-28T14:16:34.000Z</time>
        <extensions>
          <ns3:TrackPointExtension/>
        </extensions>
      </trkpt>
      <trkpt lat="24.49523351155221462249755859375" lon="118.147468529641628265380859375">
        <ele>0</ele>
        <time>2016-09-28T14:16:39.000Z</time>
        <extensions>
          <ns3:TrackPointExtension/>
        </extensions>
      </trkpt>
      <trkpt lat="24.49522781185805797576904296875" lon="118.14744564704596996307373046875">
        <ele>0</ele>
        <time>2016-09-28T14:16:44.000Z</time>
        <extensions>
          <ns3:TrackPointExtension/>
        </extensions>
      </trkpt>
      <trkpt lat="24.49522395618259906768798828125" lon="118.1474227644503116607666015625">
        <ele>0</ele>
        <time>2016-09-28T14:16:49.000Z</time>
        <extensions>
          <ns3:TrackPointExtension/>
        </extensions>
      </trkpt>
      <trkpt lat="24.49522395618259906768798828125" lon="118.14739988185465335845947265625">
        <ele>0</ele>
        <time>2016-09-28T14:16:54.000Z</time>
        <extensions>
          <ns3:TrackPointExtension/>
        </extensions>
      </trkpt>
      <trkpt lat="24.495225884020328521728515625" lon="118.14737699925899505615234375">
        <ele>0</ele>
        <time>2016-09-28T14:16:59.000Z</time>
        <extensions>
          <ns3:TrackPointExtension/>
        </extensions>
      </trkpt>
      <trkpt lat="24.49522965587675571441650390625" lon="118.147346489131450653076171875">
        <ele>0</ele>
        <time>2016-09-28T14:17:04.000Z</time>
        <extensions>
          <ns3:TrackPointExtension/>
        </extensions>
      </trkpt>
      <trkpt lat="24.49523158371448516845703125" lon="118.14731597900390625">
        <ele>0</ele>
        <time>2016-09-28T14:17:09.000Z</time>
        <extensions>
          <ns3:TrackPointExtension/>
        </extensions>
      </trkpt>
      <trkpt lat="24.49523158371448516845703125" lon="118.14728538505733013153076171875">
        <ele>0</ele>
        <time>2016-09-28T14:17:14.000Z</time>
        <extensions>
          <ns3:TrackPointExtension/>
        </extensions>
      </trkpt>
      <trkpt lat="24.49523351155221462249755859375" lon="118.14725487492978572845458984375">
        <ele>0</ele>
        <time>2016-09-28T14:17:19.000Z</time>
        <extensions>
          <ns3:TrackPointExtension/>
        </extensions>
      </trkpt>
      <trkpt lat="24.4952354393899440765380859375" lon="118.14722436480224132537841796875">
        <ele>0</ele>
        <time>2016-09-28T14:17:24.000Z</time>
        <extensions>
          <ns3:TrackPointExtension/>
        </extensions>
      </trkpt>
      <trkpt lat="24.4952354393899440765380859375" lon="118.1472014822065830230712890625">
        <ele>0</ele>
        <time>2016-09-28T14:17:29.000Z</time>
        <extensions>
          <ns3:TrackPointExtension/>
        </extensions>
      </trkpt>
      <trkpt lat="24.495237283408641815185546875" lon="118.1471709720790386199951171875">
        <ele>0</ele>
        <time>2016-09-28T14:17:34.000Z</time>
        <extensions>
          <ns3:TrackPointExtension/>
        </extensions>
      </trkpt>
      <trkpt lat="24.49523921124637126922607421875" lon="118.14714808948338031768798828125">
        <ele>0</ele>
        <time>2016-09-28T14:17:39.000Z</time>
        <extensions>
          <ns3:TrackPointExtension/>
        </extensions>
      </trkpt>
      <trkpt lat="24.4952411390841007232666015625" lon="118.14711757935583591461181640625">
        <ele>0</ele>
        <time>2016-09-28T14:17:44.000Z</time>
        <extensions>
          <ns3:TrackPointExtension/>
        </extensions>
      </trkpt>
      <trkpt lat="24.49524491094052791595458984375" lon="118.1470946967601776123046875">
        <ele>0</ele>
        <time>2016-09-28T14:17:49.000Z</time>
        <extensions>
          <ns3:TrackPointExtension/>
        </extensions>
      </trkpt>
      <trkpt lat="24.495250694453716278076171875" lon="118.147064186632633209228515625">
        <ele>0</ele>
        <time>2016-09-28T14:17:54.000Z</time>
        <extensions>
          <ns3:TrackPointExtension/>
        </extensions>
      </trkpt>
      <trkpt lat="24.4952563941478729248046875" lon="118.14703367650508880615234375">
        <ele>0</ele>
        <time>2016-09-28T14:17:59.000Z</time>
        <extensions>
          <ns3:TrackPointExtension/>
        </extensions>
      </trkpt>
      <trkpt lat="24.49526016600430011749267578125" lon="118.14701079390943050384521484375">
        <ele>0</ele>
        <time>2016-09-28T14:18:04.000Z</time>
        <extensions>
          <ns3:TrackPointExtension/>
        </extensions>
      </trkpt>
      <trkpt lat="24.49526402167975902557373046875" lon="118.14698028378188610076904296875">
        <ele>0</ele>
        <time>2016-09-28T14:18:09.000Z</time>
        <extensions>
          <ns3:TrackPointExtension/>
        </extensions>
      </trkpt>
      <trkpt lat="24.49526402167975902557373046875" lon="118.14695731736719608306884765625">
        <ele>0</ele>
        <time>2016-09-28T14:18:14.000Z</time>
        <extensions>
          <ns3:TrackPointExtension/>
        </extensions>
      </trkpt>
      <trkpt lat="24.49526402167975902557373046875" lon="118.14693443477153778076171875">
        <ele>0</ele>
        <time>2016-09-28T14:18:19.000Z</time>
        <extensions>
          <ns3:TrackPointExtension/>
        </extensions>
      </trkpt>
      <trkpt lat="24.495262093842029571533203125" lon="118.146903924643993377685546875">
        <ele>0</ele>
        <time>2016-09-28T14:18:24.000Z</time>
        <extensions>
          <ns3:TrackPointExtension/>
        </extensions>
      </trkpt>
      <trkpt lat="24.49526402167975902557373046875" lon="118.14688104204833507537841796875">
        <ele>0</ele>
        <time>2016-09-28T14:18:29.000Z</time>
        <extensions>
          <ns3:TrackPointExtension/>
        </extensions>
      </trkpt>
      <trkpt lat="24.4952659495174884796142578125" lon="118.14685053192079067230224609375">
        <ele>0</ele>
        <time>2016-09-28T14:18:34.000Z</time>
        <extensions>
          <ns3:TrackPointExtension/>
        </extensions>
      </trkpt>
      <trkpt lat="24.49526779353618621826171875" lon="118.1468276493251323699951171875">
        <ele>0</ele>
        <time>2016-09-28T14:18:39.000Z</time>
        <extensions>
          <ns3:TrackPointExtension/>
        </extensions>
      </trkpt>
      <trkpt lat="24.4952716492116451263427734375" lon="118.14680476672947406768798828125">
        <ele>0</ele>
        <time>2016-09-28T14:18:44.000Z</time>
        <extensions>
          <ns3:TrackPointExtension/>
        </extensions>
      </trkpt>
      <trkpt lat="24.49527542106807231903076171875" lon="118.14677425660192966461181640625">
        <ele>0</ele>
        <time>2016-09-28T14:18:49.000Z</time>
        <extensions>
          <ns3:TrackPointExtension/>
        </extensions>
      </trkpt>
      <trkpt lat="24.49527927674353122711181640625" lon="118.1467513740062713623046875">
        <ele>0</ele>
        <time>2016-09-28T14:18:54.000Z</time>
        <extensions>
          <ns3:TrackPointExtension/>
        </extensions>
      </trkpt>
      <trkpt lat="24.4952830485999584197998046875" lon="118.14672849141061305999755859375">
        <ele>0</ele>
        <time>2016-09-28T14:18:59.000Z</time>
        <extensions>
          <ns3:TrackPointExtension/>
        </extensions>
      </trkpt>
      <trkpt lat="24.495286904275417327880859375" lon="118.14669798128306865692138671875">
        <ele>0</ele>
        <time>2016-09-28T14:19:04.000Z</time>
        <extensions>
          <ns3:TrackPointExtension/>
        </extensions>
      </trkpt>
      <trkpt lat="24.49529067613184452056884765625" lon="118.1466750986874103546142578125">
        <ele>0</ele>
        <time>2016-09-28T14:19:09.000Z</time>
        <extensions>
          <ns3:TrackPointExtension/>
        </extensions>
      </trkpt>
      <trkpt lat="24.49529453180730342864990234375" lon="118.14665221609175205230712890625">
        <ele>0</ele>
        <time>2016-09-28T14:19:14.000Z</time>
        <extensions>
          <ns3:TrackPointExtension/>
        </extensions>
      </trkpt>
      <trkpt lat="24.495298303663730621337890625" lon="118.146621622145175933837890625">
        <ele>0</ele>
        <time>2016-09-28T14:19:19.000Z</time>
        <extensions>
          <ns3:TrackPointExtension/>
        </extensions>
      </trkpt>
      <trkpt lat="24.4953021593391895294189453125" lon="118.14659873954951763153076171875">
        <ele>0</ele>
        <time>2016-09-28T14:19:24.000Z</time>
        <extensions>
          <ns3:TrackPointExtension/>
        </extensions>
      </trkpt>
      <trkpt lat="24.4953078590333461761474609375" lon="118.1465758569538593292236328125">
        <ele>0</ele>
        <time>2016-09-28T14:19:29.000Z</time>
        <extensions>
          <ns3:TrackPointExtension/>
        </extensions>
      </trkpt>
      <trkpt lat="24.495311714708805084228515625" lon="118.14655297435820102691650390625">
        <ele>0</ele>
        <time>2016-09-28T14:19:34.000Z</time>
        <extensions>
          <ns3:TrackPointExtension/>
        </extensions>
      </trkpt>
      <trkpt lat="24.49531741440296173095703125" lon="118.14653771929442882537841796875">
        <ele>0</ele>
        <time>2016-09-28T14:19:39.000Z</time>
        <extensions>
          <ns3:TrackPointExtension/>
        </extensions>
      </trkpt>
      <trkpt lat="24.495323114097118377685546875" lon="118.1465148366987705230712890625">
        <ele>0</ele>
        <time>2016-09-28T14:19:44.000Z</time>
        <extensions>
          <ns3:TrackPointExtension/>
        </extensions>
      </trkpt>
      <trkpt lat="24.49533074162900447845458984375" lon="118.146499581634998321533203125">
        <ele>0</ele>
        <time>2016-09-28T14:19:49.000Z</time>
        <extensions>
          <ns3:TrackPointExtension/>
        </extensions>
      </trkpt>
      <trkpt lat="24.4953383691608905792236328125" lon="118.14647669903934001922607421875">
        <ele>0</ele>
        <time>2016-09-28T14:19:54.000Z</time>
        <extensions>
          <ns3:TrackPointExtension/>
        </extensions>
      </trkpt>
      <trkpt lat="24.49534599669277667999267578125" lon="118.14646144397556781768798828125">
        <ele>0</ele>
        <time>2016-09-28T14:19:59.000Z</time>
        <extensions>
          <ns3:TrackPointExtension/>
        </extensions>
      </trkpt>
    </trkseg>
  </trk>
</gpx>
