<gpx xmlns:ns3="http://www.garmin.com/xmlschemas/TrackPointExtension/v1" xmlns="http://www.topografix.com/GPX/1/1" xmlns:xsi="http://www.w3.org/2001/XMLSchema-instance" xmlns:ns2="http://www.garmin.com/xmlschemas/GpxExtensions/v3" creator="Garmin Connect" version="1.1" xsi:schemaLocation="http://www.topografix.com/GPX/1/1 http://www.topografix.com/GPX/11.xsd">
  <extensions>
<distance>2126.25</distance>
<average_hr>105.0</average_hr>
<average_speed>0.8090000152587891</average_speed>
<start_time>2026-06-15T08:47:44+00:00</start_time>
<end_time>2026-06-15T09:31:33.723000+00:00</end_time>
<moving_time>1982.0</moving_time>
<elapsed_time>2921.325</elapsed_time>
</extensions>
<metadata>
    <link href="connect.garmin.com">
      <text>Garmin Connect</text>
    </link>
    <time>2026-06-15T08:47:44.000Z</time>
  </metadata>
  <trk>
    <name>厦门市 徒步</name>
    <type>hiking</type>
    <trkseg>
      <trkpt lat="24.47436089627444744110107421875" lon="118.15140299499034881591796875">
        <ele>45</ele>
        <time>2026-06-15T08:47:44.000Z</time>
        <extensions>
          <ns3:TrackPointExtension>
            <ns3:hr>68</ns3:hr>
            <ns3:cad>0</ns3:cad>
          </ns3:TrackPointExtension>
        </extensions>
      </trkpt>
      <trkpt lat="24.4743430428206920623779296875" lon="118.15135379321873188018798828125">
        <ele>45</ele>
        <time>2026-06-15T08:47:45.000Z</time>
        <extensions>
          <ns3:TrackPointExtension>
            <ns3:hr>68</ns3:hr>
            <ns3:cad>0</ns3:cad>
          </ns3:TrackPointExtension>
        </extensions>
      </trkpt>
      <trkpt lat="24.47434882633388042449951171875" lon="118.15133132971823215484619140625">
        <ele>45</ele>
        <time>2026-06-15T08:47:46.000Z</time>
        <extensions>
          <ns3:TrackPointExtension>
            <ns3:hr>68</ns3:hr>
            <ns3:cad>0</ns3:cad>
          </ns3:TrackPointExtension>
        </extensions>
      </trkpt>
      <trkpt lat="24.4743514247238636016845703125" lon="118.15132093615829944610595703125">
        <ele>45</ele>
        <time>2026-06-15T08:47:47.000Z</time>
        <extensions>
          <ns3:TrackPointExtension>
            <ns3:hr>70</ns3:hr>
            <ns3:cad>0</ns3:cad>
          </ns3:TrackPointExtension>
        </extensions>
      </trkpt>
      <trkpt lat="24.47435796260833740234375" lon="118.15131716430187225341796875">
        <ele>44.799999237060546875</ele>
        <time>2026-06-15T08:47:48.000Z</time>
        <extensions>
          <ns3:TrackPointExtension>
            <ns3:hr>71</ns3:hr>
            <ns3:cad>0</ns3:cad>
          </ns3:TrackPointExtension>
        </extensions>
      </trkpt>
      <trkpt lat="24.47435972280800342559814453125" lon="118.151308782398700714111328125">
        <ele>44.799999237060546875</ele>
        <time>2026-06-15T08:47:49.000Z</time>
        <extensions>
          <ns3:TrackPointExtension>
            <ns3:hr>71</ns3:hr>
            <ns3:cad>0</ns3:cad>
          </ns3:TrackPointExtension>
        </extensions>
      </trkpt>
      <trkpt lat="24.4743614830076694488525390625" lon="118.151300065219402313232421875">
        <ele>44.59999847412109375</ele>
        <time>2026-06-15T08:47:50.000Z</time>
        <extensions>
          <ns3:TrackPointExtension>
            <ns3:hr>70</ns3:hr>
            <ns3:cad>0</ns3:cad>
          </ns3:TrackPointExtension>
        </extensions>
      </trkpt>
      <trkpt lat="24.47436131536960601806640625" lon="118.15129092894494533538818359375">
        <ele>44.59999847412109375</ele>
        <time>2026-06-15T08:47:51.000Z</time>
        <extensions>
          <ns3:TrackPointExtension>
            <ns3:hr>69</ns3:hr>
            <ns3:cad>0</ns3:cad>
          </ns3:TrackPointExtension>
        </extensions>
      </trkpt>
      <trkpt lat="24.4743611477315425872802734375" lon="118.151283971965312957763671875">
        <ele>44.59999847412109375</ele>
        <time>2026-06-15T08:47:52.000Z</time>
        <extensions>
          <ns3:TrackPointExtension>
            <ns3:hr>68</ns3:hr>
            <ns3:cad>54</ns3:cad>
          </ns3:TrackPointExtension>
        </extensions>
      </trkpt>
      <trkpt lat="24.47436290793120861053466796875" lon="118.15127416513860225677490234375">
        <ele>44.59999847412109375</ele>
        <time>2026-06-15T08:47:53.000Z</time>
        <extensions>
          <ns3:TrackPointExtension>
            <ns3:hr>68</ns3:hr>
            <ns3:cad>54</ns3:cad>
          </ns3:TrackPointExtension>
        </extensions>
      </trkpt>
      <trkpt lat="24.47436265647411346435546875" lon="118.15126796253025531768798828125">
        <ele>44.59999847412109375</ele>
        <time>2026-06-15T08:47:54.000Z</time>
        <extensions>
          <ns3:TrackPointExtension>
            <ns3:hr>68</ns3:hr>
            <ns3:cad>54</ns3:cad>
          </ns3:TrackPointExtension>
        </extensions>
      </trkpt>
      <trkpt lat="24.47436458431184291839599609375" lon="118.15125882625579833984375">
        <ele>44.59999847412109375</ele>
        <time>2026-06-15T08:47:55.000Z</time>
        <extensions>
          <ns3:TrackPointExtension>
            <ns3:hr>67</ns3:hr>
            <ns3:cad>0</ns3:cad>
          </ns3:TrackPointExtension>
        </extensions>
      </trkpt>
      <trkpt lat="24.4743651710450649261474609375" lon="118.1512482650578022003173828125">
        <ele>44.799999237060546875</ele>
        <time>2026-06-15T08:47:56.000Z</time>
        <extensions>
          <ns3:TrackPointExtension>
            <ns3:hr>67</ns3:hr>
            <ns3:cad>0</ns3:cad>
          </ns3:TrackPointExtension>
        </extensions>
      </trkpt>
      <trkpt lat="24.47436475194990634918212890625" lon="118.15123812295496463775634765625">
        <ele>44.799999237060546875</ele>
        <time>2026-06-15T08:47:57.000Z</time>
        <extensions>
          <ns3:TrackPointExtension>
            <ns3:hr>67</ns3:hr>
            <ns3:cad>0</ns3:cad>
          </ns3:TrackPointExtension>
        </extensions>
      </trkpt>
      <trkpt lat="24.47436341084539890289306640625" lon="118.151224963366985321044921875">
        <ele>44.799999237060546875</ele>
        <time>2026-06-15T08:47:58.000Z</time>
        <extensions>
          <ns3:TrackPointExtension>
            <ns3:hr>67</ns3:hr>
            <ns3:cad>0</ns3:cad>
          </ns3:TrackPointExtension>
        </extensions>
      </trkpt>
      <trkpt lat="24.47436123155057430267333984375" lon="118.151214905083179473876953125">
        <ele>44.799999237060546875</ele>
        <time>2026-06-15T08:47:59.000Z</time>
        <extensions>
          <ns3:TrackPointExtension>
            <ns3:hr>66</ns3:hr>
            <ns3:cad>0</ns3:cad>
          </ns3:TrackPointExtension>
        </extensions>
      </trkpt>
      <trkpt lat="24.474358297884464263916015625" lon="118.15120987594127655029296875">
        <ele>44.799999237060546875</ele>
        <time>2026-06-15T08:48:00.000Z</time>
        <extensions>
          <ns3:TrackPointExtension>
            <ns3:hr>67</ns3:hr>
            <ns3:cad>52</ns3:cad>
          </ns3:TrackPointExtension>
        </extensions>
      </trkpt>
      <trkpt lat="24.47435603477060794830322265625" lon="118.15120224840939044952392578125">
        <ele>44.799999237060546875</ele>
        <time>2026-06-15T08:48:01.000Z</time>
        <extensions>
          <ns3:TrackPointExtension>
            <ns3:hr>66</ns3:hr>
            <ns3:cad>52</ns3:cad>
          </ns3:TrackPointExtension>
        </extensions>
      </trkpt>
      <trkpt lat="24.4743551127612590789794921875" lon="118.151200823485851287841796875">
        <ele>44.59999847412109375</ele>
        <time>2026-06-15T08:48:02.000Z</time>
        <extensions>
          <ns3:TrackPointExtension>
            <ns3:hr>66</ns3:hr>
            <ns3:cad>52</ns3:cad>
          </ns3:TrackPointExtension>
        </extensions>
      </trkpt>
      <trkpt lat="24.47435284964740276336669921875" lon="118.15119302831590175628662109375">
        <ele>44.59999847412109375</ele>
        <time>2026-06-15T08:48:03.000Z</time>
        <extensions>
          <ns3:TrackPointExtension>
            <ns3:hr>65</ns3:hr>
            <ns3:cad>52</ns3:cad>
          </ns3:TrackPointExtension>
        </extensions>
      </trkpt>
      <trkpt lat="24.474350251257419586181640625" lon="118.15118330530822277069091796875">
        <ele>44.59999847412109375</ele>
        <time>2026-06-15T08:48:04.000Z</time>
        <extensions>
          <ns3:TrackPointExtension>
            <ns3:hr>65</ns3:hr>
            <ns3:cad>52</ns3:cad>
          </ns3:TrackPointExtension>
        </extensions>
      </trkpt>
      <trkpt lat="24.47434916161000728607177734375" lon="118.1511751748621463775634765625">
        <ele>44.59999847412109375</ele>
        <time>2026-06-15T08:48:05.000Z</time>
        <extensions>
          <ns3:TrackPointExtension>
            <ns3:hr>65</ns3:hr>
            <ns3:cad>52</ns3:cad>
          </ns3:TrackPointExtension>
        </extensions>
      </trkpt>
      <trkpt lat="24.47435201145708560943603515625" lon="118.15117056481540203094482421875">
        <ele>44.799999237060546875</ele>
        <time>2026-06-15T08:48:06.000Z</time>
        <extensions>
          <ns3:TrackPointExtension>
            <ns3:hr>65</ns3:hr>
            <ns3:cad>0</ns3:cad>
          </ns3:TrackPointExtension>
        </extensions>
      </trkpt>
      <trkpt lat="24.4743510894477367401123046875" lon="118.15116000361740589141845703125">
        <ele>44.799999237060546875</ele>
        <time>2026-06-15T08:48:07.000Z</time>
        <extensions>
          <ns3:TrackPointExtension>
            <ns3:hr>65</ns3:hr>
            <ns3:cad>0</ns3:cad>
          </ns3:TrackPointExtension>
        </extensions>
      </trkpt>
      <trkpt lat="24.4743500836193561553955078125" lon="118.1511463411152362823486328125">
        <ele>44.799999237060546875</ele>
        <time>2026-06-15T08:48:08.000Z</time>
        <extensions>
          <ns3:TrackPointExtension>
            <ns3:hr>65</ns3:hr>
            <ns3:cad>0</ns3:cad>
          </ns3:TrackPointExtension>
        </extensions>
      </trkpt>
      <trkpt lat="24.4743525981903076171875" lon="118.15113804303109645843505859375">
        <ele>44.799999237060546875</ele>
        <time>2026-06-15T08:48:09.000Z</time>
        <extensions>
          <ns3:TrackPointExtension>
            <ns3:hr>65</ns3:hr>
            <ns3:cad>50</ns3:cad>
          </ns3:TrackPointExtension>
        </extensions>
      </trkpt>
      <trkpt lat="24.4743510894477367401123046875" lon="118.15112412907183170318603515625">
        <ele>44.799999237060546875</ele>
        <time>2026-06-15T08:48:10.000Z</time>
        <extensions>
          <ns3:TrackPointExtension>
            <ns3:hr>65</ns3:hr>
            <ns3:cad>50</ns3:cad>
          </ns3:TrackPointExtension>
        </extensions>
      </trkpt>
      <trkpt lat="24.4743564538657665252685546875" lon="118.151111640036106109619140625">
        <ele>44.799999237060546875</ele>
        <time>2026-06-15T08:48:11.000Z</time>
        <extensions>
          <ns3:TrackPointExtension>
            <ns3:hr>66</ns3:hr>
            <ns3:cad>50</ns3:cad>
          </ns3:TrackPointExtension>
        </extensions>
      </trkpt>
      <trkpt lat="24.4743594713509082794189453125" lon="118.15109982155263423919677734375">
        <ele>44.799999237060546875</ele>
        <time>2026-06-15T08:48:12.000Z</time>
        <extensions>
          <ns3:TrackPointExtension>
            <ns3:hr>66</ns3:hr>
            <ns3:cad>50</ns3:cad>
          </ns3:TrackPointExtension>
        </extensions>
      </trkpt>
      <trkpt lat="24.47436626069247722625732421875" lon="118.1510883383452892303466796875">
        <ele>44.799999237060546875</ele>
        <time>2026-06-15T08:48:13.000Z</time>
        <extensions>
          <ns3:TrackPointExtension>
            <ns3:hr>66</ns3:hr>
            <ns3:cad>50</ns3:cad>
          </ns3:TrackPointExtension>
        </extensions>
      </trkpt>
      <trkpt lat="24.47437212802469730377197265625" lon="118.15107283182442188262939453125">
        <ele>44.799999237060546875</ele>
        <time>2026-06-15T08:48:14.000Z</time>
        <extensions>
          <ns3:TrackPointExtension>
            <ns3:hr>66</ns3:hr>
            <ns3:cad>51</ns3:cad>
          </ns3:TrackPointExtension>
        </extensions>
      </trkpt>
      <trkpt lat="24.4743748940527439117431640625" lon="118.151059336960315704345703125">
        <ele>45</ele>
        <time>2026-06-15T08:48:15.000Z</time>
        <extensions>
          <ns3:TrackPointExtension>
            <ns3:hr>67</ns3:hr>
            <ns3:cad>51</ns3:cad>
          </ns3:TrackPointExtension>
        </extensions>
      </trkpt>
      <trkpt lat="24.47437598370015621185302734375" lon="118.1510501168668270111083984375">
        <ele>45</ele>
        <time>2026-06-15T08:48:16.000Z</time>
        <extensions>
          <ns3:TrackPointExtension>
            <ns3:hr>67</ns3:hr>
            <ns3:cad>50</ns3:cad>
          </ns3:TrackPointExtension>
        </extensions>
      </trkpt>
      <trkpt lat="24.474376738071441650390625" lon="118.15104282461106777191162109375">
        <ele>45</ele>
        <time>2026-06-15T08:48:17.000Z</time>
        <extensions>
          <ns3:TrackPointExtension>
            <ns3:hr>68</ns3:hr>
            <ns3:cad>50</ns3:cad>
          </ns3:TrackPointExtension>
        </extensions>
      </trkpt>
      <trkpt lat="24.47437598370015621185302734375" lon="118.1510330177843570709228515625">
        <ele>45</ele>
        <time>2026-06-15T08:48:18.000Z</time>
        <extensions>
          <ns3:TrackPointExtension>
            <ns3:hr>68</ns3:hr>
            <ns3:cad>55</ns3:cad>
          </ns3:TrackPointExtension>
        </extensions>
      </trkpt>
      <trkpt lat="24.4743779115378856658935546875" lon="118.15102153457701206207275390625">
        <ele>45</ele>
        <time>2026-06-15T08:48:19.000Z</time>
        <extensions>
          <ns3:TrackPointExtension>
            <ns3:hr>68</ns3:hr>
            <ns3:cad>55</ns3:cad>
          </ns3:TrackPointExtension>
        </extensions>
      </trkpt>
      <trkpt lat="24.47438050992786884307861328125" lon="118.15101348794996738433837890625">
        <ele>45</ele>
        <time>2026-06-15T08:48:20.000Z</time>
        <extensions>
          <ns3:TrackPointExtension>
            <ns3:hr>69</ns3:hr>
            <ns3:cad>55</ns3:cad>
          </ns3:TrackPointExtension>
        </extensions>
      </trkpt>
      <trkpt lat="24.474384449422359466552734375" lon="118.1510065309703350067138671875">
        <ele>45</ele>
        <time>2026-06-15T08:48:21.000Z</time>
        <extensions>
          <ns3:TrackPointExtension>
            <ns3:hr>69</ns3:hr>
            <ns3:cad>55</ns3:cad>
          </ns3:TrackPointExtension>
        </extensions>
      </trkpt>
      <trkpt lat="24.47438570670783519744873046875" lon="118.1509958021342754364013671875">
        <ele>45</ele>
        <time>2026-06-15T08:48:22.000Z</time>
        <extensions>
          <ns3:TrackPointExtension>
            <ns3:hr>68</ns3:hr>
            <ns3:cad>0</ns3:cad>
          </ns3:TrackPointExtension>
        </extensions>
      </trkpt>
      <trkpt lat="24.47438553906977176666259765625" lon="118.1509837321937084197998046875">
        <ele>45</ele>
        <time>2026-06-15T08:48:23.000Z</time>
        <extensions>
          <ns3:TrackPointExtension>
            <ns3:hr>68</ns3:hr>
            <ns3:cad>0</ns3:cad>
          </ns3:TrackPointExtension>
        </extensions>
      </trkpt>
      <trkpt lat="24.47438637726008892059326171875" lon="118.15097325481474399566650390625">
        <ele>45</ele>
        <time>2026-06-15T08:48:24.000Z</time>
        <extensions>
          <ns3:TrackPointExtension>
            <ns3:hr>68</ns3:hr>
            <ns3:cad>0</ns3:cad>
          </ns3:TrackPointExtension>
        </extensions>
      </trkpt>
      <trkpt lat="24.4743872992694377899169921875" lon="118.1509639509022235870361328125">
        <ele>45</ele>
        <time>2026-06-15T08:48:25.000Z</time>
        <extensions>
          <ns3:TrackPointExtension>
            <ns3:hr>69</ns3:hr>
            <ns3:cad>57</ns3:cad>
          </ns3:TrackPointExtension>
        </extensions>
      </trkpt>
      <trkpt lat="24.47438889183104038238525390625" lon="118.1509530544281005859375">
        <ele>45</ele>
        <time>2026-06-15T08:48:26.000Z</time>
        <extensions>
          <ns3:TrackPointExtension>
            <ns3:hr>69</ns3:hr>
            <ns3:cad>57</ns3:cad>
          </ns3:TrackPointExtension>
        </extensions>
      </trkpt>
      <trkpt lat="24.4743896462023258209228515625" lon="118.150943331420421600341796875">
        <ele>45.200000762939453125</ele>
        <time>2026-06-15T08:48:27.000Z</time>
        <extensions>
          <ns3:TrackPointExtension>
            <ns3:hr>69</ns3:hr>
            <ns3:cad>56</ns3:cad>
          </ns3:TrackPointExtension>
        </extensions>
      </trkpt>
      <trkpt lat="24.47439107112586498260498046875" lon="118.150933273136615753173828125">
        <ele>45.200000762939453125</ele>
        <time>2026-06-15T08:48:28.000Z</time>
        <extensions>
          <ns3:TrackPointExtension>
            <ns3:hr>69</ns3:hr>
            <ns3:cad>56</ns3:cad>
          </ns3:TrackPointExtension>
        </extensions>
      </trkpt>
      <trkpt lat="24.47439207695424556732177734375" lon="118.1509223766624927520751953125">
        <ele>45.200000762939453125</ele>
        <time>2026-06-15T08:48:29.000Z</time>
        <extensions>
          <ns3:TrackPointExtension>
            <ns3:hr>69</ns3:hr>
            <ns3:cad>56</ns3:cad>
          </ns3:TrackPointExtension>
        </extensions>
      </trkpt>
      <trkpt lat="24.47439408861100673675537109375" lon="118.150905780494213104248046875">
        <ele>45.200000762939453125</ele>
        <time>2026-06-15T08:48:30.000Z</time>
        <extensions>
          <ns3:TrackPointExtension>
            <ns3:hr>69</ns3:hr>
            <ns3:cad>56</ns3:cad>
          </ns3:TrackPointExtension>
        </extensions>
      </trkpt>
      <trkpt lat="24.4743941724300384521484375" lon="118.15089203417301177978515625">
        <ele>45.200000762939453125</ele>
        <time>2026-06-15T08:48:31.000Z</time>
        <extensions>
          <ns3:TrackPointExtension>
            <ns3:hr>70</ns3:hr>
            <ns3:cad>56</ns3:cad>
          </ns3:TrackPointExtension>
        </extensions>
      </trkpt>
      <trkpt lat="24.4743916578590869903564453125" lon="118.15088038332760334014892578125">
        <ele>45.200000762939453125</ele>
        <time>2026-06-15T08:48:32.000Z</time>
        <extensions>
          <ns3:TrackPointExtension>
            <ns3:hr>70</ns3:hr>
            <ns3:cad>0</ns3:cad>
          </ns3:TrackPointExtension>
        </extensions>
      </trkpt>
      <trkpt lat="24.474391154944896697998046875" lon="118.15086663700640201568603515625">
        <ele>45.200000762939453125</ele>
        <time>2026-06-15T08:48:33.000Z</time>
        <extensions>
          <ns3:TrackPointExtension>
            <ns3:hr>70</ns3:hr>
            <ns3:cad>0</ns3:cad>
          </ns3:TrackPointExtension>
        </extensions>
      </trkpt>
      <trkpt lat="24.47439257986843585968017578125" lon="118.150848448276519775390625">
        <ele>45.200000762939453125</ele>
        <time>2026-06-15T08:48:34.000Z</time>
        <extensions>
          <ns3:TrackPointExtension>
            <ns3:hr>70</ns3:hr>
            <ns3:cad>0</ns3:cad>
          </ns3:TrackPointExtension>
        </extensions>
      </trkpt>
      <trkpt lat="24.47439157404005527496337890625" lon="118.15084216184914112091064453125">
        <ele>45.40000152587890625</ele>
        <time>2026-06-15T08:48:35.000Z</time>
        <extensions>
          <ns3:TrackPointExtension>
            <ns3:hr>70</ns3:hr>
            <ns3:cad>0</ns3:cad>
          </ns3:TrackPointExtension>
        </extensions>
      </trkpt>
      <trkpt lat="24.47439081966876983642578125" lon="118.1508328579366207122802734375">
        <ele>45.40000152587890625</ele>
        <time>2026-06-15T08:48:36.000Z</time>
        <extensions>
          <ns3:TrackPointExtension>
            <ns3:hr>71</ns3:hr>
            <ns3:cad>0</ns3:cad>
          </ns3:TrackPointExtension>
        </extensions>
      </trkpt>
      <trkpt lat="24.47439006529748439788818359375" lon="118.150823302567005157470703125">
        <ele>45.40000152587890625</ele>
        <time>2026-06-15T08:48:37.000Z</time>
        <extensions>
          <ns3:TrackPointExtension>
            <ns3:hr>70</ns3:hr>
            <ns3:cad>0</ns3:cad>
          </ns3:TrackPointExtension>
        </extensions>
      </trkpt>
      <trkpt lat="24.4743943400681018829345703125" lon="118.15081265754997730255126953125">
        <ele>45.40000152587890625</ele>
        <time>2026-06-15T08:48:38.000Z</time>
        <extensions>
          <ns3:TrackPointExtension>
            <ns3:hr>70</ns3:hr>
            <ns3:cad>58</ns3:cad>
          </ns3:TrackPointExtension>
        </extensions>
      </trkpt>
      <trkpt lat="24.4743995368480682373046875" lon="118.1508006714284420013427734375">
        <ele>45.40000152587890625</ele>
        <time>2026-06-15T08:48:39.000Z</time>
        <extensions>
          <ns3:TrackPointExtension>
            <ns3:hr>70</ns3:hr>
            <ns3:cad>58</ns3:cad>
          </ns3:TrackPointExtension>
        </extensions>
      </trkpt>
      <trkpt lat="24.47440330870449542999267578125" lon="118.15079388208687305450439453125">
        <ele>45.40000152587890625</ele>
        <time>2026-06-15T08:48:40.000Z</time>
        <extensions>
          <ns3:TrackPointExtension>
            <ns3:hr>70</ns3:hr>
            <ns3:cad>58</ns3:cad>
          </ns3:TrackPointExtension>
        </extensions>
      </trkpt>
      <trkpt lat="24.474405907094478607177734375" lon="118.1507862545549869537353515625">
        <ele>45.40000152587890625</ele>
        <time>2026-06-15T08:48:41.000Z</time>
        <extensions>
          <ns3:TrackPointExtension>
            <ns3:hr>70</ns3:hr>
            <ns3:cad>58</ns3:cad>
          </ns3:TrackPointExtension>
        </extensions>
      </trkpt>
      <trkpt lat="24.47440850548446178436279296875" lon="118.15078047104179859161376953125">
        <ele>45.40000152587890625</ele>
        <time>2026-06-15T08:48:42.000Z</time>
        <extensions>
          <ns3:TrackPointExtension>
            <ns3:hr>71</ns3:hr>
            <ns3:cad>58</ns3:cad>
          </ns3:TrackPointExtension>
        </extensions>
      </trkpt>
      <trkpt lat="24.47441286407411098480224609375" lon="118.15078114159405231475830078125">
        <ele>45.40000152587890625</ele>
        <time>2026-06-15T08:48:43.000Z</time>
        <extensions>
          <ns3:TrackPointExtension>
            <ns3:hr>72</ns3:hr>
            <ns3:cad>58</ns3:cad>
          </ns3:TrackPointExtension>
        </extensions>
      </trkpt>
      <trkpt lat="24.47441169060766696929931640625" lon="118.15077058039605617523193359375">
        <ele>45.59999847412109375</ele>
        <time>2026-06-15T08:48:44.000Z</time>
        <extensions>
          <ns3:TrackPointExtension>
            <ns3:hr>73</ns3:hr>
            <ns3:cad>57</ns3:cad>
          </ns3:TrackPointExtension>
        </extensions>
      </trkpt>
      <trkpt lat="24.4744107685983180999755859375" lon="118.15075658261775970458984375">
        <ele>45.59999847412109375</ele>
        <time>2026-06-15T08:48:45.000Z</time>
        <extensions>
          <ns3:TrackPointExtension>
            <ns3:hr>74</ns3:hr>
            <ns3:cad>57</ns3:cad>
          </ns3:TrackPointExtension>
        </extensions>
      </trkpt>
      <trkpt lat="24.474407918751239776611328125" lon="118.15074342302978038787841796875">
        <ele>45.59999847412109375</ele>
        <time>2026-06-15T08:48:46.000Z</time>
        <extensions>
          <ns3:TrackPointExtension>
            <ns3:hr>75</ns3:hr>
            <ns3:cad>55</ns3:cad>
          </ns3:TrackPointExtension>
        </extensions>
      </trkpt>
      <trkpt lat="24.47440825402736663818359375" lon="118.15072297118604183197021484375">
        <ele>45.59999847412109375</ele>
        <time>2026-06-15T08:48:47.000Z</time>
        <extensions>
          <ns3:TrackPointExtension>
            <ns3:hr>76</ns3:hr>
            <ns3:cad>54</ns3:cad>
          </ns3:TrackPointExtension>
        </extensions>
      </trkpt>
      <trkpt lat="24.474407248198986053466796875" lon="118.150703273713588714599609375">
        <ele>45.59999847412109375</ele>
        <time>2026-06-15T08:48:48.000Z</time>
        <extensions>
          <ns3:TrackPointExtension>
            <ns3:hr>76</ns3:hr>
            <ns3:cad>54</ns3:cad>
          </ns3:TrackPointExtension>
        </extensions>
      </trkpt>
      <trkpt lat="24.47440599091351032257080078125" lon="118.15069078467786312103271484375">
        <ele>45.59999847412109375</ele>
        <time>2026-06-15T08:48:49.000Z</time>
        <extensions>
          <ns3:TrackPointExtension>
            <ns3:hr>77</ns3:hr>
            <ns3:cad>54</ns3:cad>
          </ns3:TrackPointExtension>
        </extensions>
      </trkpt>
      <trkpt lat="24.47440414689481258392333984375" lon="118.15067804418504238128662109375">
        <ele>45.59999847412109375</ele>
        <time>2026-06-15T08:48:50.000Z</time>
        <extensions>
          <ns3:TrackPointExtension>
            <ns3:hr>77</ns3:hr>
            <ns3:cad>55</ns3:cad>
          </ns3:TrackPointExtension>
        </extensions>
      </trkpt>
      <trkpt lat="24.47440414689481258392333984375" lon="118.1506682373583316802978515625">
        <ele>45.59999847412109375</ele>
        <time>2026-06-15T08:48:51.000Z</time>
        <extensions>
          <ns3:TrackPointExtension>
            <ns3:hr>77</ns3:hr>
            <ns3:cad>55</ns3:cad>
          </ns3:TrackPointExtension>
        </extensions>
      </trkpt>
      <trkpt lat="24.47440431453287601470947265625" lon="118.15066077746450901031494140625">
        <ele>45.59999847412109375</ele>
        <time>2026-06-15T08:48:52.000Z</time>
        <extensions>
          <ns3:TrackPointExtension>
            <ns3:hr>77</ns3:hr>
            <ns3:cad>55</ns3:cad>
          </ns3:TrackPointExtension>
        </extensions>
      </trkpt>
      <trkpt lat="24.47440582327544689178466796875" lon="118.15065491013228893280029296875">
        <ele>45.59999847412109375</ele>
        <time>2026-06-15T08:48:53.000Z</time>
        <extensions>
          <ns3:TrackPointExtension>
            <ns3:hr>77</ns3:hr>
            <ns3:cad>55</ns3:cad>
          </ns3:TrackPointExtension>
        </extensions>
      </trkpt>
      <trkpt lat="24.4744077511131763458251953125" lon="118.1506471149623394012451171875">
        <ele>45.59999847412109375</ele>
        <time>2026-06-15T08:48:54.000Z</time>
        <extensions>
          <ns3:TrackPointExtension>
            <ns3:hr>77</ns3:hr>
            <ns3:cad>55</ns3:cad>
          </ns3:TrackPointExtension>
        </extensions>
      </trkpt>
      <trkpt lat="24.47440917603671550750732421875" lon="118.15063630230724811553955078125">
        <ele>45.59999847412109375</ele>
        <time>2026-06-15T08:48:55.000Z</time>
        <extensions>
          <ns3:TrackPointExtension>
            <ns3:hr>77</ns3:hr>
            <ns3:cad>55</ns3:cad>
          </ns3:TrackPointExtension>
        </extensions>
      </trkpt>
      <trkpt lat="24.47441068477928638458251953125" lon="118.15062322653830051422119140625">
        <ele>45.59999847412109375</ele>
        <time>2026-06-15T08:48:56.000Z</time>
        <extensions>
          <ns3:TrackPointExtension>
            <ns3:hr>78</ns3:hr>
            <ns3:cad>55</ns3:cad>
          </ns3:TrackPointExtension>
        </extensions>
      </trkpt>
      <trkpt lat="24.47441470809280872344970703125" lon="118.150612078607082366943359375">
        <ele>45.59999847412109375</ele>
        <time>2026-06-15T08:48:57.000Z</time>
        <extensions>
          <ns3:TrackPointExtension>
            <ns3:hr>78</ns3:hr>
            <ns3:cad>55</ns3:cad>
          </ns3:TrackPointExtension>
        </extensions>
      </trkpt>
      <trkpt lat="24.4744181446731090545654296875" lon="118.15060076303780078887939453125">
        <ele>45.59999847412109375</ele>
        <time>2026-06-15T08:48:58.000Z</time>
        <extensions>
          <ns3:TrackPointExtension>
            <ns3:hr>78</ns3:hr>
            <ns3:cad>55</ns3:cad>
          </ns3:TrackPointExtension>
        </extensions>
      </trkpt>
      <trkpt lat="24.47441940195858478546142578125" lon="118.15059020183980464935302734375">
        <ele>45.59999847412109375</ele>
        <time>2026-06-15T08:48:59.000Z</time>
        <extensions>
          <ns3:TrackPointExtension>
            <ns3:hr>79</ns3:hr>
            <ns3:cad>55</ns3:cad>
          </ns3:TrackPointExtension>
        </extensions>
      </trkpt>
      <trkpt lat="24.47442057542502880096435546875" lon="118.1505793891847133636474609375">
        <ele>45.59999847412109375</ele>
        <time>2026-06-15T08:49:00.000Z</time>
        <extensions>
          <ns3:TrackPointExtension>
            <ns3:hr>79</ns3:hr>
            <ns3:cad>55</ns3:cad>
          </ns3:TrackPointExtension>
        </extensions>
      </trkpt>
      <trkpt lat="24.4744209945201873779296875" lon="118.15056522376835346221923828125">
        <ele>45.59999847412109375</ele>
        <time>2026-06-15T08:49:01.000Z</time>
        <extensions>
          <ns3:TrackPointExtension>
            <ns3:hr>79</ns3:hr>
            <ns3:cad>55</ns3:cad>
          </ns3:TrackPointExtension>
        </extensions>
      </trkpt>
      <trkpt lat="24.4744225032627582550048828125" lon="118.15054778940975666046142578125">
        <ele>45.59999847412109375</ele>
        <time>2026-06-15T08:49:02.000Z</time>
        <extensions>
          <ns3:TrackPointExtension>
            <ns3:hr>79</ns3:hr>
            <ns3:cad>57</ns3:cad>
          </ns3:TrackPointExtension>
        </extensions>
      </trkpt>
      <trkpt lat="24.47442560456693172454833984375" lon="118.150535635650157928466796875">
        <ele>45.59999847412109375</ele>
        <time>2026-06-15T08:49:03.000Z</time>
        <extensions>
          <ns3:TrackPointExtension>
            <ns3:hr>80</ns3:hr>
            <ns3:cad>57</ns3:cad>
          </ns3:TrackPointExtension>
        </extensions>
      </trkpt>
      <trkpt lat="24.4744261913001537322998046875" lon="118.15051652491092681884765625">
        <ele>45.59999847412109375</ele>
        <time>2026-06-15T08:49:04.000Z</time>
        <extensions>
          <ns3:TrackPointExtension>
            <ns3:hr>80</ns3:hr>
            <ns3:cad>57</ns3:cad>
          </ns3:TrackPointExtension>
        </extensions>
      </trkpt>
      <trkpt lat="24.47443683631718158721923828125" lon="118.15049146302044391632080078125">
        <ele>45.59999847412109375</ele>
        <time>2026-06-15T08:49:05.000Z</time>
        <extensions>
          <ns3:TrackPointExtension>
            <ns3:hr>81</ns3:hr>
            <ns3:cad>57</ns3:cad>
          </ns3:TrackPointExtension>
        </extensions>
      </trkpt>
      <trkpt lat="24.47443784214556217193603515625" lon="118.15048408694565296173095703125">
        <ele>45.799999237060546875</ele>
        <time>2026-06-15T08:49:06.000Z</time>
        <extensions>
          <ns3:TrackPointExtension>
            <ns3:hr>81</ns3:hr>
            <ns3:cad>55</ns3:cad>
          </ns3:TrackPointExtension>
        </extensions>
      </trkpt>
      <trkpt lat="24.4744402728974819183349609375" lon="118.1504715979099273681640625">
        <ele>45.799999237060546875</ele>
        <time>2026-06-15T08:49:07.000Z</time>
        <extensions>
          <ns3:TrackPointExtension>
            <ns3:hr>81</ns3:hr>
            <ns3:cad>55</ns3:cad>
          </ns3:TrackPointExtension>
        </extensions>
      </trkpt>
      <trkpt lat="24.47444102726876735687255859375" lon="118.1504595279693603515625">
        <ele>45.799999237060546875</ele>
        <time>2026-06-15T08:49:08.000Z</time>
        <extensions>
          <ns3:TrackPointExtension>
            <ns3:hr>81</ns3:hr>
            <ns3:cad>55</ns3:cad>
          </ns3:TrackPointExtension>
        </extensions>
      </trkpt>
      <trkpt lat="24.4744419492781162261962890625" lon="118.15045215189456939697265625">
        <ele>45.799999237060546875</ele>
        <time>2026-06-15T08:49:09.000Z</time>
        <extensions>
          <ns3:TrackPointExtension>
            <ns3:hr>81</ns3:hr>
            <ns3:cad>55</ns3:cad>
          </ns3:TrackPointExtension>
        </extensions>
      </trkpt>
      <trkpt lat="24.47444370947778224945068359375" lon="118.1504385732114315032958984375">
        <ele>45.799999237060546875</ele>
        <time>2026-06-15T08:49:10.000Z</time>
        <extensions>
          <ns3:TrackPointExtension>
            <ns3:hr>81</ns3:hr>
            <ns3:cad>55</ns3:cad>
          </ns3:TrackPointExtension>
        </extensions>
      </trkpt>
      <trkpt lat="24.474445469677448272705078125" lon="118.150421641767024993896484375">
        <ele>45.59999847412109375</ele>
        <time>2026-06-15T08:49:11.000Z</time>
        <extensions>
          <ns3:TrackPointExtension>
            <ns3:hr>81</ns3:hr>
            <ns3:cad>55</ns3:cad>
          </ns3:TrackPointExtension>
        </extensions>
      </trkpt>
      <trkpt lat="24.474447481334209442138671875" lon="118.1504070572555065155029296875">
        <ele>45.59999847412109375</ele>
        <time>2026-06-15T08:49:12.000Z</time>
        <extensions>
          <ns3:TrackPointExtension>
            <ns3:hr>81</ns3:hr>
            <ns3:cad>55</ns3:cad>
          </ns3:TrackPointExtension>
        </extensions>
      </trkpt>
      <trkpt lat="24.4744489900767803192138671875" lon="118.15039289183914661407470703125">
        <ele>45.59999847412109375</ele>
        <time>2026-06-15T08:49:13.000Z</time>
        <extensions>
          <ns3:TrackPointExtension>
            <ns3:hr>81</ns3:hr>
            <ns3:cad>55</ns3:cad>
          </ns3:TrackPointExtension>
        </extensions>
      </trkpt>
      <trkpt lat="24.4744496606290340423583984375" lon="118.150383420288562774658203125">
        <ele>45.59999847412109375</ele>
        <time>2026-06-15T08:49:14.000Z</time>
        <extensions>
          <ns3:TrackPointExtension>
            <ns3:hr>81</ns3:hr>
            <ns3:cad>55</ns3:cad>
          </ns3:TrackPointExtension>
        </extensions>
      </trkpt>
      <trkpt lat="24.474451504647731781005859375" lon="118.15036791376769542694091796875">
        <ele>45.59999847412109375</ele>
        <time>2026-06-15T08:49:15.000Z</time>
        <extensions>
          <ns3:TrackPointExtension>
            <ns3:hr>81</ns3:hr>
            <ns3:cad>56</ns3:cad>
          </ns3:TrackPointExtension>
        </extensions>
      </trkpt>
      <trkpt lat="24.47445108555257320404052734375" lon="118.150357939302921295166015625">
        <ele>45.59999847412109375</ele>
        <time>2026-06-15T08:49:16.000Z</time>
        <extensions>
          <ns3:TrackPointExtension>
            <ns3:hr>81</ns3:hr>
            <ns3:cad>56</ns3:cad>
          </ns3:TrackPointExtension>
        </extensions>
      </trkpt>
      <trkpt lat="24.4744520075619220733642578125" lon="118.15034762956202030181884765625">
        <ele>45.59999847412109375</ele>
        <time>2026-06-15T08:49:17.000Z</time>
        <extensions>
          <ns3:TrackPointExtension>
            <ns3:hr>81</ns3:hr>
            <ns3:cad>56</ns3:cad>
          </ns3:TrackPointExtension>
        </extensions>
      </trkpt>
      <trkpt lat="24.47445326484739780426025390625" lon="118.15033438615500926971435546875">
        <ele>45.59999847412109375</ele>
        <time>2026-06-15T08:49:18.000Z</time>
        <extensions>
          <ns3:TrackPointExtension>
            <ns3:hr>81</ns3:hr>
            <ns3:cad>56</ns3:cad>
          </ns3:TrackPointExtension>
        </extensions>
      </trkpt>
      <trkpt lat="24.474451839923858642578125" lon="118.150321058928966522216796875">
        <ele>45.59999847412109375</ele>
        <time>2026-06-15T08:49:19.000Z</time>
        <extensions>
          <ns3:TrackPointExtension>
            <ns3:hr>79</ns3:hr>
            <ns3:cad>56</ns3:cad>
          </ns3:TrackPointExtension>
        </extensions>
      </trkpt>
      <trkpt lat="24.47445276193320751190185546875" lon="118.15031074918806552886962890625">
        <ele>45.59999847412109375</ele>
        <time>2026-06-15T08:49:20.000Z</time>
        <extensions>
          <ns3:TrackPointExtension>
            <ns3:hr>78</ns3:hr>
            <ns3:cad>56</ns3:cad>
          </ns3:TrackPointExtension>
        </extensions>
      </trkpt>
      <trkpt lat="24.47445292957127094268798828125" lon="118.1503001041710376739501953125">
        <ele>45.59999847412109375</ele>
        <time>2026-06-15T08:49:21.000Z</time>
        <extensions>
          <ns3:TrackPointExtension>
            <ns3:hr>77</ns3:hr>
            <ns3:cad>56</ns3:cad>
          </ns3:TrackPointExtension>
        </extensions>
      </trkpt>
      <trkpt lat="24.47445225901901721954345703125" lon="118.1502850167453289031982421875">
        <ele>45.59999847412109375</ele>
        <time>2026-06-15T08:49:22.000Z</time>
        <extensions>
          <ns3:TrackPointExtension>
            <ns3:hr>77</ns3:hr>
            <ns3:cad>56</ns3:cad>
          </ns3:TrackPointExtension>
        </extensions>
      </trkpt>
      <trkpt lat="24.4744533486664295196533203125" lon="118.1502739526331424713134765625">
        <ele>45.799999237060546875</ele>
        <time>2026-06-15T08:49:23.000Z</time>
        <extensions>
          <ns3:TrackPointExtension>
            <ns3:hr>76</ns3:hr>
            <ns3:cad>56</ns3:cad>
          </ns3:TrackPointExtension>
        </extensions>
      </trkpt>
      <trkpt lat="24.4744536839425563812255859375" lon="118.150260709226131439208984375">
        <ele>46</ele>
        <time>2026-06-15T08:49:24.000Z</time>
        <extensions>
          <ns3:TrackPointExtension>
            <ns3:hr>75</ns3:hr>
            <ns3:cad>56</ns3:cad>
          </ns3:TrackPointExtension>
        </extensions>
      </trkpt>
      <trkpt lat="24.474455527961254119873046875" lon="118.15025023184716701507568359375">
        <ele>46</ele>
        <time>2026-06-15T08:49:25.000Z</time>
        <extensions>
          <ns3:TrackPointExtension>
            <ns3:hr>75</ns3:hr>
            <ns3:cad>54</ns3:cad>
          </ns3:TrackPointExtension>
        </extensions>
      </trkpt>
      <trkpt lat="24.4744585454463958740234375" lon="118.1502400897443294525146484375">
        <ele>46.200000762939453125</ele>
        <time>2026-06-15T08:49:26.000Z</time>
        <extensions>
          <ns3:TrackPointExtension>
            <ns3:hr>75</ns3:hr>
            <ns3:cad>53</ns3:cad>
          </ns3:TrackPointExtension>
        </extensions>
      </trkpt>
      <trkpt lat="24.47445921599864959716796875" lon="118.1502317078411579132080078125">
        <ele>46.40000152587890625</ele>
        <time>2026-06-15T08:49:27.000Z</time>
        <extensions>
          <ns3:TrackPointExtension>
            <ns3:hr>74</ns3:hr>
            <ns3:cad>53</ns3:cad>
          </ns3:TrackPointExtension>
        </extensions>
      </trkpt>
      <trkpt lat="24.4744610600173473358154296875" lon="118.15021653659641742706298828125">
        <ele>46.40000152587890625</ele>
        <time>2026-06-15T08:49:28.000Z</time>
        <extensions>
          <ns3:TrackPointExtension>
            <ns3:hr>74</ns3:hr>
            <ns3:cad>53</ns3:cad>
          </ns3:TrackPointExtension>
        </extensions>
      </trkpt>
      <trkpt lat="24.4744603894650936126708984375" lon="118.150204718112945556640625">
        <ele>46.59999847412109375</ele>
        <time>2026-06-15T08:49:29.000Z</time>
        <extensions>
          <ns3:TrackPointExtension>
            <ns3:hr>74</ns3:hr>
            <ns3:cad>53</ns3:cad>
          </ns3:TrackPointExtension>
        </extensions>
      </trkpt>
      <trkpt lat="24.4744612276554107666015625" lon="118.1501953303813934326171875">
        <ele>46.59999847412109375</ele>
        <time>2026-06-15T08:49:30.000Z</time>
        <extensions>
          <ns3:TrackPointExtension>
            <ns3:hr>74</ns3:hr>
            <ns3:cad>54</ns3:cad>
          </ns3:TrackPointExtension>
        </extensions>
      </trkpt>
      <trkpt lat="24.474462233483791351318359375" lon="118.15018787048757076263427734375">
        <ele>46.799999237060546875</ele>
        <time>2026-06-15T08:49:31.000Z</time>
        <extensions>
          <ns3:TrackPointExtension>
            <ns3:hr>75</ns3:hr>
            <ns3:cad>54</ns3:cad>
          </ns3:TrackPointExtension>
        </extensions>
      </trkpt>
      <trkpt lat="24.4744617305696010589599609375" lon="118.150180242955684661865234375">
        <ele>47.200000762939453125</ele>
        <time>2026-06-15T08:49:32.000Z</time>
        <extensions>
          <ns3:TrackPointExtension>
            <ns3:hr>74</ns3:hr>
            <ns3:cad>54</ns3:cad>
          </ns3:TrackPointExtension>
        </extensions>
      </trkpt>
      <trkpt lat="24.47446231730282306671142578125" lon="118.1501690112054347991943359375">
        <ele>47.40000152587890625</ele>
        <time>2026-06-15T08:49:33.000Z</time>
        <extensions>
          <ns3:TrackPointExtension>
            <ns3:hr>75</ns3:hr>
            <ns3:cad>54</ns3:cad>
          </ns3:TrackPointExtension>
        </extensions>
      </trkpt>
      <trkpt lat="24.47446282021701335906982421875" lon="118.15016071312129497528076171875">
        <ele>47.799999237060546875</ele>
        <time>2026-06-15T08:49:34.000Z</time>
        <extensions>
          <ns3:TrackPointExtension>
            <ns3:hr>75</ns3:hr>
            <ns3:cad>54</ns3:cad>
          </ns3:TrackPointExtension>
        </extensions>
      </trkpt>
      <trkpt lat="24.47446064092218875885009765625" lon="118.1501562707126140594482421875">
        <ele>48</ele>
        <time>2026-06-15T08:49:35.000Z</time>
        <extensions>
          <ns3:TrackPointExtension>
            <ns3:hr>76</ns3:hr>
            <ns3:cad>55</ns3:cad>
          </ns3:TrackPointExtension>
        </extensions>
      </trkpt>
      <trkpt lat="24.47445963509380817413330078125" lon="118.15014998428523540496826171875">
        <ele>48.40000152587890625</ele>
        <time>2026-06-15T08:49:36.000Z</time>
        <extensions>
          <ns3:TrackPointExtension>
            <ns3:hr>77</ns3:hr>
            <ns3:cad>55</ns3:cad>
          </ns3:TrackPointExtension>
        </extensions>
      </trkpt>
      <trkpt lat="24.4744590483605861663818359375" lon="118.1501425243914127349853515625">
        <ele>48.59999847412109375</ele>
        <time>2026-06-15T08:49:37.000Z</time>
        <extensions>
          <ns3:TrackPointExtension>
            <ns3:hr>80</ns3:hr>
            <ns3:cad>55</ns3:cad>
          </ns3:TrackPointExtension>
        </extensions>
      </trkpt>
      <trkpt lat="24.47445896454155445098876953125" lon="118.15013565123081207275390625">
        <ele>49</ele>
        <time>2026-06-15T08:49:38.000Z</time>
        <extensions>
          <ns3:TrackPointExtension>
            <ns3:hr>85</ns3:hr>
            <ns3:cad>55</ns3:cad>
          </ns3:TrackPointExtension>
        </extensions>
      </trkpt>
      <trkpt lat="24.4744563661515712738037109375" lon="118.1501307897269725799560546875">
        <ele>49.200000762939453125</ele>
        <time>2026-06-15T08:49:39.000Z</time>
        <extensions>
          <ns3:TrackPointExtension>
            <ns3:hr>88</ns3:hr>
            <ns3:cad>54</ns3:cad>
          </ns3:TrackPointExtension>
        </extensions>
      </trkpt>
      <trkpt lat="24.474453516304492950439453125" lon="118.15012617968022823333740234375">
        <ele>49.59999847412109375</ele>
        <time>2026-06-15T08:49:40.000Z</time>
        <extensions>
          <ns3:TrackPointExtension>
            <ns3:hr>90</ns3:hr>
            <ns3:cad>54</ns3:cad>
          </ns3:TrackPointExtension>
        </extensions>
      </trkpt>
      <trkpt lat="24.4744493253529071807861328125" lon="118.15012894570827484130859375">
        <ele>49.799999237060546875</ele>
        <time>2026-06-15T08:49:41.000Z</time>
        <extensions>
          <ns3:TrackPointExtension>
            <ns3:hr>91</ns3:hr>
            <ns3:cad>54</ns3:cad>
          </ns3:TrackPointExtension>
        </extensions>
      </trkpt>
      <trkpt lat="24.47444312274456024169921875" lon="118.15012349747121334075927734375">
        <ele>50.200000762939453125</ele>
        <time>2026-06-15T08:49:42.000Z</time>
        <extensions>
          <ns3:TrackPointExtension>
            <ns3:hr>91</ns3:hr>
            <ns3:cad>54</ns3:cad>
          </ns3:TrackPointExtension>
        </extensions>
      </trkpt>
      <trkpt lat="24.4744332320988178253173828125" lon="118.150116540491580963134765625">
        <ele>50.40000152587890625</ele>
        <time>2026-06-15T08:49:43.000Z</time>
        <extensions>
          <ns3:TrackPointExtension>
            <ns3:hr>92</ns3:hr>
            <ns3:cad>0</ns3:cad>
          </ns3:TrackPointExtension>
        </extensions>
      </trkpt>
      <trkpt lat="24.47442275471985340118408203125" lon="118.15011075697839260101318359375">
        <ele>50.59999847412109375</ele>
        <time>2026-06-15T08:49:44.000Z</time>
        <extensions>
          <ns3:TrackPointExtension>
            <ns3:hr>93</ns3:hr>
            <ns3:cad>0</ns3:cad>
          </ns3:TrackPointExtension>
        </extensions>
      </trkpt>
      <trkpt lat="24.47441152296960353851318359375" lon="118.150109164416790008544921875">
        <ele>50.799999237060546875</ele>
        <time>2026-06-15T08:49:45.000Z</time>
        <extensions>
          <ns3:TrackPointExtension>
            <ns3:hr>94</ns3:hr>
            <ns3:cad>0</ns3:cad>
          </ns3:TrackPointExtension>
        </extensions>
      </trkpt>
      <trkpt lat="24.47440045885741710662841796875" lon="118.1501056440174579620361328125">
        <ele>51</ele>
        <time>2026-06-15T08:49:46.000Z</time>
        <extensions>
          <ns3:TrackPointExtension>
            <ns3:hr>95</ns3:hr>
            <ns3:cad>0</ns3:cad>
          </ns3:TrackPointExtension>
        </extensions>
      </trkpt>
      <trkpt lat="24.47439073584973812103271484375" lon="118.15010572783648967742919921875">
        <ele>51.200000762939453125</ele>
        <time>2026-06-15T08:49:47.000Z</time>
        <extensions>
          <ns3:TrackPointExtension>
            <ns3:hr>97</ns3:hr>
            <ns3:cad>0</ns3:cad>
          </ns3:TrackPointExtension>
        </extensions>
      </trkpt>
      <trkpt lat="24.47438101284205913543701171875" lon="118.15009986050426959991455078125">
        <ele>51.200000762939453125</ele>
        <time>2026-06-15T08:49:48.000Z</time>
        <extensions>
          <ns3:TrackPointExtension>
            <ns3:hr>98</ns3:hr>
            <ns3:cad>0</ns3:cad>
          </ns3:TrackPointExtension>
        </extensions>
      </trkpt>
      <trkpt lat="24.4743728823959827423095703125" lon="118.150098435580730438232421875">
        <ele>51.200000762939453125</ele>
        <time>2026-06-15T08:49:49.000Z</time>
        <extensions>
          <ns3:TrackPointExtension>
            <ns3:hr>102</ns3:hr>
            <ns3:cad>0</ns3:cad>
          </ns3:TrackPointExtension>
        </extensions>
      </trkpt>
      <trkpt lat="24.47436408139765262603759765625" lon="118.15009701065719127655029296875">
        <ele>51.40000152587890625</ele>
        <time>2026-06-15T08:49:50.000Z</time>
        <extensions>
          <ns3:TrackPointExtension>
            <ns3:hr>105</ns3:hr>
            <ns3:cad>50</ns3:cad>
          </ns3:TrackPointExtension>
        </extensions>
      </trkpt>
      <trkpt lat="24.47435595095157623291015625" lon="118.150093741714954376220703125">
        <ele>51.40000152587890625</ele>
        <time>2026-06-15T08:49:51.000Z</time>
        <extensions>
          <ns3:TrackPointExtension>
            <ns3:hr>105</ns3:hr>
            <ns3:cad>50</ns3:cad>
          </ns3:TrackPointExtension>
        </extensions>
      </trkpt>
      <trkpt lat="24.4743477366864681243896484375" lon="118.150089047849178314208984375">
        <ele>51.59999847412109375</ele>
        <time>2026-06-15T08:49:52.000Z</time>
        <extensions>
          <ns3:TrackPointExtension>
            <ns3:hr>106</ns3:hr>
            <ns3:cad>50</ns3:cad>
          </ns3:TrackPointExtension>
        </extensions>
      </trkpt>
      <trkpt lat="24.47434362955391407012939453125" lon="118.15008737146854400634765625">
        <ele>51.799999237060546875</ele>
        <time>2026-06-15T08:49:53.000Z</time>
        <extensions>
          <ns3:TrackPointExtension>
            <ns3:hr>106</ns3:hr>
            <ns3:cad>0</ns3:cad>
          </ns3:TrackPointExtension>
        </extensions>
      </trkpt>
      <trkpt lat="24.474341869354248046875" lon="118.1500885449349880218505859375">
        <ele>52</ele>
        <time>2026-06-15T08:49:54.000Z</time>
        <extensions>
          <ns3:TrackPointExtension>
            <ns3:hr>106</ns3:hr>
            <ns3:cad>0</ns3:cad>
          </ns3:TrackPointExtension>
        </extensions>
      </trkpt>
      <trkpt lat="24.47433742694556713104248046875" lon="118.15008846111595630645751953125">
        <ele>52.200000762939453125</ele>
        <time>2026-06-15T08:49:55.000Z</time>
        <extensions>
          <ns3:TrackPointExtension>
            <ns3:hr>106</ns3:hr>
            <ns3:cad>0</ns3:cad>
          </ns3:TrackPointExtension>
        </extensions>
      </trkpt>
      <trkpt lat="24.4743378460407257080078125" lon="118.1500855274498462677001953125">
        <ele>52.40000152587890625</ele>
        <time>2026-06-15T08:49:56.000Z</time>
        <extensions>
          <ns3:TrackPointExtension>
            <ns3:hr>106</ns3:hr>
            <ns3:cad>0</ns3:cad>
          </ns3:TrackPointExtension>
        </extensions>
      </trkpt>
      <trkpt lat="24.474336840212345123291015625" lon="118.15008695237338542938232421875">
        <ele>52.59999847412109375</ele>
        <time>2026-06-15T08:49:57.000Z</time>
        <extensions>
          <ns3:TrackPointExtension>
            <ns3:hr>106</ns3:hr>
            <ns3:cad>0</ns3:cad>
          </ns3:TrackPointExtension>
        </extensions>
      </trkpt>
      <trkpt lat="24.47433223016560077667236328125" lon="118.150086365640163421630859375">
        <ele>53</ele>
        <time>2026-06-15T08:49:58.000Z</time>
        <extensions>
          <ns3:TrackPointExtension>
            <ns3:hr>106</ns3:hr>
            <ns3:cad>0</ns3:cad>
          </ns3:TrackPointExtension>
        </extensions>
      </trkpt>
      <trkpt lat="24.4743262790143489837646484375" lon="118.1500882096588611602783203125">
        <ele>53.200000762939453125</ele>
        <time>2026-06-15T08:49:59.000Z</time>
        <extensions>
          <ns3:TrackPointExtension>
            <ns3:hr>106</ns3:hr>
            <ns3:cad>54</ns3:cad>
          </ns3:TrackPointExtension>
        </extensions>
      </trkpt>
      <trkpt lat="24.4743219204246997833251953125" lon="118.15008561126887798309326171875">
        <ele>53.40000152587890625</ele>
        <time>2026-06-15T08:50:00.000Z</time>
        <extensions>
          <ns3:TrackPointExtension>
            <ns3:hr>106</ns3:hr>
            <ns3:cad>54</ns3:cad>
          </ns3:TrackPointExtension>
        </extensions>
      </trkpt>
      <trkpt lat="24.47431764565408229827880859375" lon="118.1500826776027679443359375">
        <ele>53.59999847412109375</ele>
        <time>2026-06-15T08:50:01.000Z</time>
        <extensions>
          <ns3:TrackPointExtension>
            <ns3:hr>107</ns3:hr>
            <ns3:cad>51</ns3:cad>
          </ns3:TrackPointExtension>
        </extensions>
      </trkpt>
      <trkpt lat="24.47431362234055995941162109375" lon="118.15007957629859447479248046875">
        <ele>53.799999237060546875</ele>
        <time>2026-06-15T08:50:02.000Z</time>
        <extensions>
          <ns3:TrackPointExtension>
            <ns3:hr>108</ns3:hr>
            <ns3:cad>51</ns3:cad>
          </ns3:TrackPointExtension>
        </extensions>
      </trkpt>
      <trkpt lat="24.47430775500833988189697265625" lon="118.15008041448891162872314453125">
        <ele>54</ele>
        <time>2026-06-15T08:50:03.000Z</time>
        <extensions>
          <ns3:TrackPointExtension>
            <ns3:hr>108</ns3:hr>
            <ns3:cad>51</ns3:cad>
          </ns3:TrackPointExtension>
        </extensions>
      </trkpt>
      <trkpt lat="24.474298954010009765625" lon="118.150072954595088958740234375">
        <ele>54.200000762939453125</ele>
        <time>2026-06-15T08:50:04.000Z</time>
        <extensions>
          <ns3:TrackPointExtension>
            <ns3:hr>109</ns3:hr>
            <ns3:cad>50</ns3:cad>
          </ns3:TrackPointExtension>
        </extensions>
      </trkpt>
      <trkpt lat="24.4742940925061702728271484375" lon="118.15006800927221775054931640625">
        <ele>54.40000152587890625</ele>
        <time>2026-06-15T08:50:05.000Z</time>
        <extensions>
          <ns3:TrackPointExtension>
            <ns3:hr>109</ns3:hr>
            <ns3:cad>49</ns3:cad>
          </ns3:TrackPointExtension>
        </extensions>
      </trkpt>
      <trkpt lat="24.4742910750210285186767578125" lon="118.15006013028323650360107421875">
        <ele>54.59999847412109375</ele>
        <time>2026-06-15T08:50:06.000Z</time>
        <extensions>
          <ns3:TrackPointExtension>
            <ns3:hr>110</ns3:hr>
            <ns3:cad>48</ns3:cad>
          </ns3:TrackPointExtension>
        </extensions>
      </trkpt>
      <trkpt lat="24.47427925653755664825439453125" lon="118.150045461952686309814453125">
        <ele>54.799999237060546875</ele>
        <time>2026-06-15T08:50:07.000Z</time>
        <extensions>
          <ns3:TrackPointExtension>
            <ns3:hr>111</ns3:hr>
            <ns3:cad>48</ns3:cad>
          </ns3:TrackPointExtension>
        </extensions>
      </trkpt>
      <trkpt lat="24.47427020408213138580322265625" lon="118.1500335596501827239990234375">
        <ele>54.799999237060546875</ele>
        <time>2026-06-15T08:50:08.000Z</time>
        <extensions>
          <ns3:TrackPointExtension>
            <ns3:hr>113</ns3:hr>
            <ns3:cad>48</ns3:cad>
          </ns3:TrackPointExtension>
        </extensions>
      </trkpt>
      <trkpt lat="24.47426349855959415435791015625" lon="118.15002324990928173065185546875">
        <ele>55</ele>
        <time>2026-06-15T08:50:09.000Z</time>
        <extensions>
          <ns3:TrackPointExtension>
            <ns3:hr>114</ns3:hr>
            <ns3:cad>49</ns3:cad>
          </ns3:TrackPointExtension>
        </extensions>
      </trkpt>
      <trkpt lat="24.47425209917128086090087890625" lon="118.1500107608735561370849609375">
        <ele>55</ele>
        <time>2026-06-15T08:50:10.000Z</time>
        <extensions>
          <ns3:TrackPointExtension>
            <ns3:hr>114</ns3:hr>
            <ns3:cad>50</ns3:cad>
          </ns3:TrackPointExtension>
        </extensions>
      </trkpt>
      <trkpt lat="24.4742397777736186981201171875" lon="118.14999617636203765869140625">
        <ele>55</ele>
        <time>2026-06-15T08:50:11.000Z</time>
        <extensions>
          <ns3:TrackPointExtension>
            <ns3:hr>115</ns3:hr>
            <ns3:cad>50</ns3:cad>
          </ns3:TrackPointExtension>
        </extensions>
      </trkpt>
      <trkpt lat="24.47423248551785945892333984375" lon="118.14998678863048553466796875">
        <ele>55.200000762939453125</ele>
        <time>2026-06-15T08:50:12.000Z</time>
        <extensions>
          <ns3:TrackPointExtension>
            <ns3:hr>115</ns3:hr>
            <ns3:cad>50</ns3:cad>
          </ns3:TrackPointExtension>
        </extensions>
      </trkpt>
      <trkpt lat="24.4742251932621002197265625" lon="118.1499735452234745025634765625">
        <ele>55.200000762939453125</ele>
        <time>2026-06-15T08:50:13.000Z</time>
        <extensions>
          <ns3:TrackPointExtension>
            <ns3:hr>116</ns3:hr>
            <ns3:cad>50</ns3:cad>
          </ns3:TrackPointExtension>
        </extensions>
      </trkpt>
      <trkpt lat="24.47421940974891185760498046875" lon="118.149962313473224639892578125">
        <ele>55.40000152587890625</ele>
        <time>2026-06-15T08:50:14.000Z</time>
        <extensions>
          <ns3:TrackPointExtension>
            <ns3:hr>116</ns3:hr>
            <ns3:cad>49</ns3:cad>
          </ns3:TrackPointExtension>
        </extensions>
      </trkpt>
      <trkpt lat="24.4742091000080108642578125" lon="118.1499507464468479156494140625">
        <ele>55.40000152587890625</ele>
        <time>2026-06-15T08:50:15.000Z</time>
        <extensions>
          <ns3:TrackPointExtension>
            <ns3:hr>116</ns3:hr>
            <ns3:cad>48</ns3:cad>
          </ns3:TrackPointExtension>
        </extensions>
      </trkpt>
      <trkpt lat="24.47420281358063220977783203125" lon="118.1499433703720569610595703125">
        <ele>55.59999847412109375</ele>
        <time>2026-06-15T08:50:16.000Z</time>
        <extensions>
          <ns3:TrackPointExtension>
            <ns3:hr>116</ns3:hr>
            <ns3:cad>48</ns3:cad>
          </ns3:TrackPointExtension>
        </extensions>
      </trkpt>
      <trkpt lat="24.47419795207679271697998046875" lon="118.14994127489626407623291015625">
        <ele>55.799999237060546875</ele>
        <time>2026-06-15T08:50:17.000Z</time>
        <extensions>
          <ns3:TrackPointExtension>
            <ns3:hr>116</ns3:hr>
            <ns3:cad>48</ns3:cad>
          </ns3:TrackPointExtension>
        </extensions>
      </trkpt>
      <trkpt lat="24.47419242002069950103759765625" lon="118.14993716776371002197265625">
        <ele>56</ele>
        <time>2026-06-15T08:50:18.000Z</time>
        <extensions>
          <ns3:TrackPointExtension>
            <ns3:hr>116</ns3:hr>
            <ns3:cad>48</ns3:cad>
          </ns3:TrackPointExtension>
        </extensions>
      </trkpt>
      <trkpt lat="24.4741861335933208465576171875" lon="118.14993272535502910614013671875">
        <ele>56.200000762939453125</ele>
        <time>2026-06-15T08:50:19.000Z</time>
        <extensions>
          <ns3:TrackPointExtension>
            <ns3:hr>116</ns3:hr>
            <ns3:cad>0</ns3:cad>
          </ns3:TrackPointExtension>
        </extensions>
      </trkpt>
      <trkpt lat="24.4741800986230373382568359375" lon="118.149930126965045928955078125">
        <ele>56.200000762939453125</ele>
        <time>2026-06-15T08:50:20.000Z</time>
        <extensions>
          <ns3:TrackPointExtension>
            <ns3:hr>116</ns3:hr>
            <ns3:cad>0</ns3:cad>
          </ns3:TrackPointExtension>
        </extensions>
      </trkpt>
      <trkpt lat="24.474173896014690399169921875" lon="118.1499282829463481903076171875">
        <ele>56.40000152587890625</ele>
        <time>2026-06-15T08:50:21.000Z</time>
        <extensions>
          <ns3:TrackPointExtension>
            <ns3:hr>116</ns3:hr>
            <ns3:cad>0</ns3:cad>
          </ns3:TrackPointExtension>
        </extensions>
      </trkpt>
      <trkpt lat="24.474169202148914337158203125" lon="118.1499272771179676055908203125">
        <ele>56.40000152587890625</ele>
        <time>2026-06-15T08:50:22.000Z</time>
        <extensions>
          <ns3:TrackPointExtension>
            <ns3:hr>116</ns3:hr>
            <ns3:cad>0</ns3:cad>
          </ns3:TrackPointExtension>
        </extensions>
      </trkpt>
      <trkpt lat="24.47416475974023342132568359375" lon="118.149927444756031036376953125">
        <ele>56.59999847412109375</ele>
        <time>2026-06-15T08:50:23.000Z</time>
        <extensions>
          <ns3:TrackPointExtension>
            <ns3:hr>116</ns3:hr>
            <ns3:cad>0</ns3:cad>
          </ns3:TrackPointExtension>
        </extensions>
      </trkpt>
      <trkpt lat="24.4741572998464107513427734375" lon="118.14992350526154041290283203125">
        <ele>56.59999847412109375</ele>
        <time>2026-06-15T08:50:24.000Z</time>
        <extensions>
          <ns3:TrackPointExtension>
            <ns3:hr>116</ns3:hr>
            <ns3:cad>0</ns3:cad>
          </ns3:TrackPointExtension>
        </extensions>
      </trkpt>
      <trkpt lat="24.474149756133556365966796875" lon="118.14991981722414493560791015625">
        <ele>56.799999237060546875</ele>
        <time>2026-06-15T08:50:25.000Z</time>
        <extensions>
          <ns3:TrackPointExtension>
            <ns3:hr>116</ns3:hr>
            <ns3:cad>0</ns3:cad>
          </ns3:TrackPointExtension>
        </extensions>
      </trkpt>
      <trkpt lat="24.47414673864841461181640625" lon="118.14991881139576435089111328125">
        <ele>56.799999237060546875</ele>
        <time>2026-06-15T08:50:26.000Z</time>
        <extensions>
          <ns3:TrackPointExtension>
            <ns3:hr>115</ns3:hr>
            <ns3:cad>41</ns3:cad>
          </ns3:TrackPointExtension>
        </extensions>
      </trkpt>
      <trkpt lat="24.474140368402004241943359375" lon="118.14991629682481288909912109375">
        <ele>56.799999237060546875</ele>
        <time>2026-06-15T08:50:27.000Z</time>
        <extensions>
          <ns3:TrackPointExtension>
            <ns3:hr>116</ns3:hr>
            <ns3:cad>41</ns3:cad>
          </ns3:TrackPointExtension>
        </extensions>
      </trkpt>
      <trkpt lat="24.47413542307913303375244140625" lon="118.14991327933967113494873046875">
        <ele>57</ele>
        <time>2026-06-15T08:50:28.000Z</time>
        <extensions>
          <ns3:TrackPointExtension>
            <ns3:hr>116</ns3:hr>
            <ns3:cad>41</ns3:cad>
          </ns3:TrackPointExtension>
        </extensions>
      </trkpt>
      <trkpt lat="24.474131651222705841064453125" lon="118.14991026185452938079833984375">
        <ele>57.200000762939453125</ele>
        <time>2026-06-15T08:50:29.000Z</time>
        <extensions>
          <ns3:TrackPointExtension>
            <ns3:hr>115</ns3:hr>
            <ns3:cad>46</ns3:cad>
          </ns3:TrackPointExtension>
        </extensions>
      </trkpt>
      <trkpt lat="24.4741308130323886871337890625" lon="118.14990774728357791900634765625">
        <ele>57.40000152587890625</ele>
        <time>2026-06-15T08:50:30.000Z</time>
        <extensions>
          <ns3:TrackPointExtension>
            <ns3:hr>116</ns3:hr>
            <ns3:cad>46</ns3:cad>
          </ns3:TrackPointExtension>
        </extensions>
      </trkpt>
      <trkpt lat="24.474128298461437225341796875" lon="118.149901963770389556884765625">
        <ele>57.59999847412109375</ele>
        <time>2026-06-15T08:50:31.000Z</time>
        <extensions>
          <ns3:TrackPointExtension>
            <ns3:hr>115</ns3:hr>
            <ns3:cad>46</ns3:cad>
          </ns3:TrackPointExtension>
        </extensions>
      </trkpt>
      <trkpt lat="24.47412720881402492523193359375" lon="118.1498971022665500640869140625">
        <ele>57.799999237060546875</ele>
        <time>2026-06-15T08:50:32.000Z</time>
        <extensions>
          <ns3:TrackPointExtension>
            <ns3:hr>115</ns3:hr>
            <ns3:cad>46</ns3:cad>
          </ns3:TrackPointExtension>
        </extensions>
      </trkpt>
      <trkpt lat="24.47412192821502685546875" lon="118.14989182166755199432373046875">
        <ele>58</ele>
        <time>2026-06-15T08:50:33.000Z</time>
        <extensions>
          <ns3:TrackPointExtension>
            <ns3:hr>115</ns3:hr>
            <ns3:cad>0</ns3:cad>
          </ns3:TrackPointExtension>
        </extensions>
      </trkpt>
      <trkpt lat="24.47411463595926761627197265625" lon="118.14988595433533191680908203125">
        <ele>58.200000762939453125</ele>
        <time>2026-06-15T08:50:34.000Z</time>
        <extensions>
          <ns3:TrackPointExtension>
            <ns3:hr>114</ns3:hr>
            <ns3:cad>0</ns3:cad>
          </ns3:TrackPointExtension>
        </extensions>
      </trkpt>
      <trkpt lat="24.47411186993122100830078125" lon="118.1498793326318264007568359375">
        <ele>58.200000762939453125</ele>
        <time>2026-06-15T08:50:35.000Z</time>
        <extensions>
          <ns3:TrackPointExtension>
            <ns3:hr>114</ns3:hr>
            <ns3:cad>0</ns3:cad>
          </ns3:TrackPointExtension>
        </extensions>
      </trkpt>
      <trkpt lat="24.47410524822771549224853515625" lon="118.14987371675670146942138671875">
        <ele>58.40000152587890625</ele>
        <time>2026-06-15T08:50:36.000Z</time>
        <extensions>
          <ns3:TrackPointExtension>
            <ns3:hr>113</ns3:hr>
            <ns3:cad>0</ns3:cad>
          </ns3:TrackPointExtension>
        </extensions>
      </trkpt>
      <trkpt lat="24.4740966148674488067626953125" lon="118.1498692743480205535888671875">
        <ele>58.40000152587890625</ele>
        <time>2026-06-15T08:50:37.000Z</time>
        <extensions>
          <ns3:TrackPointExtension>
            <ns3:hr>113</ns3:hr>
            <ns3:cad>41</ns3:cad>
          </ns3:TrackPointExtension>
        </extensions>
      </trkpt>
      <trkpt lat="24.474089406430721282958984375" lon="118.149867095053195953369140625">
        <ele>58.59999847412109375</ele>
        <time>2026-06-15T08:50:38.000Z</time>
        <extensions>
          <ns3:TrackPointExtension>
            <ns3:hr>112</ns3:hr>
            <ns3:cad>42</ns3:cad>
          </ns3:TrackPointExtension>
        </extensions>
      </trkpt>
      <trkpt lat="24.4740815274417400360107421875" lon="118.149866424500942230224609375">
        <ele>58.59999847412109375</ele>
        <time>2026-06-15T08:50:39.000Z</time>
        <extensions>
          <ns3:TrackPointExtension>
            <ns3:hr>112</ns3:hr>
            <ns3:cad>43</ns3:cad>
          </ns3:TrackPointExtension>
        </extensions>
      </trkpt>
      <trkpt lat="24.47407624684274196624755859375" lon="118.14986743032932281494140625">
        <ele>58.799999237060546875</ele>
        <time>2026-06-15T08:50:40.000Z</time>
        <extensions>
          <ns3:TrackPointExtension>
            <ns3:hr>112</ns3:hr>
            <ns3:cad>43</ns3:cad>
          </ns3:TrackPointExtension>
        </extensions>
      </trkpt>
      <trkpt lat="24.4740667752921581268310546875" lon="118.14986667595803737640380859375">
        <ele>58.799999237060546875</ele>
        <time>2026-06-15T08:50:41.000Z</time>
        <extensions>
          <ns3:TrackPointExtension>
            <ns3:hr>112</ns3:hr>
            <ns3:cad>43</ns3:cad>
          </ns3:TrackPointExtension>
        </extensions>
      </trkpt>
      <trkpt lat="24.47405646555125713348388671875" lon="118.1498709507286548614501953125">
        <ele>59</ele>
        <time>2026-06-15T08:50:42.000Z</time>
        <extensions>
          <ns3:TrackPointExtension>
            <ns3:hr>113</ns3:hr>
            <ns3:cad>43</ns3:cad>
          </ns3:TrackPointExtension>
        </extensions>
      </trkpt>
      <trkpt lat="24.4740453176200389862060546875" lon="118.14987656660377979278564453125">
        <ele>59.200000762939453125</ele>
        <time>2026-06-15T08:50:43.000Z</time>
        <extensions>
          <ns3:TrackPointExtension>
            <ns3:hr>113</ns3:hr>
            <ns3:cad>43</ns3:cad>
          </ns3:TrackPointExtension>
        </extensions>
      </trkpt>
      <trkpt lat="24.47403668425977230072021484375" lon="118.14988276921212673187255859375">
        <ele>59.200000762939453125</ele>
        <time>2026-06-15T08:50:44.000Z</time>
        <extensions>
          <ns3:TrackPointExtension>
            <ns3:hr>113</ns3:hr>
            <ns3:cad>43</ns3:cad>
          </ns3:TrackPointExtension>
        </extensions>
      </trkpt>
      <trkpt lat="24.47402427904307842254638671875" lon="118.14988486468791961669921875">
        <ele>59.200000762939453125</ele>
        <time>2026-06-15T08:50:45.000Z</time>
        <extensions>
          <ns3:TrackPointExtension>
            <ns3:hr>113</ns3:hr>
            <ns3:cad>43</ns3:cad>
          </ns3:TrackPointExtension>
        </extensions>
      </trkpt>
      <trkpt lat="24.47401053272187709808349609375" lon="118.149885199964046478271484375">
        <ele>59.200000762939453125</ele>
        <time>2026-06-15T08:50:46.000Z</time>
        <extensions>
          <ns3:TrackPointExtension>
            <ns3:hr>113</ns3:hr>
            <ns3:cad>43</ns3:cad>
          </ns3:TrackPointExtension>
        </extensions>
      </trkpt>
      <trkpt lat="24.47400047443807125091552734375" lon="118.14988645724952220916748046875">
        <ele>59.40000152587890625</ele>
        <time>2026-06-15T08:50:47.000Z</time>
        <extensions>
          <ns3:TrackPointExtension>
            <ns3:hr>114</ns3:hr>
            <ns3:cad>43</ns3:cad>
          </ns3:TrackPointExtension>
        </extensions>
      </trkpt>
      <trkpt lat="24.47399578057229518890380859375" lon="118.14988729543983936309814453125">
        <ele>59.40000152587890625</ele>
        <time>2026-06-15T08:50:48.000Z</time>
        <extensions>
          <ns3:TrackPointExtension>
            <ns3:hr>114</ns3:hr>
            <ns3:cad>0</ns3:cad>
          </ns3:TrackPointExtension>
        </extensions>
      </trkpt>
      <trkpt lat="24.4739886559545993804931640625" lon="118.14988411031663417816162109375">
        <ele>59.40000152587890625</ele>
        <time>2026-06-15T08:50:49.000Z</time>
        <extensions>
          <ns3:TrackPointExtension>
            <ns3:hr>115</ns3:hr>
            <ns3:cad>0</ns3:cad>
          </ns3:TrackPointExtension>
        </extensions>
      </trkpt>
      <trkpt lat="24.47398002259433269500732421875" lon="118.1498816795647144317626953125">
        <ele>59.40000152587890625</ele>
        <time>2026-06-15T08:50:50.000Z</time>
        <extensions>
          <ns3:TrackPointExtension>
            <ns3:hr>115</ns3:hr>
            <ns3:cad>0</ns3:cad>
          </ns3:TrackPointExtension>
        </extensions>
      </trkpt>
      <trkpt lat="24.47396929375827312469482421875" lon="118.14987891353666782379150390625">
        <ele>59.59999847412109375</ele>
        <time>2026-06-15T08:50:51.000Z</time>
        <extensions>
          <ns3:TrackPointExtension>
            <ns3:hr>116</ns3:hr>
            <ns3:cad>0</ns3:cad>
          </ns3:TrackPointExtension>
        </extensions>
      </trkpt>
      <trkpt lat="24.47395789436995983123779296875" lon="118.149879164993762969970703125">
        <ele>59.59999847412109375</ele>
        <time>2026-06-15T08:50:52.000Z</time>
        <extensions>
          <ns3:TrackPointExtension>
            <ns3:hr>116</ns3:hr>
            <ns3:cad>48</ns3:cad>
          </ns3:TrackPointExtension>
        </extensions>
      </trkpt>
      <trkpt lat="24.47395068593323230743408203125" lon="118.1498769856989383697509765625">
        <ele>59.59999847412109375</ele>
        <time>2026-06-15T08:50:53.000Z</time>
        <extensions>
          <ns3:TrackPointExtension>
            <ns3:hr>115</ns3:hr>
            <ns3:cad>48</ns3:cad>
          </ns3:TrackPointExtension>
        </extensions>
      </trkpt>
      <trkpt lat="24.47394213639199733734130859375" lon="118.14987472258508205413818359375">
        <ele>59.59999847412109375</ele>
        <time>2026-06-15T08:50:54.000Z</time>
        <extensions>
          <ns3:TrackPointExtension>
            <ns3:hr>115</ns3:hr>
            <ns3:cad>48</ns3:cad>
          </ns3:TrackPointExtension>
        </extensions>
      </trkpt>
      <trkpt lat="24.47393350303173065185546875" lon="118.14987271092832088470458984375">
        <ele>59.799999237060546875</ele>
        <time>2026-06-15T08:50:55.000Z</time>
        <extensions>
          <ns3:TrackPointExtension>
            <ns3:hr>115</ns3:hr>
            <ns3:cad>47</ns3:cad>
          </ns3:TrackPointExtension>
        </extensions>
      </trkpt>
      <trkpt lat="24.473925121128559112548828125" lon="118.1498729623854160308837890625">
        <ele>59.799999237060546875</ele>
        <time>2026-06-15T08:50:56.000Z</time>
        <extensions>
          <ns3:TrackPointExtension>
            <ns3:hr>114</ns3:hr>
            <ns3:cad>47</ns3:cad>
          </ns3:TrackPointExtension>
        </extensions>
      </trkpt>
      <trkpt lat="24.4739165715873241424560546875" lon="118.14987354911863803863525390625">
        <ele>59.799999237060546875</ele>
        <time>2026-06-15T08:50:57.000Z</time>
        <extensions>
          <ns3:TrackPointExtension>
            <ns3:hr>114</ns3:hr>
            <ns3:cad>47</ns3:cad>
          </ns3:TrackPointExtension>
        </extensions>
      </trkpt>
      <trkpt lat="24.4739105366170406341552734375" lon="118.1498746387660503387451171875">
        <ele>59.799999237060546875</ele>
        <time>2026-06-15T08:50:58.000Z</time>
        <extensions>
          <ns3:TrackPointExtension>
            <ns3:hr>114</ns3:hr>
            <ns3:cad>50</ns3:cad>
          </ns3:TrackPointExtension>
        </extensions>
      </trkpt>
      <trkpt lat="24.4738984666764736175537109375" lon="118.14987153746187686920166015625">
        <ele>60</ele>
        <time>2026-06-15T08:50:59.000Z</time>
        <extensions>
          <ns3:TrackPointExtension>
            <ns3:hr>114</ns3:hr>
            <ns3:cad>50</ns3:cad>
          </ns3:TrackPointExtension>
        </extensions>
      </trkpt>
      <trkpt lat="24.47389326989650726318359375" lon="118.1498707830905914306640625">
        <ele>60</ele>
        <time>2026-06-15T08:51:00.000Z</time>
        <extensions>
          <ns3:TrackPointExtension>
            <ns3:hr>114</ns3:hr>
            <ns3:cad>50</ns3:cad>
          </ns3:TrackPointExtension>
        </extensions>
      </trkpt>
      <trkpt lat="24.47388581000268459320068359375" lon="118.14986743032932281494140625">
        <ele>60.200000762939453125</ele>
        <time>2026-06-15T08:51:01.000Z</time>
        <extensions>
          <ns3:TrackPointExtension>
            <ns3:hr>114</ns3:hr>
            <ns3:cad>50</ns3:cad>
          </ns3:TrackPointExtension>
        </extensions>
      </trkpt>
      <trkpt lat="24.473877847194671630859375" lon="118.1498665921390056610107421875">
        <ele>60.200000762939453125</ele>
        <time>2026-06-15T08:51:02.000Z</time>
        <extensions>
          <ns3:TrackPointExtension>
            <ns3:hr>114</ns3:hr>
            <ns3:cad>50</ns3:cad>
          </ns3:TrackPointExtension>
        </extensions>
      </trkpt>
      <trkpt lat="24.4738669507205486297607421875" lon="118.14986432902514934539794921875">
        <ele>60.40000152587890625</ele>
        <time>2026-06-15T08:51:03.000Z</time>
        <extensions>
          <ns3:TrackPointExtension>
            <ns3:hr>112</ns3:hr>
            <ns3:cad>50</ns3:cad>
          </ns3:TrackPointExtension>
        </extensions>
      </trkpt>
      <trkpt lat="24.47385982610285282135009765625" lon="118.14986340701580047607421875">
        <ele>60.59999847412109375</ele>
        <time>2026-06-15T08:51:04.000Z</time>
        <extensions>
          <ns3:TrackPointExtension>
            <ns3:hr>112</ns3:hr>
            <ns3:cad>50</ns3:cad>
          </ns3:TrackPointExtension>
        </extensions>
      </trkpt>
      <trkpt lat="24.473849348723888397216796875" lon="118.1498625688254833221435546875">
        <ele>60.59999847412109375</ele>
        <time>2026-06-15T08:51:05.000Z</time>
        <extensions>
          <ns3:TrackPointExtension>
            <ns3:hr>113</ns3:hr>
            <ns3:cad>50</ns3:cad>
          </ns3:TrackPointExtension>
        </extensions>
      </trkpt>
      <trkpt lat="24.473842643201351165771484375" lon="118.14986064098775386810302734375">
        <ele>60.799999237060546875</ele>
        <time>2026-06-15T08:51:06.000Z</time>
        <extensions>
          <ns3:TrackPointExtension>
            <ns3:hr>112</ns3:hr>
            <ns3:cad>49</ns3:cad>
          </ns3:TrackPointExtension>
        </extensions>
      </trkpt>
      <trkpt lat="24.47383283637464046478271484375" lon="118.14985913224518299102783203125">
        <ele>61</ele>
        <time>2026-06-15T08:51:07.000Z</time>
        <extensions>
          <ns3:TrackPointExtension>
            <ns3:hr>112</ns3:hr>
            <ns3:cad>49</ns3:cad>
          </ns3:TrackPointExtension>
        </extensions>
      </trkpt>
      <trkpt lat="24.47382512502372264862060546875" lon="118.149858377873897552490234375">
        <ele>61.200000762939453125</ele>
        <time>2026-06-15T08:51:08.000Z</time>
        <extensions>
          <ns3:TrackPointExtension>
            <ns3:hr>111</ns3:hr>
            <ns3:cad>48</ns3:cad>
          </ns3:TrackPointExtension>
        </extensions>
      </trkpt>
      <trkpt lat="24.473815150558948516845703125" lon="118.14985846169292926788330078125">
        <ele>61.40000152587890625</ele>
        <time>2026-06-15T08:51:09.000Z</time>
        <extensions>
          <ns3:TrackPointExtension>
            <ns3:hr>111</ns3:hr>
            <ns3:cad>47</ns3:cad>
          </ns3:TrackPointExtension>
        </extensions>
      </trkpt>
      <trkpt lat="24.47380609810352325439453125" lon="118.1498598866164684295654296875">
        <ele>61.799999237060546875</ele>
        <time>2026-06-15T08:51:10.000Z</time>
        <extensions>
          <ns3:TrackPointExtension>
            <ns3:hr>110</ns3:hr>
            <ns3:cad>46</ns3:cad>
          </ns3:TrackPointExtension>
        </extensions>
      </trkpt>
      <trkpt lat="24.47379495017230510711669921875" lon="118.1498575396835803985595703125">
        <ele>62</ele>
        <time>2026-06-15T08:51:11.000Z</time>
        <extensions>
          <ns3:TrackPointExtension>
            <ns3:hr>110</ns3:hr>
            <ns3:cad>46</ns3:cad>
          </ns3:TrackPointExtension>
        </extensions>
      </trkpt>
      <trkpt lat="24.47378254495561122894287109375" lon="118.1498546898365020751953125">
        <ele>62</ele>
        <time>2026-06-15T08:51:12.000Z</time>
        <extensions>
          <ns3:TrackPointExtension>
            <ns3:hr>110</ns3:hr>
            <ns3:cad>46</ns3:cad>
          </ns3:TrackPointExtension>
        </extensions>
      </trkpt>
      <trkpt lat="24.47377265430986881256103515625" lon="118.1498551927506923675537109375">
        <ele>62.200000762939453125</ele>
        <time>2026-06-15T08:51:13.000Z</time>
        <extensions>
          <ns3:TrackPointExtension>
            <ns3:hr>110</ns3:hr>
            <ns3:cad>46</ns3:cad>
          </ns3:TrackPointExtension>
        </extensions>
      </trkpt>
      <trkpt lat="24.47376360185444355010986328125" lon="118.14985343255102634429931640625">
        <ele>62.200000762939453125</ele>
        <time>2026-06-15T08:51:14.000Z</time>
        <extensions>
          <ns3:TrackPointExtension>
            <ns3:hr>110</ns3:hr>
            <ns3:cad>46</ns3:cad>
          </ns3:TrackPointExtension>
        </extensions>
      </trkpt>
      <trkpt lat="24.47375706396996974945068359375" lon="118.1498471461236476898193359375">
        <ele>62.40000152587890625</ele>
        <time>2026-06-15T08:51:15.000Z</time>
        <extensions>
          <ns3:TrackPointExtension>
            <ns3:hr>111</ns3:hr>
            <ns3:cad>48</ns3:cad>
          </ns3:TrackPointExtension>
        </extensions>
      </trkpt>
      <trkpt lat="24.47374918498098850250244140625" lon="118.149839937686920166015625">
        <ele>62.40000152587890625</ele>
        <time>2026-06-15T08:51:16.000Z</time>
        <extensions>
          <ns3:TrackPointExtension>
            <ns3:hr>111</ns3:hr>
            <ns3:cad>48</ns3:cad>
          </ns3:TrackPointExtension>
        </extensions>
      </trkpt>
      <trkpt lat="24.47374046780169010162353515625" lon="118.1498344056308269500732421875">
        <ele>62.59999847412109375</ele>
        <time>2026-06-15T08:51:17.000Z</time>
        <extensions>
          <ns3:TrackPointExtension>
            <ns3:hr>111</ns3:hr>
            <ns3:cad>49</ns3:cad>
          </ns3:TrackPointExtension>
        </extensions>
      </trkpt>
      <trkpt lat="24.4737338460981845855712890625" lon="118.1498273648321628570556640625">
        <ele>62.799999237060546875</ele>
        <time>2026-06-15T08:51:18.000Z</time>
        <extensions>
          <ns3:TrackPointExtension>
            <ns3:hr>111</ns3:hr>
            <ns3:cad>49</ns3:cad>
          </ns3:TrackPointExtension>
        </extensions>
      </trkpt>
      <trkpt lat="24.4737244583666324615478515625" lon="118.14982560463249683380126953125">
        <ele>63</ele>
        <time>2026-06-15T08:51:19.000Z</time>
        <extensions>
          <ns3:TrackPointExtension>
            <ns3:hr>111</ns3:hr>
            <ns3:cad>48</ns3:cad>
          </ns3:TrackPointExtension>
        </extensions>
      </trkpt>
      <trkpt lat="24.4737128913402557373046875" lon="118.1498196534812450408935546875">
        <ele>63.200000762939453125</ele>
        <time>2026-06-15T08:51:20.000Z</time>
        <extensions>
          <ns3:TrackPointExtension>
            <ns3:hr>111</ns3:hr>
            <ns3:cad>47</ns3:cad>
          </ns3:TrackPointExtension>
        </extensions>
      </trkpt>
      <trkpt lat="24.47370526380836963653564453125" lon="118.14981470815837383270263671875">
        <ele>63.40000152587890625</ele>
        <time>2026-06-15T08:51:21.000Z</time>
        <extensions>
          <ns3:TrackPointExtension>
            <ns3:hr>111</ns3:hr>
            <ns3:cad>47</ns3:cad>
          </ns3:TrackPointExtension>
        </extensions>
      </trkpt>
      <trkpt lat="24.4736966304481029510498046875" lon="118.1498102657496929168701171875">
        <ele>63.59999847412109375</ele>
        <time>2026-06-15T08:51:22.000Z</time>
        <extensions>
          <ns3:TrackPointExtension>
            <ns3:hr>111</ns3:hr>
            <ns3:cad>45</ns3:cad>
          </ns3:TrackPointExtension>
        </extensions>
      </trkpt>
      <trkpt lat="24.47368447668850421905517578125" lon="118.1498035602271556854248046875">
        <ele>63.799999237060546875</ele>
        <time>2026-06-15T08:51:23.000Z</time>
        <extensions>
          <ns3:TrackPointExtension>
            <ns3:hr>111</ns3:hr>
            <ns3:cad>44</ns3:cad>
          </ns3:TrackPointExtension>
        </extensions>
      </trkpt>
      <trkpt lat="24.4736766815185546875" lon="118.1498002074658870697021484375">
        <ele>64</ele>
        <time>2026-06-15T08:51:24.000Z</time>
        <extensions>
          <ns3:TrackPointExtension>
            <ns3:hr>111</ns3:hr>
            <ns3:cad>44</ns3:cad>
          </ns3:TrackPointExtension>
        </extensions>
      </trkpt>
      <trkpt lat="24.47367039509117603302001953125" lon="118.1497981958091259002685546875">
        <ele>64.1999969482421875</ele>
        <time>2026-06-15T08:51:25.000Z</time>
        <extensions>
          <ns3:TrackPointExtension>
            <ns3:hr>111</ns3:hr>
            <ns3:cad>44</ns3:cad>
          </ns3:TrackPointExtension>
        </extensions>
      </trkpt>
      <trkpt lat="24.4736661203205585479736328125" lon="118.14979542978107929229736328125">
        <ele>64.40000152587890625</ele>
        <time>2026-06-15T08:51:26.000Z</time>
        <extensions>
          <ns3:TrackPointExtension>
            <ns3:hr>111</ns3:hr>
            <ns3:cad>44</ns3:cad>
          </ns3:TrackPointExtension>
        </extensions>
      </trkpt>
      <trkpt lat="24.47366033680737018585205078125" lon="118.14979140646755695343017578125">
        <ele>64.59999847412109375</ele>
        <time>2026-06-15T08:51:27.000Z</time>
        <extensions>
          <ns3:TrackPointExtension>
            <ns3:hr>111</ns3:hr>
            <ns3:cad>46</ns3:cad>
          </ns3:TrackPointExtension>
        </extensions>
      </trkpt>
      <trkpt lat="24.4736527092754840850830078125" lon="118.14978989772498607635498046875">
        <ele>64.8000030517578125</ele>
        <time>2026-06-15T08:51:28.000Z</time>
        <extensions>
          <ns3:TrackPointExtension>
            <ns3:hr>111</ns3:hr>
            <ns3:cad>47</ns3:cad>
          </ns3:TrackPointExtension>
        </extensions>
      </trkpt>
      <trkpt lat="24.4736473448574542999267578125" lon="118.149789310991764068603515625">
        <ele>65</ele>
        <time>2026-06-15T08:51:29.000Z</time>
        <extensions>
          <ns3:TrackPointExtension>
            <ns3:hr>111</ns3:hr>
            <ns3:cad>48</ns3:cad>
          </ns3:TrackPointExtension>
        </extensions>
      </trkpt>
      <trkpt lat="24.47363737039268016815185546875" lon="118.1497878022491931915283203125">
        <ele>65.1999969482421875</ele>
        <time>2026-06-15T08:51:30.000Z</time>
        <extensions>
          <ns3:TrackPointExtension>
            <ns3:hr>112</ns3:hr>
            <ns3:cad>51</ns3:cad>
          </ns3:TrackPointExtension>
        </extensions>
      </trkpt>
      <trkpt lat="24.473627395927906036376953125" lon="118.149783276021480560302734375">
        <ele>65.1999969482421875</ele>
        <time>2026-06-15T08:51:31.000Z</time>
        <extensions>
          <ns3:TrackPointExtension>
            <ns3:hr>112</ns3:hr>
            <ns3:cad>51</ns3:cad>
          </ns3:TrackPointExtension>
        </extensions>
      </trkpt>
      <trkpt lat="24.47361842729151248931884765625" lon="118.14977883361279964447021484375">
        <ele>65.40000152587890625</ele>
        <time>2026-06-15T08:51:32.000Z</time>
        <extensions>
          <ns3:TrackPointExtension>
            <ns3:hr>112</ns3:hr>
            <ns3:cad>47</ns3:cad>
          </ns3:TrackPointExtension>
        </extensions>
      </trkpt>
      <trkpt lat="24.47360803373157978057861328125" lon="118.14977514557540416717529296875">
        <ele>65.59999847412109375</ele>
        <time>2026-06-15T08:51:33.000Z</time>
        <extensions>
          <ns3:TrackPointExtension>
            <ns3:hr>113</ns3:hr>
            <ns3:cad>47</ns3:cad>
          </ns3:TrackPointExtension>
        </extensions>
      </trkpt>
      <trkpt lat="24.47359730489552021026611328125" lon="118.14976961351931095123291015625">
        <ele>65.8000030517578125</ele>
        <time>2026-06-15T08:51:34.000Z</time>
        <extensions>
          <ns3:TrackPointExtension>
            <ns3:hr>113</ns3:hr>
            <ns3:cad>47</ns3:cad>
          </ns3:TrackPointExtension>
        </extensions>
      </trkpt>
      <trkpt lat="24.47358925826847553253173828125" lon="118.14976441673934459686279296875">
        <ele>66</ele>
        <time>2026-06-15T08:51:35.000Z</time>
        <extensions>
          <ns3:TrackPointExtension>
            <ns3:hr>113</ns3:hr>
            <ns3:cad>47</ns3:cad>
          </ns3:TrackPointExtension>
        </extensions>
      </trkpt>
      <trkpt lat="24.4735841453075408935546875" lon="118.14976022578775882720947265625">
        <ele>66.1999969482421875</ele>
        <time>2026-06-15T08:51:36.000Z</time>
        <extensions>
          <ns3:TrackPointExtension>
            <ns3:hr>112</ns3:hr>
            <ns3:cad>47</ns3:cad>
          </ns3:TrackPointExtension>
        </extensions>
      </trkpt>
      <trkpt lat="24.47357718832790851593017578125" lon="118.14975611865520477294921875">
        <ele>66.40000152587890625</ele>
        <time>2026-06-15T08:51:37.000Z</time>
        <extensions>
          <ns3:TrackPointExtension>
            <ns3:hr>113</ns3:hr>
            <ns3:cad>47</ns3:cad>
          </ns3:TrackPointExtension>
        </extensions>
      </trkpt>
      <trkpt lat="24.4735709019005298614501953125" lon="118.14975519664585590362548828125">
        <ele>66.59999847412109375</ele>
        <time>2026-06-15T08:51:38.000Z</time>
        <extensions>
          <ns3:TrackPointExtension>
            <ns3:hr>113</ns3:hr>
            <ns3:cad>47</ns3:cad>
          </ns3:TrackPointExtension>
        </extensions>
      </trkpt>
      <trkpt lat="24.47356495074927806854248046875" lon="118.14975452609360218048095703125">
        <ele>66.59999847412109375</ele>
        <time>2026-06-15T08:51:39.000Z</time>
        <extensions>
          <ns3:TrackPointExtension>
            <ns3:hr>112</ns3:hr>
            <ns3:cad>46</ns3:cad>
          </ns3:TrackPointExtension>
        </extensions>
      </trkpt>
      <trkpt lat="24.4735581614077091217041015625" lon="118.1497532688081264495849609375">
        <ele>66.8000030517578125</ele>
        <time>2026-06-15T08:51:40.000Z</time>
        <extensions>
          <ns3:TrackPointExtension>
            <ns3:hr>113</ns3:hr>
            <ns3:cad>47</ns3:cad>
          </ns3:TrackPointExtension>
        </extensions>
      </trkpt>
      <trkpt lat="24.4735487736761569976806640625" lon="118.1497515924274921417236328125">
        <ele>67</ele>
        <time>2026-06-15T08:51:41.000Z</time>
        <extensions>
          <ns3:TrackPointExtension>
            <ns3:hr>113</ns3:hr>
            <ns3:cad>48</ns3:cad>
          </ns3:TrackPointExtension>
        </extensions>
      </trkpt>
      <trkpt lat="24.473540894687175750732421875" lon="118.14974966458976268768310546875">
        <ele>67.1999969482421875</ele>
        <time>2026-06-15T08:51:42.000Z</time>
        <extensions>
          <ns3:TrackPointExtension>
            <ns3:hr>112</ns3:hr>
            <ns3:cad>48</ns3:cad>
          </ns3:TrackPointExtension>
        </extensions>
      </trkpt>
      <trkpt lat="24.47353477589786052703857421875" lon="118.14974765293300151824951171875">
        <ele>67.40000152587890625</ele>
        <time>2026-06-15T08:51:43.000Z</time>
        <extensions>
          <ns3:TrackPointExtension>
            <ns3:hr>113</ns3:hr>
            <ns3:cad>48</ns3:cad>
          </ns3:TrackPointExtension>
        </extensions>
      </trkpt>
      <trkpt lat="24.47352580726146697998046875" lon="118.1497452221810817718505859375">
        <ele>67.59999847412109375</ele>
        <time>2026-06-15T08:51:44.000Z</time>
        <extensions>
          <ns3:TrackPointExtension>
            <ns3:hr>113</ns3:hr>
            <ns3:cad>47</ns3:cad>
          </ns3:TrackPointExtension>
        </extensions>
      </trkpt>
      <trkpt lat="24.47351910173892974853515625" lon="118.14974362961947917938232421875">
        <ele>67.8000030517578125</ele>
        <time>2026-06-15T08:51:45.000Z</time>
        <extensions>
          <ns3:TrackPointExtension>
            <ns3:hr>113</ns3:hr>
            <ns3:cad>46</ns3:cad>
          </ns3:TrackPointExtension>
        </extensions>
      </trkpt>
      <trkpt lat="24.4735125638544559478759765625" lon="118.14974128268659114837646484375">
        <ele>68</ele>
        <time>2026-06-15T08:51:46.000Z</time>
        <extensions>
          <ns3:TrackPointExtension>
            <ns3:hr>114</ns3:hr>
            <ns3:cad>46</ns3:cad>
          </ns3:TrackPointExtension>
        </extensions>
      </trkpt>
      <trkpt lat="24.47350393049418926239013671875" lon="118.14973709173500537872314453125">
        <ele>68.1999969482421875</ele>
        <time>2026-06-15T08:51:47.000Z</time>
        <extensions>
          <ns3:TrackPointExtension>
            <ns3:hr>114</ns3:hr>
            <ns3:cad>46</ns3:cad>
          </ns3:TrackPointExtension>
        </extensions>
      </trkpt>
      <trkpt lat="24.47349471040070056915283203125" lon="118.14973239786922931671142578125">
        <ele>68.59999847412109375</ele>
        <time>2026-06-15T08:51:48.000Z</time>
        <extensions>
          <ns3:TrackPointExtension>
            <ns3:hr>114</ns3:hr>
            <ns3:cad>46</ns3:cad>
          </ns3:TrackPointExtension>
        </extensions>
      </trkpt>
      <trkpt lat="24.473485238850116729736328125" lon="118.14972929656505584716796875">
        <ele>68.8000030517578125</ele>
        <time>2026-06-15T08:51:49.000Z</time>
        <extensions>
          <ns3:TrackPointExtension>
            <ns3:hr>114</ns3:hr>
            <ns3:cad>46</ns3:cad>
          </ns3:TrackPointExtension>
        </extensions>
      </trkpt>
      <trkpt lat="24.47347392328083515167236328125" lon="118.14972351305186748504638671875">
        <ele>69</ele>
        <time>2026-06-15T08:51:50.000Z</time>
        <extensions>
          <ns3:TrackPointExtension>
            <ns3:hr>114</ns3:hr>
            <ns3:cad>47</ns3:cad>
          </ns3:TrackPointExtension>
        </extensions>
      </trkpt>
      <trkpt lat="24.47346855886280536651611328125" lon="118.1497194059193134307861328125">
        <ele>69.1999969482421875</ele>
        <time>2026-06-15T08:51:51.000Z</time>
        <extensions>
          <ns3:TrackPointExtension>
            <ns3:hr>114</ns3:hr>
            <ns3:cad>48</ns3:cad>
          </ns3:TrackPointExtension>
        </extensions>
      </trkpt>
      <trkpt lat="24.47346805594861507415771484375" lon="118.14971781335771083831787109375">
        <ele>69.40000152587890625</ele>
        <time>2026-06-15T08:51:52.000Z</time>
        <extensions>
          <ns3:TrackPointExtension>
            <ns3:hr>114</ns3:hr>
            <ns3:cad>48</ns3:cad>
          </ns3:TrackPointExtension>
        </extensions>
      </trkpt>
      <trkpt lat="24.47347140870988368988037109375" lon="118.14971320331096649169921875">
        <ele>69.40000152587890625</ele>
        <time>2026-06-15T08:51:53.000Z</time>
        <extensions>
          <ns3:TrackPointExtension>
            <ns3:hr>115</ns3:hr>
            <ns3:cad>48</ns3:cad>
          </ns3:TrackPointExtension>
        </extensions>
      </trkpt>
      <trkpt lat="24.47347509674727916717529296875" lon="118.14971261657774448394775390625">
        <ele>69.59999847412109375</ele>
        <time>2026-06-15T08:51:54.000Z</time>
        <extensions>
          <ns3:TrackPointExtension>
            <ns3:hr>115</ns3:hr>
            <ns3:cad>49</ns3:cad>
          </ns3:TrackPointExtension>
        </extensions>
      </trkpt>
      <trkpt lat="24.47347643785178661346435546875" lon="118.14970892854034900665283203125">
        <ele>69.8000030517578125</ele>
        <time>2026-06-15T08:51:55.000Z</time>
        <extensions>
          <ns3:TrackPointExtension>
            <ns3:hr>116</ns3:hr>
            <ns3:cad>49</ns3:cad>
          </ns3:TrackPointExtension>
        </extensions>
      </trkpt>
      <trkpt lat="24.4734770245850086212158203125" lon="118.149705827236175537109375">
        <ele>70</ele>
        <time>2026-06-15T08:51:56.000Z</time>
        <extensions>
          <ns3:TrackPointExtension>
            <ns3:hr>116</ns3:hr>
            <ns3:cad>49</ns3:cad>
          </ns3:TrackPointExtension>
        </extensions>
      </trkpt>
      <trkpt lat="24.4734763540327548980712890625" lon="118.1496991217136383056640625">
        <ele>70.1999969482421875</ele>
        <time>2026-06-15T08:51:57.000Z</time>
        <extensions>
          <ns3:TrackPointExtension>
            <ns3:hr>116</ns3:hr>
            <ns3:cad>46</ns3:cad>
          </ns3:TrackPointExtension>
        </extensions>
      </trkpt>
      <trkpt lat="24.47347258217632770538330078125" lon="118.14969618804752826690673828125">
        <ele>70</ele>
        <time>2026-06-15T08:51:58.000Z</time>
        <extensions>
          <ns3:TrackPointExtension>
            <ns3:hr>117</ns3:hr>
            <ns3:cad>44</ns3:cad>
          </ns3:TrackPointExtension>
        </extensions>
      </trkpt>
      <trkpt lat="24.4734699837863445281982421875" lon="118.149690069258213043212890625">
        <ele>70.1999969482421875</ele>
        <time>2026-06-15T08:51:59.000Z</time>
        <extensions>
          <ns3:TrackPointExtension>
            <ns3:hr>117</ns3:hr>
            <ns3:cad>43</ns3:cad>
          </ns3:TrackPointExtension>
        </extensions>
      </trkpt>
      <trkpt lat="24.47347207926213741302490234375" lon="118.14968646503984928131103515625">
        <ele>70.1999969482421875</ele>
        <time>2026-06-15T08:52:00.000Z</time>
        <extensions>
          <ns3:TrackPointExtension>
            <ns3:hr>118</ns3:hr>
            <ns3:cad>43</ns3:cad>
          </ns3:TrackPointExtension>
        </extensions>
      </trkpt>
      <trkpt lat="24.473475851118564605712890625" lon="118.1496788375079631805419921875">
        <ele>70.1999969482421875</ele>
        <time>2026-06-15T08:52:01.000Z</time>
        <extensions>
          <ns3:TrackPointExtension>
            <ns3:hr>118</ns3:hr>
            <ns3:cad>43</ns3:cad>
          </ns3:TrackPointExtension>
        </extensions>
      </trkpt>
      <trkpt lat="24.47348230518400669097900390625" lon="118.1496707908809185028076171875">
        <ele>70.40000152587890625</ele>
        <time>2026-06-15T08:52:02.000Z</time>
        <extensions>
          <ns3:TrackPointExtension>
            <ns3:hr>119</ns3:hr>
            <ns3:cad>43</ns3:cad>
          </ns3:TrackPointExtension>
        </extensions>
      </trkpt>
      <trkpt lat="24.47348448447883129119873046875" lon="118.14965645782649517059326171875">
        <ele>70.40000152587890625</ele>
        <time>2026-06-15T08:52:03.000Z</time>
        <extensions>
          <ns3:TrackPointExtension>
            <ns3:hr>119</ns3:hr>
            <ns3:cad>43</ns3:cad>
          </ns3:TrackPointExtension>
        </extensions>
      </trkpt>
      <trkpt lat="24.47348582558333873748779296875" lon="118.14965008758008480072021484375">
        <ele>70.40000152587890625</ele>
        <time>2026-06-15T08:52:04.000Z</time>
        <extensions>
          <ns3:TrackPointExtension>
            <ns3:hr>119</ns3:hr>
            <ns3:cad>43</ns3:cad>
          </ns3:TrackPointExtension>
        </extensions>
      </trkpt>
      <trkpt lat="24.4734874181449413299560546875" lon="118.14964522607624530792236328125">
        <ele>70.40000152587890625</ele>
        <time>2026-06-15T08:52:05.000Z</time>
        <extensions>
          <ns3:TrackPointExtension>
            <ns3:hr>119</ns3:hr>
            <ns3:cad>43</ns3:cad>
          </ns3:TrackPointExtension>
        </extensions>
      </trkpt>
      <trkpt lat="24.47348884306848049163818359375" lon="118.14962946809828281402587890625">
        <ele>70.1999969482421875</ele>
        <time>2026-06-15T08:52:06.000Z</time>
        <extensions>
          <ns3:TrackPointExtension>
            <ns3:hr>120</ns3:hr>
            <ns3:cad>45</ns3:cad>
          </ns3:TrackPointExtension>
        </extensions>
      </trkpt>
      <trkpt lat="24.47348557412624359130859375" lon="118.14961530268192291259765625">
        <ele>70.40000152587890625</ele>
        <time>2026-06-15T08:52:07.000Z</time>
        <extensions>
          <ns3:TrackPointExtension>
            <ns3:hr>120</ns3:hr>
            <ns3:cad>45</ns3:cad>
          </ns3:TrackPointExtension>
        </extensions>
      </trkpt>
      <trkpt lat="24.47347886860370635986328125" lon="118.149598874151706695556640625">
        <ele>70.1999969482421875</ele>
        <time>2026-06-15T08:52:08.000Z</time>
        <extensions>
          <ns3:TrackPointExtension>
            <ns3:hr>120</ns3:hr>
            <ns3:cad>45</ns3:cad>
          </ns3:TrackPointExtension>
        </extensions>
      </trkpt>
      <trkpt lat="24.4734740070998668670654296875" lon="118.14958839677274227142333984375">
        <ele>70.1999969482421875</ele>
        <time>2026-06-15T08:52:09.000Z</time>
        <extensions>
          <ns3:TrackPointExtension>
            <ns3:hr>120</ns3:hr>
            <ns3:cad>45</ns3:cad>
          </ns3:TrackPointExtension>
        </extensions>
      </trkpt>
      <trkpt lat="24.47346679866313934326171875" lon="118.14958940260112285614013671875">
        <ele>70.1999969482421875</ele>
        <time>2026-06-15T08:52:10.000Z</time>
        <extensions>
          <ns3:TrackPointExtension>
            <ns3:hr>120</ns3:hr>
            <ns3:cad>45</ns3:cad>
          </ns3:TrackPointExtension>
        </extensions>
      </trkpt>
      <trkpt lat="24.47345866821706295013427734375" lon="118.14958621747791767120361328125">
        <ele>70.1999969482421875</ele>
        <time>2026-06-15T08:52:11.000Z</time>
        <extensions>
          <ns3:TrackPointExtension>
            <ns3:hr>120</ns3:hr>
            <ns3:cad>0</ns3:cad>
          </ns3:TrackPointExtension>
        </extensions>
      </trkpt>
      <trkpt lat="24.47345363907516002655029296875" lon="118.14958554692566394805908203125">
        <ele>70.40000152587890625</ele>
        <time>2026-06-15T08:52:12.000Z</time>
        <extensions>
          <ns3:TrackPointExtension>
            <ns3:hr>120</ns3:hr>
            <ns3:cad>0</ns3:cad>
          </ns3:TrackPointExtension>
        </extensions>
      </trkpt>
      <trkpt lat="24.47344894520938396453857421875" lon="118.1495822779834270477294921875">
        <ele>70.59999847412109375</ele>
        <time>2026-06-15T08:52:13.000Z</time>
        <extensions>
          <ns3:TrackPointExtension>
            <ns3:hr>120</ns3:hr>
            <ns3:cad>0</ns3:cad>
          </ns3:TrackPointExtension>
        </extensions>
      </trkpt>
      <trkpt lat="24.47343922220170497894287109375" lon="118.149576075375080108642578125">
        <ele>70.59999847412109375</ele>
        <time>2026-06-15T08:52:14.000Z</time>
        <extensions>
          <ns3:TrackPointExtension>
            <ns3:hr>120</ns3:hr>
            <ns3:cad>45</ns3:cad>
          </ns3:TrackPointExtension>
        </extensions>
      </trkpt>
      <trkpt lat="24.47343285195529460906982421875" lon="118.1495735608041286468505859375">
        <ele>70.8000030517578125</ele>
        <time>2026-06-15T08:52:15.000Z</time>
        <extensions>
          <ns3:TrackPointExtension>
            <ns3:hr>120</ns3:hr>
            <ns3:cad>45</ns3:cad>
          </ns3:TrackPointExtension>
        </extensions>
      </trkpt>
      <trkpt lat="24.47342648170888423919677734375" lon="118.14957129769027233123779296875">
        <ele>71</ele>
        <time>2026-06-15T08:52:16.000Z</time>
        <extensions>
          <ns3:TrackPointExtension>
            <ns3:hr>120</ns3:hr>
            <ns3:cad>45</ns3:cad>
          </ns3:TrackPointExtension>
        </extensions>
      </trkpt>
      <trkpt lat="24.4734217040240764617919921875" lon="118.14957012422382831573486328125">
        <ele>71.1999969482421875</ele>
        <time>2026-06-15T08:52:17.000Z</time>
        <extensions>
          <ns3:TrackPointExtension>
            <ns3:hr>119</ns3:hr>
            <ns3:cad>45</ns3:cad>
          </ns3:TrackPointExtension>
        </extensions>
      </trkpt>
      <trkpt lat="24.4734163396060466766357421875" lon="118.14956962130963802337646484375">
        <ele>71.40000152587890625</ele>
        <time>2026-06-15T08:52:18.000Z</time>
        <extensions>
          <ns3:TrackPointExtension>
            <ns3:hr>119</ns3:hr>
            <ns3:cad>43</ns3:cad>
          </ns3:TrackPointExtension>
        </extensions>
      </trkpt>
      <trkpt lat="24.4734133221209049224853515625" lon="118.1495698727667331695556640625">
        <ele>71.59999847412109375</ele>
        <time>2026-06-15T08:52:19.000Z</time>
        <extensions>
          <ns3:TrackPointExtension>
            <ns3:hr>119</ns3:hr>
            <ns3:cad>43</ns3:cad>
          </ns3:TrackPointExtension>
        </extensions>
      </trkpt>
      <trkpt lat="24.47340837679803371429443359375" lon="118.14957297407090663909912109375">
        <ele>71.59999847412109375</ele>
        <time>2026-06-15T08:52:20.000Z</time>
        <extensions>
          <ns3:TrackPointExtension>
            <ns3:hr>119</ns3:hr>
            <ns3:cad>0</ns3:cad>
          </ns3:TrackPointExtension>
        </extensions>
      </trkpt>
      <trkpt lat="24.4734039343893527984619140625" lon="118.14957582391798496246337890625">
        <ele>71.8000030517578125</ele>
        <time>2026-06-15T08:52:21.000Z</time>
        <extensions>
          <ns3:TrackPointExtension>
            <ns3:hr>119</ns3:hr>
            <ns3:cad>0</ns3:cad>
          </ns3:TrackPointExtension>
        </extensions>
      </trkpt>
      <trkpt lat="24.4733942113816738128662109375" lon="118.14957506954669952392578125">
        <ele>72</ele>
        <time>2026-06-15T08:52:22.000Z</time>
        <extensions>
          <ns3:TrackPointExtension>
            <ns3:hr>118</ns3:hr>
            <ns3:cad>49</ns3:cad>
          </ns3:TrackPointExtension>
        </extensions>
      </trkpt>
      <trkpt lat="24.4733878411352634429931640625" lon="118.1495759077370166778564453125">
        <ele>72.1999969482421875</ele>
        <time>2026-06-15T08:52:23.000Z</time>
        <extensions>
          <ns3:TrackPointExtension>
            <ns3:hr>119</ns3:hr>
            <ns3:cad>49</ns3:cad>
          </ns3:TrackPointExtension>
        </extensions>
      </trkpt>
      <trkpt lat="24.47338901460170745849609375" lon="118.1495759077370166778564453125">
        <ele>72.40000152587890625</ele>
        <time>2026-06-15T08:52:24.000Z</time>
        <extensions>
          <ns3:TrackPointExtension>
            <ns3:hr>119</ns3:hr>
            <ns3:cad>50</ns3:cad>
          </ns3:TrackPointExtension>
        </extensions>
      </trkpt>
      <trkpt lat="24.473381973803043365478515625" lon="118.14957163296639919281005859375">
        <ele>72.59999847412109375</ele>
        <time>2026-06-15T08:52:25.000Z</time>
        <extensions>
          <ns3:TrackPointExtension>
            <ns3:hr>119</ns3:hr>
            <ns3:cad>50</ns3:cad>
          </ns3:TrackPointExtension>
        </extensions>
      </trkpt>
      <trkpt lat="24.4733754359185695648193359375" lon="118.14956408925354480743408203125">
        <ele>72.8000030517578125</ele>
        <time>2026-06-15T08:52:26.000Z</time>
        <extensions>
          <ns3:TrackPointExtension>
            <ns3:hr>120</ns3:hr>
            <ns3:cad>50</ns3:cad>
          </ns3:TrackPointExtension>
        </extensions>
      </trkpt>
      <trkpt lat="24.47336546145379543304443359375" lon="118.14955553971230983734130859375">
        <ele>73</ele>
        <time>2026-06-15T08:52:27.000Z</time>
        <extensions>
          <ns3:TrackPointExtension>
            <ns3:hr>120</ns3:hr>
            <ns3:cad>51</ns3:cad>
          </ns3:TrackPointExtension>
        </extensions>
      </trkpt>
      <trkpt lat="24.47335758246481418609619140625" lon="118.14954933710396289825439453125">
        <ele>73</ele>
        <time>2026-06-15T08:52:28.000Z</time>
        <extensions>
          <ns3:TrackPointExtension>
            <ns3:hr>120</ns3:hr>
            <ns3:cad>51</ns3:cad>
          </ns3:TrackPointExtension>
        </extensions>
      </trkpt>
      <trkpt lat="24.473350457847118377685546875" lon="118.14954263158142566680908203125">
        <ele>73.40000152587890625</ele>
        <time>2026-06-15T08:52:29.000Z</time>
        <extensions>
          <ns3:TrackPointExtension>
            <ns3:hr>120</ns3:hr>
            <ns3:cad>51</ns3:cad>
          </ns3:TrackPointExtension>
        </extensions>
      </trkpt>
      <trkpt lat="24.47334165684878826141357421875" lon="118.14953693188726902008056640625">
        <ele>73.40000152587890625</ele>
        <time>2026-06-15T08:52:30.000Z</time>
        <extensions>
          <ns3:TrackPointExtension>
            <ns3:hr>120</ns3:hr>
            <ns3:cad>51</ns3:cad>
          </ns3:TrackPointExtension>
        </extensions>
      </trkpt>
      <trkpt lat="24.4733311794698238372802734375" lon="118.149529136717319488525390625">
        <ele>73.59999847412109375</ele>
        <time>2026-06-15T08:52:31.000Z</time>
        <extensions>
          <ns3:TrackPointExtension>
            <ns3:hr>121</ns3:hr>
            <ns3:cad>47</ns3:cad>
          </ns3:TrackPointExtension>
        </extensions>
      </trkpt>
      <trkpt lat="24.47332522831857204437255859375" lon="118.14952251501381397247314453125">
        <ele>73.8000030517578125</ele>
        <time>2026-06-15T08:52:32.000Z</time>
        <extensions>
          <ns3:TrackPointExtension>
            <ns3:hr>121</ns3:hr>
            <ns3:cad>0</ns3:cad>
          </ns3:TrackPointExtension>
        </extensions>
      </trkpt>
      <trkpt lat="24.47331567294895648956298828125" lon="118.14951681531965732574462890625">
        <ele>74</ele>
        <time>2026-06-15T08:52:33.000Z</time>
        <extensions>
          <ns3:TrackPointExtension>
            <ns3:hr>122</ns3:hr>
            <ns3:cad>0</ns3:cad>
          </ns3:TrackPointExtension>
        </extensions>
      </trkpt>
      <trkpt lat="24.4733036868274211883544921875" lon="118.14951329492032527923583984375">
        <ele>74</ele>
        <time>2026-06-15T08:52:34.000Z</time>
        <extensions>
          <ns3:TrackPointExtension>
            <ns3:hr>122</ns3:hr>
            <ns3:cad>0</ns3:cad>
          </ns3:TrackPointExtension>
        </extensions>
      </trkpt>
      <trkpt lat="24.47329605929553508758544921875" lon="118.14951228909194469451904296875">
        <ele>74.1999969482421875</ele>
        <time>2026-06-15T08:52:35.000Z</time>
        <extensions>
          <ns3:TrackPointExtension>
            <ns3:hr>123</ns3:hr>
            <ns3:cad>0</ns3:cad>
          </ns3:TrackPointExtension>
        </extensions>
      </trkpt>
      <trkpt lat="24.47329019196331501007080078125" lon="118.14951044507324695587158203125">
        <ele>74.40000152587890625</ele>
        <time>2026-06-15T08:52:36.000Z</time>
        <extensions>
          <ns3:TrackPointExtension>
            <ns3:hr>123</ns3:hr>
            <ns3:cad>79</ns3:cad>
          </ns3:TrackPointExtension>
        </extensions>
      </trkpt>
      <trkpt lat="24.47328348644077777862548828125" lon="118.14951010979712009429931640625">
        <ele>74.40000152587890625</ele>
        <time>2026-06-15T08:52:37.000Z</time>
        <extensions>
          <ns3:TrackPointExtension>
            <ns3:hr>124</ns3:hr>
            <ns3:cad>79</ns3:cad>
          </ns3:TrackPointExtension>
        </extensions>
      </trkpt>
      <trkpt lat="24.473278038203716278076171875" lon="118.14951413311064243316650390625">
        <ele>74.59999847412109375</ele>
        <time>2026-06-15T08:52:38.000Z</time>
        <extensions>
          <ns3:TrackPointExtension>
            <ns3:hr>125</ns3:hr>
            <ns3:cad>79</ns3:cad>
          </ns3:TrackPointExtension>
        </extensions>
      </trkpt>
      <trkpt lat="24.47327141650021076202392578125" lon="118.14951513893902301788330078125">
        <ele>74.8000030517578125</ele>
        <time>2026-06-15T08:52:39.000Z</time>
        <extensions>
          <ns3:TrackPointExtension>
            <ns3:hr>125</ns3:hr>
            <ns3:cad>79</ns3:cad>
          </ns3:TrackPointExtension>
        </extensions>
      </trkpt>
      <trkpt lat="24.4732634536921977996826171875" lon="118.14951849170029163360595703125">
        <ele>74.8000030517578125</ele>
        <time>2026-06-15T08:52:40.000Z</time>
        <extensions>
          <ns3:TrackPointExtension>
            <ns3:hr>124</ns3:hr>
            <ns3:cad>79</ns3:cad>
          </ns3:TrackPointExtension>
        </extensions>
      </trkpt>
      <trkpt lat="24.4732533954083919525146484375" lon="118.14952184446156024932861328125">
        <ele>75</ele>
        <time>2026-06-15T08:52:41.000Z</time>
        <extensions>
          <ns3:TrackPointExtension>
            <ns3:hr>124</ns3:hr>
            <ns3:cad>78</ns3:cad>
          </ns3:TrackPointExtension>
        </extensions>
      </trkpt>
      <trkpt lat="24.4732423312962055206298828125" lon="118.14952586777508258819580078125">
        <ele>75.1999969482421875</ele>
        <time>2026-06-15T08:52:42.000Z</time>
        <extensions>
          <ns3:TrackPointExtension>
            <ns3:hr>124</ns3:hr>
            <ns3:cad>78</ns3:cad>
          </ns3:TrackPointExtension>
        </extensions>
      </trkpt>
      <trkpt lat="24.4732319377362728118896484375" lon="118.149529807269573211669921875">
        <ele>75.1999969482421875</ele>
        <time>2026-06-15T08:52:43.000Z</time>
        <extensions>
          <ns3:TrackPointExtension>
            <ns3:hr>124</ns3:hr>
            <ns3:cad>0</ns3:cad>
          </ns3:TrackPointExtension>
        </extensions>
      </trkpt>
      <trkpt lat="24.47322146035730838775634765625" lon="118.14953357912600040435791015625">
        <ele>75.40000152587890625</ele>
        <time>2026-06-15T08:52:44.000Z</time>
        <extensions>
          <ns3:TrackPointExtension>
            <ns3:hr>124</ns3:hr>
            <ns3:cad>0</ns3:cad>
          </ns3:TrackPointExtension>
        </extensions>
      </trkpt>
      <trkpt lat="24.4732088036835193634033203125" lon="118.14953575842082500457763671875">
        <ele>75.40000152587890625</ele>
        <time>2026-06-15T08:52:45.000Z</time>
        <extensions>
          <ns3:TrackPointExtension>
            <ns3:hr>124</ns3:hr>
            <ns3:cad>0</ns3:cad>
          </ns3:TrackPointExtension>
        </extensions>
      </trkpt>
      <trkpt lat="24.47319698520004749298095703125" lon="118.14953575842082500457763671875">
        <ele>75.40000152587890625</ele>
        <time>2026-06-15T08:52:46.000Z</time>
        <extensions>
          <ns3:TrackPointExtension>
            <ns3:hr>124</ns3:hr>
            <ns3:cad>0</ns3:cad>
          </ns3:TrackPointExtension>
        </extensions>
      </trkpt>
      <trkpt lat="24.4731906987726688385009765625" lon="118.14953542314469814300537109375">
        <ele>75.1999969482421875</ele>
        <time>2026-06-15T08:52:47.000Z</time>
        <extensions>
          <ns3:TrackPointExtension>
            <ns3:hr>124</ns3:hr>
            <ns3:cad>0</ns3:cad>
          </ns3:TrackPointExtension>
        </extensions>
      </trkpt>
      <trkpt lat="24.47318173013627529144287109375" lon="118.14953726716339588165283203125">
        <ele>75.1999969482421875</ele>
        <time>2026-06-15T08:52:48.000Z</time>
        <extensions>
          <ns3:TrackPointExtension>
            <ns3:hr>123</ns3:hr>
            <ns3:cad>0</ns3:cad>
          </ns3:TrackPointExtension>
        </extensions>
      </trkpt>
      <trkpt lat="24.47317468933761119842529296875" lon="118.14953751862049102783203125">
        <ele>75.1999969482421875</ele>
        <time>2026-06-15T08:52:49.000Z</time>
        <extensions>
          <ns3:TrackPointExtension>
            <ns3:hr>123</ns3:hr>
            <ns3:cad>0</ns3:cad>
          </ns3:TrackPointExtension>
        </extensions>
      </trkpt>
      <trkpt lat="24.473171420395374298095703125" lon="118.1495356746017932891845703125">
        <ele>75.1999969482421875</ele>
        <time>2026-06-15T08:52:50.000Z</time>
        <extensions>
          <ns3:TrackPointExtension>
            <ns3:hr>123</ns3:hr>
            <ns3:cad>53</ns3:cad>
          </ns3:TrackPointExtension>
        </extensions>
      </trkpt>
      <trkpt lat="24.4731618650257587432861328125" lon="118.1495339982211589813232421875">
        <ele>75.1999969482421875</ele>
        <time>2026-06-15T08:52:51.000Z</time>
        <extensions>
          <ns3:TrackPointExtension>
            <ns3:hr>124</ns3:hr>
            <ns3:cad>53</ns3:cad>
          </ns3:TrackPointExtension>
        </extensions>
      </trkpt>
      <trkpt lat="24.47315423749387264251708984375" lon="118.14953215420246124267578125">
        <ele>75.1999969482421875</ele>
        <time>2026-06-15T08:52:52.000Z</time>
        <extensions>
          <ns3:TrackPointExtension>
            <ns3:hr>124</ns3:hr>
            <ns3:cad>53</ns3:cad>
          </ns3:TrackPointExtension>
        </extensions>
      </trkpt>
      <trkpt lat="24.4731461070477962493896484375" lon="118.14953056164085865020751953125">
        <ele>75.40000152587890625</ele>
        <time>2026-06-15T08:52:53.000Z</time>
        <extensions>
          <ns3:TrackPointExtension>
            <ns3:hr>124</ns3:hr>
            <ns3:cad>50</ns3:cad>
          </ns3:TrackPointExtension>
        </extensions>
      </trkpt>
      <trkpt lat="24.47314149700105190277099609375" lon="118.149526119232177734375">
        <ele>75.40000152587890625</ele>
        <time>2026-06-15T08:52:54.000Z</time>
        <extensions>
          <ns3:TrackPointExtension>
            <ns3:hr>124</ns3:hr>
            <ns3:cad>49</ns3:cad>
          </ns3:TrackPointExtension>
        </extensions>
      </trkpt>
      <trkpt lat="24.47313420474529266357421875" lon="118.14951865933835506439208984375">
        <ele>75.40000152587890625</ele>
        <time>2026-06-15T08:52:55.000Z</time>
        <extensions>
          <ns3:TrackPointExtension>
            <ns3:hr>124</ns3:hr>
            <ns3:cad>49</ns3:cad>
          </ns3:TrackPointExtension>
        </extensions>
      </trkpt>
      <trkpt lat="24.47312858887016773223876953125" lon="118.14951069653034210205078125">
        <ele>75.40000152587890625</ele>
        <time>2026-06-15T08:52:56.000Z</time>
        <extensions>
          <ns3:TrackPointExtension>
            <ns3:hr>124</ns3:hr>
            <ns3:cad>52</ns3:cad>
          </ns3:TrackPointExtension>
        </extensions>
      </trkpt>
      <trkpt lat="24.47312121279537677764892578125" lon="118.1495031528174877166748046875">
        <ele>75.40000152587890625</ele>
        <time>2026-06-15T08:52:57.000Z</time>
        <extensions>
          <ns3:TrackPointExtension>
            <ns3:hr>124</ns3:hr>
            <ns3:cad>52</ns3:cad>
          </ns3:TrackPointExtension>
        </extensions>
      </trkpt>
      <trkpt lat="24.47311366908252239227294921875" lon="118.14950021915137767791748046875">
        <ele>75.1999969482421875</ele>
        <time>2026-06-15T08:52:58.000Z</time>
        <extensions>
          <ns3:TrackPointExtension>
            <ns3:hr>124</ns3:hr>
            <ns3:cad>52</ns3:cad>
          </ns3:TrackPointExtension>
        </extensions>
      </trkpt>
      <trkpt lat="24.47309941984713077545166015625" lon="118.14949234016239643096923828125">
        <ele>74.8000030517578125</ele>
        <time>2026-06-15T08:52:59.000Z</time>
        <extensions>
          <ns3:TrackPointExtension>
            <ns3:hr>123</ns3:hr>
            <ns3:cad>0</ns3:cad>
          </ns3:TrackPointExtension>
        </extensions>
      </trkpt>
      <trkpt lat="24.4730867631733417510986328125" lon="118.14949116669595241546630859375">
        <ele>74.59999847412109375</ele>
        <time>2026-06-15T08:53:00.000Z</time>
        <extensions>
          <ns3:TrackPointExtension>
            <ns3:hr>121</ns3:hr>
            <ns3:cad>0</ns3:cad>
          </ns3:TrackPointExtension>
        </extensions>
      </trkpt>
      <trkpt lat="24.47307921946048736572265625" lon="118.14949854277074337005615234375">
        <ele>74.40000152587890625</ele>
        <time>2026-06-15T08:53:01.000Z</time>
        <extensions>
          <ns3:TrackPointExtension>
            <ns3:hr>119</ns3:hr>
            <ns3:cad>0</ns3:cad>
          </ns3:TrackPointExtension>
        </extensions>
      </trkpt>
      <trkpt lat="24.47307410649955272674560546875" lon="118.14950122497975826263427734375">
        <ele>74.1999969482421875</ele>
        <time>2026-06-15T08:53:02.000Z</time>
        <extensions>
          <ns3:TrackPointExtension>
            <ns3:hr>118</ns3:hr>
            <ns3:cad>0</ns3:cad>
          </ns3:TrackPointExtension>
        </extensions>
      </trkpt>
      <trkpt lat="24.4730679877102375030517578125" lon="118.14950441010296344757080078125">
        <ele>74.40000152587890625</ele>
        <time>2026-06-15T08:53:03.000Z</time>
        <extensions>
          <ns3:TrackPointExtension>
            <ns3:hr>118</ns3:hr>
            <ns3:cad>0</ns3:cad>
          </ns3:TrackPointExtension>
        </extensions>
      </trkpt>
      <trkpt lat="24.47306002490222454071044921875" lon="118.14950935542583465576171875">
        <ele>74.40000152587890625</ele>
        <time>2026-06-15T08:53:04.000Z</time>
        <extensions>
          <ns3:TrackPointExtension>
            <ns3:hr>118</ns3:hr>
            <ns3:cad>0</ns3:cad>
          </ns3:TrackPointExtension>
        </extensions>
      </trkpt>
      <trkpt lat="24.4730530679225921630859375" lon="118.14951379783451557159423828125">
        <ele>74.8000030517578125</ele>
        <time>2026-06-15T08:53:05.000Z</time>
        <extensions>
          <ns3:TrackPointExtension>
            <ns3:hr>118</ns3:hr>
            <ns3:cad>0</ns3:cad>
          </ns3:TrackPointExtension>
        </extensions>
      </trkpt>
      <trkpt lat="24.473049379885196685791015625" lon="118.1495202518999576568603515625">
        <ele>75</ele>
        <time>2026-06-15T08:53:06.000Z</time>
        <extensions>
          <ns3:TrackPointExtension>
            <ns3:hr>118</ns3:hr>
            <ns3:cad>0</ns3:cad>
          </ns3:TrackPointExtension>
        </extensions>
      </trkpt>
      <trkpt lat="24.473043344914913177490234375" lon="118.14953081309795379638671875">
        <ele>75.1999969482421875</ele>
        <time>2026-06-15T08:53:07.000Z</time>
        <extensions>
          <ns3:TrackPointExtension>
            <ns3:hr>117</ns3:hr>
            <ns3:cad>0</ns3:cad>
          </ns3:TrackPointExtension>
        </extensions>
      </trkpt>
      <trkpt lat="24.47303705848753452301025390625" lon="118.14954263158142566680908203125">
        <ele>75.59999847412109375</ele>
        <time>2026-06-15T08:53:08.000Z</time>
        <extensions>
          <ns3:TrackPointExtension>
            <ns3:hr>117</ns3:hr>
            <ns3:cad>0</ns3:cad>
          </ns3:TrackPointExtension>
        </extensions>
      </trkpt>
      <trkpt lat="24.47303093969821929931640625" lon="118.1495534442365169525146484375">
        <ele>75.8000030517578125</ele>
        <time>2026-06-15T08:53:09.000Z</time>
        <extensions>
          <ns3:TrackPointExtension>
            <ns3:hr>117</ns3:hr>
            <ns3:cad>54</ns3:cad>
          </ns3:TrackPointExtension>
        </extensions>
      </trkpt>
      <trkpt lat="24.473027922213077545166015625" lon="118.1495604850351810455322265625">
        <ele>76</ele>
        <time>2026-06-15T08:53:10.000Z</time>
        <extensions>
          <ns3:TrackPointExtension>
            <ns3:hr>117</ns3:hr>
            <ns3:cad>55</ns3:cad>
          </ns3:TrackPointExtension>
        </extensions>
      </trkpt>
      <trkpt lat="24.47302415035665035247802734375" lon="118.14957163296639919281005859375">
        <ele>76.1999969482421875</ele>
        <time>2026-06-15T08:53:11.000Z</time>
        <extensions>
          <ns3:TrackPointExtension>
            <ns3:hr>118</ns3:hr>
            <ns3:cad>54</ns3:cad>
          </ns3:TrackPointExtension>
        </extensions>
      </trkpt>
      <trkpt lat="24.47301895357668399810791015625" lon="118.14958219416439533233642578125">
        <ele>76.40000152587890625</ele>
        <time>2026-06-15T08:53:12.000Z</time>
        <extensions>
          <ns3:TrackPointExtension>
            <ns3:hr>118</ns3:hr>
            <ns3:cad>0</ns3:cad>
          </ns3:TrackPointExtension>
        </extensions>
      </trkpt>
      <trkpt lat="24.4730143435299396514892578125" lon="118.14959158189594745635986328125">
        <ele>76.59999847412109375</ele>
        <time>2026-06-15T08:53:13.000Z</time>
        <extensions>
          <ns3:TrackPointExtension>
            <ns3:hr>118</ns3:hr>
            <ns3:cad>0</ns3:cad>
          </ns3:TrackPointExtension>
        </extensions>
      </trkpt>
      <trkpt lat="24.47300923056900501251220703125" lon="118.1496025621891021728515625">
        <ele>76.8000030517578125</ele>
        <time>2026-06-15T08:53:14.000Z</time>
        <extensions>
          <ns3:TrackPointExtension>
            <ns3:hr>118</ns3:hr>
            <ns3:cad>0</ns3:cad>
          </ns3:TrackPointExtension>
        </extensions>
      </trkpt>
      <trkpt lat="24.4730074703693389892578125" lon="118.1496106088161468505859375">
        <ele>77</ele>
        <time>2026-06-15T08:53:15.000Z</time>
        <extensions>
          <ns3:TrackPointExtension>
            <ns3:hr>119</ns3:hr>
            <ns3:cad>0</ns3:cad>
          </ns3:TrackPointExtension>
        </extensions>
      </trkpt>
      <trkpt lat="24.47300554253160953521728515625" lon="118.14961488358676433563232421875">
        <ele>77.1999969482421875</ele>
        <time>2026-06-15T08:53:16.000Z</time>
        <extensions>
          <ns3:TrackPointExtension>
            <ns3:hr>118</ns3:hr>
            <ns3:cad>0</ns3:cad>
          </ns3:TrackPointExtension>
        </extensions>
      </trkpt>
      <trkpt lat="24.472999759018421173095703125" lon="118.14962309785187244415283203125">
        <ele>77.40000152587890625</ele>
        <time>2026-06-15T08:53:17.000Z</time>
        <extensions>
          <ns3:TrackPointExtension>
            <ns3:hr>118</ns3:hr>
            <ns3:cad>62</ns3:cad>
          </ns3:TrackPointExtension>
        </extensions>
      </trkpt>
      <trkpt lat="24.47299213148653507232666015625" lon="118.1496320664882659912109375">
        <ele>77.59999847412109375</ele>
        <time>2026-06-15T08:53:18.000Z</time>
        <extensions>
          <ns3:TrackPointExtension>
            <ns3:hr>119</ns3:hr>
            <ns3:cad>62</ns3:cad>
          </ns3:TrackPointExtension>
        </extensions>
      </trkpt>
      <trkpt lat="24.472981654107570648193359375" lon="118.14964321441948413848876953125">
        <ele>77.59999847412109375</ele>
        <time>2026-06-15T08:53:19.000Z</time>
        <extensions>
          <ns3:TrackPointExtension>
            <ns3:hr>118</ns3:hr>
            <ns3:cad>62</ns3:cad>
          </ns3:TrackPointExtension>
        </extensions>
      </trkpt>
      <trkpt lat="24.472972936928272247314453125" lon="118.14964958466589450836181640625">
        <ele>77.8000030517578125</ele>
        <time>2026-06-15T08:53:20.000Z</time>
        <extensions>
          <ns3:TrackPointExtension>
            <ns3:hr>118</ns3:hr>
            <ns3:cad>53</ns3:cad>
          </ns3:TrackPointExtension>
        </extensions>
      </trkpt>
      <trkpt lat="24.47296665050089359283447265625" lon="118.1496540270745754241943359375">
        <ele>78</ele>
        <time>2026-06-15T08:53:21.000Z</time>
        <extensions>
          <ns3:TrackPointExtension>
            <ns3:hr>118</ns3:hr>
            <ns3:cad>53</ns3:cad>
          </ns3:TrackPointExtension>
        </extensions>
      </trkpt>
      <trkpt lat="24.47295793332159519195556640625" lon="118.1496593914926052093505859375">
        <ele>78.1999969482421875</ele>
        <time>2026-06-15T08:53:22.000Z</time>
        <extensions>
          <ns3:TrackPointExtension>
            <ns3:hr>118</ns3:hr>
            <ns3:cad>53</ns3:cad>
          </ns3:TrackPointExtension>
        </extensions>
      </trkpt>
      <trkpt lat="24.47294703684747219085693359375" lon="118.14966249279677867889404296875">
        <ele>78.40000152587890625</ele>
        <time>2026-06-15T08:53:23.000Z</time>
        <extensions>
          <ns3:TrackPointExtension>
            <ns3:hr>119</ns3:hr>
            <ns3:cad>53</ns3:cad>
          </ns3:TrackPointExtension>
        </extensions>
      </trkpt>
      <trkpt lat="24.4729348830878734588623046875" lon="118.149664588272571563720703125">
        <ele>78.40000152587890625</ele>
        <time>2026-06-15T08:53:24.000Z</time>
        <extensions>
          <ns3:TrackPointExtension>
            <ns3:hr>118</ns3:hr>
            <ns3:cad>53</ns3:cad>
          </ns3:TrackPointExtension>
        </extensions>
      </trkpt>
      <trkpt lat="24.47291987948119640350341796875" lon="118.1496650911867618560791015625">
        <ele>78.59999847412109375</ele>
        <time>2026-06-15T08:53:25.000Z</time>
        <extensions>
          <ns3:TrackPointExtension>
            <ns3:hr>118</ns3:hr>
            <ns3:cad>53</ns3:cad>
          </ns3:TrackPointExtension>
        </extensions>
      </trkpt>
      <trkpt lat="24.47290797717869281768798828125" lon="118.14966785721480846405029296875">
        <ele>78.8000030517578125</ele>
        <time>2026-06-15T08:53:26.000Z</time>
        <extensions>
          <ns3:TrackPointExtension>
            <ns3:hr>119</ns3:hr>
            <ns3:cad>52</ns3:cad>
          </ns3:TrackPointExtension>
        </extensions>
      </trkpt>
      <trkpt lat="24.47289758361876010894775390625" lon="118.14967120997607707977294921875">
        <ele>78.8000030517578125</ele>
        <time>2026-06-15T08:53:27.000Z</time>
        <extensions>
          <ns3:TrackPointExtension>
            <ns3:hr>118</ns3:hr>
            <ns3:cad>52</ns3:cad>
          </ns3:TrackPointExtension>
        </extensions>
      </trkpt>
      <trkpt lat="24.4728879444301128387451171875" lon="118.149673976004123687744140625">
        <ele>79</ele>
        <time>2026-06-15T08:53:28.000Z</time>
        <extensions>
          <ns3:TrackPointExtension>
            <ns3:hr>118</ns3:hr>
            <ns3:cad>51</ns3:cad>
          </ns3:TrackPointExtension>
        </extensions>
      </trkpt>
      <trkpt lat="24.4728840887546539306640625" lon="118.1496776640415191650390625">
        <ele>79</ele>
        <time>2026-06-15T08:53:29.000Z</time>
        <extensions>
          <ns3:TrackPointExtension>
            <ns3:hr>119</ns3:hr>
            <ns3:cad>51</ns3:cad>
          </ns3:TrackPointExtension>
        </extensions>
      </trkpt>
      <trkpt lat="24.47288299910724163055419921875" lon="118.1496785022318363189697265625">
        <ele>79</ele>
        <time>2026-06-15T08:53:30.000Z</time>
        <extensions>
          <ns3:TrackPointExtension>
            <ns3:hr>119</ns3:hr>
            <ns3:cad>51</ns3:cad>
          </ns3:TrackPointExtension>
        </extensions>
      </trkpt>
      <trkpt lat="24.47287914343178272247314453125" lon="118.14968504011631011962890625">
        <ele>79.1999969482421875</ele>
        <time>2026-06-15T08:53:31.000Z</time>
        <extensions>
          <ns3:TrackPointExtension>
            <ns3:hr>119</ns3:hr>
            <ns3:cad>52</ns3:cad>
          </ns3:TrackPointExtension>
        </extensions>
      </trkpt>
      <trkpt lat="24.47287000715732574462890625" lon="118.1496942602097988128662109375">
        <ele>79.1999969482421875</ele>
        <time>2026-06-15T08:53:32.000Z</time>
        <extensions>
          <ns3:TrackPointExtension>
            <ns3:hr>119</ns3:hr>
            <ns3:cad>52</ns3:cad>
          </ns3:TrackPointExtension>
        </extensions>
      </trkpt>
      <trkpt lat="24.47286237962543964385986328125" lon="118.14971094019711017608642578125">
        <ele>79.40000152587890625</ele>
        <time>2026-06-15T08:53:33.000Z</time>
        <extensions>
          <ns3:TrackPointExtension>
            <ns3:hr>119</ns3:hr>
            <ns3:cad>52</ns3:cad>
          </ns3:TrackPointExtension>
        </extensions>
      </trkpt>
      <trkpt lat="24.47285215370357036590576171875" lon="118.149722255766391754150390625">
        <ele>79.40000152587890625</ele>
        <time>2026-06-15T08:53:34.000Z</time>
        <extensions>
          <ns3:TrackPointExtension>
            <ns3:hr>120</ns3:hr>
            <ns3:cad>52</ns3:cad>
          </ns3:TrackPointExtension>
        </extensions>
      </trkpt>
      <trkpt lat="24.47284578345715999603271484375" lon="118.14973658882081508636474609375">
        <ele>79.59999847412109375</ele>
        <time>2026-06-15T08:53:35.000Z</time>
        <extensions>
          <ns3:TrackPointExtension>
            <ns3:hr>120</ns3:hr>
            <ns3:cad>52</ns3:cad>
          </ns3:TrackPointExtension>
        </extensions>
      </trkpt>
      <trkpt lat="24.47283689863979816436767578125" lon="118.14974497072398662567138671875">
        <ele>79.59999847412109375</ele>
        <time>2026-06-15T08:53:36.000Z</time>
        <extensions>
          <ns3:TrackPointExtension>
            <ns3:hr>120</ns3:hr>
            <ns3:cad>52</ns3:cad>
          </ns3:TrackPointExtension>
        </extensions>
      </trkpt>
      <trkpt lat="24.472825415432453155517578125" lon="118.14975343644618988037109375">
        <ele>79.8000030517578125</ele>
        <time>2026-06-15T08:53:37.000Z</time>
        <extensions>
          <ns3:TrackPointExtension>
            <ns3:hr>120</ns3:hr>
            <ns3:cad>52</ns3:cad>
          </ns3:TrackPointExtension>
        </extensions>
      </trkpt>
      <trkpt lat="24.47281309403479099273681640625" lon="118.14975955523550510406494140625">
        <ele>80.1999969482421875</ele>
        <time>2026-06-15T08:53:38.000Z</time>
        <extensions>
          <ns3:TrackPointExtension>
            <ns3:hr>120</ns3:hr>
            <ns3:cad>52</ns3:cad>
          </ns3:TrackPointExtension>
        </extensions>
      </trkpt>
      <trkpt lat="24.47279968298971652984619140625" lon="118.1497613154351711273193359375">
        <ele>80.40000152587890625</ele>
        <time>2026-06-15T08:53:39.000Z</time>
        <extensions>
          <ns3:TrackPointExtension>
            <ns3:hr>120</ns3:hr>
            <ns3:cad>52</ns3:cad>
          </ns3:TrackPointExtension>
        </extensions>
      </trkpt>
      <trkpt lat="24.47278744541108608245849609375" lon="118.14976626075804233551025390625">
        <ele>80.59999847412109375</ele>
        <time>2026-06-15T08:53:40.000Z</time>
        <extensions>
          <ns3:TrackPointExtension>
            <ns3:hr>120</ns3:hr>
            <ns3:cad>52</ns3:cad>
          </ns3:TrackPointExtension>
        </extensions>
      </trkpt>
      <trkpt lat="24.472775124013423919677734375" lon="118.1497680209577083587646484375">
        <ele>80.8000030517578125</ele>
        <time>2026-06-15T08:53:41.000Z</time>
        <extensions>
          <ns3:TrackPointExtension>
            <ns3:hr>120</ns3:hr>
            <ns3:cad>52</ns3:cad>
          </ns3:TrackPointExtension>
        </extensions>
      </trkpt>
      <trkpt lat="24.4727669097483158111572265625" lon="118.14976776950061321258544921875">
        <ele>81</ele>
        <time>2026-06-15T08:53:42.000Z</time>
        <extensions>
          <ns3:TrackPointExtension>
            <ns3:hr>119</ns3:hr>
            <ns3:cad>52</ns3:cad>
          </ns3:TrackPointExtension>
        </extensions>
      </trkpt>
      <trkpt lat="24.47275928221642971038818359375" lon="118.14977095462381839752197265625">
        <ele>81</ele>
        <time>2026-06-15T08:53:43.000Z</time>
        <extensions>
          <ns3:TrackPointExtension>
            <ns3:hr>120</ns3:hr>
            <ns3:cad>52</ns3:cad>
          </ns3:TrackPointExtension>
        </extensions>
      </trkpt>
      <trkpt lat="24.4727499783039093017578125" lon="118.14977061934769153594970703125">
        <ele>81.1999969482421875</ele>
        <time>2026-06-15T08:53:44.000Z</time>
        <extensions>
          <ns3:TrackPointExtension>
            <ns3:hr>120</ns3:hr>
            <ns3:cad>53</ns3:cad>
          </ns3:TrackPointExtension>
        </extensions>
      </trkpt>
      <trkpt lat="24.4727384112775325775146484375" lon="118.14977313391864299774169921875">
        <ele>81.1999969482421875</ele>
        <time>2026-06-15T08:53:45.000Z</time>
        <extensions>
          <ns3:TrackPointExtension>
            <ns3:hr>120</ns3:hr>
            <ns3:cad>53</ns3:cad>
          </ns3:TrackPointExtension>
        </extensions>
      </trkpt>
      <trkpt lat="24.47272575460374355316162109375" lon="118.14977665431797504425048828125">
        <ele>81.1999969482421875</ele>
        <time>2026-06-15T08:53:46.000Z</time>
        <extensions>
          <ns3:TrackPointExtension>
            <ns3:hr>120</ns3:hr>
            <ns3:cad>53</ns3:cad>
          </ns3:TrackPointExtension>
        </extensions>
      </trkpt>
      <trkpt lat="24.472713433206081390380859375" lon="118.1497770734131336212158203125">
        <ele>81.1999969482421875</ele>
        <time>2026-06-15T08:53:47.000Z</time>
        <extensions>
          <ns3:TrackPointExtension>
            <ns3:hr>120</ns3:hr>
            <ns3:cad>53</ns3:cad>
          </ns3:TrackPointExtension>
        </extensions>
      </trkpt>
      <trkpt lat="24.4727072305977344512939453125" lon="118.14977682195603847503662109375">
        <ele>81.1999969482421875</ele>
        <time>2026-06-15T08:53:48.000Z</time>
        <extensions>
          <ns3:TrackPointExtension>
            <ns3:hr>120</ns3:hr>
            <ns3:cad>53</ns3:cad>
          </ns3:TrackPointExtension>
        </extensions>
      </trkpt>
      <trkpt lat="24.47270262055099010467529296875" lon="118.14977816306054592132568359375">
        <ele>81.1999969482421875</ele>
        <time>2026-06-15T08:53:49.000Z</time>
        <extensions>
          <ns3:TrackPointExtension>
            <ns3:hr>119</ns3:hr>
            <ns3:cad>53</ns3:cad>
          </ns3:TrackPointExtension>
        </extensions>
      </trkpt>
      <trkpt lat="24.47269725613296031951904296875" lon="118.149777241051197052001953125">
        <ele>81.1999969482421875</ele>
        <time>2026-06-15T08:53:50.000Z</time>
        <extensions>
          <ns3:TrackPointExtension>
            <ns3:hr>119</ns3:hr>
            <ns3:cad>53</ns3:cad>
          </ns3:TrackPointExtension>
        </extensions>
      </trkpt>
      <trkpt lat="24.47268920950591564178466796875" lon="118.14978118054568767547607421875">
        <ele>81.40000152587890625</ele>
        <time>2026-06-15T08:53:51.000Z</time>
        <extensions>
          <ns3:TrackPointExtension>
            <ns3:hr>120</ns3:hr>
            <ns3:cad>55</ns3:cad>
          </ns3:TrackPointExtension>
        </extensions>
      </trkpt>
      <trkpt lat="24.4726827554404735565185546875" lon="118.14978335984051227569580078125">
        <ele>81.59999847412109375</ele>
        <time>2026-06-15T08:53:52.000Z</time>
        <extensions>
          <ns3:TrackPointExtension>
            <ns3:hr>119</ns3:hr>
            <ns3:cad>55</ns3:cad>
          </ns3:TrackPointExtension>
        </extensions>
      </trkpt>
      <trkpt lat="24.472676552832126617431640625" lon="118.1497884728014469146728515625">
        <ele>81.59999847412109375</ele>
        <time>2026-06-15T08:53:53.000Z</time>
        <extensions>
          <ns3:TrackPointExtension>
            <ns3:hr>120</ns3:hr>
            <ns3:cad>55</ns3:cad>
          </ns3:TrackPointExtension>
        </extensions>
      </trkpt>
      <trkpt lat="24.472669176757335662841796875" lon="118.1497943401336669921875">
        <ele>81.8000030517578125</ele>
        <time>2026-06-15T08:53:54.000Z</time>
        <extensions>
          <ns3:TrackPointExtension>
            <ns3:hr>120</ns3:hr>
            <ns3:cad>48</ns3:cad>
          </ns3:TrackPointExtension>
        </extensions>
      </trkpt>
      <trkpt lat="24.4726579450070858001708984375" lon="118.14980045892298221588134765625">
        <ele>81.8000030517578125</ele>
        <time>2026-06-15T08:53:55.000Z</time>
        <extensions>
          <ns3:TrackPointExtension>
            <ns3:hr>120</ns3:hr>
            <ns3:cad>48</ns3:cad>
          </ns3:TrackPointExtension>
        </extensions>
      </trkpt>
      <trkpt lat="24.472643025219440460205078125" lon="118.149808086454868316650390625">
        <ele>81.8000030517578125</ele>
        <time>2026-06-15T08:53:56.000Z</time>
        <extensions>
          <ns3:TrackPointExtension>
            <ns3:hr>120</ns3:hr>
            <ns3:cad>48</ns3:cad>
          </ns3:TrackPointExtension>
        </extensions>
      </trkpt>
      <trkpt lat="24.47262986563146114349365234375" lon="118.14981437288224697113037109375">
        <ele>81.8000030517578125</ele>
        <time>2026-06-15T08:53:57.000Z</time>
        <extensions>
          <ns3:TrackPointExtension>
            <ns3:hr>120</ns3:hr>
            <ns3:cad>0</ns3:cad>
          </ns3:TrackPointExtension>
        </extensions>
      </trkpt>
      <trkpt lat="24.47261829860508441925048828125" lon="118.14981537871062755584716796875">
        <ele>81.59999847412109375</ele>
        <time>2026-06-15T08:53:58.000Z</time>
        <extensions>
          <ns3:TrackPointExtension>
            <ns3:hr>120</ns3:hr>
            <ns3:cad>0</ns3:cad>
          </ns3:TrackPointExtension>
        </extensions>
      </trkpt>
      <trkpt lat="24.4726086594164371490478515625" lon="118.14981780946254730224609375">
        <ele>81.8000030517578125</ele>
        <time>2026-06-15T08:53:59.000Z</time>
        <extensions>
          <ns3:TrackPointExtension>
            <ns3:hr>120</ns3:hr>
            <ns3:cad>0</ns3:cad>
          </ns3:TrackPointExtension>
        </extensions>
      </trkpt>
      <trkpt lat="24.4725997745990753173828125" lon="118.1498166359961032867431640625">
        <ele>81.8000030517578125</ele>
        <time>2026-06-15T08:54:00.000Z</time>
        <extensions>
          <ns3:TrackPointExtension>
            <ns3:hr>120</ns3:hr>
            <ns3:cad>53</ns3:cad>
          </ns3:TrackPointExtension>
        </extensions>
      </trkpt>
      <trkpt lat="24.47259147651493549346923828125" lon="118.14981705509126186370849609375">
        <ele>82</ele>
        <time>2026-06-15T08:54:01.000Z</time>
        <extensions>
          <ns3:TrackPointExtension>
            <ns3:hr>120</ns3:hr>
            <ns3:cad>53</ns3:cad>
          </ns3:TrackPointExtension>
        </extensions>
      </trkpt>
      <trkpt lat="24.47258158586919307708740234375" lon="118.149820156395435333251953125">
        <ele>82</ele>
        <time>2026-06-15T08:54:02.000Z</time>
        <extensions>
          <ns3:TrackPointExtension>
            <ns3:hr>120</ns3:hr>
            <ns3:cad>53</ns3:cad>
          </ns3:TrackPointExtension>
        </extensions>
      </trkpt>
      <trkpt lat="24.4725737906992435455322265625" lon="118.14982225187122821807861328125">
        <ele>82.1999969482421875</ele>
        <time>2026-06-15T08:54:03.000Z</time>
        <extensions>
          <ns3:TrackPointExtension>
            <ns3:hr>120</ns3:hr>
            <ns3:cad>53</ns3:cad>
          </ns3:TrackPointExtension>
        </extensions>
      </trkpt>
      <trkpt lat="24.472565911710262298583984375" lon="118.149825520813465118408203125">
        <ele>82.1999969482421875</ele>
        <time>2026-06-15T08:54:04.000Z</time>
        <extensions>
          <ns3:TrackPointExtension>
            <ns3:hr>120</ns3:hr>
            <ns3:cad>53</ns3:cad>
          </ns3:TrackPointExtension>
        </extensions>
      </trkpt>
      <trkpt lat="24.47255644015967845916748046875" lon="118.1498303823173046112060546875">
        <ele>82.1999969482421875</ele>
        <time>2026-06-15T08:54:05.000Z</time>
        <extensions>
          <ns3:TrackPointExtension>
            <ns3:hr>120</ns3:hr>
            <ns3:cad>51</ns3:cad>
          </ns3:TrackPointExtension>
        </extensions>
      </trkpt>
      <trkpt lat="24.47254545986652374267578125" lon="118.14983616583049297332763671875">
        <ele>82.1999969482421875</ele>
        <time>2026-06-15T08:54:06.000Z</time>
        <extensions>
          <ns3:TrackPointExtension>
            <ns3:hr>120</ns3:hr>
            <ns3:cad>51</ns3:cad>
          </ns3:TrackPointExtension>
        </extensions>
      </trkpt>
      <trkpt lat="24.47253447957336902618408203125" lon="118.14984203316271305084228515625">
        <ele>82.1999969482421875</ele>
        <time>2026-06-15T08:54:07.000Z</time>
        <extensions>
          <ns3:TrackPointExtension>
            <ns3:hr>120</ns3:hr>
            <ns3:cad>51</ns3:cad>
          </ns3:TrackPointExtension>
        </extensions>
      </trkpt>
      <trkpt lat="24.47252173908054828643798828125" lon="118.14984706230461597442626953125">
        <ele>82.1999969482421875</ele>
        <time>2026-06-15T08:54:08.000Z</time>
        <extensions>
          <ns3:TrackPointExtension>
            <ns3:hr>120</ns3:hr>
            <ns3:cad>51</ns3:cad>
          </ns3:TrackPointExtension>
        </extensions>
      </trkpt>
      <trkpt lat="24.472510255873203277587890625" lon="118.14985401928424835205078125">
        <ele>82.1999969482421875</ele>
        <time>2026-06-15T08:54:09.000Z</time>
        <extensions>
          <ns3:TrackPointExtension>
            <ns3:hr>120</ns3:hr>
            <ns3:cad>51</ns3:cad>
          </ns3:TrackPointExtension>
        </extensions>
      </trkpt>
      <trkpt lat="24.4724956713616847991943359375" lon="118.1498602218925952911376953125">
        <ele>82</ele>
        <time>2026-06-15T08:54:10.000Z</time>
        <extensions>
          <ns3:TrackPointExtension>
            <ns3:hr>119</ns3:hr>
            <ns3:cad>55</ns3:cad>
          </ns3:TrackPointExtension>
        </extensions>
      </trkpt>
      <trkpt lat="24.47247974574565887451171875" lon="118.149863071739673614501953125">
        <ele>82</ele>
        <time>2026-06-15T08:54:11.000Z</time>
        <extensions>
          <ns3:TrackPointExtension>
            <ns3:hr>119</ns3:hr>
            <ns3:cad>55</ns3:cad>
          </ns3:TrackPointExtension>
        </extensions>
      </trkpt>
      <trkpt lat="24.47246574796736240386962890625" lon="118.1498665921390056610107421875">
        <ele>81.8000030517578125</ele>
        <time>2026-06-15T08:54:12.000Z</time>
        <extensions>
          <ns3:TrackPointExtension>
            <ns3:hr>119</ns3:hr>
            <ns3:cad>56</ns3:cad>
          </ns3:TrackPointExtension>
        </extensions>
      </trkpt>
      <trkpt lat="24.4724540971219539642333984375" lon="118.14987388439476490020751953125">
        <ele>81.8000030517578125</ele>
        <time>2026-06-15T08:54:13.000Z</time>
        <extensions>
          <ns3:TrackPointExtension>
            <ns3:hr>119</ns3:hr>
            <ns3:cad>57</ns3:cad>
          </ns3:TrackPointExtension>
        </extensions>
      </trkpt>
      <trkpt lat="24.47244479320943355560302734375" lon="118.14988075755536556243896484375">
        <ele>81.8000030517578125</ele>
        <time>2026-06-15T08:54:14.000Z</time>
        <extensions>
          <ns3:TrackPointExtension>
            <ns3:hr>119</ns3:hr>
            <ns3:cad>58</ns3:cad>
          </ns3:TrackPointExtension>
        </extensions>
      </trkpt>
      <trkpt lat="24.47243842296302318572998046875" lon="118.14988620579242706298828125">
        <ele>81.8000030517578125</ele>
        <time>2026-06-15T08:54:15.000Z</time>
        <extensions>
          <ns3:TrackPointExtension>
            <ns3:hr>119</ns3:hr>
            <ns3:cad>58</ns3:cad>
          </ns3:TrackPointExtension>
        </extensions>
      </trkpt>
      <trkpt lat="24.47243154980242252349853515625" lon="118.14989014528691768646240234375">
        <ele>81.8000030517578125</ele>
        <time>2026-06-15T08:54:16.000Z</time>
        <extensions>
          <ns3:TrackPointExtension>
            <ns3:hr>119</ns3:hr>
            <ns3:cad>58</ns3:cad>
          </ns3:TrackPointExtension>
        </extensions>
      </trkpt>
      <trkpt lat="24.4724205695092678070068359375" lon="118.14989433623850345611572265625">
        <ele>81.8000030517578125</ele>
        <time>2026-06-15T08:54:17.000Z</time>
        <extensions>
          <ns3:TrackPointExtension>
            <ns3:hr>119</ns3:hr>
            <ns3:cad>58</ns3:cad>
          </ns3:TrackPointExtension>
        </extensions>
      </trkpt>
      <trkpt lat="24.47240891866385936737060546875" lon="118.14989567734301090240478515625">
        <ele>82</ele>
        <time>2026-06-15T08:54:18.000Z</time>
        <extensions>
          <ns3:TrackPointExtension>
            <ns3:hr>118</ns3:hr>
            <ns3:cad>58</ns3:cad>
          </ns3:TrackPointExtension>
        </extensions>
      </trkpt>
      <trkpt lat="24.47239718399941921234130859375" lon="118.1498957611620426177978515625">
        <ele>82</ele>
        <time>2026-06-15T08:54:19.000Z</time>
        <extensions>
          <ns3:TrackPointExtension>
            <ns3:hr>118</ns3:hr>
            <ns3:cad>55</ns3:cad>
          </ns3:TrackPointExtension>
        </extensions>
      </trkpt>
      <trkpt lat="24.4723826833069324493408203125" lon="118.149894587695598602294921875">
        <ele>82.1999969482421875</ele>
        <time>2026-06-15T08:54:20.000Z</time>
        <extensions>
          <ns3:TrackPointExtension>
            <ns3:hr>118</ns3:hr>
            <ns3:cad>55</ns3:cad>
          </ns3:TrackPointExtension>
        </extensions>
      </trkpt>
      <trkpt lat="24.47237321175634860992431640625" lon="118.14989584498107433319091796875">
        <ele>82.1999969482421875</ele>
        <time>2026-06-15T08:54:21.000Z</time>
        <extensions>
          <ns3:TrackPointExtension>
            <ns3:hr>118</ns3:hr>
            <ns3:cad>51</ns3:cad>
          </ns3:TrackPointExtension>
        </extensions>
      </trkpt>
      <trkpt lat="24.472370110452175140380859375" lon="118.1498950906097888946533203125">
        <ele>82.1999969482421875</ele>
        <time>2026-06-15T08:54:22.000Z</time>
        <extensions>
          <ns3:TrackPointExtension>
            <ns3:hr>119</ns3:hr>
            <ns3:cad>51</ns3:cad>
          </ns3:TrackPointExtension>
        </extensions>
      </trkpt>
      <trkpt lat="24.47236533276736736297607421875" lon="118.149894587695598602294921875">
        <ele>82.40000152587890625</ele>
        <time>2026-06-15T08:54:23.000Z</time>
        <extensions>
          <ns3:TrackPointExtension>
            <ns3:hr>119</ns3:hr>
            <ns3:cad>52</ns3:cad>
          </ns3:TrackPointExtension>
        </extensions>
      </trkpt>
      <trkpt lat="24.47235963307321071624755859375" lon="118.1498957611620426177978515625">
        <ele>82.59999847412109375</ele>
        <time>2026-06-15T08:54:24.000Z</time>
        <extensions>
          <ns3:TrackPointExtension>
            <ns3:hr>119</ns3:hr>
            <ns3:cad>53</ns3:cad>
          </ns3:TrackPointExtension>
        </extensions>
      </trkpt>
      <trkpt lat="24.47235192172229290008544921875" lon="118.14989986829459667205810546875">
        <ele>82.59999847412109375</ele>
        <time>2026-06-15T08:54:25.000Z</time>
        <extensions>
          <ns3:TrackPointExtension>
            <ns3:hr>119</ns3:hr>
            <ns3:cad>53</ns3:cad>
          </ns3:TrackPointExtension>
        </extensions>
      </trkpt>
      <trkpt lat="24.472345300018787384033203125" lon="118.149903975427150726318359375">
        <ele>83</ele>
        <time>2026-06-15T08:54:26.000Z</time>
        <extensions>
          <ns3:TrackPointExtension>
            <ns3:hr>119</ns3:hr>
            <ns3:cad>53</ns3:cad>
          </ns3:TrackPointExtension>
        </extensions>
      </trkpt>
      <trkpt lat="24.472338259220123291015625" lon="118.1499078311026096343994140625">
        <ele>83.1999969482421875</ele>
        <time>2026-06-15T08:54:27.000Z</time>
        <extensions>
          <ns3:TrackPointExtension>
            <ns3:hr>120</ns3:hr>
            <ns3:cad>53</ns3:cad>
          </ns3:TrackPointExtension>
        </extensions>
      </trkpt>
      <trkpt lat="24.47233381681144237518310546875" lon="118.149909675121307373046875">
        <ele>83.59999847412109375</ele>
        <time>2026-06-15T08:54:28.000Z</time>
        <extensions>
          <ns3:TrackPointExtension>
            <ns3:hr>121</ns3:hr>
            <ns3:cad>53</ns3:cad>
          </ns3:TrackPointExtension>
        </extensions>
      </trkpt>
      <trkpt lat="24.4723310507833957672119140625" lon="118.14991277642548084259033203125">
        <ele>83.8000030517578125</ele>
        <time>2026-06-15T08:54:29.000Z</time>
        <extensions>
          <ns3:TrackPointExtension>
            <ns3:hr>121</ns3:hr>
            <ns3:cad>51</ns3:cad>
          </ns3:TrackPointExtension>
        </extensions>
      </trkpt>
      <trkpt lat="24.47232945822179317474365234375" lon="118.1499152071774005889892578125">
        <ele>84</ele>
        <time>2026-06-15T08:54:30.000Z</time>
        <extensions>
          <ns3:TrackPointExtension>
            <ns3:hr>122</ns3:hr>
            <ns3:cad>51</ns3:cad>
          </ns3:TrackPointExtension>
        </extensions>
      </trkpt>
      <trkpt lat="24.4723261892795562744140625" lon="118.149918057024478912353515625">
        <ele>84.1999969482421875</ele>
        <time>2026-06-15T08:54:31.000Z</time>
        <extensions>
          <ns3:TrackPointExtension>
            <ns3:hr>122</ns3:hr>
            <ns3:cad>51</ns3:cad>
          </ns3:TrackPointExtension>
        </extensions>
      </trkpt>
      <trkpt lat="24.4723219983279705047607421875" lon="118.14992249943315982818603515625">
        <ele>84.40000152587890625</ele>
        <time>2026-06-15T08:54:32.000Z</time>
        <extensions>
          <ns3:TrackPointExtension>
            <ns3:hr>122</ns3:hr>
            <ns3:cad>55</ns3:cad>
          </ns3:TrackPointExtension>
        </extensions>
      </trkpt>
      <trkpt lat="24.47231839410960674285888671875" lon="118.14992987550795078277587890625">
        <ele>84.59999847412109375</ele>
        <time>2026-06-15T08:54:33.000Z</time>
        <extensions>
          <ns3:TrackPointExtension>
            <ns3:hr>122</ns3:hr>
            <ns3:cad>55</ns3:cad>
          </ns3:TrackPointExtension>
        </extensions>
      </trkpt>
      <trkpt lat="24.47232007049024105072021484375" lon="118.14993523992598056793212890625">
        <ele>84.8000030517578125</ele>
        <time>2026-06-15T08:54:34.000Z</time>
        <extensions>
          <ns3:TrackPointExtension>
            <ns3:hr>123</ns3:hr>
            <ns3:cad>55</ns3:cad>
          </ns3:TrackPointExtension>
        </extensions>
      </trkpt>
      <trkpt lat="24.472323171794414520263671875" lon="118.14994194544851779937744140625">
        <ele>85</ele>
        <time>2026-06-15T08:54:35.000Z</time>
        <extensions>
          <ns3:TrackPointExtension>
            <ns3:hr>123</ns3:hr>
            <ns3:cad>55</ns3:cad>
          </ns3:TrackPointExtension>
        </extensions>
      </trkpt>
      <trkpt lat="24.47232526727020740509033203125" lon="118.14995116554200649261474609375">
        <ele>85.1999969482421875</ele>
        <time>2026-06-15T08:54:36.000Z</time>
        <extensions>
          <ns3:TrackPointExtension>
            <ns3:hr>123</ns3:hr>
            <ns3:cad>55</ns3:cad>
          </ns3:TrackPointExtension>
        </extensions>
      </trkpt>
      <trkpt lat="24.47232509963214397430419921875" lon="118.14995971508324146270751953125">
        <ele>85.40000152587890625</ele>
        <time>2026-06-15T08:54:37.000Z</time>
        <extensions>
          <ns3:TrackPointExtension>
            <ns3:hr>123</ns3:hr>
            <ns3:cad>55</ns3:cad>
          </ns3:TrackPointExtension>
        </extensions>
      </trkpt>
      <trkpt lat="24.4723270274698734283447265625" lon="118.149965666234493255615234375">
        <ele>85.40000152587890625</ele>
        <time>2026-06-15T08:54:38.000Z</time>
        <extensions>
          <ns3:TrackPointExtension>
            <ns3:hr>123</ns3:hr>
            <ns3:cad>44</ns3:cad>
          </ns3:TrackPointExtension>
        </extensions>
      </trkpt>
      <trkpt lat="24.4723243452608585357666015625" lon="118.1499780714511871337890625">
        <ele>85.59999847412109375</ele>
        <time>2026-06-15T08:54:39.000Z</time>
        <extensions>
          <ns3:TrackPointExtension>
            <ns3:hr>121</ns3:hr>
            <ns3:cad>44</ns3:cad>
          </ns3:TrackPointExtension>
        </extensions>
      </trkpt>
      <trkpt lat="24.4723223336040973663330078125" lon="118.14999542199075222015380859375">
        <ele>85.59999847412109375</ele>
        <time>2026-06-15T08:54:40.000Z</time>
        <extensions>
          <ns3:TrackPointExtension>
            <ns3:hr>120</ns3:hr>
            <ns3:cad>44</ns3:cad>
          </ns3:TrackPointExtension>
        </extensions>
      </trkpt>
      <trkpt lat="24.47232107631862163543701171875" lon="118.1500064022839069366455078125">
        <ele>85.8000030517578125</ele>
        <time>2026-06-15T08:54:41.000Z</time>
        <extensions>
          <ns3:TrackPointExtension>
            <ns3:hr>119</ns3:hr>
            <ns3:cad>44</ns3:cad>
          </ns3:TrackPointExtension>
        </extensions>
      </trkpt>
      <trkpt lat="24.47231889702379703521728515625" lon="118.15001922659575939178466796875">
        <ele>85.8000030517578125</ele>
        <time>2026-06-15T08:54:42.000Z</time>
        <extensions>
          <ns3:TrackPointExtension>
            <ns3:hr>118</ns3:hr>
            <ns3:cad>41</ns3:cad>
          </ns3:TrackPointExtension>
        </extensions>
      </trkpt>
      <trkpt lat="24.47231478989124298095703125" lon="118.15002702176570892333984375">
        <ele>85.8000030517578125</ele>
        <time>2026-06-15T08:54:43.000Z</time>
        <extensions>
          <ns3:TrackPointExtension>
            <ns3:hr>115</ns3:hr>
            <ns3:cad>41</ns3:cad>
          </ns3:TrackPointExtension>
        </extensions>
      </trkpt>
      <trkpt lat="24.47231017984449863433837890625" lon="118.15003565512597560882568359375">
        <ele>85.8000030517578125</ele>
        <time>2026-06-15T08:54:44.000Z</time>
        <extensions>
          <ns3:TrackPointExtension>
            <ns3:hr>114</ns3:hr>
            <ns3:cad>41</ns3:cad>
          </ns3:TrackPointExtension>
        </extensions>
      </trkpt>
      <trkpt lat="24.47230364196002483367919921875" lon="118.15004822798073291778564453125">
        <ele>85.59999847412109375</ele>
        <time>2026-06-15T08:54:45.000Z</time>
        <extensions>
          <ns3:TrackPointExtension>
            <ns3:hr>114</ns3:hr>
            <ns3:cad>0</ns3:cad>
          </ns3:TrackPointExtension>
        </extensions>
      </trkpt>
      <trkpt lat="24.47229928337037563323974609375" lon="118.15005560405552387237548828125">
        <ele>85.40000152587890625</ele>
        <time>2026-06-15T08:54:46.000Z</time>
        <extensions>
          <ns3:TrackPointExtension>
            <ns3:hr>114</ns3:hr>
            <ns3:cad>0</ns3:cad>
          </ns3:TrackPointExtension>
        </extensions>
      </trkpt>
      <trkpt lat="24.472294338047504425048828125" lon="118.150058872997760772705078125">
        <ele>85.40000152587890625</ele>
        <time>2026-06-15T08:54:47.000Z</time>
        <extensions>
          <ns3:TrackPointExtension>
            <ns3:hr>114</ns3:hr>
            <ns3:cad>0</ns3:cad>
          </ns3:TrackPointExtension>
        </extensions>
      </trkpt>
      <trkpt lat="24.472284279763698577880859375" lon="118.15006767399609088897705078125">
        <ele>85.40000152587890625</ele>
        <time>2026-06-15T08:54:48.000Z</time>
        <extensions>
          <ns3:TrackPointExtension>
            <ns3:hr>114</ns3:hr>
            <ns3:cad>56</ns3:cad>
          </ns3:TrackPointExtension>
        </extensions>
      </trkpt>
      <trkpt lat="24.47227179072797298431396484375" lon="118.1500734575092792510986328125">
        <ele>85.40000152587890625</ele>
        <time>2026-06-15T08:54:49.000Z</time>
        <extensions>
          <ns3:TrackPointExtension>
            <ns3:hr>114</ns3:hr>
            <ns3:cad>56</ns3:cad>
          </ns3:TrackPointExtension>
        </extensions>
      </trkpt>
      <trkpt lat="24.47225578129291534423828125" lon="118.15008091740310192108154296875">
        <ele>85.59999847412109375</ele>
        <time>2026-06-15T08:54:50.000Z</time>
        <extensions>
          <ns3:TrackPointExtension>
            <ns3:hr>115</ns3:hr>
            <ns3:cad>56</ns3:cad>
          </ns3:TrackPointExtension>
        </extensions>
      </trkpt>
      <trkpt lat="24.47224111296236515045166015625" lon="118.15008494071662425994873046875">
        <ele>85.8000030517578125</ele>
        <time>2026-06-15T08:54:51.000Z</time>
        <extensions>
          <ns3:TrackPointExtension>
            <ns3:hr>116</ns3:hr>
            <ns3:cad>0</ns3:cad>
          </ns3:TrackPointExtension>
        </extensions>
      </trkpt>
      <trkpt lat="24.472229965031147003173828125" lon="118.15009005367755889892578125">
        <ele>85.8000030517578125</ele>
        <time>2026-06-15T08:54:52.000Z</time>
        <extensions>
          <ns3:TrackPointExtension>
            <ns3:hr>116</ns3:hr>
            <ns3:cad>0</ns3:cad>
          </ns3:TrackPointExtension>
        </extensions>
      </trkpt>
      <trkpt lat="24.47222091257572174072265625" lon="118.15009583719074726104736328125">
        <ele>85.8000030517578125</ele>
        <time>2026-06-15T08:54:53.000Z</time>
        <extensions>
          <ns3:TrackPointExtension>
            <ns3:hr>116</ns3:hr>
            <ns3:cad>0</ns3:cad>
          </ns3:TrackPointExtension>
        </extensions>
      </trkpt>
      <trkpt lat="24.472211860120296478271484375" lon="118.15010036341845989227294921875">
        <ele>85.8000030517578125</ele>
        <time>2026-06-15T08:54:54.000Z</time>
        <extensions>
          <ns3:TrackPointExtension>
            <ns3:hr>115</ns3:hr>
            <ns3:cad>0</ns3:cad>
          </ns3:TrackPointExtension>
        </extensions>
      </trkpt>
      <trkpt lat="24.4722066633403301239013671875" lon="118.150107152760028839111328125">
        <ele>85.8000030517578125</ele>
        <time>2026-06-15T08:54:55.000Z</time>
        <extensions>
          <ns3:TrackPointExtension>
            <ns3:hr>115</ns3:hr>
            <ns3:cad>0</ns3:cad>
          </ns3:TrackPointExtension>
        </extensions>
      </trkpt>
      <trkpt lat="24.47219467721879482269287109375" lon="118.150116540491580963134765625">
        <ele>85.59999847412109375</ele>
        <time>2026-06-15T08:54:56.000Z</time>
        <extensions>
          <ns3:TrackPointExtension>
            <ns3:hr>114</ns3:hr>
            <ns3:cad>0</ns3:cad>
          </ns3:TrackPointExtension>
        </extensions>
      </trkpt>
      <trkpt lat="24.4721840322017669677734375" lon="118.15012349747121334075927734375">
        <ele>85.59999847412109375</ele>
        <time>2026-06-15T08:54:57.000Z</time>
        <extensions>
          <ns3:TrackPointExtension>
            <ns3:hr>114</ns3:hr>
            <ns3:cad>0</ns3:cad>
          </ns3:TrackPointExtension>
        </extensions>
      </trkpt>
      <trkpt lat="24.4721764884889125823974609375" lon="118.1501267664134502410888671875">
        <ele>85.40000152587890625</ele>
        <time>2026-06-15T08:54:58.000Z</time>
        <extensions>
          <ns3:TrackPointExtension>
            <ns3:hr>114</ns3:hr>
            <ns3:cad>0</ns3:cad>
          </ns3:TrackPointExtension>
        </extensions>
      </trkpt>
      <trkpt lat="24.47217003442347049713134765625" lon="118.15013556741178035736083984375">
        <ele>85.40000152587890625</ele>
        <time>2026-06-15T08:54:59.000Z</time>
        <extensions>
          <ns3:TrackPointExtension>
            <ns3:hr>114</ns3:hr>
            <ns3:cad>0</ns3:cad>
          </ns3:TrackPointExtension>
        </extensions>
      </trkpt>
      <trkpt lat="24.4721640832722187042236328125" lon="118.15014344640076160430908203125">
        <ele>85.1999969482421875</ele>
        <time>2026-06-15T08:55:00.000Z</time>
        <extensions>
          <ns3:TrackPointExtension>
            <ns3:hr>114</ns3:hr>
            <ns3:cad>61</ns3:cad>
          </ns3:TrackPointExtension>
        </extensions>
      </trkpt>
      <trkpt lat="24.47215653955936431884765625" lon="118.15015031956136226654052734375">
        <ele>85</ele>
        <time>2026-06-15T08:55:01.000Z</time>
        <extensions>
          <ns3:TrackPointExtension>
            <ns3:hr>114</ns3:hr>
            <ns3:cad>61</ns3:cad>
          </ns3:TrackPointExtension>
        </extensions>
      </trkpt>
      <trkpt lat="24.47214572690427303314208984375" lon="118.1501626409590244293212890625">
        <ele>85</ele>
        <time>2026-06-15T08:55:02.000Z</time>
        <extensions>
          <ns3:TrackPointExtension>
            <ns3:hr>114</ns3:hr>
            <ns3:cad>61</ns3:cad>
          </ns3:TrackPointExtension>
        </extensions>
      </trkpt>
      <trkpt lat="24.4721399433910846710205078125" lon="118.1501723639667034149169921875">
        <ele>85.1999969482421875</ele>
        <time>2026-06-15T08:55:03.000Z</time>
        <extensions>
          <ns3:TrackPointExtension>
            <ns3:hr>114</ns3:hr>
            <ns3:cad>61</ns3:cad>
          </ns3:TrackPointExtension>
        </extensions>
      </trkpt>
      <trkpt lat="24.472134076058864593505859375" lon="118.1501810811460018157958984375">
        <ele>85.1999969482421875</ele>
        <time>2026-06-15T08:55:04.000Z</time>
        <extensions>
          <ns3:TrackPointExtension>
            <ns3:hr>113</ns3:hr>
            <ns3:cad>59</ns3:cad>
          </ns3:TrackPointExtension>
        </extensions>
      </trkpt>
      <trkpt lat="24.47212628088891506195068359375" lon="118.15018887631595134735107421875">
        <ele>85.40000152587890625</ele>
        <time>2026-06-15T08:55:05.000Z</time>
        <extensions>
          <ns3:TrackPointExtension>
            <ns3:hr>112</ns3:hr>
            <ns3:cad>59</ns3:cad>
          </ns3:TrackPointExtension>
        </extensions>
      </trkpt>
      <trkpt lat="24.47211538441479206085205078125" lon="118.1501978449523448944091796875">
        <ele>85.40000152587890625</ele>
        <time>2026-06-15T08:55:06.000Z</time>
        <extensions>
          <ns3:TrackPointExtension>
            <ns3:hr>112</ns3:hr>
            <ns3:cad>59</ns3:cad>
          </ns3:TrackPointExtension>
        </extensions>
      </trkpt>
      <trkpt lat="24.47210666723549365997314453125" lon="118.15020681358873844146728515625">
        <ele>85.40000152587890625</ele>
        <time>2026-06-15T08:55:07.000Z</time>
        <extensions>
          <ns3:TrackPointExtension>
            <ns3:hr>111</ns3:hr>
            <ns3:cad>0</ns3:cad>
          </ns3:TrackPointExtension>
        </extensions>
      </trkpt>
      <trkpt lat="24.47209241800010204315185546875" lon="118.1502167880535125732421875">
        <ele>85.1999969482421875</ele>
        <time>2026-06-15T08:55:08.000Z</time>
        <extensions>
          <ns3:TrackPointExtension>
            <ns3:hr>111</ns3:hr>
            <ns3:cad>0</ns3:cad>
          </ns3:TrackPointExtension>
        </extensions>
      </trkpt>
      <trkpt lat="24.47207883931696414947509765625" lon="118.15022441558539867401123046875">
        <ele>85.1999969482421875</ele>
        <time>2026-06-15T08:55:09.000Z</time>
        <extensions>
          <ns3:TrackPointExtension>
            <ns3:hr>109</ns3:hr>
            <ns3:cad>0</ns3:cad>
          </ns3:TrackPointExtension>
        </extensions>
      </trkpt>
      <trkpt lat="24.47206928394734859466552734375" lon="118.15022659488022327423095703125">
        <ele>85.1999969482421875</ele>
        <time>2026-06-15T08:55:10.000Z</time>
        <extensions>
          <ns3:TrackPointExtension>
            <ns3:hr>108</ns3:hr>
            <ns3:cad>0</ns3:cad>
          </ns3:TrackPointExtension>
        </extensions>
      </trkpt>
      <trkpt lat="24.4720588065683841705322265625" lon="118.15022659488022327423095703125">
        <ele>85.1999969482421875</ele>
        <time>2026-06-15T08:55:11.000Z</time>
        <extensions>
          <ns3:TrackPointExtension>
            <ns3:hr>107</ns3:hr>
            <ns3:cad>55</ns3:cad>
          </ns3:TrackPointExtension>
        </extensions>
      </trkpt>
      <trkpt lat="24.47204732336103916168212890625" lon="118.1502276845276355743408203125">
        <ele>85.40000152587890625</ele>
        <time>2026-06-15T08:55:12.000Z</time>
        <extensions>
          <ns3:TrackPointExtension>
            <ns3:hr>106</ns3:hr>
            <ns3:cad>55</ns3:cad>
          </ns3:TrackPointExtension>
        </extensions>
      </trkpt>
      <trkpt lat="24.4720343314111232757568359375" lon="118.15022910945117473602294921875">
        <ele>85.8000030517578125</ele>
        <time>2026-06-15T08:55:13.000Z</time>
        <extensions>
          <ns3:TrackPointExtension>
            <ns3:hr>105</ns3:hr>
            <ns3:cad>55</ns3:cad>
          </ns3:TrackPointExtension>
        </extensions>
      </trkpt>
      <trkpt lat="24.47202418930828571319580078125" lon="118.15022827126085758209228515625">
        <ele>86</ele>
        <time>2026-06-15T08:55:14.000Z</time>
        <extensions>
          <ns3:TrackPointExtension>
            <ns3:hr>105</ns3:hr>
            <ns3:cad>55</ns3:cad>
          </ns3:TrackPointExtension>
        </extensions>
      </trkpt>
      <trkpt lat="24.4720189087092876434326171875" lon="118.1502283550798892974853515625">
        <ele>86.1999969482421875</ele>
        <time>2026-06-15T08:55:15.000Z</time>
        <extensions>
          <ns3:TrackPointExtension>
            <ns3:hr>105</ns3:hr>
            <ns3:cad>55</ns3:cad>
          </ns3:TrackPointExtension>
        </extensions>
      </trkpt>
      <trkpt lat="24.47201211936771869659423828125" lon="118.15022885799407958984375">
        <ele>86.40000152587890625</ele>
        <time>2026-06-15T08:55:16.000Z</time>
        <extensions>
          <ns3:TrackPointExtension>
            <ns3:hr>105</ns3:hr>
            <ns3:cad>53</ns3:cad>
          </ns3:TrackPointExtension>
        </extensions>
      </trkpt>
      <trkpt lat="24.4720075093209743499755859375" lon="118.1502260081470012664794921875">
        <ele>86.59999847412109375</ele>
        <time>2026-06-15T08:55:17.000Z</time>
        <extensions>
          <ns3:TrackPointExtension>
            <ns3:hr>104</ns3:hr>
            <ns3:cad>51</ns3:cad>
          </ns3:TrackPointExtension>
        </extensions>
      </trkpt>
      <trkpt lat="24.47200231254100799560546875" lon="118.15022307448089122772216796875">
        <ele>86.8000030517578125</ele>
        <time>2026-06-15T08:55:18.000Z</time>
        <extensions>
          <ns3:TrackPointExtension>
            <ns3:hr>104</ns3:hr>
            <ns3:cad>51</ns3:cad>
          </ns3:TrackPointExtension>
        </extensions>
      </trkpt>
      <trkpt lat="24.47200373746454715728759765625" lon="118.15021938644349575042724609375">
        <ele>87</ele>
        <time>2026-06-15T08:55:19.000Z</time>
        <extensions>
          <ns3:TrackPointExtension>
            <ns3:hr>104</ns3:hr>
            <ns3:cad>53</ns3:cad>
          </ns3:TrackPointExtension>
        </extensions>
      </trkpt>
      <trkpt lat="24.4719997979700565338134765625" lon="118.1502129323780536651611328125">
        <ele>87.1999969482421875</ele>
        <time>2026-06-15T08:55:20.000Z</time>
        <extensions>
          <ns3:TrackPointExtension>
            <ns3:hr>104</ns3:hr>
            <ns3:cad>54</ns3:cad>
          </ns3:TrackPointExtension>
        </extensions>
      </trkpt>
      <trkpt lat="24.471994601190090179443359375" lon="118.15020647831261157989501953125">
        <ele>87.40000152587890625</ele>
        <time>2026-06-15T08:55:21.000Z</time>
        <extensions>
          <ns3:TrackPointExtension>
            <ns3:hr>105</ns3:hr>
            <ns3:cad>55</ns3:cad>
          </ns3:TrackPointExtension>
        </extensions>
      </trkpt>
      <trkpt lat="24.4719900749623775482177734375" lon="118.1502018682658672332763671875">
        <ele>87.59999847412109375</ele>
        <time>2026-06-15T08:55:22.000Z</time>
        <extensions>
          <ns3:TrackPointExtension>
            <ns3:hr>104</ns3:hr>
            <ns3:cad>55</ns3:cad>
          </ns3:TrackPointExtension>
        </extensions>
      </trkpt>
      <trkpt lat="24.47198546491563320159912109375" lon="118.15019625239074230194091796875">
        <ele>88</ele>
        <time>2026-06-15T08:55:23.000Z</time>
        <extensions>
          <ns3:TrackPointExtension>
            <ns3:hr>104</ns3:hr>
            <ns3:cad>55</ns3:cad>
          </ns3:TrackPointExtension>
        </extensions>
      </trkpt>
      <trkpt lat="24.47197691537439823150634765625" lon="118.15019197762012481689453125">
        <ele>88.1999969482421875</ele>
        <time>2026-06-15T08:55:24.000Z</time>
        <extensions>
          <ns3:TrackPointExtension>
            <ns3:hr>104</ns3:hr>
            <ns3:cad>55</ns3:cad>
          </ns3:TrackPointExtension>
        </extensions>
      </trkpt>
      <trkpt lat="24.471977837383747100830078125" lon="118.15019306726753711700439453125">
        <ele>88.40000152587890625</ele>
        <time>2026-06-15T08:55:25.000Z</time>
        <extensions>
          <ns3:TrackPointExtension>
            <ns3:hr>105</ns3:hr>
            <ns3:cad>53</ns3:cad>
          </ns3:TrackPointExtension>
        </extensions>
      </trkpt>
      <trkpt lat="24.4719707965850830078125" lon="118.1501847691833972930908203125">
        <ele>88.59999847412109375</ele>
        <time>2026-06-15T08:55:26.000Z</time>
        <extensions>
          <ns3:TrackPointExtension>
            <ns3:hr>104</ns3:hr>
            <ns3:cad>51</ns3:cad>
          </ns3:TrackPointExtension>
        </extensions>
      </trkpt>
      <trkpt lat="24.47196367196738719940185546875" lon="118.15018317662179470062255859375">
        <ele>88.8000030517578125</ele>
        <time>2026-06-15T08:55:27.000Z</time>
        <extensions>
          <ns3:TrackPointExtension>
            <ns3:hr>104</ns3:hr>
            <ns3:cad>50</ns3:cad>
          </ns3:TrackPointExtension>
        </extensions>
      </trkpt>
      <trkpt lat="24.47195344604551792144775390625" lon="118.150178901851177215576171875">
        <ele>89</ele>
        <time>2026-06-15T08:55:28.000Z</time>
        <extensions>
          <ns3:TrackPointExtension>
            <ns3:hr>105</ns3:hr>
            <ns3:cad>46</ns3:cad>
          </ns3:TrackPointExtension>
        </extensions>
      </trkpt>
      <trkpt lat="24.47194020263850688934326171875" lon="118.1501760520040988922119140625">
        <ele>89.1999969482421875</ele>
        <time>2026-06-15T08:55:29.000Z</time>
        <extensions>
          <ns3:TrackPointExtension>
            <ns3:hr>105</ns3:hr>
            <ns3:cad>46</ns3:cad>
          </ns3:TrackPointExtension>
        </extensions>
      </trkpt>
      <trkpt lat="24.47192721068859100341796875" lon="118.1501780636608600616455078125">
        <ele>89.59999847412109375</ele>
        <time>2026-06-15T08:55:30.000Z</time>
        <extensions>
          <ns3:TrackPointExtension>
            <ns3:hr>105</ns3:hr>
            <ns3:cad>46</ns3:cad>
          </ns3:TrackPointExtension>
        </extensions>
      </trkpt>
      <trkpt lat="24.4719210080802440643310546875" lon="118.150178901851177215576171875">
        <ele>90</ele>
        <time>2026-06-15T08:55:31.000Z</time>
        <extensions>
          <ns3:TrackPointExtension>
            <ns3:hr>106</ns3:hr>
            <ns3:cad>49</ns3:cad>
          </ns3:TrackPointExtension>
        </extensions>
      </trkpt>
      <trkpt lat="24.4719119556248188018798828125" lon="118.15017781220376491546630859375">
        <ele>90.1999969482421875</ele>
        <time>2026-06-15T08:55:32.000Z</time>
        <extensions>
          <ns3:TrackPointExtension>
            <ns3:hr>106</ns3:hr>
            <ns3:cad>49</ns3:cad>
          </ns3:TrackPointExtension>
        </extensions>
      </trkpt>
      <trkpt lat="24.47190566919744014739990234375" lon="118.15017680637538433074951171875">
        <ele>90.40000152587890625</ele>
        <time>2026-06-15T08:55:33.000Z</time>
        <extensions>
          <ns3:TrackPointExtension>
            <ns3:hr>107</ns3:hr>
            <ns3:cad>50</ns3:cad>
          </ns3:TrackPointExtension>
        </extensions>
      </trkpt>
      <trkpt lat="24.4719002209603786468505859375" lon="118.1501773931086063385009765625">
        <ele>90.40000152587890625</ele>
        <time>2026-06-15T08:55:34.000Z</time>
        <extensions>
          <ns3:TrackPointExtension>
            <ns3:hr>108</ns3:hr>
            <ns3:cad>50</ns3:cad>
          </ns3:TrackPointExtension>
        </extensions>
      </trkpt>
      <trkpt lat="24.47189343161880970001220703125" lon="118.1501753814518451690673828125">
        <ele>90.59999847412109375</ele>
        <time>2026-06-15T08:55:35.000Z</time>
        <extensions>
          <ns3:TrackPointExtension>
            <ns3:hr>108</ns3:hr>
            <ns3:cad>50</ns3:cad>
          </ns3:TrackPointExtension>
        </extensions>
      </trkpt>
      <trkpt lat="24.47188940830528736114501953125" lon="118.15017429180443286895751953125">
        <ele>90.8000030517578125</ele>
        <time>2026-06-15T08:55:36.000Z</time>
        <extensions>
          <ns3:TrackPointExtension>
            <ns3:hr>108</ns3:hr>
            <ns3:cad>50</ns3:cad>
          </ns3:TrackPointExtension>
        </extensions>
      </trkpt>
      <trkpt lat="24.47188605554401874542236328125" lon="118.15017479471862316131591796875">
        <ele>91</ele>
        <time>2026-06-15T08:55:37.000Z</time>
        <extensions>
          <ns3:TrackPointExtension>
            <ns3:hr>109</ns3:hr>
            <ns3:cad>50</ns3:cad>
          </ns3:TrackPointExtension>
        </extensions>
      </trkpt>
      <trkpt lat="24.47188253514468669891357421875" lon="118.15017747692763805389404296875">
        <ele>91.1999969482421875</ele>
        <time>2026-06-15T08:55:38.000Z</time>
        <extensions>
          <ns3:TrackPointExtension>
            <ns3:hr>109</ns3:hr>
            <ns3:cad>50</ns3:cad>
          </ns3:TrackPointExtension>
        </extensions>
      </trkpt>
      <trkpt lat="24.47188270278275012969970703125" lon="118.15018066205084323883056640625">
        <ele>91.59999847412109375</ele>
        <time>2026-06-15T08:55:39.000Z</time>
        <extensions>
          <ns3:TrackPointExtension>
            <ns3:hr>110</ns3:hr>
            <ns3:cad>50</ns3:cad>
          </ns3:TrackPointExtension>
        </extensions>
      </trkpt>
      <trkpt lat="24.47188136167824268341064453125" lon="118.150184266269207000732421875">
        <ele>91.8000030517578125</ele>
        <time>2026-06-15T08:55:40.000Z</time>
        <extensions>
          <ns3:TrackPointExtension>
            <ns3:hr>116</ns3:hr>
            <ns3:cad>50</ns3:cad>
          </ns3:TrackPointExtension>
        </extensions>
      </trkpt>
      <trkpt lat="24.47187348268926143646240234375" lon="118.1501874513924121856689453125">
        <ele>92</ele>
        <time>2026-06-15T08:55:41.000Z</time>
        <extensions>
          <ns3:TrackPointExtension>
            <ns3:hr>118</ns3:hr>
            <ns3:cad>52</ns3:cad>
          </ns3:TrackPointExtension>
        </extensions>
      </trkpt>
      <trkpt lat="24.47186551988124847412109375" lon="118.150191642343997955322265625">
        <ele>92.1999969482421875</ele>
        <time>2026-06-15T08:55:42.000Z</time>
        <extensions>
          <ns3:TrackPointExtension>
            <ns3:hr>117</ns3:hr>
            <ns3:cad>52</ns3:cad>
          </ns3:TrackPointExtension>
        </extensions>
      </trkpt>
      <trkpt lat="24.471856467425823211669921875" lon="118.15019792877137660980224609375">
        <ele>92.40000152587890625</ele>
        <time>2026-06-15T08:55:43.000Z</time>
        <extensions>
          <ns3:TrackPointExtension>
            <ns3:hr>117</ns3:hr>
            <ns3:cad>53</ns3:cad>
          </ns3:TrackPointExtension>
        </extensions>
      </trkpt>
      <trkpt lat="24.47184766642749309539794921875" lon="118.15020077861845493316650390625">
        <ele>92.59999847412109375</ele>
        <time>2026-06-15T08:55:44.000Z</time>
        <extensions>
          <ns3:TrackPointExtension>
            <ns3:hr>118</ns3:hr>
            <ns3:cad>53</ns3:cad>
          </ns3:TrackPointExtension>
        </extensions>
      </trkpt>
      <trkpt lat="24.47183559648692607879638671875" lon="118.15020312555134296417236328125">
        <ele>92.8000030517578125</ele>
        <time>2026-06-15T08:55:45.000Z</time>
        <extensions>
          <ns3:TrackPointExtension>
            <ns3:hr>118</ns3:hr>
            <ns3:cad>53</ns3:cad>
          </ns3:TrackPointExtension>
        </extensions>
      </trkpt>
      <trkpt lat="24.4718298129737377166748046875" lon="118.15020413137972354888916015625">
        <ele>93</ele>
        <time>2026-06-15T08:55:46.000Z</time>
        <extensions>
          <ns3:TrackPointExtension>
            <ns3:hr>119</ns3:hr>
            <ns3:cad>53</ns3:cad>
          </ns3:TrackPointExtension>
        </extensions>
      </trkpt>
      <trkpt lat="24.47182151488959789276123046875" lon="118.1502072326838970184326171875">
        <ele>93.1999969482421875</ele>
        <time>2026-06-15T08:55:47.000Z</time>
        <extensions>
          <ns3:TrackPointExtension>
            <ns3:hr>119</ns3:hr>
            <ns3:cad>53</ns3:cad>
          </ns3:TrackPointExtension>
        </extensions>
      </trkpt>
      <trkpt lat="24.4718123786151409149169921875" lon="118.15020916052162647247314453125">
        <ele>93.40000152587890625</ele>
        <time>2026-06-15T08:55:48.000Z</time>
        <extensions>
          <ns3:TrackPointExtension>
            <ns3:hr>120</ns3:hr>
            <ns3:cad>53</ns3:cad>
          </ns3:TrackPointExtension>
        </extensions>
      </trkpt>
      <trkpt lat="24.4718046672642230987548828125" lon="118.15020798705518245697021484375">
        <ele>93.59999847412109375</ele>
        <time>2026-06-15T08:55:49.000Z</time>
        <extensions>
          <ns3:TrackPointExtension>
            <ns3:hr>120</ns3:hr>
            <ns3:cad>53</ns3:cad>
          </ns3:TrackPointExtension>
        </extensions>
      </trkpt>
      <trkpt lat="24.47180022485554218292236328125" lon="118.15020798705518245697021484375">
        <ele>94</ele>
        <time>2026-06-15T08:55:50.000Z</time>
        <extensions>
          <ns3:TrackPointExtension>
            <ns3:hr>120</ns3:hr>
            <ns3:cad>53</ns3:cad>
          </ns3:TrackPointExtension>
        </extensions>
      </trkpt>
      <trkpt lat="24.47179041802883148193359375" lon="118.15020647831261157989501953125">
        <ele>94</ele>
        <time>2026-06-15T08:55:51.000Z</time>
        <extensions>
          <ns3:TrackPointExtension>
            <ns3:hr>120</ns3:hr>
            <ns3:cad>0</ns3:cad>
          </ns3:TrackPointExtension>
        </extensions>
      </trkpt>
      <trkpt lat="24.47178304195404052734375" lon="118.1502085737884044647216796875">
        <ele>94.1999969482421875</ele>
        <time>2026-06-15T08:55:52.000Z</time>
        <extensions>
          <ns3:TrackPointExtension>
            <ns3:hr>120</ns3:hr>
            <ns3:cad>0</ns3:cad>
          </ns3:TrackPointExtension>
        </extensions>
      </trkpt>
      <trkpt lat="24.47177289985120296478271484375" lon="118.15021100454032421112060546875">
        <ele>94.40000152587890625</ele>
        <time>2026-06-15T08:55:53.000Z</time>
        <extensions>
          <ns3:TrackPointExtension>
            <ns3:hr>121</ns3:hr>
            <ns3:cad>0</ns3:cad>
          </ns3:TrackPointExtension>
        </extensions>
      </trkpt>
      <trkpt lat="24.47176451794803142547607421875" lon="118.15021167509257793426513671875">
        <ele>94.59999847412109375</ele>
        <time>2026-06-15T08:55:54.000Z</time>
        <extensions>
          <ns3:TrackPointExtension>
            <ns3:hr>121</ns3:hr>
            <ns3:cad>0</ns3:cad>
          </ns3:TrackPointExtension>
        </extensions>
      </trkpt>
      <trkpt lat="24.471760578453540802001953125" lon="118.1502139382064342498779296875">
        <ele>94.8000030517578125</ele>
        <time>2026-06-15T08:55:55.000Z</time>
        <extensions>
          <ns3:TrackPointExtension>
            <ns3:hr>121</ns3:hr>
            <ns3:cad>0</ns3:cad>
          </ns3:TrackPointExtension>
        </extensions>
      </trkpt>
      <trkpt lat="24.47175244800746440887451171875" lon="118.1502125971019268035888671875">
        <ele>95.1999969482421875</ele>
        <time>2026-06-15T08:55:56.000Z</time>
        <extensions>
          <ns3:TrackPointExtension>
            <ns3:hr>120</ns3:hr>
            <ns3:cad>0</ns3:cad>
          </ns3:TrackPointExtension>
        </extensions>
      </trkpt>
      <trkpt lat="24.471741802990436553955078125" lon="118.15021075308322906494140625">
        <ele>95.40000152587890625</ele>
        <time>2026-06-15T08:55:57.000Z</time>
        <extensions>
          <ns3:TrackPointExtension>
            <ns3:hr>120</ns3:hr>
            <ns3:cad>0</ns3:cad>
          </ns3:TrackPointExtension>
        </extensions>
      </trkpt>
      <trkpt lat="24.47173266671597957611083984375" lon="118.15021268092095851898193359375">
        <ele>95.59999847412109375</ele>
        <time>2026-06-15T08:55:58.000Z</time>
        <extensions>
          <ns3:TrackPointExtension>
            <ns3:hr>120</ns3:hr>
            <ns3:cad>0</ns3:cad>
          </ns3:TrackPointExtension>
        </extensions>
      </trkpt>
      <trkpt lat="24.4717242009937763214111328125" lon="118.1502139382064342498779296875">
        <ele>95.8000030517578125</ele>
        <time>2026-06-15T08:55:59.000Z</time>
        <extensions>
          <ns3:TrackPointExtension>
            <ns3:hr>120</ns3:hr>
            <ns3:cad>0</ns3:cad>
          </ns3:TrackPointExtension>
        </extensions>
      </trkpt>
      <trkpt lat="24.471719674766063690185546875" lon="118.1502146087586879730224609375">
        <ele>96</ele>
        <time>2026-06-15T08:56:00.000Z</time>
        <extensions>
          <ns3:TrackPointExtension>
            <ns3:hr>121</ns3:hr>
            <ns3:cad>0</ns3:cad>
          </ns3:TrackPointExtension>
        </extensions>
      </trkpt>
      <trkpt lat="24.47171355597674846649169921875" lon="118.150214441120624542236328125">
        <ele>96.1999969482421875</ele>
        <time>2026-06-15T08:56:01.000Z</time>
        <extensions>
          <ns3:TrackPointExtension>
            <ns3:hr>121</ns3:hr>
            <ns3:cad>0</ns3:cad>
          </ns3:TrackPointExtension>
        </extensions>
      </trkpt>
      <trkpt lat="24.4717074371874332427978515625" lon="118.150212764739990234375">
        <ele>96.40000152587890625</ele>
        <time>2026-06-15T08:56:02.000Z</time>
        <extensions>
          <ns3:TrackPointExtension>
            <ns3:hr>122</ns3:hr>
            <ns3:cad>49</ns3:cad>
          </ns3:TrackPointExtension>
        </extensions>
      </trkpt>
      <trkpt lat="24.4717007316648960113525390625" lon="118.15021100454032421112060546875">
        <ele>96.59999847412109375</ele>
        <time>2026-06-15T08:56:03.000Z</time>
        <extensions>
          <ns3:TrackPointExtension>
            <ns3:hr>122</ns3:hr>
            <ns3:cad>49</ns3:cad>
          </ns3:TrackPointExtension>
        </extensions>
      </trkpt>
      <trkpt lat="24.47169310413300991058349609375" lon="118.15020798705518245697021484375">
        <ele>96.8000030517578125</ele>
        <time>2026-06-15T08:56:04.000Z</time>
        <extensions>
          <ns3:TrackPointExtension>
            <ns3:hr>123</ns3:hr>
            <ns3:cad>48</ns3:cad>
          </ns3:TrackPointExtension>
        </extensions>
      </trkpt>
      <trkpt lat="24.4716886617243289947509765625" lon="118.15020480193197727203369140625">
        <ele>97.1999969482421875</ele>
        <time>2026-06-15T08:56:05.000Z</time>
        <extensions>
          <ns3:TrackPointExtension>
            <ns3:hr>124</ns3:hr>
            <ns3:cad>48</ns3:cad>
          </ns3:TrackPointExtension>
        </extensions>
      </trkpt>
      <trkpt lat="24.4716863147914409637451171875" lon="118.1502033770084381103515625">
        <ele>97.40000152587890625</ele>
        <time>2026-06-15T08:56:06.000Z</time>
        <extensions>
          <ns3:TrackPointExtension>
            <ns3:hr>124</ns3:hr>
            <ns3:cad>48</ns3:cad>
          </ns3:TrackPointExtension>
        </extensions>
      </trkpt>
      <trkpt lat="24.471682794392108917236328125" lon="118.150201030075550079345703125">
        <ele>97.59999847412109375</ele>
        <time>2026-06-15T08:56:07.000Z</time>
        <extensions>
          <ns3:TrackPointExtension>
            <ns3:hr>124</ns3:hr>
            <ns3:cad>51</ns3:cad>
          </ns3:TrackPointExtension>
        </extensions>
      </trkpt>
      <trkpt lat="24.47167835198342800140380859375" lon="118.1501951627433300018310546875">
        <ele>97.8000030517578125</ele>
        <time>2026-06-15T08:56:08.000Z</time>
        <extensions>
          <ns3:TrackPointExtension>
            <ns3:hr>124</ns3:hr>
            <ns3:cad>51</ns3:cad>
          </ns3:TrackPointExtension>
        </extensions>
      </trkpt>
      <trkpt lat="24.47167131118476390838623046875" lon="118.15019197762012481689453125">
        <ele>98</ele>
        <time>2026-06-15T08:56:09.000Z</time>
        <extensions>
          <ns3:TrackPointExtension>
            <ns3:hr>124</ns3:hr>
            <ns3:cad>51</ns3:cad>
          </ns3:TrackPointExtension>
        </extensions>
      </trkpt>
      <trkpt lat="24.47166510857641696929931640625" lon="118.1501871161162853240966796875">
        <ele>98.1999969482421875</ele>
        <time>2026-06-15T08:56:10.000Z</time>
        <extensions>
          <ns3:TrackPointExtension>
            <ns3:hr>125</ns3:hr>
            <ns3:cad>51</ns3:cad>
          </ns3:TrackPointExtension>
        </extensions>
      </trkpt>
      <trkpt lat="24.471659325063228607177734375" lon="118.150183595716953277587890625">
        <ele>98.59999847412109375</ele>
        <time>2026-06-15T08:56:11.000Z</time>
        <extensions>
          <ns3:TrackPointExtension>
            <ns3:hr>125</ns3:hr>
            <ns3:cad>51</ns3:cad>
          </ns3:TrackPointExtension>
        </extensions>
      </trkpt>
      <trkpt lat="24.471654631197452545166015625" lon="118.150180913507938385009765625">
        <ele>98.8000030517578125</ele>
        <time>2026-06-15T08:56:12.000Z</time>
        <extensions>
          <ns3:TrackPointExtension>
            <ns3:hr>125</ns3:hr>
            <ns3:cad>51</ns3:cad>
          </ns3:TrackPointExtension>
        </extensions>
      </trkpt>
      <trkpt lat="24.47164817713201045989990234375" lon="118.15017764456570148468017578125">
        <ele>99.1999969482421875</ele>
        <time>2026-06-15T08:56:13.000Z</time>
        <extensions>
          <ns3:TrackPointExtension>
            <ns3:hr>126</ns3:hr>
            <ns3:cad>51</ns3:cad>
          </ns3:TrackPointExtension>
        </extensions>
      </trkpt>
      <trkpt lat="24.471643902361392974853515625" lon="118.15017278306186199188232421875">
        <ele>99.40000152587890625</ele>
        <time>2026-06-15T08:56:14.000Z</time>
        <extensions>
          <ns3:TrackPointExtension>
            <ns3:hr>126</ns3:hr>
            <ns3:cad>0</ns3:cad>
          </ns3:TrackPointExtension>
        </extensions>
      </trkpt>
      <trkpt lat="24.471640884876251220703125" lon="118.15016792155802249908447265625">
        <ele>99.59999847412109375</ele>
        <time>2026-06-15T08:56:15.000Z</time>
        <extensions>
          <ns3:TrackPointExtension>
            <ns3:hr>127</ns3:hr>
            <ns3:cad>0</ns3:cad>
          </ns3:TrackPointExtension>
        </extensions>
      </trkpt>
      <trkpt lat="24.4716383703052997589111328125" lon="118.1501646526157855987548828125">
        <ele>99.59999847412109375</ele>
        <time>2026-06-15T08:56:16.000Z</time>
        <extensions>
          <ns3:TrackPointExtension>
            <ns3:hr>127</ns3:hr>
            <ns3:cad>0</ns3:cad>
          </ns3:TrackPointExtension>
        </extensions>
      </trkpt>
      <trkpt lat="24.47163158096373081207275390625" lon="118.1501612998545169830322265625">
        <ele>99.8000030517578125</ele>
        <time>2026-06-15T08:56:17.000Z</time>
        <extensions>
          <ns3:TrackPointExtension>
            <ns3:hr>127</ns3:hr>
            <ns3:cad>0</ns3:cad>
          </ns3:TrackPointExtension>
        </extensions>
      </trkpt>
      <trkpt lat="24.471627138555049896240234375" lon="118.15015886910259723663330078125">
        <ele>100</ele>
        <time>2026-06-15T08:56:18.000Z</time>
        <extensions>
          <ns3:TrackPointExtension>
            <ns3:hr>126</ns3:hr>
            <ns3:cad>0</ns3:cad>
          </ns3:TrackPointExtension>
        </extensions>
      </trkpt>
      <trkpt lat="24.47162034921348094940185546875" lon="118.1501552648842334747314453125">
        <ele>100.40000152587890625</ele>
        <time>2026-06-15T08:56:19.000Z</time>
        <extensions>
          <ns3:TrackPointExtension>
            <ns3:hr>127</ns3:hr>
            <ns3:cad>0</ns3:cad>
          </ns3:TrackPointExtension>
        </extensions>
      </trkpt>
      <trkpt lat="24.47161330841481685638427734375" lon="118.1501524150371551513671875">
        <ele>100.59999847412109375</ele>
        <time>2026-06-15T08:56:20.000Z</time>
        <extensions>
          <ns3:TrackPointExtension>
            <ns3:hr>127</ns3:hr>
            <ns3:cad>48</ns3:cad>
          </ns3:TrackPointExtension>
        </extensions>
      </trkpt>
      <trkpt lat="24.4716048426926136016845703125" lon="118.15015115775167942047119140625">
        <ele>100.8000030517578125</ele>
        <time>2026-06-15T08:56:21.000Z</time>
        <extensions>
          <ns3:TrackPointExtension>
            <ns3:hr>126</ns3:hr>
            <ns3:cad>48</ns3:cad>
          </ns3:TrackPointExtension>
        </extensions>
      </trkpt>
      <trkpt lat="24.47159755043685436248779296875" lon="118.150150738656520843505859375">
        <ele>101</ele>
        <time>2026-06-15T08:56:22.000Z</time>
        <extensions>
          <ns3:TrackPointExtension>
            <ns3:hr>126</ns3:hr>
            <ns3:cad>49</ns3:cad>
          </ns3:TrackPointExtension>
        </extensions>
      </trkpt>
      <trkpt lat="24.47159285657107830047607421875" lon="118.1501499004662036895751953125">
        <ele>101.1999969482421875</ele>
        <time>2026-06-15T08:56:23.000Z</time>
        <extensions>
          <ns3:TrackPointExtension>
            <ns3:hr>126</ns3:hr>
            <ns3:cad>49</ns3:cad>
          </ns3:TrackPointExtension>
        </extensions>
      </trkpt>
      <trkpt lat="24.471590928733348846435546875" lon="118.15015040338039398193359375">
        <ele>101.40000152587890625</ele>
        <time>2026-06-15T08:56:24.000Z</time>
        <extensions>
          <ns3:TrackPointExtension>
            <ns3:hr>126</ns3:hr>
            <ns3:cad>49</ns3:cad>
          </ns3:TrackPointExtension>
        </extensions>
      </trkpt>
      <trkpt lat="24.4715894199907779693603515625" lon="118.15015065483748912811279296875">
        <ele>101.59999847412109375</ele>
        <time>2026-06-15T08:56:25.000Z</time>
        <extensions>
          <ns3:TrackPointExtension>
            <ns3:hr>127</ns3:hr>
            <ns3:cad>49</ns3:cad>
          </ns3:TrackPointExtension>
        </extensions>
      </trkpt>
      <trkpt lat="24.4715845584869384765625" lon="118.15015132538974285125732421875">
        <ele>101.8000030517578125</ele>
        <time>2026-06-15T08:56:26.000Z</time>
        <extensions>
          <ns3:TrackPointExtension>
            <ns3:hr>127</ns3:hr>
            <ns3:cad>49</ns3:cad>
          </ns3:TrackPointExtension>
        </extensions>
      </trkpt>
      <trkpt lat="24.4715778529644012451171875" lon="118.150149397552013397216796875">
        <ele>102</ele>
        <time>2026-06-15T08:56:27.000Z</time>
        <extensions>
          <ns3:TrackPointExtension>
            <ns3:hr>127</ns3:hr>
            <ns3:cad>50</ns3:cad>
          </ns3:TrackPointExtension>
        </extensions>
      </trkpt>
      <trkpt lat="24.471571482717990875244140625" lon="118.15014797262847423553466796875">
        <ele>102.1999969482421875</ele>
        <time>2026-06-15T08:56:28.000Z</time>
        <extensions>
          <ns3:TrackPointExtension>
            <ns3:hr>127</ns3:hr>
            <ns3:cad>51</ns3:cad>
          </ns3:TrackPointExtension>
        </extensions>
      </trkpt>
      <trkpt lat="24.47156636975705623626708984375" lon="118.1501442007720470428466796875">
        <ele>102.40000152587890625</ele>
        <time>2026-06-15T08:56:29.000Z</time>
        <extensions>
          <ns3:TrackPointExtension>
            <ns3:hr>128</ns3:hr>
            <ns3:cad>51</ns3:cad>
          </ns3:TrackPointExtension>
        </extensions>
      </trkpt>
      <trkpt lat="24.47156033478677272796630859375" lon="118.15013824962079524993896484375">
        <ele>102.59999847412109375</ele>
        <time>2026-06-15T08:56:30.000Z</time>
        <extensions>
          <ns3:TrackPointExtension>
            <ns3:hr>128</ns3:hr>
            <ns3:cad>51</ns3:cad>
          </ns3:TrackPointExtension>
        </extensions>
      </trkpt>
      <trkpt lat="24.4715511985123157501220703125" lon="118.15012760460376739501953125">
        <ele>102.8000030517578125</ele>
        <time>2026-06-15T08:56:31.000Z</time>
        <extensions>
          <ns3:TrackPointExtension>
            <ns3:hr>128</ns3:hr>
            <ns3:cad>48</ns3:cad>
          </ns3:TrackPointExtension>
        </extensions>
      </trkpt>
      <trkpt lat="24.47154239751398563385009765625" lon="118.15012014470994472503662109375">
        <ele>102.8000030517578125</ele>
        <time>2026-06-15T08:56:32.000Z</time>
        <extensions>
          <ns3:TrackPointExtension>
            <ns3:hr>128</ns3:hr>
            <ns3:cad>48</ns3:cad>
          </ns3:TrackPointExtension>
        </extensions>
      </trkpt>
      <trkpt lat="24.47153829038143157958984375" lon="118.15011310391128063201904296875">
        <ele>102.8000030517578125</ele>
        <time>2026-06-15T08:56:33.000Z</time>
        <extensions>
          <ns3:TrackPointExtension>
            <ns3:hr>129</ns3:hr>
            <ns3:cad>48</ns3:cad>
          </ns3:TrackPointExtension>
        </extensions>
      </trkpt>
      <trkpt lat="24.47152965702116489410400390625" lon="118.1501079909503459930419921875">
        <ele>103</ele>
        <time>2026-06-15T08:56:34.000Z</time>
        <extensions>
          <ns3:TrackPointExtension>
            <ns3:hr>129</ns3:hr>
            <ns3:cad>48</ns3:cad>
          </ns3:TrackPointExtension>
        </extensions>
      </trkpt>
      <trkpt lat="24.4715216942131519317626953125" lon="118.15010480582714080810546875">
        <ele>103</ele>
        <time>2026-06-15T08:56:35.000Z</time>
        <extensions>
          <ns3:TrackPointExtension>
            <ns3:hr>129</ns3:hr>
            <ns3:cad>48</ns3:cad>
          </ns3:TrackPointExtension>
        </extensions>
      </trkpt>
      <trkpt lat="24.47151574306190013885498046875" lon="118.15010388381779193878173828125">
        <ele>103.1999969482421875</ele>
        <time>2026-06-15T08:56:36.000Z</time>
        <extensions>
          <ns3:TrackPointExtension>
            <ns3:hr>129</ns3:hr>
            <ns3:cad>48</ns3:cad>
          </ns3:TrackPointExtension>
        </extensions>
      </trkpt>
      <trkpt lat="24.471505768597126007080078125" lon="118.15010078251361846923828125">
        <ele>103.40000152587890625</ele>
        <time>2026-06-15T08:56:37.000Z</time>
        <extensions>
          <ns3:TrackPointExtension>
            <ns3:hr>130</ns3:hr>
            <ns3:cad>50</ns3:cad>
          </ns3:TrackPointExtension>
        </extensions>
      </trkpt>
      <trkpt lat="24.47149596177041530609130859375" lon="118.15009851939976215362548828125">
        <ele>103.59999847412109375</ele>
        <time>2026-06-15T08:56:38.000Z</time>
        <extensions>
          <ns3:TrackPointExtension>
            <ns3:hr>130</ns3:hr>
            <ns3:cad>50</ns3:cad>
          </ns3:TrackPointExtension>
        </extensions>
      </trkpt>
      <trkpt lat="24.4714864902198314666748046875" lon="118.150096423923969268798828125">
        <ele>103.8000030517578125</ele>
        <time>2026-06-15T08:56:39.000Z</time>
        <extensions>
          <ns3:TrackPointExtension>
            <ns3:hr>129</ns3:hr>
            <ns3:cad>50</ns3:cad>
          </ns3:TrackPointExtension>
        </extensions>
      </trkpt>
      <trkpt lat="24.4714772701263427734375" lon="118.1500959210097789764404296875">
        <ele>104</ele>
        <time>2026-06-15T08:56:40.000Z</time>
        <extensions>
          <ns3:TrackPointExtension>
            <ns3:hr>130</ns3:hr>
            <ns3:cad>50</ns3:cad>
          </ns3:TrackPointExtension>
        </extensions>
      </trkpt>
      <trkpt lat="24.47146981023252010345458984375" lon="118.15009583719074726104736328125">
        <ele>104.1999969482421875</ele>
        <time>2026-06-15T08:56:41.000Z</time>
        <extensions>
          <ns3:TrackPointExtension>
            <ns3:hr>130</ns3:hr>
            <ns3:cad>50</ns3:cad>
          </ns3:TrackPointExtension>
        </extensions>
      </trkpt>
      <trkpt lat="24.471462182700634002685546875" lon="118.150095753371715545654296875">
        <ele>104.40000152587890625</ele>
        <time>2026-06-15T08:56:42.000Z</time>
        <extensions>
          <ns3:TrackPointExtension>
            <ns3:hr>130</ns3:hr>
            <ns3:cad>50</ns3:cad>
          </ns3:TrackPointExtension>
        </extensions>
      </trkpt>
      <trkpt lat="24.47145623154938220977783203125" lon="118.15009583719074726104736328125">
        <ele>104.59999847412109375</ele>
        <time>2026-06-15T08:56:43.000Z</time>
        <extensions>
          <ns3:TrackPointExtension>
            <ns3:hr>129</ns3:hr>
            <ns3:cad>50</ns3:cad>
          </ns3:TrackPointExtension>
        </extensions>
      </trkpt>
      <trkpt lat="24.4714509509503841400146484375" lon="118.15009768120944499969482421875">
        <ele>104.8000030517578125</ele>
        <time>2026-06-15T08:56:44.000Z</time>
        <extensions>
          <ns3:TrackPointExtension>
            <ns3:hr>129</ns3:hr>
            <ns3:cad>50</ns3:cad>
          </ns3:TrackPointExtension>
        </extensions>
      </trkpt>
      <trkpt lat="24.4714475981891155242919921875" lon="118.15010053105652332305908203125">
        <ele>105</ele>
        <time>2026-06-15T08:56:45.000Z</time>
        <extensions>
          <ns3:TrackPointExtension>
            <ns3:hr>129</ns3:hr>
            <ns3:cad>49</ns3:cad>
          </ns3:TrackPointExtension>
        </extensions>
      </trkpt>
      <trkpt lat="24.47144650854170322418212890625" lon="118.15010547637939453125">
        <ele>105.1999969482421875</ele>
        <time>2026-06-15T08:56:46.000Z</time>
        <extensions>
          <ns3:TrackPointExtension>
            <ns3:hr>129</ns3:hr>
            <ns3:cad>49</ns3:cad>
          </ns3:TrackPointExtension>
        </extensions>
      </trkpt>
      <trkpt lat="24.471442066133022308349609375" lon="118.150107823312282562255859375">
        <ele>105.40000152587890625</ele>
        <time>2026-06-15T08:56:47.000Z</time>
        <extensions>
          <ns3:TrackPointExtension>
            <ns3:hr>129</ns3:hr>
            <ns3:cad>49</ns3:cad>
          </ns3:TrackPointExtension>
        </extensions>
      </trkpt>
      <trkpt lat="24.47143678553402423858642578125" lon="118.15011125989258289337158203125">
        <ele>105.59999847412109375</ele>
        <time>2026-06-15T08:56:48.000Z</time>
        <extensions>
          <ns3:TrackPointExtension>
            <ns3:hr>130</ns3:hr>
            <ns3:cad>49</ns3:cad>
          </ns3:TrackPointExtension>
        </extensions>
      </trkpt>
      <trkpt lat="24.471426643431186676025390625" lon="118.1501173786818981170654296875">
        <ele>105.8000030517578125</ele>
        <time>2026-06-15T08:56:49.000Z</time>
        <extensions>
          <ns3:TrackPointExtension>
            <ns3:hr>129</ns3:hr>
            <ns3:cad>49</ns3:cad>
          </ns3:TrackPointExtension>
        </extensions>
      </trkpt>
      <trkpt lat="24.47141784243285655975341796875" lon="118.15012450329959392547607421875">
        <ele>106.1999969482421875</ele>
        <time>2026-06-15T08:56:50.000Z</time>
        <extensions>
          <ns3:TrackPointExtension>
            <ns3:hr>130</ns3:hr>
            <ns3:cad>49</ns3:cad>
          </ns3:TrackPointExtension>
        </extensions>
      </trkpt>
      <trkpt lat="24.47141046635806560516357421875" lon="118.15013003535568714141845703125">
        <ele>106.40000152587890625</ele>
        <time>2026-06-15T08:56:51.000Z</time>
        <extensions>
          <ns3:TrackPointExtension>
            <ns3:hr>129</ns3:hr>
            <ns3:cad>49</ns3:cad>
          </ns3:TrackPointExtension>
        </extensions>
      </trkpt>
      <trkpt lat="24.47140962816774845123291015625" lon="118.15013037063181400299072265625">
        <ele>106.59999847412109375</ele>
        <time>2026-06-15T08:56:52.000Z</time>
        <extensions>
          <ns3:TrackPointExtension>
            <ns3:hr>129</ns3:hr>
            <ns3:cad>49</ns3:cad>
          </ns3:TrackPointExtension>
        </extensions>
      </trkpt>
      <trkpt lat="24.47140342555940151214599609375" lon="118.15013699233531951904296875">
        <ele>107</ele>
        <time>2026-06-15T08:56:53.000Z</time>
        <extensions>
          <ns3:TrackPointExtension>
            <ns3:hr>129</ns3:hr>
            <ns3:cad>49</ns3:cad>
          </ns3:TrackPointExtension>
        </extensions>
      </trkpt>
      <trkpt lat="24.47139881551265716552734375" lon="118.1501425243914127349853515625">
        <ele>107.1999969482421875</ele>
        <time>2026-06-15T08:56:54.000Z</time>
        <extensions>
          <ns3:TrackPointExtension>
            <ns3:hr>129</ns3:hr>
            <ns3:cad>49</ns3:cad>
          </ns3:TrackPointExtension>
        </extensions>
      </trkpt>
      <trkpt lat="24.4713916070759296417236328125" lon="118.1501478888094425201416015625">
        <ele>107.40000152587890625</ele>
        <time>2026-06-15T08:56:55.000Z</time>
        <extensions>
          <ns3:TrackPointExtension>
            <ns3:hr>129</ns3:hr>
            <ns3:cad>49</ns3:cad>
          </ns3:TrackPointExtension>
        </extensions>
      </trkpt>
      <trkpt lat="24.471383392810821533203125" lon="118.15015149302780628204345703125">
        <ele>107.59999847412109375</ele>
        <time>2026-06-15T08:56:56.000Z</time>
        <extensions>
          <ns3:TrackPointExtension>
            <ns3:hr>129</ns3:hr>
            <ns3:cad>0</ns3:cad>
          </ns3:TrackPointExtension>
        </extensions>
      </trkpt>
      <trkpt lat="24.47137794457376003265380859375" lon="118.15015518106520175933837890625">
        <ele>107.8000030517578125</ele>
        <time>2026-06-15T08:56:57.000Z</time>
        <extensions>
          <ns3:TrackPointExtension>
            <ns3:hr>129</ns3:hr>
            <ns3:cad>0</ns3:cad>
          </ns3:TrackPointExtension>
        </extensions>
      </trkpt>
      <trkpt lat="24.4713701494038105010986328125" lon="118.150160126388072967529296875">
        <ele>108</ele>
        <time>2026-06-15T08:56:58.000Z</time>
        <extensions>
          <ns3:TrackPointExtension>
            <ns3:hr>129</ns3:hr>
            <ns3:cad>43</ns3:cad>
          </ns3:TrackPointExtension>
        </extensions>
      </trkpt>
      <trkpt lat="24.47135983966290950775146484375" lon="118.150161467492580413818359375">
        <ele>108.1999969482421875</ele>
        <time>2026-06-15T08:56:59.000Z</time>
        <extensions>
          <ns3:TrackPointExtension>
            <ns3:hr>129</ns3:hr>
            <ns3:cad>43</ns3:cad>
          </ns3:TrackPointExtension>
        </extensions>
      </trkpt>
      <trkpt lat="24.47135263122618198394775390625" lon="118.1501619704067707061767578125">
        <ele>108.1999969482421875</ele>
        <time>2026-06-15T08:57:00.000Z</time>
        <extensions>
          <ns3:TrackPointExtension>
            <ns3:hr>129</ns3:hr>
            <ns3:cad>43</ns3:cad>
          </ns3:TrackPointExtension>
        </extensions>
      </trkpt>
      <trkpt lat="24.47134274058043956756591796875" lon="118.1501592881977558135986328125">
        <ele>108.40000152587890625</ele>
        <time>2026-06-15T08:57:01.000Z</time>
        <extensions>
          <ns3:TrackPointExtension>
            <ns3:hr>130</ns3:hr>
            <ns3:cad>43</ns3:cad>
          </ns3:TrackPointExtension>
        </extensions>
      </trkpt>
      <trkpt lat="24.47133536450564861297607421875" lon="118.1501569412648677825927734375">
        <ele>108.59999847412109375</ele>
        <time>2026-06-15T08:57:02.000Z</time>
        <extensions>
          <ns3:TrackPointExtension>
            <ns3:hr>129</ns3:hr>
            <ns3:cad>44</ns3:cad>
          </ns3:TrackPointExtension>
        </extensions>
      </trkpt>
      <trkpt lat="24.4713285751640796661376953125" lon="118.1501529179513454437255859375">
        <ele>108.59999847412109375</ele>
        <time>2026-06-15T08:57:03.000Z</time>
        <extensions>
          <ns3:TrackPointExtension>
            <ns3:hr>129</ns3:hr>
            <ns3:cad>45</ns3:cad>
          </ns3:TrackPointExtension>
        </extensions>
      </trkpt>
      <trkpt lat="24.47132103145122528076171875" lon="118.150149397552013397216796875">
        <ele>108.8000030517578125</ele>
        <time>2026-06-15T08:57:04.000Z</time>
        <extensions>
          <ns3:TrackPointExtension>
            <ns3:hr>129</ns3:hr>
            <ns3:cad>45</ns3:cad>
          </ns3:TrackPointExtension>
        </extensions>
      </trkpt>
      <trkpt lat="24.47131390683352947235107421875" lon="118.15014545805752277374267578125">
        <ele>109.1999969482421875</ele>
        <time>2026-06-15T08:57:05.000Z</time>
        <extensions>
          <ns3:TrackPointExtension>
            <ns3:hr>129</ns3:hr>
            <ns3:cad>45</ns3:cad>
          </ns3:TrackPointExtension>
        </extensions>
      </trkpt>
      <trkpt lat="24.47130954824388027191162109375" lon="118.1501442007720470428466796875">
        <ele>109.40000152587890625</ele>
        <time>2026-06-15T08:57:06.000Z</time>
        <extensions>
          <ns3:TrackPointExtension>
            <ns3:hr>129</ns3:hr>
            <ns3:cad>45</ns3:cad>
          </ns3:TrackPointExtension>
        </extensions>
      </trkpt>
      <trkpt lat="24.47130468674004077911376953125" lon="118.15014562569558620452880859375">
        <ele>109.59999847412109375</ele>
        <time>2026-06-15T08:57:07.000Z</time>
        <extensions>
          <ns3:TrackPointExtension>
            <ns3:hr>130</ns3:hr>
            <ns3:cad>45</ns3:cad>
          </ns3:TrackPointExtension>
        </extensions>
      </trkpt>
      <trkpt lat="24.47129957377910614013671875" lon="118.15014679916203022003173828125">
        <ele>109.8000030517578125</ele>
        <time>2026-06-15T08:57:08.000Z</time>
        <extensions>
          <ns3:TrackPointExtension>
            <ns3:hr>130</ns3:hr>
            <ns3:cad>45</ns3:cad>
          </ns3:TrackPointExtension>
        </extensions>
      </trkpt>
      <trkpt lat="24.47129689157009124755859375" lon="118.15014981664717197418212890625">
        <ele>110</ele>
        <time>2026-06-15T08:57:09.000Z</time>
        <extensions>
          <ns3:TrackPointExtension>
            <ns3:hr>130</ns3:hr>
            <ns3:cad>47</ns3:cad>
          </ns3:TrackPointExtension>
        </extensions>
      </trkpt>
      <trkpt lat="24.47129261679947376251220703125" lon="118.1501559354364871978759765625">
        <ele>110</ele>
        <time>2026-06-15T08:57:10.000Z</time>
        <extensions>
          <ns3:TrackPointExtension>
            <ns3:hr>130</ns3:hr>
            <ns3:cad>47</ns3:cad>
          </ns3:TrackPointExtension>
        </extensions>
      </trkpt>
      <trkpt lat="24.471287839114665985107421875" lon="118.1501623056828975677490234375">
        <ele>110.1999969482421875</ele>
        <time>2026-06-15T08:57:11.000Z</time>
        <extensions>
          <ns3:TrackPointExtension>
            <ns3:hr>130</ns3:hr>
            <ns3:cad>48</ns3:cad>
          </ns3:TrackPointExtension>
        </extensions>
      </trkpt>
      <trkpt lat="24.47128322906792163848876953125" lon="118.1501703523099422454833984375">
        <ele>110.1999969482421875</ele>
        <time>2026-06-15T08:57:12.000Z</time>
        <extensions>
          <ns3:TrackPointExtension>
            <ns3:hr>129</ns3:hr>
            <ns3:cad>48</ns3:cad>
          </ns3:TrackPointExtension>
        </extensions>
      </trkpt>
      <trkpt lat="24.4712789542973041534423828125" lon="118.15017764456570148468017578125">
        <ele>110.40000152587890625</ele>
        <time>2026-06-15T08:57:13.000Z</time>
        <extensions>
          <ns3:TrackPointExtension>
            <ns3:hr>129</ns3:hr>
            <ns3:cad>48</ns3:cad>
          </ns3:TrackPointExtension>
        </extensions>
      </trkpt>
      <trkpt lat="24.47127836756408214569091796875" lon="118.15018284134566783905029296875">
        <ele>110.40000152587890625</ele>
        <time>2026-06-15T08:57:14.000Z</time>
        <extensions>
          <ns3:TrackPointExtension>
            <ns3:hr>129</ns3:hr>
            <ns3:cad>48</ns3:cad>
          </ns3:TrackPointExtension>
        </extensions>
      </trkpt>
      <trkpt lat="24.47127769701182842254638671875" lon="118.15018585883080959320068359375">
        <ele>110.59999847412109375</ele>
        <time>2026-06-15T08:57:15.000Z</time>
        <extensions>
          <ns3:TrackPointExtension>
            <ns3:hr>129</ns3:hr>
            <ns3:cad>65</ns3:cad>
          </ns3:TrackPointExtension>
        </extensions>
      </trkpt>
      <trkpt lat="24.4712801277637481689453125" lon="118.1501894630491733551025390625">
        <ele>110.8000030517578125</ele>
        <time>2026-06-15T08:57:16.000Z</time>
        <extensions>
          <ns3:TrackPointExtension>
            <ns3:hr>129</ns3:hr>
            <ns3:cad>69</ns3:cad>
          </ns3:TrackPointExtension>
        </extensions>
      </trkpt>
      <trkpt lat="24.47128255851566791534423828125" lon="118.1501941569149494171142578125">
        <ele>111</ele>
        <time>2026-06-15T08:57:17.000Z</time>
        <extensions>
          <ns3:TrackPointExtension>
            <ns3:hr>129</ns3:hr>
            <ns3:cad>69</ns3:cad>
          </ns3:TrackPointExtension>
        </extensions>
      </trkpt>
      <trkpt lat="24.471282474696636199951171875" lon="118.1501981802284717559814453125">
        <ele>111.1999969482421875</ele>
        <time>2026-06-15T08:57:18.000Z</time>
        <extensions>
          <ns3:TrackPointExtension>
            <ns3:hr>129</ns3:hr>
            <ns3:cad>69</ns3:cad>
          </ns3:TrackPointExtension>
        </extensions>
      </trkpt>
      <trkpt lat="24.471282474696636199951171875" lon="118.1502018682658672332763671875">
        <ele>111.40000152587890625</ele>
        <time>2026-06-15T08:57:19.000Z</time>
        <extensions>
          <ns3:TrackPointExtension>
            <ns3:hr>129</ns3:hr>
            <ns3:cad>69</ns3:cad>
          </ns3:TrackPointExtension>
        </extensions>
      </trkpt>
      <trkpt lat="24.4712796248495578765869140625" lon="118.15021234564483165740966796875">
        <ele>111.59999847412109375</ele>
        <time>2026-06-15T08:57:20.000Z</time>
        <extensions>
          <ns3:TrackPointExtension>
            <ns3:hr>129</ns3:hr>
            <ns3:cad>45</ns3:cad>
          </ns3:TrackPointExtension>
        </extensions>
      </trkpt>
      <trkpt lat="24.4712776131927967071533203125" lon="118.15021972171962261199951171875">
        <ele>111.59999847412109375</ele>
        <time>2026-06-15T08:57:21.000Z</time>
        <extensions>
          <ns3:TrackPointExtension>
            <ns3:hr>130</ns3:hr>
            <ns3:cad>0</ns3:cad>
          </ns3:TrackPointExtension>
        </extensions>
      </trkpt>
      <trkpt lat="24.4712774455547332763671875" lon="118.150225840508937835693359375">
        <ele>111.8000030517578125</ele>
        <time>2026-06-15T08:57:22.000Z</time>
        <extensions>
          <ns3:TrackPointExtension>
            <ns3:hr>129</ns3:hr>
            <ns3:cad>0</ns3:cad>
          </ns3:TrackPointExtension>
        </extensions>
      </trkpt>
      <trkpt lat="24.47127535007894039154052734375" lon="118.1502353958785533905029296875">
        <ele>111.8000030517578125</ele>
        <time>2026-06-15T08:57:23.000Z</time>
        <extensions>
          <ns3:TrackPointExtension>
            <ns3:hr>129</ns3:hr>
            <ns3:cad>0</ns3:cad>
          </ns3:TrackPointExtension>
        </extensions>
      </trkpt>
      <trkpt lat="24.4712742604315280914306640625" lon="118.15024235285818576812744140625">
        <ele>112</ele>
        <time>2026-06-15T08:57:24.000Z</time>
        <extensions>
          <ns3:TrackPointExtension>
            <ns3:hr>129</ns3:hr>
            <ns3:cad>43</ns3:cad>
          </ns3:TrackPointExtension>
        </extensions>
      </trkpt>
      <trkpt lat="24.47127132676541805267333984375" lon="118.15025207586586475372314453125">
        <ele>112.1999969482421875</ele>
        <time>2026-06-15T08:57:25.000Z</time>
        <extensions>
          <ns3:TrackPointExtension>
            <ns3:hr>130</ns3:hr>
            <ns3:cad>43</ns3:cad>
          </ns3:TrackPointExtension>
        </extensions>
      </trkpt>
      <trkpt lat="24.47126663289964199066162109375" lon="118.15026381053030490875244140625">
        <ele>112</ele>
        <time>2026-06-15T08:57:26.000Z</time>
        <extensions>
          <ns3:TrackPointExtension>
            <ns3:hr>130</ns3:hr>
            <ns3:cad>43</ns3:cad>
          </ns3:TrackPointExtension>
        </extensions>
      </trkpt>
      <trkpt lat="24.4712631963193416595458984375" lon="118.15027588047087192535400390625">
        <ele>112</ele>
        <time>2026-06-15T08:57:27.000Z</time>
        <extensions>
          <ns3:TrackPointExtension>
            <ns3:hr>130</ns3:hr>
            <ns3:cad>0</ns3:cad>
          </ns3:TrackPointExtension>
        </extensions>
      </trkpt>
      <trkpt lat="24.471259005367755889892578125" lon="118.15028526820242404937744140625">
        <ele>112</ele>
        <time>2026-06-15T08:57:28.000Z</time>
        <extensions>
          <ns3:TrackPointExtension>
            <ns3:hr>130</ns3:hr>
            <ns3:cad>0</ns3:cad>
          </ns3:TrackPointExtension>
        </extensions>
      </trkpt>
      <trkpt lat="24.47125892154872417449951171875" lon="118.15029549412429332733154296875">
        <ele>111.8000030517578125</ele>
        <time>2026-06-15T08:57:29.000Z</time>
        <extensions>
          <ns3:TrackPointExtension>
            <ns3:hr>129</ns3:hr>
            <ns3:cad>0</ns3:cad>
          </ns3:TrackPointExtension>
        </extensions>
      </trkpt>
      <trkpt lat="24.47125573642551898956298828125" lon="118.15030253492295742034912109375">
        <ele>111.8000030517578125</ele>
        <time>2026-06-15T08:57:30.000Z</time>
        <extensions>
          <ns3:TrackPointExtension>
            <ns3:hr>129</ns3:hr>
            <ns3:cad>0</ns3:cad>
          </ns3:TrackPointExtension>
        </extensions>
      </trkpt>
      <trkpt lat="24.4712506234645843505859375" lon="118.15030789934098720550537109375">
        <ele>111.8000030517578125</ele>
        <time>2026-06-15T08:57:31.000Z</time>
        <extensions>
          <ns3:TrackPointExtension>
            <ns3:hr>129</ns3:hr>
            <ns3:cad>54</ns3:cad>
          </ns3:TrackPointExtension>
        </extensions>
      </trkpt>
      <trkpt lat="24.47124601341784000396728515625" lon="118.15031812526285648345947265625">
        <ele>112</ele>
        <time>2026-06-15T08:57:32.000Z</time>
        <extensions>
          <ns3:TrackPointExtension>
            <ns3:hr>129</ns3:hr>
            <ns3:cad>54</ns3:cad>
          </ns3:TrackPointExtension>
        </extensions>
      </trkpt>
      <trkpt lat="24.47124349884688854217529296875" lon="118.15032131038606166839599609375">
        <ele>112.1999969482421875</ele>
        <time>2026-06-15T08:57:33.000Z</time>
        <extensions>
          <ns3:TrackPointExtension>
            <ns3:hr>129</ns3:hr>
            <ns3:cad>54</ns3:cad>
          </ns3:TrackPointExtension>
        </extensions>
      </trkpt>
      <trkpt lat="24.4712383858859539031982421875" lon="118.15032742917537689208984375">
        <ele>112.1999969482421875</ele>
        <time>2026-06-15T08:57:34.000Z</time>
        <extensions>
          <ns3:TrackPointExtension>
            <ns3:hr>129</ns3:hr>
            <ns3:cad>54</ns3:cad>
          </ns3:TrackPointExtension>
        </extensions>
      </trkpt>
      <trkpt lat="24.47123092599213123321533203125" lon="118.15033287741243839263916015625">
        <ele>112.40000152587890625</ele>
        <time>2026-06-15T08:57:35.000Z</time>
        <extensions>
          <ns3:TrackPointExtension>
            <ns3:hr>129</ns3:hr>
            <ns3:cad>54</ns3:cad>
          </ns3:TrackPointExtension>
        </extensions>
      </trkpt>
      <trkpt lat="24.4712229631841182708740234375" lon="118.1503420136868953704833984375">
        <ele>112.8000030517578125</ele>
        <time>2026-06-15T08:57:36.000Z</time>
        <extensions>
          <ns3:TrackPointExtension>
            <ns3:hr>128</ns3:hr>
            <ns3:cad>48</ns3:cad>
          </ns3:TrackPointExtension>
        </extensions>
      </trkpt>
      <trkpt lat="24.47121650911867618560791015625" lon="118.150347881019115447998046875">
        <ele>112.8000030517578125</ele>
        <time>2026-06-15T08:57:37.000Z</time>
        <extensions>
          <ns3:TrackPointExtension>
            <ns3:hr>128</ns3:hr>
            <ns3:cad>48</ns3:cad>
          </ns3:TrackPointExtension>
        </extensions>
      </trkpt>
      <trkpt lat="24.47121013887226581573486328125" lon="118.15035433508455753326416015625">
        <ele>113</ele>
        <time>2026-06-15T08:57:38.000Z</time>
        <extensions>
          <ns3:TrackPointExtension>
            <ns3:hr>127</ns3:hr>
            <ns3:cad>48</ns3:cad>
          </ns3:TrackPointExtension>
        </extensions>
      </trkpt>
      <trkpt lat="24.4712045229971408843994140625" lon="118.1503604538738727569580078125">
        <ele>113.1999969482421875</ele>
        <time>2026-06-15T08:57:39.000Z</time>
        <extensions>
          <ns3:TrackPointExtension>
            <ns3:hr>127</ns3:hr>
            <ns3:cad>47</ns3:cad>
          </ns3:TrackPointExtension>
        </extensions>
      </trkpt>
      <trkpt lat="24.47119639255106449127197265625" lon="118.15036741085350513458251953125">
        <ele>113.40000152587890625</ele>
        <time>2026-06-15T08:57:40.000Z</time>
        <extensions>
          <ns3:TrackPointExtension>
            <ns3:hr>126</ns3:hr>
            <ns3:cad>47</ns3:cad>
          </ns3:TrackPointExtension>
        </extensions>
      </trkpt>
      <trkpt lat="24.471187591552734375" lon="118.15037646330893039703369140625">
        <ele>113.59999847412109375</ele>
        <time>2026-06-15T08:57:41.000Z</time>
        <extensions>
          <ns3:TrackPointExtension>
            <ns3:hr>126</ns3:hr>
            <ns3:cad>47</ns3:cad>
          </ns3:TrackPointExtension>
        </extensions>
      </trkpt>
      <trkpt lat="24.47118222713470458984375" lon="118.1503832526504993438720703125">
        <ele>113.8000030517578125</ele>
        <time>2026-06-15T08:57:42.000Z</time>
        <extensions>
          <ns3:TrackPointExtension>
            <ns3:hr>126</ns3:hr>
            <ns3:cad>46</ns3:cad>
          </ns3:TrackPointExtension>
        </extensions>
      </trkpt>
      <trkpt lat="24.47117711417376995086669921875" lon="118.1503939814865589141845703125">
        <ele>114</ele>
        <time>2026-06-15T08:57:43.000Z</time>
        <extensions>
          <ns3:TrackPointExtension>
            <ns3:hr>126</ns3:hr>
            <ns3:cad>46</ns3:cad>
          </ns3:TrackPointExtension>
        </extensions>
      </trkpt>
      <trkpt lat="24.47117443196475505828857421875" lon="118.15039825625717639923095703125">
        <ele>114.1999969482421875</ele>
        <time>2026-06-15T08:57:44.000Z</time>
        <extensions>
          <ns3:TrackPointExtension>
            <ns3:hr>126</ns3:hr>
            <ns3:cad>46</ns3:cad>
          </ns3:TrackPointExtension>
        </extensions>
      </trkpt>
      <trkpt lat="24.47116957046091556549072265625" lon="118.1503996811807155609130859375">
        <ele>114.40000152587890625</ele>
        <time>2026-06-15T08:57:45.000Z</time>
        <extensions>
          <ns3:TrackPointExtension>
            <ns3:hr>126</ns3:hr>
            <ns3:cad>0</ns3:cad>
          </ns3:TrackPointExtension>
        </extensions>
      </trkpt>
      <trkpt lat="24.47116470895707607269287109375" lon="118.150403201580047607421875">
        <ele>114.59999847412109375</ele>
        <time>2026-06-15T08:57:46.000Z</time>
        <extensions>
          <ns3:TrackPointExtension>
            <ns3:hr>126</ns3:hr>
            <ns3:cad>0</ns3:cad>
          </ns3:TrackPointExtension>
        </extensions>
      </trkpt>
      <trkpt lat="24.47116252966225147247314453125" lon="118.15040253102779388427734375">
        <ele>114.8000030517578125</ele>
        <time>2026-06-15T08:57:47.000Z</time>
        <extensions>
          <ns3:TrackPointExtension>
            <ns3:hr>126</ns3:hr>
            <ns3:cad>0</ns3:cad>
          </ns3:TrackPointExtension>
        </extensions>
      </trkpt>
      <trkpt lat="24.47116018272936344146728515625" lon="118.15040529705584049224853515625">
        <ele>115</ele>
        <time>2026-06-15T08:57:48.000Z</time>
        <extensions>
          <ns3:TrackPointExtension>
            <ns3:hr>126</ns3:hr>
            <ns3:cad>44</ns3:cad>
          </ns3:TrackPointExtension>
        </extensions>
      </trkpt>
      <trkpt lat="24.4711549021303653717041015625" lon="118.15040982328355312347412109375">
        <ele>115.1999969482421875</ele>
        <time>2026-06-15T08:57:49.000Z</time>
        <extensions>
          <ns3:TrackPointExtension>
            <ns3:hr>126</ns3:hr>
            <ns3:cad>44</ns3:cad>
          </ns3:TrackPointExtension>
        </extensions>
      </trkpt>
      <trkpt lat="24.471149034798145294189453125" lon="118.1504104100167751312255859375">
        <ele>115.40000152587890625</ele>
        <time>2026-06-15T08:57:50.000Z</time>
        <extensions>
          <ns3:TrackPointExtension>
            <ns3:hr>126</ns3:hr>
            <ns3:cad>47</ns3:cad>
          </ns3:TrackPointExtension>
        </extensions>
      </trkpt>
      <trkpt lat="24.47114107199013233184814453125" lon="118.15041250549256801605224609375">
        <ele>115.59999847412109375</ele>
        <time>2026-06-15T08:57:51.000Z</time>
        <extensions>
          <ns3:TrackPointExtension>
            <ns3:hr>126</ns3:hr>
            <ns3:cad>48</ns3:cad>
          </ns3:TrackPointExtension>
        </extensions>
      </trkpt>
      <trkpt lat="24.471134953200817108154296875" lon="118.15041317604482173919677734375">
        <ele>115.59999847412109375</ele>
        <time>2026-06-15T08:57:52.000Z</time>
        <extensions>
          <ns3:TrackPointExtension>
            <ns3:hr>127</ns3:hr>
            <ns3:cad>48</ns3:cad>
          </ns3:TrackPointExtension>
        </extensions>
      </trkpt>
      <trkpt lat="24.4711299240589141845703125" lon="118.15041284076869487762451171875">
        <ele>115.8000030517578125</ele>
        <time>2026-06-15T08:57:53.000Z</time>
        <extensions>
          <ns3:TrackPointExtension>
            <ns3:hr>126</ns3:hr>
            <ns3:cad>49</ns3:cad>
          </ns3:TrackPointExtension>
        </extensions>
      </trkpt>
      <trkpt lat="24.47112196125090122222900390625" lon="118.15041300840675830841064453125">
        <ele>116</ele>
        <time>2026-06-15T08:57:54.000Z</time>
        <extensions>
          <ns3:TrackPointExtension>
            <ns3:hr>126</ns3:hr>
            <ns3:cad>49</ns3:cad>
          </ns3:TrackPointExtension>
        </extensions>
      </trkpt>
      <trkpt lat="24.47111793793737888336181640625" lon="118.15041267313063144683837890625">
        <ele>116.1999969482421875</ele>
        <time>2026-06-15T08:57:55.000Z</time>
        <extensions>
          <ns3:TrackPointExtension>
            <ns3:hr>126</ns3:hr>
            <ns3:cad>0</ns3:cad>
          </ns3:TrackPointExtension>
        </extensions>
      </trkpt>
      <trkpt lat="24.4711089693009853363037109375" lon="118.150414265692234039306640625">
        <ele>116.1999969482421875</ele>
        <time>2026-06-15T08:57:56.000Z</time>
        <extensions>
          <ns3:TrackPointExtension>
            <ns3:hr>126</ns3:hr>
            <ns3:cad>0</ns3:cad>
          </ns3:TrackPointExtension>
        </extensions>
      </trkpt>
      <trkpt lat="24.47110016830265522003173828125" lon="118.1504130922257900238037109375">
        <ele>116.40000152587890625</ele>
        <time>2026-06-15T08:57:57.000Z</time>
        <extensions>
          <ns3:TrackPointExtension>
            <ns3:hr>126</ns3:hr>
            <ns3:cad>0</ns3:cad>
          </ns3:TrackPointExtension>
        </extensions>
      </trkpt>
      <trkpt lat="24.4710868410766124725341796875" lon="118.15041552297770977020263671875">
        <ele>116.8000030517578125</ele>
        <time>2026-06-15T08:57:58.000Z</time>
        <extensions>
          <ns3:TrackPointExtension>
            <ns3:hr>127</ns3:hr>
            <ns3:cad>0</ns3:cad>
          </ns3:TrackPointExtension>
        </extensions>
      </trkpt>
      <trkpt lat="24.47107971645891666412353515625" lon="118.15041870810091495513916015625">
        <ele>117.1999969482421875</ele>
        <time>2026-06-15T08:57:59.000Z</time>
        <extensions>
          <ns3:TrackPointExtension>
            <ns3:hr>126</ns3:hr>
            <ns3:cad>0</ns3:cad>
          </ns3:TrackPointExtension>
        </extensions>
      </trkpt>
      <trkpt lat="24.4710751064121723175048828125" lon="118.1504221446812152862548828125">
        <ele>117.40000152587890625</ele>
        <time>2026-06-15T08:58:00.000Z</time>
        <extensions>
          <ns3:TrackPointExtension>
            <ns3:hr>126</ns3:hr>
            <ns3:cad>0</ns3:cad>
          </ns3:TrackPointExtension>
        </extensions>
      </trkpt>
      <trkpt lat="24.47107066400349140167236328125" lon="118.150427006185054779052734375">
        <ele>117.40000152587890625</ele>
        <time>2026-06-15T08:58:01.000Z</time>
        <extensions>
          <ns3:TrackPointExtension>
            <ns3:hr>126</ns3:hr>
            <ns3:cad>0</ns3:cad>
          </ns3:TrackPointExtension>
        </extensions>
      </trkpt>
      <trkpt lat="24.4710724242031574249267578125" lon="118.1504318676888942718505859375">
        <ele>117.59999847412109375</ele>
        <time>2026-06-15T08:58:02.000Z</time>
        <extensions>
          <ns3:TrackPointExtension>
            <ns3:hr>125</ns3:hr>
            <ns3:cad>0</ns3:cad>
          </ns3:TrackPointExtension>
        </extensions>
      </trkpt>
      <trkpt lat="24.47107133455574512481689453125" lon="118.15043874084949493408203125">
        <ele>117.59999847412109375</ele>
        <time>2026-06-15T08:58:03.000Z</time>
        <extensions>
          <ns3:TrackPointExtension>
            <ns3:hr>125</ns3:hr>
            <ns3:cad>0</ns3:cad>
          </ns3:TrackPointExtension>
        </extensions>
      </trkpt>
      <trkpt lat="24.471071921288967132568359375" lon="118.15044603310525417327880859375">
        <ele>117.59999847412109375</ele>
        <time>2026-06-15T08:58:04.000Z</time>
        <extensions>
          <ns3:TrackPointExtension>
            <ns3:hr>125</ns3:hr>
            <ns3:cad>0</ns3:cad>
          </ns3:TrackPointExtension>
        </extensions>
      </trkpt>
      <trkpt lat="24.4710717536509037017822265625" lon="118.150452487170696258544921875">
        <ele>117.59999847412109375</ele>
        <time>2026-06-15T08:58:05.000Z</time>
        <extensions>
          <ns3:TrackPointExtension>
            <ns3:hr>125</ns3:hr>
            <ns3:cad>40</ns3:cad>
          </ns3:TrackPointExtension>
        </extensions>
      </trkpt>
      <trkpt lat="24.4710704125463962554931640625" lon="118.15046061761677265167236328125">
        <ele>117.59999847412109375</ele>
        <time>2026-06-15T08:58:06.000Z</time>
        <extensions>
          <ns3:TrackPointExtension>
            <ns3:hr>125</ns3:hr>
            <ns3:cad>40</ns3:cad>
          </ns3:TrackPointExtension>
        </extensions>
      </trkpt>
      <trkpt lat="24.47106597013771533966064453125" lon="118.15046832896769046783447265625">
        <ele>117.8000030517578125</ele>
        <time>2026-06-15T08:58:07.000Z</time>
        <extensions>
          <ns3:TrackPointExtension>
            <ns3:hr>126</ns3:hr>
            <ns3:cad>40</ns3:cad>
          </ns3:TrackPointExtension>
        </extensions>
      </trkpt>
      <trkpt lat="24.47106362320482730865478515625" lon="118.15047587268054485321044921875">
        <ele>118</ele>
        <time>2026-06-15T08:58:08.000Z</time>
        <extensions>
          <ns3:TrackPointExtension>
            <ns3:hr>126</ns3:hr>
            <ns3:cad>40</ns3:cad>
          </ns3:TrackPointExtension>
        </extensions>
      </trkpt>
      <trkpt lat="24.47106295265257358551025390625" lon="118.150474615395069122314453125">
        <ele>118</ele>
        <time>2026-06-15T08:58:09.000Z</time>
        <extensions>
          <ns3:TrackPointExtension>
            <ns3:hr>126</ns3:hr>
            <ns3:cad>41</ns3:cad>
          </ns3:TrackPointExtension>
        </extensions>
      </trkpt>
      <trkpt lat="24.47106127627193927764892578125" lon="118.1504798121750354766845703125">
        <ele>118.1999969482421875</ele>
        <time>2026-06-15T08:58:10.000Z</time>
        <extensions>
          <ns3:TrackPointExtension>
            <ns3:hr>126</ns3:hr>
            <ns3:cad>41</ns3:cad>
          </ns3:TrackPointExtension>
        </extensions>
      </trkpt>
      <trkpt lat="24.47105943225324153900146484375" lon="118.15048291347920894622802734375">
        <ele>118.40000152587890625</ele>
        <time>2026-06-15T08:58:11.000Z</time>
        <extensions>
          <ns3:TrackPointExtension>
            <ns3:hr>126</ns3:hr>
            <ns3:cad>0</ns3:cad>
          </ns3:TrackPointExtension>
        </extensions>
      </trkpt>
      <trkpt lat="24.4710583426058292388916015625" lon="118.15048442222177982330322265625">
        <ele>118.40000152587890625</ele>
        <time>2026-06-15T08:58:12.000Z</time>
        <extensions>
          <ns3:TrackPointExtension>
            <ns3:hr>126</ns3:hr>
            <ns3:cad>0</ns3:cad>
          </ns3:TrackPointExtension>
        </extensions>
      </trkpt>
      <trkpt lat="24.4710583426058292388916015625" lon="118.15048458985984325408935546875">
        <ele>118.40000152587890625</ele>
        <time>2026-06-15T08:58:13.000Z</time>
        <extensions>
          <ns3:TrackPointExtension>
            <ns3:hr>126</ns3:hr>
            <ns3:cad>43</ns3:cad>
          </ns3:TrackPointExtension>
        </extensions>
      </trkpt>
      <trkpt lat="24.471059851348400115966796875" lon="118.1504788063466548919677734375">
        <ele>118.40000152587890625</ele>
        <time>2026-06-15T08:58:14.000Z</time>
        <extensions>
          <ns3:TrackPointExtension>
            <ns3:hr>126</ns3:hr>
            <ns3:cad>43</ns3:cad>
          </ns3:TrackPointExtension>
        </extensions>
      </trkpt>
      <trkpt lat="24.47106127627193927764892578125" lon="118.150468580424785614013671875">
        <ele>118.1999969482421875</ele>
        <time>2026-06-15T08:58:15.000Z</time>
        <extensions>
          <ns3:TrackPointExtension>
            <ns3:hr>126</ns3:hr>
            <ns3:cad>0</ns3:cad>
          </ns3:TrackPointExtension>
        </extensions>
      </trkpt>
      <trkpt lat="24.47106228210031986236572265625" lon="118.15045776776969432830810546875">
        <ele>118</ele>
        <time>2026-06-15T08:58:16.000Z</time>
        <extensions>
          <ns3:TrackPointExtension>
            <ns3:hr>126</ns3:hr>
            <ns3:cad>0</ns3:cad>
          </ns3:TrackPointExtension>
        </extensions>
      </trkpt>
      <trkpt lat="24.4710627011954784393310546875" lon="118.15044620074331760406494140625">
        <ele>117.8000030517578125</ele>
        <time>2026-06-15T08:58:17.000Z</time>
        <extensions>
          <ns3:TrackPointExtension>
            <ns3:hr>126</ns3:hr>
            <ns3:cad>0</ns3:cad>
          </ns3:TrackPointExtension>
        </extensions>
      </trkpt>
      <trkpt lat="24.47106228210031986236572265625" lon="118.15043295733630657196044921875">
        <ele>117.59999847412109375</ele>
        <time>2026-06-15T08:58:18.000Z</time>
        <extensions>
          <ns3:TrackPointExtension>
            <ns3:hr>127</ns3:hr>
            <ns3:cad>0</ns3:cad>
          </ns3:TrackPointExtension>
        </extensions>
      </trkpt>
      <trkpt lat="24.4710603542625904083251953125" lon="118.15042608417570590972900390625">
        <ele>117.40000152587890625</ele>
        <time>2026-06-15T08:58:19.000Z</time>
        <extensions>
          <ns3:TrackPointExtension>
            <ns3:hr>125</ns3:hr>
            <ns3:cad>0</ns3:cad>
          </ns3:TrackPointExtension>
        </extensions>
      </trkpt>
      <trkpt lat="24.4710523076355457305908203125" lon="118.15042105503380298614501953125">
        <ele>117.1999969482421875</ele>
        <time>2026-06-15T08:58:20.000Z</time>
        <extensions>
          <ns3:TrackPointExtension>
            <ns3:hr>124</ns3:hr>
            <ns3:cad>0</ns3:cad>
          </ns3:TrackPointExtension>
        </extensions>
      </trkpt>
      <trkpt lat="24.47104250080883502960205078125" lon="118.15042004920542240142822265625">
        <ele>117</ele>
        <time>2026-06-15T08:58:21.000Z</time>
        <extensions>
          <ns3:TrackPointExtension>
            <ns3:hr>124</ns3:hr>
            <ns3:cad>0</ns3:cad>
          </ns3:TrackPointExtension>
        </extensions>
      </trkpt>
      <trkpt lat="24.4710325263440608978271484375" lon="118.1504194624722003936767578125">
        <ele>117</ele>
        <time>2026-06-15T08:58:22.000Z</time>
        <extensions>
          <ns3:TrackPointExtension>
            <ns3:hr>125</ns3:hr>
            <ns3:cad>0</ns3:cad>
          </ns3:TrackPointExtension>
        </extensions>
      </trkpt>
      <trkpt lat="24.4710187800228595733642578125" lon="118.15041937865316867828369140625">
        <ele>116.8000030517578125</ele>
        <time>2026-06-15T08:58:23.000Z</time>
        <extensions>
          <ns3:TrackPointExtension>
            <ns3:hr>125</ns3:hr>
            <ns3:cad>0</ns3:cad>
          </ns3:TrackPointExtension>
        </extensions>
      </trkpt>
      <trkpt lat="24.47100855410099029541015625" lon="118.15042021684348583221435546875">
        <ele>116.59999847412109375</ele>
        <time>2026-06-15T08:58:24.000Z</time>
        <extensions>
          <ns3:TrackPointExtension>
            <ns3:hr>125</ns3:hr>
            <ns3:cad>0</ns3:cad>
          </ns3:TrackPointExtension>
        </extensions>
      </trkpt>
      <trkpt lat="24.47100277058780193328857421875" lon="118.15041753463447093963623046875">
        <ele>116.40000152587890625</ele>
        <time>2026-06-15T08:58:25.000Z</time>
        <extensions>
          <ns3:TrackPointExtension>
            <ns3:hr>126</ns3:hr>
            <ns3:cad>0</ns3:cad>
          </ns3:TrackPointExtension>
        </extensions>
      </trkpt>
      <trkpt lat="24.47099380195140838623046875" lon="118.150416947901248931884765625">
        <ele>116.1999969482421875</ele>
        <time>2026-06-15T08:58:26.000Z</time>
        <extensions>
          <ns3:TrackPointExtension>
            <ns3:hr>127</ns3:hr>
            <ns3:cad>55</ns3:cad>
          </ns3:TrackPointExtension>
        </extensions>
      </trkpt>
      <trkpt lat="24.4709852524101734161376953125" lon="118.1504177860915660858154296875">
        <ele>116</ele>
        <time>2026-06-15T08:58:27.000Z</time>
        <extensions>
          <ns3:TrackPointExtension>
            <ns3:hr>128</ns3:hr>
            <ns3:cad>55</ns3:cad>
          </ns3:TrackPointExtension>
        </extensions>
      </trkpt>
      <trkpt lat="24.47098181582987308502197265625" lon="118.15041996538639068603515625">
        <ele>115.8000030517578125</ele>
        <time>2026-06-15T08:58:28.000Z</time>
        <extensions>
          <ns3:TrackPointExtension>
            <ns3:hr>128</ns3:hr>
            <ns3:cad>55</ns3:cad>
          </ns3:TrackPointExtension>
        </extensions>
      </trkpt>
      <trkpt lat="24.47097695432603359222412109375" lon="118.15042172558605670928955078125">
        <ele>115.59999847412109375</ele>
        <time>2026-06-15T08:58:29.000Z</time>
        <extensions>
          <ns3:TrackPointExtension>
            <ns3:hr>127</ns3:hr>
            <ns3:cad>55</ns3:cad>
          </ns3:TrackPointExtension>
        </extensions>
      </trkpt>
      <trkpt lat="24.47097611613571643829345703125" lon="118.15042390488088130950927734375">
        <ele>115.59999847412109375</ele>
        <time>2026-06-15T08:58:30.000Z</time>
        <extensions>
          <ns3:TrackPointExtension>
            <ns3:hr>121</ns3:hr>
            <ns3:cad>55</ns3:cad>
          </ns3:TrackPointExtension>
        </extensions>
      </trkpt>
      <trkpt lat="24.47097712196409702301025390625" lon="118.15042424015700817108154296875">
        <ele>115.59999847412109375</ele>
        <time>2026-06-15T08:58:31.000Z</time>
        <extensions>
          <ns3:TrackPointExtension>
            <ns3:hr>120</ns3:hr>
            <ns3:cad>0</ns3:cad>
          </ns3:TrackPointExtension>
        </extensions>
      </trkpt>
      <trkpt lat="24.47097460739314556121826171875" lon="118.15042759291827678680419921875">
        <ele>115.59999847412109375</ele>
        <time>2026-06-15T08:58:32.000Z</time>
        <extensions>
          <ns3:TrackPointExtension>
            <ns3:hr>119</ns3:hr>
            <ns3:cad>0</ns3:cad>
          </ns3:TrackPointExtension>
        </extensions>
      </trkpt>
      <trkpt lat="24.47097343392670154571533203125" lon="118.1504295207560062408447265625">
        <ele>115.59999847412109375</ele>
        <time>2026-06-15T08:58:33.000Z</time>
        <extensions>
          <ns3:TrackPointExtension>
            <ns3:hr>119</ns3:hr>
            <ns3:cad>0</ns3:cad>
          </ns3:TrackPointExtension>
        </extensions>
      </trkpt>
      <trkpt lat="24.47097326628863811492919921875" lon="118.15043161623179912567138671875">
        <ele>115.59999847412109375</ele>
        <time>2026-06-15T08:58:34.000Z</time>
        <extensions>
          <ns3:TrackPointExtension>
            <ns3:hr>118</ns3:hr>
            <ns3:cad>0</ns3:cad>
          </ns3:TrackPointExtension>
        </extensions>
      </trkpt>
      <trkpt lat="24.47097091935575008392333984375" lon="118.15043463371694087982177734375">
        <ele>115.8000030517578125</ele>
        <time>2026-06-15T08:58:35.000Z</time>
        <extensions>
          <ns3:TrackPointExtension>
            <ns3:hr>118</ns3:hr>
            <ns3:cad>0</ns3:cad>
          </ns3:TrackPointExtension>
        </extensions>
      </trkpt>
      <trkpt lat="24.4709735177457332611083984375" lon="118.1504352204501628875732421875">
        <ele>115.8000030517578125</ele>
        <time>2026-06-15T08:58:36.000Z</time>
        <extensions>
          <ns3:TrackPointExtension>
            <ns3:hr>118</ns3:hr>
            <ns3:cad>0</ns3:cad>
          </ns3:TrackPointExtension>
        </extensions>
      </trkpt>
      <trkpt lat="24.4709751941263675689697265625" lon="118.15043714828789234161376953125">
        <ele>115.8000030517578125</ele>
        <time>2026-06-15T08:58:37.000Z</time>
        <extensions>
          <ns3:TrackPointExtension>
            <ns3:hr>119</ns3:hr>
            <ns3:cad>0</ns3:cad>
          </ns3:TrackPointExtension>
        </extensions>
      </trkpt>
      <trkpt lat="24.47097904980182647705078125" lon="118.150442428886890411376953125">
        <ele>115.59999847412109375</ele>
        <time>2026-06-15T08:58:38.000Z</time>
        <extensions>
          <ns3:TrackPointExtension>
            <ns3:hr>118</ns3:hr>
            <ns3:cad>0</ns3:cad>
          </ns3:TrackPointExtension>
        </extensions>
      </trkpt>
      <trkpt lat="24.470981396734714508056640625" lon="118.1504493020474910736083984375">
        <ele>115.59999847412109375</ele>
        <time>2026-06-15T08:58:39.000Z</time>
        <extensions>
          <ns3:TrackPointExtension>
            <ns3:hr>117</ns3:hr>
            <ns3:cad>0</ns3:cad>
          </ns3:TrackPointExtension>
        </extensions>
      </trkpt>
      <trkpt lat="24.4709837436676025390625" lon="118.15045491792261600494384765625">
        <ele>115.59999847412109375</ele>
        <time>2026-06-15T08:58:40.000Z</time>
        <extensions>
          <ns3:TrackPointExtension>
            <ns3:hr>117</ns3:hr>
            <ns3:cad>0</ns3:cad>
          </ns3:TrackPointExtension>
        </extensions>
      </trkpt>
      <trkpt lat="24.47098047472536563873291015625" lon="118.15045927651226520538330078125">
        <ele>115.8000030517578125</ele>
        <time>2026-06-15T08:58:41.000Z</time>
        <extensions>
          <ns3:TrackPointExtension>
            <ns3:hr>117</ns3:hr>
            <ns3:cad>0</ns3:cad>
          </ns3:TrackPointExtension>
        </extensions>
      </trkpt>
      <trkpt lat="24.4709815643727779388427734375" lon="118.15046765841543674468994140625">
        <ele>116</ele>
        <time>2026-06-15T08:58:42.000Z</time>
        <extensions>
          <ns3:TrackPointExtension>
            <ns3:hr>117</ns3:hr>
            <ns3:cad>0</ns3:cad>
          </ns3:TrackPointExtension>
        </extensions>
      </trkpt>
      <trkpt lat="24.47098466567695140838623046875" lon="118.15047486685216426849365234375">
        <ele>116.1999969482421875</ele>
        <time>2026-06-15T08:58:43.000Z</time>
        <extensions>
          <ns3:TrackPointExtension>
            <ns3:hr>116</ns3:hr>
            <ns3:cad>0</ns3:cad>
          </ns3:TrackPointExtension>
        </extensions>
      </trkpt>
      <trkpt lat="24.470986090600490570068359375" lon="118.15048241056501865386962890625">
        <ele>116.40000152587890625</ele>
        <time>2026-06-15T08:58:44.000Z</time>
        <extensions>
          <ns3:TrackPointExtension>
            <ns3:hr>115</ns3:hr>
            <ns3:cad>0</ns3:cad>
          </ns3:TrackPointExtension>
        </extensions>
      </trkpt>
      <trkpt lat="24.4709859229624271392822265625" lon="118.1504850089550018310546875">
        <ele>116.59999847412109375</ele>
        <time>2026-06-15T08:58:45.000Z</time>
        <extensions>
          <ns3:TrackPointExtension>
            <ns3:hr>113</ns3:hr>
            <ns3:cad>0</ns3:cad>
          </ns3:TrackPointExtension>
        </extensions>
      </trkpt>
      <trkpt lat="24.4709877669811248779296875" lon="118.15048911608755588531494140625">
        <ele>116.8000030517578125</ele>
        <time>2026-06-15T08:58:46.000Z</time>
        <extensions>
          <ns3:TrackPointExtension>
            <ns3:hr>111</ns3:hr>
            <ns3:cad>41</ns3:cad>
          </ns3:TrackPointExtension>
        </extensions>
      </trkpt>
      <trkpt lat="24.4709892757236957550048828125" lon="118.15049665980041027069091796875">
        <ele>117</ele>
        <time>2026-06-15T08:58:47.000Z</time>
        <extensions>
          <ns3:TrackPointExtension>
            <ns3:hr>109</ns3:hr>
            <ns3:cad>41</ns3:cad>
          </ns3:TrackPointExtension>
        </extensions>
      </trkpt>
      <trkpt lat="24.47098986245691776275634765625" lon="118.15050319768488407135009765625">
        <ele>117.1999969482421875</ele>
        <time>2026-06-15T08:58:48.000Z</time>
        <extensions>
          <ns3:TrackPointExtension>
            <ns3:hr>107</ns3:hr>
            <ns3:cad>41</ns3:cad>
          </ns3:TrackPointExtension>
        </extensions>
      </trkpt>
      <trkpt lat="24.4709929637610912322998046875" lon="118.15051074139773845672607421875">
        <ele>117.40000152587890625</ele>
        <time>2026-06-15T08:58:49.000Z</time>
        <extensions>
          <ns3:TrackPointExtension>
            <ns3:hr>106</ns3:hr>
            <ns3:cad>41</ns3:cad>
          </ns3:TrackPointExtension>
        </extensions>
      </trkpt>
      <trkpt lat="24.47099841199815273284912109375" lon="118.1505187042057514190673828125">
        <ele>117.59999847412109375</ele>
        <time>2026-06-15T08:58:50.000Z</time>
        <extensions>
          <ns3:TrackPointExtension>
            <ns3:hr>106</ns3:hr>
            <ns3:cad>46</ns3:cad>
          </ns3:TrackPointExtension>
        </extensions>
      </trkpt>
      <trkpt lat="24.4710038602352142333984375" lon="118.150528259575366973876953125">
        <ele>117.8000030517578125</ele>
        <time>2026-06-15T08:58:51.000Z</time>
        <extensions>
          <ns3:TrackPointExtension>
            <ns3:hr>107</ns3:hr>
            <ns3:cad>47</ns3:cad>
          </ns3:TrackPointExtension>
        </extensions>
      </trkpt>
      <trkpt lat="24.4710087217390537261962890625" lon="118.150528259575366973876953125">
        <ele>117.8000030517578125</ele>
        <time>2026-06-15T08:58:52.000Z</time>
        <extensions>
          <ns3:TrackPointExtension>
            <ns3:hr>108</ns3:hr>
            <ns3:cad>47</ns3:cad>
          </ns3:TrackPointExtension>
        </extensions>
      </trkpt>
      <trkpt lat="24.47101450525224208831787109375" lon="118.15052851103246212005615234375">
        <ele>118</ele>
        <time>2026-06-15T08:58:53.000Z</time>
        <extensions>
          <ns3:TrackPointExtension>
            <ns3:hr>108</ns3:hr>
            <ns3:cad>47</ns3:cad>
          </ns3:TrackPointExtension>
        </extensions>
      </trkpt>
      <trkpt lat="24.47102196514606475830078125" lon="118.15053605474531650543212890625">
        <ele>118.1999969482421875</ele>
        <time>2026-06-15T08:58:54.000Z</time>
        <extensions>
          <ns3:TrackPointExtension>
            <ns3:hr>108</ns3:hr>
            <ns3:cad>45</ns3:cad>
          </ns3:TrackPointExtension>
        </extensions>
      </trkpt>
      <trkpt lat="24.47102732956409454345703125" lon="118.1505374796688556671142578125">
        <ele>118.40000152587890625</ele>
        <time>2026-06-15T08:58:55.000Z</time>
        <extensions>
          <ns3:TrackPointExtension>
            <ns3:hr>107</ns3:hr>
            <ns3:cad>45</ns3:cad>
          </ns3:TrackPointExtension>
        </extensions>
      </trkpt>
      <trkpt lat="24.47103160433471202850341796875" lon="118.1505386531352996826171875">
        <ele>118.59999847412109375</ele>
        <time>2026-06-15T08:58:56.000Z</time>
        <extensions>
          <ns3:TrackPointExtension>
            <ns3:hr>107</ns3:hr>
            <ns3:cad>47</ns3:cad>
          </ns3:TrackPointExtension>
        </extensions>
      </trkpt>
      <trkpt lat="24.47103663347661495208740234375" lon="118.15053923986852169036865234375">
        <ele>118.8000030517578125</ele>
        <time>2026-06-15T08:58:57.000Z</time>
        <extensions>
          <ns3:TrackPointExtension>
            <ns3:hr>108</ns3:hr>
            <ns3:cad>47</ns3:cad>
          </ns3:TrackPointExtension>
        </extensions>
      </trkpt>
      <trkpt lat="24.4710412435233592987060546875" lon="118.15054208971560001373291015625">
        <ele>119</ele>
        <time>2026-06-15T08:58:58.000Z</time>
        <extensions>
          <ns3:TrackPointExtension>
            <ns3:hr>108</ns3:hr>
            <ns3:cad>43</ns3:cad>
          </ns3:TrackPointExtension>
        </extensions>
      </trkpt>
      <trkpt lat="24.47104501537978649139404296875" lon="118.15054309554398059844970703125">
        <ele>119.1999969482421875</ele>
        <time>2026-06-15T08:58:59.000Z</time>
        <extensions>
          <ns3:TrackPointExtension>
            <ns3:hr>108</ns3:hr>
            <ns3:cad>41</ns3:cad>
          </ns3:TrackPointExtension>
        </extensions>
      </trkpt>
      <trkpt lat="24.471048451960086822509765625" lon="118.15054728649556636810302734375">
        <ele>119.40000152587890625</ele>
        <time>2026-06-15T08:59:00.000Z</time>
        <extensions>
          <ns3:TrackPointExtension>
            <ns3:hr>108</ns3:hr>
            <ns3:cad>41</ns3:cad>
          </ns3:TrackPointExtension>
        </extensions>
      </trkpt>
      <trkpt lat="24.4710506312549114227294921875" lon="118.15055432729423046112060546875">
        <ele>119.59999847412109375</ele>
        <time>2026-06-15T08:59:01.000Z</time>
        <extensions>
          <ns3:TrackPointExtension>
            <ns3:hr>108</ns3:hr>
            <ns3:cad>41</ns3:cad>
          </ns3:TrackPointExtension>
        </extensions>
      </trkpt>
      <trkpt lat="24.471051134169101715087890625" lon="118.15055868588387966156005859375">
        <ele>119.8000030517578125</ele>
        <time>2026-06-15T08:59:02.000Z</time>
        <extensions>
          <ns3:TrackPointExtension>
            <ns3:hr>107</ns3:hr>
            <ns3:cad>41</ns3:cad>
          </ns3:TrackPointExtension>
        </extensions>
      </trkpt>
      <trkpt lat="24.4710543192923069000244140625" lon="118.15056555904448032379150390625">
        <ele>120</ele>
        <time>2026-06-15T08:59:03.000Z</time>
        <extensions>
          <ns3:TrackPointExtension>
            <ns3:hr>108</ns3:hr>
            <ns3:cad>41</ns3:cad>
          </ns3:TrackPointExtension>
        </extensions>
      </trkpt>
      <trkpt lat="24.471058510243892669677734375" lon="118.15057461149990558624267578125">
        <ele>120</ele>
        <time>2026-06-15T08:59:04.000Z</time>
        <extensions>
          <ns3:TrackPointExtension>
            <ns3:hr>109</ns3:hr>
            <ns3:cad>41</ns3:cad>
          </ns3:TrackPointExtension>
        </extensions>
      </trkpt>
      <trkpt lat="24.47106110863387584686279296875" lon="118.15058483742177486419677734375">
        <ele>120.1999969482421875</ele>
        <time>2026-06-15T08:59:05.000Z</time>
        <extensions>
          <ns3:TrackPointExtension>
            <ns3:hr>109</ns3:hr>
            <ns3:cad>41</ns3:cad>
          </ns3:TrackPointExtension>
        </extensions>
      </trkpt>
      <trkpt lat="24.47106379084289073944091796875" lon="118.15059858374297618865966796875">
        <ele>120.1999969482421875</ele>
        <time>2026-06-15T08:59:06.000Z</time>
        <extensions>
          <ns3:TrackPointExtension>
            <ns3:hr>110</ns3:hr>
            <ns3:cad>42</ns3:cad>
          </ns3:TrackPointExtension>
        </extensions>
      </trkpt>
      <trkpt lat="24.4710643775761127471923828125" lon="118.1506068818271160125732421875">
        <ele>120.1999969482421875</ele>
        <time>2026-06-15T08:59:07.000Z</time>
        <extensions>
          <ns3:TrackPointExtension>
            <ns3:hr>110</ns3:hr>
            <ns3:cad>44</ns3:cad>
          </ns3:TrackPointExtension>
        </extensions>
      </trkpt>
      <trkpt lat="24.471065215766429901123046875" lon="118.15061450935900211334228515625">
        <ele>120.40000152587890625</ele>
        <time>2026-06-15T08:59:08.000Z</time>
        <extensions>
          <ns3:TrackPointExtension>
            <ns3:hr>110</ns3:hr>
            <ns3:cad>44</ns3:cad>
          </ns3:TrackPointExtension>
        </extensions>
      </trkpt>
      <trkpt lat="24.471064545214176177978515625" lon="118.15062247216701507568359375">
        <ele>120.40000152587890625</ele>
        <time>2026-06-15T08:59:09.000Z</time>
        <extensions>
          <ns3:TrackPointExtension>
            <ns3:hr>110</ns3:hr>
            <ns3:cad>44</ns3:cad>
          </ns3:TrackPointExtension>
        </extensions>
      </trkpt>
      <trkpt lat="24.47106353938579559326171875" lon="118.1506249867379665374755859375">
        <ele>120.59999847412109375</ele>
        <time>2026-06-15T08:59:10.000Z</time>
        <extensions>
          <ns3:TrackPointExtension>
            <ns3:hr>110</ns3:hr>
            <ns3:cad>44</ns3:cad>
          </ns3:TrackPointExtension>
        </extensions>
      </trkpt>
      <trkpt lat="24.4710633717477321624755859375" lon="118.15062875859439373016357421875">
        <ele>120.59999847412109375</ele>
        <time>2026-06-15T08:59:11.000Z</time>
        <extensions>
          <ns3:TrackPointExtension>
            <ns3:hr>110</ns3:hr>
            <ns3:cad>44</ns3:cad>
          </ns3:TrackPointExtension>
        </extensions>
      </trkpt>
      <trkpt lat="24.47106177918612957000732421875" lon="118.15063395537436008453369140625">
        <ele>120.8000030517578125</ele>
        <time>2026-06-15T08:59:12.000Z</time>
        <extensions>
          <ns3:TrackPointExtension>
            <ns3:hr>110</ns3:hr>
            <ns3:cad>44</ns3:cad>
          </ns3:TrackPointExtension>
        </extensions>
      </trkpt>
      <trkpt lat="24.4710628688335418701171875" lon="118.15064250491559505462646484375">
        <ele>121</ele>
        <time>2026-06-15T08:59:13.000Z</time>
        <extensions>
          <ns3:TrackPointExtension>
            <ns3:hr>110</ns3:hr>
            <ns3:cad>44</ns3:cad>
          </ns3:TrackPointExtension>
        </extensions>
      </trkpt>
      <trkpt lat="24.4710647128522396087646484375" lon="118.150650970637798309326171875">
        <ele>121.1999969482421875</ele>
        <time>2026-06-15T08:59:14.000Z</time>
        <extensions>
          <ns3:TrackPointExtension>
            <ns3:hr>110</ns3:hr>
            <ns3:cad>42</ns3:cad>
          </ns3:TrackPointExtension>
        </extensions>
      </trkpt>
      <trkpt lat="24.47106622159481048583984375" lon="118.15065910108387470245361328125">
        <ele>121.40000152587890625</ele>
        <time>2026-06-15T08:59:15.000Z</time>
        <extensions>
          <ns3:TrackPointExtension>
            <ns3:hr>111</ns3:hr>
            <ns3:cad>42</ns3:cad>
          </ns3:TrackPointExtension>
        </extensions>
      </trkpt>
      <trkpt lat="24.471071250736713409423828125" lon="118.150669746100902557373046875">
        <ele>121.40000152587890625</ele>
        <time>2026-06-15T08:59:16.000Z</time>
        <extensions>
          <ns3:TrackPointExtension>
            <ns3:hr>111</ns3:hr>
            <ns3:cad>42</ns3:cad>
          </ns3:TrackPointExtension>
        </extensions>
      </trkpt>
      <trkpt lat="24.471075944602489471435546875" lon="118.15067720599472522735595703125">
        <ele>121.59999847412109375</ele>
        <time>2026-06-15T08:59:17.000Z</time>
        <extensions>
          <ns3:TrackPointExtension>
            <ns3:hr>111</ns3:hr>
            <ns3:cad>42</ns3:cad>
          </ns3:TrackPointExtension>
        </extensions>
      </trkpt>
      <trkpt lat="24.4710798002779483795166015625" lon="118.15067552961409091949462890625">
        <ele>121.8000030517578125</ele>
        <time>2026-06-15T08:59:18.000Z</time>
        <extensions>
          <ns3:TrackPointExtension>
            <ns3:hr>111</ns3:hr>
            <ns3:cad>43</ns3:cad>
          </ns3:TrackPointExtension>
        </extensions>
      </trkpt>
      <trkpt lat="24.471083991229534149169921875" lon="118.1506799720227718353271484375">
        <ele>121.8000030517578125</ele>
        <time>2026-06-15T08:59:19.000Z</time>
        <extensions>
          <ns3:TrackPointExtension>
            <ns3:hr>112</ns3:hr>
            <ns3:cad>45</ns3:cad>
          </ns3:TrackPointExtension>
        </extensions>
      </trkpt>
      <trkpt lat="24.4710875116288661956787109375" lon="118.15068692900240421295166015625">
        <ele>122</ele>
        <time>2026-06-15T08:59:20.000Z</time>
        <extensions>
          <ns3:TrackPointExtension>
            <ns3:hr>112</ns3:hr>
            <ns3:cad>45</ns3:cad>
          </ns3:TrackPointExtension>
        </extensions>
      </trkpt>
      <trkpt lat="24.47109011001884937286376953125" lon="118.150693215429782867431640625">
        <ele>122.40000152587890625</ele>
        <time>2026-06-15T08:59:21.000Z</time>
        <extensions>
          <ns3:TrackPointExtension>
            <ns3:hr>112</ns3:hr>
            <ns3:cad>45</ns3:cad>
          </ns3:TrackPointExtension>
        </extensions>
      </trkpt>
      <trkpt lat="24.471093378961086273193359375" lon="118.150698579847812652587890625">
        <ele>122.59999847412109375</ele>
        <time>2026-06-15T08:59:22.000Z</time>
        <extensions>
          <ns3:TrackPointExtension>
            <ns3:hr>112</ns3:hr>
            <ns3:cad>43</ns3:cad>
          </ns3:TrackPointExtension>
        </extensions>
      </trkpt>
      <trkpt lat="24.47109212167561054229736328125" lon="118.15070427954196929931640625">
        <ele>122.8000030517578125</ele>
        <time>2026-06-15T08:59:23.000Z</time>
        <extensions>
          <ns3:TrackPointExtension>
            <ns3:hr>113</ns3:hr>
            <ns3:cad>43</ns3:cad>
          </ns3:TrackPointExtension>
        </extensions>
      </trkpt>
      <trkpt lat="24.4710885174572467803955078125" lon="118.1507074646651744842529296875">
        <ele>123</ele>
        <time>2026-06-15T08:59:24.000Z</time>
        <extensions>
          <ns3:TrackPointExtension>
            <ns3:hr>113</ns3:hr>
            <ns3:cad>42</ns3:cad>
          </ns3:TrackPointExtension>
        </extensions>
      </trkpt>
      <trkpt lat="24.471081979572772979736328125" lon="118.150709308683872222900390625">
        <ele>123.1999969482421875</ele>
        <time>2026-06-15T08:59:25.000Z</time>
        <extensions>
          <ns3:TrackPointExtension>
            <ns3:hr>114</ns3:hr>
            <ns3:cad>42</ns3:cad>
          </ns3:TrackPointExtension>
        </extensions>
      </trkpt>
      <trkpt lat="24.47107502259314060211181640625" lon="118.15070922486484050750732421875">
        <ele>123.59999847412109375</ele>
        <time>2026-06-15T08:59:26.000Z</time>
        <extensions>
          <ns3:TrackPointExtension>
            <ns3:hr>113</ns3:hr>
            <ns3:cad>44</ns3:cad>
          </ns3:TrackPointExtension>
        </extensions>
      </trkpt>
      <trkpt lat="24.471070580184459686279296875" lon="118.1507088057696819305419921875">
        <ele>124</ele>
        <time>2026-06-15T08:59:27.000Z</time>
        <extensions>
          <ns3:TrackPointExtension>
            <ns3:hr>113</ns3:hr>
            <ns3:cad>44</ns3:cad>
          </ns3:TrackPointExtension>
        </extensions>
      </trkpt>
      <trkpt lat="24.4710647128522396087646484375" lon="118.15071123652160167694091796875">
        <ele>124.1999969482421875</ele>
        <time>2026-06-15T08:59:28.000Z</time>
        <extensions>
          <ns3:TrackPointExtension>
            <ns3:hr>114</ns3:hr>
            <ns3:cad>44</ns3:cad>
          </ns3:TrackPointExtension>
        </extensions>
      </trkpt>
      <trkpt lat="24.4710606895387172698974609375" lon="118.15071056596934795379638671875">
        <ele>124.59999847412109375</ele>
        <time>2026-06-15T08:59:29.000Z</time>
        <extensions>
          <ns3:TrackPointExtension>
            <ns3:hr>114</ns3:hr>
            <ns3:cad>44</ns3:cad>
          </ns3:TrackPointExtension>
        </extensions>
      </trkpt>
      <trkpt lat="24.47106060571968555450439453125" lon="118.1507155112922191619873046875">
        <ele>124.8000030517578125</ele>
        <time>2026-06-15T08:59:30.000Z</time>
        <extensions>
          <ns3:TrackPointExtension>
            <ns3:hr>114</ns3:hr>
            <ns3:cad>44</ns3:cad>
          </ns3:TrackPointExtension>
        </extensions>
      </trkpt>
      <trkpt lat="24.47106094099581241607666015625" lon="118.15071760676801204681396484375">
        <ele>125.1999969482421875</ele>
        <time>2026-06-15T08:59:31.000Z</time>
        <extensions>
          <ns3:TrackPointExtension>
            <ns3:hr>114</ns3:hr>
            <ns3:cad>44</ns3:cad>
          </ns3:TrackPointExtension>
        </extensions>
      </trkpt>
      <trkpt lat="24.47106420993804931640625" lon="118.1507235579192638397216796875">
        <ele>125.40000152587890625</ele>
        <time>2026-06-15T08:59:32.000Z</time>
        <extensions>
          <ns3:TrackPointExtension>
            <ns3:hr>115</ns3:hr>
            <ns3:cad>43</ns3:cad>
          </ns3:TrackPointExtension>
        </extensions>
      </trkpt>
      <trkpt lat="24.4710670597851276397705078125" lon="118.15072749741375446319580078125">
        <ele>125.59999847412109375</ele>
        <time>2026-06-15T08:59:33.000Z</time>
        <extensions>
          <ns3:TrackPointExtension>
            <ns3:hr>115</ns3:hr>
            <ns3:cad>43</ns3:cad>
          </ns3:TrackPointExtension>
        </extensions>
      </trkpt>
      <trkpt lat="24.4710697419941425323486328125" lon="118.1507316045463085174560546875">
        <ele>125.8000030517578125</ele>
        <time>2026-06-15T08:59:34.000Z</time>
        <extensions>
          <ns3:TrackPointExtension>
            <ns3:hr>116</ns3:hr>
            <ns3:cad>43</ns3:cad>
          </ns3:TrackPointExtension>
        </extensions>
      </trkpt>
      <trkpt lat="24.47106965817511081695556640625" lon="118.1507349573075771331787109375">
        <ele>125.8000030517578125</ele>
        <time>2026-06-15T08:59:35.000Z</time>
        <extensions>
          <ns3:TrackPointExtension>
            <ns3:hr>117</ns3:hr>
            <ns3:cad>43</ns3:cad>
          </ns3:TrackPointExtension>
        </extensions>
      </trkpt>
      <trkpt lat="24.47106932289898395538330078125" lon="118.1507396511733531951904296875">
        <ele>126</ele>
        <time>2026-06-15T08:59:36.000Z</time>
        <extensions>
          <ns3:TrackPointExtension>
            <ns3:hr>118</ns3:hr>
            <ns3:cad>43</ns3:cad>
          </ns3:TrackPointExtension>
        </extensions>
      </trkpt>
      <trkpt lat="24.4710673950612545013427734375" lon="118.15074509941041469573974609375">
        <ele>126.1999969482421875</ele>
        <time>2026-06-15T08:59:37.000Z</time>
        <extensions>
          <ns3:TrackPointExtension>
            <ns3:hr>119</ns3:hr>
            <ns3:cad>43</ns3:cad>
          </ns3:TrackPointExtension>
        </extensions>
      </trkpt>
      <trkpt lat="24.47106664068996906280517578125" lon="118.15074861980974674224853515625">
        <ele>126.40000152587890625</ele>
        <time>2026-06-15T08:59:38.000Z</time>
        <extensions>
          <ns3:TrackPointExtension>
            <ns3:hr>120</ns3:hr>
            <ns3:cad>43</ns3:cad>
          </ns3:TrackPointExtension>
        </extensions>
      </trkpt>
      <trkpt lat="24.471062533557415008544921875" lon="118.15075499005615711212158203125">
        <ele>126.59999847412109375</ele>
        <time>2026-06-15T08:59:39.000Z</time>
        <extensions>
          <ns3:TrackPointExtension>
            <ns3:hr>120</ns3:hr>
            <ns3:cad>48</ns3:cad>
          </ns3:TrackPointExtension>
        </extensions>
      </trkpt>
      <trkpt lat="24.471057169139385223388671875" lon="118.15076370723545551300048828125">
        <ele>126.8000030517578125</ele>
        <time>2026-06-15T08:59:40.000Z</time>
        <extensions>
          <ns3:TrackPointExtension>
            <ns3:hr>121</ns3:hr>
            <ns3:cad>48</ns3:cad>
          </ns3:TrackPointExtension>
        </extensions>
      </trkpt>
      <trkpt lat="24.47105105035006999969482421875" lon="118.15077410079538822174072265625">
        <ele>127.1999969482421875</ele>
        <time>2026-06-15T08:59:41.000Z</time>
        <extensions>
          <ns3:TrackPointExtension>
            <ns3:hr>122</ns3:hr>
            <ns3:cad>48</ns3:cad>
          </ns3:TrackPointExtension>
        </extensions>
      </trkpt>
      <trkpt lat="24.4710482843220233917236328125" lon="118.150781728327274322509765625">
        <ele>127.40000152587890625</ele>
        <time>2026-06-15T08:59:42.000Z</time>
        <extensions>
          <ns3:TrackPointExtension>
            <ns3:hr>122</ns3:hr>
            <ns3:cad>47</ns3:cad>
          </ns3:TrackPointExtension>
        </extensions>
      </trkpt>
      <trkpt lat="24.4710459373891353607177734375" lon="118.15078533254563808441162109375">
        <ele>127.59999847412109375</ele>
        <time>2026-06-15T08:59:43.000Z</time>
        <extensions>
          <ns3:TrackPointExtension>
            <ns3:hr>122</ns3:hr>
            <ns3:cad>46</ns3:cad>
          </ns3:TrackPointExtension>
        </extensions>
      </trkpt>
      <trkpt lat="24.471045099198818206787109375" lon="118.15079052932560443878173828125">
        <ele>128</ele>
        <time>2026-06-15T08:59:44.000Z</time>
        <extensions>
          <ns3:TrackPointExtension>
            <ns3:hr>122</ns3:hr>
            <ns3:cad>43</ns3:cad>
          </ns3:TrackPointExtension>
        </extensions>
      </trkpt>
      <trkpt lat="24.47104350663721561431884765625" lon="118.15079622901976108551025390625">
        <ele>128</ele>
        <time>2026-06-15T08:59:45.000Z</time>
        <extensions>
          <ns3:TrackPointExtension>
            <ns3:hr>123</ns3:hr>
            <ns3:cad>41</ns3:cad>
          </ns3:TrackPointExtension>
        </extensions>
      </trkpt>
      <trkpt lat="24.47104183025658130645751953125" lon="118.1507983244955539703369140625">
        <ele>128.1999969482421875</ele>
        <time>2026-06-15T08:59:46.000Z</time>
        <extensions>
          <ns3:TrackPointExtension>
            <ns3:hr>122</ns3:hr>
            <ns3:cad>41</ns3:cad>
          </ns3:TrackPointExtension>
        </extensions>
      </trkpt>
      <trkpt lat="24.4710392318665981292724609375" lon="118.1508000008761882781982421875">
        <ele>128.399993896484375</ele>
        <time>2026-06-15T08:59:47.000Z</time>
        <extensions>
          <ns3:TrackPointExtension>
            <ns3:hr>122</ns3:hr>
            <ns3:cad>46</ns3:cad>
          </ns3:TrackPointExtension>
        </extensions>
      </trkpt>
      <trkpt lat="24.47103227488696575164794921875" lon="118.15080662257969379425048828125">
        <ele>128.399993896484375</ele>
        <time>2026-06-15T08:59:48.000Z</time>
        <extensions>
          <ns3:TrackPointExtension>
            <ns3:hr>123</ns3:hr>
            <ns3:cad>48</ns3:cad>
          </ns3:TrackPointExtension>
        </extensions>
      </trkpt>
      <trkpt lat="24.47102875448763370513916015625" lon="118.15081349574029445648193359375">
        <ele>128.600006103515625</ele>
        <time>2026-06-15T08:59:49.000Z</time>
        <extensions>
          <ns3:TrackPointExtension>
            <ns3:hr>124</ns3:hr>
            <ns3:cad>48</ns3:cad>
          </ns3:TrackPointExtension>
        </extensions>
      </trkpt>
      <trkpt lat="24.47102196514606475830078125" lon="118.15082036890089511871337890625">
        <ele>128.8000030517578125</ele>
        <time>2026-06-15T08:59:50.000Z</time>
        <extensions>
          <ns3:TrackPointExtension>
            <ns3:hr>125</ns3:hr>
            <ns3:cad>48</ns3:cad>
          </ns3:TrackPointExtension>
        </extensions>
      </trkpt>
      <trkpt lat="24.47101685218513011932373046875" lon="118.1508271582424640655517578125">
        <ele>128.8000030517578125</ele>
        <time>2026-06-15T08:59:51.000Z</time>
        <extensions>
          <ns3:TrackPointExtension>
            <ns3:hr>125</ns3:hr>
            <ns3:cad>48</ns3:cad>
          </ns3:TrackPointExtension>
        </extensions>
      </trkpt>
      <trkpt lat="24.47101014666259288787841796875" lon="118.1508341990411281585693359375">
        <ele>129</ele>
        <time>2026-06-15T08:59:52.000Z</time>
        <extensions>
          <ns3:TrackPointExtension>
            <ns3:hr>125</ns3:hr>
            <ns3:cad>48</ns3:cad>
          </ns3:TrackPointExtension>
        </extensions>
      </trkpt>
      <trkpt lat="24.4710026867687702178955078125" lon="118.15084031783044338226318359375">
        <ele>129</ele>
        <time>2026-06-15T08:59:53.000Z</time>
        <extensions>
          <ns3:TrackPointExtension>
            <ns3:hr>125</ns3:hr>
            <ns3:cad>79</ns3:cad>
          </ns3:TrackPointExtension>
        </extensions>
      </trkpt>
      <trkpt lat="24.47099623270332813262939453125" lon="118.15084517933428287506103515625">
        <ele>129</ele>
        <time>2026-06-15T08:59:54.000Z</time>
        <extensions>
          <ns3:TrackPointExtension>
            <ns3:hr>124</ns3:hr>
            <ns3:cad>79</ns3:cad>
          </ns3:TrackPointExtension>
        </extensions>
      </trkpt>
      <trkpt lat="24.47098843753337860107421875" lon="118.15085289068520069122314453125">
        <ele>128.8000030517578125</ele>
        <time>2026-06-15T08:59:55.000Z</time>
        <extensions>
          <ns3:TrackPointExtension>
            <ns3:hr>124</ns3:hr>
            <ns3:cad>79</ns3:cad>
          </ns3:TrackPointExtension>
        </extensions>
      </trkpt>
      <trkpt lat="24.47098131291568279266357421875" lon="118.1508580036461353302001953125">
        <ele>128.600006103515625</ele>
        <time>2026-06-15T08:59:56.000Z</time>
        <extensions>
          <ns3:TrackPointExtension>
            <ns3:hr>123</ns3:hr>
            <ns3:cad>51</ns3:cad>
          </ns3:TrackPointExtension>
        </extensions>
      </trkpt>
      <trkpt lat="24.4709745235741138458251953125" lon="118.15086278133094310760498046875">
        <ele>128.399993896484375</ele>
        <time>2026-06-15T08:59:57.000Z</time>
        <extensions>
          <ns3:TrackPointExtension>
            <ns3:hr>122</ns3:hr>
            <ns3:cad>51</ns3:cad>
          </ns3:TrackPointExtension>
        </extensions>
      </trkpt>
      <trkpt lat="24.4709668122231960296630859375" lon="118.15086646936833858489990234375">
        <ele>128.1999969482421875</ele>
        <time>2026-06-15T08:59:58.000Z</time>
        <extensions>
          <ns3:TrackPointExtension>
            <ns3:hr>123</ns3:hr>
            <ns3:cad>53</ns3:cad>
          </ns3:TrackPointExtension>
        </extensions>
      </trkpt>
      <trkpt lat="24.47095817886292934417724609375" lon="118.15087049268186092376708984375">
        <ele>128</ele>
        <time>2026-06-15T08:59:59.000Z</time>
        <extensions>
          <ns3:TrackPointExtension>
            <ns3:hr>123</ns3:hr>
            <ns3:cad>55</ns3:cad>
          </ns3:TrackPointExtension>
        </extensions>
      </trkpt>
      <trkpt lat="24.47094778530299663543701171875" lon="118.15087736584246158599853515625">
        <ele>127.8000030517578125</ele>
        <time>2026-06-15T09:00:00.000Z</time>
        <extensions>
          <ns3:TrackPointExtension>
            <ns3:hr>122</ns3:hr>
            <ns3:cad>55</ns3:cad>
          </ns3:TrackPointExtension>
        </extensions>
      </trkpt>
      <trkpt lat="24.4709342904388904571533203125" lon="118.15088407136499881744384765625">
        <ele>127.8000030517578125</ele>
        <time>2026-06-15T09:00:01.000Z</time>
        <extensions>
          <ns3:TrackPointExtension>
            <ns3:hr>122</ns3:hr>
            <ns3:cad>55</ns3:cad>
          </ns3:TrackPointExtension>
        </extensions>
      </trkpt>
      <trkpt lat="24.47091978974640369415283203125" lon="118.15089178271591663360595703125">
        <ele>127.8000030517578125</ele>
        <time>2026-06-15T09:00:02.000Z</time>
        <extensions>
          <ns3:TrackPointExtension>
            <ns3:hr>121</ns3:hr>
            <ns3:cad>0</ns3:cad>
          </ns3:TrackPointExtension>
        </extensions>
      </trkpt>
      <trkpt lat="24.47090771980583667755126953125" lon="118.15089647658169269561767578125">
        <ele>127.8000030517578125</ele>
        <time>2026-06-15T09:00:03.000Z</time>
        <extensions>
          <ns3:TrackPointExtension>
            <ns3:hr>120</ns3:hr>
            <ns3:cad>0</ns3:cad>
          </ns3:TrackPointExtension>
        </extensions>
      </trkpt>
      <trkpt lat="24.47089514695107936859130859375" lon="118.15090150572359561920166015625">
        <ele>127.8000030517578125</ele>
        <time>2026-06-15T09:00:04.000Z</time>
        <extensions>
          <ns3:TrackPointExtension>
            <ns3:hr>120</ns3:hr>
            <ns3:cad>55</ns3:cad>
          </ns3:TrackPointExtension>
        </extensions>
      </trkpt>
      <trkpt lat="24.47088575921952724456787109375" lon="118.15090804360806941986083984375">
        <ele>127.8000030517578125</ele>
        <time>2026-06-15T09:00:05.000Z</time>
        <extensions>
          <ns3:TrackPointExtension>
            <ns3:hr>120</ns3:hr>
            <ns3:cad>56</ns3:cad>
          </ns3:TrackPointExtension>
        </extensions>
      </trkpt>
      <trkpt lat="24.47087821550667285919189453125" lon="118.15091391094028949737548828125">
        <ele>127.8000030517578125</ele>
        <time>2026-06-15T09:00:06.000Z</time>
        <extensions>
          <ns3:TrackPointExtension>
            <ns3:hr>120</ns3:hr>
            <ns3:cad>57</ns3:cad>
          </ns3:TrackPointExtension>
        </extensions>
      </trkpt>
      <trkpt lat="24.47086866013705730438232421875" lon="118.1509180180728435516357421875">
        <ele>127.8000030517578125</ele>
        <time>2026-06-15T09:00:07.000Z</time>
        <extensions>
          <ns3:TrackPointExtension>
            <ns3:hr>120</ns3:hr>
            <ns3:cad>57</ns3:cad>
          </ns3:TrackPointExtension>
        </extensions>
      </trkpt>
      <trkpt lat="24.470860026776790618896484375" lon="118.15092279575765132904052734375">
        <ele>127.8000030517578125</ele>
        <time>2026-06-15T09:00:08.000Z</time>
        <extensions>
          <ns3:TrackPointExtension>
            <ns3:hr>119</ns3:hr>
            <ns3:cad>52</ns3:cad>
          </ns3:TrackPointExtension>
        </extensions>
      </trkpt>
      <trkpt lat="24.47084770537912845611572265625" lon="118.15092665143311023712158203125">
        <ele>128</ele>
        <time>2026-06-15T09:00:09.000Z</time>
        <extensions>
          <ns3:TrackPointExtension>
            <ns3:hr>119</ns3:hr>
            <ns3:cad>52</ns3:cad>
          </ns3:TrackPointExtension>
        </extensions>
      </trkpt>
      <trkpt lat="24.4708394072949886322021484375" lon="118.1509310938417911529541015625">
        <ele>128</ele>
        <time>2026-06-15T09:00:10.000Z</time>
        <extensions>
          <ns3:TrackPointExtension>
            <ns3:hr>119</ns3:hr>
            <ns3:cad>52</ns3:cad>
          </ns3:TrackPointExtension>
        </extensions>
      </trkpt>
      <trkpt lat="24.47083144448697566986083984375" lon="118.15093520097434520721435546875">
        <ele>128.1999969482421875</ele>
        <time>2026-06-15T09:00:11.000Z</time>
        <extensions>
          <ns3:TrackPointExtension>
            <ns3:hr>119</ns3:hr>
            <ns3:cad>51</ns3:cad>
          </ns3:TrackPointExtension>
        </extensions>
      </trkpt>
      <trkpt lat="24.47082172147929668426513671875" lon="118.15093897283077239990234375">
        <ele>128.1999969482421875</ele>
        <time>2026-06-15T09:00:12.000Z</time>
        <extensions>
          <ns3:TrackPointExtension>
            <ns3:hr>118</ns3:hr>
            <ns3:cad>51</ns3:cad>
          </ns3:TrackPointExtension>
        </extensions>
      </trkpt>
      <trkpt lat="24.47081333957612514495849609375" lon="118.15094173885881900787353515625">
        <ele>128.1999969482421875</ele>
        <time>2026-06-15T09:00:13.000Z</time>
        <extensions>
          <ns3:TrackPointExtension>
            <ns3:hr>118</ns3:hr>
            <ns3:cad>51</ns3:cad>
          </ns3:TrackPointExtension>
        </extensions>
      </trkpt>
      <trkpt lat="24.4708048738539218902587890625" lon="118.15094861201941967010498046875">
        <ele>128.399993896484375</ele>
        <time>2026-06-15T09:00:14.000Z</time>
        <extensions>
          <ns3:TrackPointExtension>
            <ns3:hr>117</ns3:hr>
            <ns3:cad>51</ns3:cad>
          </ns3:TrackPointExtension>
        </extensions>
      </trkpt>
      <trkpt lat="24.470795653760433197021484375" lon="118.15095799975097179412841796875">
        <ele>128.399993896484375</ele>
        <time>2026-06-15T09:00:15.000Z</time>
        <extensions>
          <ns3:TrackPointExtension>
            <ns3:hr>115</ns3:hr>
            <ns3:cad>49</ns3:cad>
          </ns3:TrackPointExtension>
        </extensions>
      </trkpt>
      <trkpt lat="24.47078433819115161895751953125" lon="118.15096822567284107208251953125">
        <ele>128.399993896484375</ele>
        <time>2026-06-15T09:00:16.000Z</time>
        <extensions>
          <ns3:TrackPointExtension>
            <ns3:hr>114</ns3:hr>
            <ns3:cad>49</ns3:cad>
          </ns3:TrackPointExtension>
        </extensions>
      </trkpt>
      <trkpt lat="24.47077922523021697998046875" lon="118.15097694285213947296142578125">
        <ele>128.399993896484375</ele>
        <time>2026-06-15T09:00:17.000Z</time>
        <extensions>
          <ns3:TrackPointExtension>
            <ns3:hr>114</ns3:hr>
            <ns3:cad>49</ns3:cad>
          </ns3:TrackPointExtension>
        </extensions>
      </trkpt>
      <trkpt lat="24.4707736931741237640380859375" lon="118.15098515711724758148193359375">
        <ele>128.399993896484375</ele>
        <time>2026-06-15T09:00:18.000Z</time>
        <extensions>
          <ns3:TrackPointExtension>
            <ns3:hr>114</ns3:hr>
            <ns3:cad>54</ns3:cad>
          </ns3:TrackPointExtension>
        </extensions>
      </trkpt>
      <trkpt lat="24.4707705080509185791015625" lon="118.15099068917334079742431640625">
        <ele>128.600006103515625</ele>
        <time>2026-06-15T09:00:19.000Z</time>
        <extensions>
          <ns3:TrackPointExtension>
            <ns3:hr>114</ns3:hr>
            <ns3:cad>54</ns3:cad>
          </ns3:TrackPointExtension>
        </extensions>
      </trkpt>
      <trkpt lat="24.470768161118030548095703125" lon="118.15099622122943401336669921875">
        <ele>128.600006103515625</ele>
        <time>2026-06-15T09:00:20.000Z</time>
        <extensions>
          <ns3:TrackPointExtension>
            <ns3:hr>114</ns3:hr>
            <ns3:cad>53</ns3:cad>
          </ns3:TrackPointExtension>
        </extensions>
      </trkpt>
      <trkpt lat="24.470762796700000762939453125" lon="118.151002340018749237060546875">
        <ele>128.8000030517578125</ele>
        <time>2026-06-15T09:00:21.000Z</time>
        <extensions>
          <ns3:TrackPointExtension>
            <ns3:hr>113</ns3:hr>
            <ns3:cad>53</ns3:cad>
          </ns3:TrackPointExtension>
        </extensions>
      </trkpt>
      <trkpt lat="24.4707579351961612701416015625" lon="118.15100644715130329132080078125">
        <ele>129</ele>
        <time>2026-06-15T09:00:22.000Z</time>
        <extensions>
          <ns3:TrackPointExtension>
            <ns3:hr>112</ns3:hr>
            <ns3:cad>53</ns3:cad>
          </ns3:TrackPointExtension>
        </extensions>
      </trkpt>
      <trkpt lat="24.47075064294040203094482421875" lon="118.15101206302642822265625">
        <ele>129.399993896484375</ele>
        <time>2026-06-15T09:00:23.000Z</time>
        <extensions>
          <ns3:TrackPointExtension>
            <ns3:hr>112</ns3:hr>
            <ns3:cad>53</ns3:cad>
          </ns3:TrackPointExtension>
        </extensions>
      </trkpt>
      <trkpt lat="24.47074393741786479949951171875" lon="118.15101600252091884613037109375">
        <ele>129.600006103515625</ele>
        <time>2026-06-15T09:00:24.000Z</time>
        <extensions>
          <ns3:TrackPointExtension>
            <ns3:hr>111</ns3:hr>
            <ns3:cad>50</ns3:cad>
          </ns3:TrackPointExtension>
        </extensions>
      </trkpt>
      <trkpt lat="24.47073907591402530670166015625" lon="118.15102086402475833892822265625">
        <ele>129.8000030517578125</ele>
        <time>2026-06-15T09:00:25.000Z</time>
        <extensions>
          <ns3:TrackPointExtension>
            <ns3:hr>111</ns3:hr>
            <ns3:cad>49</ns3:cad>
          </ns3:TrackPointExtension>
        </extensions>
      </trkpt>
      <trkpt lat="24.4707297720015048980712890625" lon="118.1510268151760101318359375">
        <ele>130</ele>
        <time>2026-06-15T09:00:26.000Z</time>
        <extensions>
          <ns3:TrackPointExtension>
            <ns3:hr>111</ns3:hr>
            <ns3:cad>49</ns3:cad>
          </ns3:TrackPointExtension>
        </extensions>
      </trkpt>
      <trkpt lat="24.470725916326045989990234375" lon="118.15102874301373958587646484375">
        <ele>130.399993896484375</ele>
        <time>2026-06-15T09:00:27.000Z</time>
        <extensions>
          <ns3:TrackPointExtension>
            <ns3:hr>111</ns3:hr>
            <ns3:cad>52</ns3:cad>
          </ns3:TrackPointExtension>
        </extensions>
      </trkpt>
      <trkpt lat="24.4707203842699527740478515625" lon="118.15103561617434024810791015625">
        <ele>130.8000030517578125</ele>
        <time>2026-06-15T09:00:28.000Z</time>
        <extensions>
          <ns3:TrackPointExtension>
            <ns3:hr>112</ns3:hr>
            <ns3:cad>52</ns3:cad>
          </ns3:TrackPointExtension>
        </extensions>
      </trkpt>
      <trkpt lat="24.47071309201419353485107421875" lon="118.1510403938591480255126953125">
        <ele>131.1999969482421875</ele>
        <time>2026-06-15T09:00:29.000Z</time>
        <extensions>
          <ns3:TrackPointExtension>
            <ns3:hr>111</ns3:hr>
            <ns3:cad>52</ns3:cad>
          </ns3:TrackPointExtension>
        </extensions>
      </trkpt>
      <trkpt lat="24.4707099907100200653076171875" lon="118.15104433335363864898681640625">
        <ele>131.600006103515625</ele>
        <time>2026-06-15T09:00:30.000Z</time>
        <extensions>
          <ns3:TrackPointExtension>
            <ns3:hr>110</ns3:hr>
            <ns3:cad>46</ns3:cad>
          </ns3:TrackPointExtension>
        </extensions>
      </trkpt>
      <trkpt lat="24.47071108035743236541748046875" lon="118.15104584209620952606201171875">
        <ele>132</ele>
        <time>2026-06-15T09:00:31.000Z</time>
        <extensions>
          <ns3:TrackPointExtension>
            <ns3:hr>110</ns3:hr>
            <ns3:cad>46</ns3:cad>
          </ns3:TrackPointExtension>
        </extensions>
      </trkpt>
      <trkpt lat="24.4707099907100200653076171875" lon="118.1510524637997150421142578125">
        <ele>132.1999969482421875</ele>
        <time>2026-06-15T09:00:32.000Z</time>
        <extensions>
          <ns3:TrackPointExtension>
            <ns3:hr>110</ns3:hr>
            <ns3:cad>46</ns3:cad>
          </ns3:TrackPointExtension>
        </extensions>
      </trkpt>
      <trkpt lat="24.4707069732248783111572265625" lon="118.15106160007417201995849609375">
        <ele>132.1999969482421875</ele>
        <time>2026-06-15T09:00:33.000Z</time>
        <extensions>
          <ns3:TrackPointExtension>
            <ns3:hr>109</ns3:hr>
            <ns3:cad>46</ns3:cad>
          </ns3:TrackPointExtension>
        </extensions>
      </trkpt>
      <trkpt lat="24.47070403955876827239990234375" lon="118.1510724127292633056640625">
        <ele>132.1999969482421875</ele>
        <time>2026-06-15T09:00:34.000Z</time>
        <extensions>
          <ns3:TrackPointExtension>
            <ns3:hr>110</ns3:hr>
            <ns3:cad>46</ns3:cad>
          </ns3:TrackPointExtension>
        </extensions>
      </trkpt>
      <trkpt lat="24.4707029499113559722900390625" lon="118.151078782975673675537109375">
        <ele>132.1999969482421875</ele>
        <time>2026-06-15T09:00:35.000Z</time>
        <extensions>
          <ns3:TrackPointExtension>
            <ns3:hr>110</ns3:hr>
            <ns3:cad>46</ns3:cad>
          </ns3:TrackPointExtension>
        </extensions>
      </trkpt>
      <trkpt lat="24.47070118971168994903564453125" lon="118.15108741633594036102294921875">
        <ele>132.1999969482421875</ele>
        <time>2026-06-15T09:00:36.000Z</time>
        <extensions>
          <ns3:TrackPointExtension>
            <ns3:hr>111</ns3:hr>
            <ns3:cad>46</ns3:cad>
          </ns3:TrackPointExtension>
        </extensions>
      </trkpt>
      <trkpt lat="24.47070169262588024139404296875" lon="118.15109244547784328460693359375">
        <ele>132.399993896484375</ele>
        <time>2026-06-15T09:00:37.000Z</time>
        <extensions>
          <ns3:TrackPointExtension>
            <ns3:hr>112</ns3:hr>
            <ns3:cad>46</ns3:cad>
          </ns3:TrackPointExtension>
        </extensions>
      </trkpt>
      <trkpt lat="24.47070538066327571868896484375" lon="118.15109898336231708526611328125">
        <ele>132.600006103515625</ele>
        <time>2026-06-15T09:00:38.000Z</time>
        <extensions>
          <ns3:TrackPointExtension>
            <ns3:hr>114</ns3:hr>
            <ns3:cad>46</ns3:cad>
          </ns3:TrackPointExtension>
        </extensions>
      </trkpt>
      <trkpt lat="24.47070823051035404205322265625" lon="118.15109831281006336212158203125">
        <ele>132.8000030517578125</ele>
        <time>2026-06-15T09:00:39.000Z</time>
        <extensions>
          <ns3:TrackPointExtension>
            <ns3:hr>115</ns3:hr>
            <ns3:cad>46</ns3:cad>
          </ns3:TrackPointExtension>
        </extensions>
      </trkpt>
      <trkpt lat="24.470712505280971527099609375" lon="118.1510950438678264617919921875">
        <ele>133.1999969482421875</ele>
        <time>2026-06-15T09:00:40.000Z</time>
        <extensions>
          <ns3:TrackPointExtension>
            <ns3:hr>116</ns3:hr>
            <ns3:cad>45</ns3:cad>
          </ns3:TrackPointExtension>
        </extensions>
      </trkpt>
      <trkpt lat="24.4707120023667812347412109375" lon="118.15110124647617340087890625">
        <ele>133.399993896484375</ele>
        <time>2026-06-15T09:00:41.000Z</time>
        <extensions>
          <ns3:TrackPointExtension>
            <ns3:hr>117</ns3:hr>
            <ns3:cad>43</ns3:cad>
          </ns3:TrackPointExtension>
        </extensions>
      </trkpt>
      <trkpt lat="24.470714516937732696533203125" lon="118.15110702998936176300048828125">
        <ele>133.8000030517578125</ele>
        <time>2026-06-15T09:00:42.000Z</time>
        <extensions>
          <ns3:TrackPointExtension>
            <ns3:hr>117</ns3:hr>
            <ns3:cad>43</ns3:cad>
          </ns3:TrackPointExtension>
        </extensions>
      </trkpt>
      <trkpt lat="24.47071325965225696563720703125" lon="118.15111926756799221038818359375">
        <ele>134</ele>
        <time>2026-06-15T09:00:43.000Z</time>
        <extensions>
          <ns3:TrackPointExtension>
            <ns3:hr>117</ns3:hr>
            <ns3:cad>42</ns3:cad>
          </ns3:TrackPointExtension>
        </extensions>
      </trkpt>
      <trkpt lat="24.47070973925292491912841796875" lon="118.1511268950998783111572265625">
        <ele>134.399993896484375</ele>
        <time>2026-06-15T09:00:44.000Z</time>
        <extensions>
          <ns3:TrackPointExtension>
            <ns3:hr>117</ns3:hr>
            <ns3:cad>41</ns3:cad>
          </ns3:TrackPointExtension>
        </extensions>
      </trkpt>
      <trkpt lat="24.4707042910158634185791015625" lon="118.15113200806081295013427734375">
        <ele>134.600006103515625</ele>
        <time>2026-06-15T09:00:45.000Z</time>
        <extensions>
          <ns3:TrackPointExtension>
            <ns3:hr>117</ns3:hr>
            <ns3:cad>41</ns3:cad>
          </ns3:TrackPointExtension>
        </extensions>
      </trkpt>
      <trkpt lat="24.47069875895977020263671875" lon="118.1511396355926990509033203125">
        <ele>134.600006103515625</ele>
        <time>2026-06-15T09:00:46.000Z</time>
        <extensions>
          <ns3:TrackPointExtension>
            <ns3:hr>117</ns3:hr>
            <ns3:cad>0</ns3:cad>
          </ns3:TrackPointExtension>
        </extensions>
      </trkpt>
      <trkpt lat="24.4706912152469158172607421875" lon="118.1511513702571392059326171875">
        <ele>134.8000030517578125</ele>
        <time>2026-06-15T09:00:47.000Z</time>
        <extensions>
          <ns3:TrackPointExtension>
            <ns3:hr>117</ns3:hr>
            <ns3:cad>0</ns3:cad>
          </ns3:TrackPointExtension>
        </extensions>
      </trkpt>
      <trkpt lat="24.4706881977617740631103515625" lon="118.15115765668451786041259765625">
        <ele>135</ele>
        <time>2026-06-15T09:00:48.000Z</time>
        <extensions>
          <ns3:TrackPointExtension>
            <ns3:hr>117</ns3:hr>
            <ns3:cad>0</ns3:cad>
          </ns3:TrackPointExtension>
        </extensions>
      </trkpt>
      <trkpt lat="24.4706848450005054473876953125" lon="118.15116603858768939971923828125">
        <ele>135.1999969482421875</ele>
        <time>2026-06-15T09:00:49.000Z</time>
        <extensions>
          <ns3:TrackPointExtension>
            <ns3:hr>118</ns3:hr>
            <ns3:cad>0</ns3:cad>
          </ns3:TrackPointExtension>
        </extensions>
      </trkpt>
      <trkpt lat="24.47068342007696628570556640625" lon="118.1511684693396091461181640625">
        <ele>135.399993896484375</ele>
        <time>2026-06-15T09:00:50.000Z</time>
        <extensions>
          <ns3:TrackPointExtension>
            <ns3:hr>117</ns3:hr>
            <ns3:cad>0</ns3:cad>
          </ns3:TrackPointExtension>
        </extensions>
      </trkpt>
      <trkpt lat="24.470680318772792816162109375" lon="118.1511677987873554229736328125">
        <ele>135.8000030517578125</ele>
        <time>2026-06-15T09:00:51.000Z</time>
        <extensions>
          <ns3:TrackPointExtension>
            <ns3:hr>117</ns3:hr>
            <ns3:cad>0</ns3:cad>
          </ns3:TrackPointExtension>
        </extensions>
      </trkpt>
      <trkpt lat="24.47067621164023876190185546875" lon="118.151168636977672576904296875">
        <ele>136</ele>
        <time>2026-06-15T09:00:52.000Z</time>
        <extensions>
          <ns3:TrackPointExtension>
            <ns3:hr>117</ns3:hr>
            <ns3:cad>0</ns3:cad>
          </ns3:TrackPointExtension>
        </extensions>
      </trkpt>
      <trkpt lat="24.4706710986793041229248046875" lon="118.151171319186687469482421875">
        <ele>136.399993896484375</ele>
        <time>2026-06-15T09:00:53.000Z</time>
        <extensions>
          <ns3:TrackPointExtension>
            <ns3:hr>118</ns3:hr>
            <ns3:cad>0</ns3:cad>
          </ns3:TrackPointExtension>
        </extensions>
      </trkpt>
      <trkpt lat="24.4706667400896549224853515625" lon="118.151175342500209808349609375">
        <ele>136.399993896484375</ele>
        <time>2026-06-15T09:00:54.000Z</time>
        <extensions>
          <ns3:TrackPointExtension>
            <ns3:hr>118</ns3:hr>
            <ns3:cad>0</ns3:cad>
          </ns3:TrackPointExtension>
        </extensions>
      </trkpt>
      <trkpt lat="24.470662213861942291259765625" lon="118.15117693506181240081787109375">
        <ele>136.600006103515625</ele>
        <time>2026-06-15T09:00:55.000Z</time>
        <extensions>
          <ns3:TrackPointExtension>
            <ns3:hr>118</ns3:hr>
            <ns3:cad>0</ns3:cad>
          </ns3:TrackPointExtension>
        </extensions>
      </trkpt>
      <trkpt lat="24.47065777145326137542724609375" lon="118.15118229947984218597412109375">
        <ele>136.8000030517578125</ele>
        <time>2026-06-15T09:00:56.000Z</time>
        <extensions>
          <ns3:TrackPointExtension>
            <ns3:hr>119</ns3:hr>
            <ns3:cad>0</ns3:cad>
          </ns3:TrackPointExtension>
        </extensions>
      </trkpt>
      <trkpt lat="24.470654167234897613525390625" lon="118.15118414349853992462158203125">
        <ele>136.8000030517578125</ele>
        <time>2026-06-15T09:00:57.000Z</time>
        <extensions>
          <ns3:TrackPointExtension>
            <ns3:hr>120</ns3:hr>
            <ns3:cad>0</ns3:cad>
          </ns3:TrackPointExtension>
        </extensions>
      </trkpt>
      <trkpt lat="24.47064754553139209747314453125" lon="118.15118682570755481719970703125">
        <ele>137.1999969482421875</ele>
        <time>2026-06-15T09:00:58.000Z</time>
        <extensions>
          <ns3:TrackPointExtension>
            <ns3:hr>120</ns3:hr>
            <ns3:cad>47</ns3:cad>
          </ns3:TrackPointExtension>
        </extensions>
      </trkpt>
      <trkpt lat="24.4706432707607746124267578125" lon="118.1511879153549671173095703125">
        <ele>137.399993896484375</ele>
        <time>2026-06-15T09:00:59.000Z</time>
        <extensions>
          <ns3:TrackPointExtension>
            <ns3:hr>121</ns3:hr>
            <ns3:cad>47</ns3:cad>
          </ns3:TrackPointExtension>
        </extensions>
      </trkpt>
      <trkpt lat="24.47063631378114223480224609375" lon="118.1511869095265865325927734375">
        <ele>137.8000030517578125</ele>
        <time>2026-06-15T09:01:00.000Z</time>
        <extensions>
          <ns3:TrackPointExtension>
            <ns3:hr>121</ns3:hr>
            <ns3:cad>45</ns3:cad>
          </ns3:TrackPointExtension>
        </extensions>
      </trkpt>
      <trkpt lat="24.47062927298247814178466796875" lon="118.1511850655078887939453125">
        <ele>138</ele>
        <time>2026-06-15T09:01:01.000Z</time>
        <extensions>
          <ns3:TrackPointExtension>
            <ns3:hr>122</ns3:hr>
            <ns3:cad>45</ns3:cad>
          </ns3:TrackPointExtension>
        </extensions>
      </trkpt>
      <trkpt lat="24.47062323801219463348388671875" lon="118.15118280239403247833251953125">
        <ele>138.1999969482421875</ele>
        <time>2026-06-15T09:01:02.000Z</time>
        <extensions>
          <ns3:TrackPointExtension>
            <ns3:hr>122</ns3:hr>
            <ns3:cad>45</ns3:cad>
          </ns3:TrackPointExtension>
        </extensions>
      </trkpt>
      <trkpt lat="24.47061737067997455596923828125" lon="118.15118280239403247833251953125">
        <ele>138.399993896484375</ele>
        <time>2026-06-15T09:01:03.000Z</time>
        <extensions>
          <ns3:TrackPointExtension>
            <ns3:hr>122</ns3:hr>
            <ns3:cad>44</ns3:cad>
          </ns3:TrackPointExtension>
        </extensions>
      </trkpt>
      <trkpt lat="24.4706117548048496246337890625" lon="118.1511783599853515625">
        <ele>138.600006103515625</ele>
        <time>2026-06-15T09:01:04.000Z</time>
        <extensions>
          <ns3:TrackPointExtension>
            <ns3:hr>122</ns3:hr>
            <ns3:cad>44</ns3:cad>
          </ns3:TrackPointExtension>
        </extensions>
      </trkpt>
      <trkpt lat="24.47060479782521724700927734375" lon="118.151176013052463531494140625">
        <ele>138.8000030517578125</ele>
        <time>2026-06-15T09:01:05.000Z</time>
        <extensions>
          <ns3:TrackPointExtension>
            <ns3:hr>122</ns3:hr>
            <ns3:cad>44</ns3:cad>
          </ns3:TrackPointExtension>
        </extensions>
      </trkpt>
      <trkpt lat="24.47060010395944118499755859375" lon="118.1511738337576389312744140625">
        <ele>139</ele>
        <time>2026-06-15T09:01:06.000Z</time>
        <extensions>
          <ns3:TrackPointExtension>
            <ns3:hr>123</ns3:hr>
            <ns3:cad>44</ns3:cad>
          </ns3:TrackPointExtension>
        </extensions>
      </trkpt>
      <trkpt lat="24.47059792466461658477783203125" lon="118.15117509104311466217041015625">
        <ele>139.399993896484375</ele>
        <time>2026-06-15T09:01:07.000Z</time>
        <extensions>
          <ns3:TrackPointExtension>
            <ns3:hr>123</ns3:hr>
            <ns3:cad>44</ns3:cad>
          </ns3:TrackPointExtension>
        </extensions>
      </trkpt>
      <trkpt lat="24.470594823360443115234375" lon="118.15117542631924152374267578125">
        <ele>139.600006103515625</ele>
        <time>2026-06-15T09:01:08.000Z</time>
        <extensions>
          <ns3:TrackPointExtension>
            <ns3:hr>123</ns3:hr>
            <ns3:cad>46</ns3:cad>
          </ns3:TrackPointExtension>
        </extensions>
      </trkpt>
      <trkpt lat="24.47059071622788906097412109375" lon="118.15117693506181240081787109375">
        <ele>139.8000030517578125</ele>
        <time>2026-06-15T09:01:09.000Z</time>
        <extensions>
          <ns3:TrackPointExtension>
            <ns3:hr>123</ns3:hr>
            <ns3:cad>47</ns3:cad>
          </ns3:TrackPointExtension>
        </extensions>
      </trkpt>
      <trkpt lat="24.4705919735133647918701171875" lon="118.1511815451085567474365234375">
        <ele>140.1999969482421875</ele>
        <time>2026-06-15T09:01:10.000Z</time>
        <extensions>
          <ns3:TrackPointExtension>
            <ns3:hr>124</ns3:hr>
            <ns3:cad>47</ns3:cad>
          </ns3:TrackPointExtension>
        </extensions>
      </trkpt>
      <trkpt lat="24.47059406898915767669677734375" lon="118.15118682570755481719970703125">
        <ele>140.399993896484375</ele>
        <time>2026-06-15T09:01:11.000Z</time>
        <extensions>
          <ns3:TrackPointExtension>
            <ns3:hr>124</ns3:hr>
            <ns3:cad>47</ns3:cad>
          </ns3:TrackPointExtension>
        </extensions>
      </trkpt>
      <trkpt lat="24.4705966673791408538818359375" lon="118.1511899270117282867431640625">
        <ele>140.600006103515625</ele>
        <time>2026-06-15T09:01:12.000Z</time>
        <extensions>
          <ns3:TrackPointExtension>
            <ns3:hr>124</ns3:hr>
            <ns3:cad>47</ns3:cad>
          </ns3:TrackPointExtension>
        </extensions>
      </trkpt>
      <trkpt lat="24.47059708647429943084716796875" lon="118.1511956267058849334716796875">
        <ele>140.8000030517578125</ele>
        <time>2026-06-15T09:01:13.000Z</time>
        <extensions>
          <ns3:TrackPointExtension>
            <ns3:hr>124</ns3:hr>
            <ns3:cad>47</ns3:cad>
          </ns3:TrackPointExtension>
        </extensions>
      </trkpt>
      <trkpt lat="24.47060010395944118499755859375" lon="118.15120493061840534210205078125">
        <ele>141.1999969482421875</ele>
        <time>2026-06-15T09:01:14.000Z</time>
        <extensions>
          <ns3:TrackPointExtension>
            <ns3:hr>124</ns3:hr>
            <ns3:cad>48</ns3:cad>
          </ns3:TrackPointExtension>
        </extensions>
      </trkpt>
      <trkpt lat="24.470602534711360931396484375" lon="118.15121012739837169647216796875">
        <ele>141.399993896484375</ele>
        <time>2026-06-15T09:01:15.000Z</time>
        <extensions>
          <ns3:TrackPointExtension>
            <ns3:hr>124</ns3:hr>
            <ns3:cad>48</ns3:cad>
          </ns3:TrackPointExtension>
        </extensions>
      </trkpt>
      <trkpt lat="24.470600523054599761962890625" lon="118.15121381543576717376708984375">
        <ele>141.600006103515625</ele>
        <time>2026-06-15T09:01:16.000Z</time>
        <extensions>
          <ns3:TrackPointExtension>
            <ns3:hr>124</ns3:hr>
            <ns3:cad>48</ns3:cad>
          </ns3:TrackPointExtension>
        </extensions>
      </trkpt>
      <trkpt lat="24.47059775702655315399169921875" lon="118.15121817402541637420654296875">
        <ele>141.8000030517578125</ele>
        <time>2026-06-15T09:01:17.000Z</time>
        <extensions>
          <ns3:TrackPointExtension>
            <ns3:hr>124</ns3:hr>
            <ns3:cad>48</ns3:cad>
          </ns3:TrackPointExtension>
        </extensions>
      </trkpt>
      <trkpt lat="24.4705909676849842071533203125" lon="118.1512247957289218902587890625">
        <ele>141.8000030517578125</ele>
        <time>2026-06-15T09:01:18.000Z</time>
        <extensions>
          <ns3:TrackPointExtension>
            <ns3:hr>125</ns3:hr>
            <ns3:cad>48</ns3:cad>
          </ns3:TrackPointExtension>
        </extensions>
      </trkpt>
      <trkpt lat="24.47058987803757190704345703125" lon="118.15123057924211025238037109375">
        <ele>142</ele>
        <time>2026-06-15T09:01:19.000Z</time>
        <extensions>
          <ns3:TrackPointExtension>
            <ns3:hr>125</ns3:hr>
            <ns3:cad>48</ns3:cad>
          </ns3:TrackPointExtension>
        </extensions>
      </trkpt>
      <trkpt lat="24.470583759248256683349609375" lon="118.15123527310788631439208984375">
        <ele>142.1999969482421875</ele>
        <time>2026-06-15T09:01:20.000Z</time>
        <extensions>
          <ns3:TrackPointExtension>
            <ns3:hr>125</ns3:hr>
            <ns3:cad>48</ns3:cad>
          </ns3:TrackPointExtension>
        </extensions>
      </trkpt>
      <trkpt lat="24.47057713754475116729736328125" lon="118.151237033307552337646484375">
        <ele>142.1999969482421875</ele>
        <time>2026-06-15T09:01:21.000Z</time>
        <extensions>
          <ns3:TrackPointExtension>
            <ns3:hr>125</ns3:hr>
            <ns3:cad>48</ns3:cad>
          </ns3:TrackPointExtension>
        </extensions>
      </trkpt>
      <trkpt lat="24.470571689307689666748046875" lon="118.15123979933559894561767578125">
        <ele>142.399993896484375</ele>
        <time>2026-06-15T09:01:22.000Z</time>
        <extensions>
          <ns3:TrackPointExtension>
            <ns3:hr>125</ns3:hr>
            <ns3:cad>48</ns3:cad>
          </ns3:TrackPointExtension>
        </extensions>
      </trkpt>
      <trkpt lat="24.47056330740451812744140625" lon="118.151244409382343292236328125">
        <ele>142.600006103515625</ele>
        <time>2026-06-15T09:01:23.000Z</time>
        <extensions>
          <ns3:TrackPointExtension>
            <ns3:hr>126</ns3:hr>
            <ns3:cad>48</ns3:cad>
          </ns3:TrackPointExtension>
        </extensions>
      </trkpt>
      <trkpt lat="24.47056054137647151947021484375" lon="118.151241727173328399658203125">
        <ele>142.8000030517578125</ele>
        <time>2026-06-15T09:01:24.000Z</time>
        <extensions>
          <ns3:TrackPointExtension>
            <ns3:hr>127</ns3:hr>
            <ns3:cad>48</ns3:cad>
          </ns3:TrackPointExtension>
        </extensions>
      </trkpt>
      <trkpt lat="24.470550231635570526123046875" lon="118.1512422300875186920166015625">
        <ele>143</ele>
        <time>2026-06-15T09:01:25.000Z</time>
        <extensions>
          <ns3:TrackPointExtension>
            <ns3:hr>128</ns3:hr>
            <ns3:cad>48</ns3:cad>
          </ns3:TrackPointExtension>
        </extensions>
      </trkpt>
      <trkpt lat="24.47054411284625530242919921875" lon="118.15124331973493099212646484375">
        <ele>143.399993896484375</ele>
        <time>2026-06-15T09:01:26.000Z</time>
        <extensions>
          <ns3:TrackPointExtension>
            <ns3:hr>129</ns3:hr>
            <ns3:cad>48</ns3:cad>
          </ns3:TrackPointExtension>
        </extensions>
      </trkpt>
      <trkpt lat="24.4705376587808132171630859375" lon="118.1512432359158992767333984375">
        <ele>143.600006103515625</ele>
        <time>2026-06-15T09:01:27.000Z</time>
        <extensions>
          <ns3:TrackPointExtension>
            <ns3:hr>129</ns3:hr>
            <ns3:cad>48</ns3:cad>
          </ns3:TrackPointExtension>
        </extensions>
      </trkpt>
      <trkpt lat="24.47052902542054653167724609375" lon="118.15124298445880413055419921875">
        <ele>143.8000030517578125</ele>
        <time>2026-06-15T09:01:28.000Z</time>
        <extensions>
          <ns3:TrackPointExtension>
            <ns3:hr>130</ns3:hr>
            <ns3:cad>48</ns3:cad>
          </ns3:TrackPointExtension>
        </extensions>
      </trkpt>
      <trkpt lat="24.4705178774893283843994140625" lon="118.15124248154461383819580078125">
        <ele>144</ele>
        <time>2026-06-15T09:01:29.000Z</time>
        <extensions>
          <ns3:TrackPointExtension>
            <ns3:hr>130</ns3:hr>
            <ns3:cad>48</ns3:cad>
          </ns3:TrackPointExtension>
        </extensions>
      </trkpt>
      <trkpt lat="24.4705021195113658905029296875" lon="118.15124474465847015380859375">
        <ele>144.1999969482421875</ele>
        <time>2026-06-15T09:01:30.000Z</time>
        <extensions>
          <ns3:TrackPointExtension>
            <ns3:hr>130</ns3:hr>
            <ns3:cad>0</ns3:cad>
          </ns3:TrackPointExtension>
        </extensions>
      </trkpt>
      <trkpt lat="24.47049046866595745086669921875" lon="118.15124533139169216156005859375">
        <ele>144.1999969482421875</ele>
        <time>2026-06-15T09:01:31.000Z</time>
        <extensions>
          <ns3:TrackPointExtension>
            <ns3:hr>129</ns3:hr>
            <ns3:cad>0</ns3:cad>
          </ns3:TrackPointExtension>
        </extensions>
      </trkpt>
      <trkpt lat="24.47048460133373737335205078125" lon="118.15124516375362873077392578125">
        <ele>144.399993896484375</ele>
        <time>2026-06-15T09:01:32.000Z</time>
        <extensions>
          <ns3:TrackPointExtension>
            <ns3:hr>129</ns3:hr>
            <ns3:cad>0</ns3:cad>
          </ns3:TrackPointExtension>
        </extensions>
      </trkpt>
      <trkpt lat="24.47047789581120014190673828125" lon="118.15124633722007274627685546875">
        <ele>144.399993896484375</ele>
        <time>2026-06-15T09:01:33.000Z</time>
        <extensions>
          <ns3:TrackPointExtension>
            <ns3:hr>130</ns3:hr>
            <ns3:cad>0</ns3:cad>
          </ns3:TrackPointExtension>
        </extensions>
      </trkpt>
      <trkpt lat="24.470470435917377471923828125" lon="118.15124818123877048492431640625">
        <ele>144.600006103515625</ele>
        <time>2026-06-15T09:01:34.000Z</time>
        <extensions>
          <ns3:TrackPointExtension>
            <ns3:hr>130</ns3:hr>
            <ns3:cad>0</ns3:cad>
          </ns3:TrackPointExtension>
        </extensions>
      </trkpt>
      <trkpt lat="24.4704638980329036712646484375" lon="118.15124717541038990020751953125">
        <ele>144.8000030517578125</ele>
        <time>2026-06-15T09:01:35.000Z</time>
        <extensions>
          <ns3:TrackPointExtension>
            <ns3:hr>131</ns3:hr>
            <ns3:cad>43</ns3:cad>
          </ns3:TrackPointExtension>
        </extensions>
      </trkpt>
      <trkpt lat="24.47045861743390560150146484375" lon="118.15124742686748504638671875">
        <ele>145</ele>
        <time>2026-06-15T09:01:36.000Z</time>
        <extensions>
          <ns3:TrackPointExtension>
            <ns3:hr>131</ns3:hr>
            <ns3:cad>47</ns3:cad>
          </ns3:TrackPointExtension>
        </extensions>
      </trkpt>
      <trkpt lat="24.4704514928162097930908203125" lon="118.15124734304845333099365234375">
        <ele>145.1999969482421875</ele>
        <time>2026-06-15T09:01:37.000Z</time>
        <extensions>
          <ns3:TrackPointExtension>
            <ns3:hr>131</ns3:hr>
            <ns3:cad>48</ns3:cad>
          </ns3:TrackPointExtension>
        </extensions>
      </trkpt>
      <trkpt lat="24.47044151835143566131591796875" lon="118.15124667249619960784912109375">
        <ele>145.1999969482421875</ele>
        <time>2026-06-15T09:01:38.000Z</time>
        <extensions>
          <ns3:TrackPointExtension>
            <ns3:hr>131</ns3:hr>
            <ns3:cad>48</ns3:cad>
          </ns3:TrackPointExtension>
        </extensions>
      </trkpt>
      <trkpt lat="24.4704379141330718994140625" lon="118.15124767832458019256591796875">
        <ele>145.399993896484375</ele>
        <time>2026-06-15T09:01:39.000Z</time>
        <extensions>
          <ns3:TrackPointExtension>
            <ns3:hr>130</ns3:hr>
            <ns3:cad>48</ns3:cad>
          </ns3:TrackPointExtension>
        </extensions>
      </trkpt>
      <trkpt lat="24.47043280117213726043701171875" lon="118.15125119872391223907470703125">
        <ele>145.600006103515625</ele>
        <time>2026-06-15T09:01:40.000Z</time>
        <extensions>
          <ns3:TrackPointExtension>
            <ns3:hr>130</ns3:hr>
            <ns3:cad>48</ns3:cad>
          </ns3:TrackPointExtension>
        </extensions>
      </trkpt>
      <trkpt lat="24.4704271852970123291015625" lon="118.1512536294758319854736328125">
        <ele>145.8000030517578125</ele>
        <time>2026-06-15T09:01:41.000Z</time>
        <extensions>
          <ns3:TrackPointExtension>
            <ns3:hr>130</ns3:hr>
            <ns3:cad>46</ns3:cad>
          </ns3:TrackPointExtension>
        </extensions>
      </trkpt>
      <trkpt lat="24.47042156942188739776611328125" lon="118.15125706605613231658935546875">
        <ele>146</ele>
        <time>2026-06-15T09:01:42.000Z</time>
        <extensions>
          <ns3:TrackPointExtension>
            <ns3:hr>130</ns3:hr>
            <ns3:cad>46</ns3:cad>
          </ns3:TrackPointExtension>
        </extensions>
      </trkpt>
      <trkpt lat="24.47041637264192104339599609375" lon="118.15126125700771808624267578125">
        <ele>146.1999969482421875</ele>
        <time>2026-06-15T09:01:43.000Z</time>
        <extensions>
          <ns3:TrackPointExtension>
            <ns3:hr>130</ns3:hr>
            <ns3:cad>0</ns3:cad>
          </ns3:TrackPointExtension>
        </extensions>
      </trkpt>
      <trkpt lat="24.47041117586195468902587890625" lon="118.1512670405209064483642578125">
        <ele>146.399993896484375</ele>
        <time>2026-06-15T09:01:44.000Z</time>
        <extensions>
          <ns3:TrackPointExtension>
            <ns3:hr>131</ns3:hr>
            <ns3:cad>0</ns3:cad>
          </ns3:TrackPointExtension>
        </extensions>
      </trkpt>
      <trkpt lat="24.47040664963424205780029296875" lon="118.15127299167215824127197265625">
        <ele>146.600006103515625</ele>
        <time>2026-06-15T09:01:45.000Z</time>
        <extensions>
          <ns3:TrackPointExtension>
            <ns3:hr>130</ns3:hr>
            <ns3:cad>0</ns3:cad>
          </ns3:TrackPointExtension>
        </extensions>
      </trkpt>
      <trkpt lat="24.4704001955687999725341796875" lon="118.151279278099536895751953125">
        <ele>146.600006103515625</ele>
        <time>2026-06-15T09:01:46.000Z</time>
        <extensions>
          <ns3:TrackPointExtension>
            <ns3:hr>130</ns3:hr>
            <ns3:cad>44</ns3:cad>
          </ns3:TrackPointExtension>
        </extensions>
      </trkpt>
      <trkpt lat="24.47039625607430934906005859375" lon="118.151286654174327850341796875">
        <ele>146.8000030517578125</ele>
        <time>2026-06-15T09:01:47.000Z</time>
        <extensions>
          <ns3:TrackPointExtension>
            <ns3:hr>130</ns3:hr>
            <ns3:cad>42</ns3:cad>
          </ns3:TrackPointExtension>
        </extensions>
      </trkpt>
      <trkpt lat="24.47039223276078701019287109375" lon="118.15129193477332592010498046875">
        <ele>146.8000030517578125</ele>
        <time>2026-06-15T09:01:48.000Z</time>
        <extensions>
          <ns3:TrackPointExtension>
            <ns3:hr>129</ns3:hr>
            <ns3:cad>42</ns3:cad>
          </ns3:TrackPointExtension>
        </extensions>
      </trkpt>
      <trkpt lat="24.47038653306663036346435546875" lon="118.15129864029586315155029296875">
        <ele>146.8000030517578125</ele>
        <time>2026-06-15T09:01:49.000Z</time>
        <extensions>
          <ns3:TrackPointExtension>
            <ns3:hr>129</ns3:hr>
            <ns3:cad>42</ns3:cad>
          </ns3:TrackPointExtension>
        </extensions>
      </trkpt>
      <trkpt lat="24.4703829288482666015625" lon="118.151304759085178375244140625">
        <ele>146.8000030517578125</ele>
        <time>2026-06-15T09:01:50.000Z</time>
        <extensions>
          <ns3:TrackPointExtension>
            <ns3:hr>129</ns3:hr>
            <ns3:cad>42</ns3:cad>
          </ns3:TrackPointExtension>
        </extensions>
      </trkpt>
      <trkpt lat="24.4703777320683002471923828125" lon="118.15131179988384246826171875">
        <ele>146.8000030517578125</ele>
        <time>2026-06-15T09:01:51.000Z</time>
        <extensions>
          <ns3:TrackPointExtension>
            <ns3:hr>129</ns3:hr>
            <ns3:cad>43</ns3:cad>
          </ns3:TrackPointExtension>
        </extensions>
      </trkpt>
      <trkpt lat="24.47037127800285816192626953125" lon="118.151319511234760284423828125">
        <ele>146.8000030517578125</ele>
        <time>2026-06-15T09:01:52.000Z</time>
        <extensions>
          <ns3:TrackPointExtension>
            <ns3:hr>129</ns3:hr>
            <ns3:cad>45</ns3:cad>
          </ns3:TrackPointExtension>
        </extensions>
      </trkpt>
      <trkpt lat="24.4703616388142108917236328125" lon="118.15132747404277324676513671875">
        <ele>146.8000030517578125</ele>
        <time>2026-06-15T09:01:53.000Z</time>
        <extensions>
          <ns3:TrackPointExtension>
            <ns3:hr>129</ns3:hr>
            <ns3:cad>45</ns3:cad>
          </ns3:TrackPointExtension>
        </extensions>
      </trkpt>
      <trkpt lat="24.47035116143524646759033203125" lon="118.1513327546417713165283203125">
        <ele>146.8000030517578125</ele>
        <time>2026-06-15T09:01:54.000Z</time>
        <extensions>
          <ns3:TrackPointExtension>
            <ns3:hr>129</ns3:hr>
            <ns3:cad>48</ns3:cad>
          </ns3:TrackPointExtension>
        </extensions>
      </trkpt>
      <trkpt lat="24.4703431986272335052490234375" lon="118.1513330899178981781005859375">
        <ele>146.8000030517578125</ele>
        <time>2026-06-15T09:01:55.000Z</time>
        <extensions>
          <ns3:TrackPointExtension>
            <ns3:hr>128</ns3:hr>
            <ns3:cad>48</ns3:cad>
          </ns3:TrackPointExtension>
        </extensions>
      </trkpt>
      <trkpt lat="24.4703338108956813812255859375" lon="118.15133585594594478607177734375">
        <ele>146.8000030517578125</ele>
        <time>2026-06-15T09:01:56.000Z</time>
        <extensions>
          <ns3:TrackPointExtension>
            <ns3:hr>128</ns3:hr>
            <ns3:cad>48</ns3:cad>
          </ns3:TrackPointExtension>
        </extensions>
      </trkpt>
      <trkpt lat="24.4703279435634613037109375" lon="118.15133568830788135528564453125">
        <ele>146.8000030517578125</ele>
        <time>2026-06-15T09:01:57.000Z</time>
        <extensions>
          <ns3:TrackPointExtension>
            <ns3:hr>128</ns3:hr>
            <ns3:cad>48</ns3:cad>
          </ns3:TrackPointExtension>
        </extensions>
      </trkpt>
      <trkpt lat="24.4703274406492710113525390625" lon="118.15133149735629558563232421875">
        <ele>146.8000030517578125</ele>
        <time>2026-06-15T09:01:58.000Z</time>
        <extensions>
          <ns3:TrackPointExtension>
            <ns3:hr>128</ns3:hr>
            <ns3:cad>48</ns3:cad>
          </ns3:TrackPointExtension>
        </extensions>
      </trkpt>
      <trkpt lat="24.47031612507998943328857421875" lon="118.1513324193656444549560546875">
        <ele>146.8000030517578125</ele>
        <time>2026-06-15T09:01:59.000Z</time>
        <extensions>
          <ns3:TrackPointExtension>
            <ns3:hr>127</ns3:hr>
            <ns3:cad>48</ns3:cad>
          </ns3:TrackPointExtension>
        </extensions>
      </trkpt>
      <trkpt lat="24.47031562216579914093017578125" lon="118.1513334251940250396728515625">
        <ele>147</ele>
        <time>2026-06-15T09:02:00.000Z</time>
        <extensions>
          <ns3:TrackPointExtension>
            <ns3:hr>126</ns3:hr>
            <ns3:cad>48</ns3:cad>
          </ns3:TrackPointExtension>
        </extensions>
      </trkpt>
      <trkpt lat="24.47031428106129169464111328125" lon="118.15133200027048587799072265625">
        <ele>147</ele>
        <time>2026-06-15T09:02:01.000Z</time>
        <extensions>
          <ns3:TrackPointExtension>
            <ns3:hr>126</ns3:hr>
            <ns3:cad>0</ns3:cad>
          </ns3:TrackPointExtension>
        </extensions>
      </trkpt>
      <trkpt lat="24.4703093357384204864501953125" lon="118.151331245899200439453125">
        <ele>147.1999969482421875</ele>
        <time>2026-06-15T09:02:02.000Z</time>
        <extensions>
          <ns3:TrackPointExtension>
            <ns3:hr>126</ns3:hr>
            <ns3:cad>0</ns3:cad>
          </ns3:TrackPointExtension>
        </extensions>
      </trkpt>
      <trkpt lat="24.47030589915812015533447265625" lon="118.1513297371566295623779296875">
        <ele>147.399993896484375</ele>
        <time>2026-06-15T09:02:03.000Z</time>
        <extensions>
          <ns3:TrackPointExtension>
            <ns3:hr>125</ns3:hr>
            <ns3:cad>0</ns3:cad>
          </ns3:TrackPointExtension>
        </extensions>
      </trkpt>
      <trkpt lat="24.47030288167297840118408203125" lon="118.15133082680404186248779296875">
        <ele>147.399993896484375</ele>
        <time>2026-06-15T09:02:04.000Z</time>
        <extensions>
          <ns3:TrackPointExtension>
            <ns3:hr>125</ns3:hr>
            <ns3:cad>0</ns3:cad>
          </ns3:TrackPointExtension>
        </extensions>
      </trkpt>
      <trkpt lat="24.47029349394142627716064453125" lon="118.15132915042340755462646484375">
        <ele>147.399993896484375</ele>
        <time>2026-06-15T09:02:05.000Z</time>
        <extensions>
          <ns3:TrackPointExtension>
            <ns3:hr>125</ns3:hr>
            <ns3:cad>0</ns3:cad>
          </ns3:TrackPointExtension>
        </extensions>
      </trkpt>
      <trkpt lat="24.47028435766696929931640625" lon="118.151328563690185546875">
        <ele>147.399993896484375</ele>
        <time>2026-06-15T09:02:06.000Z</time>
        <extensions>
          <ns3:TrackPointExtension>
            <ns3:hr>124</ns3:hr>
            <ns3:cad>0</ns3:cad>
          </ns3:TrackPointExtension>
        </extensions>
      </trkpt>
      <trkpt lat="24.4702774845063686370849609375" lon="118.15132646821439266204833984375">
        <ele>147.600006103515625</ele>
        <time>2026-06-15T09:02:07.000Z</time>
        <extensions>
          <ns3:TrackPointExtension>
            <ns3:hr>123</ns3:hr>
            <ns3:cad>0</ns3:cad>
          </ns3:TrackPointExtension>
        </extensions>
      </trkpt>
      <trkpt lat="24.47027103044092655181884765625" lon="118.15132814459502696990966796875">
        <ele>147.8000030517578125</ele>
        <time>2026-06-15T09:02:08.000Z</time>
        <extensions>
          <ns3:TrackPointExtension>
            <ns3:hr>122</ns3:hr>
            <ns3:cad>0</ns3:cad>
          </ns3:TrackPointExtension>
        </extensions>
      </trkpt>
      <trkpt lat="24.47026583366096019744873046875" lon="118.1513280607759952545166015625">
        <ele>148</ele>
        <time>2026-06-15T09:02:09.000Z</time>
        <extensions>
          <ns3:TrackPointExtension>
            <ns3:hr>121</ns3:hr>
            <ns3:cad>0</ns3:cad>
          </ns3:TrackPointExtension>
        </extensions>
      </trkpt>
      <trkpt lat="24.4702644087374210357666015625" lon="118.15132864750921726226806640625">
        <ele>148.1999969482421875</ele>
        <time>2026-06-15T09:02:10.000Z</time>
        <extensions>
          <ns3:TrackPointExtension>
            <ns3:hr>120</ns3:hr>
            <ns3:cad>0</ns3:cad>
          </ns3:TrackPointExtension>
        </extensions>
      </trkpt>
      <trkpt lat="24.470261223614215850830078125" lon="118.1513280607759952545166015625">
        <ele>148.600006103515625</ele>
        <time>2026-06-15T09:02:11.000Z</time>
        <extensions>
          <ns3:TrackPointExtension>
            <ns3:hr>119</ns3:hr>
            <ns3:cad>0</ns3:cad>
          </ns3:TrackPointExtension>
        </extensions>
      </trkpt>
      <trkpt lat="24.47025711648166179656982421875" lon="118.151327557861804962158203125">
        <ele>148.8000030517578125</ele>
        <time>2026-06-15T09:02:12.000Z</time>
        <extensions>
          <ns3:TrackPointExtension>
            <ns3:hr>119</ns3:hr>
            <ns3:cad>0</ns3:cad>
          </ns3:TrackPointExtension>
        </extensions>
      </trkpt>
      <trkpt lat="24.470253847539424896240234375" lon="118.151322863996028900146484375">
        <ele>149.1999969482421875</ele>
        <time>2026-06-15T09:02:13.000Z</time>
        <extensions>
          <ns3:TrackPointExtension>
            <ns3:hr>119</ns3:hr>
            <ns3:cad>0</ns3:cad>
          </ns3:TrackPointExtension>
        </extensions>
      </trkpt>
      <trkpt lat="24.470256529748439788818359375" lon="118.15131959505379199981689453125">
        <ele>149.600006103515625</ele>
        <time>2026-06-15T09:02:14.000Z</time>
        <extensions>
          <ns3:TrackPointExtension>
            <ns3:hr>119</ns3:hr>
            <ns3:cad>0</ns3:cad>
          </ns3:TrackPointExtension>
        </extensions>
      </trkpt>
      <trkpt lat="24.47025217115879058837890625" lon="118.1513139791786670684814453125">
        <ele>149.8000030517578125</ele>
        <time>2026-06-15T09:02:15.000Z</time>
        <extensions>
          <ns3:TrackPointExtension>
            <ns3:hr>120</ns3:hr>
            <ns3:cad>0</ns3:cad>
          </ns3:TrackPointExtension>
        </extensions>
      </trkpt>
      <trkpt lat="24.4702476449310779571533203125" lon="118.15130911767482757568359375">
        <ele>150.1999969482421875</ele>
        <time>2026-06-15T09:02:16.000Z</time>
        <extensions>
          <ns3:TrackPointExtension>
            <ns3:hr>119</ns3:hr>
            <ns3:cad>0</ns3:cad>
          </ns3:TrackPointExtension>
        </extensions>
      </trkpt>
      <trkpt lat="24.4702432863414287567138671875" lon="118.1513035856187343597412109375">
        <ele>150.399993896484375</ele>
        <time>2026-06-15T09:02:17.000Z</time>
        <extensions>
          <ns3:TrackPointExtension>
            <ns3:hr>119</ns3:hr>
            <ns3:cad>44</ns3:cad>
          </ns3:TrackPointExtension>
        </extensions>
      </trkpt>
      <trkpt lat="24.4702382571995258331298828125" lon="118.151296712458133697509765625">
        <ele>150.600006103515625</ele>
        <time>2026-06-15T09:02:18.000Z</time>
        <extensions>
          <ns3:TrackPointExtension>
            <ns3:hr>119</ns3:hr>
            <ns3:cad>44</ns3:cad>
          </ns3:TrackPointExtension>
        </extensions>
      </trkpt>
      <trkpt lat="24.47023264132440090179443359375" lon="118.151287995278835296630859375">
        <ele>150.8000030517578125</ele>
        <time>2026-06-15T09:02:19.000Z</time>
        <extensions>
          <ns3:TrackPointExtension>
            <ns3:hr>119</ns3:hr>
            <ns3:cad>44</ns3:cad>
          </ns3:TrackPointExtension>
        </extensions>
      </trkpt>
      <trkpt lat="24.47022375650703907012939453125" lon="118.15128154121339321136474609375">
        <ele>151</ele>
        <time>2026-06-15T09:02:20.000Z</time>
        <extensions>
          <ns3:TrackPointExtension>
            <ns3:hr>120</ns3:hr>
            <ns3:cad>44</ns3:cad>
          </ns3:TrackPointExtension>
        </extensions>
      </trkpt>
      <trkpt lat="24.47021788917481899261474609375" lon="118.15127852372825145721435546875">
        <ele>151</ele>
        <time>2026-06-15T09:02:21.000Z</time>
        <extensions>
          <ns3:TrackPointExtension>
            <ns3:hr>120</ns3:hr>
            <ns3:cad>44</ns3:cad>
          </ns3:TrackPointExtension>
        </extensions>
      </trkpt>
      <trkpt lat="24.47021403349936008453369140625" lon="118.151277601718902587890625">
        <ele>151.1999969482421875</ele>
        <time>2026-06-15T09:02:22.000Z</time>
        <extensions>
          <ns3:TrackPointExtension>
            <ns3:hr>121</ns3:hr>
            <ns3:cad>44</ns3:cad>
          </ns3:TrackPointExtension>
        </extensions>
      </trkpt>
      <trkpt lat="24.470210261642932891845703125" lon="118.15127718262374401092529296875">
        <ele>151.399993896484375</ele>
        <time>2026-06-15T09:02:23.000Z</time>
        <extensions>
          <ns3:TrackPointExtension>
            <ns3:hr>121</ns3:hr>
            <ns3:cad>44</ns3:cad>
          </ns3:TrackPointExtension>
        </extensions>
      </trkpt>
      <trkpt lat="24.4702030532062053680419921875" lon="118.1512762606143951416015625">
        <ele>151.600006103515625</ele>
        <time>2026-06-15T09:02:24.000Z</time>
        <extensions>
          <ns3:TrackPointExtension>
            <ns3:hr>122</ns3:hr>
            <ns3:cad>44</ns3:cad>
          </ns3:TrackPointExtension>
        </extensions>
      </trkpt>
      <trkpt lat="24.4701956771314144134521484375" lon="118.151276595890522003173828125">
        <ele>151.8000030517578125</ele>
        <time>2026-06-15T09:02:25.000Z</time>
        <extensions>
          <ns3:TrackPointExtension>
            <ns3:hr>123</ns3:hr>
            <ns3:cad>44</ns3:cad>
          </ns3:TrackPointExtension>
        </extensions>
      </trkpt>
      <trkpt lat="24.4701909832656383514404296875" lon="118.15128120593726634979248046875">
        <ele>152</ele>
        <time>2026-06-15T09:02:26.000Z</time>
        <extensions>
          <ns3:TrackPointExtension>
            <ns3:hr>123</ns3:hr>
            <ns3:cad>40</ns3:cad>
          </ns3:TrackPointExtension>
        </extensions>
      </trkpt>
      <trkpt lat="24.47018302045762538909912109375" lon="118.1512824632227420806884765625">
        <ele>152.1999969482421875</ele>
        <time>2026-06-15T09:02:27.000Z</time>
        <extensions>
          <ns3:TrackPointExtension>
            <ns3:hr>123</ns3:hr>
            <ns3:cad>40</ns3:cad>
          </ns3:TrackPointExtension>
        </extensions>
      </trkpt>
      <trkpt lat="24.470177404582500457763671875" lon="118.15128623507916927337646484375">
        <ele>152.399993896484375</ele>
        <time>2026-06-15T09:02:28.000Z</time>
        <extensions>
          <ns3:TrackPointExtension>
            <ns3:hr>123</ns3:hr>
            <ns3:cad>40</ns3:cad>
          </ns3:TrackPointExtension>
        </extensions>
      </trkpt>
      <trkpt lat="24.470170028507709503173828125" lon="118.15129101276397705078125">
        <ele>152.600006103515625</ele>
        <time>2026-06-15T09:02:29.000Z</time>
        <extensions>
          <ns3:TrackPointExtension>
            <ns3:hr>124</ns3:hr>
            <ns3:cad>40</ns3:cad>
          </ns3:TrackPointExtension>
        </extensions>
      </trkpt>
      <trkpt lat="24.47016256861388683319091796875" lon="118.15129461698234081268310546875">
        <ele>152.600006103515625</ele>
        <time>2026-06-15T09:02:30.000Z</time>
        <extensions>
          <ns3:TrackPointExtension>
            <ns3:hr>123</ns3:hr>
            <ns3:cad>40</ns3:cad>
          </ns3:TrackPointExtension>
        </extensions>
      </trkpt>
      <trkpt lat="24.47014966048300266265869140625" lon="118.15129914321005344390869140625">
        <ele>152.8000030517578125</ele>
        <time>2026-06-15T09:02:31.000Z</time>
        <extensions>
          <ns3:TrackPointExtension>
            <ns3:hr>123</ns3:hr>
            <ns3:cad>40</ns3:cad>
          </ns3:TrackPointExtension>
        </extensions>
      </trkpt>
      <trkpt lat="24.4701467268168926239013671875" lon="118.15130232833325862884521484375">
        <ele>152.8000030517578125</ele>
        <time>2026-06-15T09:02:32.000Z</time>
        <extensions>
          <ns3:TrackPointExtension>
            <ns3:hr>123</ns3:hr>
            <ns3:cad>40</ns3:cad>
          </ns3:TrackPointExtension>
        </extensions>
      </trkpt>
      <trkpt lat="24.47014379315078258514404296875" lon="118.15130702219903469085693359375">
        <ele>153</ele>
        <time>2026-06-15T09:02:33.000Z</time>
        <extensions>
          <ns3:TrackPointExtension>
            <ns3:hr>123</ns3:hr>
            <ns3:cad>40</ns3:cad>
          </ns3:TrackPointExtension>
        </extensions>
      </trkpt>
      <trkpt lat="24.47014094330370426177978515625" lon="118.1513082794845104217529296875">
        <ele>153</ele>
        <time>2026-06-15T09:02:34.000Z</time>
        <extensions>
          <ns3:TrackPointExtension>
            <ns3:hr>124</ns3:hr>
            <ns3:cad>40</ns3:cad>
          </ns3:TrackPointExtension>
        </extensions>
      </trkpt>
      <trkpt lat="24.47013155557215213775634765625" lon="118.151310123503208160400390625">
        <ele>153.1999969482421875</ele>
        <time>2026-06-15T09:02:35.000Z</time>
        <extensions>
          <ns3:TrackPointExtension>
            <ns3:hr>123</ns3:hr>
            <ns3:cad>40</ns3:cad>
          </ns3:TrackPointExtension>
        </extensions>
      </trkpt>
      <trkpt lat="24.4701254367828369140625" lon="118.1513123027980327606201171875">
        <ele>153.399993896484375</ele>
        <time>2026-06-15T09:02:36.000Z</time>
        <extensions>
          <ns3:TrackPointExtension>
            <ns3:hr>123</ns3:hr>
            <ns3:cad>40</ns3:cad>
          </ns3:TrackPointExtension>
        </extensions>
      </trkpt>
      <trkpt lat="24.47012200020253658294677734375" lon="118.1513119675219058990478515625">
        <ele>153.600006103515625</ele>
        <time>2026-06-15T09:02:37.000Z</time>
        <extensions>
          <ns3:TrackPointExtension>
            <ns3:hr>123</ns3:hr>
            <ns3:cad>44</ns3:cad>
          </ns3:TrackPointExtension>
        </extensions>
      </trkpt>
      <trkpt lat="24.4701148755848407745361328125" lon="118.15130886621773242950439453125">
        <ele>153.8000030517578125</ele>
        <time>2026-06-15T09:02:38.000Z</time>
        <extensions>
          <ns3:TrackPointExtension>
            <ns3:hr>124</ns3:hr>
            <ns3:cad>44</ns3:cad>
          </ns3:TrackPointExtension>
        </extensions>
      </trkpt>
      <trkpt lat="24.47011227719485759735107421875" lon="118.15130433999001979827880859375">
        <ele>154</ele>
        <time>2026-06-15T09:02:39.000Z</time>
        <extensions>
          <ns3:TrackPointExtension>
            <ns3:hr>123</ns3:hr>
            <ns3:cad>45</ns3:cad>
          </ns3:TrackPointExtension>
        </extensions>
      </trkpt>
      <trkpt lat="24.470109008252620697021484375" lon="118.15129981376230716705322265625">
        <ele>154.1999969482421875</ele>
        <time>2026-06-15T09:02:40.000Z</time>
        <extensions>
          <ns3:TrackPointExtension>
            <ns3:hr>123</ns3:hr>
            <ns3:cad>45</ns3:cad>
          </ns3:TrackPointExtension>
        </extensions>
      </trkpt>
      <trkpt lat="24.47011093609035015106201171875" lon="118.15129562281072139739990234375">
        <ele>154.399993896484375</ele>
        <time>2026-06-15T09:02:41.000Z</time>
        <extensions>
          <ns3:TrackPointExtension>
            <ns3:hr>124</ns3:hr>
            <ns3:cad>42</ns3:cad>
          </ns3:TrackPointExtension>
        </extensions>
      </trkpt>
      <trkpt lat="24.47010741569101810455322265625" lon="118.15128539688885211944580078125">
        <ele>154.600006103515625</ele>
        <time>2026-06-15T09:02:42.000Z</time>
        <extensions>
          <ns3:TrackPointExtension>
            <ns3:hr>124</ns3:hr>
            <ns3:cad>42</ns3:cad>
          </ns3:TrackPointExtension>
        </extensions>
      </trkpt>
      <trkpt lat="24.470103643834590911865234375" lon="118.15127634443342685699462890625">
        <ele>154.8000030517578125</ele>
        <time>2026-06-15T09:02:43.000Z</time>
        <extensions>
          <ns3:TrackPointExtension>
            <ns3:hr>124</ns3:hr>
            <ns3:cad>80</ns3:cad>
          </ns3:TrackPointExtension>
        </extensions>
      </trkpt>
      <trkpt lat="24.470098279416561126708984375" lon="118.15126486122608184814453125">
        <ele>155</ele>
        <time>2026-06-15T09:02:44.000Z</time>
        <extensions>
          <ns3:TrackPointExtension>
            <ns3:hr>124</ns3:hr>
            <ns3:cad>80</ns3:cad>
          </ns3:TrackPointExtension>
        </extensions>
      </trkpt>
      <trkpt lat="24.4700892269611358642578125" lon="118.1512522883713245391845703125">
        <ele>155</ele>
        <time>2026-06-15T09:02:45.000Z</time>
        <extensions>
          <ns3:TrackPointExtension>
            <ns3:hr>123</ns3:hr>
            <ns3:cad>41</ns3:cad>
          </ns3:TrackPointExtension>
        </extensions>
      </trkpt>
      <trkpt lat="24.4700790010392665863037109375" lon="118.15124533139169216156005859375">
        <ele>155</ele>
        <time>2026-06-15T09:02:46.000Z</time>
        <extensions>
          <ns3:TrackPointExtension>
            <ns3:hr>123</ns3:hr>
            <ns3:cad>0</ns3:cad>
          </ns3:TrackPointExtension>
        </extensions>
      </trkpt>
      <trkpt lat="24.470070116221904754638671875" lon="118.15124013461172580718994140625">
        <ele>154.8000030517578125</ele>
        <time>2026-06-15T09:02:47.000Z</time>
        <extensions>
          <ns3:TrackPointExtension>
            <ns3:hr>123</ns3:hr>
            <ns3:cad>0</ns3:cad>
          </ns3:TrackPointExtension>
        </extensions>
      </trkpt>
      <trkpt lat="24.4700610637664794921875" lon="118.151241727173328399658203125">
        <ele>154.8000030517578125</ele>
        <time>2026-06-15T09:02:48.000Z</time>
        <extensions>
          <ns3:TrackPointExtension>
            <ns3:hr>123</ns3:hr>
            <ns3:cad>0</ns3:cad>
          </ns3:TrackPointExtension>
        </extensions>
      </trkpt>
      <trkpt lat="24.4700562022626399993896484375" lon="118.151247091591358184814453125">
        <ele>154.600006103515625</ele>
        <time>2026-06-15T09:02:49.000Z</time>
        <extensions>
          <ns3:TrackPointExtension>
            <ns3:hr>123</ns3:hr>
            <ns3:cad>53</ns3:cad>
          </ns3:TrackPointExtension>
        </extensions>
      </trkpt>
      <trkpt lat="24.4700543582439422607421875" lon="118.15124968998134136199951171875">
        <ele>154.600006103515625</ele>
        <time>2026-06-15T09:02:50.000Z</time>
        <extensions>
          <ns3:TrackPointExtension>
            <ns3:hr>123</ns3:hr>
            <ns3:cad>53</ns3:cad>
          </ns3:TrackPointExtension>
        </extensions>
      </trkpt>
      <trkpt lat="24.4700541906058788299560546875" lon="118.15125522203743457794189453125">
        <ele>154.8000030517578125</ele>
        <time>2026-06-15T09:02:51.000Z</time>
        <extensions>
          <ns3:TrackPointExtension>
            <ns3:hr>123</ns3:hr>
            <ns3:cad>53</ns3:cad>
          </ns3:TrackPointExtension>
        </extensions>
      </trkpt>
      <trkpt lat="24.47005175985395908355712890625" lon="118.15126377157866954803466796875">
        <ele>154.8000030517578125</ele>
        <time>2026-06-15T09:02:52.000Z</time>
        <extensions>
          <ns3:TrackPointExtension>
            <ns3:hr>123</ns3:hr>
            <ns3:cad>54</ns3:cad>
          </ns3:TrackPointExtension>
        </extensions>
      </trkpt>
      <trkpt lat="24.47005234658718109130859375" lon="118.1512710638344287872314453125">
        <ele>155.1999969482421875</ele>
        <time>2026-06-15T09:02:53.000Z</time>
        <extensions>
          <ns3:TrackPointExtension>
            <ns3:hr>123</ns3:hr>
            <ns3:cad>55</ns3:cad>
          </ns3:TrackPointExtension>
        </extensions>
      </trkpt>
      <trkpt lat="24.4700498320162296295166015625" lon="118.151276595890522003173828125">
        <ele>155.600006103515625</ele>
        <time>2026-06-15T09:02:54.000Z</time>
        <extensions>
          <ns3:TrackPointExtension>
            <ns3:hr>123</ns3:hr>
            <ns3:cad>54</ns3:cad>
          </ns3:TrackPointExtension>
        </extensions>
      </trkpt>
      <trkpt lat="24.4700478203594684600830078125" lon="118.1512814573943614959716796875">
        <ele>156</ele>
        <time>2026-06-15T09:02:55.000Z</time>
        <extensions>
          <ns3:TrackPointExtension>
            <ns3:hr>123</ns3:hr>
            <ns3:cad>43</ns3:cad>
          </ns3:TrackPointExtension>
        </extensions>
      </trkpt>
      <trkpt lat="24.47004538960754871368408203125" lon="118.15128087066113948822021484375">
        <ele>156.1999969482421875</ele>
        <time>2026-06-15T09:02:56.000Z</time>
        <extensions>
          <ns3:TrackPointExtension>
            <ns3:hr>123</ns3:hr>
            <ns3:cad>43</ns3:cad>
          </ns3:TrackPointExtension>
        </extensions>
      </trkpt>
      <trkpt lat="24.47004404850304126739501953125" lon="118.15128455869853496551513671875">
        <ele>156.399993896484375</ele>
        <time>2026-06-15T09:02:57.000Z</time>
        <extensions>
          <ns3:TrackPointExtension>
            <ns3:hr>122</ns3:hr>
            <ns3:cad>43</ns3:cad>
          </ns3:TrackPointExtension>
        </extensions>
      </trkpt>
      <trkpt lat="24.47004371322691440582275390625" lon="118.1512864865362644195556640625">
        <ele>156.399993896484375</ele>
        <time>2026-06-15T09:02:58.000Z</time>
        <extensions>
          <ns3:TrackPointExtension>
            <ns3:hr>122</ns3:hr>
            <ns3:cad>0</ns3:cad>
          </ns3:TrackPointExtension>
        </extensions>
      </trkpt>
      <trkpt lat="24.470043294131755828857421875" lon="118.1512950360774993896484375">
        <ele>156.399993896484375</ele>
        <time>2026-06-15T09:02:59.000Z</time>
        <extensions>
          <ns3:TrackPointExtension>
            <ns3:hr>121</ns3:hr>
            <ns3:cad>0</ns3:cad>
          </ns3:TrackPointExtension>
        </extensions>
      </trkpt>
      <trkpt lat="24.47004220448434352874755859375" lon="118.15130517818033695220947265625">
        <ele>156.399993896484375</ele>
        <time>2026-06-15T09:03:00.000Z</time>
        <extensions>
          <ns3:TrackPointExtension>
            <ns3:hr>121</ns3:hr>
            <ns3:cad>0</ns3:cad>
          </ns3:TrackPointExtension>
        </extensions>
      </trkpt>
      <trkpt lat="24.47004429996013641357421875" lon="118.1513116322457790374755859375">
        <ele>156.1999969482421875</ele>
        <time>2026-06-15T09:03:01.000Z</time>
        <extensions>
          <ns3:TrackPointExtension>
            <ns3:hr>121</ns3:hr>
            <ns3:cad>0</ns3:cad>
          </ns3:TrackPointExtension>
        </extensions>
      </trkpt>
      <trkpt lat="24.47004337795078754425048828125" lon="118.15131557174026966094970703125">
        <ele>156.1999969482421875</ele>
        <time>2026-06-15T09:03:02.000Z</time>
        <extensions>
          <ns3:TrackPointExtension>
            <ns3:hr>121</ns3:hr>
            <ns3:cad>0</ns3:cad>
          </ns3:TrackPointExtension>
        </extensions>
      </trkpt>
      <trkpt lat="24.470042623579502105712890625" lon="118.1513193435966968536376953125">
        <ele>156</ele>
        <time>2026-06-15T09:03:03.000Z</time>
        <extensions>
          <ns3:TrackPointExtension>
            <ns3:hr>120</ns3:hr>
            <ns3:cad>0</ns3:cad>
          </ns3:TrackPointExtension>
        </extensions>
      </trkpt>
      <trkpt lat="24.47004220448434352874755859375" lon="118.1513233669102191925048828125">
        <ele>155.600006103515625</ele>
        <time>2026-06-15T09:03:04.000Z</time>
        <extensions>
          <ns3:TrackPointExtension>
            <ns3:hr>120</ns3:hr>
            <ns3:cad>0</ns3:cad>
          </ns3:TrackPointExtension>
        </extensions>
      </trkpt>
      <trkpt lat="24.47004304267466068267822265625" lon="118.15132747404277324676513671875">
        <ele>155.399993896484375</ele>
        <time>2026-06-15T09:03:05.000Z</time>
        <extensions>
          <ns3:TrackPointExtension>
            <ns3:hr>119</ns3:hr>
            <ns3:cad>0</ns3:cad>
          </ns3:TrackPointExtension>
        </extensions>
      </trkpt>
      <trkpt lat="24.47004270739853382110595703125" lon="118.151332922279834747314453125">
        <ele>155.1999969482421875</ele>
        <time>2026-06-15T09:03:06.000Z</time>
        <extensions>
          <ns3:TrackPointExtension>
            <ns3:hr>119</ns3:hr>
            <ns3:cad>0</ns3:cad>
          </ns3:TrackPointExtension>
        </extensions>
      </trkpt>
      <trkpt lat="24.47004564106464385986328125" lon="118.15133568830788135528564453125">
        <ele>155</ele>
        <time>2026-06-15T09:03:07.000Z</time>
        <extensions>
          <ns3:TrackPointExtension>
            <ns3:hr>119</ns3:hr>
            <ns3:cad>0</ns3:cad>
          </ns3:TrackPointExtension>
        </extensions>
      </trkpt>
      <trkpt lat="24.470050670206546783447265625" lon="118.151342980563640594482421875">
        <ele>154.8000030517578125</ele>
        <time>2026-06-15T09:03:08.000Z</time>
        <extensions>
          <ns3:TrackPointExtension>
            <ns3:hr>118</ns3:hr>
            <ns3:cad>0</ns3:cad>
          </ns3:TrackPointExtension>
        </extensions>
      </trkpt>
      <trkpt lat="24.47005502879619598388671875" lon="118.15135010518133640289306640625">
        <ele>154.600006103515625</ele>
        <time>2026-06-15T09:03:09.000Z</time>
        <extensions>
          <ns3:TrackPointExtension>
            <ns3:hr>118</ns3:hr>
            <ns3:cad>57</ns3:cad>
          </ns3:TrackPointExtension>
        </extensions>
      </trkpt>
      <trkpt lat="24.4700582139194011688232421875" lon="118.1513562239706516265869140625">
        <ele>154.399993896484375</ele>
        <time>2026-06-15T09:03:10.000Z</time>
        <extensions>
          <ns3:TrackPointExtension>
            <ns3:hr>117</ns3:hr>
            <ns3:cad>57</ns3:cad>
          </ns3:TrackPointExtension>
        </extensions>
      </trkpt>
      <trkpt lat="24.47006282396614551544189453125" lon="118.1513639353215694427490234375">
        <ele>154</ele>
        <time>2026-06-15T09:03:11.000Z</time>
        <extensions>
          <ns3:TrackPointExtension>
            <ns3:hr>117</ns3:hr>
            <ns3:cad>57</ns3:cad>
          </ns3:TrackPointExtension>
        </extensions>
      </trkpt>
      <trkpt lat="24.47006642818450927734375" lon="118.1513696350157260894775390625">
        <ele>153.600006103515625</ele>
        <time>2026-06-15T09:03:12.000Z</time>
        <extensions>
          <ns3:TrackPointExtension>
            <ns3:hr>116</ns3:hr>
            <ns3:cad>57</ns3:cad>
          </ns3:TrackPointExtension>
        </extensions>
      </trkpt>
      <trkpt lat="24.47007170878350734710693359375" lon="118.1513830460608005523681640625">
        <ele>153.399993896484375</ele>
        <time>2026-06-15T09:03:13.000Z</time>
        <extensions>
          <ns3:TrackPointExtension>
            <ns3:hr>115</ns3:hr>
            <ns3:cad>57</ns3:cad>
          </ns3:TrackPointExtension>
        </extensions>
      </trkpt>
      <trkpt lat="24.4700736366212368011474609375" lon="118.15139067359268665313720703125">
        <ele>153</ele>
        <time>2026-06-15T09:03:14.000Z</time>
        <extensions>
          <ns3:TrackPointExtension>
            <ns3:hr>113</ns3:hr>
            <ns3:cad>57</ns3:cad>
          </ns3:TrackPointExtension>
        </extensions>
      </trkpt>
      <trkpt lat="24.47007757611572742462158203125" lon="118.15140274353325366973876953125">
        <ele>152.8000030517578125</ele>
        <time>2026-06-15T09:03:15.000Z</time>
        <extensions>
          <ns3:TrackPointExtension>
            <ns3:hr>112</ns3:hr>
            <ns3:cad>57</ns3:cad>
          </ns3:TrackPointExtension>
        </extensions>
      </trkpt>
      <trkpt lat="24.47008159942924976348876953125" lon="118.15141447819769382476806640625">
        <ele>152.600006103515625</ele>
        <time>2026-06-15T09:03:16.000Z</time>
        <extensions>
          <ns3:TrackPointExtension>
            <ns3:hr>111</ns3:hr>
            <ns3:cad>57</ns3:cad>
          </ns3:TrackPointExtension>
        </extensions>
      </trkpt>
      <trkpt lat="24.47008880786597728729248046875" lon="118.1514192558825016021728515625">
        <ele>152.1999969482421875</ele>
        <time>2026-06-15T09:03:17.000Z</time>
        <extensions>
          <ns3:TrackPointExtension>
            <ns3:hr>111</ns3:hr>
            <ns3:cad>57</ns3:cad>
          </ns3:TrackPointExtension>
        </extensions>
      </trkpt>
      <trkpt lat="24.470089562237262725830078125" lon="118.1514303199946880340576171875">
        <ele>152</ele>
        <time>2026-06-15T09:03:18.000Z</time>
        <extensions>
          <ns3:TrackPointExtension>
            <ns3:hr>110</ns3:hr>
            <ns3:cad>57</ns3:cad>
          </ns3:TrackPointExtension>
        </extensions>
      </trkpt>
      <trkpt lat="24.47009199298918247222900390625" lon="118.15144364722073078155517578125">
        <ele>151.8000030517578125</ele>
        <time>2026-06-15T09:03:19.000Z</time>
        <extensions>
          <ns3:TrackPointExtension>
            <ns3:hr>110</ns3:hr>
            <ns3:cad>57</ns3:cad>
          </ns3:TrackPointExtension>
        </extensions>
      </trkpt>
      <trkpt lat="24.4700937531888484954833984375" lon="118.15145839937031269073486328125">
        <ele>151.600006103515625</ele>
        <time>2026-06-15T09:03:20.000Z</time>
        <extensions>
          <ns3:TrackPointExtension>
            <ns3:hr>110</ns3:hr>
            <ns3:cad>57</ns3:cad>
          </ns3:TrackPointExtension>
        </extensions>
      </trkpt>
      <trkpt lat="24.4700927473604679107666015625" lon="118.15147147513926029205322265625">
        <ele>151.399993896484375</ele>
        <time>2026-06-15T09:03:21.000Z</time>
        <extensions>
          <ns3:TrackPointExtension>
            <ns3:hr>109</ns3:hr>
            <ns3:cad>57</ns3:cad>
          </ns3:TrackPointExtension>
        </extensions>
      </trkpt>
      <trkpt lat="24.4700910709798336029052734375" lon="118.1514789350330829620361328125">
        <ele>151.399993896484375</ele>
        <time>2026-06-15T09:03:22.000Z</time>
        <extensions>
          <ns3:TrackPointExtension>
            <ns3:hr>109</ns3:hr>
            <ns3:cad>57</ns3:cad>
          </ns3:TrackPointExtension>
        </extensions>
      </trkpt>
      <trkpt lat="24.47008855640888214111328125" lon="118.15148270688951015472412109375">
        <ele>151.399993896484375</ele>
        <time>2026-06-15T09:03:23.000Z</time>
        <extensions>
          <ns3:TrackPointExtension>
            <ns3:hr>109</ns3:hr>
            <ns3:cad>57</ns3:cad>
          </ns3:TrackPointExtension>
        </extensions>
      </trkpt>
      <trkpt lat="24.4700850360095500946044921875" lon="118.1514910049736499786376953125">
        <ele>151.600006103515625</ele>
        <time>2026-06-15T09:03:24.000Z</time>
        <extensions>
          <ns3:TrackPointExtension>
            <ns3:hr>108</ns3:hr>
            <ns3:cad>57</ns3:cad>
          </ns3:TrackPointExtension>
        </extensions>
      </trkpt>
      <trkpt lat="24.4700811803340911865234375" lon="118.15150232054293155670166015625">
        <ele>151.600006103515625</ele>
        <time>2026-06-15T09:03:25.000Z</time>
        <extensions>
          <ns3:TrackPointExtension>
            <ns3:hr>108</ns3:hr>
            <ns3:cad>0</ns3:cad>
          </ns3:TrackPointExtension>
        </extensions>
      </trkpt>
      <trkpt lat="24.47007673792541027069091796875" lon="118.15151556394994258880615234375">
        <ele>151.8000030517578125</ele>
        <time>2026-06-15T09:03:26.000Z</time>
        <extensions>
          <ns3:TrackPointExtension>
            <ns3:hr>108</ns3:hr>
            <ns3:cad>0</ns3:cad>
          </ns3:TrackPointExtension>
        </extensions>
      </trkpt>
      <trkpt lat="24.47007204405963420867919921875" lon="118.15152503550052642822265625">
        <ele>152</ele>
        <time>2026-06-15T09:03:27.000Z</time>
        <extensions>
          <ns3:TrackPointExtension>
            <ns3:hr>108</ns3:hr>
            <ns3:cad>0</ns3:cad>
          </ns3:TrackPointExtension>
        </extensions>
      </trkpt>
      <trkpt lat="24.4700669310986995697021484375" lon="118.15153266303241252899169921875">
        <ele>152.1999969482421875</ele>
        <time>2026-06-15T09:03:28.000Z</time>
        <extensions>
          <ns3:TrackPointExtension>
            <ns3:hr>108</ns3:hr>
            <ns3:cad>0</ns3:cad>
          </ns3:TrackPointExtension>
        </extensions>
      </trkpt>
      <trkpt lat="24.47006165049970149993896484375" lon="118.15153450705111026763916015625">
        <ele>152.399993896484375</ele>
        <time>2026-06-15T09:03:29.000Z</time>
        <extensions>
          <ns3:TrackPointExtension>
            <ns3:hr>107</ns3:hr>
            <ns3:cad>0</ns3:cad>
          </ns3:TrackPointExtension>
        </extensions>
      </trkpt>
      <trkpt lat="24.47005771100521087646484375" lon="118.15153710544109344482421875">
        <ele>152.600006103515625</ele>
        <time>2026-06-15T09:03:30.000Z</time>
        <extensions>
          <ns3:TrackPointExtension>
            <ns3:hr>107</ns3:hr>
            <ns3:cad>0</ns3:cad>
          </ns3:TrackPointExtension>
        </extensions>
      </trkpt>
      <trkpt lat="24.47005234658718109130859375" lon="118.15153953619301319122314453125">
        <ele>152.8000030517578125</ele>
        <time>2026-06-15T09:03:31.000Z</time>
        <extensions>
          <ns3:TrackPointExtension>
            <ns3:hr>106</ns3:hr>
            <ns3:cad>45</ns3:cad>
          </ns3:TrackPointExtension>
        </extensions>
      </trkpt>
      <trkpt lat="24.47005008347332477569580078125" lon="118.151540122926235198974609375">
        <ele>153.1999969482421875</ele>
        <time>2026-06-15T09:03:32.000Z</time>
        <extensions>
          <ns3:TrackPointExtension>
            <ns3:hr>106</ns3:hr>
            <ns3:cad>45</ns3:cad>
          </ns3:TrackPointExtension>
        </extensions>
      </trkpt>
      <trkpt lat="24.47004740126430988311767578125" lon="118.15154171548783779144287109375">
        <ele>153.399993896484375</ele>
        <time>2026-06-15T09:03:33.000Z</time>
        <extensions>
          <ns3:TrackPointExtension>
            <ns3:hr>106</ns3:hr>
            <ns3:cad>45</ns3:cad>
          </ns3:TrackPointExtension>
        </extensions>
      </trkpt>
      <trkpt lat="24.47004237212240695953369140625" lon="118.15154506824910640716552734375">
        <ele>153.600006103515625</ele>
        <time>2026-06-15T09:03:34.000Z</time>
        <extensions>
          <ns3:TrackPointExtension>
            <ns3:hr>106</ns3:hr>
            <ns3:cad>47</ns3:cad>
          </ns3:TrackPointExtension>
        </extensions>
      </trkpt>
      <trkpt lat="24.470039270818233489990234375" lon="118.15154875628650188446044921875">
        <ele>153.8000030517578125</ele>
        <time>2026-06-15T09:03:35.000Z</time>
        <extensions>
          <ns3:TrackPointExtension>
            <ns3:hr>107</ns3:hr>
            <ns3:cad>47</ns3:cad>
          </ns3:TrackPointExtension>
        </extensions>
      </trkpt>
      <trkpt lat="24.47004086337983608245849609375" lon="118.1515453197062015533447265625">
        <ele>154.1999969482421875</ele>
        <time>2026-06-15T09:03:36.000Z</time>
        <extensions>
          <ns3:TrackPointExtension>
            <ns3:hr>107</ns3:hr>
            <ns3:cad>48</ns3:cad>
          </ns3:TrackPointExtension>
        </extensions>
      </trkpt>
      <trkpt lat="24.4700355827808380126953125" lon="118.15154674462974071502685546875">
        <ele>154.399993896484375</ele>
        <time>2026-06-15T09:03:37.000Z</time>
        <extensions>
          <ns3:TrackPointExtension>
            <ns3:hr>107</ns3:hr>
            <ns3:cad>48</ns3:cad>
          </ns3:TrackPointExtension>
        </extensions>
      </trkpt>
      <trkpt lat="24.4700327329337596893310546875" lon="118.15154590643942356109619140625">
        <ele>154.600006103515625</ele>
        <time>2026-06-15T09:03:38.000Z</time>
        <extensions>
          <ns3:TrackPointExtension>
            <ns3:hr>107</ns3:hr>
            <ns3:cad>46</ns3:cad>
          </ns3:TrackPointExtension>
        </extensions>
      </trkpt>
      <trkpt lat="24.470026530325412750244140625" lon="118.1515490077435970306396484375">
        <ele>155</ele>
        <time>2026-06-15T09:03:39.000Z</time>
        <extensions>
          <ns3:TrackPointExtension>
            <ns3:hr>108</ns3:hr>
            <ns3:cad>46</ns3:cad>
          </ns3:TrackPointExtension>
        </extensions>
      </trkpt>
      <trkpt lat="24.47002275846898555755615234375" lon="118.151548840105533599853515625">
        <ele>155.1999969482421875</ele>
        <time>2026-06-15T09:03:40.000Z</time>
        <extensions>
          <ns3:TrackPointExtension>
            <ns3:hr>108</ns3:hr>
            <ns3:cad>46</ns3:cad>
          </ns3:TrackPointExtension>
        </extensions>
      </trkpt>
      <trkpt lat="24.47002351284027099609375" lon="118.15154775045812129974365234375">
        <ele>155.399993896484375</ele>
        <time>2026-06-15T09:03:41.000Z</time>
        <extensions>
          <ns3:TrackPointExtension>
            <ns3:hr>108</ns3:hr>
            <ns3:cad>49</ns3:cad>
          </ns3:TrackPointExtension>
        </extensions>
      </trkpt>
      <trkpt lat="24.47002443484961986541748046875" lon="118.15154758282005786895751953125">
        <ele>155.600006103515625</ele>
        <time>2026-06-15T09:03:42.000Z</time>
        <extensions>
          <ns3:TrackPointExtension>
            <ns3:hr>109</ns3:hr>
            <ns3:cad>49</ns3:cad>
          </ns3:TrackPointExtension>
        </extensions>
      </trkpt>
      <trkpt lat="24.4700233452022075653076171875" lon="118.15154741518199443817138671875">
        <ele>156</ele>
        <time>2026-06-15T09:03:43.000Z</time>
        <extensions>
          <ns3:TrackPointExtension>
            <ns3:hr>109</ns3:hr>
            <ns3:cad>47</ns3:cad>
          </ns3:TrackPointExtension>
        </extensions>
      </trkpt>
      <trkpt lat="24.47001873515546321868896484375" lon="118.15154976211488246917724609375">
        <ele>156.1999969482421875</ele>
        <time>2026-06-15T09:03:44.000Z</time>
        <extensions>
          <ns3:TrackPointExtension>
            <ns3:hr>109</ns3:hr>
            <ns3:cad>47</ns3:cad>
          </ns3:TrackPointExtension>
        </extensions>
      </trkpt>
      <trkpt lat="24.4700099341571331024169921875" lon="118.1515538692474365234375">
        <ele>156.399993896484375</ele>
        <time>2026-06-15T09:03:45.000Z</time>
        <extensions>
          <ns3:TrackPointExtension>
            <ns3:hr>110</ns3:hr>
            <ns3:cad>47</ns3:cad>
          </ns3:TrackPointExtension>
        </extensions>
      </trkpt>
      <trkpt lat="24.4699985347688198089599609375" lon="118.151554204523563385009765625">
        <ele>156.600006103515625</ele>
        <time>2026-06-15T09:03:46.000Z</time>
        <extensions>
          <ns3:TrackPointExtension>
            <ns3:hr>110</ns3:hr>
            <ns3:cad>47</ns3:cad>
          </ns3:TrackPointExtension>
        </extensions>
      </trkpt>
      <trkpt lat="24.4699859619140625" lon="118.15155982039868831634521484375">
        <ele>156.8000030517578125</ele>
        <time>2026-06-15T09:03:47.000Z</time>
        <extensions>
          <ns3:TrackPointExtension>
            <ns3:hr>111</ns3:hr>
            <ns3:cad>0</ns3:cad>
          </ns3:TrackPointExtension>
        </extensions>
      </trkpt>
      <trkpt lat="24.469977915287017822265625" lon="118.15156065858900547027587890625">
        <ele>157</ele>
        <time>2026-06-15T09:03:48.000Z</time>
        <extensions>
          <ns3:TrackPointExtension>
            <ns3:hr>111</ns3:hr>
            <ns3:cad>0</ns3:cad>
          </ns3:TrackPointExtension>
        </extensions>
      </trkpt>
      <trkpt lat="24.46996341459453105926513671875" lon="118.15156166441738605499267578125">
        <ele>157.1999969482421875</ele>
        <time>2026-06-15T09:03:49.000Z</time>
        <extensions>
          <ns3:TrackPointExtension>
            <ns3:hr>111</ns3:hr>
            <ns3:cad>0</ns3:cad>
          </ns3:TrackPointExtension>
        </extensions>
      </trkpt>
      <trkpt lat="24.4699536077678203582763671875" lon="118.15156283788383007049560546875">
        <ele>157.399993896484375</ele>
        <time>2026-06-15T09:03:50.000Z</time>
        <extensions>
          <ns3:TrackPointExtension>
            <ns3:hr>112</ns3:hr>
            <ns3:cad>0</ns3:cad>
          </ns3:TrackPointExtension>
        </extensions>
      </trkpt>
      <trkpt lat="24.4699458964169025421142578125" lon="118.1515632569789886474609375">
        <ele>157.600006103515625</ele>
        <time>2026-06-15T09:03:51.000Z</time>
        <extensions>
          <ns3:TrackPointExtension>
            <ns3:hr>113</ns3:hr>
            <ns3:cad>0</ns3:cad>
          </ns3:TrackPointExtension>
        </extensions>
      </trkpt>
      <trkpt lat="24.46994028054177761077880859375" lon="118.15156116150319576263427734375">
        <ele>157.8000030517578125</ele>
        <time>2026-06-15T09:03:52.000Z</time>
        <extensions>
          <ns3:TrackPointExtension>
            <ns3:hr>115</ns3:hr>
            <ns3:cad>0</ns3:cad>
          </ns3:TrackPointExtension>
        </extensions>
      </trkpt>
      <trkpt lat="24.46994095109403133392333984375" lon="118.15155797637999057769775390625">
        <ele>158</ele>
        <time>2026-06-15T09:03:53.000Z</time>
        <extensions>
          <ns3:TrackPointExtension>
            <ns3:hr>116</ns3:hr>
            <ns3:cad>0</ns3:cad>
          </ns3:TrackPointExtension>
        </extensions>
      </trkpt>
      <trkpt lat="24.46993877179920673370361328125" lon="118.151556886732578277587890625">
        <ele>158.399993896484375</ele>
        <time>2026-06-15T09:03:54.000Z</time>
        <extensions>
          <ns3:TrackPointExtension>
            <ns3:hr>117</ns3:hr>
            <ns3:cad>0</ns3:cad>
          </ns3:TrackPointExtension>
        </extensions>
      </trkpt>
      <trkpt lat="24.46993525139987468719482421875" lon="118.15155730582773685455322265625">
        <ele>158.600006103515625</ele>
        <time>2026-06-15T09:03:55.000Z</time>
        <extensions>
          <ns3:TrackPointExtension>
            <ns3:hr>119</ns3:hr>
            <ns3:cad>42</ns3:cad>
          </ns3:TrackPointExtension>
        </extensions>
      </trkpt>
      <trkpt lat="24.46993357501924037933349609375" lon="118.15155764110386371612548828125">
        <ele>158.8000030517578125</ele>
        <time>2026-06-15T09:03:56.000Z</time>
        <extensions>
          <ns3:TrackPointExtension>
            <ns3:hr>120</ns3:hr>
            <ns3:cad>42</ns3:cad>
          </ns3:TrackPointExtension>
        </extensions>
      </trkpt>
      <trkpt lat="24.4699256122112274169921875" lon="118.15155856311321258544921875">
        <ele>159</ele>
        <time>2026-06-15T09:03:57.000Z</time>
        <extensions>
          <ns3:TrackPointExtension>
            <ns3:hr>120</ns3:hr>
            <ns3:cad>42</ns3:cad>
          </ns3:TrackPointExtension>
        </extensions>
      </trkpt>
      <trkpt lat="24.4699363410472869873046875" lon="118.15155914984643459320068359375">
        <ele>159.1999969482421875</ele>
        <time>2026-06-15T09:03:58.000Z</time>
        <extensions>
          <ns3:TrackPointExtension>
            <ns3:hr>121</ns3:hr>
            <ns3:cad>46</ns3:cad>
          </ns3:TrackPointExtension>
        </extensions>
      </trkpt>
      <trkpt lat="24.4699385203421115875244140625" lon="118.1515610776841640472412109375">
        <ele>159.399993896484375</ele>
        <time>2026-06-15T09:03:59.000Z</time>
        <extensions>
          <ns3:TrackPointExtension>
            <ns3:hr>122</ns3:hr>
            <ns3:cad>46</ns3:cad>
          </ns3:TrackPointExtension>
        </extensions>
      </trkpt>
      <trkpt lat="24.46994237601757049560546875" lon="118.15156124532222747802734375">
        <ele>159.600006103515625</ele>
        <time>2026-06-15T09:04:00.000Z</time>
        <extensions>
          <ns3:TrackPointExtension>
            <ns3:hr>122</ns3:hr>
            <ns3:cad>45</ns3:cad>
          </ns3:TrackPointExtension>
        </extensions>
      </trkpt>
      <trkpt lat="24.46994371712207794189453125" lon="118.15155914984643459320068359375">
        <ele>159.8000030517578125</ele>
        <time>2026-06-15T09:04:01.000Z</time>
        <extensions>
          <ns3:TrackPointExtension>
            <ns3:hr>123</ns3:hr>
            <ns3:cad>45</ns3:cad>
          </ns3:TrackPointExtension>
        </extensions>
      </trkpt>
      <trkpt lat="24.46993768215179443359375" lon="118.1515597365796566009521484375">
        <ele>160</ele>
        <time>2026-06-15T09:04:02.000Z</time>
        <extensions>
          <ns3:TrackPointExtension>
            <ns3:hr>124</ns3:hr>
            <ns3:cad>45</ns3:cad>
          </ns3:TrackPointExtension>
        </extensions>
      </trkpt>
      <trkpt lat="24.469942040741443634033203125" lon="118.15155856311321258544921875">
        <ele>160.399993896484375</ele>
        <time>2026-06-15T09:04:03.000Z</time>
        <extensions>
          <ns3:TrackPointExtension>
            <ns3:hr>124</ns3:hr>
            <ns3:cad>45</ns3:cad>
          </ns3:TrackPointExtension>
        </extensions>
      </trkpt>
      <trkpt lat="24.46993877179920673370361328125" lon="118.151558898389339447021484375">
        <ele>160.600006103515625</ele>
        <time>2026-06-15T09:04:04.000Z</time>
        <extensions>
          <ns3:TrackPointExtension>
            <ns3:hr>125</ns3:hr>
            <ns3:cad>43</ns3:cad>
          </ns3:TrackPointExtension>
        </extensions>
      </trkpt>
      <trkpt lat="24.46993005461990833282470703125" lon="118.1515624187886714935302734375">
        <ele>160.8000030517578125</ele>
        <time>2026-06-15T09:04:05.000Z</time>
        <extensions>
          <ns3:TrackPointExtension>
            <ns3:hr>125</ns3:hr>
            <ns3:cad>43</ns3:cad>
          </ns3:TrackPointExtension>
        </extensions>
      </trkpt>
      <trkpt lat="24.4699180684983730316162109375" lon="118.15156384371221065521240234375">
        <ele>161.1999969482421875</ele>
        <time>2026-06-15T09:04:06.000Z</time>
        <extensions>
          <ns3:TrackPointExtension>
            <ns3:hr>126</ns3:hr>
            <ns3:cad>43</ns3:cad>
          </ns3:TrackPointExtension>
        </extensions>
      </trkpt>
      <trkpt lat="24.4699059985578060150146484375" lon="118.15156753174960613250732421875">
        <ele>161.399993896484375</ele>
        <time>2026-06-15T09:04:07.000Z</time>
        <extensions>
          <ns3:TrackPointExtension>
            <ns3:hr>126</ns3:hr>
            <ns3:cad>77</ns3:cad>
          </ns3:TrackPointExtension>
        </extensions>
      </trkpt>
      <trkpt lat="24.4699013046920299530029296875" lon="118.1515697948634624481201171875">
        <ele>161.600006103515625</ele>
        <time>2026-06-15T09:04:08.000Z</time>
        <extensions>
          <ns3:TrackPointExtension>
            <ns3:hr>126</ns3:hr>
            <ns3:cad>77</ns3:cad>
          </ns3:TrackPointExtension>
        </extensions>
      </trkpt>
      <trkpt lat="24.4698875583708286285400390625" lon="118.15157490782439708709716796875">
        <ele>161.8000030517578125</ele>
        <time>2026-06-15T09:04:09.000Z</time>
        <extensions>
          <ns3:TrackPointExtension>
            <ns3:hr>127</ns3:hr>
            <ns3:cad>0</ns3:cad>
          </ns3:TrackPointExtension>
        </extensions>
      </trkpt>
      <trkpt lat="24.4698701240122318267822265625" lon="118.15157926641404628753662109375">
        <ele>162</ele>
        <time>2026-06-15T09:04:10.000Z</time>
        <extensions>
          <ns3:TrackPointExtension>
            <ns3:hr>127</ns3:hr>
            <ns3:cad>0</ns3:cad>
          </ns3:TrackPointExtension>
        </extensions>
      </trkpt>
      <trkpt lat="24.4698587246239185333251953125" lon="118.15158211626112461090087890625">
        <ele>162.1999969482421875</ele>
        <time>2026-06-15T09:04:11.000Z</time>
        <extensions>
          <ns3:TrackPointExtension>
            <ns3:hr>127</ns3:hr>
            <ns3:cad>0</ns3:cad>
          </ns3:TrackPointExtension>
        </extensions>
      </trkpt>
      <trkpt lat="24.4698483310639858245849609375" lon="118.151586055755615234375">
        <ele>162.1999969482421875</ele>
        <time>2026-06-15T09:04:12.000Z</time>
        <extensions>
          <ns3:TrackPointExtension>
            <ns3:hr>128</ns3:hr>
            <ns3:cad>0</ns3:cad>
          </ns3:TrackPointExtension>
        </extensions>
      </trkpt>
      <trkpt lat="24.469838440418243408203125" lon="118.15158781595528125762939453125">
        <ele>162.1999969482421875</ele>
        <time>2026-06-15T09:04:13.000Z</time>
        <extensions>
          <ns3:TrackPointExtension>
            <ns3:hr>128</ns3:hr>
            <ns3:cad>0</ns3:cad>
          </ns3:TrackPointExtension>
        </extensions>
      </trkpt>
      <trkpt lat="24.469833076000213623046875" lon="118.15159142017364501953125">
        <ele>162.1999969482421875</ele>
        <time>2026-06-15T09:04:14.000Z</time>
        <extensions>
          <ns3:TrackPointExtension>
            <ns3:hr>128</ns3:hr>
            <ns3:cad>0</ns3:cad>
          </ns3:TrackPointExtension>
        </extensions>
      </trkpt>
      <trkpt lat="24.46982645429670810699462890625" lon="118.1515927612781524658203125">
        <ele>162.399993896484375</ele>
        <time>2026-06-15T09:04:15.000Z</time>
        <extensions>
          <ns3:TrackPointExtension>
            <ns3:hr>128</ns3:hr>
            <ns3:cad>0</ns3:cad>
          </ns3:TrackPointExtension>
        </extensions>
      </trkpt>
      <trkpt lat="24.4698205031454563140869140625" lon="118.15159150399267673492431640625">
        <ele>162.600006103515625</ele>
        <time>2026-06-15T09:04:16.000Z</time>
        <extensions>
          <ns3:TrackPointExtension>
            <ns3:hr>127</ns3:hr>
            <ns3:cad>0</ns3:cad>
          </ns3:TrackPointExtension>
        </extensions>
      </trkpt>
      <trkpt lat="24.469813965260982513427734375" lon="118.15158781595528125762939453125">
        <ele>162.8000030517578125</ele>
        <time>2026-06-15T09:04:17.000Z</time>
        <extensions>
          <ns3:TrackPointExtension>
            <ns3:hr>127</ns3:hr>
            <ns3:cad>45</ns3:cad>
          </ns3:TrackPointExtension>
        </extensions>
      </trkpt>
      <trkpt lat="24.46980918757617473602294921875" lon="118.151585720479488372802734375">
        <ele>163.1999969482421875</ele>
        <time>2026-06-15T09:04:18.000Z</time>
        <extensions>
          <ns3:TrackPointExtension>
            <ns3:hr>127</ns3:hr>
            <ns3:cad>45</ns3:cad>
          </ns3:TrackPointExtension>
        </extensions>
      </trkpt>
      <trkpt lat="24.46980466134846210479736328125" lon="118.15158211626112461090087890625">
        <ele>163.399993896484375</ele>
        <time>2026-06-15T09:04:19.000Z</time>
        <extensions>
          <ns3:TrackPointExtension>
            <ns3:hr>127</ns3:hr>
            <ns3:cad>45</ns3:cad>
          </ns3:TrackPointExtension>
        </extensions>
      </trkpt>
      <trkpt lat="24.4698023982346057891845703125" lon="118.15158043988049030303955078125">
        <ele>163.600006103515625</ele>
        <time>2026-06-15T09:04:20.000Z</time>
        <extensions>
          <ns3:TrackPointExtension>
            <ns3:hr>127</ns3:hr>
            <ns3:cad>45</ns3:cad>
          </ns3:TrackPointExtension>
        </extensions>
      </trkpt>
      <trkpt lat="24.4697997160255908966064453125" lon="118.15157708711922168731689453125">
        <ele>164</ele>
        <time>2026-06-15T09:04:21.000Z</time>
        <extensions>
          <ns3:TrackPointExtension>
            <ns3:hr>127</ns3:hr>
            <ns3:cad>47</ns3:cad>
          </ns3:TrackPointExtension>
        </extensions>
      </trkpt>
      <trkpt lat="24.46979485452175140380859375" lon="118.1515714712440967559814453125">
        <ele>164.1999969482421875</ele>
        <time>2026-06-15T09:04:22.000Z</time>
        <extensions>
          <ns3:TrackPointExtension>
            <ns3:hr>127</ns3:hr>
            <ns3:cad>48</ns3:cad>
          </ns3:TrackPointExtension>
        </extensions>
      </trkpt>
      <trkpt lat="24.46978990919888019561767578125" lon="118.1515697948634624481201171875">
        <ele>164.399993896484375</ele>
        <time>2026-06-15T09:04:23.000Z</time>
        <extensions>
          <ns3:TrackPointExtension>
            <ns3:hr>127</ns3:hr>
            <ns3:cad>48</ns3:cad>
          </ns3:TrackPointExtension>
        </extensions>
      </trkpt>
      <trkpt lat="24.4697873108088970184326171875" lon="118.15156795084476470947265625">
        <ele>164.8000030517578125</ele>
        <time>2026-06-15T09:04:24.000Z</time>
        <extensions>
          <ns3:TrackPointExtension>
            <ns3:hr>127</ns3:hr>
            <ns3:cad>48</ns3:cad>
          </ns3:TrackPointExtension>
        </extensions>
      </trkpt>
      <trkpt lat="24.46978404186666011810302734375" lon="118.15156392753124237060546875">
        <ele>165</ele>
        <time>2026-06-15T09:04:25.000Z</time>
        <extensions>
          <ns3:TrackPointExtension>
            <ns3:hr>127</ns3:hr>
            <ns3:cad>48</ns3:cad>
          </ns3:TrackPointExtension>
        </extensions>
      </trkpt>
      <trkpt lat="24.469781108200550079345703125" lon="118.15155898220837116241455078125">
        <ele>165.1999969482421875</ele>
        <time>2026-06-15T09:04:26.000Z</time>
        <extensions>
          <ns3:TrackPointExtension>
            <ns3:hr>127</ns3:hr>
            <ns3:cad>48</ns3:cad>
          </ns3:TrackPointExtension>
        </extensions>
      </trkpt>
      <trkpt lat="24.4697749055922031402587890625" lon="118.15155512653291225433349609375">
        <ele>165.399993896484375</ele>
        <time>2026-06-15T09:04:27.000Z</time>
        <extensions>
          <ns3:TrackPointExtension>
            <ns3:hr>128</ns3:hr>
            <ns3:cad>48</ns3:cad>
          </ns3:TrackPointExtension>
        </extensions>
      </trkpt>
      <trkpt lat="24.46976828388869762420654296875" lon="118.1515525281429290771484375">
        <ele>165.600006103515625</ele>
        <time>2026-06-15T09:04:28.000Z</time>
        <extensions>
          <ns3:TrackPointExtension>
            <ns3:hr>128</ns3:hr>
            <ns3:cad>48</ns3:cad>
          </ns3:TrackPointExtension>
        </extensions>
      </trkpt>
      <trkpt lat="24.4697611592710018157958984375" lon="118.151552192866802215576171875">
        <ele>165.8000030517578125</ele>
        <time>2026-06-15T09:04:29.000Z</time>
        <extensions>
          <ns3:TrackPointExtension>
            <ns3:hr>128</ns3:hr>
            <ns3:cad>48</ns3:cad>
          </ns3:TrackPointExtension>
        </extensions>
      </trkpt>
      <trkpt lat="24.469754956662654876708984375" lon="118.1515493430197238922119140625">
        <ele>166</ele>
        <time>2026-06-15T09:04:30.000Z</time>
        <extensions>
          <ns3:TrackPointExtension>
            <ns3:hr>128</ns3:hr>
            <ns3:cad>47</ns3:cad>
          </ns3:TrackPointExtension>
        </extensions>
      </trkpt>
      <trkpt lat="24.4697474129498004913330078125" lon="118.15154758282005786895751953125">
        <ele>166</ele>
        <time>2026-06-15T09:04:31.000Z</time>
        <extensions>
          <ns3:TrackPointExtension>
            <ns3:hr>128</ns3:hr>
            <ns3:cad>47</ns3:cad>
          </ns3:TrackPointExtension>
        </extensions>
      </trkpt>
      <trkpt lat="24.46974347345530986785888671875" lon="118.15154339186847209930419921875">
        <ele>166.1999969482421875</ele>
        <time>2026-06-15T09:04:32.000Z</time>
        <extensions>
          <ns3:TrackPointExtension>
            <ns3:hr>128</ns3:hr>
            <ns3:cad>47</ns3:cad>
          </ns3:TrackPointExtension>
        </extensions>
      </trkpt>
      <trkpt lat="24.46973584592342376708984375" lon="118.15154238604009151458740234375">
        <ele>166.399993896484375</ele>
        <time>2026-06-15T09:04:33.000Z</time>
        <extensions>
          <ns3:TrackPointExtension>
            <ns3:hr>128</ns3:hr>
            <ns3:cad>46</ns3:cad>
          </ns3:TrackPointExtension>
        </extensions>
      </trkpt>
      <trkpt lat="24.4697303138673305511474609375" lon="118.1515399552881717681884765625">
        <ele>166.600006103515625</ele>
        <time>2026-06-15T09:04:34.000Z</time>
        <extensions>
          <ns3:TrackPointExtension>
            <ns3:hr>128</ns3:hr>
            <ns3:cad>46</ns3:cad>
          </ns3:TrackPointExtension>
        </extensions>
      </trkpt>
      <trkpt lat="24.4697272963821887969970703125" lon="118.15154020674526691436767578125">
        <ele>166.8000030517578125</ele>
        <time>2026-06-15T09:04:35.000Z</time>
        <extensions>
          <ns3:TrackPointExtension>
            <ns3:hr>128</ns3:hr>
            <ns3:cad>46</ns3:cad>
          </ns3:TrackPointExtension>
        </extensions>
      </trkpt>
      <trkpt lat="24.46972100995481014251708984375" lon="118.15154020674526691436767578125">
        <ele>167</ele>
        <time>2026-06-15T09:04:36.000Z</time>
        <extensions>
          <ns3:TrackPointExtension>
            <ns3:hr>129</ns3:hr>
            <ns3:cad>48</ns3:cad>
          </ns3:TrackPointExtension>
        </extensions>
      </trkpt>
      <trkpt lat="24.46971698664128780364990234375" lon="118.15153869800269603729248046875">
        <ele>167.1999969482421875</ele>
        <time>2026-06-15T09:04:37.000Z</time>
        <extensions>
          <ns3:TrackPointExtension>
            <ns3:hr>129</ns3:hr>
            <ns3:cad>48</ns3:cad>
          </ns3:TrackPointExtension>
        </extensions>
      </trkpt>
      <trkpt lat="24.46971363388001918792724609375" lon="118.151535093784332275390625">
        <ele>167.399993896484375</ele>
        <time>2026-06-15T09:04:38.000Z</time>
        <extensions>
          <ns3:TrackPointExtension>
            <ns3:hr>129</ns3:hr>
            <ns3:cad>44</ns3:cad>
          </ns3:TrackPointExtension>
        </extensions>
      </trkpt>
      <trkpt lat="24.46970592252910137176513671875" lon="118.15153308212757110595703125">
        <ele>167.600006103515625</ele>
        <time>2026-06-15T09:04:39.000Z</time>
        <extensions>
          <ns3:TrackPointExtension>
            <ns3:hr>129</ns3:hr>
            <ns3:cad>44</ns3:cad>
          </ns3:TrackPointExtension>
        </extensions>
      </trkpt>
      <trkpt lat="24.46969854645431041717529296875" lon="118.1515298970043659210205078125">
        <ele>167.8000030517578125</ele>
        <time>2026-06-15T09:04:40.000Z</time>
        <extensions>
          <ns3:TrackPointExtension>
            <ns3:hr>129</ns3:hr>
            <ns3:cad>44</ns3:cad>
          </ns3:TrackPointExtension>
        </extensions>
      </trkpt>
      <trkpt lat="24.46969334967434406280517578125" lon="118.151531405746936798095703125">
        <ele>168</ele>
        <time>2026-06-15T09:04:41.000Z</time>
        <extensions>
          <ns3:TrackPointExtension>
            <ns3:hr>129</ns3:hr>
            <ns3:cad>44</ns3:cad>
          </ns3:TrackPointExtension>
        </extensions>
      </trkpt>
      <trkpt lat="24.4696867279708385467529296875" lon="118.15153467468917369842529296875">
        <ele>168.399993896484375</ele>
        <time>2026-06-15T09:04:42.000Z</time>
        <extensions>
          <ns3:TrackPointExtension>
            <ns3:hr>130</ns3:hr>
            <ns3:cad>45</ns3:cad>
          </ns3:TrackPointExtension>
        </extensions>
      </trkpt>
      <trkpt lat="24.46968295611441135406494140625" lon="118.15153844654560089111328125">
        <ele>168.600006103515625</ele>
        <time>2026-06-15T09:04:43.000Z</time>
        <extensions>
          <ns3:TrackPointExtension>
            <ns3:hr>129</ns3:hr>
            <ns3:cad>45</ns3:cad>
          </ns3:TrackPointExtension>
        </extensions>
      </trkpt>
      <trkpt lat="24.46967340074479579925537109375" lon="118.1515406258404254913330078125">
        <ele>168.8000030517578125</ele>
        <time>2026-06-15T09:04:44.000Z</time>
        <extensions>
          <ns3:TrackPointExtension>
            <ns3:hr>129</ns3:hr>
            <ns3:cad>45</ns3:cad>
          </ns3:TrackPointExtension>
        </extensions>
      </trkpt>
      <trkpt lat="24.46966703049838542938232421875" lon="118.15154037438333034515380859375">
        <ele>169</ele>
        <time>2026-06-15T09:04:45.000Z</time>
        <extensions>
          <ns3:TrackPointExtension>
            <ns3:hr>129</ns3:hr>
            <ns3:cad>45</ns3:cad>
          </ns3:TrackPointExtension>
        </extensions>
      </trkpt>
      <trkpt lat="24.469663761556148529052734375" lon="118.1515417993068695068359375">
        <ele>169.1999969482421875</ele>
        <time>2026-06-15T09:04:46.000Z</time>
        <extensions>
          <ns3:TrackPointExtension>
            <ns3:hr>130</ns3:hr>
            <ns3:cad>45</ns3:cad>
          </ns3:TrackPointExtension>
        </extensions>
      </trkpt>
      <trkpt lat="24.46966066025197505950927734375" lon="118.1515423022210597991943359375">
        <ele>169.399993896484375</ele>
        <time>2026-06-15T09:04:47.000Z</time>
        <extensions>
          <ns3:TrackPointExtension>
            <ns3:hr>130</ns3:hr>
            <ns3:cad>45</ns3:cad>
          </ns3:TrackPointExtension>
        </extensions>
      </trkpt>
      <trkpt lat="24.4696632586419582366943359375" lon="118.15154590643942356109619140625">
        <ele>169.600006103515625</ele>
        <time>2026-06-15T09:04:48.000Z</time>
        <extensions>
          <ns3:TrackPointExtension>
            <ns3:hr>130</ns3:hr>
            <ns3:cad>45</ns3:cad>
          </ns3:TrackPointExtension>
        </extensions>
      </trkpt>
      <trkpt lat="24.4696632586419582366943359375" lon="118.15154305659234523773193359375">
        <ele>169.8000030517578125</ele>
        <time>2026-06-15T09:04:49.000Z</time>
        <extensions>
          <ns3:TrackPointExtension>
            <ns3:hr>130</ns3:hr>
            <ns3:cad>0</ns3:cad>
          </ns3:TrackPointExtension>
        </extensions>
      </trkpt>
      <trkpt lat="24.46966216899454593658447265625" lon="118.15154121257364749908447265625">
        <ele>170</ele>
        <time>2026-06-15T09:04:50.000Z</time>
        <extensions>
          <ns3:TrackPointExtension>
            <ns3:hr>131</ns3:hr>
            <ns3:cad>0</ns3:cad>
          </ns3:TrackPointExtension>
        </extensions>
      </trkpt>
      <trkpt lat="24.4696600735187530517578125" lon="118.15153953619301319122314453125">
        <ele>170.1999969482421875</ele>
        <time>2026-06-15T09:04:51.000Z</time>
        <extensions>
          <ns3:TrackPointExtension>
            <ns3:hr>131</ns3:hr>
            <ns3:cad>0</ns3:cad>
          </ns3:TrackPointExtension>
        </extensions>
      </trkpt>
      <trkpt lat="24.46965713985264301300048828125" lon="118.1515369378030300140380859375">
        <ele>170.399993896484375</ele>
        <time>2026-06-15T09:04:52.000Z</time>
        <extensions>
          <ns3:TrackPointExtension>
            <ns3:hr>131</ns3:hr>
            <ns3:cad>47</ns3:cad>
          </ns3:TrackPointExtension>
        </extensions>
      </trkpt>
      <trkpt lat="24.46964993141591548919677734375" lon="118.15153417177498340606689453125">
        <ele>170.600006103515625</ele>
        <time>2026-06-15T09:04:53.000Z</time>
        <extensions>
          <ns3:TrackPointExtension>
            <ns3:hr>130</ns3:hr>
            <ns3:cad>47</ns3:cad>
          </ns3:TrackPointExtension>
        </extensions>
      </trkpt>
      <trkpt lat="24.46964263916015625" lon="118.1515325792133808135986328125">
        <ele>170.8000030517578125</ele>
        <time>2026-06-15T09:04:54.000Z</time>
        <extensions>
          <ns3:TrackPointExtension>
            <ns3:hr>131</ns3:hr>
            <ns3:cad>45</ns3:cad>
          </ns3:TrackPointExtension>
        </extensions>
      </trkpt>
      <trkpt lat="24.46963903494179248809814453125" lon="118.15152931027114391326904296875">
        <ele>171</ele>
        <time>2026-06-15T09:04:55.000Z</time>
        <extensions>
          <ns3:TrackPointExtension>
            <ns3:hr>132</ns3:hr>
            <ns3:cad>45</ns3:cad>
          </ns3:TrackPointExtension>
        </extensions>
      </trkpt>
      <trkpt lat="24.4696354307234287261962890625" lon="118.1515238620340824127197265625">
        <ele>171.1999969482421875</ele>
        <time>2026-06-15T09:04:56.000Z</time>
        <extensions>
          <ns3:TrackPointExtension>
            <ns3:hr>132</ns3:hr>
            <ns3:cad>0</ns3:cad>
          </ns3:TrackPointExtension>
        </extensions>
      </trkpt>
      <trkpt lat="24.469628892838954925537109375" lon="118.1515216827392578125">
        <ele>171.399993896484375</ele>
        <time>2026-06-15T09:04:57.000Z</time>
        <extensions>
          <ns3:TrackPointExtension>
            <ns3:hr>132</ns3:hr>
            <ns3:cad>0</ns3:cad>
          </ns3:TrackPointExtension>
        </extensions>
      </trkpt>
      <trkpt lat="24.469626210629940032958984375" lon="118.15151707269251346588134765625">
        <ele>171.600006103515625</ele>
        <time>2026-06-15T09:04:58.000Z</time>
        <extensions>
          <ns3:TrackPointExtension>
            <ns3:hr>132</ns3:hr>
            <ns3:cad>48</ns3:cad>
          </ns3:TrackPointExtension>
        </extensions>
      </trkpt>
      <trkpt lat="24.46962227113544940948486328125" lon="118.1515138037502765655517578125">
        <ele>172</ele>
        <time>2026-06-15T09:04:59.000Z</time>
        <extensions>
          <ns3:TrackPointExtension>
            <ns3:hr>132</ns3:hr>
            <ns3:cad>48</ns3:cad>
          </ns3:TrackPointExtension>
        </extensions>
      </trkpt>
      <trkpt lat="24.46961648762226104736328125" lon="118.1515138037502765655517578125">
        <ele>172.1999969482421875</ele>
        <time>2026-06-15T09:05:00.000Z</time>
        <extensions>
          <ns3:TrackPointExtension>
            <ns3:hr>132</ns3:hr>
            <ns3:cad>48</ns3:cad>
          </ns3:TrackPointExtension>
        </extensions>
      </trkpt>
      <trkpt lat="24.46961112320423126220703125" lon="118.1515094451606273651123046875">
        <ele>172.399993896484375</ele>
        <time>2026-06-15T09:05:01.000Z</time>
        <extensions>
          <ns3:TrackPointExtension>
            <ns3:hr>132</ns3:hr>
            <ns3:cad>48</ns3:cad>
          </ns3:TrackPointExtension>
        </extensions>
      </trkpt>
      <trkpt lat="24.4696091115474700927734375" lon="118.15150701440870761871337890625">
        <ele>172.600006103515625</ele>
        <time>2026-06-15T09:05:02.000Z</time>
        <extensions>
          <ns3:TrackPointExtension>
            <ns3:hr>133</ns3:hr>
            <ns3:cad>48</ns3:cad>
          </ns3:TrackPointExtension>
        </extensions>
      </trkpt>
      <trkpt lat="24.46960508823394775390625" lon="118.151507265865802764892578125">
        <ele>172.8000030517578125</ele>
        <time>2026-06-15T09:05:03.000Z</time>
        <extensions>
          <ns3:TrackPointExtension>
            <ns3:hr>132</ns3:hr>
            <ns3:cad>47</ns3:cad>
          </ns3:TrackPointExtension>
        </extensions>
      </trkpt>
      <trkpt lat="24.4696008972823619842529296875" lon="118.15150734968483448028564453125">
        <ele>173.1999969482421875</ele>
        <time>2026-06-15T09:05:04.000Z</time>
        <extensions>
          <ns3:TrackPointExtension>
            <ns3:hr>132</ns3:hr>
            <ns3:cad>47</ns3:cad>
          </ns3:TrackPointExtension>
        </extensions>
      </trkpt>
      <trkpt lat="24.46959997527301311492919921875" lon="118.15150768496096134185791015625">
        <ele>173.399993896484375</ele>
        <time>2026-06-15T09:05:05.000Z</time>
        <extensions>
          <ns3:TrackPointExtension>
            <ns3:hr>132</ns3:hr>
            <ns3:cad>45</ns3:cad>
          </ns3:TrackPointExtension>
        </extensions>
      </trkpt>
      <trkpt lat="24.46959880180656909942626953125" lon="118.1515024043619632720947265625">
        <ele>173.600006103515625</ele>
        <time>2026-06-15T09:05:06.000Z</time>
        <extensions>
          <ns3:TrackPointExtension>
            <ns3:hr>132</ns3:hr>
            <ns3:cad>45</ns3:cad>
          </ns3:TrackPointExtension>
        </extensions>
      </trkpt>
      <trkpt lat="24.46960181929171085357666015625" lon="118.15149963833391666412353515625">
        <ele>174</ele>
        <time>2026-06-15T09:05:07.000Z</time>
        <extensions>
          <ns3:TrackPointExtension>
            <ns3:hr>132</ns3:hr>
            <ns3:cad>48</ns3:cad>
          </ns3:TrackPointExtension>
        </extensions>
      </trkpt>
      <trkpt lat="24.46960064582526683807373046875" lon="118.15149896778166294097900390625">
        <ele>174.1999969482421875</ele>
        <time>2026-06-15T09:05:08.000Z</time>
        <extensions>
          <ns3:TrackPointExtension>
            <ns3:hr>132</ns3:hr>
            <ns3:cad>50</ns3:cad>
          </ns3:TrackPointExtension>
        </extensions>
      </trkpt>
      <trkpt lat="24.46960039436817169189453125" lon="118.15149779431521892547607421875">
        <ele>174.399993896484375</ele>
        <time>2026-06-15T09:05:09.000Z</time>
        <extensions>
          <ns3:TrackPointExtension>
            <ns3:hr>132</ns3:hr>
            <ns3:cad>50</ns3:cad>
          </ns3:TrackPointExtension>
        </extensions>
      </trkpt>
      <trkpt lat="24.4695998914539813995361328125" lon="118.15149259753525257110595703125">
        <ele>174.600006103515625</ele>
        <time>2026-06-15T09:05:10.000Z</time>
        <extensions>
          <ns3:TrackPointExtension>
            <ns3:hr>132</ns3:hr>
            <ns3:cad>50</ns3:cad>
          </ns3:TrackPointExtension>
        </extensions>
      </trkpt>
      <trkpt lat="24.4695975445210933685302734375" lon="118.15148371271789073944091796875">
        <ele>175</ele>
        <time>2026-06-15T09:05:11.000Z</time>
        <extensions>
          <ns3:TrackPointExtension>
            <ns3:hr>132</ns3:hr>
            <ns3:cad>49</ns3:cad>
          </ns3:TrackPointExtension>
        </extensions>
      </trkpt>
      <trkpt lat="24.46959444321691989898681640625" lon="118.15147901885211467742919921875">
        <ele>175.1999969482421875</ele>
        <time>2026-06-15T09:05:12.000Z</time>
        <extensions>
          <ns3:TrackPointExtension>
            <ns3:hr>132</ns3:hr>
            <ns3:cad>48</ns3:cad>
          </ns3:TrackPointExtension>
        </extensions>
      </trkpt>
      <trkpt lat="24.469593353569507598876953125" lon="118.1514785997569561004638671875">
        <ele>175.399993896484375</ele>
        <time>2026-06-15T09:05:13.000Z</time>
        <extensions>
          <ns3:TrackPointExtension>
            <ns3:hr>132</ns3:hr>
            <ns3:cad>48</ns3:cad>
          </ns3:TrackPointExtension>
        </extensions>
      </trkpt>
      <trkpt lat="24.46959192864596843719482421875" lon="118.151475079357624053955078125">
        <ele>175.8000030517578125</ele>
        <time>2026-06-15T09:05:14.000Z</time>
        <extensions>
          <ns3:TrackPointExtension>
            <ns3:hr>132</ns3:hr>
            <ns3:cad>48</ns3:cad>
          </ns3:TrackPointExtension>
        </extensions>
      </trkpt>
      <trkpt lat="24.4695901684463024139404296875" lon="118.151473067700862884521484375">
        <ele>176</ele>
        <time>2026-06-15T09:05:15.000Z</time>
        <extensions>
          <ns3:TrackPointExtension>
            <ns3:hr>132</ns3:hr>
            <ns3:cad>48</ns3:cad>
          </ns3:TrackPointExtension>
        </extensions>
      </trkpt>
      <trkpt lat="24.469586312770843505859375" lon="118.151470720767974853515625">
        <ele>176.1999969482421875</ele>
        <time>2026-06-15T09:05:16.000Z</time>
        <extensions>
          <ns3:TrackPointExtension>
            <ns3:hr>132</ns3:hr>
            <ns3:cad>48</ns3:cad>
          </ns3:TrackPointExtension>
        </extensions>
      </trkpt>
      <trkpt lat="24.46958589367568492889404296875" lon="118.15146611072123050689697265625">
        <ele>176.399993896484375</ele>
        <time>2026-06-15T09:05:17.000Z</time>
        <extensions>
          <ns3:TrackPointExtension>
            <ns3:hr>133</ns3:hr>
            <ns3:cad>48</ns3:cad>
          </ns3:TrackPointExtension>
        </extensions>
      </trkpt>
      <trkpt lat="24.46958296000957489013671875" lon="118.151460997760295867919921875">
        <ele>176.8000030517578125</ele>
        <time>2026-06-15T09:05:18.000Z</time>
        <extensions>
          <ns3:TrackPointExtension>
            <ns3:hr>133</ns3:hr>
            <ns3:cad>49</ns3:cad>
          </ns3:TrackPointExtension>
        </extensions>
      </trkpt>
      <trkpt lat="24.469580948352813720703125" lon="118.15145856700837612152099609375">
        <ele>177</ele>
        <time>2026-06-15T09:05:19.000Z</time>
        <extensions>
          <ns3:TrackPointExtension>
            <ns3:hr>133</ns3:hr>
            <ns3:cad>50</ns3:cad>
          </ns3:TrackPointExtension>
        </extensions>
      </trkpt>
      <trkpt lat="24.46957868523895740509033203125" lon="118.1514534540474414825439453125">
        <ele>177.1999969482421875</ele>
        <time>2026-06-15T09:05:20.000Z</time>
        <extensions>
          <ns3:TrackPointExtension>
            <ns3:hr>133</ns3:hr>
            <ns3:cad>50</ns3:cad>
          </ns3:TrackPointExtension>
        </extensions>
      </trkpt>
      <trkpt lat="24.469577930867671966552734375" lon="118.15145085565745830535888671875">
        <ele>177.600006103515625</ele>
        <time>2026-06-15T09:05:21.000Z</time>
        <extensions>
          <ns3:TrackPointExtension>
            <ns3:hr>133</ns3:hr>
            <ns3:cad>50</ns3:cad>
          </ns3:TrackPointExtension>
        </extensions>
      </trkpt>
      <trkpt lat="24.46957834996283054351806640625" lon="118.15144834108650684356689453125">
        <ele>177.8000030517578125</ele>
        <time>2026-06-15T09:05:22.000Z</time>
        <extensions>
          <ns3:TrackPointExtension>
            <ns3:hr>134</ns3:hr>
            <ns3:cad>50</ns3:cad>
          </ns3:TrackPointExtension>
        </extensions>
      </trkpt>
      <trkpt lat="24.46957818232476711273193359375" lon="118.151445575058460235595703125">
        <ele>178</ele>
        <time>2026-06-15T09:05:23.000Z</time>
        <extensions>
          <ns3:TrackPointExtension>
            <ns3:hr>133</ns3:hr>
            <ns3:cad>49</ns3:cad>
          </ns3:TrackPointExtension>
        </extensions>
      </trkpt>
      <trkpt lat="24.469578266143798828125" lon="118.15144280903041362762451171875">
        <ele>178.399993896484375</ele>
        <time>2026-06-15T09:05:24.000Z</time>
        <extensions>
          <ns3:TrackPointExtension>
            <ns3:hr>133</ns3:hr>
            <ns3:cad>49</ns3:cad>
          </ns3:TrackPointExtension>
        </extensions>
      </trkpt>
      <trkpt lat="24.469578266143798828125" lon="118.15144062973558902740478515625">
        <ele>178.600006103515625</ele>
        <time>2026-06-15T09:05:25.000Z</time>
        <extensions>
          <ns3:TrackPointExtension>
            <ns3:hr>134</ns3:hr>
            <ns3:cad>48</ns3:cad>
          </ns3:TrackPointExtension>
        </extensions>
      </trkpt>
      <trkpt lat="24.4695747457444667816162109375" lon="118.15144054591655731201171875">
        <ele>178.8000030517578125</ele>
        <time>2026-06-15T09:05:26.000Z</time>
        <extensions>
          <ns3:TrackPointExtension>
            <ns3:hr>133</ns3:hr>
            <ns3:cad>46</ns3:cad>
          </ns3:TrackPointExtension>
        </extensions>
      </trkpt>
      <trkpt lat="24.4695760868489742279052734375" lon="118.15144280903041362762451171875">
        <ele>179</ele>
        <time>2026-06-15T09:05:27.000Z</time>
        <extensions>
          <ns3:TrackPointExtension>
            <ns3:hr>133</ns3:hr>
            <ns3:cad>46</ns3:cad>
          </ns3:TrackPointExtension>
        </extensions>
      </trkpt>
      <trkpt lat="24.46957281790673732757568359375" lon="118.151444233953952789306640625">
        <ele>179.1999969482421875</ele>
        <time>2026-06-15T09:05:28.000Z</time>
        <extensions>
          <ns3:TrackPointExtension>
            <ns3:hr>134</ns3:hr>
            <ns3:cad>44</ns3:cad>
          </ns3:TrackPointExtension>
        </extensions>
      </trkpt>
      <trkpt lat="24.4695683754980564117431640625" lon="118.15144649706780910491943359375">
        <ele>179.399993896484375</ele>
        <time>2026-06-15T09:05:29.000Z</time>
        <extensions>
          <ns3:TrackPointExtension>
            <ns3:hr>133</ns3:hr>
            <ns3:cad>44</ns3:cad>
          </ns3:TrackPointExtension>
        </extensions>
      </trkpt>
      <trkpt lat="24.4695636816322803497314453125" lon="118.1514479219913482666015625">
        <ele>179.600006103515625</ele>
        <time>2026-06-15T09:05:30.000Z</time>
        <extensions>
          <ns3:TrackPointExtension>
            <ns3:hr>133</ns3:hr>
            <ns3:cad>44</ns3:cad>
          </ns3:TrackPointExtension>
        </extensions>
      </trkpt>
      <trkpt lat="24.46955957449972629547119140625" lon="118.15144951455295085906982421875">
        <ele>179.600006103515625</ele>
        <time>2026-06-15T09:05:31.000Z</time>
        <extensions>
          <ns3:TrackPointExtension>
            <ns3:hr>134</ns3:hr>
            <ns3:cad>44</ns3:cad>
          </ns3:TrackPointExtension>
        </extensions>
      </trkpt>
      <trkpt lat="24.4695526175200939178466796875" lon="118.1514511071145534515380859375">
        <ele>179.8000030517578125</ele>
        <time>2026-06-15T09:05:32.000Z</time>
        <extensions>
          <ns3:TrackPointExtension>
            <ns3:hr>133</ns3:hr>
            <ns3:cad>44</ns3:cad>
          </ns3:TrackPointExtension>
        </extensions>
      </trkpt>
      <trkpt lat="24.46954809129238128662109375" lon="118.15145303495228290557861328125">
        <ele>180</ele>
        <time>2026-06-15T09:05:33.000Z</time>
        <extensions>
          <ns3:TrackPointExtension>
            <ns3:hr>133</ns3:hr>
            <ns3:cad>0</ns3:cad>
          </ns3:TrackPointExtension>
        </extensions>
      </trkpt>
      <trkpt lat="24.469541721045970916748046875" lon="118.15145722590386867523193359375">
        <ele>180.1999969482421875</ele>
        <time>2026-06-15T09:05:34.000Z</time>
        <extensions>
          <ns3:TrackPointExtension>
            <ns3:hr>134</ns3:hr>
            <ns3:cad>0</ns3:cad>
          </ns3:TrackPointExtension>
        </extensions>
      </trkpt>
      <trkpt lat="24.46953141130506992340087890625" lon="118.1514581479132175445556640625">
        <ele>180.600006103515625</ele>
        <time>2026-06-15T09:05:35.000Z</time>
        <extensions>
          <ns3:TrackPointExtension>
            <ns3:hr>133</ns3:hr>
            <ns3:cad>0</ns3:cad>
          </ns3:TrackPointExtension>
        </extensions>
      </trkpt>
      <trkpt lat="24.46952537633478641510009765625" lon="118.1514591537415981292724609375">
        <ele>180.8000030517578125</ele>
        <time>2026-06-15T09:05:36.000Z</time>
        <extensions>
          <ns3:TrackPointExtension>
            <ns3:hr>133</ns3:hr>
            <ns3:cad>0</ns3:cad>
          </ns3:TrackPointExtension>
        </extensions>
      </trkpt>
      <trkpt lat="24.4695211015641689300537109375" lon="118.15146124921739101409912109375">
        <ele>181</ele>
        <time>2026-06-15T09:05:37.000Z</time>
        <extensions>
          <ns3:TrackPointExtension>
            <ns3:hr>133</ns3:hr>
            <ns3:cad>0</ns3:cad>
          </ns3:TrackPointExtension>
        </extensions>
      </trkpt>
      <trkpt lat="24.46951246820390224456787109375" lon="118.15146460197865962982177734375">
        <ele>181.1999969482421875</ele>
        <time>2026-06-15T09:05:38.000Z</time>
        <extensions>
          <ns3:TrackPointExtension>
            <ns3:hr>133</ns3:hr>
            <ns3:cad>41</ns3:cad>
          </ns3:TrackPointExtension>
        </extensions>
      </trkpt>
      <trkpt lat="24.469507522881031036376953125" lon="118.15146778710186481475830078125">
        <ele>181.399993896484375</ele>
        <time>2026-06-15T09:05:39.000Z</time>
        <extensions>
          <ns3:TrackPointExtension>
            <ns3:hr>132</ns3:hr>
            <ns3:cad>42</ns3:cad>
          </ns3:TrackPointExtension>
        </extensions>
      </trkpt>
      <trkpt lat="24.46950509212911128997802734375" lon="118.151467032730579376220703125">
        <ele>181.600006103515625</ele>
        <time>2026-06-15T09:05:40.000Z</time>
        <extensions>
          <ns3:TrackPointExtension>
            <ns3:hr>132</ns3:hr>
            <ns3:cad>43</ns3:cad>
          </ns3:TrackPointExtension>
        </extensions>
      </trkpt>
      <trkpt lat="24.46950157172977924346923828125" lon="118.1514675356447696685791015625">
        <ele>181.8000030517578125</ele>
        <time>2026-06-15T09:05:41.000Z</time>
        <extensions>
          <ns3:TrackPointExtension>
            <ns3:hr>132</ns3:hr>
            <ns3:cad>44</ns3:cad>
          </ns3:TrackPointExtension>
        </extensions>
      </trkpt>
      <trkpt lat="24.4695013202726840972900390625" lon="118.1514680385589599609375">
        <ele>182.1999969482421875</ele>
        <time>2026-06-15T09:05:42.000Z</time>
        <extensions>
          <ns3:TrackPointExtension>
            <ns3:hr>132</ns3:hr>
            <ns3:cad>45</ns3:cad>
          </ns3:TrackPointExtension>
        </extensions>
      </trkpt>
      <trkpt lat="24.469496123492717742919921875" lon="118.1514698825776576995849609375">
        <ele>182.399993896484375</ele>
        <time>2026-06-15T09:05:43.000Z</time>
        <extensions>
          <ns3:TrackPointExtension>
            <ns3:hr>132</ns3:hr>
            <ns3:cad>46</ns3:cad>
          </ns3:TrackPointExtension>
        </extensions>
      </trkpt>
      <trkpt lat="24.469494111835956573486328125" lon="118.151469044387340545654296875">
        <ele>182.600006103515625</ele>
        <time>2026-06-15T09:05:44.000Z</time>
        <extensions>
          <ns3:TrackPointExtension>
            <ns3:hr>132</ns3:hr>
            <ns3:cad>46</ns3:cad>
          </ns3:TrackPointExtension>
        </extensions>
      </trkpt>
      <trkpt lat="24.46948950178921222686767578125" lon="118.15146946348249912261962890625">
        <ele>182.8000030517578125</ele>
        <time>2026-06-15T09:05:45.000Z</time>
        <extensions>
          <ns3:TrackPointExtension>
            <ns3:hr>132</ns3:hr>
            <ns3:cad>46</ns3:cad>
          </ns3:TrackPointExtension>
        </extensions>
      </trkpt>
      <trkpt lat="24.46948363445699214935302734375" lon="118.1514698825776576995849609375">
        <ele>183</ele>
        <time>2026-06-15T09:05:46.000Z</time>
        <extensions>
          <ns3:TrackPointExtension>
            <ns3:hr>132</ns3:hr>
            <ns3:cad>46</ns3:cad>
          </ns3:TrackPointExtension>
        </extensions>
      </trkpt>
      <trkpt lat="24.469484724104404449462890625" lon="118.15147331915795803070068359375">
        <ele>183.1999969482421875</ele>
        <time>2026-06-15T09:05:47.000Z</time>
        <extensions>
          <ns3:TrackPointExtension>
            <ns3:hr>133</ns3:hr>
            <ns3:cad>46</ns3:cad>
          </ns3:TrackPointExtension>
        </extensions>
      </trkpt>
      <trkpt lat="24.46948162280023097991943359375" lon="118.15147616900503635406494140625">
        <ele>183.399993896484375</ele>
        <time>2026-06-15T09:05:48.000Z</time>
        <extensions>
          <ns3:TrackPointExtension>
            <ns3:hr>133</ns3:hr>
            <ns3:cad>46</ns3:cad>
          </ns3:TrackPointExtension>
        </extensions>
      </trkpt>
      <trkpt lat="24.46947642602026462554931640625" lon="118.1514782644808292388916015625">
        <ele>183.600006103515625</ele>
        <time>2026-06-15T09:05:49.000Z</time>
        <extensions>
          <ns3:TrackPointExtension>
            <ns3:hr>133</ns3:hr>
            <ns3:cad>46</ns3:cad>
          </ns3:TrackPointExtension>
        </extensions>
      </trkpt>
      <trkpt lat="24.4694721512496471405029296875" lon="118.1514775939285755157470703125">
        <ele>183.8000030517578125</ele>
        <time>2026-06-15T09:05:50.000Z</time>
        <extensions>
          <ns3:TrackPointExtension>
            <ns3:hr>134</ns3:hr>
            <ns3:cad>46</ns3:cad>
          </ns3:TrackPointExtension>
        </extensions>
      </trkpt>
      <trkpt lat="24.469467960298061370849609375" lon="118.1514762528240680694580078125">
        <ele>184</ele>
        <time>2026-06-15T09:05:51.000Z</time>
        <extensions>
          <ns3:TrackPointExtension>
            <ns3:hr>134</ns3:hr>
            <ns3:cad>46</ns3:cad>
          </ns3:TrackPointExtension>
        </extensions>
      </trkpt>
      <trkpt lat="24.4694647751748561859130859375" lon="118.151477091014385223388671875">
        <ele>184.399993896484375</ele>
        <time>2026-06-15T09:05:52.000Z</time>
        <extensions>
          <ns3:TrackPointExtension>
            <ns3:hr>134</ns3:hr>
            <ns3:cad>46</ns3:cad>
          </ns3:TrackPointExtension>
        </extensions>
      </trkpt>
      <trkpt lat="24.46945815347135066986083984375" lon="118.15147482790052890777587890625">
        <ele>184.600006103515625</ele>
        <time>2026-06-15T09:05:53.000Z</time>
        <extensions>
          <ns3:TrackPointExtension>
            <ns3:hr>135</ns3:hr>
            <ns3:cad>46</ns3:cad>
          </ns3:TrackPointExtension>
        </extensions>
      </trkpt>
      <trkpt lat="24.469454549252986907958984375" lon="118.15147382207214832305908203125">
        <ele>184.8000030517578125</ele>
        <time>2026-06-15T09:05:54.000Z</time>
        <extensions>
          <ns3:TrackPointExtension>
            <ns3:hr>135</ns3:hr>
            <ns3:cad>46</ns3:cad>
          </ns3:TrackPointExtension>
        </extensions>
      </trkpt>
      <trkpt lat="24.46945044212043285369873046875" lon="118.1514685414731502532958984375">
        <ele>185</ele>
        <time>2026-06-15T09:05:55.000Z</time>
        <extensions>
          <ns3:TrackPointExtension>
            <ns3:hr>136</ns3:hr>
            <ns3:cad>46</ns3:cad>
          </ns3:TrackPointExtension>
        </extensions>
      </trkpt>
      <trkpt lat="24.46944708935916423797607421875" lon="118.15146393142640590667724609375">
        <ele>185.1999969482421875</ele>
        <time>2026-06-15T09:05:56.000Z</time>
        <extensions>
          <ns3:TrackPointExtension>
            <ns3:hr>136</ns3:hr>
            <ns3:cad>41</ns3:cad>
          </ns3:TrackPointExtension>
        </extensions>
      </trkpt>
      <trkpt lat="24.46944323368370532989501953125" lon="118.15146108157932758331298828125">
        <ele>185.399993896484375</ele>
        <time>2026-06-15T09:05:57.000Z</time>
        <extensions>
          <ns3:TrackPointExtension>
            <ns3:hr>137</ns3:hr>
            <ns3:cad>41</ns3:cad>
          </ns3:TrackPointExtension>
        </extensions>
      </trkpt>
      <trkpt lat="24.46943937800824642181396484375" lon="118.15145672298967838287353515625">
        <ele>185.600006103515625</ele>
        <time>2026-06-15T09:05:58.000Z</time>
        <extensions>
          <ns3:TrackPointExtension>
            <ns3:hr>137</ns3:hr>
            <ns3:cad>40</ns3:cad>
          </ns3:TrackPointExtension>
        </extensions>
      </trkpt>
      <trkpt lat="24.469433762133121490478515625" lon="118.151453621685504913330078125">
        <ele>185.8000030517578125</ele>
        <time>2026-06-15T09:05:59.000Z</time>
        <extensions>
          <ns3:TrackPointExtension>
            <ns3:hr>137</ns3:hr>
            <ns3:cad>73</ns3:cad>
          </ns3:TrackPointExtension>
        </extensions>
      </trkpt>
      <trkpt lat="24.46942806243896484375" lon="118.1514524482190608978271484375">
        <ele>186</ele>
        <time>2026-06-15T09:06:00.000Z</time>
        <extensions>
          <ns3:TrackPointExtension>
            <ns3:hr>137</ns3:hr>
            <ns3:cad>73</ns3:cad>
          </ns3:TrackPointExtension>
        </extensions>
      </trkpt>
      <trkpt lat="24.4694235362112522125244140625" lon="118.1514501012861728668212890625">
        <ele>186.1999969482421875</ele>
        <time>2026-06-15T09:06:01.000Z</time>
        <extensions>
          <ns3:TrackPointExtension>
            <ns3:hr>138</ns3:hr>
            <ns3:cad>76</ns3:cad>
          </ns3:TrackPointExtension>
        </extensions>
      </trkpt>
      <trkpt lat="24.46941641159355640411376953125" lon="118.15144649706780910491943359375">
        <ele>186.399993896484375</ele>
        <time>2026-06-15T09:06:02.000Z</time>
        <extensions>
          <ns3:TrackPointExtension>
            <ns3:hr>138</ns3:hr>
            <ns3:cad>76</ns3:cad>
          </ns3:TrackPointExtension>
        </extensions>
      </trkpt>
      <trkpt lat="24.4694111309945583343505859375" lon="118.15144398249685764312744140625">
        <ele>186.600006103515625</ele>
        <time>2026-06-15T09:06:03.000Z</time>
        <extensions>
          <ns3:TrackPointExtension>
            <ns3:hr>138</ns3:hr>
            <ns3:cad>40</ns3:cad>
          </ns3:TrackPointExtension>
        </extensions>
      </trkpt>
      <trkpt lat="24.469408951699733734130859375" lon="118.1514430604875087738037109375">
        <ele>186.8000030517578125</ele>
        <time>2026-06-15T09:06:04.000Z</time>
        <extensions>
          <ns3:TrackPointExtension>
            <ns3:hr>138</ns3:hr>
            <ns3:cad>40</ns3:cad>
          </ns3:TrackPointExtension>
        </extensions>
      </trkpt>
      <trkpt lat="24.4694025814533233642578125" lon="118.1514413841068744659423828125">
        <ele>187</ele>
        <time>2026-06-15T09:06:05.000Z</time>
        <extensions>
          <ns3:TrackPointExtension>
            <ns3:hr>138</ns3:hr>
            <ns3:cad>41</ns3:cad>
          </ns3:TrackPointExtension>
        </extensions>
      </trkpt>
      <trkpt lat="24.46940199472010135650634765625" lon="118.15144632942974567413330078125">
        <ele>187.1999969482421875</ele>
        <time>2026-06-15T09:06:06.000Z</time>
        <extensions>
          <ns3:TrackPointExtension>
            <ns3:hr>138</ns3:hr>
            <ns3:cad>41</ns3:cad>
          </ns3:TrackPointExtension>
        </extensions>
      </trkpt>
      <trkpt lat="24.46939948014914989471435546875" lon="118.15144901163876056671142578125">
        <ele>187.399993896484375</ele>
        <time>2026-06-15T09:06:07.000Z</time>
        <extensions>
          <ns3:TrackPointExtension>
            <ns3:hr>138</ns3:hr>
            <ns3:cad>41</ns3:cad>
          </ns3:TrackPointExtension>
        </extensions>
      </trkpt>
      <trkpt lat="24.469396881759166717529296875" lon="118.1514517776668071746826171875">
        <ele>187.8000030517578125</ele>
        <time>2026-06-15T09:06:08.000Z</time>
        <extensions>
          <ns3:TrackPointExtension>
            <ns3:hr>138</ns3:hr>
            <ns3:cad>41</ns3:cad>
          </ns3:TrackPointExtension>
        </extensions>
      </trkpt>
      <trkpt lat="24.46939277462661266326904296875" lon="118.1514554657042026519775390625">
        <ele>188</ele>
        <time>2026-06-15T09:06:09.000Z</time>
        <extensions>
          <ns3:TrackPointExtension>
            <ns3:hr>138</ns3:hr>
            <ns3:cad>41</ns3:cad>
          </ns3:TrackPointExtension>
        </extensions>
      </trkpt>
      <trkpt lat="24.46938984096050262451171875" lon="118.1514574773609638214111328125">
        <ele>188.1999969482421875</ele>
        <time>2026-06-15T09:06:10.000Z</time>
        <extensions>
          <ns3:TrackPointExtension>
            <ns3:hr>138</ns3:hr>
            <ns3:cad>79</ns3:cad>
          </ns3:TrackPointExtension>
        </extensions>
      </trkpt>
      <trkpt lat="24.46938539855182170867919921875" lon="118.15145873464643955230712890625">
        <ele>188.399993896484375</ele>
        <time>2026-06-15T09:06:11.000Z</time>
        <extensions>
          <ns3:TrackPointExtension>
            <ns3:hr>138</ns3:hr>
            <ns3:cad>79</ns3:cad>
          </ns3:TrackPointExtension>
        </extensions>
      </trkpt>
      <trkpt lat="24.4693765975534915924072265625" lon="118.15146024338901042938232421875">
        <ele>188.600006103515625</ele>
        <time>2026-06-15T09:06:12.000Z</time>
        <extensions>
          <ns3:TrackPointExtension>
            <ns3:hr>138</ns3:hr>
            <ns3:cad>43</ns3:cad>
          </ns3:TrackPointExtension>
        </extensions>
      </trkpt>
      <trkpt lat="24.469372071325778961181640625" lon="118.1514598242938518524169921875">
        <ele>188.8000030517578125</ele>
        <time>2026-06-15T09:06:13.000Z</time>
        <extensions>
          <ns3:TrackPointExtension>
            <ns3:hr>139</ns3:hr>
            <ns3:cad>43</ns3:cad>
          </ns3:TrackPointExtension>
        </extensions>
      </trkpt>
      <trkpt lat="24.46936972439289093017578125" lon="118.15146275795996189117431640625">
        <ele>189</ele>
        <time>2026-06-15T09:06:14.000Z</time>
        <extensions>
          <ns3:TrackPointExtension>
            <ns3:hr>138</ns3:hr>
            <ns3:cad>44</ns3:cad>
          </ns3:TrackPointExtension>
        </extensions>
      </trkpt>
      <trkpt lat="24.46936930529773235321044921875" lon="118.151465691626071929931640625">
        <ele>189.1999969482421875</ele>
        <time>2026-06-15T09:06:15.000Z</time>
        <extensions>
          <ns3:TrackPointExtension>
            <ns3:hr>138</ns3:hr>
            <ns3:cad>44</ns3:cad>
          </ns3:TrackPointExtension>
        </extensions>
      </trkpt>
      <trkpt lat="24.46936779655516147613525390625" lon="118.151469714939594268798828125">
        <ele>189.399993896484375</ele>
        <time>2026-06-15T09:06:16.000Z</time>
        <extensions>
          <ns3:TrackPointExtension>
            <ns3:hr>138</ns3:hr>
            <ns3:cad>44</ns3:cad>
          </ns3:TrackPointExtension>
        </extensions>
      </trkpt>
      <trkpt lat="24.469366371631622314453125" lon="118.15147147513926029205322265625">
        <ele>189.600006103515625</ele>
        <time>2026-06-15T09:06:17.000Z</time>
        <extensions>
          <ns3:TrackPointExtension>
            <ns3:hr>138</ns3:hr>
            <ns3:cad>41</ns3:cad>
          </ns3:TrackPointExtension>
        </extensions>
      </trkpt>
      <trkpt lat="24.46936427615582942962646484375" lon="118.151471726596355438232421875">
        <ele>189.8000030517578125</ele>
        <time>2026-06-15T09:06:18.000Z</time>
        <extensions>
          <ns3:TrackPointExtension>
            <ns3:hr>138</ns3:hr>
            <ns3:cad>41</ns3:cad>
          </ns3:TrackPointExtension>
        </extensions>
      </trkpt>
      <trkpt lat="24.4693594984710216522216796875" lon="118.1514722295105457305908203125">
        <ele>190</ele>
        <time>2026-06-15T09:06:19.000Z</time>
        <extensions>
          <ns3:TrackPointExtension>
            <ns3:hr>138</ns3:hr>
            <ns3:cad>41</ns3:cad>
          </ns3:TrackPointExtension>
        </extensions>
      </trkpt>
      <trkpt lat="24.4693544693291187286376953125" lon="118.1514722295105457305908203125">
        <ele>190.399993896484375</ele>
        <time>2026-06-15T09:06:20.000Z</time>
        <extensions>
          <ns3:TrackPointExtension>
            <ns3:hr>138</ns3:hr>
            <ns3:cad>42</ns3:cad>
          </ns3:TrackPointExtension>
        </extensions>
      </trkpt>
      <trkpt lat="24.4693531282246112823486328125" lon="118.15147130750119686126708984375">
        <ele>190.600006103515625</ele>
        <time>2026-06-15T09:06:21.000Z</time>
        <extensions>
          <ns3:TrackPointExtension>
            <ns3:hr>139</ns3:hr>
            <ns3:cad>42</ns3:cad>
          </ns3:TrackPointExtension>
        </extensions>
      </trkpt>
      <trkpt lat="24.46935187093913555145263671875" lon="118.1514685414731502532958984375">
        <ele>191</ele>
        <time>2026-06-15T09:06:22.000Z</time>
        <extensions>
          <ns3:TrackPointExtension>
            <ns3:hr>139</ns3:hr>
            <ns3:cad>42</ns3:cad>
          </ns3:TrackPointExtension>
        </extensions>
      </trkpt>
      <trkpt lat="24.4693484343588352203369140625" lon="118.15146870911121368408203125">
        <ele>191.1999969482421875</ele>
        <time>2026-06-15T09:06:23.000Z</time>
        <extensions>
          <ns3:TrackPointExtension>
            <ns3:hr>139</ns3:hr>
            <ns3:cad>43</ns3:cad>
          </ns3:TrackPointExtension>
        </extensions>
      </trkpt>
      <trkpt lat="24.46934223175048828125" lon="118.15146594308316707611083984375">
        <ele>191.600006103515625</ele>
        <time>2026-06-15T09:06:24.000Z</time>
        <extensions>
          <ns3:TrackPointExtension>
            <ns3:hr>139</ns3:hr>
            <ns3:cad>43</ns3:cad>
          </ns3:TrackPointExtension>
        </extensions>
      </trkpt>
      <trkpt lat="24.4693400524556636810302734375" lon="118.15146493725478649139404296875">
        <ele>192</ele>
        <time>2026-06-15T09:06:25.000Z</time>
        <extensions>
          <ns3:TrackPointExtension>
            <ns3:hr>139</ns3:hr>
            <ns3:cad>43</ns3:cad>
          </ns3:TrackPointExtension>
        </extensions>
      </trkpt>
      <trkpt lat="24.4693355262279510498046875" lon="118.1514625065028667449951171875">
        <ele>192.399993896484375</ele>
        <time>2026-06-15T09:06:26.000Z</time>
        <extensions>
          <ns3:TrackPointExtension>
            <ns3:hr>139</ns3:hr>
            <ns3:cad>43</ns3:cad>
          </ns3:TrackPointExtension>
        </extensions>
      </trkpt>
      <trkpt lat="24.4693286530673503875732421875" lon="118.15146225504577159881591796875">
        <ele>192.600006103515625</ele>
        <time>2026-06-15T09:06:27.000Z</time>
        <extensions>
          <ns3:TrackPointExtension>
            <ns3:hr>139</ns3:hr>
            <ns3:cad>43</ns3:cad>
          </ns3:TrackPointExtension>
        </extensions>
      </trkpt>
      <trkpt lat="24.4693202711641788482666015625" lon="118.15146057866513729095458984375">
        <ele>192.8000030517578125</ele>
        <time>2026-06-15T09:06:28.000Z</time>
        <extensions>
          <ns3:TrackPointExtension>
            <ns3:hr>140</ns3:hr>
            <ns3:cad>43</ns3:cad>
          </ns3:TrackPointExtension>
        </extensions>
      </trkpt>
      <trkpt lat="24.46931817568838596343994140625" lon="118.1514608301222324371337890625">
        <ele>193.1999969482421875</ele>
        <time>2026-06-15T09:06:29.000Z</time>
        <extensions>
          <ns3:TrackPointExtension>
            <ns3:hr>140</ns3:hr>
            <ns3:cad>43</ns3:cad>
          </ns3:TrackPointExtension>
        </extensions>
      </trkpt>
      <trkpt lat="24.46931113488972187042236328125" lon="118.151458986103534698486328125">
        <ele>193.1999969482421875</ele>
        <time>2026-06-15T09:06:30.000Z</time>
        <extensions>
          <ns3:TrackPointExtension>
            <ns3:hr>140</ns3:hr>
            <ns3:cad>43</ns3:cad>
          </ns3:TrackPointExtension>
        </extensions>
      </trkpt>
      <trkpt lat="24.46930577047169208526611328125" lon="118.1514591537415981292724609375">
        <ele>193.399993896484375</ele>
        <time>2026-06-15T09:06:31.000Z</time>
        <extensions>
          <ns3:TrackPointExtension>
            <ns3:hr>140</ns3:hr>
            <ns3:cad>44</ns3:cad>
          </ns3:TrackPointExtension>
        </extensions>
      </trkpt>
      <trkpt lat="24.46930325590074062347412109375" lon="118.1514568068087100982666015625">
        <ele>193.8000030517578125</ele>
        <time>2026-06-15T09:06:32.000Z</time>
        <extensions>
          <ns3:TrackPointExtension>
            <ns3:hr>139</ns3:hr>
            <ns3:cad>45</ns3:cad>
          </ns3:TrackPointExtension>
        </extensions>
      </trkpt>
      <trkpt lat="24.4693018309772014617919921875" lon="118.15145504660904407501220703125">
        <ele>194</ele>
        <time>2026-06-15T09:06:33.000Z</time>
        <extensions>
          <ns3:TrackPointExtension>
            <ns3:hr>140</ns3:hr>
            <ns3:cad>45</ns3:cad>
          </ns3:TrackPointExtension>
        </extensions>
      </trkpt>
      <trkpt lat="24.46929462254047393798828125" lon="118.15145404078066349029541015625">
        <ele>194.1999969482421875</ele>
        <time>2026-06-15T09:06:34.000Z</time>
        <extensions>
          <ns3:TrackPointExtension>
            <ns3:hr>140</ns3:hr>
            <ns3:cad>45</ns3:cad>
          </ns3:TrackPointExtension>
        </extensions>
      </trkpt>
      <trkpt lat="24.46928816847503185272216796875" lon="118.151453621685504913330078125">
        <ele>194.399993896484375</ele>
        <time>2026-06-15T09:06:35.000Z</time>
        <extensions>
          <ns3:TrackPointExtension>
            <ns3:hr>139</ns3:hr>
            <ns3:cad>45</ns3:cad>
          </ns3:TrackPointExtension>
        </extensions>
      </trkpt>
      <trkpt lat="24.46928464807569980621337890625" lon="118.15145353786647319793701171875">
        <ele>194.600006103515625</ele>
        <time>2026-06-15T09:06:36.000Z</time>
        <extensions>
          <ns3:TrackPointExtension>
            <ns3:hr>140</ns3:hr>
            <ns3:cad>45</ns3:cad>
          </ns3:TrackPointExtension>
        </extensions>
      </trkpt>
      <trkpt lat="24.46927928365767002105712890625" lon="118.15145169384777545928955078125">
        <ele>194.8000030517578125</ele>
        <time>2026-06-15T09:06:37.000Z</time>
        <extensions>
          <ns3:TrackPointExtension>
            <ns3:hr>140</ns3:hr>
            <ns3:cad>47</ns3:cad>
          </ns3:TrackPointExtension>
        </extensions>
      </trkpt>
      <trkpt lat="24.46927609853446483612060546875" lon="118.15144683234393596649169921875">
        <ele>195</ele>
        <time>2026-06-15T09:06:38.000Z</time>
        <extensions>
          <ns3:TrackPointExtension>
            <ns3:hr>139</ns3:hr>
            <ns3:cad>47</ns3:cad>
          </ns3:TrackPointExtension>
        </extensions>
      </trkpt>
      <trkpt lat="24.46927308104932308197021484375" lon="118.15144482068717479705810546875">
        <ele>195.1999969482421875</ele>
        <time>2026-06-15T09:06:39.000Z</time>
        <extensions>
          <ns3:TrackPointExtension>
            <ns3:hr>140</ns3:hr>
            <ns3:cad>47</ns3:cad>
          </ns3:TrackPointExtension>
        </extensions>
      </trkpt>
      <trkpt lat="24.4692719914019107818603515625" lon="118.15144431777298450469970703125">
        <ele>195.399993896484375</ele>
        <time>2026-06-15T09:06:40.000Z</time>
        <extensions>
          <ns3:TrackPointExtension>
            <ns3:hr>140</ns3:hr>
            <ns3:cad>47</ns3:cad>
          </ns3:TrackPointExtension>
        </extensions>
      </trkpt>
      <trkpt lat="24.46926805190742015838623046875" lon="118.15144331194460391998291015625">
        <ele>195.8000030517578125</ele>
        <time>2026-06-15T09:06:41.000Z</time>
        <extensions>
          <ns3:TrackPointExtension>
            <ns3:hr>139</ns3:hr>
            <ns3:cad>47</ns3:cad>
          </ns3:TrackPointExtension>
        </extensions>
      </trkpt>
      <trkpt lat="24.46925707161426544189453125" lon="118.1514413841068744659423828125">
        <ele>196</ele>
        <time>2026-06-15T09:06:42.000Z</time>
        <extensions>
          <ns3:TrackPointExtension>
            <ns3:hr>140</ns3:hr>
            <ns3:cad>43</ns3:cad>
          </ns3:TrackPointExtension>
        </extensions>
      </trkpt>
      <trkpt lat="24.4692501984536647796630859375" lon="118.15144465304911136627197265625">
        <ele>196.399993896484375</ele>
        <time>2026-06-15T09:06:43.000Z</time>
        <extensions>
          <ns3:TrackPointExtension>
            <ns3:hr>140</ns3:hr>
            <ns3:cad>43</ns3:cad>
          </ns3:TrackPointExtension>
        </extensions>
      </trkpt>
      <trkpt lat="24.4692441634833812713623046875" lon="118.1514467485249042510986328125">
        <ele>196.600006103515625</ele>
        <time>2026-06-15T09:06:44.000Z</time>
        <extensions>
          <ns3:TrackPointExtension>
            <ns3:hr>139</ns3:hr>
            <ns3:cad>43</ns3:cad>
          </ns3:TrackPointExtension>
        </extensions>
      </trkpt>
      <trkpt lat="24.4692364521324634552001953125" lon="118.1514484249055385589599609375">
        <ele>196.8000030517578125</ele>
        <time>2026-06-15T09:06:45.000Z</time>
        <extensions>
          <ns3:TrackPointExtension>
            <ns3:hr>140</ns3:hr>
            <ns3:cad>43</ns3:cad>
          </ns3:TrackPointExtension>
        </extensions>
      </trkpt>
      <trkpt lat="24.4692282378673553466796875" lon="118.1514484249055385589599609375">
        <ele>197</ele>
        <time>2026-06-15T09:06:46.000Z</time>
        <extensions>
          <ns3:TrackPointExtension>
            <ns3:hr>140</ns3:hr>
            <ns3:cad>0</ns3:cad>
          </ns3:TrackPointExtension>
        </extensions>
      </trkpt>
      <trkpt lat="24.46922329254448413848876953125" lon="118.1514497660100460052490234375">
        <ele>197</ele>
        <time>2026-06-15T09:06:47.000Z</time>
        <extensions>
          <ns3:TrackPointExtension>
            <ns3:hr>139</ns3:hr>
            <ns3:cad>0</ns3:cad>
          </ns3:TrackPointExtension>
        </extensions>
      </trkpt>
      <trkpt lat="24.46921993978321552276611328125" lon="118.1514514423906803131103515625">
        <ele>197.1999969482421875</ele>
        <time>2026-06-15T09:06:48.000Z</time>
        <extensions>
          <ns3:TrackPointExtension>
            <ns3:hr>139</ns3:hr>
            <ns3:cad>0</ns3:cad>
          </ns3:TrackPointExtension>
        </extensions>
      </trkpt>
      <trkpt lat="24.469213150441646575927734375" lon="118.15145353786647319793701171875">
        <ele>197.399993896484375</ele>
        <time>2026-06-15T09:06:49.000Z</time>
        <extensions>
          <ns3:TrackPointExtension>
            <ns3:hr>138</ns3:hr>
            <ns3:cad>45</ns3:cad>
          </ns3:TrackPointExtension>
        </extensions>
      </trkpt>
      <trkpt lat="24.46920518763363361358642578125" lon="118.1514551304280757904052734375">
        <ele>197.399993896484375</ele>
        <time>2026-06-15T09:06:50.000Z</time>
        <extensions>
          <ns3:TrackPointExtension>
            <ns3:hr>138</ns3:hr>
            <ns3:cad>45</ns3:cad>
          </ns3:TrackPointExtension>
        </extensions>
      </trkpt>
      <trkpt lat="24.46920074522495269775390625" lon="118.15145672298967838287353515625">
        <ele>197.8000030517578125</ele>
        <time>2026-06-15T09:06:51.000Z</time>
        <extensions>
          <ns3:TrackPointExtension>
            <ns3:hr>138</ns3:hr>
            <ns3:cad>45</ns3:cad>
          </ns3:TrackPointExtension>
        </extensions>
      </trkpt>
      <trkpt lat="24.4691985659301280975341796875" lon="118.1514578126370906829833984375">
        <ele>198</ele>
        <time>2026-06-15T09:06:52.000Z</time>
        <extensions>
          <ns3:TrackPointExtension>
            <ns3:hr>138</ns3:hr>
            <ns3:cad>48</ns3:cad>
          </ns3:TrackPointExtension>
        </extensions>
      </trkpt>
      <trkpt lat="24.4691948778927326202392578125" lon="118.15145990811288356781005859375">
        <ele>198.1999969482421875</ele>
        <time>2026-06-15T09:06:53.000Z</time>
        <extensions>
          <ns3:TrackPointExtension>
            <ns3:hr>138</ns3:hr>
            <ns3:cad>48</ns3:cad>
          </ns3:TrackPointExtension>
        </extensions>
      </trkpt>
      <trkpt lat="24.4691906869411468505859375" lon="118.1514581479132175445556640625">
        <ele>198.399993896484375</ele>
        <time>2026-06-15T09:06:54.000Z</time>
        <extensions>
          <ns3:TrackPointExtension>
            <ns3:hr>138</ns3:hr>
            <ns3:cad>48</ns3:cad>
          </ns3:TrackPointExtension>
        </extensions>
      </trkpt>
      <trkpt lat="24.46918389759957790374755859375" lon="118.1514558009803295135498046875">
        <ele>198.600006103515625</ele>
        <time>2026-06-15T09:06:55.000Z</time>
        <extensions>
          <ns3:TrackPointExtension>
            <ns3:hr>138</ns3:hr>
            <ns3:cad>48</ns3:cad>
          </ns3:TrackPointExtension>
        </extensions>
      </trkpt>
      <trkpt lat="24.46918423287570476531982421875" lon="118.15145303495228290557861328125">
        <ele>198.8000030517578125</ele>
        <time>2026-06-15T09:06:56.000Z</time>
        <extensions>
          <ns3:TrackPointExtension>
            <ns3:hr>138</ns3:hr>
            <ns3:cad>50</ns3:cad>
          </ns3:TrackPointExtension>
        </extensions>
      </trkpt>
      <trkpt lat="24.46918507106602191925048828125" lon="118.1514440663158893585205078125">
        <ele>199.1999969482421875</ele>
        <time>2026-06-15T09:06:57.000Z</time>
        <extensions>
          <ns3:TrackPointExtension>
            <ns3:hr>138</ns3:hr>
            <ns3:cad>50</ns3:cad>
          </ns3:TrackPointExtension>
        </extensions>
      </trkpt>
      <trkpt lat="24.46918020956218242645263671875" lon="118.151439540088176727294921875">
        <ele>199.399993896484375</ele>
        <time>2026-06-15T09:06:58.000Z</time>
        <extensions>
          <ns3:TrackPointExtension>
            <ns3:hr>138</ns3:hr>
            <ns3:cad>50</ns3:cad>
          </ns3:TrackPointExtension>
        </extensions>
      </trkpt>
      <trkpt lat="24.4691740907728672027587890625" lon="118.1514350138604640960693359375">
        <ele>199.8000030517578125</ele>
        <time>2026-06-15T09:06:59.000Z</time>
        <extensions>
          <ns3:TrackPointExtension>
            <ns3:hr>138</ns3:hr>
            <ns3:cad>0</ns3:cad>
          </ns3:TrackPointExtension>
        </extensions>
      </trkpt>
      <trkpt lat="24.46917149238288402557373046875" lon="118.151430152356624603271484375">
        <ele>200</ele>
        <time>2026-06-15T09:07:00.000Z</time>
        <extensions>
          <ns3:TrackPointExtension>
            <ns3:hr>138</ns3:hr>
            <ns3:cad>0</ns3:cad>
          </ns3:TrackPointExtension>
        </extensions>
      </trkpt>
      <trkpt lat="24.46916855871677398681640625" lon="118.1514266319572925567626953125">
        <ele>200.1999969482421875</ele>
        <time>2026-06-15T09:07:01.000Z</time>
        <extensions>
          <ns3:TrackPointExtension>
            <ns3:hr>137</ns3:hr>
            <ns3:cad>0</ns3:cad>
          </ns3:TrackPointExtension>
        </extensions>
      </trkpt>
      <trkpt lat="24.4691657088696956634521484375" lon="118.151424787938594818115234375">
        <ele>200.1999969482421875</ele>
        <time>2026-06-15T09:07:02.000Z</time>
        <extensions>
          <ns3:TrackPointExtension>
            <ns3:hr>137</ns3:hr>
            <ns3:cad>44</ns3:cad>
          </ns3:TrackPointExtension>
        </extensions>
      </trkpt>
      <trkpt lat="24.46916076354682445526123046875" lon="118.1514192558825016021728515625">
        <ele>200.399993896484375</ele>
        <time>2026-06-15T09:07:03.000Z</time>
        <extensions>
          <ns3:TrackPointExtension>
            <ns3:hr>138</ns3:hr>
            <ns3:cad>44</ns3:cad>
          </ns3:TrackPointExtension>
        </extensions>
      </trkpt>
      <trkpt lat="24.4691569916903972625732421875" lon="118.15141581930220127105712890625">
        <ele>200.600006103515625</ele>
        <time>2026-06-15T09:07:04.000Z</time>
        <extensions>
          <ns3:TrackPointExtension>
            <ns3:hr>138</ns3:hr>
            <ns3:cad>44</ns3:cad>
          </ns3:TrackPointExtension>
        </extensions>
      </trkpt>
      <trkpt lat="24.46915355511009693145751953125" lon="118.15141380764544010162353515625">
        <ele>200.8000030517578125</ele>
        <time>2026-06-15T09:07:05.000Z</time>
        <extensions>
          <ns3:TrackPointExtension>
            <ns3:hr>139</ns3:hr>
            <ns3:cad>44</ns3:cad>
          </ns3:TrackPointExtension>
        </extensions>
      </trkpt>
      <trkpt lat="24.469150118529796600341796875" lon="118.15141095779836177825927734375">
        <ele>201</ele>
        <time>2026-06-15T09:07:06.000Z</time>
        <extensions>
          <ns3:TrackPointExtension>
            <ns3:hr>139</ns3:hr>
            <ns3:cad>45</ns3:cad>
          </ns3:TrackPointExtension>
        </extensions>
      </trkpt>
      <trkpt lat="24.46914601139724254608154296875" lon="118.1514076888561248779296875">
        <ele>201.399993896484375</ele>
        <time>2026-06-15T09:07:07.000Z</time>
        <extensions>
          <ns3:TrackPointExtension>
            <ns3:hr>140</ns3:hr>
            <ns3:cad>44</ns3:cad>
          </ns3:TrackPointExtension>
        </extensions>
      </trkpt>
      <trkpt lat="24.46914232335984706878662109375" lon="118.15140567719936370849609375">
        <ele>201.600006103515625</ele>
        <time>2026-06-15T09:07:08.000Z</time>
        <extensions>
          <ns3:TrackPointExtension>
            <ns3:hr>140</ns3:hr>
            <ns3:cad>44</ns3:cad>
          </ns3:TrackPointExtension>
        </extensions>
      </trkpt>
      <trkpt lat="24.46913578547537326812744140625" lon="118.15140039660036563873291015625">
        <ele>201.8000030517578125</ele>
        <time>2026-06-15T09:07:09.000Z</time>
        <extensions>
          <ns3:TrackPointExtension>
            <ns3:hr>141</ns3:hr>
            <ns3:cad>44</ns3:cad>
          </ns3:TrackPointExtension>
        </extensions>
      </trkpt>
      <trkpt lat="24.46912966668605804443359375" lon="118.1513988040387630462646484375">
        <ele>202</ele>
        <time>2026-06-15T09:07:10.000Z</time>
        <extensions>
          <ns3:TrackPointExtension>
            <ns3:hr>141</ns3:hr>
            <ns3:cad>44</ns3:cad>
          </ns3:TrackPointExtension>
        </extensions>
      </trkpt>
      <trkpt lat="24.46912455372512340545654296875" lon="118.1513964571058750152587890625">
        <ele>202.1999969482421875</ele>
        <time>2026-06-15T09:07:11.000Z</time>
        <extensions>
          <ns3:TrackPointExtension>
            <ns3:hr>141</ns3:hr>
            <ns3:cad>44</ns3:cad>
          </ns3:TrackPointExtension>
        </extensions>
      </trkpt>
      <trkpt lat="24.46912002749741077423095703125" lon="118.15139587037265300750732421875">
        <ele>202.600006103515625</ele>
        <time>2026-06-15T09:07:12.000Z</time>
        <extensions>
          <ns3:TrackPointExtension>
            <ns3:hr>141</ns3:hr>
            <ns3:cad>45</ns3:cad>
          </ns3:TrackPointExtension>
        </extensions>
      </trkpt>
      <trkpt lat="24.46911717765033245086669921875" lon="118.15139754675328731536865234375">
        <ele>202.8000030517578125</ele>
        <time>2026-06-15T09:07:13.000Z</time>
        <extensions>
          <ns3:TrackPointExtension>
            <ns3:hr>142</ns3:hr>
            <ns3:cad>45</ns3:cad>
          </ns3:TrackPointExtension>
        </extensions>
      </trkpt>
      <trkpt lat="24.46911382488906383514404296875" lon="118.15139922313392162322998046875">
        <ele>203</ele>
        <time>2026-06-15T09:07:14.000Z</time>
        <extensions>
          <ns3:TrackPointExtension>
            <ns3:hr>141</ns3:hr>
            <ns3:cad>46</ns3:cad>
          </ns3:TrackPointExtension>
        </extensions>
      </trkpt>
      <trkpt lat="24.469110555946826934814453125" lon="118.15139955841004848480224609375">
        <ele>203.399993896484375</ele>
        <time>2026-06-15T09:07:15.000Z</time>
        <extensions>
          <ns3:TrackPointExtension>
            <ns3:hr>141</ns3:hr>
            <ns3:cad>47</ns3:cad>
          </ns3:TrackPointExtension>
        </extensions>
      </trkpt>
      <trkpt lat="24.469107873737812042236328125" lon="118.1514038331806659698486328125">
        <ele>203.600006103515625</ele>
        <time>2026-06-15T09:07:16.000Z</time>
        <extensions>
          <ns3:TrackPointExtension>
            <ns3:hr>142</ns3:hr>
            <ns3:cad>48</ns3:cad>
          </ns3:TrackPointExtension>
        </extensions>
      </trkpt>
      <trkpt lat="24.4691056944429874420166015625" lon="118.1514095328748226165771484375">
        <ele>204</ele>
        <time>2026-06-15T09:07:17.000Z</time>
        <extensions>
          <ns3:TrackPointExtension>
            <ns3:hr>142</ns3:hr>
            <ns3:cad>48</ns3:cad>
          </ns3:TrackPointExtension>
        </extensions>
      </trkpt>
      <trkpt lat="24.46910477243363857269287109375" lon="118.1514132209122180938720703125">
        <ele>204.1999969482421875</ele>
        <time>2026-06-15T09:07:18.000Z</time>
        <extensions>
          <ns3:TrackPointExtension>
            <ns3:hr>143</ns3:hr>
            <ns3:cad>48</ns3:cad>
          </ns3:TrackPointExtension>
        </extensions>
      </trkpt>
      <trkpt lat="24.46910309605300426483154296875" lon="118.1514172442257404327392578125">
        <ele>204.399993896484375</ele>
        <time>2026-06-15T09:07:19.000Z</time>
        <extensions>
          <ns3:TrackPointExtension>
            <ns3:hr>143</ns3:hr>
            <ns3:cad>48</ns3:cad>
          </ns3:TrackPointExtension>
        </extensions>
      </trkpt>
      <trkpt lat="24.4691013358533382415771484375" lon="118.15142051316797733306884765625">
        <ele>204.8000030517578125</ele>
        <time>2026-06-15T09:07:20.000Z</time>
        <extensions>
          <ns3:TrackPointExtension>
            <ns3:hr>143</ns3:hr>
            <ns3:cad>47</ns3:cad>
          </ns3:TrackPointExtension>
        </extensions>
      </trkpt>
      <trkpt lat="24.4690986536443233489990234375" lon="118.15142336301505565643310546875">
        <ele>205</ele>
        <time>2026-06-15T09:07:21.000Z</time>
        <extensions>
          <ns3:TrackPointExtension>
            <ns3:hr>144</ns3:hr>
            <ns3:cad>47</ns3:cad>
          </ns3:TrackPointExtension>
        </extensions>
      </trkpt>
      <trkpt lat="24.46909605525434017181396484375" lon="118.15142202191054821014404296875">
        <ele>205.399993896484375</ele>
        <time>2026-06-15T09:07:22.000Z</time>
        <extensions>
          <ns3:TrackPointExtension>
            <ns3:hr>144</ns3:hr>
            <ns3:cad>46</ns3:cad>
          </ns3:TrackPointExtension>
        </extensions>
      </trkpt>
      <trkpt lat="24.4690926186740398406982421875" lon="118.15142118372023105621337890625">
        <ele>205.8000030517578125</ele>
        <time>2026-06-15T09:07:23.000Z</time>
        <extensions>
          <ns3:TrackPointExtension>
            <ns3:hr>144</ns3:hr>
            <ns3:cad>45</ns3:cad>
          </ns3:TrackPointExtension>
        </extensions>
      </trkpt>
      <trkpt lat="24.469091109931468963623046875" lon="118.1514184176921844482421875">
        <ele>206.1999969482421875</ele>
        <time>2026-06-15T09:07:24.000Z</time>
        <extensions>
          <ns3:TrackPointExtension>
            <ns3:hr>143</ns3:hr>
            <ns3:cad>44</ns3:cad>
          </ns3:TrackPointExtension>
        </extensions>
      </trkpt>
      <trkpt lat="24.46909018792212009429931640625" lon="118.15141648985445499420166015625">
        <ele>206.399993896484375</ele>
        <time>2026-06-15T09:07:25.000Z</time>
        <extensions>
          <ns3:TrackPointExtension>
            <ns3:hr>143</ns3:hr>
            <ns3:cad>44</ns3:cad>
          </ns3:TrackPointExtension>
        </extensions>
      </trkpt>
      <trkpt lat="24.469088427722454071044921875" lon="118.1514135561883449554443359375">
        <ele>206.8000030517578125</ele>
        <time>2026-06-15T09:07:26.000Z</time>
        <extensions>
          <ns3:TrackPointExtension>
            <ns3:hr>143</ns3:hr>
            <ns3:cad>44</ns3:cad>
          </ns3:TrackPointExtension>
        </extensions>
      </trkpt>
      <trkpt lat="24.46908381767570972442626953125" lon="118.15141246654093265533447265625">
        <ele>207</ele>
        <time>2026-06-15T09:07:27.000Z</time>
        <extensions>
          <ns3:TrackPointExtension>
            <ns3:hr>144</ns3:hr>
            <ns3:cad>44</ns3:cad>
          </ns3:TrackPointExtension>
        </extensions>
      </trkpt>
      <trkpt lat="24.469083063304424285888671875" lon="118.1514125503599643707275390625">
        <ele>207.1999969482421875</ele>
        <time>2026-06-15T09:07:28.000Z</time>
        <extensions>
          <ns3:TrackPointExtension>
            <ns3:hr>144</ns3:hr>
            <ns3:cad>45</ns3:cad>
          </ns3:TrackPointExtension>
        </extensions>
      </trkpt>
      <trkpt lat="24.469077698886394500732421875" lon="118.151414729654788970947265625">
        <ele>207.399993896484375</ele>
        <time>2026-06-15T09:07:29.000Z</time>
        <extensions>
          <ns3:TrackPointExtension>
            <ns3:hr>144</ns3:hr>
            <ns3:cad>45</ns3:cad>
          </ns3:TrackPointExtension>
        </extensions>
      </trkpt>
      <trkpt lat="24.4690735079348087310791015625" lon="118.1514172442257404327392578125">
        <ele>207.600006103515625</ele>
        <time>2026-06-15T09:07:30.000Z</time>
        <extensions>
          <ns3:TrackPointExtension>
            <ns3:hr>144</ns3:hr>
            <ns3:cad>45</ns3:cad>
          </ns3:TrackPointExtension>
        </extensions>
      </trkpt>
      <trkpt lat="24.46907141245901584625244140625" lon="118.15141975879669189453125">
        <ele>207.8000030517578125</ele>
        <time>2026-06-15T09:07:31.000Z</time>
        <extensions>
          <ns3:TrackPointExtension>
            <ns3:hr>144</ns3:hr>
            <ns3:cad>45</ns3:cad>
          </ns3:TrackPointExtension>
        </extensions>
      </trkpt>
      <trkpt lat="24.469068311154842376708984375" lon="118.15142386592924594879150390625">
        <ele>208</ele>
        <time>2026-06-15T09:07:32.000Z</time>
        <extensions>
          <ns3:TrackPointExtension>
            <ns3:hr>144</ns3:hr>
            <ns3:cad>64</ns3:cad>
          </ns3:TrackPointExtension>
        </extensions>
      </trkpt>
      <trkpt lat="24.46906554512679576873779296875" lon="118.15142981708049774169921875">
        <ele>208.1999969482421875</ele>
        <time>2026-06-15T09:07:33.000Z</time>
        <extensions>
          <ns3:TrackPointExtension>
            <ns3:hr>144</ns3:hr>
            <ns3:cad>64</ns3:cad>
          </ns3:TrackPointExtension>
        </extensions>
      </trkpt>
      <trkpt lat="24.46906554512679576873779296875" lon="118.1514356844127178192138671875">
        <ele>208.399993896484375</ele>
        <time>2026-06-15T09:07:34.000Z</time>
        <extensions>
          <ns3:TrackPointExtension>
            <ns3:hr>144</ns3:hr>
            <ns3:cad>64</ns3:cad>
          </ns3:TrackPointExtension>
        </extensions>
      </trkpt>
      <trkpt lat="24.46906688623130321502685546875" lon="118.1514397077262401580810546875">
        <ele>208.600006103515625</ele>
        <time>2026-06-15T09:07:35.000Z</time>
        <extensions>
          <ns3:TrackPointExtension>
            <ns3:hr>144</ns3:hr>
            <ns3:cad>0</ns3:cad>
          </ns3:TrackPointExtension>
        </extensions>
      </trkpt>
      <trkpt lat="24.46906889788806438446044921875" lon="118.15144297666847705841064453125">
        <ele>208.600006103515625</ele>
        <time>2026-06-15T09:07:36.000Z</time>
        <extensions>
          <ns3:TrackPointExtension>
            <ns3:hr>144</ns3:hr>
            <ns3:cad>0</ns3:cad>
          </ns3:TrackPointExtension>
        </extensions>
      </trkpt>
      <trkpt lat="24.46907342411577701568603515625" lon="118.15144415013492107391357421875">
        <ele>208.600006103515625</ele>
        <time>2026-06-15T09:07:37.000Z</time>
        <extensions>
          <ns3:TrackPointExtension>
            <ns3:hr>144</ns3:hr>
            <ns3:cad>0</ns3:cad>
          </ns3:TrackPointExtension>
        </extensions>
      </trkpt>
      <trkpt lat="24.46907459758222103118896484375" lon="118.151443898677825927734375">
        <ele>208.600006103515625</ele>
        <time>2026-06-15T09:07:38.000Z</time>
        <extensions>
          <ns3:TrackPointExtension>
            <ns3:hr>144</ns3:hr>
            <ns3:cad>0</ns3:cad>
          </ns3:TrackPointExtension>
        </extensions>
      </trkpt>
      <trkpt lat="24.46907602250576019287109375" lon="118.15144398249685764312744140625">
        <ele>208.600006103515625</ele>
        <time>2026-06-15T09:07:39.000Z</time>
        <extensions>
          <ns3:TrackPointExtension>
            <ns3:hr>143</ns3:hr>
            <ns3:cad>0</ns3:cad>
          </ns3:TrackPointExtension>
        </extensions>
      </trkpt>
      <trkpt lat="24.469075687229633331298828125" lon="118.151442892849445343017578125">
        <ele>208.600006103515625</ele>
        <time>2026-06-15T09:07:40.000Z</time>
        <extensions>
          <ns3:TrackPointExtension>
            <ns3:hr>143</ns3:hr>
            <ns3:cad>0</ns3:cad>
          </ns3:TrackPointExtension>
        </extensions>
      </trkpt>
      <trkpt lat="24.46907468140125274658203125" lon="118.15144297666847705841064453125">
        <ele>208.600006103515625</ele>
        <time>2026-06-15T09:07:41.000Z</time>
        <extensions>
          <ns3:TrackPointExtension>
            <ns3:hr>142</ns3:hr>
            <ns3:cad>0</ns3:cad>
          </ns3:TrackPointExtension>
        </extensions>
      </trkpt>
      <trkpt lat="24.469073675572872161865234375" lon="118.15144213847815990447998046875">
        <ele>208.600006103515625</ele>
        <time>2026-06-15T09:07:42.000Z</time>
        <extensions>
          <ns3:TrackPointExtension>
            <ns3:hr>142</ns3:hr>
            <ns3:cad>0</ns3:cad>
          </ns3:TrackPointExtension>
        </extensions>
      </trkpt>
      <trkpt lat="24.46906973607838153839111328125" lon="118.1514403782784938812255859375">
        <ele>208.600006103515625</ele>
        <time>2026-06-15T09:07:43.000Z</time>
        <extensions>
          <ns3:TrackPointExtension>
            <ns3:hr>141</ns3:hr>
            <ns3:cad>0</ns3:cad>
          </ns3:TrackPointExtension>
        </extensions>
      </trkpt>
      <trkpt lat="24.4690634496510028839111328125" lon="118.1514437310397624969482421875">
        <ele>208.600006103515625</ele>
        <time>2026-06-15T09:07:44.000Z</time>
        <extensions>
          <ns3:TrackPointExtension>
            <ns3:hr>141</ns3:hr>
            <ns3:cad>0</ns3:cad>
          </ns3:TrackPointExtension>
        </extensions>
      </trkpt>
      <trkpt lat="24.4690584205090999603271484375" lon="118.15144800581037998199462890625">
        <ele>208.399993896484375</ele>
        <time>2026-06-15T09:07:45.000Z</time>
        <extensions>
          <ns3:TrackPointExtension>
            <ns3:hr>141</ns3:hr>
            <ns3:cad>0</ns3:cad>
          </ns3:TrackPointExtension>
        </extensions>
      </trkpt>
      <trkpt lat="24.4690523855388164520263671875" lon="118.15145387314260005950927734375">
        <ele>208.399993896484375</ele>
        <time>2026-06-15T09:07:46.000Z</time>
        <extensions>
          <ns3:TrackPointExtension>
            <ns3:hr>140</ns3:hr>
            <ns3:cad>0</ns3:cad>
          </ns3:TrackPointExtension>
        </extensions>
      </trkpt>
      <trkpt lat="24.469047524034976959228515625" lon="118.15145529806613922119140625">
        <ele>208.399993896484375</ele>
        <time>2026-06-15T09:07:47.000Z</time>
        <extensions>
          <ns3:TrackPointExtension>
            <ns3:hr>140</ns3:hr>
            <ns3:cad>0</ns3:cad>
          </ns3:TrackPointExtension>
        </extensions>
      </trkpt>
      <trkpt lat="24.46904123760759830474853515625" lon="118.151457644999027252197265625">
        <ele>208.600006103515625</ele>
        <time>2026-06-15T09:07:48.000Z</time>
        <extensions>
          <ns3:TrackPointExtension>
            <ns3:hr>139</ns3:hr>
            <ns3:cad>0</ns3:cad>
          </ns3:TrackPointExtension>
        </extensions>
      </trkpt>
      <trkpt lat="24.4690369628369808197021484375" lon="118.15145856700837612152099609375">
        <ele>208.600006103515625</ele>
        <time>2026-06-15T09:07:49.000Z</time>
        <extensions>
          <ns3:TrackPointExtension>
            <ns3:hr>138</ns3:hr>
            <ns3:cad>0</ns3:cad>
          </ns3:TrackPointExtension>
        </extensions>
      </trkpt>
      <trkpt lat="24.46903067640960216522216796875" lon="118.15146007575094699859619140625">
        <ele>208.600006103515625</ele>
        <time>2026-06-15T09:07:50.000Z</time>
        <extensions>
          <ns3:TrackPointExtension>
            <ns3:hr>138</ns3:hr>
            <ns3:cad>0</ns3:cad>
          </ns3:TrackPointExtension>
        </extensions>
      </trkpt>
      <trkpt lat="24.46902774274349212646484375" lon="118.1514615006744861602783203125">
        <ele>208.600006103515625</ele>
        <time>2026-06-15T09:07:51.000Z</time>
        <extensions>
          <ns3:TrackPointExtension>
            <ns3:hr>137</ns3:hr>
            <ns3:cad>0</ns3:cad>
          </ns3:TrackPointExtension>
        </extensions>
      </trkpt>
      <trkpt lat="24.469028413295745849609375" lon="118.15145923756062984466552734375">
        <ele>208.8000030517578125</ele>
        <time>2026-06-15T09:07:52.000Z</time>
        <extensions>
          <ns3:TrackPointExtension>
            <ns3:hr>137</ns3:hr>
            <ns3:cad>0</ns3:cad>
          </ns3:TrackPointExtension>
        </extensions>
      </trkpt>
      <trkpt lat="24.46903084404766559600830078125" lon="118.15145772881805896759033203125">
        <ele>208.8000030517578125</ele>
        <time>2026-06-15T09:07:53.000Z</time>
        <extensions>
          <ns3:TrackPointExtension>
            <ns3:hr>137</ns3:hr>
            <ns3:cad>0</ns3:cad>
          </ns3:TrackPointExtension>
        </extensions>
      </trkpt>
      <trkpt lat="24.46902799420058727264404296875" lon="118.15145798027515411376953125">
        <ele>209</ele>
        <time>2026-06-15T09:07:54.000Z</time>
        <extensions>
          <ns3:TrackPointExtension>
            <ns3:hr>136</ns3:hr>
            <ns3:cad>0</ns3:cad>
          </ns3:TrackPointExtension>
        </extensions>
      </trkpt>
      <trkpt lat="24.46902497671544551849365234375" lon="118.15145772881805896759033203125">
        <ele>209.1999969482421875</ele>
        <time>2026-06-15T09:07:55.000Z</time>
        <extensions>
          <ns3:TrackPointExtension>
            <ns3:hr>136</ns3:hr>
            <ns3:cad>0</ns3:cad>
          </ns3:TrackPointExtension>
        </extensions>
      </trkpt>
      <trkpt lat="24.46902212686836719512939453125" lon="118.1514559686183929443359375">
        <ele>209.1999969482421875</ele>
        <time>2026-06-15T09:07:56.000Z</time>
        <extensions>
          <ns3:TrackPointExtension>
            <ns3:hr>135</ns3:hr>
            <ns3:cad>75</ns3:cad>
          </ns3:TrackPointExtension>
        </extensions>
      </trkpt>
      <trkpt lat="24.46901558898389339447021484375" lon="118.151457644999027252197265625">
        <ele>209.399993896484375</ele>
        <time>2026-06-15T09:07:57.000Z</time>
        <extensions>
          <ns3:TrackPointExtension>
            <ns3:hr>135</ns3:hr>
            <ns3:cad>75</ns3:cad>
          </ns3:TrackPointExtension>
        </extensions>
      </trkpt>
      <trkpt lat="24.46900737471878528594970703125" lon="118.1514554657042026519775390625">
        <ele>209.600006103515625</ele>
        <time>2026-06-15T09:07:58.000Z</time>
        <extensions>
          <ns3:TrackPointExtension>
            <ns3:hr>135</ns3:hr>
            <ns3:cad>0</ns3:cad>
          </ns3:TrackPointExtension>
        </extensions>
      </trkpt>
      <trkpt lat="24.46899731643497943878173828125" lon="118.15145521424710750579833984375">
        <ele>209.8000030517578125</ele>
        <time>2026-06-15T09:07:59.000Z</time>
        <extensions>
          <ns3:TrackPointExtension>
            <ns3:hr>135</ns3:hr>
            <ns3:cad>0</ns3:cad>
          </ns3:TrackPointExtension>
        </extensions>
      </trkpt>
      <trkpt lat="24.4689906947314739227294921875" lon="118.151452951133251190185546875">
        <ele>209.8000030517578125</ele>
        <time>2026-06-15T09:08:00.000Z</time>
        <extensions>
          <ns3:TrackPointExtension>
            <ns3:hr>134</ns3:hr>
            <ns3:cad>0</ns3:cad>
          </ns3:TrackPointExtension>
        </extensions>
      </trkpt>
      <trkpt lat="24.468984492123126983642578125" lon="118.1514537893235683441162109375">
        <ele>210</ele>
        <time>2026-06-15T09:08:01.000Z</time>
        <extensions>
          <ns3:TrackPointExtension>
            <ns3:hr>134</ns3:hr>
            <ns3:cad>0</ns3:cad>
          </ns3:TrackPointExtension>
        </extensions>
      </trkpt>
      <trkpt lat="24.46897812187671661376953125" lon="118.15145471133291721343994140625">
        <ele>210</ele>
        <time>2026-06-15T09:08:02.000Z</time>
        <extensions>
          <ns3:TrackPointExtension>
            <ns3:hr>134</ns3:hr>
            <ns3:cad>0</ns3:cad>
          </ns3:TrackPointExtension>
        </extensions>
      </trkpt>
      <trkpt lat="24.468970410525798797607421875" lon="118.1514547951519489288330078125">
        <ele>210.1999969482421875</ele>
        <time>2026-06-15T09:08:03.000Z</time>
        <extensions>
          <ns3:TrackPointExtension>
            <ns3:hr>133</ns3:hr>
            <ns3:cad>78</ns3:cad>
          </ns3:TrackPointExtension>
        </extensions>
      </trkpt>
      <trkpt lat="24.4689648784697055816650390625" lon="118.151456974446773529052734375">
        <ele>210.1999969482421875</ele>
        <time>2026-06-15T09:08:04.000Z</time>
        <extensions>
          <ns3:TrackPointExtension>
            <ns3:hr>133</ns3:hr>
            <ns3:cad>78</ns3:cad>
          </ns3:TrackPointExtension>
        </extensions>
      </trkpt>
      <trkpt lat="24.4689628668129444122314453125" lon="118.15145663917064666748046875">
        <ele>210.600006103515625</ele>
        <time>2026-06-15T09:08:05.000Z</time>
        <extensions>
          <ns3:TrackPointExtension>
            <ns3:hr>132</ns3:hr>
            <ns3:cad>78</ns3:cad>
          </ns3:TrackPointExtension>
        </extensions>
      </trkpt>
      <trkpt lat="24.4689600169658660888671875" lon="118.1514586508274078369140625">
        <ele>210.8000030517578125</ele>
        <time>2026-06-15T09:08:06.000Z</time>
        <extensions>
          <ns3:TrackPointExtension>
            <ns3:hr>132</ns3:hr>
            <ns3:cad>45</ns3:cad>
          </ns3:TrackPointExtension>
        </extensions>
      </trkpt>
      <trkpt lat="24.46895490400493144989013671875" lon="118.15145823173224925994873046875">
        <ele>211</ele>
        <time>2026-06-15T09:08:07.000Z</time>
        <extensions>
          <ns3:TrackPointExtension>
            <ns3:hr>132</ns3:hr>
            <ns3:cad>45</ns3:cad>
          </ns3:TrackPointExtension>
        </extensions>
      </trkpt>
      <trkpt lat="24.46895222179591655731201171875" lon="118.1514584831893444061279296875">
        <ele>211.1999969482421875</ele>
        <time>2026-06-15T09:08:08.000Z</time>
        <extensions>
          <ns3:TrackPointExtension>
            <ns3:hr>132</ns3:hr>
            <ns3:cad>45</ns3:cad>
          </ns3:TrackPointExtension>
        </extensions>
      </trkpt>
      <trkpt lat="24.4689494557678699493408203125" lon="118.15146141685545444488525390625">
        <ele>211.600006103515625</ele>
        <time>2026-06-15T09:08:09.000Z</time>
        <extensions>
          <ns3:TrackPointExtension>
            <ns3:hr>131</ns3:hr>
            <ns3:cad>46</ns3:cad>
          </ns3:TrackPointExtension>
        </extensions>
      </trkpt>
      <trkpt lat="24.46894300170242786407470703125" lon="118.1514615006744861602783203125">
        <ele>211.8000030517578125</ele>
        <time>2026-06-15T09:08:10.000Z</time>
        <extensions>
          <ns3:TrackPointExtension>
            <ns3:hr>131</ns3:hr>
            <ns3:cad>46</ns3:cad>
          </ns3:TrackPointExtension>
        </extensions>
      </trkpt>
      <trkpt lat="24.46893998421728610992431640625" lon="118.15146158449351787567138671875">
        <ele>212</ele>
        <time>2026-06-15T09:08:11.000Z</time>
        <extensions>
          <ns3:TrackPointExtension>
            <ns3:hr>132</ns3:hr>
            <ns3:cad>44</ns3:cad>
          </ns3:TrackPointExtension>
        </extensions>
      </trkpt>
      <trkpt lat="24.46893411688506603240966796875" lon="118.15145974047482013702392578125">
        <ele>212.1999969482421875</ele>
        <time>2026-06-15T09:08:12.000Z</time>
        <extensions>
          <ns3:TrackPointExtension>
            <ns3:hr>132</ns3:hr>
            <ns3:cad>44</ns3:cad>
          </ns3:TrackPointExtension>
        </extensions>
      </trkpt>
      <trkpt lat="24.46892824955284595489501953125" lon="118.15145856700837612152099609375">
        <ele>212.399993896484375</ele>
        <time>2026-06-15T09:08:13.000Z</time>
        <extensions>
          <ns3:TrackPointExtension>
            <ns3:hr>131</ns3:hr>
            <ns3:cad>43</ns3:cad>
          </ns3:TrackPointExtension>
        </extensions>
      </trkpt>
      <trkpt lat="24.46892037056386470794677734375" lon="118.15145689062774181365966796875">
        <ele>212.600006103515625</ele>
        <time>2026-06-15T09:08:14.000Z</time>
        <extensions>
          <ns3:TrackPointExtension>
            <ns3:hr>131</ns3:hr>
            <ns3:cad>43</ns3:cad>
          </ns3:TrackPointExtension>
        </extensions>
      </trkpt>
      <trkpt lat="24.46891332976520061492919921875" lon="118.151456974446773529052734375">
        <ele>212.8000030517578125</ele>
        <time>2026-06-15T09:08:15.000Z</time>
        <extensions>
          <ns3:TrackPointExtension>
            <ns3:hr>131</ns3:hr>
            <ns3:cad>43</ns3:cad>
          </ns3:TrackPointExtension>
        </extensions>
      </trkpt>
      <trkpt lat="24.4689055345952510833740234375" lon="118.15145554952323436737060546875">
        <ele>213</ele>
        <time>2026-06-15T09:08:16.000Z</time>
        <extensions>
          <ns3:TrackPointExtension>
            <ns3:hr>131</ns3:hr>
            <ns3:cad>43</ns3:cad>
          </ns3:TrackPointExtension>
        </extensions>
      </trkpt>
      <trkpt lat="24.46890226565301418304443359375" lon="118.15145487897098064422607421875">
        <ele>213.399993896484375</ele>
        <time>2026-06-15T09:08:17.000Z</time>
        <extensions>
          <ns3:TrackPointExtension>
            <ns3:hr>131</ns3:hr>
            <ns3:cad>43</ns3:cad>
          </ns3:TrackPointExtension>
        </extensions>
      </trkpt>
      <trkpt lat="24.46889765560626983642578125" lon="118.15145504660904407501220703125">
        <ele>213.600006103515625</ele>
        <time>2026-06-15T09:08:18.000Z</time>
        <extensions>
          <ns3:TrackPointExtension>
            <ns3:hr>131</ns3:hr>
            <ns3:cad>43</ns3:cad>
          </ns3:TrackPointExtension>
        </extensions>
      </trkpt>
      <trkpt lat="24.46888986043632030487060546875" lon="118.15145152620971202850341796875">
        <ele>213.8000030517578125</ele>
        <time>2026-06-15T09:08:19.000Z</time>
        <extensions>
          <ns3:TrackPointExtension>
            <ns3:hr>130</ns3:hr>
            <ns3:cad>43</ns3:cad>
          </ns3:TrackPointExtension>
        </extensions>
      </trkpt>
      <trkpt lat="24.4688824005424976348876953125" lon="118.1514479219913482666015625">
        <ele>214.1999969482421875</ele>
        <time>2026-06-15T09:08:20.000Z</time>
        <extensions>
          <ns3:TrackPointExtension>
            <ns3:hr>131</ns3:hr>
            <ns3:cad>43</ns3:cad>
          </ns3:TrackPointExtension>
        </extensions>
      </trkpt>
      <trkpt lat="24.468873851001262664794921875" lon="118.15144767053425312042236328125">
        <ele>214.1999969482421875</ele>
        <time>2026-06-15T09:08:21.000Z</time>
        <extensions>
          <ns3:TrackPointExtension>
            <ns3:hr>131</ns3:hr>
            <ns3:cad>43</ns3:cad>
          </ns3:TrackPointExtension>
        </extensions>
      </trkpt>
      <trkpt lat="24.4688703306019306182861328125" lon="118.1514487601816654205322265625">
        <ele>214.399993896484375</ele>
        <time>2026-06-15T09:08:22.000Z</time>
        <extensions>
          <ns3:TrackPointExtension>
            <ns3:hr>130</ns3:hr>
            <ns3:cad>43</ns3:cad>
          </ns3:TrackPointExtension>
        </extensions>
      </trkpt>
      <trkpt lat="24.468865804374217987060546875" lon="118.1514490954577922821044921875">
        <ele>214.600006103515625</ele>
        <time>2026-06-15T09:08:23.000Z</time>
        <extensions>
          <ns3:TrackPointExtension>
            <ns3:hr>131</ns3:hr>
            <ns3:cad>43</ns3:cad>
          </ns3:TrackPointExtension>
        </extensions>
      </trkpt>
      <trkpt lat="24.46885985322296619415283203125" lon="118.1514501012861728668212890625">
        <ele>214.8000030517578125</ele>
        <time>2026-06-15T09:08:24.000Z</time>
        <extensions>
          <ns3:TrackPointExtension>
            <ns3:hr>131</ns3:hr>
            <ns3:cad>43</ns3:cad>
          </ns3:TrackPointExtension>
        </extensions>
      </trkpt>
      <trkpt lat="24.46885608136653900146484375" lon="118.1514511071145534515380859375">
        <ele>215.1999969482421875</ele>
        <time>2026-06-15T09:08:25.000Z</time>
        <extensions>
          <ns3:TrackPointExtension>
            <ns3:hr>130</ns3:hr>
            <ns3:cad>43</ns3:cad>
          </ns3:TrackPointExtension>
        </extensions>
      </trkpt>
      <trkpt lat="24.4688527286052703857421875" lon="118.151453621685504913330078125">
        <ele>215.399993896484375</ele>
        <time>2026-06-15T09:08:26.000Z</time>
        <extensions>
          <ns3:TrackPointExtension>
            <ns3:hr>131</ns3:hr>
            <ns3:cad>79</ns3:cad>
          </ns3:TrackPointExtension>
        </extensions>
      </trkpt>
      <trkpt lat="24.46885013021528720855712890625" lon="118.15145663917064666748046875">
        <ele>215.600006103515625</ele>
        <time>2026-06-15T09:08:27.000Z</time>
        <extensions>
          <ns3:TrackPointExtension>
            <ns3:hr>131</ns3:hr>
            <ns3:cad>79</ns3:cad>
          </ns3:TrackPointExtension>
        </extensions>
      </trkpt>
      <trkpt lat="24.4688473641872406005859375" lon="118.15145756117999553680419921875">
        <ele>215.8000030517578125</ele>
        <time>2026-06-15T09:08:28.000Z</time>
        <extensions>
          <ns3:TrackPointExtension>
            <ns3:hr>131</ns3:hr>
            <ns3:cad>73</ns3:cad>
          </ns3:TrackPointExtension>
        </extensions>
      </trkpt>
      <trkpt lat="24.46884392760694026947021484375" lon="118.15145957283675670623779296875">
        <ele>216</ele>
        <time>2026-06-15T09:08:29.000Z</time>
        <extensions>
          <ns3:TrackPointExtension>
            <ns3:hr>131</ns3:hr>
            <ns3:cad>73</ns3:cad>
          </ns3:TrackPointExtension>
        </extensions>
      </trkpt>
      <trkpt lat="24.4688414968550205230712890625" lon="118.1514586508274078369140625">
        <ele>216</ele>
        <time>2026-06-15T09:08:30.000Z</time>
        <extensions>
          <ns3:TrackPointExtension>
            <ns3:hr>131</ns3:hr>
            <ns3:cad>75</ns3:cad>
          </ns3:TrackPointExtension>
        </extensions>
      </trkpt>
      <trkpt lat="24.46883504278957843780517578125" lon="118.151458315551280975341796875">
        <ele>216.1999969482421875</ele>
        <time>2026-06-15T09:08:31.000Z</time>
        <extensions>
          <ns3:TrackPointExtension>
            <ns3:hr>132</ns3:hr>
            <ns3:cad>76</ns3:cad>
          </ns3:TrackPointExtension>
        </extensions>
      </trkpt>
      <trkpt lat="24.46883730590343475341796875" lon="118.151457644999027252197265625">
        <ele>216.399993896484375</ele>
        <time>2026-06-15T09:08:32.000Z</time>
        <extensions>
          <ns3:TrackPointExtension>
            <ns3:hr>132</ns3:hr>
            <ns3:cad>76</ns3:cad>
          </ns3:TrackPointExtension>
        </extensions>
      </trkpt>
      <trkpt lat="24.4688290916383266448974609375" lon="118.15145906992256641387939453125">
        <ele>216.600006103515625</ele>
        <time>2026-06-15T09:08:33.000Z</time>
        <extensions>
          <ns3:TrackPointExtension>
            <ns3:hr>132</ns3:hr>
            <ns3:cad>76</ns3:cad>
          </ns3:TrackPointExtension>
        </extensions>
      </trkpt>
      <trkpt lat="24.46881911717355251312255859375" lon="118.15145823173224925994873046875">
        <ele>216.600006103515625</ele>
        <time>2026-06-15T09:08:34.000Z</time>
        <extensions>
          <ns3:TrackPointExtension>
            <ns3:hr>132</ns3:hr>
            <ns3:cad>61</ns3:cad>
          </ns3:TrackPointExtension>
        </extensions>
      </trkpt>
      <trkpt lat="24.4688136689364910125732421875" lon="118.1514586508274078369140625">
        <ele>216.8000030517578125</ele>
        <time>2026-06-15T09:08:35.000Z</time>
        <extensions>
          <ns3:TrackPointExtension>
            <ns3:hr>132</ns3:hr>
            <ns3:cad>61</ns3:cad>
          </ns3:TrackPointExtension>
        </extensions>
      </trkpt>
      <trkpt lat="24.4688086397945880889892578125" lon="118.15145974047482013702392578125">
        <ele>216.8000030517578125</ele>
        <time>2026-06-15T09:08:36.000Z</time>
        <extensions>
          <ns3:TrackPointExtension>
            <ns3:hr>131</ns3:hr>
            <ns3:cad>0</ns3:cad>
          </ns3:TrackPointExtension>
        </extensions>
      </trkpt>
      <trkpt lat="24.46880486793816089630126953125" lon="118.15146267414093017578125">
        <ele>217</ele>
        <time>2026-06-15T09:08:37.000Z</time>
        <extensions>
          <ns3:TrackPointExtension>
            <ns3:hr>131</ns3:hr>
            <ns3:cad>0</ns3:cad>
          </ns3:TrackPointExtension>
        </extensions>
      </trkpt>
      <trkpt lat="24.4688015989959239959716796875" lon="118.15146393142640590667724609375">
        <ele>217.399993896484375</ele>
        <time>2026-06-15T09:08:38.000Z</time>
        <extensions>
          <ns3:TrackPointExtension>
            <ns3:hr>132</ns3:hr>
            <ns3:cad>0</ns3:cad>
          </ns3:TrackPointExtension>
        </extensions>
      </trkpt>
      <trkpt lat="24.46880168281495571136474609375" lon="118.151467703282833099365234375">
        <ele>217.600006103515625</ele>
        <time>2026-06-15T09:08:39.000Z</time>
        <extensions>
          <ns3:TrackPointExtension>
            <ns3:hr>132</ns3:hr>
            <ns3:cad>0</ns3:cad>
          </ns3:TrackPointExtension>
        </extensions>
      </trkpt>
      <trkpt lat="24.4688002578914165496826171875" lon="118.1514692120254039764404296875">
        <ele>217.8000030517578125</ele>
        <time>2026-06-15T09:08:40.000Z</time>
        <extensions>
          <ns3:TrackPointExtension>
            <ns3:hr>132</ns3:hr>
            <ns3:cad>0</ns3:cad>
          </ns3:TrackPointExtension>
        </extensions>
      </trkpt>
      <trkpt lat="24.46879648603498935699462890625" lon="118.15147139132022857666015625">
        <ele>218.1999969482421875</ele>
        <time>2026-06-15T09:08:41.000Z</time>
        <extensions>
          <ns3:TrackPointExtension>
            <ns3:hr>132</ns3:hr>
            <ns3:cad>71</ns3:cad>
          </ns3:TrackPointExtension>
        </extensions>
      </trkpt>
      <trkpt lat="24.46879304945468902587890625" lon="118.151474408805370330810546875">
        <ele>218.1999969482421875</ele>
        <time>2026-06-15T09:08:42.000Z</time>
        <extensions>
          <ns3:TrackPointExtension>
            <ns3:hr>132</ns3:hr>
            <ns3:cad>72</ns3:cad>
          </ns3:TrackPointExtension>
        </extensions>
      </trkpt>
      <trkpt lat="24.46879045106470584869384765625" lon="118.1514774262905120849609375">
        <ele>218.399993896484375</ele>
        <time>2026-06-15T09:08:43.000Z</time>
        <extensions>
          <ns3:TrackPointExtension>
            <ns3:hr>132</ns3:hr>
            <ns3:cad>72</ns3:cad>
          </ns3:TrackPointExtension>
        </extensions>
      </trkpt>
      <trkpt lat="24.46878475137054920196533203125" lon="118.15147952176630496978759765625">
        <ele>218.600006103515625</ele>
        <time>2026-06-15T09:08:44.000Z</time>
        <extensions>
          <ns3:TrackPointExtension>
            <ns3:hr>132</ns3:hr>
            <ns3:cad>72</ns3:cad>
          </ns3:TrackPointExtension>
        </extensions>
      </trkpt>
      <trkpt lat="24.46877754293382167816162109375" lon="118.1514853052794933319091796875">
        <ele>218.8000030517578125</ele>
        <time>2026-06-15T09:08:45.000Z</time>
        <extensions>
          <ns3:TrackPointExtension>
            <ns3:hr>132</ns3:hr>
            <ns3:cad>72</ns3:cad>
          </ns3:TrackPointExtension>
        </extensions>
      </trkpt>
      <trkpt lat="24.46877804584801197052001953125" lon="118.15149108879268169403076171875">
        <ele>219</ele>
        <time>2026-06-15T09:08:46.000Z</time>
        <extensions>
          <ns3:TrackPointExtension>
            <ns3:hr>132</ns3:hr>
            <ns3:cad>77</ns3:cad>
          </ns3:TrackPointExtension>
        </extensions>
      </trkpt>
      <trkpt lat="24.46877268142998218536376953125" lon="118.15149729140102863311767578125">
        <ele>219.1999969482421875</ele>
        <time>2026-06-15T09:08:47.000Z</time>
        <extensions>
          <ns3:TrackPointExtension>
            <ns3:hr>132</ns3:hr>
            <ns3:cad>77</ns3:cad>
          </ns3:TrackPointExtension>
        </extensions>
      </trkpt>
      <trkpt lat="24.4687695801258087158203125" lon="118.15150265581905841827392578125">
        <ele>219.399993896484375</ele>
        <time>2026-06-15T09:08:48.000Z</time>
        <extensions>
          <ns3:TrackPointExtension>
            <ns3:hr>132</ns3:hr>
            <ns3:cad>77</ns3:cad>
          </ns3:TrackPointExtension>
        </extensions>
      </trkpt>
      <trkpt lat="24.46876396425068378448486328125" lon="118.15150894224643707275390625">
        <ele>219.600006103515625</ele>
        <time>2026-06-15T09:08:49.000Z</time>
        <extensions>
          <ns3:TrackPointExtension>
            <ns3:hr>132</ns3:hr>
            <ns3:cad>77</ns3:cad>
          </ns3:TrackPointExtension>
        </extensions>
      </trkpt>
      <trkpt lat="24.46876547299325466156005859375" lon="118.1515149772167205810546875">
        <ele>219.8000030517578125</ele>
        <time>2026-06-15T09:08:50.000Z</time>
        <extensions>
          <ns3:TrackPointExtension>
            <ns3:hr>132</ns3:hr>
            <ns3:cad>0</ns3:cad>
          </ns3:TrackPointExtension>
        </extensions>
      </trkpt>
      <trkpt lat="24.46876480244100093841552734375" lon="118.15152193419635295867919921875">
        <ele>219.8000030517578125</ele>
        <time>2026-06-15T09:08:51.000Z</time>
        <extensions>
          <ns3:TrackPointExtension>
            <ns3:hr>132</ns3:hr>
            <ns3:cad>0</ns3:cad>
          </ns3:TrackPointExtension>
        </extensions>
      </trkpt>
      <trkpt lat="24.46875927038490772247314453125" lon="118.1515319086611270904541015625">
        <ele>220</ele>
        <time>2026-06-15T09:08:52.000Z</time>
        <extensions>
          <ns3:TrackPointExtension>
            <ns3:hr>132</ns3:hr>
            <ns3:cad>0</ns3:cad>
          </ns3:TrackPointExtension>
        </extensions>
      </trkpt>
      <trkpt lat="24.4687566719949245452880859375" lon="118.1515406258404254913330078125">
        <ele>220.1999969482421875</ele>
        <time>2026-06-15T09:08:53.000Z</time>
        <extensions>
          <ns3:TrackPointExtension>
            <ns3:hr>132</ns3:hr>
            <ns3:cad>0</ns3:cad>
          </ns3:TrackPointExtension>
        </extensions>
      </trkpt>
      <trkpt lat="24.468752481043338775634765625" lon="118.15154875628650188446044921875">
        <ele>220.399993896484375</ele>
        <time>2026-06-15T09:08:54.000Z</time>
        <extensions>
          <ns3:TrackPointExtension>
            <ns3:hr>132</ns3:hr>
            <ns3:cad>63</ns3:cad>
          </ns3:TrackPointExtension>
        </extensions>
      </trkpt>
      <trkpt lat="24.468747787177562713623046875" lon="118.1515510194003582000732421875">
        <ele>220.600006103515625</ele>
        <time>2026-06-15T09:08:55.000Z</time>
        <extensions>
          <ns3:TrackPointExtension>
            <ns3:hr>132</ns3:hr>
            <ns3:cad>63</ns3:cad>
          </ns3:TrackPointExtension>
        </extensions>
      </trkpt>
      <trkpt lat="24.46874267421662807464599609375" lon="118.15155898220837116241455078125">
        <ele>220.8000030517578125</ele>
        <time>2026-06-15T09:08:56.000Z</time>
        <extensions>
          <ns3:TrackPointExtension>
            <ns3:hr>132</ns3:hr>
            <ns3:cad>63</ns3:cad>
          </ns3:TrackPointExtension>
        </extensions>
      </trkpt>
      <trkpt lat="24.46874217130243778228759765625" lon="118.15156367607414722442626953125">
        <ele>221.1999969482421875</ele>
        <time>2026-06-15T09:08:57.000Z</time>
        <extensions>
          <ns3:TrackPointExtension>
            <ns3:hr>132</ns3:hr>
            <ns3:cad>63</ns3:cad>
          </ns3:TrackPointExtension>
        </extensions>
      </trkpt>
      <trkpt lat="24.46874116547405719757080078125" lon="118.1515708006918430328369140625">
        <ele>221.399993896484375</ele>
        <time>2026-06-15T09:08:58.000Z</time>
        <extensions>
          <ns3:TrackPointExtension>
            <ns3:hr>132</ns3:hr>
            <ns3:cad>67</ns3:cad>
          </ns3:TrackPointExtension>
        </extensions>
      </trkpt>
      <trkpt lat="24.46873647160828113555908203125" lon="118.1515754945576190948486328125">
        <ele>221.600006103515625</ele>
        <time>2026-06-15T09:08:59.000Z</time>
        <extensions>
          <ns3:TrackPointExtension>
            <ns3:hr>131</ns3:hr>
            <ns3:cad>68</ns3:cad>
          </ns3:TrackPointExtension>
        </extensions>
      </trkpt>
      <trkpt lat="24.46873144246637821197509765625" lon="118.1515808589756488800048828125">
        <ele>221.8000030517578125</ele>
        <time>2026-06-15T09:09:00.000Z</time>
        <extensions>
          <ns3:TrackPointExtension>
            <ns3:hr>131</ns3:hr>
            <ns3:cad>68</ns3:cad>
          </ns3:TrackPointExtension>
        </extensions>
      </trkpt>
      <trkpt lat="24.46871937252581119537353515625" lon="118.15158597193658351898193359375">
        <ele>222</ele>
        <time>2026-06-15T09:09:01.000Z</time>
        <extensions>
          <ns3:TrackPointExtension>
            <ns3:hr>132</ns3:hr>
            <ns3:cad>69</ns3:cad>
          </ns3:TrackPointExtension>
        </extensions>
      </trkpt>
      <trkpt lat="24.46871283464133739471435546875" lon="118.1515873968601226806640625">
        <ele>222.1999969482421875</ele>
        <time>2026-06-15T09:09:02.000Z</time>
        <extensions>
          <ns3:TrackPointExtension>
            <ns3:hr>132</ns3:hr>
            <ns3:cad>69</ns3:cad>
          </ns3:TrackPointExtension>
        </extensions>
      </trkpt>
      <trkpt lat="24.46870512329041957855224609375" lon="118.15159351564943790435791015625">
        <ele>222.399993896484375</ele>
        <time>2026-06-15T09:09:03.000Z</time>
        <extensions>
          <ns3:TrackPointExtension>
            <ns3:hr>132</ns3:hr>
            <ns3:cad>69</ns3:cad>
          </ns3:TrackPointExtension>
        </extensions>
      </trkpt>
      <trkpt lat="24.46869774721562862396240234375" lon="118.1516026519238948822021484375">
        <ele>222.600006103515625</ele>
        <time>2026-06-15T09:09:04.000Z</time>
        <extensions>
          <ns3:TrackPointExtension>
            <ns3:hr>132</ns3:hr>
            <ns3:cad>69</ns3:cad>
          </ns3:TrackPointExtension>
        </extensions>
      </trkpt>
      <trkpt lat="24.46869783103466033935546875" lon="118.15160776488482952117919921875">
        <ele>222.8000030517578125</ele>
        <time>2026-06-15T09:09:05.000Z</time>
        <extensions>
          <ns3:TrackPointExtension>
            <ns3:hr>132</ns3:hr>
            <ns3:cad>69</ns3:cad>
          </ns3:TrackPointExtension>
        </extensions>
      </trkpt>
      <trkpt lat="24.46869514882564544677734375" lon="118.151612542569637298583984375">
        <ele>223</ele>
        <time>2026-06-15T09:09:06.000Z</time>
        <extensions>
          <ns3:TrackPointExtension>
            <ns3:hr>132</ns3:hr>
            <ns3:cad>69</ns3:cad>
          </ns3:TrackPointExtension>
        </extensions>
      </trkpt>
      <trkpt lat="24.46869389154016971588134765625" lon="118.15161664970219135284423828125">
        <ele>223.1999969482421875</ele>
        <time>2026-06-15T09:09:07.000Z</time>
        <extensions>
          <ns3:TrackPointExtension>
            <ns3:hr>133</ns3:hr>
            <ns3:cad>69</ns3:cad>
          </ns3:TrackPointExtension>
        </extensions>
      </trkpt>
      <trkpt lat="24.4686892814934253692626953125" lon="118.1516234390437602996826171875">
        <ele>223.600006103515625</ele>
        <time>2026-06-15T09:09:08.000Z</time>
        <extensions>
          <ns3:TrackPointExtension>
            <ns3:hr>133</ns3:hr>
            <ns3:cad>0</ns3:cad>
          </ns3:TrackPointExtension>
        </extensions>
      </trkpt>
      <trkpt lat="24.46868148632347583770751953125" lon="118.151631318032741546630859375">
        <ele>223.8000030517578125</ele>
        <time>2026-06-15T09:09:09.000Z</time>
        <extensions>
          <ns3:TrackPointExtension>
            <ns3:hr>134</ns3:hr>
            <ns3:cad>0</ns3:cad>
          </ns3:TrackPointExtension>
        </extensions>
      </trkpt>
      <trkpt lat="24.46867679245769977569580078125" lon="118.1516328267753124237060546875">
        <ele>224</ele>
        <time>2026-06-15T09:09:10.000Z</time>
        <extensions>
          <ns3:TrackPointExtension>
            <ns3:hr>134</ns3:hr>
            <ns3:cad>0</ns3:cad>
          </ns3:TrackPointExtension>
        </extensions>
      </trkpt>
      <trkpt lat="24.46866966784000396728515625" lon="118.15163433551788330078125">
        <ele>224.1999969482421875</ele>
        <time>2026-06-15T09:09:11.000Z</time>
        <extensions>
          <ns3:TrackPointExtension>
            <ns3:hr>134</ns3:hr>
            <ns3:cad>68</ns3:cad>
          </ns3:TrackPointExtension>
        </extensions>
      </trkpt>
      <trkpt lat="24.4686596095561981201171875" lon="118.15164028666913509368896484375">
        <ele>224.399993896484375</ele>
        <time>2026-06-15T09:09:12.000Z</time>
        <extensions>
          <ns3:TrackPointExtension>
            <ns3:hr>134</ns3:hr>
            <ns3:cad>68</ns3:cad>
          </ns3:TrackPointExtension>
        </extensions>
      </trkpt>
      <trkpt lat="24.4686569273471832275390625" lon="118.15164095722138881683349609375">
        <ele>224.600006103515625</ele>
        <time>2026-06-15T09:09:13.000Z</time>
        <extensions>
          <ns3:TrackPointExtension>
            <ns3:hr>134</ns3:hr>
            <ns3:cad>68</ns3:cad>
          </ns3:TrackPointExtension>
        </extensions>
      </trkpt>
      <trkpt lat="24.468653909862041473388671875" lon="118.1516428850591182708740234375">
        <ele>224.8000030517578125</ele>
        <time>2026-06-15T09:09:14.000Z</time>
        <extensions>
          <ns3:TrackPointExtension>
            <ns3:hr>134</ns3:hr>
            <ns3:cad>41</ns3:cad>
          </ns3:TrackPointExtension>
        </extensions>
      </trkpt>
      <trkpt lat="24.46865349076688289642333984375" lon="118.15164682455360889434814453125">
        <ele>225</ele>
        <time>2026-06-15T09:09:15.000Z</time>
        <extensions>
          <ns3:TrackPointExtension>
            <ns3:hr>134</ns3:hr>
            <ns3:cad>41</ns3:cad>
          </ns3:TrackPointExtension>
        </extensions>
      </trkpt>
      <trkpt lat="24.4686517305672168731689453125" lon="118.1516485847532749176025390625">
        <ele>225.399993896484375</ele>
        <time>2026-06-15T09:09:16.000Z</time>
        <extensions>
          <ns3:TrackPointExtension>
            <ns3:hr>134</ns3:hr>
            <ns3:cad>41</ns3:cad>
          </ns3:TrackPointExtension>
        </extensions>
      </trkpt>
      <trkpt lat="24.46864594705402851104736328125" lon="118.15165218897163867950439453125">
        <ele>225.600006103515625</ele>
        <time>2026-06-15T09:09:17.000Z</time>
        <extensions>
          <ns3:TrackPointExtension>
            <ns3:hr>135</ns3:hr>
            <ns3:cad>78</ns3:cad>
          </ns3:TrackPointExtension>
        </extensions>
      </trkpt>
      <trkpt lat="24.46864091791212558746337890625" lon="118.15165604464709758758544921875">
        <ele>225.8000030517578125</ele>
        <time>2026-06-15T09:09:18.000Z</time>
        <extensions>
          <ns3:TrackPointExtension>
            <ns3:hr>135</ns3:hr>
            <ns3:cad>79</ns3:cad>
          </ns3:TrackPointExtension>
        </extensions>
      </trkpt>
      <trkpt lat="24.46863890625536441802978515625" lon="118.15165839157998561859130859375">
        <ele>226.1999969482421875</ele>
        <time>2026-06-15T09:09:19.000Z</time>
        <extensions>
          <ns3:TrackPointExtension>
            <ns3:hr>135</ns3:hr>
            <ns3:cad>78</ns3:cad>
          </ns3:TrackPointExtension>
        </extensions>
      </trkpt>
      <trkpt lat="24.46863438002765178680419921875" lon="118.151661492884159088134765625">
        <ele>226.399993896484375</ele>
        <time>2026-06-15T09:09:20.000Z</time>
        <extensions>
          <ns3:TrackPointExtension>
            <ns3:hr>135</ns3:hr>
            <ns3:cad>40</ns3:cad>
          </ns3:TrackPointExtension>
        </extensions>
      </trkpt>
      <trkpt lat="24.46863002143800258636474609375" lon="118.15166451036930084228515625">
        <ele>226.600006103515625</ele>
        <time>2026-06-15T09:09:21.000Z</time>
        <extensions>
          <ns3:TrackPointExtension>
            <ns3:hr>135</ns3:hr>
            <ns3:cad>40</ns3:cad>
          </ns3:TrackPointExtension>
        </extensions>
      </trkpt>
      <trkpt lat="24.46862985379993915557861328125" lon="118.15166643820703029632568359375">
        <ele>226.8000030517578125</ele>
        <time>2026-06-15T09:09:22.000Z</time>
        <extensions>
          <ns3:TrackPointExtension>
            <ns3:hr>136</ns3:hr>
            <ns3:cad>42</ns3:cad>
          </ns3:TrackPointExtension>
        </extensions>
      </trkpt>
      <trkpt lat="24.46862666867673397064208984375" lon="118.15167398191988468170166015625">
        <ele>227.1999969482421875</ele>
        <time>2026-06-15T09:09:23.000Z</time>
        <extensions>
          <ns3:TrackPointExtension>
            <ns3:hr>136</ns3:hr>
            <ns3:cad>79</ns3:cad>
          </ns3:TrackPointExtension>
        </extensions>
      </trkpt>
      <trkpt lat="24.46862515993416309356689453125" lon="118.15167926251888275146484375">
        <ele>227.399993896484375</ele>
        <time>2026-06-15T09:09:24.000Z</time>
        <extensions>
          <ns3:TrackPointExtension>
            <ns3:hr>137</ns3:hr>
            <ns3:cad>79</ns3:cad>
          </ns3:TrackPointExtension>
        </extensions>
      </trkpt>
      <trkpt lat="24.46862700395286083221435546875" lon="118.1516814418137073516845703125">
        <ele>227.600006103515625</ele>
        <time>2026-06-15T09:09:25.000Z</time>
        <extensions>
          <ns3:TrackPointExtension>
            <ns3:hr>137</ns3:hr>
            <ns3:cad>79</ns3:cad>
          </ns3:TrackPointExtension>
        </extensions>
      </trkpt>
      <trkpt lat="24.46862633340060710906982421875" lon="118.15168621949851512908935546875">
        <ele>227.8000030517578125</ele>
        <time>2026-06-15T09:09:26.000Z</time>
        <extensions>
          <ns3:TrackPointExtension>
            <ns3:hr>137</ns3:hr>
            <ns3:cad>79</ns3:cad>
          </ns3:TrackPointExtension>
        </extensions>
      </trkpt>
      <trkpt lat="24.46862515993416309356689453125" lon="118.151688314974308013916015625">
        <ele>228</ele>
        <time>2026-06-15T09:09:27.000Z</time>
        <extensions>
          <ns3:TrackPointExtension>
            <ns3:hr>137</ns3:hr>
            <ns3:cad>72</ns3:cad>
          </ns3:TrackPointExtension>
        </extensions>
      </trkpt>
      <trkpt lat="24.468621723353862762451171875" lon="118.15169275738298892974853515625">
        <ele>228.1999969482421875</ele>
        <time>2026-06-15T09:09:28.000Z</time>
        <extensions>
          <ns3:TrackPointExtension>
            <ns3:hr>136</ns3:hr>
            <ns3:cad>70</ns3:cad>
          </ns3:TrackPointExtension>
        </extensions>
      </trkpt>
      <trkpt lat="24.468619041144847869873046875" lon="118.15169460140168666839599609375">
        <ele>228.399993896484375</ele>
        <time>2026-06-15T09:09:29.000Z</time>
        <extensions>
          <ns3:TrackPointExtension>
            <ns3:hr>136</ns3:hr>
            <ns3:cad>70</ns3:cad>
          </ns3:TrackPointExtension>
        </extensions>
      </trkpt>
      <trkpt lat="24.468615353107452392578125" lon="118.1516982056200504302978515625">
        <ele>228.399993896484375</ele>
        <time>2026-06-15T09:09:30.000Z</time>
        <extensions>
          <ns3:TrackPointExtension>
            <ns3:hr>136</ns3:hr>
            <ns3:cad>70</ns3:cad>
          </ns3:TrackPointExtension>
        </extensions>
      </trkpt>
      <trkpt lat="24.4686131738126277923583984375" lon="118.15170784480869770050048828125">
        <ele>228.600006103515625</ele>
        <time>2026-06-15T09:09:31.000Z</time>
        <extensions>
          <ns3:TrackPointExtension>
            <ns3:hr>137</ns3:hr>
            <ns3:cad>0</ns3:cad>
          </ns3:TrackPointExtension>
        </extensions>
      </trkpt>
      <trkpt lat="24.46861200034618377685546875" lon="118.15171890892088413238525390625">
        <ele>228.8000030517578125</ele>
        <time>2026-06-15T09:09:32.000Z</time>
        <extensions>
          <ns3:TrackPointExtension>
            <ns3:hr>137</ns3:hr>
            <ns3:cad>0</ns3:cad>
          </ns3:TrackPointExtension>
        </extensions>
      </trkpt>
      <trkpt lat="24.46861074306070804595947265625" lon="118.15171949565410614013671875">
        <ele>229</ele>
        <time>2026-06-15T09:09:33.000Z</time>
        <extensions>
          <ns3:TrackPointExtension>
            <ns3:hr>137</ns3:hr>
            <ns3:cad>0</ns3:cad>
          </ns3:TrackPointExtension>
        </extensions>
      </trkpt>
      <trkpt lat="24.46860973723232746124267578125" lon="118.15172092057764530181884765625">
        <ele>229</ele>
        <time>2026-06-15T09:09:34.000Z</time>
        <extensions>
          <ns3:TrackPointExtension>
            <ns3:hr>136</ns3:hr>
            <ns3:cad>0</ns3:cad>
          </ns3:TrackPointExtension>
        </extensions>
      </trkpt>
      <trkpt lat="24.4686086475849151611328125" lon="118.1517206691205501556396484375">
        <ele>229</ele>
        <time>2026-06-15T09:09:35.000Z</time>
        <extensions>
          <ns3:TrackPointExtension>
            <ns3:hr>137</ns3:hr>
            <ns3:cad>0</ns3:cad>
          </ns3:TrackPointExtension>
        </extensions>
      </trkpt>
      <trkpt lat="24.46860839612782001495361328125" lon="118.1517179869115352630615234375">
        <ele>229</ele>
        <time>2026-06-15T09:09:36.000Z</time>
        <extensions>
          <ns3:TrackPointExtension>
            <ns3:hr>137</ns3:hr>
            <ns3:cad>0</ns3:cad>
          </ns3:TrackPointExtension>
        </extensions>
      </trkpt>
      <trkpt lat="24.468604288995265960693359375" lon="118.1517189927399158477783203125">
        <ele>229.1999969482421875</ele>
        <time>2026-06-15T09:09:37.000Z</time>
        <extensions>
          <ns3:TrackPointExtension>
            <ns3:hr>136</ns3:hr>
            <ns3:cad>0</ns3:cad>
          </ns3:TrackPointExtension>
        </extensions>
      </trkpt>
      <trkpt lat="24.4685997627675533294677734375" lon="118.1517169810831546783447265625">
        <ele>229.1999969482421875</ele>
        <time>2026-06-15T09:09:38.000Z</time>
        <extensions>
          <ns3:TrackPointExtension>
            <ns3:hr>136</ns3:hr>
            <ns3:cad>0</ns3:cad>
          </ns3:TrackPointExtension>
        </extensions>
      </trkpt>
      <trkpt lat="24.46859280578792095184326171875" lon="118.15171656198799610137939453125">
        <ele>229.399993896484375</ele>
        <time>2026-06-15T09:09:39.000Z</time>
        <extensions>
          <ns3:TrackPointExtension>
            <ns3:hr>136</ns3:hr>
            <ns3:cad>0</ns3:cad>
          </ns3:TrackPointExtension>
        </extensions>
      </trkpt>
      <trkpt lat="24.46858358569443225860595703125" lon="118.15171622671186923980712890625">
        <ele>229.600006103515625</ele>
        <time>2026-06-15T09:09:40.000Z</time>
        <extensions>
          <ns3:TrackPointExtension>
            <ns3:hr>135</ns3:hr>
            <ns3:cad>62</ns3:cad>
          </ns3:TrackPointExtension>
        </extensions>
      </trkpt>
      <trkpt lat="24.468579478561878204345703125" lon="118.151722513139247894287109375">
        <ele>229.8000030517578125</ele>
        <time>2026-06-15T09:09:41.000Z</time>
        <extensions>
          <ns3:TrackPointExtension>
            <ns3:hr>135</ns3:hr>
            <ns3:cad>70</ns3:cad>
          </ns3:TrackPointExtension>
        </extensions>
      </trkpt>
      <trkpt lat="24.46857654489576816558837890625" lon="118.1517280451953411102294921875">
        <ele>230</ele>
        <time>2026-06-15T09:09:42.000Z</time>
        <extensions>
          <ns3:TrackPointExtension>
            <ns3:hr>134</ns3:hr>
            <ns3:cad>70</ns3:cad>
          </ns3:TrackPointExtension>
        </extensions>
      </trkpt>
      <trkpt lat="24.4685732759535312652587890625" lon="118.15173433162271976470947265625">
        <ele>230.1999969482421875</ele>
        <time>2026-06-15T09:09:43.000Z</time>
        <extensions>
          <ns3:TrackPointExtension>
            <ns3:hr>134</ns3:hr>
            <ns3:cad>70</ns3:cad>
          </ns3:TrackPointExtension>
        </extensions>
      </trkpt>
      <trkpt lat="24.46856615133583545684814453125" lon="118.1517421267926692962646484375">
        <ele>230.399993896484375</ele>
        <time>2026-06-15T09:09:44.000Z</time>
        <extensions>
          <ns3:TrackPointExtension>
            <ns3:hr>134</ns3:hr>
            <ns3:cad>0</ns3:cad>
          </ns3:TrackPointExtension>
        </extensions>
      </trkpt>
      <trkpt lat="24.46856279857456684112548828125" lon="118.1517531909048557281494140625">
        <ele>230.399993896484375</ele>
        <time>2026-06-15T09:09:45.000Z</time>
        <extensions>
          <ns3:TrackPointExtension>
            <ns3:hr>134</ns3:hr>
            <ns3:cad>0</ns3:cad>
          </ns3:TrackPointExtension>
        </extensions>
      </trkpt>
      <trkpt lat="24.4685591943562030792236328125" lon="118.15176182426512241363525390625">
        <ele>230.600006103515625</ele>
        <time>2026-06-15T09:09:46.000Z</time>
        <extensions>
          <ns3:TrackPointExtension>
            <ns3:hr>133</ns3:hr>
            <ns3:cad>0</ns3:cad>
          </ns3:TrackPointExtension>
        </extensions>
      </trkpt>
      <trkpt lat="24.46855701506137847900390625" lon="118.15176911652088165283203125">
        <ele>230.600006103515625</ele>
        <time>2026-06-15T09:09:47.000Z</time>
        <extensions>
          <ns3:TrackPointExtension>
            <ns3:hr>133</ns3:hr>
            <ns3:cad>0</ns3:cad>
          </ns3:TrackPointExtension>
        </extensions>
      </trkpt>
      <trkpt lat="24.4685531593859195709228515625" lon="118.1517751514911651611328125">
        <ele>230.600006103515625</ele>
        <time>2026-06-15T09:09:48.000Z</time>
        <extensions>
          <ns3:TrackPointExtension>
            <ns3:hr>132</ns3:hr>
            <ns3:cad>0</ns3:cad>
          </ns3:TrackPointExtension>
        </extensions>
      </trkpt>
      <trkpt lat="24.46855223737657070159912109375" lon="118.1517786718904972076416015625">
        <ele>230.8000030517578125</ele>
        <time>2026-06-15T09:09:49.000Z</time>
        <extensions>
          <ns3:TrackPointExtension>
            <ns3:hr>132</ns3:hr>
            <ns3:cad>0</ns3:cad>
          </ns3:TrackPointExtension>
        </extensions>
      </trkpt>
      <trkpt lat="24.468549303710460662841796875" lon="118.15178059972822666168212890625">
        <ele>230.8000030517578125</ele>
        <time>2026-06-15T09:09:50.000Z</time>
        <extensions>
          <ns3:TrackPointExtension>
            <ns3:hr>132</ns3:hr>
            <ns3:cad>45</ns3:cad>
          </ns3:TrackPointExtension>
        </extensions>
      </trkpt>
      <trkpt lat="24.4685451127588748931884765625" lon="118.1517837010324001312255859375">
        <ele>231</ele>
        <time>2026-06-15T09:09:51.000Z</time>
        <extensions>
          <ns3:TrackPointExtension>
            <ns3:hr>132</ns3:hr>
            <ns3:cad>45</ns3:cad>
          </ns3:TrackPointExtension>
        </extensions>
      </trkpt>
      <trkpt lat="24.46854226291179656982421875" lon="118.15178261138498783111572265625">
        <ele>231</ele>
        <time>2026-06-15T09:09:52.000Z</time>
        <extensions>
          <ns3:TrackPointExtension>
            <ns3:hr>132</ns3:hr>
            <ns3:cad>45</ns3:cad>
          </ns3:TrackPointExtension>
        </extensions>
      </trkpt>
      <trkpt lat="24.46853958070278167724609375" lon="118.1517847068607807159423828125">
        <ele>231.1999969482421875</ele>
        <time>2026-06-15T09:09:53.000Z</time>
        <extensions>
          <ns3:TrackPointExtension>
            <ns3:hr>133</ns3:hr>
            <ns3:cad>42</ns3:cad>
          </ns3:TrackPointExtension>
        </extensions>
      </trkpt>
      <trkpt lat="24.468535892665386199951171875" lon="118.15178512595593929290771484375">
        <ele>231.399993896484375</ele>
        <time>2026-06-15T09:09:54.000Z</time>
        <extensions>
          <ns3:TrackPointExtension>
            <ns3:hr>132</ns3:hr>
            <ns3:cad>42</ns3:cad>
          </ns3:TrackPointExtension>
        </extensions>
      </trkpt>
      <trkpt lat="24.4685317017138004302978515625" lon="118.1517890654504299163818359375">
        <ele>231.399993896484375</ele>
        <time>2026-06-15T09:09:55.000Z</time>
        <extensions>
          <ns3:TrackPointExtension>
            <ns3:hr>132</ns3:hr>
            <ns3:cad>42</ns3:cad>
          </ns3:TrackPointExtension>
        </extensions>
      </trkpt>
      <trkpt lat="24.46852893568575382232666015625" lon="118.15179501660168170928955078125">
        <ele>231.600006103515625</ele>
        <time>2026-06-15T09:09:56.000Z</time>
        <extensions>
          <ns3:TrackPointExtension>
            <ns3:hr>132</ns3:hr>
            <ns3:cad>42</ns3:cad>
          </ns3:TrackPointExtension>
        </extensions>
      </trkpt>
      <trkpt lat="24.4685243256390094757080078125" lon="118.151800967752933502197265625">
        <ele>231.600006103515625</ele>
        <time>2026-06-15T09:09:57.000Z</time>
        <extensions>
          <ns3:TrackPointExtension>
            <ns3:hr>132</ns3:hr>
            <ns3:cad>42</ns3:cad>
          </ns3:TrackPointExtension>
        </extensions>
      </trkpt>
      <trkpt lat="24.46852306835353374481201171875" lon="118.151803649961948394775390625">
        <ele>231.8000030517578125</ele>
        <time>2026-06-15T09:09:58.000Z</time>
        <extensions>
          <ns3:TrackPointExtension>
            <ns3:hr>131</ns3:hr>
            <ns3:cad>41</ns3:cad>
          </ns3:TrackPointExtension>
        </extensions>
      </trkpt>
      <trkpt lat="24.468521811068058013916015625" lon="118.1518064998090267181396484375">
        <ele>232</ele>
        <time>2026-06-15T09:09:59.000Z</time>
        <extensions>
          <ns3:TrackPointExtension>
            <ns3:hr>131</ns3:hr>
            <ns3:cad>41</ns3:cad>
          </ns3:TrackPointExtension>
        </extensions>
      </trkpt>
      <trkpt lat="24.46851636283099651336669921875" lon="118.1518158875405788421630859375">
        <ele>232</ele>
        <time>2026-06-15T09:10:00.000Z</time>
        <extensions>
          <ns3:TrackPointExtension>
            <ns3:hr>131</ns3:hr>
            <ns3:cad>42</ns3:cad>
          </ns3:TrackPointExtension>
        </extensions>
      </trkpt>
      <trkpt lat="24.4685142673552036285400390625" lon="118.151823766529560089111328125">
        <ele>232.1999969482421875</ele>
        <time>2026-06-15T09:10:01.000Z</time>
        <extensions>
          <ns3:TrackPointExtension>
            <ns3:hr>131</ns3:hr>
            <ns3:cad>42</ns3:cad>
          </ns3:TrackPointExtension>
        </extensions>
      </trkpt>
      <trkpt lat="24.46851200424134731292724609375" lon="118.15183407627046108245849609375">
        <ele>232.399993896484375</ele>
        <time>2026-06-15T09:10:02.000Z</time>
        <extensions>
          <ns3:TrackPointExtension>
            <ns3:hr>131</ns3:hr>
            <ns3:cad>0</ns3:cad>
          </ns3:TrackPointExtension>
        </extensions>
      </trkpt>
      <trkpt lat="24.46850596927106380462646484375" lon="118.151843883097171783447265625">
        <ele>232.600006103515625</ele>
        <time>2026-06-15T09:10:03.000Z</time>
        <extensions>
          <ns3:TrackPointExtension>
            <ns3:hr>130</ns3:hr>
            <ns3:cad>0</ns3:cad>
          </ns3:TrackPointExtension>
        </extensions>
      </trkpt>
      <trkpt lat="24.468501023948192596435546875" lon="118.15185117535293102264404296875">
        <ele>232.8000030517578125</ele>
        <time>2026-06-15T09:10:04.000Z</time>
        <extensions>
          <ns3:TrackPointExtension>
            <ns3:hr>131</ns3:hr>
            <ns3:cad>0</ns3:cad>
          </ns3:TrackPointExtension>
        </extensions>
      </trkpt>
      <trkpt lat="24.4684968329966068267822265625" lon="118.151858635246753692626953125">
        <ele>233</ele>
        <time>2026-06-15T09:10:05.000Z</time>
        <extensions>
          <ns3:TrackPointExtension>
            <ns3:hr>131</ns3:hr>
            <ns3:cad>0</ns3:cad>
          </ns3:TrackPointExtension>
        </extensions>
      </trkpt>
      <trkpt lat="24.46849088184535503387451171875" lon="118.15186609514057636260986328125">
        <ele>233.1999969482421875</ele>
        <time>2026-06-15T09:10:06.000Z</time>
        <extensions>
          <ns3:TrackPointExtension>
            <ns3:hr>131</ns3:hr>
            <ns3:cad>0</ns3:cad>
          </ns3:TrackPointExtension>
        </extensions>
      </trkpt>
      <trkpt lat="24.46848467923700809478759765625" lon="118.1518725492060184478759765625">
        <ele>233.399993896484375</ele>
        <time>2026-06-15T09:10:07.000Z</time>
        <extensions>
          <ns3:TrackPointExtension>
            <ns3:hr>130</ns3:hr>
            <ns3:cad>0</ns3:cad>
          </ns3:TrackPointExtension>
        </extensions>
      </trkpt>
      <trkpt lat="24.46847998537123203277587890625" lon="118.15188017673790454864501953125">
        <ele>233.600006103515625</ele>
        <time>2026-06-15T09:10:08.000Z</time>
        <extensions>
          <ns3:TrackPointExtension>
            <ns3:hr>131</ns3:hr>
            <ns3:cad>0</ns3:cad>
          </ns3:TrackPointExtension>
        </extensions>
      </trkpt>
      <trkpt lat="24.46847814135253429412841796875" lon="118.1518869660794734954833984375">
        <ele>233.8000030517578125</ele>
        <time>2026-06-15T09:10:09.000Z</time>
        <extensions>
          <ns3:TrackPointExtension>
            <ns3:hr>131</ns3:hr>
            <ns3:cad>0</ns3:cad>
          </ns3:TrackPointExtension>
        </extensions>
      </trkpt>
      <trkpt lat="24.468475878238677978515625" lon="118.1518940068781375885009765625">
        <ele>234</ele>
        <time>2026-06-15T09:10:10.000Z</time>
        <extensions>
          <ns3:TrackPointExtension>
            <ns3:hr>131</ns3:hr>
            <ns3:cad>0</ns3:cad>
          </ns3:TrackPointExtension>
        </extensions>
      </trkpt>
      <trkpt lat="24.46847227402031421661376953125" lon="118.15189945511519908905029296875">
        <ele>234.1999969482421875</ele>
        <time>2026-06-15T09:10:11.000Z</time>
        <extensions>
          <ns3:TrackPointExtension>
            <ns3:hr>130</ns3:hr>
            <ns3:cad>0</ns3:cad>
          </ns3:TrackPointExtension>
        </extensions>
      </trkpt>
      <trkpt lat="24.46846984326839447021484375" lon="118.15190347842872142791748046875">
        <ele>234.399993896484375</ele>
        <time>2026-06-15T09:10:12.000Z</time>
        <extensions>
          <ns3:TrackPointExtension>
            <ns3:hr>131</ns3:hr>
            <ns3:cad>71</ns3:cad>
          </ns3:TrackPointExtension>
        </extensions>
      </trkpt>
      <trkpt lat="24.46846841834485530853271484375" lon="118.15190456807613372802734375">
        <ele>234.600006103515625</ele>
        <time>2026-06-15T09:10:13.000Z</time>
        <extensions>
          <ns3:TrackPointExtension>
            <ns3:hr>131</ns3:hr>
            <ns3:cad>73</ns3:cad>
          </ns3:TrackPointExtension>
        </extensions>
      </trkpt>
      <trkpt lat="24.46847043000161647796630859375" lon="118.1519057415425777435302734375">
        <ele>235</ele>
        <time>2026-06-15T09:10:14.000Z</time>
        <extensions>
          <ns3:TrackPointExtension>
            <ns3:hr>130</ns3:hr>
            <ns3:cad>76</ns3:cad>
          </ns3:TrackPointExtension>
        </extensions>
      </trkpt>
      <trkpt lat="24.46847193874418735504150390625" lon="118.15190590918064117431640625">
        <ele>235.1999969482421875</ele>
        <time>2026-06-15T09:10:15.000Z</time>
        <extensions>
          <ns3:TrackPointExtension>
            <ns3:hr>130</ns3:hr>
            <ns3:cad>76</ns3:cad>
          </ns3:TrackPointExtension>
        </extensions>
      </trkpt>
      <trkpt lat="24.468473531305789947509765625" lon="118.15190314315259456634521484375">
        <ele>235.399993896484375</ele>
        <time>2026-06-15T09:10:16.000Z</time>
        <extensions>
          <ns3:TrackPointExtension>
            <ns3:hr>130</ns3:hr>
            <ns3:cad>78</ns3:cad>
          </ns3:TrackPointExtension>
        </extensions>
      </trkpt>
      <trkpt lat="24.4684770517051219940185546875" lon="118.15190364606678485870361328125">
        <ele>235.600006103515625</ele>
        <time>2026-06-15T09:10:17.000Z</time>
        <extensions>
          <ns3:TrackPointExtension>
            <ns3:hr>130</ns3:hr>
            <ns3:cad>79</ns3:cad>
          </ns3:TrackPointExtension>
        </extensions>
      </trkpt>
      <trkpt lat="24.468478895723819732666015625" lon="118.1519057415425777435302734375">
        <ele>235.8000030517578125</ele>
        <time>2026-06-15T09:10:18.000Z</time>
        <extensions>
          <ns3:TrackPointExtension>
            <ns3:hr>130</ns3:hr>
            <ns3:cad>79</ns3:cad>
          </ns3:TrackPointExtension>
        </extensions>
      </trkpt>
      <trkpt lat="24.46848099119961261749267578125" lon="118.15190699882805347442626953125">
        <ele>236</ele>
        <time>2026-06-15T09:10:19.000Z</time>
        <extensions>
          <ns3:TrackPointExtension>
            <ns3:hr>130</ns3:hr>
            <ns3:cad>79</ns3:cad>
          </ns3:TrackPointExtension>
        </extensions>
      </trkpt>
      <trkpt lat="24.46848249994218349456787109375" lon="118.151907585561275482177734375">
        <ele>236.1999969482421875</ele>
        <time>2026-06-15T09:10:20.000Z</time>
        <extensions>
          <ns3:TrackPointExtension>
            <ns3:hr>130</ns3:hr>
            <ns3:cad>41</ns3:cad>
          </ns3:TrackPointExtension>
        </extensions>
      </trkpt>
      <trkpt lat="24.4684810750186443328857421875" lon="118.15191118977963924407958984375">
        <ele>236.399993896484375</ele>
        <time>2026-06-15T09:10:21.000Z</time>
        <extensions>
          <ns3:TrackPointExtension>
            <ns3:hr>131</ns3:hr>
            <ns3:cad>41</ns3:cad>
          </ns3:TrackPointExtension>
        </extensions>
      </trkpt>
      <trkpt lat="24.4684840925037860870361328125" lon="118.15191018395125865936279296875">
        <ele>236.600006103515625</ele>
        <time>2026-06-15T09:10:22.000Z</time>
        <extensions>
          <ns3:TrackPointExtension>
            <ns3:hr>131</ns3:hr>
            <ns3:cad>41</ns3:cad>
          </ns3:TrackPointExtension>
        </extensions>
      </trkpt>
      <trkpt lat="24.468482248485088348388671875" lon="118.1519174762070178985595703125">
        <ele>236.8000030517578125</ele>
        <time>2026-06-15T09:10:23.000Z</time>
        <extensions>
          <ns3:TrackPointExtension>
            <ns3:hr>131</ns3:hr>
            <ns3:cad>40</ns3:cad>
          </ns3:TrackPointExtension>
        </extensions>
      </trkpt>
      <trkpt lat="24.4684810750186443328857421875" lon="118.151922337710857391357421875">
        <ele>237.1999969482421875</ele>
        <time>2026-06-15T09:10:24.000Z</time>
        <extensions>
          <ns3:TrackPointExtension>
            <ns3:hr>131</ns3:hr>
            <ns3:cad>40</ns3:cad>
          </ns3:TrackPointExtension>
        </extensions>
      </trkpt>
      <trkpt lat="24.468479566276073455810546875" lon="118.1519362516701221466064453125">
        <ele>237.600006103515625</ele>
        <time>2026-06-15T09:10:25.000Z</time>
        <extensions>
          <ns3:TrackPointExtension>
            <ns3:hr>131</ns3:hr>
            <ns3:cad>40</ns3:cad>
          </ns3:TrackPointExtension>
        </extensions>
      </trkpt>
      <trkpt lat="24.46847780607640743255615234375" lon="118.1519429571926593780517578125">
        <ele>237.8000030517578125</ele>
        <time>2026-06-15T09:10:26.000Z</time>
        <extensions>
          <ns3:TrackPointExtension>
            <ns3:hr>131</ns3:hr>
            <ns3:cad>78</ns3:cad>
          </ns3:TrackPointExtension>
        </extensions>
      </trkpt>
      <trkpt lat="24.4684767164289951324462890625" lon="118.15195058472454547882080078125">
        <ele>238.1999969482421875</ele>
        <time>2026-06-15T09:10:27.000Z</time>
        <extensions>
          <ns3:TrackPointExtension>
            <ns3:hr>131</ns3:hr>
            <ns3:cad>78</ns3:cad>
          </ns3:TrackPointExtension>
        </extensions>
      </trkpt>
      <trkpt lat="24.46847529150545597076416015625" lon="118.15195729024708271026611328125">
        <ele>238.600006103515625</ele>
        <time>2026-06-15T09:10:28.000Z</time>
        <extensions>
          <ns3:TrackPointExtension>
            <ns3:hr>130</ns3:hr>
            <ns3:cad>78</ns3:cad>
          </ns3:TrackPointExtension>
        </extensions>
      </trkpt>
      <trkpt lat="24.4684743694961071014404296875" lon="118.15195687115192413330078125">
        <ele>238.8000030517578125</ele>
        <time>2026-06-15T09:10:29.000Z</time>
        <extensions>
          <ns3:TrackPointExtension>
            <ns3:hr>131</ns3:hr>
            <ns3:cad>0</ns3:cad>
          </ns3:TrackPointExtension>
        </extensions>
      </trkpt>
      <trkpt lat="24.4684726931154727935791015625" lon="118.15195863135159015655517578125">
        <ele>239</ele>
        <time>2026-06-15T09:10:30.000Z</time>
        <extensions>
          <ns3:TrackPointExtension>
            <ns3:hr>130</ns3:hr>
            <ns3:cad>0</ns3:cad>
          </ns3:TrackPointExtension>
        </extensions>
      </trkpt>
      <trkpt lat="24.46846992708742618560791015625" lon="118.15196265466511249542236328125">
        <ele>239.1999969482421875</ele>
        <time>2026-06-15T09:10:31.000Z</time>
        <extensions>
          <ns3:TrackPointExtension>
            <ns3:hr>131</ns3:hr>
            <ns3:cad>0</ns3:cad>
          </ns3:TrackPointExtension>
        </extensions>
      </trkpt>
      <trkpt lat="24.46846573613584041595458984375" lon="118.15196768380701541900634765625">
        <ele>239.399993896484375</ele>
        <time>2026-06-15T09:10:32.000Z</time>
        <extensions>
          <ns3:TrackPointExtension>
            <ns3:hr>130</ns3:hr>
            <ns3:cad>0</ns3:cad>
          </ns3:TrackPointExtension>
        </extensions>
      </trkpt>
      <trkpt lat="24.46846221573650836944580078125" lon="118.1519714556634426116943359375">
        <ele>239.600006103515625</ele>
        <time>2026-06-15T09:10:33.000Z</time>
        <extensions>
          <ns3:TrackPointExtension>
            <ns3:hr>130</ns3:hr>
            <ns3:cad>0</ns3:cad>
          </ns3:TrackPointExtension>
        </extensions>
      </trkpt>
      <trkpt lat="24.4684555940330028533935546875" lon="118.15197606571018695831298828125">
        <ele>240</ele>
        <time>2026-06-15T09:10:34.000Z</time>
        <extensions>
          <ns3:TrackPointExtension>
            <ns3:hr>130</ns3:hr>
            <ns3:cad>0</ns3:cad>
          </ns3:TrackPointExtension>
        </extensions>
      </trkpt>
      <trkpt lat="24.4684555940330028533935546875" lon="118.1519791670143604278564453125">
        <ele>240.1999969482421875</ele>
        <time>2026-06-15T09:10:35.000Z</time>
        <extensions>
          <ns3:TrackPointExtension>
            <ns3:hr>131</ns3:hr>
            <ns3:cad>0</ns3:cad>
          </ns3:TrackPointExtension>
        </extensions>
      </trkpt>
      <trkpt lat="24.46845467202365398406982421875" lon="118.1519843637943267822265625">
        <ele>240.600006103515625</ele>
        <time>2026-06-15T09:10:36.000Z</time>
        <extensions>
          <ns3:TrackPointExtension>
            <ns3:hr>131</ns3:hr>
            <ns3:cad>0</ns3:cad>
          </ns3:TrackPointExtension>
        </extensions>
      </trkpt>
      <trkpt lat="24.4684517383575439453125" lon="118.1519872136414051055908203125">
        <ele>241</ele>
        <time>2026-06-15T09:10:37.000Z</time>
        <extensions>
          <ns3:TrackPointExtension>
            <ns3:hr>132</ns3:hr>
            <ns3:cad>0</ns3:cad>
          </ns3:TrackPointExtension>
        </extensions>
      </trkpt>
      <trkpt lat="24.4684428535401821136474609375" lon="118.15198444761335849761962890625">
        <ele>241.1999969482421875</ele>
        <time>2026-06-15T09:10:38.000Z</time>
        <extensions>
          <ns3:TrackPointExtension>
            <ns3:hr>132</ns3:hr>
            <ns3:cad>0</ns3:cad>
          </ns3:TrackPointExtension>
        </extensions>
      </trkpt>
      <trkpt lat="24.4684381596744060516357421875" lon="118.1519875489175319671630859375">
        <ele>241.399993896484375</ele>
        <time>2026-06-15T09:10:39.000Z</time>
        <extensions>
          <ns3:TrackPointExtension>
            <ns3:hr>132</ns3:hr>
            <ns3:cad>0</ns3:cad>
          </ns3:TrackPointExtension>
        </extensions>
      </trkpt>
      <trkpt lat="24.4684302806854248046875" lon="118.1519902311265468597412109375">
        <ele>241.399993896484375</ele>
        <time>2026-06-15T09:10:40.000Z</time>
        <extensions>
          <ns3:TrackPointExtension>
            <ns3:hr>133</ns3:hr>
            <ns3:cad>0</ns3:cad>
          </ns3:TrackPointExtension>
        </extensions>
      </trkpt>
      <trkpt lat="24.4684208929538726806640625" lon="118.15199417062103748321533203125">
        <ele>241.600006103515625</ele>
        <time>2026-06-15T09:10:41.000Z</time>
        <extensions>
          <ns3:TrackPointExtension>
            <ns3:hr>134</ns3:hr>
            <ns3:cad>0</ns3:cad>
          </ns3:TrackPointExtension>
        </extensions>
      </trkpt>
      <trkpt lat="24.46841678582131862640380859375" lon="118.15199467353522777557373046875">
        <ele>241.600006103515625</ele>
        <time>2026-06-15T09:10:42.000Z</time>
        <extensions>
          <ns3:TrackPointExtension>
            <ns3:hr>134</ns3:hr>
            <ns3:cad>0</ns3:cad>
          </ns3:TrackPointExtension>
        </extensions>
      </trkpt>
      <trkpt lat="24.46841125376522541046142578125" lon="118.15199517644941806793212890625">
        <ele>241.600006103515625</ele>
        <time>2026-06-15T09:10:43.000Z</time>
        <extensions>
          <ns3:TrackPointExtension>
            <ns3:hr>134</ns3:hr>
            <ns3:cad>0</ns3:cad>
          </ns3:TrackPointExtension>
        </extensions>
      </trkpt>
      <trkpt lat="24.4684086553752422332763671875" lon="118.15199911594390869140625">
        <ele>241.8000030517578125</ele>
        <time>2026-06-15T09:10:44.000Z</time>
        <extensions>
          <ns3:TrackPointExtension>
            <ns3:hr>134</ns3:hr>
            <ns3:cad>0</ns3:cad>
          </ns3:TrackPointExtension>
        </extensions>
      </trkpt>
      <trkpt lat="24.46840345859527587890625" lon="118.15200154669582843780517578125">
        <ele>241.8000030517578125</ele>
        <time>2026-06-15T09:10:45.000Z</time>
        <extensions>
          <ns3:TrackPointExtension>
            <ns3:hr>134</ns3:hr>
            <ns3:cad>76</ns3:cad>
          </ns3:TrackPointExtension>
        </extensions>
      </trkpt>
      <trkpt lat="24.46840052492916584014892578125" lon="118.15200456418097019195556640625">
        <ele>242</ele>
        <time>2026-06-15T09:10:46.000Z</time>
        <extensions>
          <ns3:TrackPointExtension>
            <ns3:hr>133</ns3:hr>
            <ns3:cad>76</ns3:cad>
          </ns3:TrackPointExtension>
        </extensions>
      </trkpt>
      <trkpt lat="24.46839784272015094757080078125" lon="118.1520100124180316925048828125">
        <ele>242.1999969482421875</ele>
        <time>2026-06-15T09:10:47.000Z</time>
        <extensions>
          <ns3:TrackPointExtension>
            <ns3:hr>133</ns3:hr>
            <ns3:cad>74</ns3:cad>
          </ns3:TrackPointExtension>
        </extensions>
      </trkpt>
      <trkpt lat="24.46839474141597747802734375" lon="118.15201663412153720855712890625">
        <ele>242.399993896484375</ele>
        <time>2026-06-15T09:10:48.000Z</time>
        <extensions>
          <ns3:TrackPointExtension>
            <ns3:hr>133</ns3:hr>
            <ns3:cad>73</ns3:cad>
          </ns3:TrackPointExtension>
        </extensions>
      </trkpt>
      <trkpt lat="24.46839281357824802398681640625" lon="118.15202258527278900146484375">
        <ele>242.600006103515625</ele>
        <time>2026-06-15T09:10:49.000Z</time>
        <extensions>
          <ns3:TrackPointExtension>
            <ns3:hr>134</ns3:hr>
            <ns3:cad>72</ns3:cad>
          </ns3:TrackPointExtension>
        </extensions>
      </trkpt>
      <trkpt lat="24.4683912210166454315185546875" lon="118.15202937461435794830322265625">
        <ele>242.600006103515625</ele>
        <time>2026-06-15T09:10:50.000Z</time>
        <extensions>
          <ns3:TrackPointExtension>
            <ns3:hr>134</ns3:hr>
            <ns3:cad>71</ns3:cad>
          </ns3:TrackPointExtension>
        </extensions>
      </trkpt>
      <trkpt lat="24.4683888740837574005126953125" lon="118.15203624777495861053466796875">
        <ele>242.8000030517578125</ele>
        <time>2026-06-15T09:10:51.000Z</time>
        <extensions>
          <ns3:TrackPointExtension>
            <ns3:hr>134</ns3:hr>
            <ns3:cad>70</ns3:cad>
          </ns3:TrackPointExtension>
        </extensions>
      </trkpt>
      <trkpt lat="24.46838811971247196197509765625" lon="118.1520354934036731719970703125">
        <ele>243</ele>
        <time>2026-06-15T09:10:52.000Z</time>
        <extensions>
          <ns3:TrackPointExtension>
            <ns3:hr>133</ns3:hr>
            <ns3:cad>70</ns3:cad>
          </ns3:TrackPointExtension>
        </extensions>
      </trkpt>
      <trkpt lat="24.468385018408298492431640625" lon="118.1520381756126880645751953125">
        <ele>243.1999969482421875</ele>
        <time>2026-06-15T09:10:53.000Z</time>
        <extensions>
          <ns3:TrackPointExtension>
            <ns3:hr>134</ns3:hr>
            <ns3:cad>72</ns3:cad>
          </ns3:TrackPointExtension>
        </extensions>
      </trkpt>
      <trkpt lat="24.4683838449418544769287109375" lon="118.1520421989262104034423828125">
        <ele>243.399993896484375</ele>
        <time>2026-06-15T09:10:54.000Z</time>
        <extensions>
          <ns3:TrackPointExtension>
            <ns3:hr>134</ns3:hr>
            <ns3:cad>73</ns3:cad>
          </ns3:TrackPointExtension>
        </extensions>
      </trkpt>
      <trkpt lat="24.4683831743896007537841796875" lon="118.1520492397248744964599609375">
        <ele>243.8000030517578125</ele>
        <time>2026-06-15T09:10:55.000Z</time>
        <extensions>
          <ns3:TrackPointExtension>
            <ns3:hr>134</ns3:hr>
            <ns3:cad>73</ns3:cad>
          </ns3:TrackPointExtension>
        </extensions>
      </trkpt>
      <trkpt lat="24.46838459931313991546630859375" lon="118.15205887891352176666259765625">
        <ele>244.1999969482421875</ele>
        <time>2026-06-15T09:10:56.000Z</time>
        <extensions>
          <ns3:TrackPointExtension>
            <ns3:hr>134</ns3:hr>
            <ns3:cad>72</ns3:cad>
          </ns3:TrackPointExtension>
        </extensions>
      </trkpt>
      <trkpt lat="24.46838627569377422332763671875" lon="118.15206524915993213653564453125">
        <ele>244.399993896484375</ele>
        <time>2026-06-15T09:10:57.000Z</time>
        <extensions>
          <ns3:TrackPointExtension>
            <ns3:hr>133</ns3:hr>
            <ns3:cad>72</ns3:cad>
          </ns3:TrackPointExtension>
        </extensions>
      </trkpt>
      <trkpt lat="24.4683878682553768157958984375" lon="118.15206826664507389068603515625">
        <ele>244.600006103515625</ele>
        <time>2026-06-15T09:10:58.000Z</time>
        <extensions>
          <ns3:TrackPointExtension>
            <ns3:hr>134</ns3:hr>
            <ns3:cad>0</ns3:cad>
          </ns3:TrackPointExtension>
        </extensions>
      </trkpt>
      <trkpt lat="24.46839071810245513916015625" lon="118.15207891166210174560546875">
        <ele>244.600006103515625</ele>
        <time>2026-06-15T09:10:59.000Z</time>
        <extensions>
          <ns3:TrackPointExtension>
            <ns3:hr>134</ns3:hr>
            <ns3:cad>0</ns3:cad>
          </ns3:TrackPointExtension>
        </extensions>
      </trkpt>
      <trkpt lat="24.468393065035343170166015625" lon="118.1520903110504150390625">
        <ele>244.600006103515625</ele>
        <time>2026-06-15T09:11:00.000Z</time>
        <extensions>
          <ns3:TrackPointExtension>
            <ns3:hr>134</ns3:hr>
            <ns3:cad>0</ns3:cad>
          </ns3:TrackPointExtension>
        </extensions>
      </trkpt>
      <trkpt lat="24.4683945737779140472412109375" lon="118.15209307707846164703369140625">
        <ele>244.600006103515625</ele>
        <time>2026-06-15T09:11:01.000Z</time>
        <extensions>
          <ns3:TrackPointExtension>
            <ns3:hr>133</ns3:hr>
            <ns3:cad>0</ns3:cad>
          </ns3:TrackPointExtension>
        </extensions>
      </trkpt>
      <trkpt lat="24.4683831743896007537841796875" lon="118.1520784087479114532470703125">
        <ele>247</ele>
        <time>2026-06-15T09:15:45.000Z</time>
        <extensions>
          <ns3:TrackPointExtension>
            <ns3:hr>84</ns3:hr>
            <ns3:cad>0</ns3:cad>
          </ns3:TrackPointExtension>
        </extensions>
      </trkpt>
      <trkpt lat="24.46837722323834896087646484375" lon="118.15207220613956451416015625">
        <ele>247</ele>
        <time>2026-06-15T09:15:46.000Z</time>
        <extensions>
          <ns3:TrackPointExtension>
            <ns3:hr>83</ns3:hr>
            <ns3:cad>0</ns3:cad>
          </ns3:TrackPointExtension>
        </extensions>
      </trkpt>
      <trkpt lat="24.46837462484836578369140625" lon="118.1520660035312175750732421875">
        <ele>247.1999969482421875</ele>
        <time>2026-06-15T09:15:47.000Z</time>
        <extensions>
          <ns3:TrackPointExtension>
            <ns3:hr>83</ns3:hr>
            <ns3:cad>52</ns3:cad>
          </ns3:TrackPointExtension>
        </extensions>
      </trkpt>
      <trkpt lat="24.46837487630546092987060546875" lon="118.1520599685609340667724609375">
        <ele>247</ele>
        <time>2026-06-15T09:15:48.000Z</time>
        <extensions>
          <ns3:TrackPointExtension>
            <ns3:hr>83</ns3:hr>
            <ns3:cad>52</ns3:cad>
          </ns3:TrackPointExtension>
        </extensions>
      </trkpt>
      <trkpt lat="24.4683752954006195068359375" lon="118.1520505808293819427490234375">
        <ele>247</ele>
        <time>2026-06-15T09:15:49.000Z</time>
        <extensions>
          <ns3:TrackPointExtension>
            <ns3:hr>83</ns3:hr>
            <ns3:cad>52</ns3:cad>
          </ns3:TrackPointExtension>
        </extensions>
      </trkpt>
      <trkpt lat="24.46837789379060268402099609375" lon="118.152041025459766387939453125">
        <ele>246.8000030517578125</ele>
        <time>2026-06-15T09:15:50.000Z</time>
        <extensions>
          <ns3:TrackPointExtension>
            <ns3:hr>84</ns3:hr>
            <ns3:cad>52</ns3:cad>
          </ns3:TrackPointExtension>
        </extensions>
      </trkpt>
      <trkpt lat="24.46838158182799816131591796875" lon="118.1520348228514194488525390625">
        <ele>246.399993896484375</ele>
        <time>2026-06-15T09:15:51.000Z</time>
        <extensions>
          <ns3:TrackPointExtension>
            <ns3:hr>83</ns3:hr>
            <ns3:cad>52</ns3:cad>
          </ns3:TrackPointExtension>
        </extensions>
      </trkpt>
      <trkpt lat="24.468387700617313385009765625" lon="118.15202820114791393280029296875">
        <ele>246</ele>
        <time>2026-06-15T09:15:52.000Z</time>
        <extensions>
          <ns3:TrackPointExtension>
            <ns3:hr>83</ns3:hr>
            <ns3:cad>52</ns3:cad>
          </ns3:TrackPointExtension>
        </extensions>
      </trkpt>
      <trkpt lat="24.46839599870145320892333984375" lon="118.15201948396861553192138671875">
        <ele>245.600006103515625</ele>
        <time>2026-06-15T09:15:53.000Z</time>
        <extensions>
          <ns3:TrackPointExtension>
            <ns3:hr>84</ns3:hr>
            <ns3:cad>52</ns3:cad>
          </ns3:TrackPointExtension>
        </extensions>
      </trkpt>
      <trkpt lat="24.468408487737178802490234375" lon="118.1520120240747928619384765625">
        <ele>245.1999969482421875</ele>
        <time>2026-06-15T09:15:54.000Z</time>
        <extensions>
          <ns3:TrackPointExtension>
            <ns3:hr>83</ns3:hr>
            <ns3:cad>66</ns3:cad>
          </ns3:TrackPointExtension>
        </extensions>
      </trkpt>
      <trkpt lat="24.468415863811969757080078125" lon="118.15200724638998508453369140625">
        <ele>245</ele>
        <time>2026-06-15T09:15:55.000Z</time>
        <extensions>
          <ns3:TrackPointExtension>
            <ns3:hr>84</ns3:hr>
            <ns3:cad>66</ns3:cad>
          </ns3:TrackPointExtension>
        </extensions>
      </trkpt>
      <trkpt lat="24.468422569334506988525390625" lon="118.15200841985642910003662109375">
        <ele>244.8000030517578125</ele>
        <time>2026-06-15T09:15:56.000Z</time>
        <extensions>
          <ns3:TrackPointExtension>
            <ns3:hr>84</ns3:hr>
            <ns3:cad>62</ns3:cad>
          </ns3:TrackPointExtension>
        </extensions>
      </trkpt>
      <trkpt lat="24.46843338198959827423095703125" lon="118.15200339071452617645263671875">
        <ele>244.600006103515625</ele>
        <time>2026-06-15T09:15:57.000Z</time>
        <extensions>
          <ns3:TrackPointExtension>
            <ns3:hr>84</ns3:hr>
            <ns3:cad>62</ns3:cad>
          </ns3:TrackPointExtension>
        </extensions>
      </trkpt>
      <trkpt lat="24.46843958459794521331787109375" lon="118.15199903212487697601318359375">
        <ele>244.600006103515625</ele>
        <time>2026-06-15T09:15:58.000Z</time>
        <extensions>
          <ns3:TrackPointExtension>
            <ns3:hr>84</ns3:hr>
            <ns3:cad>63</ns3:cad>
          </ns3:TrackPointExtension>
        </extensions>
      </trkpt>
      <trkpt lat="24.4684478826820850372314453125" lon="118.15199350006878376007080078125">
        <ele>244.399993896484375</ele>
        <time>2026-06-15T09:15:59.000Z</time>
        <extensions>
          <ns3:TrackPointExtension>
            <ns3:hr>85</ns3:hr>
            <ns3:cad>63</ns3:cad>
          </ns3:TrackPointExtension>
        </extensions>
      </trkpt>
      <trkpt lat="24.46844972670078277587890625" lon="118.1519955955445766448974609375">
        <ele>244.1999969482421875</ele>
        <time>2026-06-15T09:16:00.000Z</time>
        <extensions>
          <ns3:TrackPointExtension>
            <ns3:hr>85</ns3:hr>
            <ns3:cad>63</ns3:cad>
          </ns3:TrackPointExtension>
        </extensions>
      </trkpt>
      <trkpt lat="24.46844964288175106048583984375" lon="118.1519977748394012451171875">
        <ele>244</ele>
        <time>2026-06-15T09:16:01.000Z</time>
        <extensions>
          <ns3:TrackPointExtension>
            <ns3:hr>85</ns3:hr>
            <ns3:cad>63</ns3:cad>
          </ns3:TrackPointExtension>
        </extensions>
      </trkpt>
      <trkpt lat="24.46844897232949733734130859375" lon="118.1519986130297183990478515625">
        <ele>244</ele>
        <time>2026-06-15T09:16:02.000Z</time>
        <extensions>
          <ns3:TrackPointExtension>
            <ns3:hr>86</ns3:hr>
            <ns3:cad>0</ns3:cad>
          </ns3:TrackPointExtension>
        </extensions>
      </trkpt>
      <trkpt lat="24.46845198981463909149169921875" lon="118.15199869684875011444091796875">
        <ele>243.8000030517578125</ele>
        <time>2026-06-15T09:16:03.000Z</time>
        <extensions>
          <ns3:TrackPointExtension>
            <ns3:hr>85</ns3:hr>
            <ns3:cad>0</ns3:cad>
          </ns3:TrackPointExtension>
        </extensions>
      </trkpt>
      <trkpt lat="24.46845643222332000732421875" lon="118.151998780667781829833984375">
        <ele>243.600006103515625</ele>
        <time>2026-06-15T09:16:04.000Z</time>
        <extensions>
          <ns3:TrackPointExtension>
            <ns3:hr>86</ns3:hr>
            <ns3:cad>81</ns3:cad>
          </ns3:TrackPointExtension>
        </extensions>
      </trkpt>
      <trkpt lat="24.4684639759361743927001953125" lon="118.1519977748394012451171875">
        <ele>243.399993896484375</ele>
        <time>2026-06-15T09:16:05.000Z</time>
        <extensions>
          <ns3:TrackPointExtension>
            <ns3:hr>85</ns3:hr>
            <ns3:cad>81</ns3:cad>
          </ns3:TrackPointExtension>
        </extensions>
      </trkpt>
      <trkpt lat="24.46847043000161647796630859375" lon="118.15199752338230609893798828125">
        <ele>243</ele>
        <time>2026-06-15T09:16:06.000Z</time>
        <extensions>
          <ns3:TrackPointExtension>
            <ns3:hr>85</ns3:hr>
            <ns3:cad>0</ns3:cad>
          </ns3:TrackPointExtension>
        </extensions>
      </trkpt>
      <trkpt lat="24.4684763811528682708740234375" lon="118.1519950926303863525390625">
        <ele>242.8000030517578125</ele>
        <time>2026-06-15T09:16:07.000Z</time>
        <extensions>
          <ns3:TrackPointExtension>
            <ns3:hr>85</ns3:hr>
            <ns3:cad>0</ns3:cad>
          </ns3:TrackPointExtension>
        </extensions>
      </trkpt>
      <trkpt lat="24.468482919037342071533203125" lon="118.15199182368814945220947265625">
        <ele>242.399993896484375</ele>
        <time>2026-06-15T09:16:08.000Z</time>
        <extensions>
          <ns3:TrackPointExtension>
            <ns3:hr>84</ns3:hr>
            <ns3:cad>91</ns3:cad>
          </ns3:TrackPointExtension>
        </extensions>
      </trkpt>
      <trkpt lat="24.46848551742732524871826171875" lon="118.15198914147913455963134765625">
        <ele>242</ele>
        <time>2026-06-15T09:16:09.000Z</time>
        <extensions>
          <ns3:TrackPointExtension>
            <ns3:hr>83</ns3:hr>
            <ns3:cad>93</ns3:cad>
          </ns3:TrackPointExtension>
        </extensions>
      </trkpt>
      <trkpt lat="24.46848937310278415679931640625" lon="118.15198478288948535919189453125">
        <ele>241.600006103515625</ele>
        <time>2026-06-15T09:16:10.000Z</time>
        <extensions>
          <ns3:TrackPointExtension>
            <ns3:hr>81</ns3:hr>
            <ns3:cad>93</ns3:cad>
          </ns3:TrackPointExtension>
        </extensions>
      </trkpt>
      <trkpt lat="24.4684934802353382110595703125" lon="118.15198008902370929718017578125">
        <ele>241.1999969482421875</ele>
        <time>2026-06-15T09:16:11.000Z</time>
        <extensions>
          <ns3:TrackPointExtension>
            <ns3:hr>80</ns3:hr>
            <ns3:cad>93</ns3:cad>
          </ns3:TrackPointExtension>
        </extensions>
      </trkpt>
      <trkpt lat="24.46849473752081394195556640625" lon="118.15197304822504520416259765625">
        <ele>240.8000030517578125</ele>
        <time>2026-06-15T09:16:12.000Z</time>
        <extensions>
          <ns3:TrackPointExtension>
            <ns3:hr>80</ns3:hr>
            <ns3:cad>93</ns3:cad>
          </ns3:TrackPointExtension>
        </extensions>
      </trkpt>
      <trkpt lat="24.468495659530162811279296875" lon="118.15196483395993709564208984375">
        <ele>240.399993896484375</ele>
        <time>2026-06-15T09:16:13.000Z</time>
        <extensions>
          <ns3:TrackPointExtension>
            <ns3:hr>80</ns3:hr>
            <ns3:cad>93</ns3:cad>
          </ns3:TrackPointExtension>
        </extensions>
      </trkpt>
      <trkpt lat="24.46849130094051361083984375" lon="118.15195729024708271026611328125">
        <ele>240</ele>
        <time>2026-06-15T09:16:14.000Z</time>
        <extensions>
          <ns3:TrackPointExtension>
            <ns3:hr>80</ns3:hr>
            <ns3:cad>93</ns3:cad>
          </ns3:TrackPointExtension>
        </extensions>
      </trkpt>
      <trkpt lat="24.46848861873149871826171875" lon="118.15194957889616489410400390625">
        <ele>239.8000030517578125</ele>
        <time>2026-06-15T09:16:15.000Z</time>
        <extensions>
          <ns3:TrackPointExtension>
            <ns3:hr>81</ns3:hr>
            <ns3:cad>93</ns3:cad>
          </ns3:TrackPointExtension>
        </extensions>
      </trkpt>
      <trkpt lat="24.46848669089376926422119140625" lon="118.1519446335732936859130859375">
        <ele>239.399993896484375</ele>
        <time>2026-06-15T09:16:16.000Z</time>
        <extensions>
          <ns3:TrackPointExtension>
            <ns3:hr>82</ns3:hr>
            <ns3:cad>93</ns3:cad>
          </ns3:TrackPointExtension>
        </extensions>
      </trkpt>
      <trkpt lat="24.46848233230412006378173828125" lon="118.1519389338791370391845703125">
        <ele>239</ele>
        <time>2026-06-15T09:16:17.000Z</time>
        <extensions>
          <ns3:TrackPointExtension>
            <ns3:hr>86</ns3:hr>
            <ns3:cad>93</ns3:cad>
          </ns3:TrackPointExtension>
        </extensions>
      </trkpt>
      <trkpt lat="24.4684804044663906097412109375" lon="118.15193474292755126953125">
        <ele>238.600006103515625</ele>
        <time>2026-06-15T09:16:18.000Z</time>
        <extensions>
          <ns3:TrackPointExtension>
            <ns3:hr>92</ns3:hr>
            <ns3:cad>93</ns3:cad>
          </ns3:TrackPointExtension>
        </extensions>
      </trkpt>
      <trkpt lat="24.46847788989543914794921875" lon="118.15193415619432926177978515625">
        <ele>238.399993896484375</ele>
        <time>2026-06-15T09:16:19.000Z</time>
        <extensions>
          <ns3:TrackPointExtension>
            <ns3:hr>95</ns3:hr>
            <ns3:cad>75</ns3:cad>
          </ns3:TrackPointExtension>
        </extensions>
      </trkpt>
      <trkpt lat="24.468472190201282501220703125" lon="118.15192870795726776123046875">
        <ele>238</ele>
        <time>2026-06-15T09:16:20.000Z</time>
        <extensions>
          <ns3:TrackPointExtension>
            <ns3:hr>97</ns3:hr>
            <ns3:cad>0</ns3:cad>
          </ns3:TrackPointExtension>
        </extensions>
      </trkpt>
      <trkpt lat="24.46846783161163330078125" lon="118.15192359499633312225341796875">
        <ele>238</ele>
        <time>2026-06-15T09:16:21.000Z</time>
        <extensions>
          <ns3:TrackPointExtension>
            <ns3:hr>98</ns3:hr>
            <ns3:cad>0</ns3:cad>
          </ns3:TrackPointExtension>
        </extensions>
      </trkpt>
      <trkpt lat="24.468464143574237823486328125" lon="118.151923678815364837646484375">
        <ele>237.8000030517578125</ele>
        <time>2026-06-15T09:16:22.000Z</time>
        <extensions>
          <ns3:TrackPointExtension>
            <ns3:hr>98</ns3:hr>
            <ns3:cad>0</ns3:cad>
          </ns3:TrackPointExtension>
        </extensions>
      </trkpt>
      <trkpt lat="24.4684622995555400848388671875" lon="118.15192812122404575347900390625">
        <ele>237.8000030517578125</ele>
        <time>2026-06-15T09:16:23.000Z</time>
        <extensions>
          <ns3:TrackPointExtension>
            <ns3:hr>98</ns3:hr>
            <ns3:cad>0</ns3:cad>
          </ns3:TrackPointExtension>
        </extensions>
      </trkpt>
      <trkpt lat="24.4684619642794132232666015625" lon="118.15193164162337779998779296875">
        <ele>237.8000030517578125</ele>
        <time>2026-06-15T09:16:24.000Z</time>
        <extensions>
          <ns3:TrackPointExtension>
            <ns3:hr>98</ns3:hr>
            <ns3:cad>0</ns3:cad>
          </ns3:TrackPointExtension>
        </extensions>
      </trkpt>
      <trkpt lat="24.4684612937271595001220703125" lon="118.1519355811178684234619140625">
        <ele>237.8000030517578125</ele>
        <time>2026-06-15T09:16:25.000Z</time>
        <extensions>
          <ns3:TrackPointExtension>
            <ns3:hr>98</ns3:hr>
            <ns3:cad>0</ns3:cad>
          </ns3:TrackPointExtension>
        </extensions>
      </trkpt>
      <trkpt lat="24.46846053935587406158447265625" lon="118.151935748755931854248046875">
        <ele>237.8000030517578125</ele>
        <time>2026-06-15T09:16:26.000Z</time>
        <extensions>
          <ns3:TrackPointExtension>
            <ns3:hr>98</ns3:hr>
            <ns3:cad>0</ns3:cad>
          </ns3:TrackPointExtension>
        </extensions>
      </trkpt>
      <trkpt lat="24.4684586115181446075439453125" lon="118.1519389338791370391845703125">
        <ele>238</ele>
        <time>2026-06-15T09:16:27.000Z</time>
        <extensions>
          <ns3:TrackPointExtension>
            <ns3:hr>98</ns3:hr>
            <ns3:cad>0</ns3:cad>
          </ns3:TrackPointExtension>
        </extensions>
      </trkpt>
      <trkpt lat="24.46845567785203456878662109375" lon="118.1519372574985027313232421875">
        <ele>238</ele>
        <time>2026-06-15T09:16:28.000Z</time>
        <extensions>
          <ns3:TrackPointExtension>
            <ns3:hr>98</ns3:hr>
            <ns3:cad>0</ns3:cad>
          </ns3:TrackPointExtension>
        </extensions>
      </trkpt>
      <trkpt lat="24.4684552587568759918212890625" lon="118.1519312225282192230224609375">
        <ele>237.8000030517578125</ele>
        <time>2026-06-15T09:16:29.000Z</time>
        <extensions>
          <ns3:TrackPointExtension>
            <ns3:hr>98</ns3:hr>
            <ns3:cad>0</ns3:cad>
          </ns3:TrackPointExtension>
        </extensions>
      </trkpt>
      <trkpt lat="24.46845710277557373046875" lon="118.15192711539566516876220703125">
        <ele>237.8000030517578125</ele>
        <time>2026-06-15T09:16:30.000Z</time>
        <extensions>
          <ns3:TrackPointExtension>
            <ns3:hr>98</ns3:hr>
            <ns3:cad>0</ns3:cad>
          </ns3:TrackPointExtension>
        </extensions>
      </trkpt>
      <trkpt lat="24.4684639759361743927001953125" lon="118.15192292444407939910888671875">
        <ele>237.600006103515625</ele>
        <time>2026-06-15T09:16:31.000Z</time>
        <extensions>
          <ns3:TrackPointExtension>
            <ns3:hr>97</ns3:hr>
            <ns3:cad>0</ns3:cad>
          </ns3:TrackPointExtension>
        </extensions>
      </trkpt>
      <trkpt lat="24.468468166887760162353515625" lon="118.15191672183573246002197265625">
        <ele>237.399993896484375</ele>
        <time>2026-06-15T09:16:32.000Z</time>
        <extensions>
          <ns3:TrackPointExtension>
            <ns3:hr>96</ns3:hr>
            <ns3:cad>0</ns3:cad>
          </ns3:TrackPointExtension>
        </extensions>
      </trkpt>
      <trkpt lat="24.4684777222573757171630859375" lon="118.151910603046417236328125">
        <ele>237</ele>
        <time>2026-06-15T09:16:33.000Z</time>
        <extensions>
          <ns3:TrackPointExtension>
            <ns3:hr>96</ns3:hr>
            <ns3:cad>0</ns3:cad>
          </ns3:TrackPointExtension>
        </extensions>
      </trkpt>
      <trkpt lat="24.46848266758024692535400390625" lon="118.15190884284675121307373046875">
        <ele>236.8000030517578125</ele>
        <time>2026-06-15T09:16:34.000Z</time>
        <extensions>
          <ns3:TrackPointExtension>
            <ns3:hr>96</ns3:hr>
            <ns3:cad>55</ns3:cad>
          </ns3:TrackPointExtension>
        </extensions>
      </trkpt>
      <trkpt lat="24.468488283455371856689453125" lon="118.1519033946096897125244140625">
        <ele>236.399993896484375</ele>
        <time>2026-06-15T09:16:35.000Z</time>
        <extensions>
          <ns3:TrackPointExtension>
            <ns3:hr>96</ns3:hr>
            <ns3:cad>61</ns3:cad>
          </ns3:TrackPointExtension>
        </extensions>
      </trkpt>
      <trkpt lat="24.4684938155114650726318359375" lon="118.151898868381977081298828125">
        <ele>236</ele>
        <time>2026-06-15T09:16:36.000Z</time>
        <extensions>
          <ns3:TrackPointExtension>
            <ns3:hr>95</ns3:hr>
            <ns3:cad>61</ns3:cad>
          </ns3:TrackPointExtension>
        </extensions>
      </trkpt>
      <trkpt lat="24.468502700328826904296875" lon="118.1518936716020107269287109375">
        <ele>235.8000030517578125</ele>
        <time>2026-06-15T09:16:37.000Z</time>
        <extensions>
          <ns3:TrackPointExtension>
            <ns3:hr>96</ns3:hr>
            <ns3:cad>61</ns3:cad>
          </ns3:TrackPointExtension>
        </extensions>
      </trkpt>
      <trkpt lat="24.46851233951747417449951171875" lon="118.151890151202678680419921875">
        <ele>235.399993896484375</ele>
        <time>2026-06-15T09:16:38.000Z</time>
        <extensions>
          <ns3:TrackPointExtension>
            <ns3:hr>96</ns3:hr>
            <ns3:cad>61</ns3:cad>
          </ns3:TrackPointExtension>
        </extensions>
      </trkpt>
      <trkpt lat="24.46852080523967742919921875" lon="118.15188168548047542572021484375">
        <ele>235.1999969482421875</ele>
        <time>2026-06-15T09:16:39.000Z</time>
        <extensions>
          <ns3:TrackPointExtension>
            <ns3:hr>96</ns3:hr>
            <ns3:cad>61</ns3:cad>
          </ns3:TrackPointExtension>
        </extensions>
      </trkpt>
      <trkpt lat="24.468525163829326629638671875" lon="118.1518792547285556793212890625">
        <ele>235</ele>
        <time>2026-06-15T09:16:40.000Z</time>
        <extensions>
          <ns3:TrackPointExtension>
            <ns3:hr>95</ns3:hr>
            <ns3:cad>61</ns3:cad>
          </ns3:TrackPointExtension>
        </extensions>
      </trkpt>
      <trkpt lat="24.46853153407573699951171875" lon="118.1518722139298915863037109375">
        <ele>234.8000030517578125</ele>
        <time>2026-06-15T09:16:41.000Z</time>
        <extensions>
          <ns3:TrackPointExtension>
            <ns3:hr>96</ns3:hr>
            <ns3:cad>62</ns3:cad>
          </ns3:TrackPointExtension>
        </extensions>
      </trkpt>
      <trkpt lat="24.468536563217639923095703125" lon="118.1518591381609439849853515625">
        <ele>234.8000030517578125</ele>
        <time>2026-06-15T09:16:42.000Z</time>
        <extensions>
          <ns3:TrackPointExtension>
            <ns3:hr>96</ns3:hr>
            <ns3:cad>62</ns3:cad>
          </ns3:TrackPointExtension>
        </extensions>
      </trkpt>
      <trkpt lat="24.46853748522698879241943359375" lon="118.15185318700969219207763671875">
        <ele>234.600006103515625</ele>
        <time>2026-06-15T09:16:43.000Z</time>
        <extensions>
          <ns3:TrackPointExtension>
            <ns3:hr>95</ns3:hr>
            <ns3:cad>62</ns3:cad>
          </ns3:TrackPointExtension>
        </extensions>
      </trkpt>
      <trkpt lat="24.46853564120829105377197265625" lon="118.1518433801829814910888671875">
        <ele>234.399993896484375</ele>
        <time>2026-06-15T09:16:44.000Z</time>
        <extensions>
          <ns3:TrackPointExtension>
            <ns3:hr>96</ns3:hr>
            <ns3:cad>62</ns3:cad>
          </ns3:TrackPointExtension>
        </extensions>
      </trkpt>
      <trkpt lat="24.4685389101505279541015625" lon="118.1518303044140338897705078125">
        <ele>234.1999969482421875</ele>
        <time>2026-06-15T09:16:45.000Z</time>
        <extensions>
          <ns3:TrackPointExtension>
            <ns3:hr>96</ns3:hr>
            <ns3:cad>62</ns3:cad>
          </ns3:TrackPointExtension>
        </extensions>
      </trkpt>
      <trkpt lat="24.468538574874401092529296875" lon="118.15181748010218143463134765625">
        <ele>234</ele>
        <time>2026-06-15T09:16:46.000Z</time>
        <extensions>
          <ns3:TrackPointExtension>
            <ns3:hr>96</ns3:hr>
            <ns3:cad>58</ns3:cad>
          </ns3:TrackPointExtension>
        </extensions>
      </trkpt>
      <trkpt lat="24.46853681467473506927490234375" lon="118.15180792473256587982177734375">
        <ele>233.8000030517578125</ele>
        <time>2026-06-15T09:16:47.000Z</time>
        <extensions>
          <ns3:TrackPointExtension>
            <ns3:hr>95</ns3:hr>
            <ns3:cad>58</ns3:cad>
          </ns3:TrackPointExtension>
        </extensions>
      </trkpt>
      <trkpt lat="24.4685367308557033538818359375" lon="118.15180264413356781005859375">
        <ele>233.8000030517578125</ele>
        <time>2026-06-15T09:16:48.000Z</time>
        <extensions>
          <ns3:TrackPointExtension>
            <ns3:hr>96</ns3:hr>
            <ns3:cad>58</ns3:cad>
          </ns3:TrackPointExtension>
        </extensions>
      </trkpt>
      <trkpt lat="24.46853664703667163848876953125" lon="118.1517981179058551788330078125">
        <ele>233.8000030517578125</ele>
        <time>2026-06-15T09:16:49.000Z</time>
        <extensions>
          <ns3:TrackPointExtension>
            <ns3:hr>96</ns3:hr>
            <ns3:cad>58</ns3:cad>
          </ns3:TrackPointExtension>
        </extensions>
      </trkpt>
      <trkpt lat="24.46853949688374996185302734375" lon="118.15180004574358463287353515625">
        <ele>233.8000030517578125</ele>
        <time>2026-06-15T09:16:50.000Z</time>
        <extensions>
          <ns3:TrackPointExtension>
            <ns3:hr>96</ns3:hr>
            <ns3:cad>0</ns3:cad>
          </ns3:TrackPointExtension>
        </extensions>
      </trkpt>
      <trkpt lat="24.46855123154819011688232421875" lon="118.15178797580301761627197265625">
        <ele>233.8000030517578125</ele>
        <time>2026-06-15T09:16:51.000Z</time>
        <extensions>
          <ns3:TrackPointExtension>
            <ns3:hr>95</ns3:hr>
            <ns3:cad>0</ns3:cad>
          </ns3:TrackPointExtension>
        </extensions>
      </trkpt>
      <trkpt lat="24.46855743415653705596923828125" lon="118.15178177319467067718505859375">
        <ele>233.8000030517578125</ele>
        <time>2026-06-15T09:16:52.000Z</time>
        <extensions>
          <ns3:TrackPointExtension>
            <ns3:hr>96</ns3:hr>
            <ns3:cad>0</ns3:cad>
          </ns3:TrackPointExtension>
        </extensions>
      </trkpt>
      <trkpt lat="24.46856950409710407257080078125" lon="118.1517739780247211456298828125">
        <ele>233.8000030517578125</ele>
        <time>2026-06-15T09:16:53.000Z</time>
        <extensions>
          <ns3:TrackPointExtension>
            <ns3:hr>96</ns3:hr>
            <ns3:cad>0</ns3:cad>
          </ns3:TrackPointExtension>
        </extensions>
      </trkpt>
      <trkpt lat="24.4685819931328296661376953125" lon="118.1517655961215496063232421875">
        <ele>233.8000030517578125</ele>
        <time>2026-06-15T09:16:54.000Z</time>
        <extensions>
          <ns3:TrackPointExtension>
            <ns3:hr>95</ns3:hr>
            <ns3:cad>0</ns3:cad>
          </ns3:TrackPointExtension>
        </extensions>
      </trkpt>
      <trkpt lat="24.46859314106404781341552734375" lon="118.1517588905990123748779296875">
        <ele>233.600006103515625</ele>
        <time>2026-06-15T09:16:55.000Z</time>
        <extensions>
          <ns3:TrackPointExtension>
            <ns3:hr>95</ns3:hr>
            <ns3:cad>0</ns3:cad>
          </ns3:TrackPointExtension>
        </extensions>
      </trkpt>
      <trkpt lat="24.4686007685959339141845703125" lon="118.1517536938190460205078125">
        <ele>233.600006103515625</ele>
        <time>2026-06-15T09:16:56.000Z</time>
        <extensions>
          <ns3:TrackPointExtension>
            <ns3:hr>95</ns3:hr>
            <ns3:cad>0</ns3:cad>
          </ns3:TrackPointExtension>
        </extensions>
      </trkpt>
      <trkpt lat="24.46861208416521549224853515625" lon="118.1517441384494304656982421875">
        <ele>233.399993896484375</ele>
        <time>2026-06-15T09:16:57.000Z</time>
        <extensions>
          <ns3:TrackPointExtension>
            <ns3:hr>95</ns3:hr>
            <ns3:cad>0</ns3:cad>
          </ns3:TrackPointExtension>
        </extensions>
      </trkpt>
      <trkpt lat="24.468620382249355316162109375" lon="118.15173416398465633392333984375">
        <ele>233.1999969482421875</ele>
        <time>2026-06-15T09:16:58.000Z</time>
        <extensions>
          <ns3:TrackPointExtension>
            <ns3:hr>95</ns3:hr>
            <ns3:cad>0</ns3:cad>
          </ns3:TrackPointExtension>
        </extensions>
      </trkpt>
      <trkpt lat="24.46862331591546535491943359375" lon="118.1517277099192142486572265625">
        <ele>232.8000030517578125</ele>
        <time>2026-06-15T09:16:59.000Z</time>
        <extensions>
          <ns3:TrackPointExtension>
            <ns3:hr>95</ns3:hr>
            <ns3:cad>0</ns3:cad>
          </ns3:TrackPointExtension>
        </extensions>
      </trkpt>
      <trkpt lat="24.46862247772514820098876953125" lon="118.15172377042472362518310546875">
        <ele>232.399993896484375</ele>
        <time>2026-06-15T09:17:00.000Z</time>
        <extensions>
          <ns3:TrackPointExtension>
            <ns3:hr>95</ns3:hr>
            <ns3:cad>85</ns3:cad>
          </ns3:TrackPointExtension>
        </extensions>
      </trkpt>
      <trkpt lat="24.46862096898257732391357421875" lon="118.15171890892088413238525390625">
        <ele>232</ele>
        <time>2026-06-15T09:17:01.000Z</time>
        <extensions>
          <ns3:TrackPointExtension>
            <ns3:hr>95</ns3:hr>
            <ns3:cad>85</ns3:cad>
          </ns3:TrackPointExtension>
        </extensions>
      </trkpt>
      <trkpt lat="24.4686185382306575775146484375" lon="118.15171320922672748565673828125">
        <ele>231.600006103515625</ele>
        <time>2026-06-15T09:17:02.000Z</time>
        <extensions>
          <ns3:TrackPointExtension>
            <ns3:hr>95</ns3:hr>
            <ns3:cad>0</ns3:cad>
          </ns3:TrackPointExtension>
        </extensions>
      </trkpt>
      <trkpt lat="24.46861761622130870819091796875" lon="118.151708431541919708251953125">
        <ele>231.399993896484375</ele>
        <time>2026-06-15T09:17:03.000Z</time>
        <extensions>
          <ns3:TrackPointExtension>
            <ns3:hr>95</ns3:hr>
            <ns3:cad>0</ns3:cad>
          </ns3:TrackPointExtension>
        </extensions>
      </trkpt>
      <trkpt lat="24.46861795149743556976318359375" lon="118.151707090437412261962890625">
        <ele>231.1999969482421875</ele>
        <time>2026-06-15T09:17:04.000Z</time>
        <extensions>
          <ns3:TrackPointExtension>
            <ns3:hr>95</ns3:hr>
            <ns3:cad>0</ns3:cad>
          </ns3:TrackPointExtension>
        </extensions>
      </trkpt>
      <trkpt lat="24.46862272918224334716796875" lon="118.1517018936574459075927734375">
        <ele>231.1999969482421875</ele>
        <time>2026-06-15T09:17:05.000Z</time>
        <extensions>
          <ns3:TrackPointExtension>
            <ns3:hr>95</ns3:hr>
            <ns3:cad>0</ns3:cad>
          </ns3:TrackPointExtension>
        </extensions>
      </trkpt>
      <trkpt lat="24.46862834505736827850341796875" lon="118.15169401466846466064453125">
        <ele>231</ele>
        <time>2026-06-15T09:17:06.000Z</time>
        <extensions>
          <ns3:TrackPointExtension>
            <ns3:hr>96</ns3:hr>
            <ns3:cad>0</ns3:cad>
          </ns3:TrackPointExtension>
        </extensions>
      </trkpt>
      <trkpt lat="24.46863404475152492523193359375" lon="118.151683621108531951904296875">
        <ele>230.8000030517578125</ele>
        <time>2026-06-15T09:17:07.000Z</time>
        <extensions>
          <ns3:TrackPointExtension>
            <ns3:hr>97</ns3:hr>
            <ns3:cad>0</ns3:cad>
          </ns3:TrackPointExtension>
        </extensions>
      </trkpt>
      <trkpt lat="24.46864209137856960296630859375" lon="118.15167448483407497406005859375">
        <ele>230.399993896484375</ele>
        <time>2026-06-15T09:17:08.000Z</time>
        <extensions>
          <ns3:TrackPointExtension>
            <ns3:hr>98</ns3:hr>
            <ns3:cad>0</ns3:cad>
          </ns3:TrackPointExtension>
        </extensions>
      </trkpt>
      <trkpt lat="24.46865047328174114227294921875" lon="118.15166945569217205047607421875">
        <ele>230</ele>
        <time>2026-06-15T09:17:09.000Z</time>
        <extensions>
          <ns3:TrackPointExtension>
            <ns3:hr>99</ns3:hr>
            <ns3:cad>0</ns3:cad>
          </ns3:TrackPointExtension>
        </extensions>
      </trkpt>
      <trkpt lat="24.46866162121295928955078125" lon="118.1516680307686328887939453125">
        <ele>229.600006103515625</ele>
        <time>2026-06-15T09:17:10.000Z</time>
        <extensions>
          <ns3:TrackPointExtension>
            <ns3:hr>98</ns3:hr>
            <ns3:cad>0</ns3:cad>
          </ns3:TrackPointExtension>
        </extensions>
      </trkpt>
      <trkpt lat="24.46867394261062145233154296875" lon="118.15166409127414226531982421875">
        <ele>229.1999969482421875</ele>
        <time>2026-06-15T09:17:11.000Z</time>
        <extensions>
          <ns3:TrackPointExtension>
            <ns3:hr>96</ns3:hr>
            <ns3:cad>0</ns3:cad>
          </ns3:TrackPointExtension>
        </extensions>
      </trkpt>
      <trkpt lat="24.46868433617055416107177734375" lon="118.1516549549996852874755859375">
        <ele>228.8000030517578125</ele>
        <time>2026-06-15T09:17:12.000Z</time>
        <extensions>
          <ns3:TrackPointExtension>
            <ns3:hr>95</ns3:hr>
            <ns3:cad>0</ns3:cad>
          </ns3:TrackPointExtension>
        </extensions>
      </trkpt>
      <trkpt lat="24.46869405917823314666748046875" lon="118.15164447762072086334228515625">
        <ele>228.399993896484375</ele>
        <time>2026-06-15T09:17:13.000Z</time>
        <extensions>
          <ns3:TrackPointExtension>
            <ns3:hr>94</ns3:hr>
            <ns3:cad>0</ns3:cad>
          </ns3:TrackPointExtension>
        </extensions>
      </trkpt>
      <trkpt lat="24.46870478801429271697998046875" lon="118.15163366496562957763671875">
        <ele>228</ele>
        <time>2026-06-15T09:17:14.000Z</time>
        <extensions>
          <ns3:TrackPointExtension>
            <ns3:hr>93</ns3:hr>
            <ns3:cad>0</ns3:cad>
          </ns3:TrackPointExtension>
        </extensions>
      </trkpt>
      <trkpt lat="24.4687191210687160491943359375" lon="118.151623271405696868896484375">
        <ele>227.600006103515625</ele>
        <time>2026-06-15T09:17:15.000Z</time>
        <extensions>
          <ns3:TrackPointExtension>
            <ns3:hr>93</ns3:hr>
            <ns3:cad>0</ns3:cad>
          </ns3:TrackPointExtension>
        </extensions>
      </trkpt>
      <trkpt lat="24.46873026899993419647216796875" lon="118.15161480568349361419677734375">
        <ele>227.1999969482421875</ele>
        <time>2026-06-15T09:17:16.000Z</time>
        <extensions>
          <ns3:TrackPointExtension>
            <ns3:hr>92</ns3:hr>
            <ns3:cad>0</ns3:cad>
          </ns3:TrackPointExtension>
        </extensions>
      </trkpt>
      <trkpt lat="24.4687348790466785430908203125" lon="118.15160960890352725982666015625">
        <ele>226.8000030517578125</ele>
        <time>2026-06-15T09:17:17.000Z</time>
        <extensions>
          <ns3:TrackPointExtension>
            <ns3:hr>93</ns3:hr>
            <ns3:cad>0</ns3:cad>
          </ns3:TrackPointExtension>
        </extensions>
      </trkpt>
      <trkpt lat="24.4687409140169620513916015625" lon="118.15160323865711688995361328125">
        <ele>226.600006103515625</ele>
        <time>2026-06-15T09:17:18.000Z</time>
        <extensions>
          <ns3:TrackPointExtension>
            <ns3:hr>93</ns3:hr>
            <ns3:cad>0</ns3:cad>
          </ns3:TrackPointExtension>
        </extensions>
      </trkpt>
      <trkpt lat="24.46874476969242095947265625" lon="118.1515939347445964813232421875">
        <ele>226.1999969482421875</ele>
        <time>2026-06-15T09:17:19.000Z</time>
        <extensions>
          <ns3:TrackPointExtension>
            <ns3:hr>93</ns3:hr>
            <ns3:cad>0</ns3:cad>
          </ns3:TrackPointExtension>
        </extensions>
      </trkpt>
      <trkpt lat="24.46874787099659442901611328125" lon="118.15158563666045665740966796875">
        <ele>225.8000030517578125</ele>
        <time>2026-06-15T09:17:20.000Z</time>
        <extensions>
          <ns3:TrackPointExtension>
            <ns3:hr>93</ns3:hr>
            <ns3:cad>75</ns3:cad>
          </ns3:TrackPointExtension>
        </extensions>
      </trkpt>
      <trkpt lat="24.46874904446303844451904296875" lon="118.151575662195682525634765625">
        <ele>225.399993896484375</ele>
        <time>2026-06-15T09:17:21.000Z</time>
        <extensions>
          <ns3:TrackPointExtension>
            <ns3:hr>94</ns3:hr>
            <ns3:cad>75</ns3:cad>
          </ns3:TrackPointExtension>
        </extensions>
      </trkpt>
      <trkpt lat="24.4687506370246410369873046875" lon="118.15156870521605014801025390625">
        <ele>225</ele>
        <time>2026-06-15T09:17:22.000Z</time>
        <extensions>
          <ns3:TrackPointExtension>
            <ns3:hr>94</ns3:hr>
            <ns3:cad>75</ns3:cad>
          </ns3:TrackPointExtension>
        </extensions>
      </trkpt>
      <trkpt lat="24.46875549852848052978515625" lon="118.1515604071319103240966796875">
        <ele>224.600006103515625</ele>
        <time>2026-06-15T09:17:23.000Z</time>
        <extensions>
          <ns3:TrackPointExtension>
            <ns3:hr>95</ns3:hr>
            <ns3:cad>75</ns3:cad>
          </ns3:TrackPointExtension>
        </extensions>
      </trkpt>
      <trkpt lat="24.46875994093716144561767578125" lon="118.151550181210041046142578125">
        <ele>224</ele>
        <time>2026-06-15T09:17:24.000Z</time>
        <extensions>
          <ns3:TrackPointExtension>
            <ns3:hr>96</ns3:hr>
            <ns3:cad>75</ns3:cad>
          </ns3:TrackPointExtension>
        </extensions>
      </trkpt>
      <trkpt lat="24.46876614354550838470458984375" lon="118.1515372730791568756103515625">
        <ele>223.600006103515625</ele>
        <time>2026-06-15T09:17:25.000Z</time>
        <extensions>
          <ns3:TrackPointExtension>
            <ns3:hr>97</ns3:hr>
            <ns3:cad>75</ns3:cad>
          </ns3:TrackPointExtension>
        </extensions>
      </trkpt>
      <trkpt lat="24.4687690772116184234619140625" lon="118.1515324115753173828125">
        <ele>223.399993896484375</ele>
        <time>2026-06-15T09:17:26.000Z</time>
        <extensions>
          <ns3:TrackPointExtension>
            <ns3:hr>97</ns3:hr>
            <ns3:cad>62</ns3:cad>
          </ns3:TrackPointExtension>
        </extensions>
      </trkpt>
      <trkpt lat="24.4687737710773944854736328125" lon="118.151525370776653289794921875">
        <ele>223</ele>
        <time>2026-06-15T09:17:27.000Z</time>
        <extensions>
          <ns3:TrackPointExtension>
            <ns3:hr>97</ns3:hr>
            <ns3:cad>62</ns3:cad>
          </ns3:TrackPointExtension>
        </extensions>
      </trkpt>
      <trkpt lat="24.4687771238386631011962890625" lon="118.15152109600603580474853515625">
        <ele>222.8000030517578125</ele>
        <time>2026-06-15T09:17:28.000Z</time>
        <extensions>
          <ns3:TrackPointExtension>
            <ns3:hr>98</ns3:hr>
            <ns3:cad>62</ns3:cad>
          </ns3:TrackPointExtension>
        </extensions>
      </trkpt>
      <trkpt lat="24.46878307498991489410400390625" lon="118.15151028335094451904296875">
        <ele>222.600006103515625</ele>
        <time>2026-06-15T09:17:29.000Z</time>
        <extensions>
          <ns3:TrackPointExtension>
            <ns3:hr>97</ns3:hr>
            <ns3:cad>62</ns3:cad>
          </ns3:TrackPointExtension>
        </extensions>
      </trkpt>
      <trkpt lat="24.46878776885569095611572265625" lon="118.1515040807425975799560546875">
        <ele>222.399993896484375</ele>
        <time>2026-06-15T09:17:30.000Z</time>
        <extensions>
          <ns3:TrackPointExtension>
            <ns3:hr>97</ns3:hr>
            <ns3:cad>60</ns3:cad>
          </ns3:TrackPointExtension>
        </extensions>
      </trkpt>
      <trkpt lat="24.46879296563565731048583984375" lon="118.151498548686504364013671875">
        <ele>222.1999969482421875</ele>
        <time>2026-06-15T09:17:31.000Z</time>
        <extensions>
          <ns3:TrackPointExtension>
            <ns3:hr>97</ns3:hr>
            <ns3:cad>60</ns3:cad>
          </ns3:TrackPointExtension>
        </extensions>
      </trkpt>
      <trkpt lat="24.46879531256854534149169921875" lon="118.15149326808750629425048828125">
        <ele>222</ele>
        <time>2026-06-15T09:17:32.000Z</time>
        <extensions>
          <ns3:TrackPointExtension>
            <ns3:hr>97</ns3:hr>
            <ns3:cad>0</ns3:cad>
          </ns3:TrackPointExtension>
        </extensions>
      </trkpt>
      <trkpt lat="24.46879573166370391845703125" lon="118.1514930166304111480712890625">
        <ele>222</ele>
        <time>2026-06-15T09:17:33.000Z</time>
        <extensions>
          <ns3:TrackPointExtension>
            <ns3:hr>96</ns3:hr>
            <ns3:cad>0</ns3:cad>
          </ns3:TrackPointExtension>
        </extensions>
      </trkpt>
      <trkpt lat="24.468798078596591949462890625" lon="118.15149150788784027099609375">
        <ele>222</ele>
        <time>2026-06-15T09:17:34.000Z</time>
        <extensions>
          <ns3:TrackPointExtension>
            <ns3:hr>96</ns3:hr>
            <ns3:cad>0</ns3:cad>
          </ns3:TrackPointExtension>
        </extensions>
      </trkpt>
      <trkpt lat="24.4687995873391628265380859375" lon="118.15149092115461826324462890625">
        <ele>221.8000030517578125</ele>
        <time>2026-06-15T09:17:35.000Z</time>
        <extensions>
          <ns3:TrackPointExtension>
            <ns3:hr>96</ns3:hr>
            <ns3:cad>0</ns3:cad>
          </ns3:TrackPointExtension>
        </extensions>
      </trkpt>
      <trkpt lat="24.468804113566875457763671875" lon="118.151486814022064208984375">
        <ele>221.8000030517578125</ele>
        <time>2026-06-15T09:17:36.000Z</time>
        <extensions>
          <ns3:TrackPointExtension>
            <ns3:hr>95</ns3:hr>
            <ns3:cad>0</ns3:cad>
          </ns3:TrackPointExtension>
        </extensions>
      </trkpt>
      <trkpt lat="24.46881257928907871246337890625" lon="118.15148438327014446258544921875">
        <ele>221.600006103515625</ele>
        <time>2026-06-15T09:17:37.000Z</time>
        <extensions>
          <ns3:TrackPointExtension>
            <ns3:hr>95</ns3:hr>
            <ns3:cad>0</ns3:cad>
          </ns3:TrackPointExtension>
        </extensions>
      </trkpt>
      <trkpt lat="24.468820206820964813232421875" lon="118.1514806114137172698974609375">
        <ele>221.399993896484375</ele>
        <time>2026-06-15T09:17:38.000Z</time>
        <extensions>
          <ns3:TrackPointExtension>
            <ns3:hr>95</ns3:hr>
            <ns3:cad>0</ns3:cad>
          </ns3:TrackPointExtension>
        </extensions>
      </trkpt>
      <trkpt lat="24.4688297621905803680419921875" lon="118.15147633664309978485107421875">
        <ele>221</ele>
        <time>2026-06-15T09:17:39.000Z</time>
        <extensions>
          <ns3:TrackPointExtension>
            <ns3:hr>95</ns3:hr>
            <ns3:cad>0</ns3:cad>
          </ns3:TrackPointExtension>
        </extensions>
      </trkpt>
      <trkpt lat="24.46883755736052989959716796875" lon="118.15147181041538715362548828125">
        <ele>220.8000030517578125</ele>
        <time>2026-06-15T09:17:40.000Z</time>
        <extensions>
          <ns3:TrackPointExtension>
            <ns3:hr>95</ns3:hr>
            <ns3:cad>0</ns3:cad>
          </ns3:TrackPointExtension>
        </extensions>
      </trkpt>
      <trkpt lat="24.46884334087371826171875" lon="118.15146761946380138397216796875">
        <ele>220.399993896484375</ele>
        <time>2026-06-15T09:17:41.000Z</time>
        <extensions>
          <ns3:TrackPointExtension>
            <ns3:hr>94</ns3:hr>
            <ns3:cad>0</ns3:cad>
          </ns3:TrackPointExtension>
        </extensions>
      </trkpt>
      <trkpt lat="24.4688468612730503082275390625" lon="118.151463009417057037353515625">
        <ele>220</ele>
        <time>2026-06-15T09:17:42.000Z</time>
        <extensions>
          <ns3:TrackPointExtension>
            <ns3:hr>94</ns3:hr>
            <ns3:cad>0</ns3:cad>
          </ns3:TrackPointExtension>
        </extensions>
      </trkpt>
      <trkpt lat="24.46885365061461925506591796875" lon="118.1514591537415981292724609375">
        <ele>219.600006103515625</ele>
        <time>2026-06-15T09:17:43.000Z</time>
        <extensions>
          <ns3:TrackPointExtension>
            <ns3:hr>94</ns3:hr>
            <ns3:cad>0</ns3:cad>
          </ns3:TrackPointExtension>
        </extensions>
      </trkpt>
      <trkpt lat="24.4688634574413299560546875" lon="118.15145387314260005950927734375">
        <ele>219.1999969482421875</ele>
        <time>2026-06-15T09:17:44.000Z</time>
        <extensions>
          <ns3:TrackPointExtension>
            <ns3:hr>94</ns3:hr>
            <ns3:cad>71</ns3:cad>
          </ns3:TrackPointExtension>
        </extensions>
      </trkpt>
      <trkpt lat="24.46887041442096233367919921875" lon="118.15145504660904407501220703125">
        <ele>218.8000030517578125</ele>
        <time>2026-06-15T09:17:45.000Z</time>
        <extensions>
          <ns3:TrackPointExtension>
            <ns3:hr>94</ns3:hr>
            <ns3:cad>71</ns3:cad>
          </ns3:TrackPointExtension>
        </extensions>
      </trkpt>
      <trkpt lat="24.468875192105770111083984375" lon="118.1514558009803295135498046875">
        <ele>218.399993896484375</ele>
        <time>2026-06-15T09:17:46.000Z</time>
        <extensions>
          <ns3:TrackPointExtension>
            <ns3:hr>94</ns3:hr>
            <ns3:cad>71</ns3:cad>
          </ns3:TrackPointExtension>
        </extensions>
      </trkpt>
      <trkpt lat="24.46887888014316558837890625" lon="118.15145873464643955230712890625">
        <ele>218.1999969482421875</ele>
        <time>2026-06-15T09:17:47.000Z</time>
        <extensions>
          <ns3:TrackPointExtension>
            <ns3:hr>93</ns3:hr>
            <ns3:cad>71</ns3:cad>
          </ns3:TrackPointExtension>
        </extensions>
      </trkpt>
      <trkpt lat="24.46888265199959278106689453125" lon="118.15146267414093017578125">
        <ele>218</ele>
        <time>2026-06-15T09:17:48.000Z</time>
        <extensions>
          <ns3:TrackPointExtension>
            <ns3:hr>93</ns3:hr>
            <ns3:cad>0</ns3:cad>
          </ns3:TrackPointExtension>
        </extensions>
      </trkpt>
      <trkpt lat="24.4688894413411617279052734375" lon="118.1514688767492771148681640625">
        <ele>217.8000030517578125</ele>
        <time>2026-06-15T09:17:49.000Z</time>
        <extensions>
          <ns3:TrackPointExtension>
            <ns3:hr>93</ns3:hr>
            <ns3:cad>0</ns3:cad>
          </ns3:TrackPointExtension>
        </extensions>
      </trkpt>
      <trkpt lat="24.4688956439495086669921875" lon="118.1514742411673069000244140625">
        <ele>217.600006103515625</ele>
        <time>2026-06-15T09:17:50.000Z</time>
        <extensions>
          <ns3:TrackPointExtension>
            <ns3:hr>94</ns3:hr>
            <ns3:cad>0</ns3:cad>
          </ns3:TrackPointExtension>
        </extensions>
      </trkpt>
      <trkpt lat="24.46890360675752162933349609375" lon="118.15147541463375091552734375">
        <ele>217.399993896484375</ele>
        <time>2026-06-15T09:17:51.000Z</time>
        <extensions>
          <ns3:TrackPointExtension>
            <ns3:hr>94</ns3:hr>
            <ns3:cad>62</ns3:cad>
          </ns3:TrackPointExtension>
        </extensions>
      </trkpt>
      <trkpt lat="24.46891131810843944549560546875" lon="118.15147851593792438507080078125">
        <ele>217.1999969482421875</ele>
        <time>2026-06-15T09:17:52.000Z</time>
        <extensions>
          <ns3:TrackPointExtension>
            <ns3:hr>94</ns3:hr>
            <ns3:cad>62</ns3:cad>
          </ns3:TrackPointExtension>
        </extensions>
      </trkpt>
      <trkpt lat="24.46892187930643558502197265625" lon="118.15147918649017810821533203125">
        <ele>216.8000030517578125</ele>
        <time>2026-06-15T09:17:53.000Z</time>
        <extensions>
          <ns3:TrackPointExtension>
            <ns3:hr>95</ns3:hr>
            <ns3:cad>62</ns3:cad>
          </ns3:TrackPointExtension>
        </extensions>
      </trkpt>
      <trkpt lat="24.4689290039241313934326171875" lon="118.15147751010954380035400390625">
        <ele>216.399993896484375</ele>
        <time>2026-06-15T09:17:54.000Z</time>
        <extensions>
          <ns3:TrackPointExtension>
            <ns3:hr>95</ns3:hr>
            <ns3:cad>62</ns3:cad>
          </ns3:TrackPointExtension>
        </extensions>
      </trkpt>
      <trkpt lat="24.4689367152750492095947265625" lon="118.15147273242473602294921875">
        <ele>216</ele>
        <time>2026-06-15T09:17:55.000Z</time>
        <extensions>
          <ns3:TrackPointExtension>
            <ns3:hr>95</ns3:hr>
            <ns3:cad>66</ns3:cad>
          </ns3:TrackPointExtension>
        </extensions>
      </trkpt>
      <trkpt lat="24.4689452648162841796875" lon="118.15146929584443569183349609375">
        <ele>215.600006103515625</ele>
        <time>2026-06-15T09:17:56.000Z</time>
        <extensions>
          <ns3:TrackPointExtension>
            <ns3:hr>95</ns3:hr>
            <ns3:cad>66</ns3:cad>
          </ns3:TrackPointExtension>
        </extensions>
      </trkpt>
      <trkpt lat="24.468950964510440826416015625" lon="118.151465021073818206787109375">
        <ele>215.399993896484375</ele>
        <time>2026-06-15T09:17:57.000Z</time>
        <extensions>
          <ns3:TrackPointExtension>
            <ns3:hr>94</ns3:hr>
            <ns3:cad>66</ns3:cad>
          </ns3:TrackPointExtension>
        </extensions>
      </trkpt>
      <trkpt lat="24.4689608551561832427978515625" lon="118.15145772881805896759033203125">
        <ele>215</ele>
        <time>2026-06-15T09:17:58.000Z</time>
        <extensions>
          <ns3:TrackPointExtension>
            <ns3:hr>94</ns3:hr>
            <ns3:cad>66</ns3:cad>
          </ns3:TrackPointExtension>
        </extensions>
      </trkpt>
      <trkpt lat="24.46897116489708423614501953125" lon="118.15145554952323436737060546875">
        <ele>214.600006103515625</ele>
        <time>2026-06-15T09:17:59.000Z</time>
        <extensions>
          <ns3:TrackPointExtension>
            <ns3:hr>94</ns3:hr>
            <ns3:cad>66</ns3:cad>
          </ns3:TrackPointExtension>
        </extensions>
      </trkpt>
      <trkpt lat="24.46898541413247585296630859375" lon="118.15145261585712432861328125">
        <ele>214.1999969482421875</ele>
        <time>2026-06-15T09:18:00.000Z</time>
        <extensions>
          <ns3:TrackPointExtension>
            <ns3:hr>95</ns3:hr>
            <ns3:cad>66</ns3:cad>
          </ns3:TrackPointExtension>
        </extensions>
      </trkpt>
      <trkpt lat="24.46899480186402797698974609375" lon="118.15145554952323436737060546875">
        <ele>214</ele>
        <time>2026-06-15T09:18:01.000Z</time>
        <extensions>
          <ns3:TrackPointExtension>
            <ns3:hr>95</ns3:hr>
            <ns3:cad>66</ns3:cad>
          </ns3:TrackPointExtension>
        </extensions>
      </trkpt>
      <trkpt lat="24.46900335140526294708251953125" lon="118.15146225504577159881591796875">
        <ele>213.8000030517578125</ele>
        <time>2026-06-15T09:18:02.000Z</time>
        <extensions>
          <ns3:TrackPointExtension>
            <ns3:hr>95</ns3:hr>
            <ns3:cad>66</ns3:cad>
          </ns3:TrackPointExtension>
        </extensions>
      </trkpt>
      <trkpt lat="24.4690165109932422637939453125" lon="118.1514638476073741912841796875">
        <ele>213.600006103515625</ele>
        <time>2026-06-15T09:18:03.000Z</time>
        <extensions>
          <ns3:TrackPointExtension>
            <ns3:hr>95</ns3:hr>
            <ns3:cad>66</ns3:cad>
          </ns3:TrackPointExtension>
        </extensions>
      </trkpt>
      <trkpt lat="24.4690305925905704498291015625" lon="118.1514625065028667449951171875">
        <ele>213.399993896484375</ele>
        <time>2026-06-15T09:18:04.000Z</time>
        <extensions>
          <ns3:TrackPointExtension>
            <ns3:hr>95</ns3:hr>
            <ns3:cad>66</ns3:cad>
          </ns3:TrackPointExtension>
        </extensions>
      </trkpt>
      <trkpt lat="24.4690426625311374664306640625" lon="118.15145974047482013702392578125">
        <ele>213</ele>
        <time>2026-06-15T09:18:05.000Z</time>
        <extensions>
          <ns3:TrackPointExtension>
            <ns3:hr>94</ns3:hr>
            <ns3:cad>66</ns3:cad>
          </ns3:TrackPointExtension>
        </extensions>
      </trkpt>
      <trkpt lat="24.46904861368238925933837890625" lon="118.1514534540474414825439453125">
        <ele>212.8000030517578125</ele>
        <time>2026-06-15T09:18:06.000Z</time>
        <extensions>
          <ns3:TrackPointExtension>
            <ns3:hr>94</ns3:hr>
            <ns3:cad>66</ns3:cad>
          </ns3:TrackPointExtension>
        </extensions>
      </trkpt>
      <trkpt lat="24.4690584205090999603271484375" lon="118.1514490954577922821044921875">
        <ele>212.600006103515625</ele>
        <time>2026-06-15T09:18:07.000Z</time>
        <extensions>
          <ns3:TrackPointExtension>
            <ns3:hr>94</ns3:hr>
            <ns3:cad>66</ns3:cad>
          </ns3:TrackPointExtension>
        </extensions>
      </trkpt>
      <trkpt lat="24.46906797587871551513671875" lon="118.1514454074203968048095703125">
        <ele>212.399993896484375</ele>
        <time>2026-06-15T09:18:08.000Z</time>
        <extensions>
          <ns3:TrackPointExtension>
            <ns3:hr>94</ns3:hr>
            <ns3:cad>66</ns3:cad>
          </ns3:TrackPointExtension>
        </extensions>
      </trkpt>
      <trkpt lat="24.4690740108489990234375" lon="118.1514423899352550506591796875">
        <ele>212.1999969482421875</ele>
        <time>2026-06-15T09:18:09.000Z</time>
        <extensions>
          <ns3:TrackPointExtension>
            <ns3:hr>95</ns3:hr>
            <ns3:cad>57</ns3:cad>
          </ns3:TrackPointExtension>
        </extensions>
      </trkpt>
      <trkpt lat="24.4690807163715362548828125" lon="118.15144213847815990447998046875">
        <ele>212</ele>
        <time>2026-06-15T09:18:10.000Z</time>
        <extensions>
          <ns3:TrackPointExtension>
            <ns3:hr>94</ns3:hr>
            <ns3:cad>57</ns3:cad>
          </ns3:TrackPointExtension>
        </extensions>
      </trkpt>
      <trkpt lat="24.46908272802829742431640625" lon="118.15144130028784275054931640625">
        <ele>211.8000030517578125</ele>
        <time>2026-06-15T09:18:11.000Z</time>
        <extensions>
          <ns3:TrackPointExtension>
            <ns3:hr>94</ns3:hr>
            <ns3:cad>57</ns3:cad>
          </ns3:TrackPointExtension>
        </extensions>
      </trkpt>
      <trkpt lat="24.4690839014947414398193359375" lon="118.15144121646881103515625">
        <ele>211.399993896484375</ele>
        <time>2026-06-15T09:18:12.000Z</time>
        <extensions>
          <ns3:TrackPointExtension>
            <ns3:hr>94</ns3:hr>
            <ns3:cad>58</ns3:cad>
          </ns3:TrackPointExtension>
        </extensions>
      </trkpt>
      <trkpt lat="24.4690892659127712249755859375" lon="118.1514383666217327117919921875">
        <ele>211.1999969482421875</ele>
        <time>2026-06-15T09:18:13.000Z</time>
        <extensions>
          <ns3:TrackPointExtension>
            <ns3:hr>95</ns3:hr>
            <ns3:cad>58</ns3:cad>
          </ns3:TrackPointExtension>
        </extensions>
      </trkpt>
      <trkpt lat="24.46909186430275440216064453125" lon="118.15143694169819355010986328125">
        <ele>210.8000030517578125</ele>
        <time>2026-06-15T09:18:14.000Z</time>
        <extensions>
          <ns3:TrackPointExtension>
            <ns3:hr>94</ns3:hr>
            <ns3:cad>58</ns3:cad>
          </ns3:TrackPointExtension>
        </extensions>
      </trkpt>
      <trkpt lat="24.46909748017787933349609375" lon="118.1514340080320835113525390625">
        <ele>210.600006103515625</ele>
        <time>2026-06-15T09:18:15.000Z</time>
        <extensions>
          <ns3:TrackPointExtension>
            <ns3:hr>94</ns3:hr>
            <ns3:cad>58</ns3:cad>
          </ns3:TrackPointExtension>
        </extensions>
      </trkpt>
      <trkpt lat="24.46910527534782886505126953125" lon="118.15142956562340259552001953125">
        <ele>210.399993896484375</ele>
        <time>2026-06-15T09:18:16.000Z</time>
        <extensions>
          <ns3:TrackPointExtension>
            <ns3:hr>95</ns3:hr>
            <ns3:cad>58</ns3:cad>
          </ns3:TrackPointExtension>
        </extensions>
      </trkpt>
      <trkpt lat="24.4691063649952411651611328125" lon="118.15142420120537281036376953125">
        <ele>210</ele>
        <time>2026-06-15T09:18:17.000Z</time>
        <extensions>
          <ns3:TrackPointExtension>
            <ns3:hr>95</ns3:hr>
            <ns3:cad>0</ns3:cad>
          </ns3:TrackPointExtension>
        </extensions>
      </trkpt>
      <trkpt lat="24.4691063649952411651611328125" lon="118.1514155678451061248779296875">
        <ele>209.600006103515625</ele>
        <time>2026-06-15T09:18:18.000Z</time>
        <extensions>
          <ns3:TrackPointExtension>
            <ns3:hr>95</ns3:hr>
            <ns3:cad>0</ns3:cad>
          </ns3:TrackPointExtension>
        </extensions>
      </trkpt>
      <trkpt lat="24.46911214850842952728271484375" lon="118.15140777267515659332275390625">
        <ele>209</ele>
        <time>2026-06-15T09:18:19.000Z</time>
        <extensions>
          <ns3:TrackPointExtension>
            <ns3:hr>96</ns3:hr>
            <ns3:cad>0</ns3:cad>
          </ns3:TrackPointExtension>
        </extensions>
      </trkpt>
      <trkpt lat="24.46911835111677646636962890625" lon="118.15140291117131710052490234375">
        <ele>208.600006103515625</ele>
        <time>2026-06-15T09:18:20.000Z</time>
        <extensions>
          <ns3:TrackPointExtension>
            <ns3:hr>96</ns3:hr>
            <ns3:cad>0</ns3:cad>
          </ns3:TrackPointExtension>
        </extensions>
      </trkpt>
      <trkpt lat="24.46912237443029880523681640625" lon="118.1513974629342555999755859375">
        <ele>208.1999969482421875</ele>
        <time>2026-06-15T09:18:21.000Z</time>
        <extensions>
          <ns3:TrackPointExtension>
            <ns3:hr>96</ns3:hr>
            <ns3:cad>0</ns3:cad>
          </ns3:TrackPointExtension>
        </extensions>
      </trkpt>
      <trkpt lat="24.46912555955350399017333984375" lon="118.15139804966747760772705078125">
        <ele>207.8000030517578125</ele>
        <time>2026-06-15T09:18:22.000Z</time>
        <extensions>
          <ns3:TrackPointExtension>
            <ns3:hr>96</ns3:hr>
            <ns3:cad>0</ns3:cad>
          </ns3:TrackPointExtension>
        </extensions>
      </trkpt>
      <trkpt lat="24.46912891231477260589599609375" lon="118.15139335580170154571533203125">
        <ele>207.399993896484375</ele>
        <time>2026-06-15T09:18:23.000Z</time>
        <extensions>
          <ns3:TrackPointExtension>
            <ns3:hr>96</ns3:hr>
            <ns3:cad>0</ns3:cad>
          </ns3:TrackPointExtension>
        </extensions>
      </trkpt>
      <trkpt lat="24.4691331870853900909423828125" lon="118.1513914279639720916748046875">
        <ele>207.1999969482421875</ele>
        <time>2026-06-15T09:18:24.000Z</time>
        <extensions>
          <ns3:TrackPointExtension>
            <ns3:hr>96</ns3:hr>
            <ns3:cad>0</ns3:cad>
          </ns3:TrackPointExtension>
        </extensions>
      </trkpt>
      <trkpt lat="24.4691335223615169525146484375" lon="118.15138824284076690673828125">
        <ele>206.8000030517578125</ele>
        <time>2026-06-15T09:18:25.000Z</time>
        <extensions>
          <ns3:TrackPointExtension>
            <ns3:hr>96</ns3:hr>
            <ns3:cad>0</ns3:cad>
          </ns3:TrackPointExtension>
        </extensions>
      </trkpt>
      <trkpt lat="24.469132684171199798583984375" lon="118.1513870693743228912353515625">
        <ele>206.399993896484375</ele>
        <time>2026-06-15T09:18:26.000Z</time>
        <extensions>
          <ns3:TrackPointExtension>
            <ns3:hr>95</ns3:hr>
            <ns3:cad>0</ns3:cad>
          </ns3:TrackPointExtension>
        </extensions>
      </trkpt>
      <trkpt lat="24.46913260035216808319091796875" lon="118.15138748846948146820068359375">
        <ele>206.1999969482421875</ele>
        <time>2026-06-15T09:18:27.000Z</time>
        <extensions>
          <ns3:TrackPointExtension>
            <ns3:hr>95</ns3:hr>
            <ns3:cad>0</ns3:cad>
          </ns3:TrackPointExtension>
        </extensions>
      </trkpt>
      <trkpt lat="24.46913729421794414520263671875" lon="118.15138882957398891448974609375">
        <ele>206.1999969482421875</ele>
        <time>2026-06-15T09:18:28.000Z</time>
        <extensions>
          <ns3:TrackPointExtension>
            <ns3:hr>95</ns3:hr>
            <ns3:cad>0</ns3:cad>
          </ns3:TrackPointExtension>
        </extensions>
      </trkpt>
      <trkpt lat="24.469139389693737030029296875" lon="118.15138832665979862213134765625">
        <ele>206.1999969482421875</ele>
        <time>2026-06-15T09:18:29.000Z</time>
        <extensions>
          <ns3:TrackPointExtension>
            <ns3:hr>95</ns3:hr>
            <ns3:cad>0</ns3:cad>
          </ns3:TrackPointExtension>
        </extensions>
      </trkpt>
      <trkpt lat="24.4691412337124347686767578125" lon="118.15139226615428924560546875">
        <ele>206.1999969482421875</ele>
        <time>2026-06-15T09:18:30.000Z</time>
        <extensions>
          <ns3:TrackPointExtension>
            <ns3:hr>94</ns3:hr>
            <ns3:cad>0</ns3:cad>
          </ns3:TrackPointExtension>
        </extensions>
      </trkpt>
      <trkpt lat="24.46914768777787685394287109375" lon="118.151391930878162384033203125">
        <ele>206.1999969482421875</ele>
        <time>2026-06-15T09:18:31.000Z</time>
        <extensions>
          <ns3:TrackPointExtension>
            <ns3:hr>94</ns3:hr>
            <ns3:cad>0</ns3:cad>
          </ns3:TrackPointExtension>
        </extensions>
      </trkpt>
      <trkpt lat="24.46915204636752605438232421875" lon="118.1513954512774944305419921875">
        <ele>206</ele>
        <time>2026-06-15T09:18:32.000Z</time>
        <extensions>
          <ns3:TrackPointExtension>
            <ns3:hr>93</ns3:hr>
            <ns3:cad>0</ns3:cad>
          </ns3:TrackPointExtension>
        </extensions>
      </trkpt>
      <trkpt lat="24.469154812395572662353515625" lon="118.151399977505207061767578125">
        <ele>205.8000030517578125</ele>
        <time>2026-06-15T09:18:33.000Z</time>
        <extensions>
          <ns3:TrackPointExtension>
            <ns3:hr>92</ns3:hr>
            <ns3:cad>0</ns3:cad>
          </ns3:TrackPointExtension>
        </extensions>
      </trkpt>
      <trkpt lat="24.4691586680710315704345703125" lon="118.15140559338033199310302734375">
        <ele>205.399993896484375</ele>
        <time>2026-06-15T09:18:34.000Z</time>
        <extensions>
          <ns3:TrackPointExtension>
            <ns3:hr>92</ns3:hr>
            <ns3:cad>0</ns3:cad>
          </ns3:TrackPointExtension>
        </extensions>
      </trkpt>
      <trkpt lat="24.4691620208323001861572265625" lon="118.15140928141772747039794921875">
        <ele>205</ele>
        <time>2026-06-15T09:18:35.000Z</time>
        <extensions>
          <ns3:TrackPointExtension>
            <ns3:hr>92</ns3:hr>
            <ns3:cad>62</ns3:cad>
          </ns3:TrackPointExtension>
        </extensions>
      </trkpt>
      <trkpt lat="24.46916478686034679412841796875" lon="118.15141104161739349365234375">
        <ele>204.8000030517578125</ele>
        <time>2026-06-15T09:18:36.000Z</time>
        <extensions>
          <ns3:TrackPointExtension>
            <ns3:hr>91</ns3:hr>
            <ns3:cad>64</ns3:cad>
          </ns3:TrackPointExtension>
        </extensions>
      </trkpt>
      <trkpt lat="24.469164870679378509521484375" lon="118.15141565166413784027099609375">
        <ele>204.399993896484375</ele>
        <time>2026-06-15T09:18:37.000Z</time>
        <extensions>
          <ns3:TrackPointExtension>
            <ns3:hr>91</ns3:hr>
            <ns3:cad>64</ns3:cad>
          </ns3:TrackPointExtension>
        </extensions>
      </trkpt>
      <trkpt lat="24.46917031891644001007080078125" lon="118.1514251232147216796875">
        <ele>204</ele>
        <time>2026-06-15T09:18:38.000Z</time>
        <extensions>
          <ns3:TrackPointExtension>
            <ns3:hr>91</ns3:hr>
            <ns3:cad>64</ns3:cad>
          </ns3:TrackPointExtension>
        </extensions>
      </trkpt>
      <trkpt lat="24.4691754318773746490478515625" lon="118.15142990089952945709228515625">
        <ele>203.8000030517578125</ele>
        <time>2026-06-15T09:18:39.000Z</time>
        <extensions>
          <ns3:TrackPointExtension>
            <ns3:hr>90</ns3:hr>
            <ns3:cad>62</ns3:cad>
          </ns3:TrackPointExtension>
        </extensions>
      </trkpt>
      <trkpt lat="24.46918339468538761138916015625" lon="118.15143727697432041168212890625">
        <ele>203.600006103515625</ele>
        <time>2026-06-15T09:18:40.000Z</time>
        <extensions>
          <ns3:TrackPointExtension>
            <ns3:hr>91</ns3:hr>
            <ns3:cad>62</ns3:cad>
          </ns3:TrackPointExtension>
        </extensions>
      </trkpt>
      <trkpt lat="24.46919001638889312744140625" lon="118.1514393724501132965087890625">
        <ele>203.1999969482421875</ele>
        <time>2026-06-15T09:18:41.000Z</time>
        <extensions>
          <ns3:TrackPointExtension>
            <ns3:hr>92</ns3:hr>
            <ns3:cad>63</ns3:cad>
          </ns3:TrackPointExtension>
        </extensions>
      </trkpt>
      <trkpt lat="24.46919781155884265899658203125" lon="118.15144347958266735076904296875">
        <ele>202.8000030517578125</ele>
        <time>2026-06-15T09:18:42.000Z</time>
        <extensions>
          <ns3:TrackPointExtension>
            <ns3:hr>92</ns3:hr>
            <ns3:cad>63</ns3:cad>
          </ns3:TrackPointExtension>
        </extensions>
      </trkpt>
      <trkpt lat="24.46920434944331645965576171875" lon="118.151442222297191619873046875">
        <ele>202.399993896484375</ele>
        <time>2026-06-15T09:18:43.000Z</time>
        <extensions>
          <ns3:TrackPointExtension>
            <ns3:hr>93</ns3:hr>
            <ns3:cad>63</ns3:cad>
          </ns3:TrackPointExtension>
        </extensions>
      </trkpt>
      <trkpt lat="24.46921172551810741424560546875" lon="118.1514423899352550506591796875">
        <ele>202</ele>
        <time>2026-06-15T09:18:44.000Z</time>
        <extensions>
          <ns3:TrackPointExtension>
            <ns3:hr>93</ns3:hr>
            <ns3:cad>63</ns3:cad>
          </ns3:TrackPointExtension>
        </extensions>
      </trkpt>
      <trkpt lat="24.46922362782061100006103515625" lon="118.15144331194460391998291015625">
        <ele>201.600006103515625</ele>
        <time>2026-06-15T09:18:45.000Z</time>
        <extensions>
          <ns3:TrackPointExtension>
            <ns3:hr>93</ns3:hr>
            <ns3:cad>63</ns3:cad>
          </ns3:TrackPointExtension>
        </extensions>
      </trkpt>
      <trkpt lat="24.46923687122762203216552734375" lon="118.15144398249685764312744140625">
        <ele>201</ele>
        <time>2026-06-15T09:18:46.000Z</time>
        <extensions>
          <ns3:TrackPointExtension>
            <ns3:hr>92</ns3:hr>
            <ns3:cad>68</ns3:cad>
          </ns3:TrackPointExtension>
        </extensions>
      </trkpt>
      <trkpt lat="24.46924709714949131011962890625" lon="118.15144515596330165863037109375">
        <ele>200.600006103515625</ele>
        <time>2026-06-15T09:18:47.000Z</time>
        <extensions>
          <ns3:TrackPointExtension>
            <ns3:hr>91</ns3:hr>
            <ns3:cad>68</ns3:cad>
          </ns3:TrackPointExtension>
        </extensions>
      </trkpt>
      <trkpt lat="24.46925975382328033447265625" lon="118.15144968219101428985595703125">
        <ele>200.1999969482421875</ele>
        <time>2026-06-15T09:18:48.000Z</time>
        <extensions>
          <ns3:TrackPointExtension>
            <ns3:hr>91</ns3:hr>
            <ns3:cad>68</ns3:cad>
          </ns3:TrackPointExtension>
        </extensions>
      </trkpt>
      <trkpt lat="24.4692696444690227508544921875" lon="118.15145186148583889007568359375">
        <ele>200</ele>
        <time>2026-06-15T09:18:49.000Z</time>
        <extensions>
          <ns3:TrackPointExtension>
            <ns3:hr>91</ns3:hr>
            <ns3:cad>68</ns3:cad>
          </ns3:TrackPointExtension>
        </extensions>
      </trkpt>
      <trkpt lat="24.46927777491509914398193359375" lon="118.1514544598758220672607421875">
        <ele>199.8000030517578125</ele>
        <time>2026-06-15T09:18:50.000Z</time>
        <extensions>
          <ns3:TrackPointExtension>
            <ns3:hr>91</ns3:hr>
            <ns3:cad>68</ns3:cad>
          </ns3:TrackPointExtension>
        </extensions>
      </trkpt>
      <trkpt lat="24.4692880846560001373291015625" lon="118.15145504660904407501220703125">
        <ele>199.399993896484375</ele>
        <time>2026-06-15T09:18:51.000Z</time>
        <extensions>
          <ns3:TrackPointExtension>
            <ns3:hr>92</ns3:hr>
            <ns3:cad>68</ns3:cad>
          </ns3:TrackPointExtension>
        </extensions>
      </trkpt>
      <trkpt lat="24.4692954607307910919189453125" lon="118.15145303495228290557861328125">
        <ele>199</ele>
        <time>2026-06-15T09:18:52.000Z</time>
        <extensions>
          <ns3:TrackPointExtension>
            <ns3:hr>93</ns3:hr>
            <ns3:cad>68</ns3:cad>
          </ns3:TrackPointExtension>
        </extensions>
      </trkpt>
      <trkpt lat="24.46930191479623317718505859375" lon="118.151453621685504913330078125">
        <ele>198.8000030517578125</ele>
        <time>2026-06-15T09:18:53.000Z</time>
        <extensions>
          <ns3:TrackPointExtension>
            <ns3:hr>93</ns3:hr>
            <ns3:cad>68</ns3:cad>
          </ns3:TrackPointExtension>
        </extensions>
      </trkpt>
      <trkpt lat="24.46930945850908756256103515625" lon="118.15145353786647319793701171875">
        <ele>198.399993896484375</ele>
        <time>2026-06-15T09:18:54.000Z</time>
        <extensions>
          <ns3:TrackPointExtension>
            <ns3:hr>94</ns3:hr>
            <ns3:cad>68</ns3:cad>
          </ns3:TrackPointExtension>
        </extensions>
      </trkpt>
      <trkpt lat="24.46931700222194194793701171875" lon="118.15145638771355152130126953125">
        <ele>198</ele>
        <time>2026-06-15T09:18:55.000Z</time>
        <extensions>
          <ns3:TrackPointExtension>
            <ns3:hr>97</ns3:hr>
            <ns3:cad>68</ns3:cad>
          </ns3:TrackPointExtension>
        </extensions>
      </trkpt>
      <trkpt lat="24.46932354010641574859619140625" lon="118.1514591537415981292724609375">
        <ele>197.600006103515625</ele>
        <time>2026-06-15T09:18:56.000Z</time>
        <extensions>
          <ns3:TrackPointExtension>
            <ns3:hr>97</ns3:hr>
            <ns3:cad>61</ns3:cad>
          </ns3:TrackPointExtension>
        </extensions>
      </trkpt>
      <trkpt lat="24.4693299941718578338623046875" lon="118.15146242268383502960205078125">
        <ele>197.1999969482421875</ele>
        <time>2026-06-15T09:18:57.000Z</time>
        <extensions>
          <ns3:TrackPointExtension>
            <ns3:hr>97</ns3:hr>
            <ns3:cad>61</ns3:cad>
          </ns3:TrackPointExtension>
        </extensions>
      </trkpt>
      <trkpt lat="24.4693366996943950653076171875" lon="118.15146644599735736846923828125">
        <ele>196.8000030517578125</ele>
        <time>2026-06-15T09:18:58.000Z</time>
        <extensions>
          <ns3:TrackPointExtension>
            <ns3:hr>98</ns3:hr>
            <ns3:cad>61</ns3:cad>
          </ns3:TrackPointExtension>
        </extensions>
      </trkpt>
      <trkpt lat="24.46934290230274200439453125" lon="118.1514712236821651458740234375">
        <ele>196.399993896484375</ele>
        <time>2026-06-15T09:18:59.000Z</time>
        <extensions>
          <ns3:TrackPointExtension>
            <ns3:hr>98</ns3:hr>
            <ns3:cad>70</ns3:cad>
          </ns3:TrackPointExtension>
        </extensions>
      </trkpt>
      <trkpt lat="24.4693487696349620819091796875" lon="118.15147181041538715362548828125">
        <ele>195.8000030517578125</ele>
        <time>2026-06-15T09:19:00.000Z</time>
        <extensions>
          <ns3:TrackPointExtension>
            <ns3:hr>97</ns3:hr>
            <ns3:cad>70</ns3:cad>
          </ns3:TrackPointExtension>
        </extensions>
      </trkpt>
      <trkpt lat="24.469357989728450775146484375" lon="118.15147348679602146148681640625">
        <ele>195.399993896484375</ele>
        <time>2026-06-15T09:19:01.000Z</time>
        <extensions>
          <ns3:TrackPointExtension>
            <ns3:hr>97</ns3:hr>
            <ns3:cad>72</ns3:cad>
          </ns3:TrackPointExtension>
        </extensions>
      </trkpt>
      <trkpt lat="24.46936159394681453704833984375" lon="118.15147164277732372283935546875">
        <ele>194.8000030517578125</ele>
        <time>2026-06-15T09:19:02.000Z</time>
        <extensions>
          <ns3:TrackPointExtension>
            <ns3:hr>93</ns3:hr>
            <ns3:cad>72</ns3:cad>
          </ns3:TrackPointExtension>
        </extensions>
      </trkpt>
      <trkpt lat="24.46936377324163913726806640625" lon="118.15146963112056255340576171875">
        <ele>194.600006103515625</ele>
        <time>2026-06-15T09:19:03.000Z</time>
        <extensions>
          <ns3:TrackPointExtension>
            <ns3:hr>94</ns3:hr>
            <ns3:cad>70</ns3:cad>
          </ns3:TrackPointExtension>
        </extensions>
      </trkpt>
      <trkpt lat="24.46936947293579578399658203125" lon="118.15146845765411853790283203125">
        <ele>194.1999969482421875</ele>
        <time>2026-06-15T09:19:04.000Z</time>
        <extensions>
          <ns3:TrackPointExtension>
            <ns3:hr>94</ns3:hr>
            <ns3:cad>70</ns3:cad>
          </ns3:TrackPointExtension>
        </extensions>
      </trkpt>
      <trkpt lat="24.46937718428671360015869140625" lon="118.15146845765411853790283203125">
        <ele>193.8000030517578125</ele>
        <time>2026-06-15T09:19:05.000Z</time>
        <extensions>
          <ns3:TrackPointExtension>
            <ns3:hr>94</ns3:hr>
            <ns3:cad>73</ns3:cad>
          </ns3:TrackPointExtension>
        </extensions>
      </trkpt>
      <trkpt lat="24.469382800161838531494140625" lon="118.15146661363542079925537109375">
        <ele>193.399993896484375</ele>
        <time>2026-06-15T09:19:06.000Z</time>
        <extensions>
          <ns3:TrackPointExtension>
            <ns3:hr>94</ns3:hr>
            <ns3:cad>73</ns3:cad>
          </ns3:TrackPointExtension>
        </extensions>
      </trkpt>
      <trkpt lat="24.46939026005566120147705078125" lon="118.15146460197865962982177734375">
        <ele>193</ele>
        <time>2026-06-15T09:19:07.000Z</time>
        <extensions>
          <ns3:TrackPointExtension>
            <ns3:hr>94</ns3:hr>
            <ns3:cad>73</ns3:cad>
          </ns3:TrackPointExtension>
        </extensions>
      </trkpt>
      <trkpt lat="24.46939864195883274078369140625" lon="118.151461668312549591064453125">
        <ele>192.600006103515625</ele>
        <time>2026-06-15T09:19:08.000Z</time>
        <extensions>
          <ns3:TrackPointExtension>
            <ns3:hr>93</ns3:hr>
            <ns3:cad>73</ns3:cad>
          </ns3:TrackPointExtension>
        </extensions>
      </trkpt>
      <trkpt lat="24.4694050960242748260498046875" lon="118.15145839937031269073486328125">
        <ele>192.1999969482421875</ele>
        <time>2026-06-15T09:19:09.000Z</time>
        <extensions>
          <ns3:TrackPointExtension>
            <ns3:hr>92</ns3:hr>
            <ns3:cad>75</ns3:cad>
          </ns3:TrackPointExtension>
        </extensions>
      </trkpt>
      <trkpt lat="24.469413645565509796142578125" lon="118.151456303894519805908203125">
        <ele>191.600006103515625</ele>
        <time>2026-06-15T09:19:10.000Z</time>
        <extensions>
          <ns3:TrackPointExtension>
            <ns3:hr>91</ns3:hr>
            <ns3:cad>76</ns3:cad>
          </ns3:TrackPointExtension>
        </extensions>
      </trkpt>
      <trkpt lat="24.46942328475415706634521484375" lon="118.151454292237758636474609375">
        <ele>191.1999969482421875</ele>
        <time>2026-06-15T09:19:11.000Z</time>
        <extensions>
          <ns3:TrackPointExtension>
            <ns3:hr>91</ns3:hr>
            <ns3:cad>76</ns3:cad>
          </ns3:TrackPointExtension>
        </extensions>
      </trkpt>
      <trkpt lat="24.469429068267345428466796875" lon="118.15145437605679035186767578125">
        <ele>190.8000030517578125</ele>
        <time>2026-06-15T09:19:12.000Z</time>
        <extensions>
          <ns3:TrackPointExtension>
            <ns3:hr>91</ns3:hr>
            <ns3:cad>76</ns3:cad>
          </ns3:TrackPointExtension>
        </extensions>
      </trkpt>
      <trkpt lat="24.46943409740924835205078125" lon="118.151452951133251190185546875">
        <ele>190.399993896484375</ele>
        <time>2026-06-15T09:19:13.000Z</time>
        <extensions>
          <ns3:TrackPointExtension>
            <ns3:hr>91</ns3:hr>
            <ns3:cad>77</ns3:cad>
          </ns3:TrackPointExtension>
        </extensions>
      </trkpt>
      <trkpt lat="24.46944155730307102203369140625" lon="118.15145286731421947479248046875">
        <ele>190</ele>
        <time>2026-06-15T09:19:14.000Z</time>
        <extensions>
          <ns3:TrackPointExtension>
            <ns3:hr>91</ns3:hr>
            <ns3:cad>77</ns3:cad>
          </ns3:TrackPointExtension>
        </extensions>
      </trkpt>
      <trkpt lat="24.46944708935916423797607421875" lon="118.151452951133251190185546875">
        <ele>189.399993896484375</ele>
        <time>2026-06-15T09:19:15.000Z</time>
        <extensions>
          <ns3:TrackPointExtension>
            <ns3:hr>92</ns3:hr>
            <ns3:cad>77</ns3:cad>
          </ns3:TrackPointExtension>
        </extensions>
      </trkpt>
      <trkpt lat="24.46944859810173511505126953125" lon="118.15145529806613922119140625">
        <ele>189</ele>
        <time>2026-06-15T09:19:16.000Z</time>
        <extensions>
          <ns3:TrackPointExtension>
            <ns3:hr>92</ns3:hr>
            <ns3:cad>72</ns3:cad>
          </ns3:TrackPointExtension>
        </extensions>
      </trkpt>
      <trkpt lat="24.46945019066333770751953125" lon="118.15146066248416900634765625">
        <ele>188.600006103515625</ele>
        <time>2026-06-15T09:19:17.000Z</time>
        <extensions>
          <ns3:TrackPointExtension>
            <ns3:hr>93</ns3:hr>
            <ns3:cad>72</ns3:cad>
          </ns3:TrackPointExtension>
        </extensions>
      </trkpt>
      <trkpt lat="24.46945295669138431549072265625" lon="118.15146544016897678375244140625">
        <ele>188.1999969482421875</ele>
        <time>2026-06-15T09:19:18.000Z</time>
        <extensions>
          <ns3:TrackPointExtension>
            <ns3:hr>93</ns3:hr>
            <ns3:cad>72</ns3:cad>
          </ns3:TrackPointExtension>
        </extensions>
      </trkpt>
      <trkpt lat="24.4694594107568264007568359375" lon="118.1514678709208965301513671875">
        <ele>188</ele>
        <time>2026-06-15T09:19:19.000Z</time>
        <extensions>
          <ns3:TrackPointExtension>
            <ns3:hr>93</ns3:hr>
            <ns3:cad>72</ns3:cad>
          </ns3:TrackPointExtension>
        </extensions>
      </trkpt>
      <trkpt lat="24.46946200914680957794189453125" lon="118.15146963112056255340576171875">
        <ele>187.600006103515625</ele>
        <time>2026-06-15T09:19:20.000Z</time>
        <extensions>
          <ns3:TrackPointExtension>
            <ns3:hr>93</ns3:hr>
            <ns3:cad>66</ns3:cad>
          </ns3:TrackPointExtension>
        </extensions>
      </trkpt>
      <trkpt lat="24.46946385316550731658935546875" lon="118.15147248096764087677001953125">
        <ele>187.1999969482421875</ele>
        <time>2026-06-15T09:19:21.000Z</time>
        <extensions>
          <ns3:TrackPointExtension>
            <ns3:hr>93</ns3:hr>
            <ns3:cad>66</ns3:cad>
          </ns3:TrackPointExtension>
        </extensions>
      </trkpt>
      <trkpt lat="24.4694698043167591094970703125" lon="118.151473738253116607666015625">
        <ele>187</ele>
        <time>2026-06-15T09:19:22.000Z</time>
        <extensions>
          <ns3:TrackPointExtension>
            <ns3:hr>93</ns3:hr>
            <ns3:cad>66</ns3:cad>
          </ns3:TrackPointExtension>
        </extensions>
      </trkpt>
      <trkpt lat="24.4694765098392963409423828125" lon="118.1514745764434337615966796875">
        <ele>186.600006103515625</ele>
        <time>2026-06-15T09:19:23.000Z</time>
        <extensions>
          <ns3:TrackPointExtension>
            <ns3:hr>94</ns3:hr>
            <ns3:cad>0</ns3:cad>
          </ns3:TrackPointExtension>
        </extensions>
      </trkpt>
      <trkpt lat="24.46948262862861156463623046875" lon="118.15147600136697292327880859375">
        <ele>186.1999969482421875</ele>
        <time>2026-06-15T09:19:24.000Z</time>
        <extensions>
          <ns3:TrackPointExtension>
            <ns3:hr>94</ns3:hr>
            <ns3:cad>0</ns3:cad>
          </ns3:TrackPointExtension>
        </extensions>
      </trkpt>
      <trkpt lat="24.46948883123695850372314453125" lon="118.151474408805370330810546875">
        <ele>185.8000030517578125</ele>
        <time>2026-06-15T09:19:25.000Z</time>
        <extensions>
          <ns3:TrackPointExtension>
            <ns3:hr>94</ns3:hr>
            <ns3:cad>0</ns3:cad>
          </ns3:TrackPointExtension>
        </extensions>
      </trkpt>
      <trkpt lat="24.4694993086159229278564453125" lon="118.1514722295105457305908203125">
        <ele>185.399993896484375</ele>
        <time>2026-06-15T09:19:26.000Z</time>
        <extensions>
          <ns3:TrackPointExtension>
            <ns3:hr>95</ns3:hr>
            <ns3:cad>0</ns3:cad>
          </ns3:TrackPointExtension>
        </extensions>
      </trkpt>
      <trkpt lat="24.46950408630073070526123046875" lon="118.15147063694894313812255859375">
        <ele>185</ele>
        <time>2026-06-15T09:19:27.000Z</time>
        <extensions>
          <ns3:TrackPointExtension>
            <ns3:hr>95</ns3:hr>
            <ns3:cad>0</ns3:cad>
          </ns3:TrackPointExtension>
        </extensions>
      </trkpt>
      <trkpt lat="24.4695127196609973907470703125" lon="118.1514695473015308380126953125">
        <ele>184.600006103515625</ele>
        <time>2026-06-15T09:19:28.000Z</time>
        <extensions>
          <ns3:TrackPointExtension>
            <ns3:hr>95</ns3:hr>
            <ns3:cad>0</ns3:cad>
          </ns3:TrackPointExtension>
        </extensions>
      </trkpt>
      <trkpt lat="24.4695217721164226531982421875" lon="118.1514666974544525146484375">
        <ele>184.1999969482421875</ele>
        <time>2026-06-15T09:19:29.000Z</time>
        <extensions>
          <ns3:TrackPointExtension>
            <ns3:hr>94</ns3:hr>
            <ns3:cad>0</ns3:cad>
          </ns3:TrackPointExtension>
        </extensions>
      </trkpt>
      <trkpt lat="24.4695308245718479156494140625" lon="118.15146560780704021453857421875">
        <ele>183.8000030517578125</ele>
        <time>2026-06-15T09:19:30.000Z</time>
        <extensions>
          <ns3:TrackPointExtension>
            <ns3:hr>95</ns3:hr>
            <ns3:cad>72</ns3:cad>
          </ns3:TrackPointExtension>
        </extensions>
      </trkpt>
      <trkpt lat="24.46953794918954372406005859375" lon="118.1514641828835010528564453125">
        <ele>183.399993896484375</ele>
        <time>2026-06-15T09:19:31.000Z</time>
        <extensions>
          <ns3:TrackPointExtension>
            <ns3:hr>95</ns3:hr>
            <ns3:cad>72</ns3:cad>
          </ns3:TrackPointExtension>
        </extensions>
      </trkpt>
      <trkpt lat="24.46954482235014438629150390625" lon="118.15145932137966156005859375">
        <ele>183.1999969482421875</ele>
        <time>2026-06-15T09:19:32.000Z</time>
        <extensions>
          <ns3:TrackPointExtension>
            <ns3:hr>95</ns3:hr>
            <ns3:cad>72</ns3:cad>
          </ns3:TrackPointExtension>
        </extensions>
      </trkpt>
      <trkpt lat="24.46955253370106220245361328125" lon="118.15145538188517093658447265625">
        <ele>183</ele>
        <time>2026-06-15T09:19:33.000Z</time>
        <extensions>
          <ns3:TrackPointExtension>
            <ns3:hr>95</ns3:hr>
            <ns3:cad>72</ns3:cad>
          </ns3:TrackPointExtension>
        </extensions>
      </trkpt>
      <trkpt lat="24.4695554673671722412109375" lon="118.15145370550453662872314453125">
        <ele>182.8000030517578125</ele>
        <time>2026-06-15T09:19:34.000Z</time>
        <extensions>
          <ns3:TrackPointExtension>
            <ns3:hr>96</ns3:hr>
            <ns3:cad>72</ns3:cad>
          </ns3:TrackPointExtension>
        </extensions>
      </trkpt>
      <trkpt lat="24.46955823339521884918212890625" lon="118.15145471133291721343994140625">
        <ele>182.600006103515625</ele>
        <time>2026-06-15T09:19:35.000Z</time>
        <extensions>
          <ns3:TrackPointExtension>
            <ns3:hr>96</ns3:hr>
            <ns3:cad>72</ns3:cad>
          </ns3:TrackPointExtension>
        </extensions>
      </trkpt>
      <trkpt lat="24.4695579819381237030029296875" lon="118.1514578126370906829833984375">
        <ele>182.399993896484375</ele>
        <time>2026-06-15T09:19:36.000Z</time>
        <extensions>
          <ns3:TrackPointExtension>
            <ns3:hr>96</ns3:hr>
            <ns3:cad>72</ns3:cad>
          </ns3:TrackPointExtension>
        </extensions>
      </trkpt>
      <trkpt lat="24.4695603288710117340087890625" lon="118.15145571716129779815673828125">
        <ele>182</ele>
        <time>2026-06-15T09:19:37.000Z</time>
        <extensions>
          <ns3:TrackPointExtension>
            <ns3:hr>96</ns3:hr>
            <ns3:cad>0</ns3:cad>
          </ns3:TrackPointExtension>
        </extensions>
      </trkpt>
      <trkpt lat="24.46955756284296512603759765625" lon="118.15145571716129779815673828125">
        <ele>181.600006103515625</ele>
        <time>2026-06-15T09:19:38.000Z</time>
        <extensions>
          <ns3:TrackPointExtension>
            <ns3:hr>96</ns3:hr>
            <ns3:cad>0</ns3:cad>
          </ns3:TrackPointExtension>
        </extensions>
      </trkpt>
      <trkpt lat="24.4695603288710117340087890625" lon="118.15145186148583889007568359375">
        <ele>181.399993896484375</ele>
        <time>2026-06-15T09:19:39.000Z</time>
        <extensions>
          <ns3:TrackPointExtension>
            <ns3:hr>96</ns3:hr>
            <ns3:cad>69</ns3:cad>
          </ns3:TrackPointExtension>
        </extensions>
      </trkpt>
      <trkpt lat="24.469561167061328887939453125" lon="118.15145085565745830535888671875">
        <ele>181</ele>
        <time>2026-06-15T09:19:40.000Z</time>
        <extensions>
          <ns3:TrackPointExtension>
            <ns3:hr>95</ns3:hr>
            <ns3:cad>69</ns3:cad>
          </ns3:TrackPointExtension>
        </extensions>
      </trkpt>
      <trkpt lat="24.46956208907067775726318359375" lon="118.15145052038133144378662109375">
        <ele>180.600006103515625</ele>
        <time>2026-06-15T09:19:41.000Z</time>
        <extensions>
          <ns3:TrackPointExtension>
            <ns3:hr>95</ns3:hr>
            <ns3:cad>69</ns3:cad>
          </ns3:TrackPointExtension>
        </extensions>
      </trkpt>
      <trkpt lat="24.46956628002226352691650390625" lon="118.15144800581037998199462890625">
        <ele>180.1999969482421875</ele>
        <time>2026-06-15T09:19:42.000Z</time>
        <extensions>
          <ns3:TrackPointExtension>
            <ns3:hr>95</ns3:hr>
            <ns3:cad>66</ns3:cad>
          </ns3:TrackPointExtension>
        </extensions>
      </trkpt>
      <trkpt lat="24.46956896223127841949462890625" lon="118.15145127475261688232421875">
        <ele>179.8000030517578125</ele>
        <time>2026-06-15T09:19:43.000Z</time>
        <extensions>
          <ns3:TrackPointExtension>
            <ns3:hr>95</ns3:hr>
            <ns3:cad>65</ns3:cad>
          </ns3:TrackPointExtension>
        </extensions>
      </trkpt>
      <trkpt lat="24.469569884240627288818359375" lon="118.15145705826580524444580078125">
        <ele>179.399993896484375</ele>
        <time>2026-06-15T09:19:44.000Z</time>
        <extensions>
          <ns3:TrackPointExtension>
            <ns3:hr>94</ns3:hr>
            <ns3:cad>65</ns3:cad>
          </ns3:TrackPointExtension>
        </extensions>
      </trkpt>
      <trkpt lat="24.469576589763164520263671875" lon="118.15146259032189846038818359375">
        <ele>179.1999969482421875</ele>
        <time>2026-06-15T09:19:45.000Z</time>
        <extensions>
          <ns3:TrackPointExtension>
            <ns3:hr>94</ns3:hr>
            <ns3:cad>64</ns3:cad>
          </ns3:TrackPointExtension>
        </extensions>
      </trkpt>
      <trkpt lat="24.46958052925765514373779296875" lon="118.15146644599735736846923828125">
        <ele>178.8000030517578125</ele>
        <time>2026-06-15T09:19:46.000Z</time>
        <extensions>
          <ns3:TrackPointExtension>
            <ns3:hr>94</ns3:hr>
            <ns3:cad>64</ns3:cad>
          </ns3:TrackPointExtension>
        </extensions>
      </trkpt>
      <trkpt lat="24.46958891116082668304443359375" lon="118.15147080458700656890869140625">
        <ele>178.399993896484375</ele>
        <time>2026-06-15T09:19:47.000Z</time>
        <extensions>
          <ns3:TrackPointExtension>
            <ns3:hr>94</ns3:hr>
            <ns3:cad>64</ns3:cad>
          </ns3:TrackPointExtension>
        </extensions>
      </trkpt>
      <trkpt lat="24.469594694674015045166015625" lon="118.1514759175479412078857421875">
        <ele>178</ele>
        <time>2026-06-15T09:19:48.000Z</time>
        <extensions>
          <ns3:TrackPointExtension>
            <ns3:hr>95</ns3:hr>
            <ns3:cad>64</ns3:cad>
          </ns3:TrackPointExtension>
        </extensions>
      </trkpt>
      <trkpt lat="24.4695972092449665069580078125" lon="118.1514842994511127471923828125">
        <ele>177.8000030517578125</ele>
        <time>2026-06-15T09:19:49.000Z</time>
        <extensions>
          <ns3:TrackPointExtension>
            <ns3:hr>94</ns3:hr>
            <ns3:cad>66</ns3:cad>
          </ns3:TrackPointExtension>
        </extensions>
      </trkpt>
      <trkpt lat="24.469602741301059722900390625" lon="118.1514876522123813629150390625">
        <ele>177.399993896484375</ele>
        <time>2026-06-15T09:19:50.000Z</time>
        <extensions>
          <ns3:TrackPointExtension>
            <ns3:hr>95</ns3:hr>
            <ns3:cad>66</ns3:cad>
          </ns3:TrackPointExtension>
        </extensions>
      </trkpt>
      <trkpt lat="24.4696117937564849853515625" lon="118.15149410627782344818115234375">
        <ele>177</ele>
        <time>2026-06-15T09:19:51.000Z</time>
        <extensions>
          <ns3:TrackPointExtension>
            <ns3:hr>95</ns3:hr>
            <ns3:cad>66</ns3:cad>
          </ns3:TrackPointExtension>
        </extensions>
      </trkpt>
      <trkpt lat="24.46961875073611736297607421875" lon="118.151504583656787872314453125">
        <ele>176.600006103515625</ele>
        <time>2026-06-15T09:19:52.000Z</time>
        <extensions>
          <ns3:TrackPointExtension>
            <ns3:hr>95</ns3:hr>
            <ns3:cad>66</ns3:cad>
          </ns3:TrackPointExtension>
        </extensions>
      </trkpt>
      <trkpt lat="24.46962864138185977935791015625" lon="118.15151154063642024993896484375">
        <ele>176.1999969482421875</ele>
        <time>2026-06-15T09:19:53.000Z</time>
        <extensions>
          <ns3:TrackPointExtension>
            <ns3:hr>95</ns3:hr>
            <ns3:cad>66</ns3:cad>
          </ns3:TrackPointExtension>
        </extensions>
      </trkpt>
      <trkpt lat="24.46963618509471416473388671875" lon="118.15151371993124485015869140625">
        <ele>175.8000030517578125</ele>
        <time>2026-06-15T09:19:54.000Z</time>
        <extensions>
          <ns3:TrackPointExtension>
            <ns3:hr>94</ns3:hr>
            <ns3:cad>75</ns3:cad>
          </ns3:TrackPointExtension>
        </extensions>
      </trkpt>
      <trkpt lat="24.4696424715220928192138671875" lon="118.15151522867381572723388671875">
        <ele>175.399993896484375</ele>
        <time>2026-06-15T09:19:55.000Z</time>
        <extensions>
          <ns3:TrackPointExtension>
            <ns3:hr>95</ns3:hr>
            <ns3:cad>75</ns3:cad>
          </ns3:TrackPointExtension>
        </extensions>
      </trkpt>
      <trkpt lat="24.46964942850172519683837890625" lon="118.15152101218700408935546875">
        <ele>175</ele>
        <time>2026-06-15T09:19:56.000Z</time>
        <extensions>
          <ns3:TrackPointExtension>
            <ns3:hr>95</ns3:hr>
            <ns3:cad>75</ns3:cad>
          </ns3:TrackPointExtension>
        </extensions>
      </trkpt>
      <trkpt lat="24.46965713985264301300048828125" lon="118.151528723537921905517578125">
        <ele>174.600006103515625</ele>
        <time>2026-06-15T09:19:57.000Z</time>
        <extensions>
          <ns3:TrackPointExtension>
            <ns3:hr>95</ns3:hr>
            <ns3:cad>75</ns3:cad>
          </ns3:TrackPointExtension>
        </extensions>
      </trkpt>
      <trkpt lat="24.469660408794879913330078125" lon="118.1515315733850002288818359375">
        <ele>174.1999969482421875</ele>
        <time>2026-06-15T09:19:58.000Z</time>
        <extensions>
          <ns3:TrackPointExtension>
            <ns3:hr>95</ns3:hr>
            <ns3:cad>75</ns3:cad>
          </ns3:TrackPointExtension>
        </extensions>
      </trkpt>
      <trkpt lat="24.469664096832275390625" lon="118.15153869800269603729248046875">
        <ele>174</ele>
        <time>2026-06-15T09:19:59.000Z</time>
        <extensions>
          <ns3:TrackPointExtension>
            <ns3:hr>96</ns3:hr>
            <ns3:cad>75</ns3:cad>
          </ns3:TrackPointExtension>
        </extensions>
      </trkpt>
      <trkpt lat="24.4696719758212566375732421875" lon="118.151548169553279876708984375">
        <ele>173.600006103515625</ele>
        <time>2026-06-15T09:20:00.000Z</time>
        <extensions>
          <ns3:TrackPointExtension>
            <ns3:hr>96</ns3:hr>
            <ns3:cad>75</ns3:cad>
          </ns3:TrackPointExtension>
        </extensions>
      </trkpt>
      <trkpt lat="24.46967759169638156890869140625" lon="118.15154976211488246917724609375">
        <ele>173.399993896484375</ele>
        <time>2026-06-15T09:20:01.000Z</time>
        <extensions>
          <ns3:TrackPointExtension>
            <ns3:hr>95</ns3:hr>
            <ns3:cad>75</ns3:cad>
          </ns3:TrackPointExtension>
        </extensions>
      </trkpt>
      <trkpt lat="24.46968245320022106170654296875" lon="118.1515496782958507537841796875">
        <ele>173.1999969482421875</ele>
        <time>2026-06-15T09:20:02.000Z</time>
        <extensions>
          <ns3:TrackPointExtension>
            <ns3:hr>95</ns3:hr>
            <ns3:cad>75</ns3:cad>
          </ns3:TrackPointExtension>
        </extensions>
      </trkpt>
      <trkpt lat="24.46969083510339260101318359375" lon="118.15154850482940673828125">
        <ele>173</ele>
        <time>2026-06-15T09:20:03.000Z</time>
        <extensions>
          <ns3:TrackPointExtension>
            <ns3:hr>96</ns3:hr>
            <ns3:cad>75</ns3:cad>
          </ns3:TrackPointExtension>
        </extensions>
      </trkpt>
      <trkpt lat="24.469695277512073516845703125" lon="118.15154892392456531524658203125">
        <ele>172.8000030517578125</ele>
        <time>2026-06-15T09:20:04.000Z</time>
        <extensions>
          <ns3:TrackPointExtension>
            <ns3:hr>96</ns3:hr>
            <ns3:cad>75</ns3:cad>
          </ns3:TrackPointExtension>
        </extensions>
      </trkpt>
      <trkpt lat="24.46969988755881786346435546875" lon="118.1515480019152164459228515625">
        <ele>172.399993896484375</ele>
        <time>2026-06-15T09:20:05.000Z</time>
        <extensions>
          <ns3:TrackPointExtension>
            <ns3:hr>96</ns3:hr>
            <ns3:cad>75</ns3:cad>
          </ns3:TrackPointExtension>
        </extensions>
      </trkpt>
      <trkpt lat="24.4697055034339427947998046875" lon="118.15154825337231159210205078125">
        <ele>172.1999969482421875</ele>
        <time>2026-06-15T09:20:06.000Z</time>
        <extensions>
          <ns3:TrackPointExtension>
            <ns3:hr>96</ns3:hr>
            <ns3:cad>75</ns3:cad>
          </ns3:TrackPointExtension>
        </extensions>
      </trkpt>
      <trkpt lat="24.4697105325758457183837890625" lon="118.15154959447681903839111328125">
        <ele>172</ele>
        <time>2026-06-15T09:20:07.000Z</time>
        <extensions>
          <ns3:TrackPointExtension>
            <ns3:hr>97</ns3:hr>
            <ns3:cad>75</ns3:cad>
          </ns3:TrackPointExtension>
        </extensions>
      </trkpt>
      <trkpt lat="24.4697175733745098114013671875" lon="118.15154959447681903839111328125">
        <ele>171.600006103515625</ele>
        <time>2026-06-15T09:20:08.000Z</time>
        <extensions>
          <ns3:TrackPointExtension>
            <ns3:hr>97</ns3:hr>
            <ns3:cad>62</ns3:cad>
          </ns3:TrackPointExtension>
        </extensions>
      </trkpt>
      <trkpt lat="24.46971866302192211151123046875" lon="118.15154942683875560760498046875">
        <ele>171.1999969482421875</ele>
        <time>2026-06-15T09:20:09.000Z</time>
        <extensions>
          <ns3:TrackPointExtension>
            <ns3:hr>97</ns3:hr>
            <ns3:cad>62</ns3:cad>
          </ns3:TrackPointExtension>
        </extensions>
      </trkpt>
      <trkpt lat="24.46972268633544445037841796875" lon="118.151547499001026153564453125">
        <ele>171</ele>
        <time>2026-06-15T09:20:10.000Z</time>
        <extensions>
          <ns3:TrackPointExtension>
            <ns3:hr>97</ns3:hr>
            <ns3:cad>60</ns3:cad>
          </ns3:TrackPointExtension>
        </extensions>
      </trkpt>
      <trkpt lat="24.46972570382058620452880859375" lon="118.15154423005878925323486328125">
        <ele>170.600006103515625</ele>
        <time>2026-06-15T09:20:11.000Z</time>
        <extensions>
          <ns3:TrackPointExtension>
            <ns3:hr>96</ns3:hr>
            <ns3:cad>60</ns3:cad>
          </ns3:TrackPointExtension>
        </extensions>
      </trkpt>
      <trkpt lat="24.46972754783928394317626953125" lon="118.151541464030742645263671875">
        <ele>170.399993896484375</ele>
        <time>2026-06-15T09:20:12.000Z</time>
        <extensions>
          <ns3:TrackPointExtension>
            <ns3:hr>95</ns3:hr>
            <ns3:cad>60</ns3:cad>
          </ns3:TrackPointExtension>
        </extensions>
      </trkpt>
      <trkpt lat="24.46973257698118686676025390625" lon="118.1515386141836643218994140625">
        <ele>170.1999969482421875</ele>
        <time>2026-06-15T09:20:13.000Z</time>
        <extensions>
          <ns3:TrackPointExtension>
            <ns3:hr>94</ns3:hr>
            <ns3:cad>60</ns3:cad>
          </ns3:TrackPointExtension>
        </extensions>
      </trkpt>
      <trkpt lat="24.4697376899421215057373046875" lon="118.15153601579368114471435546875">
        <ele>170</ele>
        <time>2026-06-15T09:20:14.000Z</time>
        <extensions>
          <ns3:TrackPointExtension>
            <ns3:hr>94</ns3:hr>
            <ns3:cad>53</ns3:cad>
          </ns3:TrackPointExtension>
        </extensions>
      </trkpt>
      <trkpt lat="24.469748921692371368408203125" lon="118.15153031609952449798583984375">
        <ele>169.600006103515625</ele>
        <time>2026-06-15T09:20:15.000Z</time>
        <extensions>
          <ns3:TrackPointExtension>
            <ns3:hr>93</ns3:hr>
            <ns3:cad>53</ns3:cad>
          </ns3:TrackPointExtension>
        </extensions>
      </trkpt>
      <trkpt lat="24.4697619974613189697265625" lon="118.1515230238437652587890625">
        <ele>169.399993896484375</ele>
        <time>2026-06-15T09:20:16.000Z</time>
        <extensions>
          <ns3:TrackPointExtension>
            <ns3:hr>93</ns3:hr>
            <ns3:cad>53</ns3:cad>
          </ns3:TrackPointExtension>
        </extensions>
      </trkpt>
      <trkpt lat="24.46976627223193645477294921875" lon="118.151523359119892120361328125">
        <ele>169.1999969482421875</ele>
        <time>2026-06-15T09:20:17.000Z</time>
        <extensions>
          <ns3:TrackPointExtension>
            <ns3:hr>93</ns3:hr>
            <ns3:cad>53</ns3:cad>
          </ns3:TrackPointExtension>
        </extensions>
      </trkpt>
      <trkpt lat="24.469768702983856201171875" lon="118.1515255384147167205810546875">
        <ele>169</ele>
        <time>2026-06-15T09:20:18.000Z</time>
        <extensions>
          <ns3:TrackPointExtension>
            <ns3:hr>93</ns3:hr>
            <ns3:cad>53</ns3:cad>
          </ns3:TrackPointExtension>
        </extensions>
      </trkpt>
      <trkpt lat="24.46977314539253711700439453125" lon="118.1515292264521121978759765625">
        <ele>168.8000030517578125</ele>
        <time>2026-06-15T09:20:19.000Z</time>
        <extensions>
          <ns3:TrackPointExtension>
            <ns3:hr>93</ns3:hr>
            <ns3:cad>59</ns3:cad>
          </ns3:TrackPointExtension>
        </extensions>
      </trkpt>
      <trkpt lat="24.46977683342993259429931640625" lon="118.1515309028327465057373046875">
        <ele>168.600006103515625</ele>
        <time>2026-06-15T09:20:20.000Z</time>
        <extensions>
          <ns3:TrackPointExtension>
            <ns3:hr>92</ns3:hr>
            <ns3:cad>59</ns3:cad>
          </ns3:TrackPointExtension>
        </extensions>
      </trkpt>
      <trkpt lat="24.46978035382926464080810546875" lon="118.1515342555940151214599609375">
        <ele>168.399993896484375</ele>
        <time>2026-06-15T09:20:21.000Z</time>
        <extensions>
          <ns3:TrackPointExtension>
            <ns3:hr>92</ns3:hr>
            <ns3:cad>59</ns3:cad>
          </ns3:TrackPointExtension>
        </extensions>
      </trkpt>
      <trkpt lat="24.46978286840021610260009765625" lon="118.1515389494597911834716796875">
        <ele>168</ele>
        <time>2026-06-15T09:20:22.000Z</time>
        <extensions>
          <ns3:TrackPointExtension>
            <ns3:hr>92</ns3:hr>
            <ns3:cad>59</ns3:cad>
          </ns3:TrackPointExtension>
        </extensions>
      </trkpt>
      <trkpt lat="24.4697829522192478179931640625" lon="118.1515423022210597991943359375">
        <ele>167.8000030517578125</ele>
        <time>2026-06-15T09:20:23.000Z</time>
        <extensions>
          <ns3:TrackPointExtension>
            <ns3:hr>91</ns3:hr>
            <ns3:cad>59</ns3:cad>
          </ns3:TrackPointExtension>
        </extensions>
      </trkpt>
      <trkpt lat="24.46977876126766204833984375" lon="118.15154557116329669952392578125">
        <ele>167.1999969482421875</ele>
        <time>2026-06-15T09:20:24.000Z</time>
        <extensions>
          <ns3:TrackPointExtension>
            <ns3:hr>92</ns3:hr>
            <ns3:cad>59</ns3:cad>
          </ns3:TrackPointExtension>
        </extensions>
      </trkpt>
      <trkpt lat="24.469779767096042633056640625" lon="118.1515500135719776153564453125">
        <ele>166.8000030517578125</ele>
        <time>2026-06-15T09:20:25.000Z</time>
        <extensions>
          <ns3:TrackPointExtension>
            <ns3:hr>92</ns3:hr>
            <ns3:cad>59</ns3:cad>
          </ns3:TrackPointExtension>
        </extensions>
      </trkpt>
      <trkpt lat="24.46978387422859668731689453125" lon="118.15155764110386371612548828125">
        <ele>166.399993896484375</ele>
        <time>2026-06-15T09:20:26.000Z</time>
        <extensions>
          <ns3:TrackPointExtension>
            <ns3:hr>92</ns3:hr>
            <ns3:cad>59</ns3:cad>
          </ns3:TrackPointExtension>
        </extensions>
      </trkpt>
      <trkpt lat="24.4697946868836879730224609375" lon="118.15156585536897182464599609375">
        <ele>166.1999969482421875</ele>
        <time>2026-06-15T09:20:27.000Z</time>
        <extensions>
          <ns3:TrackPointExtension>
            <ns3:hr>92</ns3:hr>
            <ns3:cad>62</ns3:cad>
          </ns3:TrackPointExtension>
        </extensions>
      </trkpt>
      <trkpt lat="24.4698057509958744049072265625" lon="118.151570968329906463623046875">
        <ele>165.8000030517578125</ele>
        <time>2026-06-15T09:20:28.000Z</time>
        <extensions>
          <ns3:TrackPointExtension>
            <ns3:hr>91</ns3:hr>
            <ns3:cad>62</ns3:cad>
          </ns3:TrackPointExtension>
        </extensions>
      </trkpt>
      <trkpt lat="24.46981907822191715240478515625" lon="118.151572979986667633056640625">
        <ele>165.399993896484375</ele>
        <time>2026-06-15T09:20:29.000Z</time>
        <extensions>
          <ns3:TrackPointExtension>
            <ns3:hr>91</ns3:hr>
            <ns3:cad>62</ns3:cad>
          </ns3:TrackPointExtension>
        </extensions>
      </trkpt>
      <trkpt lat="24.4698342494666576385498046875" lon="118.1515711359679698944091796875">
        <ele>165</ele>
        <time>2026-06-15T09:20:30.000Z</time>
        <extensions>
          <ns3:TrackPointExtension>
            <ns3:hr>91</ns3:hr>
            <ns3:cad>62</ns3:cad>
          </ns3:TrackPointExtension>
        </extensions>
      </trkpt>
      <trkpt lat="24.469850175082683563232421875" lon="118.15156769938766956329345703125">
        <ele>164.8000030517578125</ele>
        <time>2026-06-15T09:20:31.000Z</time>
        <extensions>
          <ns3:TrackPointExtension>
            <ns3:hr>91</ns3:hr>
            <ns3:cad>62</ns3:cad>
          </ns3:TrackPointExtension>
        </extensions>
      </trkpt>
      <trkpt lat="24.4698617421090602874755859375" lon="118.1515614129602909088134765625">
        <ele>164.600006103515625</ele>
        <time>2026-06-15T09:20:32.000Z</time>
        <extensions>
          <ns3:TrackPointExtension>
            <ns3:hr>92</ns3:hr>
            <ns3:cad>16</ns3:cad>
          </ns3:TrackPointExtension>
        </extensions>
      </trkpt>
      <trkpt lat="24.4698692858219146728515625" lon="118.1515590660274028778076171875">
        <ele>164.399993896484375</ele>
        <time>2026-06-15T09:20:33.000Z</time>
        <extensions>
          <ns3:TrackPointExtension>
            <ns3:hr>92</ns3:hr>
            <ns3:cad>16</ns3:cad>
          </ns3:TrackPointExtension>
        </extensions>
      </trkpt>
      <trkpt lat="24.46987842209637165069580078125" lon="118.15155923366546630859375">
        <ele>164.399993896484375</ele>
        <time>2026-06-15T09:20:34.000Z</time>
        <extensions>
          <ns3:TrackPointExtension>
            <ns3:hr>92</ns3:hr>
            <ns3:cad>16</ns3:cad>
          </ns3:TrackPointExtension>
        </extensions>
      </trkpt>
      <trkpt lat="24.46988596580922603607177734375" lon="118.1515607424080371856689453125">
        <ele>164.1999969482421875</ele>
        <time>2026-06-15T09:20:35.000Z</time>
        <extensions>
          <ns3:TrackPointExtension>
            <ns3:hr>93</ns3:hr>
            <ns3:cad>59</ns3:cad>
          </ns3:TrackPointExtension>
        </extensions>
      </trkpt>
      <trkpt lat="24.46988898329436779022216796875" lon="118.15155864693224430084228515625">
        <ele>164</ele>
        <time>2026-06-15T09:20:36.000Z</time>
        <extensions>
          <ns3:TrackPointExtension>
            <ns3:hr>93</ns3:hr>
            <ns3:cad>60</ns3:cad>
          </ns3:TrackPointExtension>
        </extensions>
      </trkpt>
      <trkpt lat="24.4698880612850189208984375" lon="118.1515567190945148468017578125">
        <ele>163.600006103515625</ele>
        <time>2026-06-15T09:20:37.000Z</time>
        <extensions>
          <ns3:TrackPointExtension>
            <ns3:hr>93</ns3:hr>
            <ns3:cad>60</ns3:cad>
          </ns3:TrackPointExtension>
        </extensions>
      </trkpt>
      <trkpt lat="24.4698909111320972442626953125" lon="118.151556216180324554443359375">
        <ele>163.1999969482421875</ele>
        <time>2026-06-15T09:20:38.000Z</time>
        <extensions>
          <ns3:TrackPointExtension>
            <ns3:hr>92</ns3:hr>
            <ns3:cad>0</ns3:cad>
          </ns3:TrackPointExtension>
        </extensions>
      </trkpt>
      <trkpt lat="24.4698945991694927215576171875" lon="118.15155495889484882354736328125">
        <ele>162.8000030517578125</ele>
        <time>2026-06-15T09:20:39.000Z</time>
        <extensions>
          <ns3:TrackPointExtension>
            <ns3:hr>92</ns3:hr>
            <ns3:cad>0</ns3:cad>
          </ns3:TrackPointExtension>
        </extensions>
      </trkpt>
      <trkpt lat="24.46989677846431732177734375" lon="118.1515543721616268157958984375">
        <ele>162.600006103515625</ele>
        <time>2026-06-15T09:20:40.000Z</time>
        <extensions>
          <ns3:TrackPointExtension>
            <ns3:hr>92</ns3:hr>
            <ns3:cad>0</ns3:cad>
          </ns3:TrackPointExtension>
        </extensions>
      </trkpt>
      <trkpt lat="24.4699041545391082763671875" lon="118.15155428834259510040283203125">
        <ele>162.1999969482421875</ele>
        <time>2026-06-15T09:20:41.000Z</time>
        <extensions>
          <ns3:TrackPointExtension>
            <ns3:hr>92</ns3:hr>
            <ns3:cad>65</ns3:cad>
          </ns3:TrackPointExtension>
        </extensions>
      </trkpt>
      <trkpt lat="24.46990993805229663848876953125" lon="118.1515627540647983551025390625">
        <ele>162</ele>
        <time>2026-06-15T09:20:42.000Z</time>
        <extensions>
          <ns3:TrackPointExtension>
            <ns3:hr>93</ns3:hr>
            <ns3:cad>65</ns3:cad>
          </ns3:TrackPointExtension>
        </extensions>
      </trkpt>
      <trkpt lat="24.4699140451848506927490234375" lon="118.1515604071319103240966796875">
        <ele>161.8000030517578125</ele>
        <time>2026-06-15T09:20:43.000Z</time>
        <extensions>
          <ns3:TrackPointExtension>
            <ns3:hr>92</ns3:hr>
            <ns3:cad>65</ns3:cad>
          </ns3:TrackPointExtension>
        </extensions>
      </trkpt>
      <trkpt lat="24.469915218651294708251953125" lon="118.151564933359622955322265625">
        <ele>161.600006103515625</ele>
        <time>2026-06-15T09:20:44.000Z</time>
        <extensions>
          <ns3:TrackPointExtension>
            <ns3:hr>92</ns3:hr>
            <ns3:cad>60</ns3:cad>
          </ns3:TrackPointExtension>
        </extensions>
      </trkpt>
      <trkpt lat="24.469919241964817047119140625" lon="118.15156795084476470947265625">
        <ele>161.1999969482421875</ele>
        <time>2026-06-15T09:20:45.000Z</time>
        <extensions>
          <ns3:TrackPointExtension>
            <ns3:hr>92</ns3:hr>
            <ns3:cad>60</ns3:cad>
          </ns3:TrackPointExtension>
        </extensions>
      </trkpt>
      <trkpt lat="24.4699277915060520172119140625" lon="118.1515724770724773406982421875">
        <ele>160.8000030517578125</ele>
        <time>2026-06-15T09:20:46.000Z</time>
        <extensions>
          <ns3:TrackPointExtension>
            <ns3:hr>92</ns3:hr>
            <ns3:cad>60</ns3:cad>
          </ns3:TrackPointExtension>
        </extensions>
      </trkpt>
      <trkpt lat="24.4699385203421115875244140625" lon="118.15157474018633365631103515625">
        <ele>160.600006103515625</ele>
        <time>2026-06-15T09:20:47.000Z</time>
        <extensions>
          <ns3:TrackPointExtension>
            <ns3:hr>92</ns3:hr>
            <ns3:cad>60</ns3:cad>
          </ns3:TrackPointExtension>
        </extensions>
      </trkpt>
      <trkpt lat="24.469955451786518096923828125" lon="118.1515766680240631103515625">
        <ele>160.1999969482421875</ele>
        <time>2026-06-15T09:20:48.000Z</time>
        <extensions>
          <ns3:TrackPointExtension>
            <ns3:hr>92</ns3:hr>
            <ns3:cad>57</ns3:cad>
          </ns3:TrackPointExtension>
        </extensions>
      </trkpt>
      <trkpt lat="24.46996240876615047454833984375" lon="118.151574321091175079345703125">
        <ele>160</ele>
        <time>2026-06-15T09:20:49.000Z</time>
        <extensions>
          <ns3:TrackPointExtension>
            <ns3:hr>93</ns3:hr>
            <ns3:cad>57</ns3:cad>
          </ns3:TrackPointExtension>
        </extensions>
      </trkpt>
      <trkpt lat="24.46997045539319515228271484375" lon="118.15157063305377960205078125">
        <ele>159.600006103515625</ele>
        <time>2026-06-15T09:20:50.000Z</time>
        <extensions>
          <ns3:TrackPointExtension>
            <ns3:hr>92</ns3:hr>
            <ns3:cad>57</ns3:cad>
          </ns3:TrackPointExtension>
        </extensions>
      </trkpt>
      <trkpt lat="24.4699752330780029296875" lon="118.15156887285411357879638671875">
        <ele>159.399993896484375</ele>
        <time>2026-06-15T09:20:51.000Z</time>
        <extensions>
          <ns3:TrackPointExtension>
            <ns3:hr>92</ns3:hr>
            <ns3:cad>57</ns3:cad>
          </ns3:TrackPointExtension>
        </extensions>
      </trkpt>
      <trkpt lat="24.4699861295521259307861328125" lon="118.1515617482364177703857421875">
        <ele>159.1999969482421875</ele>
        <time>2026-06-15T09:20:52.000Z</time>
        <extensions>
          <ns3:TrackPointExtension>
            <ns3:hr>92</ns3:hr>
            <ns3:cad>57</ns3:cad>
          </ns3:TrackPointExtension>
        </extensions>
      </trkpt>
      <trkpt lat="24.4699924997985363006591796875" lon="118.15155395306646823883056640625">
        <ele>159</ele>
        <time>2026-06-15T09:20:53.000Z</time>
        <extensions>
          <ns3:TrackPointExtension>
            <ns3:hr>92</ns3:hr>
            <ns3:cad>56</ns3:cad>
          </ns3:TrackPointExtension>
        </extensions>
      </trkpt>
      <trkpt lat="24.469994008541107177734375" lon="118.1515473313629627227783203125">
        <ele>158.600006103515625</ele>
        <time>2026-06-15T09:20:54.000Z</time>
        <extensions>
          <ns3:TrackPointExtension>
            <ns3:hr>92</ns3:hr>
            <ns3:cad>56</ns3:cad>
          </ns3:TrackPointExtension>
        </extensions>
      </trkpt>
      <trkpt lat="24.46999912150204181671142578125" lon="118.1515473313629627227783203125">
        <ele>158.399993896484375</ele>
        <time>2026-06-15T09:20:55.000Z</time>
        <extensions>
          <ns3:TrackPointExtension>
            <ns3:hr>92</ns3:hr>
            <ns3:cad>0</ns3:cad>
          </ns3:TrackPointExtension>
        </extensions>
      </trkpt>
      <trkpt lat="24.4700028933584690093994140625" lon="118.15154573880136013031005859375">
        <ele>158</ele>
        <time>2026-06-15T09:20:56.000Z</time>
        <extensions>
          <ns3:TrackPointExtension>
            <ns3:hr>92</ns3:hr>
            <ns3:cad>0</ns3:cad>
          </ns3:TrackPointExtension>
        </extensions>
      </trkpt>
      <trkpt lat="24.47000649757683277130126953125" lon="118.15154456533491611480712890625">
        <ele>157.8000030517578125</ele>
        <time>2026-06-15T09:20:57.000Z</time>
        <extensions>
          <ns3:TrackPointExtension>
            <ns3:hr>93</ns3:hr>
            <ns3:cad>0</ns3:cad>
          </ns3:TrackPointExtension>
        </extensions>
      </trkpt>
      <trkpt lat="24.47001077234745025634765625" lon="118.1515417993068695068359375">
        <ele>157.399993896484375</ele>
        <time>2026-06-15T09:20:58.000Z</time>
        <extensions>
          <ns3:TrackPointExtension>
            <ns3:hr>93</ns3:hr>
            <ns3:cad>0</ns3:cad>
          </ns3:TrackPointExtension>
        </extensions>
      </trkpt>
      <trkpt lat="24.47001345455646514892578125" lon="118.15153953619301319122314453125">
        <ele>157.1999969482421875</ele>
        <time>2026-06-15T09:20:59.000Z</time>
        <extensions>
          <ns3:TrackPointExtension>
            <ns3:hr>93</ns3:hr>
            <ns3:cad>0</ns3:cad>
          </ns3:TrackPointExtension>
        </extensions>
      </trkpt>
      <trkpt lat="24.47001705877482891082763671875" lon="118.1515366025269031524658203125">
        <ele>156.8000030517578125</ele>
        <time>2026-06-15T09:21:00.000Z</time>
        <extensions>
          <ns3:TrackPointExtension>
            <ns3:hr>94</ns3:hr>
            <ns3:cad>0</ns3:cad>
          </ns3:TrackPointExtension>
        </extensions>
      </trkpt>
      <trkpt lat="24.47002016007900238037109375" lon="118.15153819508850574493408203125">
        <ele>156.600006103515625</ele>
        <time>2026-06-15T09:21:01.000Z</time>
        <extensions>
          <ns3:TrackPointExtension>
            <ns3:hr>94</ns3:hr>
            <ns3:cad>0</ns3:cad>
          </ns3:TrackPointExtension>
        </extensions>
      </trkpt>
      <trkpt lat="24.47002393193542957305908203125" lon="118.151535429060459136962890625">
        <ele>156.399993896484375</ele>
        <time>2026-06-15T09:21:02.000Z</time>
        <extensions>
          <ns3:TrackPointExtension>
            <ns3:hr>95</ns3:hr>
            <ns3:cad>0</ns3:cad>
          </ns3:TrackPointExtension>
        </extensions>
      </trkpt>
      <trkpt lat="24.47002560831606388092041015625" lon="118.15153576433658599853515625">
        <ele>156.1999969482421875</ele>
        <time>2026-06-15T09:21:03.000Z</time>
        <extensions>
          <ns3:TrackPointExtension>
            <ns3:hr>95</ns3:hr>
            <ns3:cad>0</ns3:cad>
          </ns3:TrackPointExtension>
        </extensions>
      </trkpt>
      <trkpt lat="24.47002644650638103485107421875" lon="118.1515337526798248291015625">
        <ele>156</ele>
        <time>2026-06-15T09:21:04.000Z</time>
        <extensions>
          <ns3:TrackPointExtension>
            <ns3:hr>95</ns3:hr>
            <ns3:cad>0</ns3:cad>
          </ns3:TrackPointExtension>
        </extensions>
      </trkpt>
      <trkpt lat="24.47003223001956939697265625" lon="118.1515310704708099365234375">
        <ele>155.8000030517578125</ele>
        <time>2026-06-15T09:21:05.000Z</time>
        <extensions>
          <ns3:TrackPointExtension>
            <ns3:hr>95</ns3:hr>
            <ns3:cad>0</ns3:cad>
          </ns3:TrackPointExtension>
        </extensions>
      </trkpt>
      <trkpt lat="24.47003566659986972808837890625" lon="118.15153115428984165191650390625">
        <ele>155.8000030517578125</ele>
        <time>2026-06-15T09:21:06.000Z</time>
        <extensions>
          <ns3:TrackPointExtension>
            <ns3:hr>95</ns3:hr>
            <ns3:cad>0</ns3:cad>
          </ns3:TrackPointExtension>
        </extensions>
      </trkpt>
      <trkpt lat="24.47004086337983608245849609375" lon="118.15152981318533420562744140625">
        <ele>155.600006103515625</ele>
        <time>2026-06-15T09:21:07.000Z</time>
        <extensions>
          <ns3:TrackPointExtension>
            <ns3:hr>95</ns3:hr>
            <ns3:cad>0</ns3:cad>
          </ns3:TrackPointExtension>
        </extensions>
      </trkpt>
      <trkpt lat="24.470041282474994659423828125" lon="118.15152729861438274383544921875">
        <ele>155.1999969482421875</ele>
        <time>2026-06-15T09:21:08.000Z</time>
        <extensions>
          <ns3:TrackPointExtension>
            <ns3:hr>95</ns3:hr>
            <ns3:cad>0</ns3:cad>
          </ns3:TrackPointExtension>
        </extensions>
      </trkpt>
      <trkpt lat="24.47004036046564579010009765625" lon="118.15152595750987529754638671875">
        <ele>155</ele>
        <time>2026-06-15T09:21:09.000Z</time>
        <extensions>
          <ns3:TrackPointExtension>
            <ns3:hr>95</ns3:hr>
            <ns3:cad>0</ns3:cad>
          </ns3:TrackPointExtension>
        </extensions>
      </trkpt>
      <trkpt lat="24.470042623579502105712890625" lon="118.1515255384147167205810546875">
        <ele>154.8000030517578125</ele>
        <time>2026-06-15T09:21:10.000Z</time>
        <extensions>
          <ns3:TrackPointExtension>
            <ns3:hr>95</ns3:hr>
            <ns3:cad>0</ns3:cad>
          </ns3:TrackPointExtension>
        </extensions>
      </trkpt>
      <trkpt lat="24.47004455141723155975341796875" lon="118.15152830444276332855224609375">
        <ele>154.8000030517578125</ele>
        <time>2026-06-15T09:21:11.000Z</time>
        <extensions>
          <ns3:TrackPointExtension>
            <ns3:hr>96</ns3:hr>
            <ns3:cad>0</ns3:cad>
          </ns3:TrackPointExtension>
        </extensions>
      </trkpt>
      <trkpt lat="24.47004823945462703704833984375" lon="118.151529394090175628662109375">
        <ele>154.8000030517578125</ele>
        <time>2026-06-15T09:21:12.000Z</time>
        <extensions>
          <ns3:TrackPointExtension>
            <ns3:hr>95</ns3:hr>
            <ns3:cad>0</ns3:cad>
          </ns3:TrackPointExtension>
        </extensions>
      </trkpt>
      <trkpt lat="24.47004924528300762176513671875" lon="118.15152847208082675933837890625">
        <ele>154.8000030517578125</ele>
        <time>2026-06-15T09:21:13.000Z</time>
        <extensions>
          <ns3:TrackPointExtension>
            <ns3:hr>95</ns3:hr>
            <ns3:cad>0</ns3:cad>
          </ns3:TrackPointExtension>
        </extensions>
      </trkpt>
      <trkpt lat="24.47004907764494419097900390625" lon="118.1515292264521121978759765625">
        <ele>155</ele>
        <time>2026-06-15T09:21:14.000Z</time>
        <extensions>
          <ns3:TrackPointExtension>
            <ns3:hr>95</ns3:hr>
            <ns3:cad>0</ns3:cad>
          </ns3:TrackPointExtension>
        </extensions>
      </trkpt>
      <trkpt lat="24.4700481556355953216552734375" lon="118.1515322439372539520263671875">
        <ele>155</ele>
        <time>2026-06-15T09:21:15.000Z</time>
        <extensions>
          <ns3:TrackPointExtension>
            <ns3:hr>94</ns3:hr>
            <ns3:cad>0</ns3:cad>
          </ns3:TrackPointExtension>
        </extensions>
      </trkpt>
      <trkpt lat="24.47005360387265682220458984375" lon="118.1515392847359180450439453125">
        <ele>155</ele>
        <time>2026-06-15T09:21:16.000Z</time>
        <extensions>
          <ns3:TrackPointExtension>
            <ns3:hr>94</ns3:hr>
            <ns3:cad>0</ns3:cad>
          </ns3:TrackPointExtension>
        </extensions>
      </trkpt>
      <trkpt lat="24.4700597226619720458984375" lon="118.15154188312590122222900390625">
        <ele>155</ele>
        <time>2026-06-15T09:21:17.000Z</time>
        <extensions>
          <ns3:TrackPointExtension>
            <ns3:hr>94</ns3:hr>
            <ns3:cad>0</ns3:cad>
          </ns3:TrackPointExtension>
        </extensions>
      </trkpt>
      <trkpt lat="24.47006533853709697723388671875" lon="118.151542134582996368408203125">
        <ele>155</ele>
        <time>2026-06-15T09:21:18.000Z</time>
        <extensions>
          <ns3:TrackPointExtension>
            <ns3:hr>93</ns3:hr>
            <ns3:cad>0</ns3:cad>
          </ns3:TrackPointExtension>
        </extensions>
      </trkpt>
      <trkpt lat="24.47006768546998500823974609375" lon="118.151538781821727752685546875">
        <ele>154.8000030517578125</ele>
        <time>2026-06-15T09:21:19.000Z</time>
        <extensions>
          <ns3:TrackPointExtension>
            <ns3:hr>93</ns3:hr>
            <ns3:cad>0</ns3:cad>
          </ns3:TrackPointExtension>
        </extensions>
      </trkpt>
      <trkpt lat="24.470069445669651031494140625" lon="118.15152880735695362091064453125">
        <ele>154.600006103515625</ele>
        <time>2026-06-15T09:21:20.000Z</time>
        <extensions>
          <ns3:TrackPointExtension>
            <ns3:hr>93</ns3:hr>
            <ns3:cad>0</ns3:cad>
          </ns3:TrackPointExtension>
        </extensions>
      </trkpt>
      <trkpt lat="24.4700766541063785552978515625" lon="118.151527382433414459228515625">
        <ele>154.399993896484375</ele>
        <time>2026-06-15T09:21:21.000Z</time>
        <extensions>
          <ns3:TrackPointExtension>
            <ns3:hr>94</ns3:hr>
            <ns3:cad>0</ns3:cad>
          </ns3:TrackPointExtension>
        </extensions>
      </trkpt>
      <trkpt lat="24.47008185088634490966796875" lon="118.15152235329151153564453125">
        <ele>154.399993896484375</ele>
        <time>2026-06-15T09:21:22.000Z</time>
        <extensions>
          <ns3:TrackPointExtension>
            <ns3:hr>93</ns3:hr>
            <ns3:cad>0</ns3:cad>
          </ns3:TrackPointExtension>
        </extensions>
      </trkpt>
      <trkpt lat="24.47008495219051837921142578125" lon="118.15151489339768886566162109375">
        <ele>154.1999969482421875</ele>
        <time>2026-06-15T09:21:23.000Z</time>
        <extensions>
          <ns3:TrackPointExtension>
            <ns3:hr>92</ns3:hr>
            <ns3:cad>0</ns3:cad>
          </ns3:TrackPointExtension>
        </extensions>
      </trkpt>
      <trkpt lat="24.47008813731372356414794921875" lon="118.15150785259902477264404296875">
        <ele>153.8000030517578125</ele>
        <time>2026-06-15T09:21:24.000Z</time>
        <extensions>
          <ns3:TrackPointExtension>
            <ns3:hr>92</ns3:hr>
            <ns3:cad>55</ns3:cad>
          </ns3:TrackPointExtension>
        </extensions>
      </trkpt>
      <trkpt lat="24.4700877182185649871826171875" lon="118.15149561502039432525634765625">
        <ele>153.8000030517578125</ele>
        <time>2026-06-15T09:21:25.000Z</time>
        <extensions>
          <ns3:TrackPointExtension>
            <ns3:hr>91</ns3:hr>
            <ns3:cad>55</ns3:cad>
          </ns3:TrackPointExtension>
        </extensions>
      </trkpt>
      <trkpt lat="24.4700863771140575408935546875" lon="118.15148807130753993988037109375">
        <ele>153.600006103515625</ele>
        <time>2026-06-15T09:21:26.000Z</time>
        <extensions>
          <ns3:TrackPointExtension>
            <ns3:hr>91</ns3:hr>
            <ns3:cad>55</ns3:cad>
          </ns3:TrackPointExtension>
        </extensions>
      </trkpt>
      <trkpt lat="24.4700840301811695098876953125" lon="118.15147885121405124664306640625">
        <ele>153.399993896484375</ele>
        <time>2026-06-15T09:21:27.000Z</time>
        <extensions>
          <ns3:TrackPointExtension>
            <ns3:hr>90</ns3:hr>
            <ns3:cad>55</ns3:cad>
          </ns3:TrackPointExtension>
        </extensions>
      </trkpt>
      <trkpt lat="24.47008210234344005584716796875" lon="118.15146208740770816802978515625">
        <ele>153.399993896484375</ele>
        <time>2026-06-15T09:21:28.000Z</time>
        <extensions>
          <ns3:TrackPointExtension>
            <ns3:hr>90</ns3:hr>
            <ns3:cad>55</ns3:cad>
          </ns3:TrackPointExtension>
        </extensions>
      </trkpt>
      <trkpt lat="24.47008294053375720977783203125" lon="118.15145085565745830535888671875">
        <ele>153.600006103515625</ele>
        <time>2026-06-15T09:21:29.000Z</time>
        <extensions>
          <ns3:TrackPointExtension>
            <ns3:hr>90</ns3:hr>
            <ns3:cad>52</ns3:cad>
          </ns3:TrackPointExtension>
        </extensions>
      </trkpt>
      <trkpt lat="24.4700811803340911865234375" lon="118.1514447368681430816650390625">
        <ele>153.8000030517578125</ele>
        <time>2026-06-15T09:21:30.000Z</time>
        <extensions>
          <ns3:TrackPointExtension>
            <ns3:hr>90</ns3:hr>
            <ns3:cad>50</ns3:cad>
          </ns3:TrackPointExtension>
        </extensions>
      </trkpt>
      <trkpt lat="24.47007992304861545562744140625" lon="118.1514293141663074493408203125">
        <ele>154</ele>
        <time>2026-06-15T09:21:31.000Z</time>
        <extensions>
          <ns3:TrackPointExtension>
            <ns3:hr>90</ns3:hr>
            <ns3:cad>50</ns3:cad>
          </ns3:TrackPointExtension>
        </extensions>
      </trkpt>
      <trkpt lat="24.470075480639934539794921875" lon="118.15141774713993072509765625">
        <ele>154.1999969482421875</ele>
        <time>2026-06-15T09:21:32.000Z</time>
        <extensions>
          <ns3:TrackPointExtension>
            <ns3:hr>89</ns3:hr>
            <ns3:cad>50</ns3:cad>
          </ns3:TrackPointExtension>
        </extensions>
      </trkpt>
      <trkpt lat="24.4700702838599681854248046875" lon="118.15140525810420513153076171875">
        <ele>154.399993896484375</ele>
        <time>2026-06-15T09:21:33.000Z</time>
        <extensions>
          <ns3:TrackPointExtension>
            <ns3:hr>89</ns3:hr>
            <ns3:cad>0</ns3:cad>
          </ns3:TrackPointExtension>
        </extensions>
      </trkpt>
      <trkpt lat="24.470066092908382415771484375" lon="118.15140240825712680816650390625">
        <ele>154.600006103515625</ele>
        <time>2026-06-15T09:21:34.000Z</time>
        <extensions>
          <ns3:TrackPointExtension>
            <ns3:hr>89</ns3:hr>
            <ns3:cad>0</ns3:cad>
          </ns3:TrackPointExtension>
        </extensions>
      </trkpt>
      <trkpt lat="24.47006349451839923858642578125" lon="118.15139888785779476165771484375">
        <ele>154.8000030517578125</ele>
        <time>2026-06-15T09:21:35.000Z</time>
        <extensions>
          <ns3:TrackPointExtension>
            <ns3:hr>90</ns3:hr>
            <ns3:cad>0</ns3:cad>
          </ns3:TrackPointExtension>
        </extensions>
      </trkpt>
      <trkpt lat="24.47005980648100376129150390625" lon="118.1513969600200653076171875">
        <ele>155</ele>
        <time>2026-06-15T09:21:36.000Z</time>
        <extensions>
          <ns3:TrackPointExtension>
            <ns3:hr>89</ns3:hr>
            <ns3:cad>73</ns3:cad>
          </ns3:TrackPointExtension>
        </extensions>
      </trkpt>
      <trkpt lat="24.47005528025329113006591796875" lon="118.151395618915557861328125">
        <ele>155</ele>
        <time>2026-06-15T09:21:37.000Z</time>
        <extensions>
          <ns3:TrackPointExtension>
            <ns3:hr>89</ns3:hr>
            <ns3:cad>73</ns3:cad>
          </ns3:TrackPointExtension>
        </extensions>
      </trkpt>
      <trkpt lat="24.47005310095846652984619140625" lon="118.15139620564877986907958984375">
        <ele>155.1999969482421875</ele>
        <time>2026-06-15T09:21:38.000Z</time>
        <extensions>
          <ns3:TrackPointExtension>
            <ns3:hr>90</ns3:hr>
            <ns3:cad>73</ns3:cad>
          </ns3:TrackPointExtension>
        </extensions>
      </trkpt>
      <trkpt lat="24.47005008347332477569580078125" lon="118.1513924337923526763916015625">
        <ele>155.1999969482421875</ele>
        <time>2026-06-15T09:21:39.000Z</time>
        <extensions>
          <ns3:TrackPointExtension>
            <ns3:hr>90</ns3:hr>
            <ns3:cad>0</ns3:cad>
          </ns3:TrackPointExtension>
        </extensions>
      </trkpt>
      <trkpt lat="24.47004689835011959075927734375" lon="118.15138799138367176055908203125">
        <ele>155.1999969482421875</ele>
        <time>2026-06-15T09:21:40.000Z</time>
        <extensions>
          <ns3:TrackPointExtension>
            <ns3:hr>90</ns3:hr>
            <ns3:cad>0</ns3:cad>
          </ns3:TrackPointExtension>
        </extensions>
      </trkpt>
      <trkpt lat="24.470043294131755828857421875" lon="118.1513820402324199676513671875">
        <ele>155.399993896484375</ele>
        <time>2026-06-15T09:21:41.000Z</time>
        <extensions>
          <ns3:TrackPointExtension>
            <ns3:hr>91</ns3:hr>
            <ns3:cad>0</ns3:cad>
          </ns3:TrackPointExtension>
        </extensions>
      </trkpt>
      <trkpt lat="24.47003784589469432830810546875" lon="118.15137625671923160552978515625">
        <ele>155.399993896484375</ele>
        <time>2026-06-15T09:21:42.000Z</time>
        <extensions>
          <ns3:TrackPointExtension>
            <ns3:hr>93</ns3:hr>
            <ns3:cad>0</ns3:cad>
          </ns3:TrackPointExtension>
        </extensions>
      </trkpt>
      <trkpt lat="24.47003315202891826629638671875" lon="118.15137072466313838958740234375">
        <ele>155.600006103515625</ele>
        <time>2026-06-15T09:21:43.000Z</time>
        <extensions>
          <ns3:TrackPointExtension>
            <ns3:hr>95</ns3:hr>
            <ns3:cad>0</ns3:cad>
          </ns3:TrackPointExtension>
        </extensions>
      </trkpt>
      <trkpt lat="24.47002946399152278900146484375" lon="118.1513703055679798126220703125">
        <ele>155.8000030517578125</ele>
        <time>2026-06-15T09:21:44.000Z</time>
        <extensions>
          <ns3:TrackPointExtension>
            <ns3:hr>97</ns3:hr>
            <ns3:cad>0</ns3:cad>
          </ns3:TrackPointExtension>
        </extensions>
      </trkpt>
      <trkpt lat="24.47002812288701534271240234375" lon="118.1513659469783306121826171875">
        <ele>156.1999969482421875</ele>
        <time>2026-06-15T09:21:45.000Z</time>
        <extensions>
          <ns3:TrackPointExtension>
            <ns3:hr>98</ns3:hr>
            <ns3:cad>0</ns3:cad>
          </ns3:TrackPointExtension>
        </extensions>
      </trkpt>
      <trkpt lat="24.47002477012574672698974609375" lon="118.15136116929352283477783203125">
        <ele>156.399993896484375</ele>
        <time>2026-06-15T09:21:46.000Z</time>
        <extensions>
          <ns3:TrackPointExtension>
            <ns3:hr>97</ns3:hr>
            <ns3:cad>0</ns3:cad>
          </ns3:TrackPointExtension>
        </extensions>
      </trkpt>
      <trkpt lat="24.4700199924409389495849609375" lon="118.151355721056461334228515625">
        <ele>156.600006103515625</ele>
        <time>2026-06-15T09:21:47.000Z</time>
        <extensions>
          <ns3:TrackPointExtension>
            <ns3:hr>99</ns3:hr>
            <ns3:cad>0</ns3:cad>
          </ns3:TrackPointExtension>
        </extensions>
      </trkpt>
      <trkpt lat="24.4700186513364315032958984375" lon="118.15135144628584384918212890625">
        <ele>156.8000030517578125</ele>
        <time>2026-06-15T09:21:48.000Z</time>
        <extensions>
          <ns3:TrackPointExtension>
            <ns3:hr>99</ns3:hr>
            <ns3:cad>0</ns3:cad>
          </ns3:TrackPointExtension>
        </extensions>
      </trkpt>
      <trkpt lat="24.4700166396796703338623046875" lon="118.1513441540300846099853515625">
        <ele>157.1999969482421875</ele>
        <time>2026-06-15T09:21:49.000Z</time>
        <extensions>
          <ns3:TrackPointExtension>
            <ns3:hr>99</ns3:hr>
            <ns3:cad>0</ns3:cad>
          </ns3:TrackPointExtension>
        </extensions>
      </trkpt>
      <trkpt lat="24.4700156338512897491455078125" lon="118.151337616145610809326171875">
        <ele>157.399993896484375</ele>
        <time>2026-06-15T09:21:50.000Z</time>
        <extensions>
          <ns3:TrackPointExtension>
            <ns3:hr>99</ns3:hr>
            <ns3:cad>0</ns3:cad>
          </ns3:TrackPointExtension>
        </extensions>
      </trkpt>
      <trkpt lat="24.47001270018517971038818359375" lon="118.15133300609886646270751953125">
        <ele>157.600006103515625</ele>
        <time>2026-06-15T09:21:51.000Z</time>
        <extensions>
          <ns3:TrackPointExtension>
            <ns3:hr>99</ns3:hr>
            <ns3:cad>0</ns3:cad>
          </ns3:TrackPointExtension>
        </extensions>
      </trkpt>
      <trkpt lat="24.4700102694332599639892578125" lon="118.1513257138431072235107421875">
        <ele>157.8000030517578125</ele>
        <time>2026-06-15T09:21:52.000Z</time>
        <extensions>
          <ns3:TrackPointExtension>
            <ns3:hr>99</ns3:hr>
            <ns3:cad>0</ns3:cad>
          </ns3:TrackPointExtension>
        </extensions>
      </trkpt>
      <trkpt lat="24.47001001797616481781005859375" lon="118.1513218581676483154296875">
        <ele>158</ele>
        <time>2026-06-15T09:21:53.000Z</time>
        <extensions>
          <ns3:TrackPointExtension>
            <ns3:hr>99</ns3:hr>
            <ns3:cad>0</ns3:cad>
          </ns3:TrackPointExtension>
        </extensions>
      </trkpt>
      <trkpt lat="24.4700089283287525177001953125" lon="118.15131674520671367645263671875">
        <ele>158.1999969482421875</ele>
        <time>2026-06-15T09:21:54.000Z</time>
        <extensions>
          <ns3:TrackPointExtension>
            <ns3:hr>98</ns3:hr>
            <ns3:cad>0</ns3:cad>
          </ns3:TrackPointExtension>
        </extensions>
      </trkpt>
      <trkpt lat="24.470011107623577117919921875" lon="118.15131582319736480712890625">
        <ele>158.399993896484375</ele>
        <time>2026-06-15T09:21:55.000Z</time>
        <extensions>
          <ns3:TrackPointExtension>
            <ns3:hr>99</ns3:hr>
            <ns3:cad>0</ns3:cad>
          </ns3:TrackPointExtension>
        </extensions>
      </trkpt>
      <trkpt lat="24.4700129516422748565673828125" lon="118.15130970440804958343505859375">
        <ele>158.399993896484375</ele>
        <time>2026-06-15T09:21:56.000Z</time>
        <extensions>
          <ns3:TrackPointExtension>
            <ns3:hr>99</ns3:hr>
            <ns3:cad>0</ns3:cad>
          </ns3:TrackPointExtension>
        </extensions>
      </trkpt>
      <trkpt lat="24.4700163044035434722900390625" lon="118.151304759085178375244140625">
        <ele>158.399993896484375</ele>
        <time>2026-06-15T09:21:57.000Z</time>
        <extensions>
          <ns3:TrackPointExtension>
            <ns3:hr>100</ns3:hr>
            <ns3:cad>0</ns3:cad>
          </ns3:TrackPointExtension>
        </extensions>
      </trkpt>
      <trkpt lat="24.47001940570771694183349609375" lon="118.1512968800961971282958984375">
        <ele>158.399993896484375</ele>
        <time>2026-06-15T09:21:58.000Z</time>
        <extensions>
          <ns3:TrackPointExtension>
            <ns3:hr>103</ns3:hr>
            <ns3:cad>0</ns3:cad>
          </ns3:TrackPointExtension>
        </extensions>
      </trkpt>
      <trkpt lat="24.47002208791673183441162109375" lon="118.1512869894504547119140625">
        <ele>158.1999969482421875</ele>
        <time>2026-06-15T09:21:59.000Z</time>
        <extensions>
          <ns3:TrackPointExtension>
            <ns3:hr>105</ns3:hr>
            <ns3:cad>0</ns3:cad>
          </ns3:TrackPointExtension>
        </extensions>
      </trkpt>
      <trkpt lat="24.470026195049285888671875" lon="118.1512804515659809112548828125">
        <ele>158</ele>
        <time>2026-06-15T09:22:00.000Z</time>
        <extensions>
          <ns3:TrackPointExtension>
            <ns3:hr>107</ns3:hr>
            <ns3:cad>0</ns3:cad>
          </ns3:TrackPointExtension>
        </extensions>
      </trkpt>
      <trkpt lat="24.4700347445905208587646484375" lon="118.15127198584377765655517578125">
        <ele>157.600006103515625</ele>
        <time>2026-06-15T09:22:01.000Z</time>
        <extensions>
          <ns3:TrackPointExtension>
            <ns3:hr>107</ns3:hr>
            <ns3:cad>0</ns3:cad>
          </ns3:TrackPointExtension>
        </extensions>
      </trkpt>
      <trkpt lat="24.47004555724561214447021484375" lon="118.151267878711223602294921875">
        <ele>157.1999969482421875</ele>
        <time>2026-06-15T09:22:02.000Z</time>
        <extensions>
          <ns3:TrackPointExtension>
            <ns3:hr>108</ns3:hr>
            <ns3:cad>0</ns3:cad>
          </ns3:TrackPointExtension>
        </extensions>
      </trkpt>
      <trkpt lat="24.470051340758800506591796875" lon="118.15126393921673297882080078125">
        <ele>156.8000030517578125</ele>
        <time>2026-06-15T09:22:03.000Z</time>
        <extensions>
          <ns3:TrackPointExtension>
            <ns3:hr>108</ns3:hr>
            <ns3:cad>62</ns3:cad>
          </ns3:TrackPointExtension>
        </extensions>
      </trkpt>
      <trkpt lat="24.4700592197477817535400390625" lon="118.15126410685479640960693359375">
        <ele>156.600006103515625</ele>
        <time>2026-06-15T09:22:04.000Z</time>
        <extensions>
          <ns3:TrackPointExtension>
            <ns3:hr>108</ns3:hr>
            <ns3:cad>62</ns3:cad>
          </ns3:TrackPointExtension>
        </extensions>
      </trkpt>
      <trkpt lat="24.470067434012889862060546875" lon="118.15126511268317699432373046875">
        <ele>156.399993896484375</ele>
        <time>2026-06-15T09:22:05.000Z</time>
        <extensions>
          <ns3:TrackPointExtension>
            <ns3:hr>108</ns3:hr>
            <ns3:cad>62</ns3:cad>
          </ns3:TrackPointExtension>
        </extensions>
      </trkpt>
      <trkpt lat="24.47007003240287303924560546875" lon="118.1512683816254138946533203125">
        <ele>156.399993896484375</ele>
        <time>2026-06-15T09:22:06.000Z</time>
        <extensions>
          <ns3:TrackPointExtension>
            <ns3:hr>108</ns3:hr>
            <ns3:cad>62</ns3:cad>
          </ns3:TrackPointExtension>
        </extensions>
      </trkpt>
      <trkpt lat="24.47007246315479278564453125" lon="118.151273243129253387451171875">
        <ele>156.600006103515625</ele>
        <time>2026-06-15T09:22:07.000Z</time>
        <extensions>
          <ns3:TrackPointExtension>
            <ns3:hr>109</ns3:hr>
            <ns3:cad>62</ns3:cad>
          </ns3:TrackPointExtension>
        </extensions>
      </trkpt>
      <trkpt lat="24.47007791139185428619384765625" lon="118.1512797810137271881103515625">
        <ele>156.8000030517578125</ele>
        <time>2026-06-15T09:22:08.000Z</time>
        <extensions>
          <ns3:TrackPointExtension>
            <ns3:hr>109</ns3:hr>
            <ns3:cad>62</ns3:cad>
          </ns3:TrackPointExtension>
        </extensions>
      </trkpt>
      <trkpt lat="24.4700825214385986328125" lon="118.151285983622074127197265625">
        <ele>157</ele>
        <time>2026-06-15T09:22:09.000Z</time>
        <extensions>
          <ns3:TrackPointExtension>
            <ns3:hr>109</ns3:hr>
            <ns3:cad>51</ns3:cad>
          </ns3:TrackPointExtension>
        </extensions>
      </trkpt>
      <trkpt lat="24.4700838625431060791015625" lon="118.15129092894494533538818359375">
        <ele>157</ele>
        <time>2026-06-15T09:22:10.000Z</time>
        <extensions>
          <ns3:TrackPointExtension>
            <ns3:hr>109</ns3:hr>
            <ns3:cad>49</ns3:cad>
          </ns3:TrackPointExtension>
        </extensions>
      </trkpt>
      <trkpt lat="24.47008830495178699493408203125" lon="118.15129704773426055908203125">
        <ele>157</ele>
        <time>2026-06-15T09:22:11.000Z</time>
        <extensions>
          <ns3:TrackPointExtension>
            <ns3:hr>110</ns3:hr>
            <ns3:cad>49</ns3:cad>
          </ns3:TrackPointExtension>
        </extensions>
      </trkpt>
      <trkpt lat="24.47009065188467502593994140625" lon="118.151299059391021728515625">
        <ele>156.8000030517578125</ele>
        <time>2026-06-15T09:22:12.000Z</time>
        <extensions>
          <ns3:TrackPointExtension>
            <ns3:hr>110</ns3:hr>
            <ns3:cad>49</ns3:cad>
          </ns3:TrackPointExtension>
        </extensions>
      </trkpt>
      <trkpt lat="24.47009366936981678009033203125" lon="118.151299394667148590087890625">
        <ele>156.600006103515625</ele>
        <time>2026-06-15T09:22:13.000Z</time>
        <extensions>
          <ns3:TrackPointExtension>
            <ns3:hr>110</ns3:hr>
            <ns3:cad>51</ns3:cad>
          </ns3:TrackPointExtension>
        </extensions>
      </trkpt>
      <trkpt lat="24.47009718976914882659912109375" lon="118.15129243768751621246337890625">
        <ele>156.399993896484375</ele>
        <time>2026-06-15T09:22:14.000Z</time>
        <extensions>
          <ns3:TrackPointExtension>
            <ns3:hr>111</ns3:hr>
            <ns3:cad>51</ns3:cad>
          </ns3:TrackPointExtension>
        </extensions>
      </trkpt>
      <trkpt lat="24.47010154835879802703857421875" lon="118.15129260532557964324951171875">
        <ele>156.1999969482421875</ele>
        <time>2026-06-15T09:22:15.000Z</time>
        <extensions>
          <ns3:TrackPointExtension>
            <ns3:hr>112</ns3:hr>
            <ns3:cad>51</ns3:cad>
          </ns3:TrackPointExtension>
        </extensions>
      </trkpt>
      <trkpt lat="24.4701080024242401123046875" lon="118.1512928567826747894287109375">
        <ele>156.1999969482421875</ele>
        <time>2026-06-15T09:22:16.000Z</time>
        <extensions>
          <ns3:TrackPointExtension>
            <ns3:hr>112</ns3:hr>
            <ns3:cad>52</ns3:cad>
          </ns3:TrackPointExtension>
        </extensions>
      </trkpt>
      <trkpt lat="24.47011428885161876678466796875" lon="118.15129629336297512054443359375">
        <ele>156</ele>
        <time>2026-06-15T09:22:17.000Z</time>
        <extensions>
          <ns3:TrackPointExtension>
            <ns3:hr>113</ns3:hr>
            <ns3:cad>52</ns3:cad>
          </ns3:TrackPointExtension>
        </extensions>
      </trkpt>
      <trkpt lat="24.47012267075479030609130859375" lon="118.151299394667148590087890625">
        <ele>155.8000030517578125</ele>
        <time>2026-06-15T09:22:18.000Z</time>
        <extensions>
          <ns3:TrackPointExtension>
            <ns3:hr>113</ns3:hr>
            <ns3:cad>52</ns3:cad>
          </ns3:TrackPointExtension>
        </extensions>
      </trkpt>
      <trkpt lat="24.4701353274285793304443359375" lon="118.15130299888551235198974609375">
        <ele>155.600006103515625</ele>
        <time>2026-06-15T09:22:19.000Z</time>
        <extensions>
          <ns3:TrackPointExtension>
            <ns3:hr>112</ns3:hr>
            <ns3:cad>52</ns3:cad>
          </ns3:TrackPointExtension>
        </extensions>
      </trkpt>
      <trkpt lat="24.47014580480754375457763671875" lon="118.15130517818033695220947265625">
        <ele>155.399993896484375</ele>
        <time>2026-06-15T09:22:20.000Z</time>
        <extensions>
          <ns3:TrackPointExtension>
            <ns3:hr>111</ns3:hr>
            <ns3:cad>52</ns3:cad>
          </ns3:TrackPointExtension>
        </extensions>
      </trkpt>
      <trkpt lat="24.4701567851006984710693359375" lon="118.15130551345646381378173828125">
        <ele>155.1999969482421875</ele>
        <time>2026-06-15T09:22:21.000Z</time>
        <extensions>
          <ns3:TrackPointExtension>
            <ns3:hr>109</ns3:hr>
            <ns3:cad>57</ns3:cad>
          </ns3:TrackPointExtension>
        </extensions>
      </trkpt>
      <trkpt lat="24.47016776539385318756103515625" lon="118.1513039208948612213134765625">
        <ele>155</ele>
        <time>2026-06-15T09:22:22.000Z</time>
        <extensions>
          <ns3:TrackPointExtension>
            <ns3:hr>110</ns3:hr>
            <ns3:cad>57</ns3:cad>
          </ns3:TrackPointExtension>
        </extensions>
      </trkpt>
      <trkpt lat="24.4701715372502803802490234375" lon="118.15130174160003662109375">
        <ele>154.8000030517578125</ele>
        <time>2026-06-15T09:22:23.000Z</time>
        <extensions>
          <ns3:TrackPointExtension>
            <ns3:hr>109</ns3:hr>
            <ns3:cad>56</ns3:cad>
          </ns3:TrackPointExtension>
        </extensions>
      </trkpt>
      <trkpt lat="24.47017882950603961944580078125" lon="118.1512972153723239898681640625">
        <ele>154.8000030517578125</ele>
        <time>2026-06-15T09:22:24.000Z</time>
        <extensions>
          <ns3:TrackPointExtension>
            <ns3:hr>108</ns3:hr>
            <ns3:cad>0</ns3:cad>
          </ns3:TrackPointExtension>
        </extensions>
      </trkpt>
      <trkpt lat="24.47017975151538848876953125" lon="118.15129344351589679718017578125">
        <ele>154.8000030517578125</ele>
        <time>2026-06-15T09:22:25.000Z</time>
        <extensions>
          <ns3:TrackPointExtension>
            <ns3:hr>107</ns3:hr>
            <ns3:cad>0</ns3:cad>
          </ns3:TrackPointExtension>
        </extensions>
      </trkpt>
      <trkpt lat="24.47018385864794254302978515625" lon="118.1512864865362644195556640625">
        <ele>154.8000030517578125</ele>
        <time>2026-06-15T09:22:26.000Z</time>
        <extensions>
          <ns3:TrackPointExtension>
            <ns3:hr>107</ns3:hr>
            <ns3:cad>0</ns3:cad>
          </ns3:TrackPointExtension>
        </extensions>
      </trkpt>
      <trkpt lat="24.47019240818917751312255859375" lon="118.151281289756298065185546875">
        <ele>154.8000030517578125</ele>
        <time>2026-06-15T09:22:27.000Z</time>
        <extensions>
          <ns3:TrackPointExtension>
            <ns3:hr>106</ns3:hr>
            <ns3:cad>0</ns3:cad>
          </ns3:TrackPointExtension>
        </extensions>
      </trkpt>
      <trkpt lat="24.47019584476947784423828125" lon="118.1512770988047122955322265625">
        <ele>154.8000030517578125</ele>
        <time>2026-06-15T09:22:28.000Z</time>
        <extensions>
          <ns3:TrackPointExtension>
            <ns3:hr>106</ns3:hr>
            <ns3:cad>0</ns3:cad>
          </ns3:TrackPointExtension>
        </extensions>
      </trkpt>
      <trkpt lat="24.47019978426396846771240234375" lon="118.15127349458634853363037109375">
        <ele>154.600006103515625</ele>
        <time>2026-06-15T09:22:29.000Z</time>
        <extensions>
          <ns3:TrackPointExtension>
            <ns3:hr>106</ns3:hr>
            <ns3:cad>0</ns3:cad>
          </ns3:TrackPointExtension>
        </extensions>
      </trkpt>
      <trkpt lat="24.47020397521555423736572265625" lon="118.15127265639603137969970703125">
        <ele>154.1999969482421875</ele>
        <time>2026-06-15T09:22:30.000Z</time>
        <extensions>
          <ns3:TrackPointExtension>
            <ns3:hr>106</ns3:hr>
            <ns3:cad>0</ns3:cad>
          </ns3:TrackPointExtension>
        </extensions>
      </trkpt>
      <trkpt lat="24.47021135129034519195556640625" lon="118.15127399750053882598876953125">
        <ele>154</ele>
        <time>2026-06-15T09:22:31.000Z</time>
        <extensions>
          <ns3:TrackPointExtension>
            <ns3:hr>106</ns3:hr>
            <ns3:cad>58</ns3:cad>
          </ns3:TrackPointExtension>
        </extensions>
      </trkpt>
      <trkpt lat="24.4702137820422649383544921875" lon="118.151274584233760833740234375">
        <ele>153.600006103515625</ele>
        <time>2026-06-15T09:22:32.000Z</time>
        <extensions>
          <ns3:TrackPointExtension>
            <ns3:hr>106</ns3:hr>
            <ns3:cad>58</ns3:cad>
          </ns3:TrackPointExtension>
        </extensions>
      </trkpt>
      <trkpt lat="24.4702157936990261077880859375" lon="118.151280619204044342041015625">
        <ele>153.1999969482421875</ele>
        <time>2026-06-15T09:22:33.000Z</time>
        <extensions>
          <ns3:TrackPointExtension>
            <ns3:hr>106</ns3:hr>
            <ns3:cad>58</ns3:cad>
          </ns3:TrackPointExtension>
        </extensions>
      </trkpt>
      <trkpt lat="24.47021654807031154632568359375" lon="118.15128891728818416595458984375">
        <ele>152.8000030517578125</ele>
        <time>2026-06-15T09:22:34.000Z</time>
        <extensions>
          <ns3:TrackPointExtension>
            <ns3:hr>106</ns3:hr>
            <ns3:cad>58</ns3:cad>
          </ns3:TrackPointExtension>
        </extensions>
      </trkpt>
      <trkpt lat="24.4702194817364215850830078125" lon="118.15129696391522884368896484375">
        <ele>152.600006103515625</ele>
        <time>2026-06-15T09:22:35.000Z</time>
        <extensions>
          <ns3:TrackPointExtension>
            <ns3:hr>105</ns3:hr>
            <ns3:cad>57</ns3:cad>
          </ns3:TrackPointExtension>
        </extensions>
      </trkpt>
      <trkpt lat="24.47022266685962677001953125" lon="118.15130350179970264434814453125">
        <ele>152.399993896484375</ele>
        <time>2026-06-15T09:22:36.000Z</time>
        <extensions>
          <ns3:TrackPointExtension>
            <ns3:hr>105</ns3:hr>
            <ns3:cad>56</ns3:cad>
          </ns3:TrackPointExtension>
        </extensions>
      </trkpt>
      <trkpt lat="24.4702245108783245086669921875" lon="118.151308782398700714111328125">
        <ele>152.1999969482421875</ele>
        <time>2026-06-15T09:22:37.000Z</time>
        <extensions>
          <ns3:TrackPointExtension>
            <ns3:hr>105</ns3:hr>
            <ns3:cad>56</ns3:cad>
          </ns3:TrackPointExtension>
        </extensions>
      </trkpt>
      <trkpt lat="24.470229707658290863037109375" lon="118.151317499577999114990234375">
        <ele>152</ele>
        <time>2026-06-15T09:22:38.000Z</time>
        <extensions>
          <ns3:TrackPointExtension>
            <ns3:hr>104</ns3:hr>
            <ns3:cad>55</ns3:cad>
          </ns3:TrackPointExtension>
        </extensions>
      </trkpt>
      <trkpt lat="24.4702369160950183868408203125" lon="118.15132579766213893890380859375">
        <ele>151.600006103515625</ele>
        <time>2026-06-15T09:22:39.000Z</time>
        <extensions>
          <ns3:TrackPointExtension>
            <ns3:hr>104</ns3:hr>
            <ns3:cad>55</ns3:cad>
          </ns3:TrackPointExtension>
        </extensions>
      </trkpt>
      <trkpt lat="24.4702419452369213104248046875" lon="118.1513340957462787628173828125">
        <ele>151.1999969482421875</ele>
        <time>2026-06-15T09:22:40.000Z</time>
        <extensions>
          <ns3:TrackPointExtension>
            <ns3:hr>103</ns3:hr>
            <ns3:cad>56</ns3:cad>
          </ns3:TrackPointExtension>
        </extensions>
      </trkpt>
      <trkpt lat="24.4702483154833316802978515625" lon="118.15134189091622829437255859375">
        <ele>150.8000030517578125</ele>
        <time>2026-06-15T09:22:41.000Z</time>
        <extensions>
          <ns3:TrackPointExtension>
            <ns3:hr>103</ns3:hr>
            <ns3:cad>57</ns3:cad>
          </ns3:TrackPointExtension>
        </extensions>
      </trkpt>
      <trkpt lat="24.47025108151137828826904296875" lon="118.15134591422975063323974609375">
        <ele>150.399993896484375</ele>
        <time>2026-06-15T09:22:42.000Z</time>
        <extensions>
          <ns3:TrackPointExtension>
            <ns3:hr>103</ns3:hr>
            <ns3:cad>57</ns3:cad>
          </ns3:TrackPointExtension>
        </extensions>
      </trkpt>
      <trkpt lat="24.47025544010102748870849609375" lon="118.151351697742938995361328125">
        <ele>149.8000030517578125</ele>
        <time>2026-06-15T09:22:43.000Z</time>
        <extensions>
          <ns3:TrackPointExtension>
            <ns3:hr>103</ns3:hr>
            <ns3:cad>57</ns3:cad>
          </ns3:TrackPointExtension>
        </extensions>
      </trkpt>
      <trkpt lat="24.47026097215712070465087890625" lon="118.151355721056461334228515625">
        <ele>149.600006103515625</ele>
        <time>2026-06-15T09:22:44.000Z</time>
        <extensions>
          <ns3:TrackPointExtension>
            <ns3:hr>103</ns3:hr>
            <ns3:cad>57</ns3:cad>
          </ns3:TrackPointExtension>
        </extensions>
      </trkpt>
      <trkpt lat="24.47027119807898998260498046875" lon="118.15135898999869823455810546875">
        <ele>149.1999969482421875</ele>
        <time>2026-06-15T09:22:45.000Z</time>
        <extensions>
          <ns3:TrackPointExtension>
            <ns3:hr>102</ns3:hr>
            <ns3:cad>58</ns3:cad>
          </ns3:TrackPointExtension>
        </extensions>
      </trkpt>
      <trkpt lat="24.4702818430960178375244140625" lon="118.1513620913028717041015625">
        <ele>149</ele>
        <time>2026-06-15T09:22:46.000Z</time>
        <extensions>
          <ns3:TrackPointExtension>
            <ns3:hr>101</ns3:hr>
            <ns3:cad>58</ns3:cad>
          </ns3:TrackPointExtension>
        </extensions>
      </trkpt>
      <trkpt lat="24.47028578259050846099853515625" lon="118.15135739743709564208984375">
        <ele>148.8000030517578125</ele>
        <time>2026-06-15T09:22:47.000Z</time>
        <extensions>
          <ns3:TrackPointExtension>
            <ns3:hr>101</ns3:hr>
            <ns3:cad>58</ns3:cad>
          </ns3:TrackPointExtension>
        </extensions>
      </trkpt>
      <trkpt lat="24.470288716256618499755859375" lon="118.15135044045746326446533203125">
        <ele>148.600006103515625</ele>
        <time>2026-06-15T09:22:48.000Z</time>
        <extensions>
          <ns3:TrackPointExtension>
            <ns3:hr>100</ns3:hr>
            <ns3:cad>58</ns3:cad>
          </ns3:TrackPointExtension>
        </extensions>
      </trkpt>
      <trkpt lat="24.4702949188649654388427734375" lon="118.15134524367749691009521484375">
        <ele>148.399993896484375</ele>
        <time>2026-06-15T09:22:49.000Z</time>
        <extensions>
          <ns3:TrackPointExtension>
            <ns3:hr>99</ns3:hr>
            <ns3:cad>59</ns3:cad>
          </ns3:TrackPointExtension>
        </extensions>
      </trkpt>
      <trkpt lat="24.470305144786834716796875" lon="118.15134122036397457122802734375">
        <ele>148.1999969482421875</ele>
        <time>2026-06-15T09:22:50.000Z</time>
        <extensions>
          <ns3:TrackPointExtension>
            <ns3:hr>99</ns3:hr>
            <ns3:cad>59</ns3:cad>
          </ns3:TrackPointExtension>
        </extensions>
      </trkpt>
      <trkpt lat="24.4703234173357486724853515625" lon="118.151338286697864532470703125">
        <ele>148.399993896484375</ele>
        <time>2026-06-15T09:22:51.000Z</time>
        <extensions>
          <ns3:TrackPointExtension>
            <ns3:hr>98</ns3:hr>
            <ns3:cad>59</ns3:cad>
          </ns3:TrackPointExtension>
        </extensions>
      </trkpt>
      <trkpt lat="24.4703358225524425506591796875" lon="118.15133015625178813934326171875">
        <ele>148.399993896484375</ele>
        <time>2026-06-15T09:22:52.000Z</time>
        <extensions>
          <ns3:TrackPointExtension>
            <ns3:hr>98</ns3:hr>
            <ns3:cad>59</ns3:cad>
          </ns3:TrackPointExtension>
        </extensions>
      </trkpt>
      <trkpt lat="24.47034831158816814422607421875" lon="118.15132026560604572296142578125">
        <ele>148.399993896484375</ele>
        <time>2026-06-15T09:22:53.000Z</time>
        <extensions>
          <ns3:TrackPointExtension>
            <ns3:hr>98</ns3:hr>
            <ns3:cad>55</ns3:cad>
          </ns3:TrackPointExtension>
        </extensions>
      </trkpt>
      <trkpt lat="24.47035501711070537567138671875" lon="118.15131272189319133758544921875">
        <ele>148.399993896484375</ele>
        <time>2026-06-15T09:22:54.000Z</time>
        <extensions>
          <ns3:TrackPointExtension>
            <ns3:hr>98</ns3:hr>
            <ns3:cad>54</ns3:cad>
          </ns3:TrackPointExtension>
        </extensions>
      </trkpt>
      <trkpt lat="24.4703643210232257843017578125" lon="118.15130433999001979827880859375">
        <ele>148.399993896484375</ele>
        <time>2026-06-15T09:22:55.000Z</time>
        <extensions>
          <ns3:TrackPointExtension>
            <ns3:hr>98</ns3:hr>
            <ns3:cad>54</ns3:cad>
          </ns3:TrackPointExtension>
        </extensions>
      </trkpt>
      <trkpt lat="24.47037647478282451629638671875" lon="118.15129478462040424346923828125">
        <ele>148.1999969482421875</ele>
        <time>2026-06-15T09:22:56.000Z</time>
        <extensions>
          <ns3:TrackPointExtension>
            <ns3:hr>97</ns3:hr>
            <ns3:cad>54</ns3:cad>
          </ns3:TrackPointExtension>
        </extensions>
      </trkpt>
      <trkpt lat="24.4703837670385837554931640625" lon="118.15128807909786701202392578125">
        <ele>148.1999969482421875</ele>
        <time>2026-06-15T09:22:57.000Z</time>
        <extensions>
          <ns3:TrackPointExtension>
            <ns3:hr>97</ns3:hr>
            <ns3:cad>54</ns3:cad>
          </ns3:TrackPointExtension>
        </extensions>
      </trkpt>
      <trkpt lat="24.470391310751438140869140625" lon="118.15128229558467864990234375">
        <ele>148</ele>
        <time>2026-06-15T09:22:58.000Z</time>
        <extensions>
          <ns3:TrackPointExtension>
            <ns3:hr>97</ns3:hr>
            <ns3:cad>56</ns3:cad>
          </ns3:TrackPointExtension>
        </extensions>
      </trkpt>
      <trkpt lat="24.47039835155010223388671875" lon="118.15127634443342685699462890625">
        <ele>148</ele>
        <time>2026-06-15T09:22:59.000Z</time>
        <extensions>
          <ns3:TrackPointExtension>
            <ns3:hr>96</ns3:hr>
            <ns3:cad>56</ns3:cad>
          </ns3:TrackPointExtension>
        </extensions>
      </trkpt>
      <trkpt lat="24.4704110920429229736328125" lon="118.15127014182507991790771484375">
        <ele>147.8000030517578125</ele>
        <time>2026-06-15T09:23:00.000Z</time>
        <extensions>
          <ns3:TrackPointExtension>
            <ns3:hr>96</ns3:hr>
            <ns3:cad>56</ns3:cad>
          </ns3:TrackPointExtension>
        </extensions>
      </trkpt>
      <trkpt lat="24.47041905485093593597412109375" lon="118.15126896835863590240478515625">
        <ele>147.600006103515625</ele>
        <time>2026-06-15T09:23:01.000Z</time>
        <extensions>
          <ns3:TrackPointExtension>
            <ns3:hr>96</ns3:hr>
            <ns3:cad>56</ns3:cad>
          </ns3:TrackPointExtension>
        </extensions>
      </trkpt>
      <trkpt lat="24.47043146006762981414794921875" lon="118.1512633524835109710693359375">
        <ele>147.399993896484375</ele>
        <time>2026-06-15T09:23:02.000Z</time>
        <extensions>
          <ns3:TrackPointExtension>
            <ns3:hr>95</ns3:hr>
            <ns3:cad>61</ns3:cad>
          </ns3:TrackPointExtension>
        </extensions>
      </trkpt>
      <trkpt lat="24.470440931618213653564453125" lon="118.151263855397701263427734375">
        <ele>147.1999969482421875</ele>
        <time>2026-06-15T09:23:03.000Z</time>
        <extensions>
          <ns3:TrackPointExtension>
            <ns3:hr>95</ns3:hr>
            <ns3:cad>61</ns3:cad>
          </ns3:TrackPointExtension>
        </extensions>
      </trkpt>
      <trkpt lat="24.4704521633684635162353515625" lon="118.151263855397701263427734375">
        <ele>147</ele>
        <time>2026-06-15T09:23:04.000Z</time>
        <extensions>
          <ns3:TrackPointExtension>
            <ns3:hr>95</ns3:hr>
            <ns3:cad>61</ns3:cad>
          </ns3:TrackPointExtension>
        </extensions>
      </trkpt>
      <trkpt lat="24.47046565823256969451904296875" lon="118.15126444213092327117919921875">
        <ele>146.600006103515625</ele>
        <time>2026-06-15T09:23:05.000Z</time>
        <extensions>
          <ns3:TrackPointExtension>
            <ns3:hr>95</ns3:hr>
            <ns3:cad>63</ns3:cad>
          </ns3:TrackPointExtension>
        </extensions>
      </trkpt>
      <trkpt lat="24.47047437541186809539794921875" lon="118.1512670405209064483642578125">
        <ele>146.399993896484375</ele>
        <time>2026-06-15T09:23:06.000Z</time>
        <extensions>
          <ns3:TrackPointExtension>
            <ns3:hr>94</ns3:hr>
            <ns3:cad>63</ns3:cad>
          </ns3:TrackPointExtension>
        </extensions>
      </trkpt>
      <trkpt lat="24.47048895992338657379150390625" lon="118.151269890367984771728515625">
        <ele>146.1999969482421875</ele>
        <time>2026-06-15T09:23:07.000Z</time>
        <extensions>
          <ns3:TrackPointExtension>
            <ns3:hr>94</ns3:hr>
            <ns3:cad>61</ns3:cad>
          </ns3:TrackPointExtension>
        </extensions>
      </trkpt>
      <trkpt lat="24.4704980961978435516357421875" lon="118.151271902024745941162109375">
        <ele>146.1999969482421875</ele>
        <time>2026-06-15T09:23:08.000Z</time>
        <extensions>
          <ns3:TrackPointExtension>
            <ns3:hr>94</ns3:hr>
            <ns3:cad>61</ns3:cad>
          </ns3:TrackPointExtension>
        </extensions>
      </trkpt>
      <trkpt lat="24.4705091603100299835205078125" lon="118.15127215348184108734130859375">
        <ele>146</ele>
        <time>2026-06-15T09:23:09.000Z</time>
        <extensions>
          <ns3:TrackPointExtension>
            <ns3:hr>93</ns3:hr>
            <ns3:cad>61</ns3:cad>
          </ns3:TrackPointExtension>
        </extensions>
      </trkpt>
      <trkpt lat="24.4705156981945037841796875" lon="118.15127198584377765655517578125">
        <ele>145.8000030517578125</ele>
        <time>2026-06-15T09:23:10.000Z</time>
        <extensions>
          <ns3:TrackPointExtension>
            <ns3:hr>93</ns3:hr>
            <ns3:cad>61</ns3:cad>
          </ns3:TrackPointExtension>
        </extensions>
      </trkpt>
      <trkpt lat="24.47052014060318470001220703125" lon="118.1512708961963653564453125">
        <ele>145.600006103515625</ele>
        <time>2026-06-15T09:23:11.000Z</time>
        <extensions>
          <ns3:TrackPointExtension>
            <ns3:hr>93</ns3:hr>
            <ns3:cad>61</ns3:cad>
          </ns3:TrackPointExtension>
        </extensions>
      </trkpt>
      <trkpt lat="24.47052919305860996246337890625" lon="118.1512703932821750640869140625">
        <ele>145.1999969482421875</ele>
        <time>2026-06-15T09:23:12.000Z</time>
        <extensions>
          <ns3:TrackPointExtension>
            <ns3:hr>93</ns3:hr>
            <ns3:cad>61</ns3:cad>
          </ns3:TrackPointExtension>
        </extensions>
      </trkpt>
      <trkpt lat="24.47053891606628894805908203125" lon="118.15126846544444561004638671875">
        <ele>144.8000030517578125</ele>
        <time>2026-06-15T09:23:13.000Z</time>
        <extensions>
          <ns3:TrackPointExtension>
            <ns3:hr>93</ns3:hr>
            <ns3:cad>61</ns3:cad>
          </ns3:TrackPointExtension>
        </extensions>
      </trkpt>
      <trkpt lat="24.4705487228929996490478515625" lon="118.1512646935880184173583984375">
        <ele>144.399993896484375</ele>
        <time>2026-06-15T09:23:14.000Z</time>
        <extensions>
          <ns3:TrackPointExtension>
            <ns3:hr>92</ns3:hr>
            <ns3:cad>61</ns3:cad>
          </ns3:TrackPointExtension>
        </extensions>
      </trkpt>
      <trkpt lat="24.47055953554809093475341796875" lon="118.151259832084178924560546875">
        <ele>144</ele>
        <time>2026-06-15T09:23:15.000Z</time>
        <extensions>
          <ns3:TrackPointExtension>
            <ns3:hr>92</ns3:hr>
            <ns3:cad>41</ns3:cad>
          </ns3:TrackPointExtension>
        </extensions>
      </trkpt>
      <trkpt lat="24.4705691747367382049560546875" lon="118.1512548029422760009765625">
        <ele>143.600006103515625</ele>
        <time>2026-06-15T09:23:16.000Z</time>
        <extensions>
          <ns3:TrackPointExtension>
            <ns3:hr>92</ns3:hr>
            <ns3:cad>41</ns3:cad>
          </ns3:TrackPointExtension>
        </extensions>
      </trkpt>
      <trkpt lat="24.470573030412197113037109375" lon="118.15125153400003910064697265625">
        <ele>143.399993896484375</ele>
        <time>2026-06-15T09:23:17.000Z</time>
        <extensions>
          <ns3:TrackPointExtension>
            <ns3:hr>92</ns3:hr>
            <ns3:cad>41</ns3:cad>
          </ns3:TrackPointExtension>
        </extensions>
      </trkpt>
      <trkpt lat="24.47057244367897510528564453125" lon="118.15124885179102420806884765625">
        <ele>143</ele>
        <time>2026-06-15T09:23:18.000Z</time>
        <extensions>
          <ns3:TrackPointExtension>
            <ns3:hr>91</ns3:hr>
            <ns3:cad>41</ns3:cad>
          </ns3:TrackPointExtension>
        </extensions>
      </trkpt>
      <trkpt lat="24.4705735333263874053955078125" lon="118.1512442417442798614501953125">
        <ele>142.8000030517578125</ele>
        <time>2026-06-15T09:23:19.000Z</time>
        <extensions>
          <ns3:TrackPointExtension>
            <ns3:hr>91</ns3:hr>
            <ns3:cad>41</ns3:cad>
          </ns3:TrackPointExtension>
        </extensions>
      </trkpt>
      <trkpt lat="24.470574371516704559326171875" lon="118.15124046988785266876220703125">
        <ele>142.600006103515625</ele>
        <time>2026-06-15T09:23:20.000Z</time>
        <extensions>
          <ns3:TrackPointExtension>
            <ns3:hr>91</ns3:hr>
            <ns3:cad>41</ns3:cad>
          </ns3:TrackPointExtension>
        </extensions>
      </trkpt>
      <trkpt lat="24.470577724277973175048828125" lon="118.15123359672725200653076171875">
        <ele>142.1999969482421875</ele>
        <time>2026-06-15T09:23:21.000Z</time>
        <extensions>
          <ns3:TrackPointExtension>
            <ns3:hr>91</ns3:hr>
            <ns3:cad>0</ns3:cad>
          </ns3:TrackPointExtension>
        </extensions>
      </trkpt>
      <trkpt lat="24.4705805741250514984130859375" lon="118.15122756175696849822998046875">
        <ele>141.8000030517578125</ele>
        <time>2026-06-15T09:23:22.000Z</time>
        <extensions>
          <ns3:TrackPointExtension>
            <ns3:hr>91</ns3:hr>
            <ns3:cad>0</ns3:cad>
          </ns3:TrackPointExtension>
        </extensions>
      </trkpt>
      <trkpt lat="24.47058551944792270660400390625" lon="118.15122236497700214385986328125">
        <ele>141.600006103515625</ele>
        <time>2026-06-15T09:23:23.000Z</time>
        <extensions>
          <ns3:TrackPointExtension>
            <ns3:hr>91</ns3:hr>
            <ns3:cad>0</ns3:cad>
          </ns3:TrackPointExtension>
        </extensions>
      </trkpt>
      <trkpt lat="24.47058987803757190704345703125" lon="118.15121951512992382049560546875">
        <ele>141.1999969482421875</ele>
        <time>2026-06-15T09:23:24.000Z</time>
        <extensions>
          <ns3:TrackPointExtension>
            <ns3:hr>91</ns3:hr>
            <ns3:cad>0</ns3:cad>
          </ns3:TrackPointExtension>
        </extensions>
      </trkpt>
      <trkpt lat="24.47059683501720428466796875" lon="118.15121515654027462005615234375">
        <ele>140.600006103515625</ele>
        <time>2026-06-15T09:23:25.000Z</time>
        <extensions>
          <ns3:TrackPointExtension>
            <ns3:hr>91</ns3:hr>
            <ns3:cad>0</ns3:cad>
          </ns3:TrackPointExtension>
        </extensions>
      </trkpt>
      <trkpt lat="24.47059842757880687713623046875" lon="118.151214234530925750732421875">
        <ele>140.1999969482421875</ele>
        <time>2026-06-15T09:23:26.000Z</time>
        <extensions>
          <ns3:TrackPointExtension>
            <ns3:hr>91</ns3:hr>
            <ns3:cad>0</ns3:cad>
          </ns3:TrackPointExtension>
        </extensions>
      </trkpt>
      <trkpt lat="24.47060479782521724700927734375" lon="118.1512100435793399810791015625">
        <ele>140</ele>
        <time>2026-06-15T09:23:27.000Z</time>
        <extensions>
          <ns3:TrackPointExtension>
            <ns3:hr>92</ns3:hr>
            <ns3:cad>0</ns3:cad>
          </ns3:TrackPointExtension>
        </extensions>
      </trkpt>
      <trkpt lat="24.4706157781183719635009765625" lon="118.15120174549520015716552734375">
        <ele>139.600006103515625</ele>
        <time>2026-06-15T09:23:28.000Z</time>
        <extensions>
          <ns3:TrackPointExtension>
            <ns3:hr>91</ns3:hr>
            <ns3:cad>0</ns3:cad>
          </ns3:TrackPointExtension>
        </extensions>
      </trkpt>
      <trkpt lat="24.470621310174465179443359375" lon="118.15119805745780467987060546875">
        <ele>139.1999969482421875</ele>
        <time>2026-06-15T09:23:29.000Z</time>
        <extensions>
          <ns3:TrackPointExtension>
            <ns3:hr>91</ns3:hr>
            <ns3:cad>0</ns3:cad>
          </ns3:TrackPointExtension>
        </extensions>
      </trkpt>
      <trkpt lat="24.47062726132571697235107421875" lon="118.15119378268718719482421875">
        <ele>139</ele>
        <time>2026-06-15T09:23:30.000Z</time>
        <extensions>
          <ns3:TrackPointExtension>
            <ns3:hr>92</ns3:hr>
            <ns3:cad>0</ns3:cad>
          </ns3:TrackPointExtension>
        </extensions>
      </trkpt>
      <trkpt lat="24.4706312008202075958251953125" lon="118.15119151957333087921142578125">
        <ele>138.8000030517578125</ele>
        <time>2026-06-15T09:23:31.000Z</time>
        <extensions>
          <ns3:TrackPointExtension>
            <ns3:hr>91</ns3:hr>
            <ns3:cad>0</ns3:cad>
          </ns3:TrackPointExtension>
        </extensions>
      </trkpt>
      <trkpt lat="24.47063899599015712738037109375" lon="118.15118464641273021697998046875">
        <ele>138.600006103515625</ele>
        <time>2026-06-15T09:23:32.000Z</time>
        <extensions>
          <ns3:TrackPointExtension>
            <ns3:hr>91</ns3:hr>
            <ns3:cad>62</ns3:cad>
          </ns3:TrackPointExtension>
        </extensions>
      </trkpt>
      <trkpt lat="24.470644779503345489501953125" lon="118.15117877908051013946533203125">
        <ele>138.399993896484375</ele>
        <time>2026-06-15T09:23:33.000Z</time>
        <extensions>
          <ns3:TrackPointExtension>
            <ns3:hr>92</ns3:hr>
            <ns3:cad>62</ns3:cad>
          </ns3:TrackPointExtension>
        </extensions>
      </trkpt>
      <trkpt lat="24.4706519879400730133056640625" lon="118.1511751748621463775634765625">
        <ele>138</ele>
        <time>2026-06-15T09:23:34.000Z</time>
        <extensions>
          <ns3:TrackPointExtension>
            <ns3:hr>91</ns3:hr>
            <ns3:cad>62</ns3:cad>
          </ns3:TrackPointExtension>
        </extensions>
      </trkpt>
      <trkpt lat="24.47065793909132480621337890625" lon="118.15117190591990947723388671875">
        <ele>137.8000030517578125</ele>
        <time>2026-06-15T09:23:35.000Z</time>
        <extensions>
          <ns3:TrackPointExtension>
            <ns3:hr>91</ns3:hr>
            <ns3:cad>62</ns3:cad>
          </ns3:TrackPointExtension>
        </extensions>
      </trkpt>
      <trkpt lat="24.47066950611770153045654296875" lon="118.151159919798374176025390625">
        <ele>137.600006103515625</ele>
        <time>2026-06-15T09:23:36.000Z</time>
        <extensions>
          <ns3:TrackPointExtension>
            <ns3:hr>92</ns3:hr>
            <ns3:cad>61</ns3:cad>
          </ns3:TrackPointExtension>
        </extensions>
      </trkpt>
      <trkpt lat="24.47067772038280963897705078125" lon="118.151155225932598114013671875">
        <ele>137.1999969482421875</ele>
        <time>2026-06-15T09:23:37.000Z</time>
        <extensions>
          <ns3:TrackPointExtension>
            <ns3:hr>91</ns3:hr>
            <ns3:cad>61</ns3:cad>
          </ns3:TrackPointExtension>
        </extensions>
      </trkpt>
      <trkpt lat="24.47068928740918636322021484375" lon="118.15115128643810749053955078125">
        <ele>136.8000030517578125</ele>
        <time>2026-06-15T09:23:38.000Z</time>
        <extensions>
          <ns3:TrackPointExtension>
            <ns3:hr>91</ns3:hr>
            <ns3:cad>61</ns3:cad>
          </ns3:TrackPointExtension>
        </extensions>
      </trkpt>
      <trkpt lat="24.4706952385604381561279296875" lon="118.15115564502775669097900390625">
        <ele>136.399993896484375</ele>
        <time>2026-06-15T09:23:39.000Z</time>
        <extensions>
          <ns3:TrackPointExtension>
            <ns3:hr>91</ns3:hr>
            <ns3:cad>64</ns3:cad>
          </ns3:TrackPointExtension>
        </extensions>
      </trkpt>
      <trkpt lat="24.470701776444911956787109375" lon="118.15114994533360004425048828125">
        <ele>136</ele>
        <time>2026-06-15T09:23:40.000Z</time>
        <extensions>
          <ns3:TrackPointExtension>
            <ns3:hr>92</ns3:hr>
            <ns3:cad>64</ns3:cad>
          </ns3:TrackPointExtension>
        </extensions>
      </trkpt>
      <trkpt lat="24.47069942951202392578125" lon="118.1511461734771728515625">
        <ele>135.600006103515625</ele>
        <time>2026-06-15T09:23:41.000Z</time>
        <extensions>
          <ns3:TrackPointExtension>
            <ns3:hr>91</ns3:hr>
            <ns3:cad>62</ns3:cad>
          </ns3:TrackPointExtension>
        </extensions>
      </trkpt>
      <trkpt lat="24.47069901041686534881591796875" lon="118.15114038996398448944091796875">
        <ele>135.399993896484375</ele>
        <time>2026-06-15T09:23:42.000Z</time>
        <extensions>
          <ns3:TrackPointExtension>
            <ns3:hr>91</ns3:hr>
            <ns3:cad>60</ns3:cad>
          </ns3:TrackPointExtension>
        </extensions>
      </trkpt>
      <trkpt lat="24.47069733403623104095458984375" lon="118.15113385207951068878173828125">
        <ele>135</ele>
        <time>2026-06-15T09:23:43.000Z</time>
        <extensions>
          <ns3:TrackPointExtension>
            <ns3:hr>91</ns3:hr>
            <ns3:cad>60</ns3:cad>
          </ns3:TrackPointExtension>
        </extensions>
      </trkpt>
      <trkpt lat="24.47069750167429447174072265625" lon="118.1511258892714977264404296875">
        <ele>134.8000030517578125</ele>
        <time>2026-06-15T09:23:44.000Z</time>
        <extensions>
          <ns3:TrackPointExtension>
            <ns3:hr>91</ns3:hr>
            <ns3:cad>60</ns3:cad>
          </ns3:TrackPointExtension>
        </extensions>
      </trkpt>
      <trkpt lat="24.47070035152137279510498046875" lon="118.15111599862575531005859375">
        <ele>134.399993896484375</ele>
        <time>2026-06-15T09:23:45.000Z</time>
        <extensions>
          <ns3:TrackPointExtension>
            <ns3:hr>91</ns3:hr>
            <ns3:cad>60</ns3:cad>
          </ns3:TrackPointExtension>
        </extensions>
      </trkpt>
      <trkpt lat="24.4707006029784679412841796875" lon="118.15110803581774234771728515625">
        <ele>134.1999969482421875</ele>
        <time>2026-06-15T09:23:46.000Z</time>
        <extensions>
          <ns3:TrackPointExtension>
            <ns3:hr>91</ns3:hr>
            <ns3:cad>60</ns3:cad>
          </ns3:TrackPointExtension>
        </extensions>
      </trkpt>
      <trkpt lat="24.470702111721038818359375" lon="118.15110183320939540863037109375">
        <ele>133.8000030517578125</ele>
        <time>2026-06-15T09:23:47.000Z</time>
        <extensions>
          <ns3:TrackPointExtension>
            <ns3:hr>91</ns3:hr>
            <ns3:cad>60</ns3:cad>
          </ns3:TrackPointExtension>
        </extensions>
      </trkpt>
      <trkpt lat="24.470701776444911956787109375" lon="118.1510913558304309844970703125">
        <ele>133.399993896484375</ele>
        <time>2026-06-15T09:23:48.000Z</time>
        <extensions>
          <ns3:TrackPointExtension>
            <ns3:hr>91</ns3:hr>
            <ns3:cad>0</ns3:cad>
          </ns3:TrackPointExtension>
        </extensions>
      </trkpt>
      <trkpt lat="24.47070219554007053375244140625" lon="118.1510789506137371063232421875">
        <ele>133.1999969482421875</ele>
        <time>2026-06-15T09:23:49.000Z</time>
        <extensions>
          <ns3:TrackPointExtension>
            <ns3:hr>90</ns3:hr>
            <ns3:cad>0</ns3:cad>
          </ns3:TrackPointExtension>
        </extensions>
      </trkpt>
      <trkpt lat="24.47070286609232425689697265625" lon="118.151068389415740966796875">
        <ele>133.1999969482421875</ele>
        <time>2026-06-15T09:23:50.000Z</time>
        <extensions>
          <ns3:TrackPointExtension>
            <ns3:hr>90</ns3:hr>
            <ns3:cad>0</ns3:cad>
          </ns3:TrackPointExtension>
        </extensions>
      </trkpt>
      <trkpt lat="24.47070538066327571868896484375" lon="118.15106461755931377410888671875">
        <ele>133.1999969482421875</ele>
        <time>2026-06-15T09:23:51.000Z</time>
        <extensions>
          <ns3:TrackPointExtension>
            <ns3:hr>90</ns3:hr>
            <ns3:cad>60</ns3:cad>
          </ns3:TrackPointExtension>
        </extensions>
      </trkpt>
      <trkpt lat="24.47070789523422718048095703125" lon="118.15106059424579143524169921875">
        <ele>133</ele>
        <time>2026-06-15T09:23:52.000Z</time>
        <extensions>
          <ns3:TrackPointExtension>
            <ns3:hr>91</ns3:hr>
            <ns3:cad>60</ns3:cad>
          </ns3:TrackPointExtension>
        </extensions>
      </trkpt>
      <trkpt lat="24.4707103259861469268798828125" lon="118.15105430781841278076171875">
        <ele>133</ele>
        <time>2026-06-15T09:23:53.000Z</time>
        <extensions>
          <ns3:TrackPointExtension>
            <ns3:hr>91</ns3:hr>
            <ns3:cad>58</ns3:cad>
          </ns3:TrackPointExtension>
        </extensions>
      </trkpt>
      <trkpt lat="24.4707153551280498504638671875" lon="118.1510514579713344573974609375">
        <ele>132.8000030517578125</ele>
        <time>2026-06-15T09:23:54.000Z</time>
        <extensions>
          <ns3:TrackPointExtension>
            <ns3:hr>91</ns3:hr>
            <ns3:cad>58</ns3:cad>
          </ns3:TrackPointExtension>
        </extensions>
      </trkpt>
      <trkpt lat="24.4707197137176990509033203125" lon="118.15104768611490726470947265625">
        <ele>132.600006103515625</ele>
        <time>2026-06-15T09:23:55.000Z</time>
        <extensions>
          <ns3:TrackPointExtension>
            <ns3:hr>91</ns3:hr>
            <ns3:cad>50</ns3:cad>
          </ns3:TrackPointExtension>
        </extensions>
      </trkpt>
      <trkpt lat="24.47072558104991912841796875" lon="118.15103980712592601776123046875">
        <ele>132.1999969482421875</ele>
        <time>2026-06-15T09:23:56.000Z</time>
        <extensions>
          <ns3:TrackPointExtension>
            <ns3:hr>91</ns3:hr>
            <ns3:cad>0</ns3:cad>
          </ns3:TrackPointExtension>
        </extensions>
      </trkpt>
      <trkpt lat="24.47072952054440975189208984375" lon="118.15103008411824703216552734375">
        <ele>132</ele>
        <time>2026-06-15T09:23:57.000Z</time>
        <extensions>
          <ns3:TrackPointExtension>
            <ns3:hr>90</ns3:hr>
            <ns3:cad>50</ns3:cad>
          </ns3:TrackPointExtension>
        </extensions>
      </trkpt>
      <trkpt lat="24.47073522023856639862060546875" lon="118.151023797690868377685546875">
        <ele>131.600006103515625</ele>
        <time>2026-06-15T09:23:58.000Z</time>
        <extensions>
          <ns3:TrackPointExtension>
            <ns3:hr>91</ns3:hr>
            <ns3:cad>75</ns3:cad>
          </ns3:TrackPointExtension>
        </extensions>
      </trkpt>
      <trkpt lat="24.470739997923374176025390625" lon="118.15101667307317256927490234375">
        <ele>131.1999969482421875</ele>
        <time>2026-06-15T09:23:59.000Z</time>
        <extensions>
          <ns3:TrackPointExtension>
            <ns3:hr>91</ns3:hr>
            <ns3:cad>75</ns3:cad>
          </ns3:TrackPointExtension>
        </extensions>
      </trkpt>
      <trkpt lat="24.47074812836945056915283203125" lon="118.1510078720748424530029296875">
        <ele>130.8000030517578125</ele>
        <time>2026-06-15T09:24:00.000Z</time>
        <extensions>
          <ns3:TrackPointExtension>
            <ns3:hr>90</ns3:hr>
            <ns3:cad>75</ns3:cad>
          </ns3:TrackPointExtension>
        </extensions>
      </trkpt>
      <trkpt lat="24.4707572646439075469970703125" lon="118.15100007690489292144775390625">
        <ele>130.399993896484375</ele>
        <time>2026-06-15T09:24:01.000Z</time>
        <extensions>
          <ns3:TrackPointExtension>
            <ns3:hr>90</ns3:hr>
            <ns3:cad>69</ns3:cad>
          </ns3:TrackPointExtension>
        </extensions>
      </trkpt>
      <trkpt lat="24.47076824493706226348876953125" lon="118.1509890966117382049560546875">
        <ele>130</ele>
        <time>2026-06-15T09:24:02.000Z</time>
        <extensions>
          <ns3:TrackPointExtension>
            <ns3:hr>90</ns3:hr>
            <ns3:cad>67</ns3:cad>
          </ns3:TrackPointExtension>
        </extensions>
      </trkpt>
      <trkpt lat="24.4707797281444072723388671875" lon="118.15097962506115436553955078125">
        <ele>129.600006103515625</ele>
        <time>2026-06-15T09:24:03.000Z</time>
        <extensions>
          <ns3:TrackPointExtension>
            <ns3:hr>90</ns3:hr>
            <ns3:cad>67</ns3:cad>
          </ns3:TrackPointExtension>
        </extensions>
      </trkpt>
      <trkpt lat="24.47079137898981571197509765625" lon="118.15096956677734851837158203125">
        <ele>129.399993896484375</ele>
        <time>2026-06-15T09:24:04.000Z</time>
        <extensions>
          <ns3:TrackPointExtension>
            <ns3:hr>90</ns3:hr>
            <ns3:cad>67</ns3:cad>
          </ns3:TrackPointExtension>
        </extensions>
      </trkpt>
      <trkpt lat="24.47080059908330440521240234375" lon="118.15095816738903522491455078125">
        <ele>129.1999969482421875</ele>
        <time>2026-06-15T09:24:05.000Z</time>
        <extensions>
          <ns3:TrackPointExtension>
            <ns3:hr>91</ns3:hr>
            <ns3:cad>67</ns3:cad>
          </ns3:TrackPointExtension>
        </extensions>
      </trkpt>
      <trkpt lat="24.47080847807228565216064453125" lon="118.15095079131424427032470703125">
        <ele>129.1999969482421875</ele>
        <time>2026-06-15T09:24:06.000Z</time>
        <extensions>
          <ns3:TrackPointExtension>
            <ns3:hr>92</ns3:hr>
            <ns3:cad>67</ns3:cad>
          </ns3:TrackPointExtension>
        </extensions>
      </trkpt>
      <trkpt lat="24.47081677615642547607421875" lon="118.15094777382910251617431640625">
        <ele>129.1999969482421875</ele>
        <time>2026-06-15T09:24:07.000Z</time>
        <extensions>
          <ns3:TrackPointExtension>
            <ns3:hr>95</ns3:hr>
            <ns3:cad>67</ns3:cad>
          </ns3:TrackPointExtension>
        </extensions>
      </trkpt>
      <trkpt lat="24.47082859463989734649658203125" lon="118.150945007801055908203125">
        <ele>129.399993896484375</ele>
        <time>2026-06-15T09:24:08.000Z</time>
        <extensions>
          <ns3:TrackPointExtension>
            <ns3:hr>97</ns3:hr>
            <ns3:cad>67</ns3:cad>
          </ns3:TrackPointExtension>
        </extensions>
      </trkpt>
      <trkpt lat="24.47084016166627407073974609375" lon="118.150941319763660430908203125">
        <ele>129.399993896484375</ele>
        <time>2026-06-15T09:24:09.000Z</time>
        <extensions>
          <ns3:TrackPointExtension>
            <ns3:hr>97</ns3:hr>
            <ns3:cad>0</ns3:cad>
          </ns3:TrackPointExtension>
        </extensions>
      </trkpt>
      <trkpt lat="24.47085566818714141845703125" lon="118.1509381346404552459716796875">
        <ele>129.399993896484375</ele>
        <time>2026-06-15T09:24:10.000Z</time>
        <extensions>
          <ns3:TrackPointExtension>
            <ns3:hr>97</ns3:hr>
            <ns3:cad>0</ns3:cad>
          </ns3:TrackPointExtension>
        </extensions>
      </trkpt>
      <trkpt lat="24.47086664848029613494873046875" lon="118.15093486569821834564208984375">
        <ele>129.600006103515625</ele>
        <time>2026-06-15T09:24:11.000Z</time>
        <extensions>
          <ns3:TrackPointExtension>
            <ns3:hr>97</ns3:hr>
            <ns3:cad>0</ns3:cad>
          </ns3:TrackPointExtension>
        </extensions>
      </trkpt>
      <trkpt lat="24.4708736054599285125732421875" lon="118.150930590927600860595703125">
        <ele>129.600006103515625</ele>
        <time>2026-06-15T09:24:12.000Z</time>
        <extensions>
          <ns3:TrackPointExtension>
            <ns3:hr>97</ns3:hr>
            <ns3:cad>0</ns3:cad>
          </ns3:TrackPointExtension>
        </extensions>
      </trkpt>
      <trkpt lat="24.47088240645825862884521484375" lon="118.150925226509571075439453125">
        <ele>129.600006103515625</ele>
        <time>2026-06-15T09:24:13.000Z</time>
        <extensions>
          <ns3:TrackPointExtension>
            <ns3:hr>97</ns3:hr>
            <ns3:cad>0</ns3:cad>
          </ns3:TrackPointExtension>
        </extensions>
      </trkpt>
      <trkpt lat="24.470886178314685821533203125" lon="118.1509222090244293212890625">
        <ele>129.600006103515625</ele>
        <time>2026-06-15T09:24:14.000Z</time>
        <extensions>
          <ns3:TrackPointExtension>
            <ns3:hr>97</ns3:hr>
            <ns3:cad>0</ns3:cad>
          </ns3:TrackPointExtension>
        </extensions>
      </trkpt>
      <trkpt lat="24.4708943925797939300537109375" lon="118.15091961063444614410400390625">
        <ele>129.600006103515625</ele>
        <time>2026-06-15T09:24:15.000Z</time>
        <extensions>
          <ns3:TrackPointExtension>
            <ns3:hr>97</ns3:hr>
            <ns3:cad>0</ns3:cad>
          </ns3:TrackPointExtension>
        </extensions>
      </trkpt>
      <trkpt lat="24.47090118192136287689208984375" lon="118.1509166769683361053466796875">
        <ele>129.600006103515625</ele>
        <time>2026-06-15T09:24:16.000Z</time>
        <extensions>
          <ns3:TrackPointExtension>
            <ns3:hr>96</ns3:hr>
            <ns3:cad>0</ns3:cad>
          </ns3:TrackPointExtension>
        </extensions>
      </trkpt>
      <trkpt lat="24.470910988748073577880859375" lon="118.150915838778018951416015625">
        <ele>129.399993896484375</ele>
        <time>2026-06-15T09:24:17.000Z</time>
        <extensions>
          <ns3:TrackPointExtension>
            <ns3:hr>97</ns3:hr>
            <ns3:cad>0</ns3:cad>
          </ns3:TrackPointExtension>
        </extensions>
      </trkpt>
      <trkpt lat="24.47092297486960887908935546875" lon="118.15090946853160858154296875">
        <ele>129.1999969482421875</ele>
        <time>2026-06-15T09:24:18.000Z</time>
        <extensions>
          <ns3:TrackPointExtension>
            <ns3:hr>96</ns3:hr>
            <ns3:cad>0</ns3:cad>
          </ns3:TrackPointExtension>
        </extensions>
      </trkpt>
      <trkpt lat="24.47093269787728786468505859375" lon="118.15090368501842021942138671875">
        <ele>129.1999969482421875</ele>
        <time>2026-06-15T09:24:19.000Z</time>
        <extensions>
          <ns3:TrackPointExtension>
            <ns3:hr>96</ns3:hr>
            <ns3:cad>0</ns3:cad>
          </ns3:TrackPointExtension>
        </extensions>
      </trkpt>
      <trkpt lat="24.47094627656042575836181640625" lon="118.15089731477200984954833984375">
        <ele>129.1999969482421875</ele>
        <time>2026-06-15T09:24:20.000Z</time>
        <extensions>
          <ns3:TrackPointExtension>
            <ns3:hr>95</ns3:hr>
            <ns3:cad>0</ns3:cad>
          </ns3:TrackPointExtension>
        </extensions>
      </trkpt>
      <trkpt lat="24.47095356881618499755859375" lon="118.1508915312588214874267578125">
        <ele>129.399993896484375</ele>
        <time>2026-06-15T09:24:21.000Z</time>
        <extensions>
          <ns3:TrackPointExtension>
            <ns3:hr>94</ns3:hr>
            <ns3:cad>55</ns3:cad>
          </ns3:TrackPointExtension>
        </extensions>
      </trkpt>
      <trkpt lat="24.47096304036676883697509765625" lon="118.15088323317468166351318359375">
        <ele>129.399993896484375</ele>
        <time>2026-06-15T09:24:22.000Z</time>
        <extensions>
          <ns3:TrackPointExtension>
            <ns3:hr>93</ns3:hr>
            <ns3:cad>55</ns3:cad>
          </ns3:TrackPointExtension>
        </extensions>
      </trkpt>
      <trkpt lat="24.4709689915180206298828125" lon="118.150878287851810455322265625">
        <ele>129.399993896484375</ele>
        <time>2026-06-15T09:24:23.000Z</time>
        <extensions>
          <ns3:TrackPointExtension>
            <ns3:hr>92</ns3:hr>
            <ns3:cad>54</ns3:cad>
          </ns3:TrackPointExtension>
        </extensions>
      </trkpt>
      <trkpt lat="24.4709748588502407073974609375" lon="118.1508727557957172393798828125">
        <ele>129.600006103515625</ele>
        <time>2026-06-15T09:24:24.000Z</time>
        <extensions>
          <ns3:TrackPointExtension>
            <ns3:hr>92</ns3:hr>
            <ns3:cad>54</ns3:cad>
          </ns3:TrackPointExtension>
        </extensions>
      </trkpt>
      <trkpt lat="24.47098164819180965423583984375" lon="118.15086630173027515411376953125">
        <ele>129.600006103515625</ele>
        <time>2026-06-15T09:24:25.000Z</time>
        <extensions>
          <ns3:TrackPointExtension>
            <ns3:hr>92</ns3:hr>
            <ns3:cad>54</ns3:cad>
          </ns3:TrackPointExtension>
        </extensions>
      </trkpt>
      <trkpt lat="24.47098919190466403961181640625" lon="118.150860182940959930419921875">
        <ele>129.8000030517578125</ele>
        <time>2026-06-15T09:24:26.000Z</time>
        <extensions>
          <ns3:TrackPointExtension>
            <ns3:hr>91</ns3:hr>
            <ns3:cad>51</ns3:cad>
          </ns3:TrackPointExtension>
        </extensions>
      </trkpt>
      <trkpt lat="24.4709983281791210174560546875" lon="118.15084937028586864471435546875">
        <ele>130</ele>
        <time>2026-06-15T09:24:27.000Z</time>
        <extensions>
          <ns3:TrackPointExtension>
            <ns3:hr>92</ns3:hr>
            <ns3:cad>50</ns3:cad>
          </ns3:TrackPointExtension>
        </extensions>
      </trkpt>
      <trkpt lat="24.47100243531167507171630859375" lon="118.15084249712526798248291015625">
        <ele>130.1999969482421875</ele>
        <time>2026-06-15T09:24:28.000Z</time>
        <extensions>
          <ns3:TrackPointExtension>
            <ns3:hr>92</ns3:hr>
            <ns3:cad>49</ns3:cad>
          </ns3:TrackPointExtension>
        </extensions>
      </trkpt>
      <trkpt lat="24.47100712917745113372802734375" lon="118.15083512105047702789306640625">
        <ele>130.1999969482421875</ele>
        <time>2026-06-15T09:24:29.000Z</time>
        <extensions>
          <ns3:TrackPointExtension>
            <ns3:hr>92</ns3:hr>
            <ns3:cad>49</ns3:cad>
          </ns3:TrackPointExtension>
        </extensions>
      </trkpt>
      <trkpt lat="24.47101199068129062652587890625" lon="118.15082992427051067352294921875">
        <ele>130.1999969482421875</ele>
        <time>2026-06-15T09:24:30.000Z</time>
        <extensions>
          <ns3:TrackPointExtension>
            <ns3:hr>93</ns3:hr>
            <ns3:cad>49</ns3:cad>
          </ns3:TrackPointExtension>
        </extensions>
      </trkpt>
      <trkpt lat="24.4710150919854640960693359375" lon="118.1508241407573223114013671875">
        <ele>130</ele>
        <time>2026-06-15T09:24:31.000Z</time>
        <extensions>
          <ns3:TrackPointExtension>
            <ns3:hr>93</ns3:hr>
            <ns3:cad>48</ns3:cad>
          </ns3:TrackPointExtension>
        </extensions>
      </trkpt>
      <trkpt lat="24.47101718746125698089599609375" lon="118.15081651322543621063232421875">
        <ele>129.8000030517578125</ele>
        <time>2026-06-15T09:24:32.000Z</time>
        <extensions>
          <ns3:TrackPointExtension>
            <ns3:hr>94</ns3:hr>
            <ns3:cad>0</ns3:cad>
          </ns3:TrackPointExtension>
        </extensions>
      </trkpt>
      <trkpt lat="24.47101794183254241943359375" lon="118.15080813132226467132568359375">
        <ele>129.399993896484375</ele>
        <time>2026-06-15T09:24:33.000Z</time>
        <extensions>
          <ns3:TrackPointExtension>
            <ns3:hr>93</ns3:hr>
            <ns3:cad>0</ns3:cad>
          </ns3:TrackPointExtension>
        </extensions>
      </trkpt>
      <trkpt lat="24.47101852856576442718505859375" lon="118.150801844894886016845703125">
        <ele>129</ele>
        <time>2026-06-15T09:24:34.000Z</time>
        <extensions>
          <ns3:TrackPointExtension>
            <ns3:hr>93</ns3:hr>
            <ns3:cad>56</ns3:cad>
          </ns3:TrackPointExtension>
        </extensions>
      </trkpt>
      <trkpt lat="24.47101668454706668853759765625" lon="118.15079606138169765472412109375">
        <ele>128.8000030517578125</ele>
        <time>2026-06-15T09:24:35.000Z</time>
        <extensions>
          <ns3:TrackPointExtension>
            <ns3:hr>92</ns3:hr>
            <ns3:cad>56</ns3:cad>
          </ns3:TrackPointExtension>
        </extensions>
      </trkpt>
      <trkpt lat="24.4710177741944789886474609375" lon="118.15079270862042903900146484375">
        <ele>128.399993896484375</ele>
        <time>2026-06-15T09:24:36.000Z</time>
        <extensions>
          <ns3:TrackPointExtension>
            <ns3:hr>92</ns3:hr>
            <ns3:cad>57</ns3:cad>
          </ns3:TrackPointExtension>
        </extensions>
      </trkpt>
      <trkpt lat="24.47102003730833530426025390625" lon="118.150791116058826446533203125">
        <ele>128.1999969482421875</ele>
        <time>2026-06-15T09:24:37.000Z</time>
        <extensions>
          <ns3:TrackPointExtension>
            <ns3:hr>94</ns3:hr>
            <ns3:cad>59</ns3:cad>
          </ns3:TrackPointExtension>
        </extensions>
      </trkpt>
      <trkpt lat="24.471022300422191619873046875" lon="118.15078608691692352294921875">
        <ele>128</ele>
        <time>2026-06-15T09:24:38.000Z</time>
        <extensions>
          <ns3:TrackPointExtension>
            <ns3:hr>95</ns3:hr>
            <ns3:cad>59</ns3:cad>
          </ns3:TrackPointExtension>
        </extensions>
      </trkpt>
      <trkpt lat="24.47102506645023822784423828125" lon="118.15078466199338436126708984375">
        <ele>128</ele>
        <time>2026-06-15T09:24:39.000Z</time>
        <extensions>
          <ns3:TrackPointExtension>
            <ns3:hr>95</ns3:hr>
            <ns3:cad>0</ns3:cad>
          </ns3:TrackPointExtension>
        </extensions>
      </trkpt>
      <trkpt lat="24.47102732956409454345703125" lon="118.1507822312414646148681640625">
        <ele>128</ele>
        <time>2026-06-15T09:24:40.000Z</time>
        <extensions>
          <ns3:TrackPointExtension>
            <ns3:hr>96</ns3:hr>
            <ns3:cad>0</ns3:cad>
          </ns3:TrackPointExtension>
        </extensions>
      </trkpt>
      <trkpt lat="24.47102992795407772064208984375" lon="118.15078030340373516082763671875">
        <ele>128.1999969482421875</ele>
        <time>2026-06-15T09:24:41.000Z</time>
        <extensions>
          <ns3:TrackPointExtension>
            <ns3:hr>97</ns3:hr>
            <ns3:cad>0</ns3:cad>
          </ns3:TrackPointExtension>
        </extensions>
      </trkpt>
      <trkpt lat="24.47103160433471202850341796875" lon="118.15077695064246654510498046875">
        <ele>128</ele>
        <time>2026-06-15T09:24:42.000Z</time>
        <extensions>
          <ns3:TrackPointExtension>
            <ns3:hr>98</ns3:hr>
            <ns3:cad>0</ns3:cad>
          </ns3:TrackPointExtension>
        </extensions>
      </trkpt>
      <trkpt lat="24.47103328071534633636474609375" lon="118.1507728435099124908447265625">
        <ele>128</ele>
        <time>2026-06-15T09:24:43.000Z</time>
        <extensions>
          <ns3:TrackPointExtension>
            <ns3:hr>98</ns3:hr>
            <ns3:cad>0</ns3:cad>
          </ns3:TrackPointExtension>
        </extensions>
      </trkpt>
      <trkpt lat="24.47103646583855152130126953125" lon="118.15077192150056362152099609375">
        <ele>127.8000030517578125</ele>
        <time>2026-06-15T09:24:44.000Z</time>
        <extensions>
          <ns3:TrackPointExtension>
            <ns3:hr>98</ns3:hr>
            <ns3:cad>0</ns3:cad>
          </ns3:TrackPointExtension>
        </extensions>
      </trkpt>
      <trkpt lat="24.47104149498045444488525390625" lon="118.15076957456767559051513671875">
        <ele>127.59999847412109375</ele>
        <time>2026-06-15T09:24:45.000Z</time>
        <extensions>
          <ns3:TrackPointExtension>
            <ns3:hr>97</ns3:hr>
            <ns3:cad>0</ns3:cad>
          </ns3:TrackPointExtension>
        </extensions>
      </trkpt>
      <trkpt lat="24.47104476392269134521484375" lon="118.15076789818704128265380859375">
        <ele>127.59999847412109375</ele>
        <time>2026-06-15T09:24:46.000Z</time>
        <extensions>
          <ns3:TrackPointExtension>
            <ns3:hr>97</ns3:hr>
            <ns3:cad>0</ns3:cad>
          </ns3:TrackPointExtension>
        </extensions>
      </trkpt>
      <trkpt lat="24.4710442610085010528564453125" lon="118.1507691554725170135498046875">
        <ele>127.59999847412109375</ele>
        <time>2026-06-15T09:24:47.000Z</time>
        <extensions>
          <ns3:TrackPointExtension>
            <ns3:hr>97</ns3:hr>
            <ns3:cad>0</ns3:cad>
          </ns3:TrackPointExtension>
        </extensions>
      </trkpt>
      <trkpt lat="24.47104333899915218353271484375" lon="118.150770999491214752197265625">
        <ele>127.59999847412109375</ele>
        <time>2026-06-15T09:24:48.000Z</time>
        <extensions>
          <ns3:TrackPointExtension>
            <ns3:hr>97</ns3:hr>
            <ns3:cad>0</ns3:cad>
          </ns3:TrackPointExtension>
        </extensions>
      </trkpt>
      <trkpt lat="24.47104551829397678375244140625" lon="118.15077326260507106781005859375">
        <ele>127.59999847412109375</ele>
        <time>2026-06-15T09:24:49.000Z</time>
        <extensions>
          <ns3:TrackPointExtension>
            <ns3:hr>98</ns3:hr>
            <ns3:cad>0</ns3:cad>
          </ns3:TrackPointExtension>
        </extensions>
      </trkpt>
      <trkpt lat="24.47104618884623050689697265625" lon="118.150781057775020599365234375">
        <ele>127.59999847412109375</ele>
        <time>2026-06-15T09:24:50.000Z</time>
        <extensions>
          <ns3:TrackPointExtension>
            <ns3:hr>97</ns3:hr>
            <ns3:cad>0</ns3:cad>
          </ns3:TrackPointExtension>
        </extensions>
      </trkpt>
      <trkpt lat="24.4710492901504039764404296875" lon="118.150778375566005706787109375">
        <ele>127.59999847412109375</ele>
        <time>2026-06-15T09:24:51.000Z</time>
        <extensions>
          <ns3:TrackPointExtension>
            <ns3:hr>96</ns3:hr>
            <ns3:cad>0</ns3:cad>
          </ns3:TrackPointExtension>
        </extensions>
      </trkpt>
      <trkpt lat="24.471052475273609161376953125" lon="118.1507748551666736602783203125">
        <ele>127.40000152587890625</ele>
        <time>2026-06-15T09:24:52.000Z</time>
        <extensions>
          <ns3:TrackPointExtension>
            <ns3:hr>96</ns3:hr>
            <ns3:cad>0</ns3:cad>
          </ns3:TrackPointExtension>
        </extensions>
      </trkpt>
      <trkpt lat="24.47105415165424346923828125" lon="118.15077108331024646759033203125">
        <ele>127.1999969482421875</ele>
        <time>2026-06-15T09:24:53.000Z</time>
        <extensions>
          <ns3:TrackPointExtension>
            <ns3:hr>96</ns3:hr>
            <ns3:cad>0</ns3:cad>
          </ns3:TrackPointExtension>
        </extensions>
      </trkpt>
      <trkpt lat="24.47105876170098781585693359375" lon="118.15076521597802639007568359375">
        <ele>127</ele>
        <time>2026-06-15T09:24:54.000Z</time>
        <extensions>
          <ns3:TrackPointExtension>
            <ns3:hr>95</ns3:hr>
            <ns3:cad>0</ns3:cad>
          </ns3:TrackPointExtension>
        </extensions>
      </trkpt>
      <trkpt lat="24.47106027044355869293212890625" lon="118.1507574208080768585205078125">
        <ele>126.59999847412109375</ele>
        <time>2026-06-15T09:24:55.000Z</time>
        <extensions>
          <ns3:TrackPointExtension>
            <ns3:hr>95</ns3:hr>
            <ns3:cad>0</ns3:cad>
          </ns3:TrackPointExtension>
        </extensions>
      </trkpt>
      <trkpt lat="24.47106295265257358551025390625" lon="118.15075197257101535797119140625">
        <ele>126.1999969482421875</ele>
        <time>2026-06-15T09:24:56.000Z</time>
        <extensions>
          <ns3:TrackPointExtension>
            <ns3:hr>95</ns3:hr>
            <ns3:cad>0</ns3:cad>
          </ns3:TrackPointExtension>
        </extensions>
      </trkpt>
      <trkpt lat="24.47106622159481048583984375" lon="118.1507470272481441497802734375">
        <ele>125.8000030517578125</ele>
        <time>2026-06-15T09:24:57.000Z</time>
        <extensions>
          <ns3:TrackPointExtension>
            <ns3:hr>94</ns3:hr>
            <ns3:cad>63</ns3:cad>
          </ns3:TrackPointExtension>
        </extensions>
      </trkpt>
      <trkpt lat="24.4710697419941425323486328125" lon="118.1507419981062412261962890625">
        <ele>125.59999847412109375</ele>
        <time>2026-06-15T09:24:58.000Z</time>
        <extensions>
          <ns3:TrackPointExtension>
            <ns3:hr>94</ns3:hr>
            <ns3:cad>63</ns3:cad>
          </ns3:TrackPointExtension>
        </extensions>
      </trkpt>
      <trkpt lat="24.47107234038412570953369140625" lon="118.150738812983036041259765625">
        <ele>125.1999969482421875</ele>
        <time>2026-06-15T09:24:59.000Z</time>
        <extensions>
          <ns3:TrackPointExtension>
            <ns3:hr>93</ns3:hr>
            <ns3:cad>63</ns3:cad>
          </ns3:TrackPointExtension>
        </extensions>
      </trkpt>
      <trkpt lat="24.47107418440282344818115234375" lon="118.1507406570017337799072265625">
        <ele>124.8000030517578125</ele>
        <time>2026-06-15T09:25:00.000Z</time>
        <extensions>
          <ns3:TrackPointExtension>
            <ns3:hr>93</ns3:hr>
            <ns3:cad>63</ns3:cad>
          </ns3:TrackPointExtension>
        </extensions>
      </trkpt>
      <trkpt lat="24.4710777886211872100830078125" lon="118.15073872916400432586669921875">
        <ele>124.59999847412109375</ele>
        <time>2026-06-15T09:25:01.000Z</time>
        <extensions>
          <ns3:TrackPointExtension>
            <ns3:hr>93</ns3:hr>
            <ns3:cad>63</ns3:cad>
          </ns3:TrackPointExtension>
        </extensions>
      </trkpt>
      <trkpt lat="24.47107904590666294097900390625" lon="118.1507346220314502716064453125">
        <ele>124.1999969482421875</ele>
        <time>2026-06-15T09:25:02.000Z</time>
        <extensions>
          <ns3:TrackPointExtension>
            <ns3:hr>93</ns3:hr>
            <ns3:cad>60</ns3:cad>
          </ns3:TrackPointExtension>
        </extensions>
      </trkpt>
      <trkpt lat="24.47107653133571147918701171875" lon="118.150728084146976470947265625">
        <ele>123.8000030517578125</ele>
        <time>2026-06-15T09:25:03.000Z</time>
        <extensions>
          <ns3:TrackPointExtension>
            <ns3:hr>93</ns3:hr>
            <ns3:cad>54</ns3:cad>
          </ns3:TrackPointExtension>
        </extensions>
      </trkpt>
      <trkpt lat="24.47107250802218914031982421875" lon="118.15072380937635898590087890625">
        <ele>123.59999847412109375</ele>
        <time>2026-06-15T09:25:04.000Z</time>
        <extensions>
          <ns3:TrackPointExtension>
            <ns3:hr>93</ns3:hr>
            <ns3:cad>54</ns3:cad>
          </ns3:TrackPointExtension>
        </extensions>
      </trkpt>
      <trkpt lat="24.471066556870937347412109375" lon="118.15071693621575832366943359375">
        <ele>123.1999969482421875</ele>
        <time>2026-06-15T09:25:05.000Z</time>
        <extensions>
          <ns3:TrackPointExtension>
            <ns3:hr>93</ns3:hr>
            <ns3:cad>54</ns3:cad>
          </ns3:TrackPointExtension>
        </extensions>
      </trkpt>
      <trkpt lat="24.47106211446225643157958984375" lon="118.1507101468741893768310546875">
        <ele>123</ele>
        <time>2026-06-15T09:25:06.000Z</time>
        <extensions>
          <ns3:TrackPointExtension>
            <ns3:hr>93</ns3:hr>
            <ns3:cad>54</ns3:cad>
          </ns3:TrackPointExtension>
        </extensions>
      </trkpt>
      <trkpt lat="24.47105390019714832305908203125" lon="118.1507017649710178375244140625">
        <ele>122.8000030517578125</ele>
        <time>2026-06-15T09:25:07.000Z</time>
        <extensions>
          <ns3:TrackPointExtension>
            <ns3:hr>94</ns3:hr>
            <ns3:cad>54</ns3:cad>
          </ns3:TrackPointExtension>
        </extensions>
      </trkpt>
      <trkpt lat="24.47105172090232372283935546875" lon="118.1506977416574954986572265625">
        <ele>122.59999847412109375</ele>
        <time>2026-06-15T09:25:08.000Z</time>
        <extensions>
          <ns3:TrackPointExtension>
            <ns3:hr>94</ns3:hr>
            <ns3:cad>51</ns3:cad>
          </ns3:TrackPointExtension>
        </extensions>
      </trkpt>
      <trkpt lat="24.47104635648429393768310546875" lon="118.15068994648754596710205078125">
        <ele>122.40000152587890625</ele>
        <time>2026-06-15T09:25:09.000Z</time>
        <extensions>
          <ns3:TrackPointExtension>
            <ns3:hr>94</ns3:hr>
            <ns3:cad>51</ns3:cad>
          </ns3:TrackPointExtension>
        </extensions>
      </trkpt>
      <trkpt lat="24.471043087542057037353515625" lon="118.150679133832454681396484375">
        <ele>122.1999969482421875</ele>
        <time>2026-06-15T09:25:10.000Z</time>
        <extensions>
          <ns3:TrackPointExtension>
            <ns3:hr>94</ns3:hr>
            <ns3:cad>53</ns3:cad>
          </ns3:TrackPointExtension>
        </extensions>
      </trkpt>
      <trkpt lat="24.47104082442820072174072265625" lon="118.15066815353929996490478515625">
        <ele>122</ele>
        <time>2026-06-15T09:25:11.000Z</time>
        <extensions>
          <ns3:TrackPointExtension>
            <ns3:hr>92</ns3:hr>
            <ns3:cad>55</ns3:cad>
          </ns3:TrackPointExtension>
        </extensions>
      </trkpt>
      <trkpt lat="24.471042416989803314208984375" lon="118.15065926872193813323974609375">
        <ele>121.8000030517578125</ele>
        <time>2026-06-15T09:25:12.000Z</time>
        <extensions>
          <ns3:TrackPointExtension>
            <ns3:hr>90</ns3:hr>
            <ns3:cad>55</ns3:cad>
          </ns3:TrackPointExtension>
        </extensions>
      </trkpt>
      <trkpt lat="24.4710439257323741912841796875" lon="118.1506524793803691864013671875">
        <ele>121.59999847412109375</ele>
        <time>2026-06-15T09:25:13.000Z</time>
        <extensions>
          <ns3:TrackPointExtension>
            <ns3:hr>91</ns3:hr>
            <ns3:cad>55</ns3:cad>
          </ns3:TrackPointExtension>
        </extensions>
      </trkpt>
      <trkpt lat="24.47104367427527904510498046875" lon="118.15064418129622936248779296875">
        <ele>121.40000152587890625</ele>
        <time>2026-06-15T09:25:14.000Z</time>
        <extensions>
          <ns3:TrackPointExtension>
            <ns3:hr>90</ns3:hr>
            <ns3:cad>55</ns3:cad>
          </ns3:TrackPointExtension>
        </extensions>
      </trkpt>
      <trkpt lat="24.47104275226593017578125" lon="118.15063814632594585418701171875">
        <ele>121.1999969482421875</ele>
        <time>2026-06-15T09:25:15.000Z</time>
        <extensions>
          <ns3:TrackPointExtension>
            <ns3:hr>90</ns3:hr>
            <ns3:cad>55</ns3:cad>
          </ns3:TrackPointExtension>
        </extensions>
      </trkpt>
      <trkpt lat="24.47104300372302532196044921875" lon="118.15062582492828369140625">
        <ele>121</ele>
        <time>2026-06-15T09:25:16.000Z</time>
        <extensions>
          <ns3:TrackPointExtension>
            <ns3:hr>89</ns3:hr>
            <ns3:cad>0</ns3:cad>
          </ns3:TrackPointExtension>
        </extensions>
      </trkpt>
      <trkpt lat="24.4710422493517398834228515625" lon="118.15061165951192378997802734375">
        <ele>120.8000030517578125</ele>
        <time>2026-06-15T09:25:17.000Z</time>
        <extensions>
          <ns3:TrackPointExtension>
            <ns3:hr>89</ns3:hr>
            <ns3:cad>0</ns3:cad>
          </ns3:TrackPointExtension>
        </extensions>
      </trkpt>
      <trkpt lat="24.47104199789464473724365234375" lon="118.15060361288487911224365234375">
        <ele>120.8000030517578125</ele>
        <time>2026-06-15T09:25:18.000Z</time>
        <extensions>
          <ns3:TrackPointExtension>
            <ns3:hr>89</ns3:hr>
            <ns3:cad>0</ns3:cad>
          </ns3:TrackPointExtension>
        </extensions>
      </trkpt>
      <trkpt lat="24.47104166261851787567138671875" lon="118.15059824846684932708740234375">
        <ele>120.8000030517578125</ele>
        <time>2026-06-15T09:25:19.000Z</time>
        <extensions>
          <ns3:TrackPointExtension>
            <ns3:hr>89</ns3:hr>
            <ns3:cad>0</ns3:cad>
          </ns3:TrackPointExtension>
        </extensions>
      </trkpt>
      <trkpt lat="24.4710395671427249908447265625" lon="118.150590620934963226318359375">
        <ele>120.59999847412109375</ele>
        <time>2026-06-15T09:25:20.000Z</time>
        <extensions>
          <ns3:TrackPointExtension>
            <ns3:hr>88</ns3:hr>
            <ns3:cad>0</ns3:cad>
          </ns3:TrackPointExtension>
        </extensions>
      </trkpt>
      <trkpt lat="24.47103747166693210601806640625" lon="118.15058131702244281768798828125">
        <ele>120.59999847412109375</ele>
        <time>2026-06-15T09:25:21.000Z</time>
        <extensions>
          <ns3:TrackPointExtension>
            <ns3:hr>88</ns3:hr>
            <ns3:cad>56</ns3:cad>
          </ns3:TrackPointExtension>
        </extensions>
      </trkpt>
      <trkpt lat="24.471033699810504913330078125" lon="118.15057679079473018646240234375">
        <ele>120.40000152587890625</ele>
        <time>2026-06-15T09:25:22.000Z</time>
        <extensions>
          <ns3:TrackPointExtension>
            <ns3:hr>87</ns3:hr>
            <ns3:cad>56</ns3:cad>
          </ns3:TrackPointExtension>
        </extensions>
      </trkpt>
      <trkpt lat="24.47102598845958709716796875" lon="118.1505730189383029937744140625">
        <ele>120</ele>
        <time>2026-06-15T09:25:23.000Z</time>
        <extensions>
          <ns3:TrackPointExtension>
            <ns3:hr>87</ns3:hr>
            <ns3:cad>55</ns3:cad>
          </ns3:TrackPointExtension>
        </extensions>
      </trkpt>
      <trkpt lat="24.47101869620382785797119140625" lon="118.1505681574344635009765625">
        <ele>119.8000030517578125</ele>
        <time>2026-06-15T09:25:24.000Z</time>
        <extensions>
          <ns3:TrackPointExtension>
            <ns3:hr>86</ns3:hr>
            <ns3:cad>55</ns3:cad>
          </ns3:TrackPointExtension>
        </extensions>
      </trkpt>
      <trkpt lat="24.4710140861570835113525390625" lon="118.15056019462645053863525390625">
        <ele>119.59999847412109375</ele>
        <time>2026-06-15T09:25:25.000Z</time>
        <extensions>
          <ns3:TrackPointExtension>
            <ns3:hr>86</ns3:hr>
            <ns3:cad>55</ns3:cad>
          </ns3:TrackPointExtension>
        </extensions>
      </trkpt>
      <trkpt lat="24.4710092246532440185546875" lon="118.15055499784648418426513671875">
        <ele>119.40000152587890625</ele>
        <time>2026-06-15T09:25:26.000Z</time>
        <extensions>
          <ns3:TrackPointExtension>
            <ns3:hr>85</ns3:hr>
            <ns3:cad>55</ns3:cad>
          </ns3:TrackPointExtension>
        </extensions>
      </trkpt>
      <trkpt lat="24.47100453078746795654296875" lon="118.15054829232394695281982421875">
        <ele>119</ele>
        <time>2026-06-15T09:25:27.000Z</time>
        <extensions>
          <ns3:TrackPointExtension>
            <ns3:hr>85</ns3:hr>
            <ns3:cad>55</ns3:cad>
          </ns3:TrackPointExtension>
        </extensions>
      </trkpt>
      <trkpt lat="24.4709963165223598480224609375" lon="118.15053940750658512115478515625">
        <ele>118.8000030517578125</ele>
        <time>2026-06-15T09:25:28.000Z</time>
        <extensions>
          <ns3:TrackPointExtension>
            <ns3:hr>84</ns3:hr>
            <ns3:cad>55</ns3:cad>
          </ns3:TrackPointExtension>
        </extensions>
      </trkpt>
      <trkpt lat="24.4709862582385540008544921875" lon="118.15053395926952362060546875">
        <ele>118.40000152587890625</ele>
        <time>2026-06-15T09:25:29.000Z</time>
        <extensions>
          <ns3:TrackPointExtension>
            <ns3:hr>84</ns3:hr>
            <ns3:cad>59</ns3:cad>
          </ns3:TrackPointExtension>
        </extensions>
      </trkpt>
      <trkpt lat="24.4709788821637630462646484375" lon="118.15052725374698638916015625">
        <ele>118</ele>
        <time>2026-06-15T09:25:30.000Z</time>
        <extensions>
          <ns3:TrackPointExtension>
            <ns3:hr>84</ns3:hr>
            <ns3:cad>59</ns3:cad>
          </ns3:TrackPointExtension>
        </extensions>
      </trkpt>
      <trkpt lat="24.47097301483154296875" lon="118.1505230627954006195068359375">
        <ele>117.8000030517578125</ele>
        <time>2026-06-15T09:25:31.000Z</time>
        <extensions>
          <ns3:TrackPointExtension>
            <ns3:hr>83</ns3:hr>
            <ns3:cad>59</ns3:cad>
          </ns3:TrackPointExtension>
        </extensions>
      </trkpt>
      <trkpt lat="24.47096907533705234527587890625" lon="118.1505173631012439727783203125">
        <ele>117.40000152587890625</ele>
        <time>2026-06-15T09:25:32.000Z</time>
        <extensions>
          <ns3:TrackPointExtension>
            <ns3:hr>83</ns3:hr>
            <ns3:cad>59</ns3:cad>
          </ns3:TrackPointExtension>
        </extensions>
      </trkpt>
      <trkpt lat="24.47096823714673519134521484375" lon="118.15050973556935787200927734375">
        <ele>117.1999969482421875</ele>
        <time>2026-06-15T09:25:33.000Z</time>
        <extensions>
          <ns3:TrackPointExtension>
            <ns3:hr>83</ns3:hr>
            <ns3:cad>59</ns3:cad>
          </ns3:TrackPointExtension>
        </extensions>
      </trkpt>
      <trkpt lat="24.47096538729965686798095703125" lon="118.1504975818097591400146484375">
        <ele>116.8000030517578125</ele>
        <time>2026-06-15T09:25:34.000Z</time>
        <extensions>
          <ns3:TrackPointExtension>
            <ns3:hr>83</ns3:hr>
            <ns3:cad>59</ns3:cad>
          </ns3:TrackPointExtension>
        </extensions>
      </trkpt>
      <trkpt lat="24.47096387855708599090576171875" lon="118.1504871882498264312744140625">
        <ele>116.59999847412109375</ele>
        <time>2026-06-15T09:25:35.000Z</time>
        <extensions>
          <ns3:TrackPointExtension>
            <ns3:hr>83</ns3:hr>
            <ns3:cad>60</ns3:cad>
          </ns3:TrackPointExtension>
        </extensions>
      </trkpt>
      <trkpt lat="24.4709668122231960296630859375" lon="118.15047419629991054534912109375">
        <ele>116.40000152587890625</ele>
        <time>2026-06-15T09:25:36.000Z</time>
        <extensions>
          <ns3:TrackPointExtension>
            <ns3:hr>83</ns3:hr>
            <ns3:cad>60</ns3:cad>
          </ns3:TrackPointExtension>
        </extensions>
      </trkpt>
      <trkpt lat="24.47097226046025753021240234375" lon="118.150466568768024444580078125">
        <ele>116.1999969482421875</ele>
        <time>2026-06-15T09:25:37.000Z</time>
        <extensions>
          <ns3:TrackPointExtension>
            <ns3:hr>82</ns3:hr>
            <ns3:cad>60</ns3:cad>
          </ns3:TrackPointExtension>
        </extensions>
      </trkpt>
      <trkpt lat="24.4709802232682704925537109375" lon="118.1504617072641849517822265625">
        <ele>116</ele>
        <time>2026-06-15T09:25:38.000Z</time>
        <extensions>
          <ns3:TrackPointExtension>
            <ns3:hr>82</ns3:hr>
            <ns3:cad>61</ns3:cad>
          </ns3:TrackPointExtension>
        </extensions>
      </trkpt>
      <trkpt lat="24.4709879346191883087158203125" lon="118.15045575611293315887451171875">
        <ele>115.8000030517578125</ele>
        <time>2026-06-15T09:25:39.000Z</time>
        <extensions>
          <ns3:TrackPointExtension>
            <ns3:hr>82</ns3:hr>
            <ns3:cad>61</ns3:cad>
          </ns3:TrackPointExtension>
        </extensions>
      </trkpt>
      <trkpt lat="24.47099648416042327880859375" lon="118.15044921822845935821533203125">
        <ele>115.8000030517578125</ele>
        <time>2026-06-15T09:25:40.000Z</time>
        <extensions>
          <ns3:TrackPointExtension>
            <ns3:hr>82</ns3:hr>
            <ns3:cad>61</ns3:cad>
          </ns3:TrackPointExtension>
        </extensions>
      </trkpt>
      <trkpt lat="24.4710026867687702178955078125" lon="118.1504429318010807037353515625">
        <ele>115.8000030517578125</ele>
        <time>2026-06-15T09:25:41.000Z</time>
        <extensions>
          <ns3:TrackPointExtension>
            <ns3:hr>82</ns3:hr>
            <ns3:cad>61</ns3:cad>
          </ns3:TrackPointExtension>
        </extensions>
      </trkpt>
      <trkpt lat="24.47101048193871974945068359375" lon="118.1504362262785434722900390625">
        <ele>116</ele>
        <time>2026-06-15T09:25:42.000Z</time>
        <extensions>
          <ns3:TrackPointExtension>
            <ns3:hr>82</ns3:hr>
            <ns3:cad>0</ns3:cad>
          </ns3:TrackPointExtension>
        </extensions>
      </trkpt>
      <trkpt lat="24.47101584635674953460693359375" lon="118.1504342146217823028564453125">
        <ele>116.40000152587890625</ele>
        <time>2026-06-15T09:25:43.000Z</time>
        <extensions>
          <ns3:TrackPointExtension>
            <ns3:hr>82</ns3:hr>
            <ns3:cad>0</ns3:cad>
          </ns3:TrackPointExtension>
        </extensions>
      </trkpt>
      <trkpt lat="24.471020959317684173583984375" lon="118.15043027512729167938232421875">
        <ele>116.59999847412109375</ele>
        <time>2026-06-15T09:25:44.000Z</time>
        <extensions>
          <ns3:TrackPointExtension>
            <ns3:hr>82</ns3:hr>
            <ns3:cad>0</ns3:cad>
          </ns3:TrackPointExtension>
        </extensions>
      </trkpt>
      <trkpt lat="24.47102825157344341278076171875" lon="118.15042457543313503265380859375">
        <ele>116.8000030517578125</ele>
        <time>2026-06-15T09:25:45.000Z</time>
        <extensions>
          <ns3:TrackPointExtension>
            <ns3:hr>83</ns3:hr>
            <ns3:cad>0</ns3:cad>
          </ns3:TrackPointExtension>
        </extensions>
      </trkpt>
      <trkpt lat="24.47103512473404407501220703125" lon="118.150418959558010101318359375">
        <ele>116.8000030517578125</ele>
        <time>2026-06-15T09:25:46.000Z</time>
        <extensions>
          <ns3:TrackPointExtension>
            <ns3:hr>85</ns3:hr>
            <ns3:cad>0</ns3:cad>
          </ns3:TrackPointExtension>
        </extensions>
      </trkpt>
      <trkpt lat="24.4710449315607547760009765625" lon="118.1504147686064243316650390625">
        <ele>116.8000030517578125</ele>
        <time>2026-06-15T09:25:47.000Z</time>
        <extensions>
          <ns3:TrackPointExtension>
            <ns3:hr>87</ns3:hr>
            <ns3:cad>0</ns3:cad>
          </ns3:TrackPointExtension>
        </extensions>
      </trkpt>
      <trkpt lat="24.471051804721355438232421875" lon="118.1504137627780437469482421875">
        <ele>117</ele>
        <time>2026-06-15T09:25:48.000Z</time>
        <extensions>
          <ns3:TrackPointExtension>
            <ns3:hr>90</ns3:hr>
            <ns3:cad>0</ns3:cad>
          </ns3:TrackPointExtension>
        </extensions>
      </trkpt>
      <trkpt lat="24.47105825878679752349853515625" lon="118.1504154391586780548095703125">
        <ele>117</ele>
        <time>2026-06-15T09:25:49.000Z</time>
        <extensions>
          <ns3:TrackPointExtension>
            <ns3:hr>92</ns3:hr>
            <ns3:cad>0</ns3:cad>
          </ns3:TrackPointExtension>
        </extensions>
      </trkpt>
      <trkpt lat="24.4710660539567470550537109375" lon="118.1504174508154392242431640625">
        <ele>117.1999969482421875</ele>
        <time>2026-06-15T09:25:50.000Z</time>
        <extensions>
          <ns3:TrackPointExtension>
            <ns3:hr>94</ns3:hr>
            <ns3:cad>0</ns3:cad>
          </ns3:TrackPointExtension>
        </extensions>
      </trkpt>
      <trkpt lat="24.47107267566025257110595703125" lon="118.1504206359386444091796875">
        <ele>117.1999969482421875</ele>
        <time>2026-06-15T09:25:51.000Z</time>
        <extensions>
          <ns3:TrackPointExtension>
            <ns3:hr>95</ns3:hr>
            <ns3:cad>0</ns3:cad>
          </ns3:TrackPointExtension>
        </extensions>
      </trkpt>
      <trkpt lat="24.47108072228729724884033203125" lon="118.1504241563379764556884765625">
        <ele>117.1999969482421875</ele>
        <time>2026-06-15T09:25:52.000Z</time>
        <extensions>
          <ns3:TrackPointExtension>
            <ns3:hr>95</ns3:hr>
            <ns3:cad>0</ns3:cad>
          </ns3:TrackPointExtension>
        </extensions>
      </trkpt>
      <trkpt lat="24.47108306922018527984619140625" lon="118.15042625181376934051513671875">
        <ele>117.1999969482421875</ele>
        <time>2026-06-15T09:25:53.000Z</time>
        <extensions>
          <ns3:TrackPointExtension>
            <ns3:hr>96</ns3:hr>
            <ns3:cad>0</ns3:cad>
          </ns3:TrackPointExtension>
        </extensions>
      </trkpt>
      <trkpt lat="24.47109011001884937286376953125" lon="118.15042943693697452545166015625">
        <ele>117</ele>
        <time>2026-06-15T09:25:54.000Z</time>
        <extensions>
          <ns3:TrackPointExtension>
            <ns3:hr>96</ns3:hr>
            <ns3:cad>0</ns3:cad>
          </ns3:TrackPointExtension>
        </extensions>
      </trkpt>
      <trkpt lat="24.47109564207494258880615234375" lon="118.1504311971366405487060546875">
        <ele>116.8000030517578125</ele>
        <time>2026-06-15T09:25:55.000Z</time>
        <extensions>
          <ns3:TrackPointExtension>
            <ns3:hr>95</ns3:hr>
            <ns3:cad>0</ns3:cad>
          </ns3:TrackPointExtension>
        </extensions>
      </trkpt>
      <trkpt lat="24.47110134176909923553466796875" lon="118.15043396316468715667724609375">
        <ele>116.59999847412109375</ele>
        <time>2026-06-15T09:25:56.000Z</time>
        <extensions>
          <ns3:TrackPointExtension>
            <ns3:hr>95</ns3:hr>
            <ns3:cad>0</ns3:cad>
          </ns3:TrackPointExtension>
        </extensions>
      </trkpt>
      <trkpt lat="24.4711046107113361358642578125" lon="118.15043396316468715667724609375">
        <ele>116.40000152587890625</ele>
        <time>2026-06-15T09:25:57.000Z</time>
        <extensions>
          <ns3:TrackPointExtension>
            <ns3:hr>94</ns3:hr>
            <ns3:cad>0</ns3:cad>
          </ns3:TrackPointExtension>
        </extensions>
      </trkpt>
      <trkpt lat="24.47110653854906558990478515625" lon="118.15043245442211627960205078125">
        <ele>116.40000152587890625</ele>
        <time>2026-06-15T09:25:58.000Z</time>
        <extensions>
          <ns3:TrackPointExtension>
            <ns3:hr>94</ns3:hr>
            <ns3:cad>0</ns3:cad>
          </ns3:TrackPointExtension>
        </extensions>
      </trkpt>
      <trkpt lat="24.4711082987487316131591796875" lon="118.150432370603084564208984375">
        <ele>116.1999969482421875</ele>
        <time>2026-06-15T09:25:59.000Z</time>
        <extensions>
          <ns3:TrackPointExtension>
            <ns3:hr>94</ns3:hr>
            <ns3:cad>0</ns3:cad>
          </ns3:TrackPointExtension>
        </extensions>
      </trkpt>
      <trkpt lat="24.471112154424190521240234375" lon="118.1504322029650211334228515625">
        <ele>116.1999969482421875</ele>
        <time>2026-06-15T09:26:00.000Z</time>
        <extensions>
          <ns3:TrackPointExtension>
            <ns3:hr>94</ns3:hr>
            <ns3:cad>0</ns3:cad>
          </ns3:TrackPointExtension>
        </extensions>
      </trkpt>
      <trkpt lat="24.47111508809030055999755859375" lon="118.15043413080275058746337890625">
        <ele>116.1999969482421875</ele>
        <time>2026-06-15T09:26:01.000Z</time>
        <extensions>
          <ns3:TrackPointExtension>
            <ns3:hr>95</ns3:hr>
            <ns3:cad>0</ns3:cad>
          </ns3:TrackPointExtension>
        </extensions>
      </trkpt>
      <trkpt lat="24.47111626155674457550048828125" lon="118.1504348851740360260009765625">
        <ele>116.1999969482421875</ele>
        <time>2026-06-15T09:26:02.000Z</time>
        <extensions>
          <ns3:TrackPointExtension>
            <ns3:hr>95</ns3:hr>
            <ns3:cad>0</ns3:cad>
          </ns3:TrackPointExtension>
        </extensions>
      </trkpt>
      <trkpt lat="24.47111718356609344482421875" lon="118.150435388088226318359375">
        <ele>116.1999969482421875</ele>
        <time>2026-06-15T09:26:03.000Z</time>
        <extensions>
          <ns3:TrackPointExtension>
            <ns3:hr>95</ns3:hr>
            <ns3:cad>0</ns3:cad>
          </ns3:TrackPointExtension>
        </extensions>
      </trkpt>
      <trkpt lat="24.4711173512041568756103515625" lon="118.15043530426919460296630859375">
        <ele>116.1999969482421875</ele>
        <time>2026-06-15T09:26:04.000Z</time>
        <extensions>
          <ns3:TrackPointExtension>
            <ns3:hr>95</ns3:hr>
            <ns3:cad>0</ns3:cad>
          </ns3:TrackPointExtension>
        </extensions>
      </trkpt>
      <trkpt lat="24.47111693210899829864501953125" lon="118.15043530426919460296630859375">
        <ele>116.1999969482421875</ele>
        <time>2026-06-15T09:26:05.000Z</time>
        <extensions>
          <ns3:TrackPointExtension>
            <ns3:hr>95</ns3:hr>
            <ns3:cad>0</ns3:cad>
          </ns3:TrackPointExtension>
        </extensions>
      </trkpt>
      <trkpt lat="24.47111726738512516021728515625" lon="118.15043446607887744903564453125">
        <ele>116.1999969482421875</ele>
        <time>2026-06-15T09:26:06.000Z</time>
        <extensions>
          <ns3:TrackPointExtension>
            <ns3:hr>94</ns3:hr>
            <ns3:cad>0</ns3:cad>
          </ns3:TrackPointExtension>
        </extensions>
      </trkpt>
      <trkpt lat="24.4711176864802837371826171875" lon="118.15043203532695770263671875">
        <ele>116.1999969482421875</ele>
        <time>2026-06-15T09:26:07.000Z</time>
        <extensions>
          <ns3:TrackPointExtension>
            <ns3:hr>92</ns3:hr>
            <ns3:cad>0</ns3:cad>
          </ns3:TrackPointExtension>
        </extensions>
      </trkpt>
      <trkpt lat="24.47111793793737888336181640625" lon="118.1504286825656890869140625">
        <ele>116.1999969482421875</ele>
        <time>2026-06-15T09:26:08.000Z</time>
        <extensions>
          <ns3:TrackPointExtension>
            <ns3:hr>90</ns3:hr>
            <ns3:cad>0</ns3:cad>
          </ns3:TrackPointExtension>
        </extensions>
      </trkpt>
      <trkpt lat="24.47112112306058406829833984375" lon="118.15042591653764247894287109375">
        <ele>116</ele>
        <time>2026-06-15T09:26:09.000Z</time>
        <extensions>
          <ns3:TrackPointExtension>
            <ns3:hr>89</ns3:hr>
            <ns3:cad>0</ns3:cad>
          </ns3:TrackPointExtension>
        </extensions>
      </trkpt>
      <trkpt lat="24.4711230508983135223388671875" lon="118.1504228152334690093994140625">
        <ele>116</ele>
        <time>2026-06-15T09:26:10.000Z</time>
        <extensions>
          <ns3:TrackPointExtension>
            <ns3:hr>89</ns3:hr>
            <ns3:cad>0</ns3:cad>
          </ns3:TrackPointExtension>
        </extensions>
      </trkpt>
      <trkpt lat="24.471126906573772430419921875" lon="118.15041971392929553985595703125">
        <ele>115.8000030517578125</ele>
        <time>2026-06-15T09:26:11.000Z</time>
        <extensions>
          <ns3:TrackPointExtension>
            <ns3:hr>89</ns3:hr>
            <ns3:cad>0</ns3:cad>
          </ns3:TrackPointExtension>
        </extensions>
      </trkpt>
      <trkpt lat="24.47113101370632648468017578125" lon="118.15041585825383663177490234375">
        <ele>115.59999847412109375</ele>
        <time>2026-06-15T09:26:12.000Z</time>
        <extensions>
          <ns3:TrackPointExtension>
            <ns3:hr>89</ns3:hr>
            <ns3:cad>47</ns3:cad>
          </ns3:TrackPointExtension>
        </extensions>
      </trkpt>
      <trkpt lat="24.47113369591534137725830078125" lon="118.1504130922257900238037109375">
        <ele>115.40000152587890625</ele>
        <time>2026-06-15T09:26:13.000Z</time>
        <extensions>
          <ns3:TrackPointExtension>
            <ns3:hr>89</ns3:hr>
            <ns3:cad>47</ns3:cad>
          </ns3:TrackPointExtension>
        </extensions>
      </trkpt>
      <trkpt lat="24.47114174254238605499267578125" lon="118.15040680579841136932373046875">
        <ele>115</ele>
        <time>2026-06-15T09:26:14.000Z</time>
        <extensions>
          <ns3:TrackPointExtension>
            <ns3:hr>90</ns3:hr>
            <ns3:cad>47</ns3:cad>
          </ns3:TrackPointExtension>
        </extensions>
      </trkpt>
      <trkpt lat="24.47114442475140094757080078125" lon="118.1503973342478275299072265625">
        <ele>114.8000030517578125</ele>
        <time>2026-06-15T09:26:15.000Z</time>
        <extensions>
          <ns3:TrackPointExtension>
            <ns3:hr>90</ns3:hr>
            <ns3:cad>0</ns3:cad>
          </ns3:TrackPointExtension>
        </extensions>
      </trkpt>
      <trkpt lat="24.47115330956876277923583984375" lon="118.150386102497577667236328125">
        <ele>114.59999847412109375</ele>
        <time>2026-06-15T09:26:16.000Z</time>
        <extensions>
          <ns3:TrackPointExtension>
            <ns3:hr>90</ns3:hr>
            <ns3:cad>0</ns3:cad>
          </ns3:TrackPointExtension>
        </extensions>
      </trkpt>
      <trkpt lat="24.47116336785256862640380859375" lon="118.15037881024181842803955078125">
        <ele>114.1999969482421875</ele>
        <time>2026-06-15T09:26:17.000Z</time>
        <extensions>
          <ns3:TrackPointExtension>
            <ns3:hr>90</ns3:hr>
            <ns3:cad>47</ns3:cad>
          </ns3:TrackPointExtension>
        </extensions>
      </trkpt>
      <trkpt lat="24.4711736775934696197509765625" lon="118.15037227235734462738037109375">
        <ele>113.8000030517578125</ele>
        <time>2026-06-15T09:26:18.000Z</time>
        <extensions>
          <ns3:TrackPointExtension>
            <ns3:hr>90</ns3:hr>
            <ns3:cad>47</ns3:cad>
          </ns3:TrackPointExtension>
        </extensions>
      </trkpt>
      <trkpt lat="24.4711857475340366363525390625" lon="118.1503607891499996185302734375">
        <ele>113.59999847412109375</ele>
        <time>2026-06-15T09:26:19.000Z</time>
        <extensions>
          <ns3:TrackPointExtension>
            <ns3:hr>90</ns3:hr>
            <ns3:cad>65</ns3:cad>
          </ns3:TrackPointExtension>
        </extensions>
      </trkpt>
      <trkpt lat="24.47119739837944507598876953125" lon="118.1503507308661937713623046875">
        <ele>113.40000152587890625</ele>
        <time>2026-06-15T09:26:20.000Z</time>
        <extensions>
          <ns3:TrackPointExtension>
            <ns3:hr>90</ns3:hr>
            <ns3:cad>65</ns3:cad>
          </ns3:TrackPointExtension>
        </extensions>
      </trkpt>
      <trkpt lat="24.4712055288255214691162109375" lon="118.15034192986786365509033203125">
        <ele>113</ele>
        <time>2026-06-15T09:26:21.000Z</time>
        <extensions>
          <ns3:TrackPointExtension>
            <ns3:hr>91</ns3:hr>
            <ns3:cad>65</ns3:cad>
          </ns3:TrackPointExtension>
        </extensions>
      </trkpt>
      <trkpt lat="24.471215419471263885498046875" lon="118.15033421851694583892822265625">
        <ele>112.8000030517578125</ele>
        <time>2026-06-15T09:26:22.000Z</time>
        <extensions>
          <ns3:TrackPointExtension>
            <ns3:hr>91</ns3:hr>
            <ns3:cad>65</ns3:cad>
          </ns3:TrackPointExtension>
        </extensions>
      </trkpt>
      <trkpt lat="24.47122447192668914794921875" lon="118.15032382495701313018798828125">
        <ele>112.40000152587890625</ele>
        <time>2026-06-15T09:26:23.000Z</time>
        <extensions>
          <ns3:TrackPointExtension>
            <ns3:hr>91</ns3:hr>
            <ns3:cad>65</ns3:cad>
          </ns3:TrackPointExtension>
        </extensions>
      </trkpt>
      <trkpt lat="24.4712273217737674713134765625" lon="118.15031628124415874481201171875">
        <ele>112</ele>
        <time>2026-06-15T09:26:24.000Z</time>
        <extensions>
          <ns3:TrackPointExtension>
            <ns3:hr>91</ns3:hr>
            <ns3:cad>65</ns3:cad>
          </ns3:TrackPointExtension>
        </extensions>
      </trkpt>
      <trkpt lat="24.4712340272963047027587890625" lon="118.1503079831600189208984375">
        <ele>111.59999847412109375</ele>
        <time>2026-06-15T09:26:25.000Z</time>
        <extensions>
          <ns3:TrackPointExtension>
            <ns3:hr>91</ns3:hr>
            <ns3:cad>65</ns3:cad>
          </ns3:TrackPointExtension>
        </extensions>
      </trkpt>
      <trkpt lat="24.4712372124195098876953125" lon="118.15029951743781566619873046875">
        <ele>111.40000152587890625</ele>
        <time>2026-06-15T09:26:26.000Z</time>
        <extensions>
          <ns3:TrackPointExtension>
            <ns3:hr>91</ns3:hr>
            <ns3:cad>65</ns3:cad>
          </ns3:TrackPointExtension>
        </extensions>
      </trkpt>
      <trkpt lat="24.47123788297176361083984375" lon="118.150288201868534088134765625">
        <ele>111</ele>
        <time>2026-06-15T09:26:27.000Z</time>
        <extensions>
          <ns3:TrackPointExtension>
            <ns3:hr>91</ns3:hr>
            <ns3:cad>65</ns3:cad>
          </ns3:TrackPointExtension>
        </extensions>
      </trkpt>
      <trkpt lat="24.471241571009159088134765625" lon="118.150272779166698455810546875">
        <ele>111</ele>
        <time>2026-06-15T09:26:28.000Z</time>
        <extensions>
          <ns3:TrackPointExtension>
            <ns3:hr>91</ns3:hr>
            <ns3:cad>65</ns3:cad>
          </ns3:TrackPointExtension>
        </extensions>
      </trkpt>
      <trkpt lat="24.47124232538044452667236328125" lon="118.15026439726352691650390625">
        <ele>111</ele>
        <time>2026-06-15T09:26:29.000Z</time>
        <extensions>
          <ns3:TrackPointExtension>
            <ns3:hr>91</ns3:hr>
            <ns3:cad>58</ns3:cad>
          </ns3:TrackPointExtension>
        </extensions>
      </trkpt>
      <trkpt lat="24.47124584577977657318115234375" lon="118.15026037395000457763671875">
        <ele>111</ele>
        <time>2026-06-15T09:26:30.000Z</time>
        <extensions>
          <ns3:TrackPointExtension>
            <ns3:hr>91</ns3:hr>
            <ns3:cad>57</ns3:cad>
          </ns3:TrackPointExtension>
        </extensions>
      </trkpt>
      <trkpt lat="24.4712477736175060272216796875" lon="118.15025157295167446136474609375">
        <ele>111.1999969482421875</ele>
        <time>2026-06-15T09:26:31.000Z</time>
        <extensions>
          <ns3:TrackPointExtension>
            <ns3:hr>91</ns3:hr>
            <ns3:cad>0</ns3:cad>
          </ns3:TrackPointExtension>
        </extensions>
      </trkpt>
      <trkpt lat="24.47124819271266460418701171875" lon="118.150249980390071868896484375">
        <ele>111.1999969482421875</ele>
        <time>2026-06-15T09:26:32.000Z</time>
        <extensions>
          <ns3:TrackPointExtension>
            <ns3:hr>91</ns3:hr>
            <ns3:cad>0</ns3:cad>
          </ns3:TrackPointExtension>
        </extensions>
      </trkpt>
      <trkpt lat="24.47125188075006008148193359375" lon="118.15023564733564853668212890625">
        <ele>111.1999969482421875</ele>
        <time>2026-06-15T09:26:33.000Z</time>
        <extensions>
          <ns3:TrackPointExtension>
            <ns3:hr>91</ns3:hr>
            <ns3:cad>55</ns3:cad>
          </ns3:TrackPointExtension>
        </extensions>
      </trkpt>
      <trkpt lat="24.47125406004488468170166015625" lon="118.1502229906618595123291015625">
        <ele>111.1999969482421875</ele>
        <time>2026-06-15T09:26:34.000Z</time>
        <extensions>
          <ns3:TrackPointExtension>
            <ns3:hr>90</ns3:hr>
            <ns3:cad>58</ns3:cad>
          </ns3:TrackPointExtension>
        </extensions>
      </trkpt>
      <trkpt lat="24.47125791572034358978271484375" lon="118.1502095796167850494384765625">
        <ele>111</ele>
        <time>2026-06-15T09:26:35.000Z</time>
        <extensions>
          <ns3:TrackPointExtension>
            <ns3:hr>90</ns3:hr>
            <ns3:cad>58</ns3:cad>
          </ns3:TrackPointExtension>
        </extensions>
      </trkpt>
      <trkpt lat="24.47126328013837337493896484375" lon="118.1501978449523448944091796875">
        <ele>111</ele>
        <time>2026-06-15T09:26:36.000Z</time>
        <extensions>
          <ns3:TrackPointExtension>
            <ns3:hr>90</ns3:hr>
            <ns3:cad>58</ns3:cad>
          </ns3:TrackPointExtension>
        </extensions>
      </trkpt>
      <trkpt lat="24.47127115912735462188720703125" lon="118.1501844339072704315185546875">
        <ele>110.8000030517578125</ele>
        <time>2026-06-15T09:26:37.000Z</time>
        <extensions>
          <ns3:TrackPointExtension>
            <ns3:hr>90</ns3:hr>
            <ns3:cad>0</ns3:cad>
          </ns3:TrackPointExtension>
        </extensions>
      </trkpt>
      <trkpt lat="24.471277780830860137939453125" lon="118.150172866880893707275390625">
        <ele>110.59999847412109375</ele>
        <time>2026-06-15T09:26:38.000Z</time>
        <extensions>
          <ns3:TrackPointExtension>
            <ns3:hr>90</ns3:hr>
            <ns3:cad>0</ns3:cad>
          </ns3:TrackPointExtension>
        </extensions>
      </trkpt>
      <trkpt lat="24.4712841510772705078125" lon="118.1501636467874050140380859375">
        <ele>110.1999969482421875</ele>
        <time>2026-06-15T09:26:39.000Z</time>
        <extensions>
          <ns3:TrackPointExtension>
            <ns3:hr>90</ns3:hr>
            <ns3:cad>0</ns3:cad>
          </ns3:TrackPointExtension>
        </extensions>
      </trkpt>
      <trkpt lat="24.471290521323680877685546875" lon="118.150155432522296905517578125">
        <ele>109.8000030517578125</ele>
        <time>2026-06-15T09:26:40.000Z</time>
        <extensions>
          <ns3:TrackPointExtension>
            <ns3:hr>89</ns3:hr>
            <ns3:cad>0</ns3:cad>
          </ns3:TrackPointExtension>
        </extensions>
      </trkpt>
      <trkpt lat="24.47129555046558380126953125" lon="118.15014763735234737396240234375">
        <ele>109.59999847412109375</ele>
        <time>2026-06-15T09:26:41.000Z</time>
        <extensions>
          <ns3:TrackPointExtension>
            <ns3:hr>88</ns3:hr>
            <ns3:cad>0</ns3:cad>
          </ns3:TrackPointExtension>
        </extensions>
      </trkpt>
      <trkpt lat="24.47130200453102588653564453125" lon="118.15014311112463474273681640625">
        <ele>109.1999969482421875</ele>
        <time>2026-06-15T09:26:42.000Z</time>
        <extensions>
          <ns3:TrackPointExtension>
            <ns3:hr>86</ns3:hr>
            <ns3:cad>0</ns3:cad>
          </ns3:TrackPointExtension>
        </extensions>
      </trkpt>
      <trkpt lat="24.47130820713937282562255859375" lon="118.15014478750526905059814453125">
        <ele>109</ele>
        <time>2026-06-15T09:26:43.000Z</time>
        <extensions>
          <ns3:TrackPointExtension>
            <ns3:hr>86</ns3:hr>
            <ns3:cad>0</ns3:cad>
          </ns3:TrackPointExtension>
        </extensions>
      </trkpt>
      <trkpt lat="24.4713114760816097259521484375" lon="118.1501499004662036895751953125">
        <ele>108.8000030517578125</ele>
        <time>2026-06-15T09:26:44.000Z</time>
        <extensions>
          <ns3:TrackPointExtension>
            <ns3:hr>86</ns3:hr>
            <ns3:cad>0</ns3:cad>
          </ns3:TrackPointExtension>
        </extensions>
      </trkpt>
      <trkpt lat="24.47131675668060779571533203125" lon="118.15015534870326519012451171875">
        <ele>108.40000152587890625</ele>
        <time>2026-06-15T09:26:45.000Z</time>
        <extensions>
          <ns3:TrackPointExtension>
            <ns3:hr>87</ns3:hr>
            <ns3:cad>0</ns3:cad>
          </ns3:TrackPointExtension>
        </extensions>
      </trkpt>
      <trkpt lat="24.47132480330765247344970703125" lon="118.1501633115112781524658203125">
        <ele>108.1999969482421875</ele>
        <time>2026-06-15T09:26:46.000Z</time>
        <extensions>
          <ns3:TrackPointExtension>
            <ns3:hr>89</ns3:hr>
            <ns3:cad>0</ns3:cad>
          </ns3:TrackPointExtension>
        </extensions>
      </trkpt>
      <trkpt lat="24.4713309220969676971435546875" lon="118.150168173015117645263671875">
        <ele>107.8000030517578125</ele>
        <time>2026-06-15T09:26:47.000Z</time>
        <extensions>
          <ns3:TrackPointExtension>
            <ns3:hr>89</ns3:hr>
            <ns3:cad>0</ns3:cad>
          </ns3:TrackPointExtension>
        </extensions>
      </trkpt>
      <trkpt lat="24.47133704088628292083740234375" lon="118.15016959793865680694580078125">
        <ele>107.59999847412109375</ele>
        <time>2026-06-15T09:26:48.000Z</time>
        <extensions>
          <ns3:TrackPointExtension>
            <ns3:hr>88</ns3:hr>
            <ns3:cad>70</ns3:cad>
          </ns3:TrackPointExtension>
        </extensions>
      </trkpt>
      <trkpt lat="24.471344165503978729248046875" lon="118.15016440115869045257568359375">
        <ele>107.40000152587890625</ele>
        <time>2026-06-15T09:26:49.000Z</time>
        <extensions>
          <ns3:TrackPointExtension>
            <ns3:hr>88</ns3:hr>
            <ns3:cad>70</ns3:cad>
          </ns3:TrackPointExtension>
        </extensions>
      </trkpt>
      <trkpt lat="24.4713485240936279296875" lon="118.150160796940326690673828125">
        <ele>107.1999969482421875</ele>
        <time>2026-06-15T09:26:50.000Z</time>
        <extensions>
          <ns3:TrackPointExtension>
            <ns3:hr>87</ns3:hr>
            <ns3:cad>70</ns3:cad>
          </ns3:TrackPointExtension>
        </extensions>
      </trkpt>
      <trkpt lat="24.4713567383587360382080078125" lon="118.15015484578907489776611328125">
        <ele>107</ele>
        <time>2026-06-15T09:26:51.000Z</time>
        <extensions>
          <ns3:TrackPointExtension>
            <ns3:hr>86</ns3:hr>
            <ns3:cad>70</ns3:cad>
          </ns3:TrackPointExtension>
        </extensions>
      </trkpt>
      <trkpt lat="24.47136537171900272369384765625" lon="118.1501482240855693817138671875">
        <ele>106.8000030517578125</ele>
        <time>2026-06-15T09:26:52.000Z</time>
        <extensions>
          <ns3:TrackPointExtension>
            <ns3:hr>85</ns3:hr>
            <ns3:cad>70</ns3:cad>
          </ns3:TrackPointExtension>
        </extensions>
      </trkpt>
      <trkpt lat="24.47137459181249141693115234375" lon="118.150142692029476165771484375">
        <ele>106.59999847412109375</ele>
        <time>2026-06-15T09:26:53.000Z</time>
        <extensions>
          <ns3:TrackPointExtension>
            <ns3:hr>85</ns3:hr>
            <ns3:cad>70</ns3:cad>
          </ns3:TrackPointExtension>
        </extensions>
      </trkpt>
      <trkpt lat="24.47138247080147266387939453125" lon="118.15013556741178035736083984375">
        <ele>106.40000152587890625</ele>
        <time>2026-06-15T09:26:54.000Z</time>
        <extensions>
          <ns3:TrackPointExtension>
            <ns3:hr>86</ns3:hr>
            <ns3:cad>56</ns3:cad>
          </ns3:TrackPointExtension>
        </extensions>
      </trkpt>
      <trkpt lat="24.47139135561883449554443359375" lon="118.15013154409825801849365234375">
        <ele>106</ele>
        <time>2026-06-15T09:26:55.000Z</time>
        <extensions>
          <ns3:TrackPointExtension>
            <ns3:hr>86</ns3:hr>
            <ns3:cad>56</ns3:cad>
          </ns3:TrackPointExtension>
        </extensions>
      </trkpt>
      <trkpt lat="24.471399150788784027099609375" lon="118.1501277722418308258056640625">
        <ele>105.59999847412109375</ele>
        <time>2026-06-15T09:26:56.000Z</time>
        <extensions>
          <ns3:TrackPointExtension>
            <ns3:hr>87</ns3:hr>
            <ns3:cad>56</ns3:cad>
          </ns3:TrackPointExtension>
        </extensions>
      </trkpt>
      <trkpt lat="24.47140552103519439697265625" lon="118.1501254253089427947998046875">
        <ele>105.1999969482421875</ele>
        <time>2026-06-15T09:26:57.000Z</time>
        <extensions>
          <ns3:TrackPointExtension>
            <ns3:hr>88</ns3:hr>
            <ns3:cad>56</ns3:cad>
          </ns3:TrackPointExtension>
        </extensions>
      </trkpt>
      <trkpt lat="24.471410214900970458984375" lon="118.15012165345251560211181640625">
        <ele>104.8000030517578125</ele>
        <time>2026-06-15T09:26:58.000Z</time>
        <extensions>
          <ns3:TrackPointExtension>
            <ns3:hr>88</ns3:hr>
            <ns3:cad>60</ns3:cad>
          </ns3:TrackPointExtension>
        </extensions>
      </trkpt>
      <trkpt lat="24.47141633369028568267822265625" lon="118.15012047998607158660888671875">
        <ele>104.40000152587890625</ele>
        <time>2026-06-15T09:26:59.000Z</time>
        <extensions>
          <ns3:TrackPointExtension>
            <ns3:hr>88</ns3:hr>
            <ns3:cad>60</ns3:cad>
          </ns3:TrackPointExtension>
        </extensions>
      </trkpt>
      <trkpt lat="24.4714249670505523681640625" lon="118.15011746250092983245849609375">
        <ele>104.1999969482421875</ele>
        <time>2026-06-15T09:27:00.000Z</time>
        <extensions>
          <ns3:TrackPointExtension>
            <ns3:hr>88</ns3:hr>
            <ns3:cad>60</ns3:cad>
          </ns3:TrackPointExtension>
        </extensions>
      </trkpt>
      <trkpt lat="24.47143410332500934600830078125" lon="118.15011461265385150909423828125">
        <ele>104</ele>
        <time>2026-06-15T09:27:01.000Z</time>
        <extensions>
          <ns3:TrackPointExtension>
            <ns3:hr>88</ns3:hr>
            <ns3:cad>60</ns3:cad>
          </ns3:TrackPointExtension>
        </extensions>
      </trkpt>
      <trkpt lat="24.47144583798944950103759765625" lon="118.15011025406420230865478515625">
        <ele>103.59999847412109375</ele>
        <time>2026-06-15T09:27:02.000Z</time>
        <extensions>
          <ns3:TrackPointExtension>
            <ns3:hr>88</ns3:hr>
            <ns3:cad>0</ns3:cad>
          </ns3:TrackPointExtension>
        </extensions>
      </trkpt>
      <trkpt lat="24.47145380079746246337890625" lon="118.15010748803615570068359375">
        <ele>103.40000152587890625</ele>
        <time>2026-06-15T09:27:03.000Z</time>
        <extensions>
          <ns3:TrackPointExtension>
            <ns3:hr>88</ns3:hr>
            <ns3:cad>0</ns3:cad>
          </ns3:TrackPointExtension>
        </extensions>
      </trkpt>
      <trkpt lat="24.47146587073802947998046875" lon="118.15010338090360164642333984375">
        <ele>103.1999969482421875</ele>
        <time>2026-06-15T09:27:04.000Z</time>
        <extensions>
          <ns3:TrackPointExtension>
            <ns3:hr>88</ns3:hr>
            <ns3:cad>0</ns3:cad>
          </ns3:TrackPointExtension>
        </extensions>
      </trkpt>
      <trkpt lat="24.47147483937442302703857421875" lon="118.150100447237491607666015625">
        <ele>103</ele>
        <time>2026-06-15T09:27:05.000Z</time>
        <extensions>
          <ns3:TrackPointExtension>
            <ns3:hr>89</ns3:hr>
            <ns3:cad>0</ns3:cad>
          </ns3:TrackPointExtension>
        </extensions>
      </trkpt>
      <trkpt lat="24.4714814610779285430908203125" lon="118.15009902231395244598388671875">
        <ele>102.8000030517578125</ele>
        <time>2026-06-15T09:27:06.000Z</time>
        <extensions>
          <ns3:TrackPointExtension>
            <ns3:hr>89</ns3:hr>
            <ns3:cad>47</ns3:cad>
          </ns3:TrackPointExtension>
        </extensions>
      </trkpt>
      <trkpt lat="24.47148866951465606689453125" lon="118.15009717829525470733642578125">
        <ele>102.59999847412109375</ele>
        <time>2026-06-15T09:27:07.000Z</time>
        <extensions>
          <ns3:TrackPointExtension>
            <ns3:hr>89</ns3:hr>
            <ns3:cad>49</ns3:cad>
          </ns3:TrackPointExtension>
        </extensions>
      </trkpt>
      <trkpt lat="24.471496045589447021484375" lon="118.150097429752349853515625">
        <ele>102.40000152587890625</ele>
        <time>2026-06-15T09:27:08.000Z</time>
        <extensions>
          <ns3:TrackPointExtension>
            <ns3:hr>89</ns3:hr>
            <ns3:cad>50</ns3:cad>
          </ns3:TrackPointExtension>
        </extensions>
      </trkpt>
      <trkpt lat="24.47150484658777713775634765625" lon="118.150097765028476715087890625">
        <ele>102.1999969482421875</ele>
        <time>2026-06-15T09:27:09.000Z</time>
        <extensions>
          <ns3:TrackPointExtension>
            <ns3:hr>89</ns3:hr>
            <ns3:cad>50</ns3:cad>
          </ns3:TrackPointExtension>
        </extensions>
      </trkpt>
      <trkpt lat="24.47151205502450466156005859375" lon="118.1501032970845699310302734375">
        <ele>102</ele>
        <time>2026-06-15T09:27:10.000Z</time>
        <extensions>
          <ns3:TrackPointExtension>
            <ns3:hr>88</ns3:hr>
            <ns3:cad>50</ns3:cad>
          </ns3:TrackPointExtension>
        </extensions>
      </trkpt>
      <trkpt lat="24.47152085602283477783203125" lon="118.1501069851219654083251953125">
        <ele>101.59999847412109375</ele>
        <time>2026-06-15T09:27:11.000Z</time>
        <extensions>
          <ns3:TrackPointExtension>
            <ns3:hr>89</ns3:hr>
            <ns3:cad>50</ns3:cad>
          </ns3:TrackPointExtension>
        </extensions>
      </trkpt>
      <trkpt lat="24.4715290702879428863525390625" lon="118.1501120142638683319091796875">
        <ele>101.40000152587890625</ele>
        <time>2026-06-15T09:27:12.000Z</time>
        <extensions>
          <ns3:TrackPointExtension>
            <ns3:hr>89</ns3:hr>
            <ns3:cad>59</ns3:cad>
          </ns3:TrackPointExtension>
        </extensions>
      </trkpt>
      <trkpt lat="24.47153787128627300262451171875" lon="118.1501170434057712554931640625">
        <ele>101.1999969482421875</ele>
        <time>2026-06-15T09:27:13.000Z</time>
        <extensions>
          <ns3:TrackPointExtension>
            <ns3:hr>88</ns3:hr>
            <ns3:cad>59</ns3:cad>
          </ns3:TrackPointExtension>
        </extensions>
      </trkpt>
      <trkpt lat="24.47154893539845943450927734375" lon="118.15012400038540363311767578125">
        <ele>101.1999969482421875</ele>
        <time>2026-06-15T09:27:14.000Z</time>
        <extensions>
          <ns3:TrackPointExtension>
            <ns3:hr>88</ns3:hr>
            <ns3:cad>59</ns3:cad>
          </ns3:TrackPointExtension>
        </extensions>
      </trkpt>
      <trkpt lat="24.47155748493969440460205078125" lon="118.15012852661311626434326171875">
        <ele>101</ele>
        <time>2026-06-15T09:27:15.000Z</time>
        <extensions>
          <ns3:TrackPointExtension>
            <ns3:hr>88</ns3:hr>
            <ns3:cad>59</ns3:cad>
          </ns3:TrackPointExtension>
        </extensions>
      </trkpt>
      <trkpt lat="24.4715696386992931365966796875" lon="118.1501331366598606109619140625">
        <ele>100.8000030517578125</ele>
        <time>2026-06-15T09:27:16.000Z</time>
        <extensions>
          <ns3:TrackPointExtension>
            <ns3:hr>88</ns3:hr>
            <ns3:cad>59</ns3:cad>
          </ns3:TrackPointExtension>
        </extensions>
      </trkpt>
      <trkpt lat="24.47157776914536952972412109375" lon="118.1501348130404949188232421875">
        <ele>100.59999847412109375</ele>
        <time>2026-06-15T09:27:17.000Z</time>
        <extensions>
          <ns3:TrackPointExtension>
            <ns3:hr>89</ns3:hr>
            <ns3:cad>59</ns3:cad>
          </ns3:TrackPointExtension>
        </extensions>
      </trkpt>
      <trkpt lat="24.47158296592533588409423828125" lon="118.15013565123081207275390625">
        <ele>100.40000152587890625</ele>
        <time>2026-06-15T09:27:18.000Z</time>
        <extensions>
          <ns3:TrackPointExtension>
            <ns3:hr>89</ns3:hr>
            <ns3:cad>59</ns3:cad>
          </ns3:TrackPointExtension>
        </extensions>
      </trkpt>
      <trkpt lat="24.47158548049628734588623046875" lon="118.1501358188688755035400390625">
        <ele>100.1999969482421875</ele>
        <time>2026-06-15T09:27:19.000Z</time>
        <extensions>
          <ns3:TrackPointExtension>
            <ns3:hr>89</ns3:hr>
            <ns3:cad>60</ns3:cad>
          </ns3:TrackPointExtension>
        </extensions>
      </trkpt>
      <trkpt lat="24.47158900089561939239501953125" lon="118.15013707615435123443603515625">
        <ele>99.8000030517578125</ele>
        <time>2026-06-15T09:27:20.000Z</time>
        <extensions>
          <ns3:TrackPointExtension>
            <ns3:hr>89</ns3:hr>
            <ns3:cad>61</ns3:cad>
          </ns3:TrackPointExtension>
        </extensions>
      </trkpt>
      <trkpt lat="24.471595622599124908447265625" lon="118.15013908781111240386962890625">
        <ele>99.59999847412109375</ele>
        <time>2026-06-15T09:27:21.000Z</time>
        <extensions>
          <ns3:TrackPointExtension>
            <ns3:hr>90</ns3:hr>
            <ns3:cad>61</ns3:cad>
          </ns3:TrackPointExtension>
        </extensions>
      </trkpt>
      <trkpt lat="24.4716019928455352783203125" lon="118.1501395069062709808349609375">
        <ele>99.1999969482421875</ele>
        <time>2026-06-15T09:27:22.000Z</time>
        <extensions>
          <ns3:TrackPointExtension>
            <ns3:hr>90</ns3:hr>
            <ns3:cad>56</ns3:cad>
          </ns3:TrackPointExtension>
        </extensions>
      </trkpt>
      <trkpt lat="24.47160744108259677886962890625" lon="118.15013925544917583465576171875">
        <ele>99</ele>
        <time>2026-06-15T09:27:23.000Z</time>
        <extensions>
          <ns3:TrackPointExtension>
            <ns3:hr>90</ns3:hr>
            <ns3:cad>56</ns3:cad>
          </ns3:TrackPointExtension>
        </extensions>
      </trkpt>
      <trkpt lat="24.471617750823497772216796875" lon="118.15014344640076160430908203125">
        <ele>98.59999847412109375</ele>
        <time>2026-06-15T09:27:24.000Z</time>
        <extensions>
          <ns3:TrackPointExtension>
            <ns3:hr>90</ns3:hr>
            <ns3:cad>56</ns3:cad>
          </ns3:TrackPointExtension>
        </extensions>
      </trkpt>
      <trkpt lat="24.47162152267992496490478515625" lon="118.15014562569558620452880859375">
        <ele>98.40000152587890625</ele>
        <time>2026-06-15T09:27:25.000Z</time>
        <extensions>
          <ns3:TrackPointExtension>
            <ns3:hr>90</ns3:hr>
            <ns3:cad>58</ns3:cad>
          </ns3:TrackPointExtension>
        </extensions>
      </trkpt>
      <trkpt lat="24.4716226123273372650146484375" lon="118.15014545805752277374267578125">
        <ele>98</ele>
        <time>2026-06-15T09:27:26.000Z</time>
        <extensions>
          <ns3:TrackPointExtension>
            <ns3:hr>89</ns3:hr>
            <ns3:cad>58</ns3:cad>
          </ns3:TrackPointExtension>
        </extensions>
      </trkpt>
      <trkpt lat="24.47162688709795475006103515625" lon="118.15014746971428394317626953125">
        <ele>97.8000030517578125</ele>
        <time>2026-06-15T09:27:27.000Z</time>
        <extensions>
          <ns3:TrackPointExtension>
            <ns3:hr>88</ns3:hr>
            <ns3:cad>58</ns3:cad>
          </ns3:TrackPointExtension>
        </extensions>
      </trkpt>
      <trkpt lat="24.47163409553468227386474609375" lon="118.15015174448490142822265625">
        <ele>97.40000152587890625</ele>
        <time>2026-06-15T09:27:28.000Z</time>
        <extensions>
          <ns3:TrackPointExtension>
            <ns3:hr>88</ns3:hr>
            <ns3:cad>57</ns3:cad>
          </ns3:TrackPointExtension>
        </extensions>
      </trkpt>
      <trkpt lat="24.4716422259807586669921875" lon="118.1501592881977558135986328125">
        <ele>97</ele>
        <time>2026-06-15T09:27:29.000Z</time>
        <extensions>
          <ns3:TrackPointExtension>
            <ns3:hr>88</ns3:hr>
            <ns3:cad>57</ns3:cad>
          </ns3:TrackPointExtension>
        </extensions>
      </trkpt>
      <trkpt lat="24.47164717130362987518310546875" lon="118.1501629762351512908935546875">
        <ele>96.59999847412109375</ele>
        <time>2026-06-15T09:27:30.000Z</time>
        <extensions>
          <ns3:TrackPointExtension>
            <ns3:hr>88</ns3:hr>
            <ns3:cad>57</ns3:cad>
          </ns3:TrackPointExtension>
        </extensions>
      </trkpt>
      <trkpt lat="24.47165370918810367584228515625" lon="118.15016590990126132965087890625">
        <ele>96.40000152587890625</ele>
        <time>2026-06-15T09:27:31.000Z</time>
        <extensions>
          <ns3:TrackPointExtension>
            <ns3:hr>89</ns3:hr>
            <ns3:cad>57</ns3:cad>
          </ns3:TrackPointExtension>
        </extensions>
      </trkpt>
      <trkpt lat="24.47165722958743572235107421875" lon="118.15017144195735454559326171875">
        <ele>96</ele>
        <time>2026-06-15T09:27:32.000Z</time>
        <extensions>
          <ns3:TrackPointExtension>
            <ns3:hr>89</ns3:hr>
            <ns3:cad>66</ns3:cad>
          </ns3:TrackPointExtension>
        </extensions>
      </trkpt>
      <trkpt lat="24.471662342548370361328125" lon="118.15017663873732089996337890625">
        <ele>95.8000030517578125</ele>
        <time>2026-06-15T09:27:33.000Z</time>
        <extensions>
          <ns3:TrackPointExtension>
            <ns3:hr>89</ns3:hr>
            <ns3:cad>66</ns3:cad>
          </ns3:TrackPointExtension>
        </extensions>
      </trkpt>
      <trkpt lat="24.4716672040522098541259765625" lon="118.1501780636608600616455078125">
        <ele>95.59999847412109375</ele>
        <time>2026-06-15T09:27:34.000Z</time>
        <extensions>
          <ns3:TrackPointExtension>
            <ns3:hr>88</ns3:hr>
            <ns3:cad>66</ns3:cad>
          </ns3:TrackPointExtension>
        </extensions>
      </trkpt>
      <trkpt lat="24.47167508304119110107421875" lon="118.1501794047653675079345703125">
        <ele>95.1999969482421875</ele>
        <time>2026-06-15T09:27:35.000Z</time>
        <extensions>
          <ns3:TrackPointExtension>
            <ns3:hr>88</ns3:hr>
            <ns3:cad>66</ns3:cad>
          </ns3:TrackPointExtension>
        </extensions>
      </trkpt>
      <trkpt lat="24.47168304584920406341552734375" lon="118.15018015913665294647216796875">
        <ele>95</ele>
        <time>2026-06-15T09:27:36.000Z</time>
        <extensions>
          <ns3:TrackPointExtension>
            <ns3:hr>88</ns3:hr>
            <ns3:cad>72</ns3:cad>
          </ns3:TrackPointExtension>
        </extensions>
      </trkpt>
      <trkpt lat="24.4716896675527095794677734375" lon="118.1501794047653675079345703125">
        <ele>94.59999847412109375</ele>
        <time>2026-06-15T09:27:37.000Z</time>
        <extensions>
          <ns3:TrackPointExtension>
            <ns3:hr>88</ns3:hr>
            <ns3:cad>72</ns3:cad>
          </ns3:TrackPointExtension>
        </extensions>
      </trkpt>
      <trkpt lat="24.47170148603618144989013671875" lon="118.15017781220376491546630859375">
        <ele>94.1999969482421875</ele>
        <time>2026-06-15T09:27:38.000Z</time>
        <extensions>
          <ns3:TrackPointExtension>
            <ns3:hr>88</ns3:hr>
            <ns3:cad>72</ns3:cad>
          </ns3:TrackPointExtension>
        </extensions>
      </trkpt>
      <trkpt lat="24.47171531617641448974609375" lon="118.15017848275601863861083984375">
        <ele>94</ele>
        <time>2026-06-15T09:27:39.000Z</time>
        <extensions>
          <ns3:TrackPointExtension>
            <ns3:hr>88</ns3:hr>
            <ns3:cad>67</ns3:cad>
          </ns3:TrackPointExtension>
        </extensions>
      </trkpt>
      <trkpt lat="24.471726715564727783203125" lon="118.150178901851177215576171875">
        <ele>93.59999847412109375</ele>
        <time>2026-06-15T09:27:40.000Z</time>
        <extensions>
          <ns3:TrackPointExtension>
            <ns3:hr>88</ns3:hr>
            <ns3:cad>67</ns3:cad>
          </ns3:TrackPointExtension>
        </extensions>
      </trkpt>
      <trkpt lat="24.471737109124660491943359375" lon="118.1501783989369869232177734375">
        <ele>93.40000152587890625</ele>
        <time>2026-06-15T09:27:41.000Z</time>
        <extensions>
          <ns3:TrackPointExtension>
            <ns3:hr>87</ns3:hr>
            <ns3:cad>0</ns3:cad>
          </ns3:TrackPointExtension>
        </extensions>
      </trkpt>
      <trkpt lat="24.47174456901848316192626953125" lon="118.150175549089908599853515625">
        <ele>93</ele>
        <time>2026-06-15T09:27:42.000Z</time>
        <extensions>
          <ns3:TrackPointExtension>
            <ns3:hr>87</ns3:hr>
            <ns3:cad>0</ns3:cad>
          </ns3:TrackPointExtension>
        </extensions>
      </trkpt>
      <trkpt lat="24.47174943052232265472412109375" lon="118.15017680637538433074951171875">
        <ele>92.59999847412109375</ele>
        <time>2026-06-15T09:27:43.000Z</time>
        <extensions>
          <ns3:TrackPointExtension>
            <ns3:hr>87</ns3:hr>
            <ns3:cad>0</ns3:cad>
          </ns3:TrackPointExtension>
        </extensions>
      </trkpt>
      <trkpt lat="24.4717490114271640777587890625" lon="118.1501767225563526153564453125">
        <ele>92.40000152587890625</ele>
        <time>2026-06-15T09:27:44.000Z</time>
        <extensions>
          <ns3:TrackPointExtension>
            <ns3:hr>88</ns3:hr>
            <ns3:cad>0</ns3:cad>
          </ns3:TrackPointExtension>
        </extensions>
      </trkpt>
      <trkpt lat="24.471755884587764739990234375" lon="118.1501763872802257537841796875">
        <ele>92</ele>
        <time>2026-06-15T09:27:45.000Z</time>
        <extensions>
          <ns3:TrackPointExtension>
            <ns3:hr>88</ns3:hr>
            <ns3:cad>0</ns3:cad>
          </ns3:TrackPointExtension>
        </extensions>
      </trkpt>
      <trkpt lat="24.471765272319316864013671875" lon="118.15017814747989177703857421875">
        <ele>91.8000030517578125</ele>
        <time>2026-06-15T09:27:46.000Z</time>
        <extensions>
          <ns3:TrackPointExtension>
            <ns3:hr>88</ns3:hr>
            <ns3:cad>0</ns3:cad>
          </ns3:TrackPointExtension>
        </extensions>
      </trkpt>
      <trkpt lat="24.4717724807560443878173828125" lon="118.150177560746669769287109375">
        <ele>91.40000152587890625</ele>
        <time>2026-06-15T09:27:47.000Z</time>
        <extensions>
          <ns3:TrackPointExtension>
            <ns3:hr>88</ns3:hr>
            <ns3:cad>0</ns3:cad>
          </ns3:TrackPointExtension>
        </extensions>
      </trkpt>
      <trkpt lat="24.47178346104919910430908203125" lon="118.150178231298923492431640625">
        <ele>91.1999969482421875</ele>
        <time>2026-06-15T09:27:48.000Z</time>
        <extensions>
          <ns3:TrackPointExtension>
            <ns3:hr>88</ns3:hr>
            <ns3:cad>0</ns3:cad>
          </ns3:TrackPointExtension>
        </extensions>
      </trkpt>
      <trkpt lat="24.47179435752332210540771484375" lon="118.150180913507938385009765625">
        <ele>90.8000030517578125</ele>
        <time>2026-06-15T09:27:49.000Z</time>
        <extensions>
          <ns3:TrackPointExtension>
            <ns3:hr>88</ns3:hr>
            <ns3:cad>0</ns3:cad>
          </ns3:TrackPointExtension>
        </extensions>
      </trkpt>
      <trkpt lat="24.47180609218776226043701171875" lon="118.1501837633550167083740234375">
        <ele>90.59999847412109375</ele>
        <time>2026-06-15T09:27:50.000Z</time>
        <extensions>
          <ns3:TrackPointExtension>
            <ns3:hr>87</ns3:hr>
            <ns3:cad>0</ns3:cad>
          </ns3:TrackPointExtension>
        </extensions>
      </trkpt>
      <trkpt lat="24.47181715629994869232177734375" lon="118.15018770284950733184814453125">
        <ele>90.40000152587890625</ele>
        <time>2026-06-15T09:27:51.000Z</time>
        <extensions>
          <ns3:TrackPointExtension>
            <ns3:hr>88</ns3:hr>
            <ns3:cad>55</ns3:cad>
          </ns3:TrackPointExtension>
        </extensions>
      </trkpt>
      <trkpt lat="24.47182319127023220062255859375" lon="118.15018954686820507049560546875">
        <ele>90.1999969482421875</ele>
        <time>2026-06-15T09:27:52.000Z</time>
        <extensions>
          <ns3:TrackPointExtension>
            <ns3:hr>88</ns3:hr>
            <ns3:cad>55</ns3:cad>
          </ns3:TrackPointExtension>
        </extensions>
      </trkpt>
      <trkpt lat="24.47182620875537395477294921875" lon="118.1501901336014270782470703125">
        <ele>90</ele>
        <time>2026-06-15T09:27:53.000Z</time>
        <extensions>
          <ns3:TrackPointExtension>
            <ns3:hr>88</ns3:hr>
            <ns3:cad>54</ns3:cad>
          </ns3:TrackPointExtension>
        </extensions>
      </trkpt>
      <trkpt lat="24.47183442302048206329345703125" lon="118.15019206143915653228759765625">
        <ele>89.8000030517578125</ele>
        <time>2026-06-15T09:27:54.000Z</time>
        <extensions>
          <ns3:TrackPointExtension>
            <ns3:hr>89</ns3:hr>
            <ns3:cad>54</ns3:cad>
          </ns3:TrackPointExtension>
        </extensions>
      </trkpt>
      <trkpt lat="24.4718412123620510101318359375" lon="118.150194995105266571044921875">
        <ele>89.59999847412109375</ele>
        <time>2026-06-15T09:27:55.000Z</time>
        <extensions>
          <ns3:TrackPointExtension>
            <ns3:hr>89</ns3:hr>
            <ns3:cad>54</ns3:cad>
          </ns3:TrackPointExtension>
        </extensions>
      </trkpt>
      <trkpt lat="24.47184883989393711090087890625" lon="118.1501978449523448944091796875">
        <ele>89.40000152587890625</ele>
        <time>2026-06-15T09:27:56.000Z</time>
        <extensions>
          <ns3:TrackPointExtension>
            <ns3:hr>89</ns3:hr>
            <ns3:cad>54</ns3:cad>
          </ns3:TrackPointExtension>
        </extensions>
      </trkpt>
      <trkpt lat="24.4718549586832523345947265625" lon="118.1501971744000911712646484375">
        <ele>89.1999969482421875</ele>
        <time>2026-06-15T09:27:57.000Z</time>
        <extensions>
          <ns3:TrackPointExtension>
            <ns3:hr>88</ns3:hr>
            <ns3:cad>61</ns3:cad>
          </ns3:TrackPointExtension>
        </extensions>
      </trkpt>
      <trkpt lat="24.47186744771897792816162109375" lon="118.15020111389458179473876953125">
        <ele>88.8000030517578125</ele>
        <time>2026-06-15T09:27:58.000Z</time>
        <extensions>
          <ns3:TrackPointExtension>
            <ns3:hr>88</ns3:hr>
            <ns3:cad>61</ns3:cad>
          </ns3:TrackPointExtension>
        </extensions>
      </trkpt>
      <trkpt lat="24.47187650017440319061279296875" lon="118.15020195208489894866943359375">
        <ele>88.59999847412109375</ele>
        <time>2026-06-15T09:27:59.000Z</time>
        <extensions>
          <ns3:TrackPointExtension>
            <ns3:hr>88</ns3:hr>
            <ns3:cad>61</ns3:cad>
          </ns3:TrackPointExtension>
        </extensions>
      </trkpt>
      <trkpt lat="24.47188169695436954498291015625" lon="118.150201700627803802490234375">
        <ele>88.1999969482421875</ele>
        <time>2026-06-15T09:28:00.000Z</time>
        <extensions>
          <ns3:TrackPointExtension>
            <ns3:hr>88</ns3:hr>
            <ns3:cad>61</ns3:cad>
          </ns3:TrackPointExtension>
        </extensions>
      </trkpt>
      <trkpt lat="24.47188655845820903778076171875" lon="118.1502032093703746795654296875">
        <ele>87.8000030517578125</ele>
        <time>2026-06-15T09:28:01.000Z</time>
        <extensions>
          <ns3:TrackPointExtension>
            <ns3:hr>89</ns3:hr>
            <ns3:cad>66</ns3:cad>
          </ns3:TrackPointExtension>
        </extensions>
      </trkpt>
      <trkpt lat="24.4718925096094608306884765625" lon="118.15019910223782062530517578125">
        <ele>87.40000152587890625</ele>
        <time>2026-06-15T09:28:02.000Z</time>
        <extensions>
          <ns3:TrackPointExtension>
            <ns3:hr>89</ns3:hr>
            <ns3:cad>66</ns3:cad>
          </ns3:TrackPointExtension>
        </extensions>
      </trkpt>
      <trkpt lat="24.471898041665554046630859375" lon="118.150197006762027740478515625">
        <ele>87.1999969482421875</ele>
        <time>2026-06-15T09:28:03.000Z</time>
        <extensions>
          <ns3:TrackPointExtension>
            <ns3:hr>89</ns3:hr>
            <ns3:cad>66</ns3:cad>
          </ns3:TrackPointExtension>
        </extensions>
      </trkpt>
      <trkpt lat="24.47190499864518642425537109375" lon="118.15019725821912288665771484375">
        <ele>87</ele>
        <time>2026-06-15T09:28:04.000Z</time>
        <extensions>
          <ns3:TrackPointExtension>
            <ns3:hr>89</ns3:hr>
            <ns3:cad>64</ns3:cad>
          </ns3:TrackPointExtension>
        </extensions>
      </trkpt>
      <trkpt lat="24.4719131290912628173828125" lon="118.15019440837204456329345703125">
        <ele>86.59999847412109375</ele>
        <time>2026-06-15T09:28:05.000Z</time>
        <extensions>
          <ns3:TrackPointExtension>
            <ns3:hr>88</ns3:hr>
            <ns3:cad>64</ns3:cad>
          </ns3:TrackPointExtension>
        </extensions>
      </trkpt>
      <trkpt lat="24.47192343883216381072998046875" lon="118.15019373781979084014892578125">
        <ele>86.40000152587890625</ele>
        <time>2026-06-15T09:28:06.000Z</time>
        <extensions>
          <ns3:TrackPointExtension>
            <ns3:hr>88</ns3:hr>
            <ns3:cad>64</ns3:cad>
          </ns3:TrackPointExtension>
        </extensions>
      </trkpt>
      <trkpt lat="24.47193383239209651947021484375" lon="118.1501948274672031402587890625">
        <ele>86.1999969482421875</ele>
        <time>2026-06-15T09:28:07.000Z</time>
        <extensions>
          <ns3:TrackPointExtension>
            <ns3:hr>87</ns3:hr>
            <ns3:cad>60</ns3:cad>
          </ns3:TrackPointExtension>
        </extensions>
      </trkpt>
      <trkpt lat="24.471942298114299774169921875" lon="118.1501965038478374481201171875">
        <ele>86</ele>
        <time>2026-06-15T09:28:08.000Z</time>
        <extensions>
          <ns3:TrackPointExtension>
            <ns3:hr>87</ns3:hr>
            <ns3:cad>60</ns3:cad>
          </ns3:TrackPointExtension>
        </extensions>
      </trkpt>
      <trkpt lat="24.4719533622264862060546875" lon="118.150200359523296356201171875">
        <ele>85.59999847412109375</ele>
        <time>2026-06-15T09:28:09.000Z</time>
        <extensions>
          <ns3:TrackPointExtension>
            <ns3:hr>87</ns3:hr>
            <ns3:cad>62</ns3:cad>
          </ns3:TrackPointExtension>
        </extensions>
      </trkpt>
      <trkpt lat="24.47196199558675289154052734375" lon="118.15020279027521610260009765625">
        <ele>85.1999969482421875</ele>
        <time>2026-06-15T09:28:10.000Z</time>
        <extensions>
          <ns3:TrackPointExtension>
            <ns3:hr>87</ns3:hr>
            <ns3:cad>62</ns3:cad>
          </ns3:TrackPointExtension>
        </extensions>
      </trkpt>
      <trkpt lat="24.4719679467380046844482421875" lon="118.1502065621316432952880859375">
        <ele>84.8000030517578125</ele>
        <time>2026-06-15T09:28:11.000Z</time>
        <extensions>
          <ns3:TrackPointExtension>
            <ns3:hr>87</ns3:hr>
            <ns3:cad>62</ns3:cad>
          </ns3:TrackPointExtension>
        </extensions>
      </trkpt>
      <trkpt lat="24.47197188623249530792236328125" lon="118.15020865760743618011474609375">
        <ele>84.40000152587890625</ele>
        <time>2026-06-15T09:28:12.000Z</time>
        <extensions>
          <ns3:TrackPointExtension>
            <ns3:hr>86</ns3:hr>
            <ns3:cad>57</ns3:cad>
          </ns3:TrackPointExtension>
        </extensions>
      </trkpt>
      <trkpt lat="24.471976496279239654541015625" lon="118.150213770568370819091796875">
        <ele>84.1999969482421875</ele>
        <time>2026-06-15T09:28:13.000Z</time>
        <extensions>
          <ns3:TrackPointExtension>
            <ns3:hr>86</ns3:hr>
            <ns3:cad>57</ns3:cad>
          </ns3:TrackPointExtension>
        </extensions>
      </trkpt>
      <trkpt lat="24.47198227979242801666259765625" lon="118.15021972171962261199951171875">
        <ele>83.8000030517578125</ele>
        <time>2026-06-15T09:28:14.000Z</time>
        <extensions>
          <ns3:TrackPointExtension>
            <ns3:hr>86</ns3:hr>
            <ns3:cad>56</ns3:cad>
          </ns3:TrackPointExtension>
        </extensions>
      </trkpt>
      <trkpt lat="24.4719880633056163787841796875" lon="118.15022123046219348907470703125">
        <ele>83.59999847412109375</ele>
        <time>2026-06-15T09:28:15.000Z</time>
        <extensions>
          <ns3:TrackPointExtension>
            <ns3:hr>86</ns3:hr>
            <ns3:cad>56</ns3:cad>
          </ns3:TrackPointExtension>
        </extensions>
      </trkpt>
      <trkpt lat="24.47199636138975620269775390625" lon="118.15022491849958896636962890625">
        <ele>83.1999969482421875</ele>
        <time>2026-06-15T09:28:16.000Z</time>
        <extensions>
          <ns3:TrackPointExtension>
            <ns3:hr>87</ns3:hr>
            <ns3:cad>57</ns3:cad>
          </ns3:TrackPointExtension>
        </extensions>
      </trkpt>
      <trkpt lat="24.47200943715870380401611328125" lon="118.15022491849958896636962890625">
        <ele>83</ele>
        <time>2026-06-15T09:28:17.000Z</time>
        <extensions>
          <ns3:TrackPointExtension>
            <ns3:hr>87</ns3:hr>
            <ns3:cad>57</ns3:cad>
          </ns3:TrackPointExtension>
        </extensions>
      </trkpt>
      <trkpt lat="24.47201932780444622039794921875" lon="118.15022944472730159759521484375">
        <ele>82.8000030517578125</ele>
        <time>2026-06-15T09:28:18.000Z</time>
        <extensions>
          <ns3:TrackPointExtension>
            <ns3:hr>87</ns3:hr>
            <ns3:cad>61</ns3:cad>
          </ns3:TrackPointExtension>
        </extensions>
      </trkpt>
      <trkpt lat="24.47203307412564754486083984375" lon="118.1502320431172847747802734375">
        <ele>82.59999847412109375</ele>
        <time>2026-06-15T09:28:19.000Z</time>
        <extensions>
          <ns3:TrackPointExtension>
            <ns3:hr>87</ns3:hr>
            <ns3:cad>61</ns3:cad>
          </ns3:TrackPointExtension>
        </extensions>
      </trkpt>
      <trkpt lat="24.47204531170427799224853515625" lon="118.15022994764149188995361328125">
        <ele>82.40000152587890625</ele>
        <time>2026-06-15T09:28:20.000Z</time>
        <extensions>
          <ns3:TrackPointExtension>
            <ns3:hr>88</ns3:hr>
            <ns3:cad>61</ns3:cad>
          </ns3:TrackPointExtension>
        </extensions>
      </trkpt>
      <trkpt lat="24.4720581360161304473876953125" lon="118.15022793598473072052001953125">
        <ele>82.1999969482421875</ele>
        <time>2026-06-15T09:28:21.000Z</time>
        <extensions>
          <ns3:TrackPointExtension>
            <ns3:hr>87</ns3:hr>
            <ns3:cad>61</ns3:cad>
          </ns3:TrackPointExtension>
        </extensions>
      </trkpt>
      <trkpt lat="24.4720686972141265869140625" lon="118.150225840508937835693359375">
        <ele>82.1999969482421875</ele>
        <time>2026-06-15T09:28:22.000Z</time>
        <extensions>
          <ns3:TrackPointExtension>
            <ns3:hr>87</ns3:hr>
            <ns3:cad>61</ns3:cad>
          </ns3:TrackPointExtension>
        </extensions>
      </trkpt>
      <trkpt lat="24.4720762409269809722900390625" lon="118.15022282302379608154296875">
        <ele>82</ele>
        <time>2026-06-15T09:28:23.000Z</time>
        <extensions>
          <ns3:TrackPointExtension>
            <ns3:hr>87</ns3:hr>
            <ns3:cad>59</ns3:cad>
          </ns3:TrackPointExtension>
        </extensions>
      </trkpt>
      <trkpt lat="24.47208118624985218048095703125" lon="118.1502203084528446197509765625">
        <ele>81.8000030517578125</ele>
        <time>2026-06-15T09:28:24.000Z</time>
        <extensions>
          <ns3:TrackPointExtension>
            <ns3:hr>87</ns3:hr>
            <ns3:cad>59</ns3:cad>
          </ns3:TrackPointExtension>
        </extensions>
      </trkpt>
      <trkpt lat="24.47208470664918422698974609375" lon="118.1502167880535125732421875">
        <ele>81.59999847412109375</ele>
        <time>2026-06-15T09:28:25.000Z</time>
        <extensions>
          <ns3:TrackPointExtension>
            <ns3:hr>87</ns3:hr>
            <ns3:cad>59</ns3:cad>
          </ns3:TrackPointExtension>
        </extensions>
      </trkpt>
      <trkpt lat="24.4720899872481822967529296875" lon="118.150212764739990234375">
        <ele>81.59999847412109375</ele>
        <time>2026-06-15T09:28:26.000Z</time>
        <extensions>
          <ns3:TrackPointExtension>
            <ns3:hr>88</ns3:hr>
            <ns3:cad>59</ns3:cad>
          </ns3:TrackPointExtension>
        </extensions>
      </trkpt>
      <trkpt lat="24.472095184028148651123046875" lon="118.1502087414264678955078125">
        <ele>81.59999847412109375</ele>
        <time>2026-06-15T09:28:27.000Z</time>
        <extensions>
          <ns3:TrackPointExtension>
            <ns3:hr>88</ns3:hr>
            <ns3:cad>0</ns3:cad>
          </ns3:TrackPointExtension>
        </extensions>
      </trkpt>
      <trkpt lat="24.47210197336971759796142578125" lon="118.15020530484616756439208984375">
        <ele>81.59999847412109375</ele>
        <time>2026-06-15T09:28:28.000Z</time>
        <extensions>
          <ns3:TrackPointExtension>
            <ns3:hr>88</ns3:hr>
            <ns3:cad>0</ns3:cad>
          </ns3:TrackPointExtension>
        </extensions>
      </trkpt>
      <trkpt lat="24.47210985235869884490966796875" lon="118.150199688971042633056640625">
        <ele>81.59999847412109375</ele>
        <time>2026-06-15T09:28:29.000Z</time>
        <extensions>
          <ns3:TrackPointExtension>
            <ns3:hr>88</ns3:hr>
            <ns3:cad>0</ns3:cad>
          </ns3:TrackPointExtension>
        </extensions>
      </trkpt>
      <trkpt lat="24.4721154682338237762451171875" lon="118.15019331872463226318359375">
        <ele>81.59999847412109375</ele>
        <time>2026-06-15T09:28:30.000Z</time>
        <extensions>
          <ns3:TrackPointExtension>
            <ns3:hr>88</ns3:hr>
            <ns3:cad>0</ns3:cad>
          </ns3:TrackPointExtension>
        </extensions>
      </trkpt>
      <trkpt lat="24.47212175466120243072509765625" lon="118.1501874513924121856689453125">
        <ele>81.59999847412109375</ele>
        <time>2026-06-15T09:28:31.000Z</time>
        <extensions>
          <ns3:TrackPointExtension>
            <ns3:hr>89</ns3:hr>
            <ns3:cad>0</ns3:cad>
          </ns3:TrackPointExtension>
        </extensions>
      </trkpt>
      <trkpt lat="24.47212896309792995452880859375" lon="118.15018384717404842376708984375">
        <ele>81.59999847412109375</ele>
        <time>2026-06-15T09:28:32.000Z</time>
        <extensions>
          <ns3:TrackPointExtension>
            <ns3:hr>88</ns3:hr>
            <ns3:cad>0</ns3:cad>
          </ns3:TrackPointExtension>
        </extensions>
      </trkpt>
      <trkpt lat="24.4721359200775623321533203125" lon="118.150180913507938385009765625">
        <ele>81.59999847412109375</ele>
        <time>2026-06-15T09:28:33.000Z</time>
        <extensions>
          <ns3:TrackPointExtension>
            <ns3:hr>88</ns3:hr>
            <ns3:cad>0</ns3:cad>
          </ns3:TrackPointExtension>
        </extensions>
      </trkpt>
      <trkpt lat="24.47214120067656040191650390625" lon="118.1501740403473377227783203125">
        <ele>81.40000152587890625</ele>
        <time>2026-06-15T09:28:34.000Z</time>
        <extensions>
          <ns3:TrackPointExtension>
            <ns3:hr>88</ns3:hr>
            <ns3:cad>51</ns3:cad>
          </ns3:TrackPointExtension>
        </extensions>
      </trkpt>
      <trkpt lat="24.47214673273265361785888671875" lon="118.1501686759293079376220703125">
        <ele>81.40000152587890625</ele>
        <time>2026-06-15T09:28:35.000Z</time>
        <extensions>
          <ns3:TrackPointExtension>
            <ns3:hr>89</ns3:hr>
            <ns3:cad>51</ns3:cad>
          </ns3:TrackPointExtension>
        </extensions>
      </trkpt>
      <trkpt lat="24.47214991785585880279541015625" lon="118.15016113221645355224609375">
        <ele>81.40000152587890625</ele>
        <time>2026-06-15T09:28:36.000Z</time>
        <extensions>
          <ns3:TrackPointExtension>
            <ns3:hr>89</ns3:hr>
            <ns3:cad>0</ns3:cad>
          </ns3:TrackPointExtension>
        </extensions>
      </trkpt>
      <trkpt lat="24.47215343825519084930419921875" lon="118.15015585161745548248291015625">
        <ele>81.40000152587890625</ele>
        <time>2026-06-15T09:28:37.000Z</time>
        <extensions>
          <ns3:TrackPointExtension>
            <ns3:hr>89</ns3:hr>
            <ns3:cad>0</ns3:cad>
          </ns3:TrackPointExtension>
        </extensions>
      </trkpt>
      <trkpt lat="24.47215645574033260345458984375" lon="118.15015015192329883575439453125">
        <ele>81.40000152587890625</ele>
        <time>2026-06-15T09:28:38.000Z</time>
        <extensions>
          <ns3:TrackPointExtension>
            <ns3:hr>89</ns3:hr>
            <ns3:cad>0</ns3:cad>
          </ns3:TrackPointExtension>
        </extensions>
      </trkpt>
      <trkpt lat="24.472162239253520965576171875" lon="118.15014042891561985015869140625">
        <ele>81.40000152587890625</ele>
        <time>2026-06-15T09:28:39.000Z</time>
        <extensions>
          <ns3:TrackPointExtension>
            <ns3:hr>88</ns3:hr>
            <ns3:cad>47</ns3:cad>
          </ns3:TrackPointExtension>
        </extensions>
      </trkpt>
      <trkpt lat="24.4721687771379947662353515625" lon="118.1501348130404949188232421875">
        <ele>81.59999847412109375</ele>
        <time>2026-06-15T09:28:40.000Z</time>
        <extensions>
          <ns3:TrackPointExtension>
            <ns3:hr>88</ns3:hr>
            <ns3:cad>47</ns3:cad>
          </ns3:TrackPointExtension>
        </extensions>
      </trkpt>
      <trkpt lat="24.47217422537505626678466796875" lon="118.15012970007956027984619140625">
        <ele>81.59999847412109375</ele>
        <time>2026-06-15T09:28:41.000Z</time>
        <extensions>
          <ns3:TrackPointExtension>
            <ns3:hr>88</ns3:hr>
            <ns3:cad>47</ns3:cad>
          </ns3:TrackPointExtension>
        </extensions>
      </trkpt>
      <trkpt lat="24.47218076325953006744384765625" lon="118.15012668259441852569580078125">
        <ele>81.59999847412109375</ele>
        <time>2026-06-15T09:28:42.000Z</time>
        <extensions>
          <ns3:TrackPointExtension>
            <ns3:hr>88</ns3:hr>
            <ns3:cad>47</ns3:cad>
          </ns3:TrackPointExtension>
        </extensions>
      </trkpt>
      <trkpt lat="24.47219031862914562225341796875" lon="118.15012366510927677154541015625">
        <ele>81.8000030517578125</ele>
        <time>2026-06-15T09:28:43.000Z</time>
        <extensions>
          <ns3:TrackPointExtension>
            <ns3:hr>88</ns3:hr>
            <ns3:cad>47</ns3:cad>
          </ns3:TrackPointExtension>
        </extensions>
      </trkpt>
      <trkpt lat="24.47220423258841037750244140625" lon="118.1501160375773906707763671875">
        <ele>82</ele>
        <time>2026-06-15T09:28:44.000Z</time>
        <extensions>
          <ns3:TrackPointExtension>
            <ns3:hr>88</ns3:hr>
            <ns3:cad>47</ns3:cad>
          </ns3:TrackPointExtension>
        </extensions>
      </trkpt>
      <trkpt lat="24.47221445851027965545654296875" lon="118.15011042170226573944091796875">
        <ele>82</ele>
        <time>2026-06-15T09:28:45.000Z</time>
        <extensions>
          <ns3:TrackPointExtension>
            <ns3:hr>89</ns3:hr>
            <ns3:cad>47</ns3:cad>
          </ns3:TrackPointExtension>
        </extensions>
      </trkpt>
      <trkpt lat="24.4722224213182926177978515625" lon="118.15010556019842624664306640625">
        <ele>82.1999969482421875</ele>
        <time>2026-06-15T09:28:46.000Z</time>
        <extensions>
          <ns3:TrackPointExtension>
            <ns3:hr>90</ns3:hr>
            <ns3:cad>47</ns3:cad>
          </ns3:TrackPointExtension>
        </extensions>
      </trkpt>
      <trkpt lat="24.47223423980176448822021484375" lon="118.15010036341845989227294921875">
        <ele>82.1999969482421875</ele>
        <time>2026-06-15T09:28:47.000Z</time>
        <extensions>
          <ns3:TrackPointExtension>
            <ns3:hr>91</ns3:hr>
            <ns3:cad>47</ns3:cad>
          </ns3:TrackPointExtension>
        </extensions>
      </trkpt>
      <trkpt lat="24.472245387732982635498046875" lon="118.1500949151813983917236328125">
        <ele>82.1999969482421875</ele>
        <time>2026-06-15T09:28:48.000Z</time>
        <extensions>
          <ns3:TrackPointExtension>
            <ns3:hr>91</ns3:hr>
            <ns3:cad>0</ns3:cad>
          </ns3:TrackPointExtension>
        </extensions>
      </trkpt>
      <trkpt lat="24.47225636802613735198974609375" lon="118.15008913166821002960205078125">
        <ele>82</ele>
        <time>2026-06-15T09:28:49.000Z</time>
        <extensions>
          <ns3:TrackPointExtension>
            <ns3:hr>92</ns3:hr>
            <ns3:cad>0</ns3:cad>
          </ns3:TrackPointExtension>
        </extensions>
      </trkpt>
      <trkpt lat="24.47226642630994319915771484375" lon="118.15008242614567279815673828125">
        <ele>82</ele>
        <time>2026-06-15T09:28:50.000Z</time>
        <extensions>
          <ns3:TrackPointExtension>
            <ns3:hr>92</ns3:hr>
            <ns3:cad>0</ns3:cad>
          </ns3:TrackPointExtension>
        </extensions>
      </trkpt>
      <trkpt lat="24.4722737185657024383544921875" lon="118.15007722936570644378662109375">
        <ele>81.8000030517578125</ele>
        <time>2026-06-15T09:28:51.000Z</time>
        <extensions>
          <ns3:TrackPointExtension>
            <ns3:hr>91</ns3:hr>
            <ns3:cad>0</ns3:cad>
          </ns3:TrackPointExtension>
        </extensions>
      </trkpt>
      <trkpt lat="24.4722817651927471160888671875" lon="118.1500707753002643585205078125">
        <ele>81.8000030517578125</ele>
        <time>2026-06-15T09:28:52.000Z</time>
        <extensions>
          <ns3:TrackPointExtension>
            <ns3:hr>91</ns3:hr>
            <ns3:cad>0</ns3:cad>
          </ns3:TrackPointExtension>
        </extensions>
      </trkpt>
      <trkpt lat="24.472290314733982086181640625" lon="118.150063566863536834716796875">
        <ele>81.59999847412109375</ele>
        <time>2026-06-15T09:28:53.000Z</time>
        <extensions>
          <ns3:TrackPointExtension>
            <ns3:hr>91</ns3:hr>
            <ns3:cad>0</ns3:cad>
          </ns3:TrackPointExtension>
        </extensions>
      </trkpt>
      <trkpt lat="24.4722955115139484405517578125" lon="118.15005744807422161102294921875">
        <ele>81.40000152587890625</ele>
        <time>2026-06-15T09:28:54.000Z</time>
        <extensions>
          <ns3:TrackPointExtension>
            <ns3:hr>90</ns3:hr>
            <ns3:cad>53</ns3:cad>
          </ns3:TrackPointExtension>
        </extensions>
      </trkpt>
      <trkpt lat="24.472298361361026763916015625" lon="118.1500533409416675567626953125">
        <ele>81.40000152587890625</ele>
        <time>2026-06-15T09:28:55.000Z</time>
        <extensions>
          <ns3:TrackPointExtension>
            <ns3:hr>90</ns3:hr>
            <ns3:cad>53</ns3:cad>
          </ns3:TrackPointExtension>
        </extensions>
      </trkpt>
      <trkpt lat="24.4723042286932468414306640625" lon="118.15004873089492321014404296875">
        <ele>81.59999847412109375</ele>
        <time>2026-06-15T09:28:56.000Z</time>
        <extensions>
          <ns3:TrackPointExtension>
            <ns3:hr>90</ns3:hr>
            <ns3:cad>53</ns3:cad>
          </ns3:TrackPointExtension>
        </extensions>
      </trkpt>
      <trkpt lat="24.4723085872828960418701171875" lon="118.1500432826578617095947265625">
        <ele>81.8000030517578125</ele>
        <time>2026-06-15T09:28:57.000Z</time>
        <extensions>
          <ns3:TrackPointExtension>
            <ns3:hr>90</ns3:hr>
            <ns3:cad>53</ns3:cad>
          </ns3:TrackPointExtension>
        </extensions>
      </trkpt>
      <trkpt lat="24.4723122753202915191650390625" lon="118.15003749914467334747314453125">
        <ele>82</ele>
        <time>2026-06-15T09:28:58.000Z</time>
        <extensions>
          <ns3:TrackPointExtension>
            <ns3:hr>89</ns3:hr>
            <ns3:cad>53</ns3:cad>
          </ns3:TrackPointExtension>
        </extensions>
      </trkpt>
      <trkpt lat="24.4723152928054332733154296875" lon="118.15002970397472381591796875">
        <ele>82</ele>
        <time>2026-06-15T09:28:59.000Z</time>
        <extensions>
          <ns3:TrackPointExtension>
            <ns3:hr>90</ns3:hr>
            <ns3:cad>53</ns3:cad>
          </ns3:TrackPointExtension>
        </extensions>
      </trkpt>
      <trkpt lat="24.47231587953865528106689453125" lon="118.15001872368156909942626953125">
        <ele>81.8000030517578125</ele>
        <time>2026-06-15T09:29:00.000Z</time>
        <extensions>
          <ns3:TrackPointExtension>
            <ns3:hr>90</ns3:hr>
            <ns3:cad>53</ns3:cad>
          </ns3:TrackPointExtension>
        </extensions>
      </trkpt>
      <trkpt lat="24.472314454615116119384765625" lon="118.15000690519809722900390625">
        <ele>81.8000030517578125</ele>
        <time>2026-06-15T09:29:01.000Z</time>
        <extensions>
          <ns3:TrackPointExtension>
            <ns3:hr>90</ns3:hr>
            <ns3:cad>53</ns3:cad>
          </ns3:TrackPointExtension>
        </extensions>
      </trkpt>
      <trkpt lat="24.4723156280815601348876953125" lon="118.1499909795820713043212890625">
        <ele>81.59999847412109375</ele>
        <time>2026-06-15T09:29:02.000Z</time>
        <extensions>
          <ns3:TrackPointExtension>
            <ns3:hr>90</ns3:hr>
            <ns3:cad>0</ns3:cad>
          </ns3:TrackPointExtension>
        </extensions>
      </trkpt>
      <trkpt lat="24.47231671772897243499755859375" lon="118.1499789096415042877197265625">
        <ele>81.40000152587890625</ele>
        <time>2026-06-15T09:29:03.000Z</time>
        <extensions>
          <ns3:TrackPointExtension>
            <ns3:hr>90</ns3:hr>
            <ns3:cad>0</ns3:cad>
          </ns3:TrackPointExtension>
        </extensions>
      </trkpt>
      <trkpt lat="24.47231923229992389678955078125" lon="118.14996843226253986358642578125">
        <ele>81.1999969482421875</ele>
        <time>2026-06-15T09:29:04.000Z</time>
        <extensions>
          <ns3:TrackPointExtension>
            <ns3:hr>90</ns3:hr>
            <ns3:cad>54</ns3:cad>
          </ns3:TrackPointExtension>
        </extensions>
      </trkpt>
      <trkpt lat="24.47232074104249477386474609375" lon="118.14996038563549518585205078125">
        <ele>81</ele>
        <time>2026-06-15T09:29:05.000Z</time>
        <extensions>
          <ns3:TrackPointExtension>
            <ns3:hr>91</ns3:hr>
            <ns3:cad>54</ns3:cad>
          </ns3:TrackPointExtension>
        </extensions>
      </trkpt>
      <trkpt lat="24.4723236747086048126220703125" lon="118.14995317719876766204833984375">
        <ele>80.8000030517578125</ele>
        <time>2026-06-15T09:29:06.000Z</time>
        <extensions>
          <ns3:TrackPointExtension>
            <ns3:hr>91</ns3:hr>
            <ns3:cad>55</ns3:cad>
          </ns3:TrackPointExtension>
        </extensions>
      </trkpt>
      <trkpt lat="24.4723270274698734283447265625" lon="118.14994915388524532318115234375">
        <ele>80.59999847412109375</ele>
        <time>2026-06-15T09:29:07.000Z</time>
        <extensions>
          <ns3:TrackPointExtension>
            <ns3:hr>91</ns3:hr>
            <ns3:cad>55</ns3:cad>
          </ns3:TrackPointExtension>
        </extensions>
      </trkpt>
      <trkpt lat="24.4723310507833957672119140625" lon="118.1499473936855792999267578125">
        <ele>80.40000152587890625</ele>
        <time>2026-06-15T09:29:08.000Z</time>
        <extensions>
          <ns3:TrackPointExtension>
            <ns3:hr>92</ns3:hr>
            <ns3:cad>56</ns3:cad>
          </ns3:TrackPointExtension>
        </extensions>
      </trkpt>
      <trkpt lat="24.47233599610626697540283203125" lon="118.14994244836270809173583984375">
        <ele>80.1999969482421875</ele>
        <time>2026-06-15T09:29:09.000Z</time>
        <extensions>
          <ns3:TrackPointExtension>
            <ns3:hr>91</ns3:hr>
            <ns3:cad>57</ns3:cad>
          </ns3:TrackPointExtension>
        </extensions>
      </trkpt>
      <trkpt lat="24.47234027087688446044921875" lon="118.14993775449693202972412109375">
        <ele>80</ele>
        <time>2026-06-15T09:29:10.000Z</time>
        <extensions>
          <ns3:TrackPointExtension>
            <ns3:hr>91</ns3:hr>
            <ns3:cad>57</ns3:cad>
          </ns3:TrackPointExtension>
        </extensions>
      </trkpt>
      <trkpt lat="24.47234437800943851470947265625" lon="118.149931468069553375244140625">
        <ele>79.59999847412109375</ele>
        <time>2026-06-15T09:29:11.000Z</time>
        <extensions>
          <ns3:TrackPointExtension>
            <ns3:hr>91</ns3:hr>
            <ns3:cad>57</ns3:cad>
          </ns3:TrackPointExtension>
        </extensions>
      </trkpt>
      <trkpt lat="24.472349323332309722900390625" lon="118.149924762547016143798828125">
        <ele>79.40000152587890625</ele>
        <time>2026-06-15T09:29:12.000Z</time>
        <extensions>
          <ns3:TrackPointExtension>
            <ns3:hr>92</ns3:hr>
            <ns3:cad>57</ns3:cad>
          </ns3:TrackPointExtension>
        </extensions>
      </trkpt>
      <trkpt lat="24.47235426865518093109130859375" lon="118.14992032013833522796630859375">
        <ele>79</ele>
        <time>2026-06-15T09:29:13.000Z</time>
        <extensions>
          <ns3:TrackPointExtension>
            <ns3:hr>92</ns3:hr>
            <ns3:cad>57</ns3:cad>
          </ns3:TrackPointExtension>
        </extensions>
      </trkpt>
      <trkpt lat="24.4723595492541790008544921875" lon="118.1499163806438446044921875">
        <ele>78.59999847412109375</ele>
        <time>2026-06-15T09:29:14.000Z</time>
        <extensions>
          <ns3:TrackPointExtension>
            <ns3:hr>92</ns3:hr>
            <ns3:cad>62</ns3:cad>
          </ns3:TrackPointExtension>
        </extensions>
      </trkpt>
      <trkpt lat="24.47236851789057254791259765625" lon="118.14991160295903682708740234375">
        <ele>78.1999969482421875</ele>
        <time>2026-06-15T09:29:15.000Z</time>
        <extensions>
          <ns3:TrackPointExtension>
            <ns3:hr>92</ns3:hr>
            <ns3:cad>62</ns3:cad>
          </ns3:TrackPointExtension>
        </extensions>
      </trkpt>
      <trkpt lat="24.47237991727888584136962890625" lon="118.14990632236003875732421875">
        <ele>78</ele>
        <time>2026-06-15T09:29:16.000Z</time>
        <extensions>
          <ns3:TrackPointExtension>
            <ns3:hr>93</ns3:hr>
            <ns3:cad>61</ns3:cad>
          </ns3:TrackPointExtension>
        </extensions>
      </trkpt>
      <trkpt lat="24.472392238676548004150390625" lon="118.14990104176104068756103515625">
        <ele>77.8000030517578125</ele>
        <time>2026-06-15T09:29:17.000Z</time>
        <extensions>
          <ns3:TrackPointExtension>
            <ns3:hr>93</ns3:hr>
            <ns3:cad>61</ns3:cad>
          </ns3:TrackPointExtension>
        </extensions>
      </trkpt>
      <trkpt lat="24.47240187786519527435302734375" lon="118.14989559352397918701171875">
        <ele>77.8000030517578125</ele>
        <time>2026-06-15T09:29:18.000Z</time>
        <extensions>
          <ns3:TrackPointExtension>
            <ns3:hr>94</ns3:hr>
            <ns3:cad>61</ns3:cad>
          </ns3:TrackPointExtension>
        </extensions>
      </trkpt>
      <trkpt lat="24.47241260670125484466552734375" lon="118.14988913945853710174560546875">
        <ele>77.59999847412109375</ele>
        <time>2026-06-15T09:29:19.000Z</time>
        <extensions>
          <ns3:TrackPointExtension>
            <ns3:hr>94</ns3:hr>
            <ns3:cad>61</ns3:cad>
          </ns3:TrackPointExtension>
        </extensions>
      </trkpt>
      <trkpt lat="24.4724205695092678070068359375" lon="118.14988310448825359344482421875">
        <ele>77.59999847412109375</ele>
        <time>2026-06-15T09:29:20.000Z</time>
        <extensions>
          <ns3:TrackPointExtension>
            <ns3:hr>94</ns3:hr>
            <ns3:cad>61</ns3:cad>
          </ns3:TrackPointExtension>
        </extensions>
      </trkpt>
      <trkpt lat="24.47243138216435909271240234375" lon="118.14987690187990665435791015625">
        <ele>77.59999847412109375</ele>
        <time>2026-06-15T09:29:21.000Z</time>
        <extensions>
          <ns3:TrackPointExtension>
            <ns3:hr>94</ns3:hr>
            <ns3:cad>57</ns3:cad>
          </ns3:TrackPointExtension>
        </extensions>
      </trkpt>
      <trkpt lat="24.472441859543323516845703125" lon="118.14987136982381343841552734375">
        <ele>77.40000152587890625</ele>
        <time>2026-06-15T09:29:22.000Z</time>
        <extensions>
          <ns3:TrackPointExtension>
            <ns3:hr>94</ns3:hr>
            <ns3:cad>57</ns3:cad>
          </ns3:TrackPointExtension>
        </extensions>
      </trkpt>
      <trkpt lat="24.4724514149129390716552734375" lon="118.1498672626912593841552734375">
        <ele>77.40000152587890625</ele>
        <time>2026-06-15T09:29:23.000Z</time>
        <extensions>
          <ns3:TrackPointExtension>
            <ns3:hr>94</ns3:hr>
            <ns3:cad>57</ns3:cad>
          </ns3:TrackPointExtension>
        </extensions>
      </trkpt>
      <trkpt lat="24.47245954535901546478271484375" lon="118.149864412844181060791015625">
        <ele>77.40000152587890625</ele>
        <time>2026-06-15T09:29:24.000Z</time>
        <extensions>
          <ns3:TrackPointExtension>
            <ns3:hr>93</ns3:hr>
            <ns3:cad>57</ns3:cad>
          </ns3:TrackPointExtension>
        </extensions>
      </trkpt>
      <trkpt lat="24.47246901690959930419921875" lon="118.14985938370227813720703125">
        <ele>77.40000152587890625</ele>
        <time>2026-06-15T09:29:25.000Z</time>
        <extensions>
          <ns3:TrackPointExtension>
            <ns3:hr>93</ns3:hr>
            <ns3:cad>57</ns3:cad>
          </ns3:TrackPointExtension>
        </extensions>
      </trkpt>
      <trkpt lat="24.472483433783054351806640625" lon="118.1498538516461849212646484375">
        <ele>77.40000152587890625</ele>
        <time>2026-06-15T09:29:26.000Z</time>
        <extensions>
          <ns3:TrackPointExtension>
            <ns3:hr>90</ns3:hr>
            <ns3:cad>57</ns3:cad>
          </ns3:TrackPointExtension>
        </extensions>
      </trkpt>
      <trkpt lat="24.47249491699039936065673828125" lon="118.14984873868525028228759765625">
        <ele>77.59999847412109375</ele>
        <time>2026-06-15T09:29:27.000Z</time>
        <extensions>
          <ns3:TrackPointExtension>
            <ns3:hr>89</ns3:hr>
            <ns3:cad>57</ns3:cad>
          </ns3:TrackPointExtension>
        </extensions>
      </trkpt>
      <trkpt lat="24.47250363416969776153564453125" lon="118.149845637381076812744140625">
        <ele>77.59999847412109375</ele>
        <time>2026-06-15T09:29:28.000Z</time>
        <extensions>
          <ns3:TrackPointExtension>
            <ns3:hr>88</ns3:hr>
            <ns3:cad>57</ns3:cad>
          </ns3:TrackPointExtension>
        </extensions>
      </trkpt>
      <trkpt lat="24.472514279186725616455078125" lon="118.1498411111533641815185546875">
        <ele>77.8000030517578125</ele>
        <time>2026-06-15T09:29:29.000Z</time>
        <extensions>
          <ns3:TrackPointExtension>
            <ns3:hr>87</ns3:hr>
            <ns3:cad>57</ns3:cad>
          </ns3:TrackPointExtension>
        </extensions>
      </trkpt>
      <trkpt lat="24.47252609767019748687744140625" lon="118.14983868040144443511962890625">
        <ele>77.8000030517578125</ele>
        <time>2026-06-15T09:29:30.000Z</time>
        <extensions>
          <ns3:TrackPointExtension>
            <ns3:hr>86</ns3:hr>
            <ns3:cad>50</ns3:cad>
          </ns3:TrackPointExtension>
        </extensions>
      </trkpt>
      <trkpt lat="24.47253531776368618011474609375" lon="118.14983599819242954254150390625">
        <ele>78</ele>
        <time>2026-06-15T09:29:31.000Z</time>
        <extensions>
          <ns3:TrackPointExtension>
            <ns3:hr>85</ns3:hr>
            <ns3:cad>50</ns3:cad>
          </ns3:TrackPointExtension>
        </extensions>
      </trkpt>
      <trkpt lat="24.47254034690558910369873046875" lon="118.14983566291630268096923828125">
        <ele>78.1999969482421875</ele>
        <time>2026-06-15T09:29:32.000Z</time>
        <extensions>
          <ns3:TrackPointExtension>
            <ns3:hr>85</ns3:hr>
            <ns3:cad>50</ns3:cad>
          </ns3:TrackPointExtension>
        </extensions>
      </trkpt>
      <trkpt lat="24.47255023755133152008056640625" lon="118.14983465708792209625244140625">
        <ele>78.1999969482421875</ele>
        <time>2026-06-15T09:29:33.000Z</time>
        <extensions>
          <ns3:TrackPointExtension>
            <ns3:hr>84</ns3:hr>
            <ns3:cad>50</ns3:cad>
          </ns3:TrackPointExtension>
        </extensions>
      </trkpt>
      <trkpt lat="24.4725576974451541900634765625" lon="118.14983448944985866546630859375">
        <ele>78.1999969482421875</ele>
        <time>2026-06-15T09:29:34.000Z</time>
        <extensions>
          <ns3:TrackPointExtension>
            <ns3:hr>84</ns3:hr>
            <ns3:cad>45</ns3:cad>
          </ns3:TrackPointExtension>
        </extensions>
      </trkpt>
      <trkpt lat="24.47256716899573802947998046875" lon="118.14983365125954151153564453125">
        <ele>78.1999969482421875</ele>
        <time>2026-06-15T09:29:35.000Z</time>
        <extensions>
          <ns3:TrackPointExtension>
            <ns3:hr>83</ns3:hr>
            <ns3:cad>0</ns3:cad>
          </ns3:TrackPointExtension>
        </extensions>
      </trkpt>
      <trkpt lat="24.472574293613433837890625" lon="118.14983264543116092681884765625">
        <ele>78</ele>
        <time>2026-06-15T09:29:36.000Z</time>
        <extensions>
          <ns3:TrackPointExtension>
            <ns3:hr>83</ns3:hr>
            <ns3:cad>0</ns3:cad>
          </ns3:TrackPointExtension>
        </extensions>
      </trkpt>
      <trkpt lat="24.47258460335433483123779296875" lon="118.14983314834535121917724609375">
        <ele>78</ele>
        <time>2026-06-15T09:29:37.000Z</time>
        <extensions>
          <ns3:TrackPointExtension>
            <ns3:hr>81</ns3:hr>
            <ns3:cad>0</ns3:cad>
          </ns3:TrackPointExtension>
        </extensions>
      </trkpt>
      <trkpt lat="24.47259415872395038604736328125" lon="118.1498332321643829345703125">
        <ele>77.8000030517578125</ele>
        <time>2026-06-15T09:29:38.000Z</time>
        <extensions>
          <ns3:TrackPointExtension>
            <ns3:hr>81</ns3:hr>
            <ns3:cad>0</ns3:cad>
          </ns3:TrackPointExtension>
        </extensions>
      </trkpt>
      <trkpt lat="24.4726053066551685333251953125" lon="118.14983180724084377288818359375">
        <ele>77.8000030517578125</ele>
        <time>2026-06-15T09:29:39.000Z</time>
        <extensions>
          <ns3:TrackPointExtension>
            <ns3:hr>81</ns3:hr>
            <ns3:cad>0</ns3:cad>
          </ns3:TrackPointExtension>
        </extensions>
      </trkpt>
      <trkpt lat="24.47261192835867404937744140625" lon="118.149828203022480010986328125">
        <ele>77.8000030517578125</ele>
        <time>2026-06-15T09:29:40.000Z</time>
        <extensions>
          <ns3:TrackPointExtension>
            <ns3:hr>81</ns3:hr>
            <ns3:cad>0</ns3:cad>
          </ns3:TrackPointExtension>
        </extensions>
      </trkpt>
      <trkpt lat="24.472617544233798980712890625" lon="118.1498256884515285491943359375">
        <ele>77.8000030517578125</ele>
        <time>2026-06-15T09:29:41.000Z</time>
        <extensions>
          <ns3:TrackPointExtension>
            <ns3:hr>80</ns3:hr>
            <ns3:cad>0</ns3:cad>
          </ns3:TrackPointExtension>
        </extensions>
      </trkpt>
      <trkpt lat="24.47262550704181194305419921875" lon="118.149821497499942779541015625">
        <ele>77.59999847412109375</ele>
        <time>2026-06-15T09:29:42.000Z</time>
        <extensions>
          <ns3:TrackPointExtension>
            <ns3:hr>81</ns3:hr>
            <ns3:cad>56</ns3:cad>
          </ns3:TrackPointExtension>
        </extensions>
      </trkpt>
      <trkpt lat="24.47262860834598541259765625" lon="118.1498166359961032867431640625">
        <ele>77.59999847412109375</ele>
        <time>2026-06-15T09:29:43.000Z</time>
        <extensions>
          <ns3:TrackPointExtension>
            <ns3:hr>81</ns3:hr>
            <ns3:cad>56</ns3:cad>
          </ns3:TrackPointExtension>
        </extensions>
      </trkpt>
      <trkpt lat="24.47263523004949092864990234375" lon="118.149810098111629486083984375">
        <ele>77.59999847412109375</ele>
        <time>2026-06-15T09:29:44.000Z</time>
        <extensions>
          <ns3:TrackPointExtension>
            <ns3:hr>81</ns3:hr>
            <ns3:cad>56</ns3:cad>
          </ns3:TrackPointExtension>
        </extensions>
      </trkpt>
      <trkpt lat="24.47264445014297962188720703125" lon="118.1498042307794094085693359375">
        <ele>77.59999847412109375</ele>
        <time>2026-06-15T09:29:45.000Z</time>
        <extensions>
          <ns3:TrackPointExtension>
            <ns3:hr>80</ns3:hr>
            <ns3:cad>56</ns3:cad>
          </ns3:TrackPointExtension>
        </extensions>
      </trkpt>
      <trkpt lat="24.4726502336561679840087890625" lon="118.14979844726622104644775390625">
        <ele>77.59999847412109375</ele>
        <time>2026-06-15T09:29:46.000Z</time>
        <extensions>
          <ns3:TrackPointExtension>
            <ns3:hr>81</ns3:hr>
            <ns3:cad>56</ns3:cad>
          </ns3:TrackPointExtension>
        </extensions>
      </trkpt>
      <trkpt lat="24.4726572744548320770263671875" lon="118.149792663753032684326171875">
        <ele>77.59999847412109375</ele>
        <time>2026-06-15T09:29:47.000Z</time>
        <extensions>
          <ns3:TrackPointExtension>
            <ns3:hr>81</ns3:hr>
            <ns3:cad>61</ns3:cad>
          </ns3:TrackPointExtension>
        </extensions>
      </trkpt>
      <trkpt lat="24.4726666621863842010498046875" lon="118.14979006536304950714111328125">
        <ele>77.59999847412109375</ele>
        <time>2026-06-15T09:29:48.000Z</time>
        <extensions>
          <ns3:TrackPointExtension>
            <ns3:hr>81</ns3:hr>
            <ns3:cad>61</ns3:cad>
          </ns3:TrackPointExtension>
        </extensions>
      </trkpt>
      <trkpt lat="24.472673200070858001708984375" lon="118.1497876346111297607421875">
        <ele>77.59999847412109375</ele>
        <time>2026-06-15T09:29:49.000Z</time>
        <extensions>
          <ns3:TrackPointExtension>
            <ns3:hr>82</ns3:hr>
            <ns3:cad>61</ns3:cad>
          </ns3:TrackPointExtension>
        </extensions>
      </trkpt>
      <trkpt lat="24.47268669493496417999267578125" lon="118.149780929088592529296875">
        <ele>77.40000152587890625</ele>
        <time>2026-06-15T09:29:50.000Z</time>
        <extensions>
          <ns3:TrackPointExtension>
            <ns3:hr>83</ns3:hr>
            <ns3:cad>61</ns3:cad>
          </ns3:TrackPointExtension>
        </extensions>
      </trkpt>
      <trkpt lat="24.4726971723139286041259765625" lon="118.14977833069860935211181640625">
        <ele>77.1999969482421875</ele>
        <time>2026-06-15T09:29:51.000Z</time>
        <extensions>
          <ns3:TrackPointExtension>
            <ns3:hr>84</ns3:hr>
            <ns3:cad>58</ns3:cad>
          </ns3:TrackPointExtension>
        </extensions>
      </trkpt>
      <trkpt lat="24.4727095775306224822998046875" lon="118.1497747264802455902099609375">
        <ele>77.1999969482421875</ele>
        <time>2026-06-15T09:29:52.000Z</time>
        <extensions>
          <ns3:TrackPointExtension>
            <ns3:hr>84</ns3:hr>
            <ns3:cad>57</ns3:cad>
          </ns3:TrackPointExtension>
        </extensions>
      </trkpt>
      <trkpt lat="24.47272290475666522979736328125" lon="118.1497707031667232513427734375">
        <ele>77</ele>
        <time>2026-06-15T09:29:53.000Z</time>
        <extensions>
          <ns3:TrackPointExtension>
            <ns3:hr>85</ns3:hr>
            <ns3:cad>56</ns3:cad>
          </ns3:TrackPointExtension>
        </extensions>
      </trkpt>
      <trkpt lat="24.4727323763072490692138671875" lon="118.149770200252532958984375">
        <ele>77</ele>
        <time>2026-06-15T09:29:54.000Z</time>
        <extensions>
          <ns3:TrackPointExtension>
            <ns3:hr>85</ns3:hr>
            <ns3:cad>56</ns3:cad>
          </ns3:TrackPointExtension>
        </extensions>
      </trkpt>
      <trkpt lat="24.472742266952991485595703125" lon="118.149769864976406097412109375">
        <ele>76.8000030517578125</ele>
        <time>2026-06-15T09:29:55.000Z</time>
        <extensions>
          <ns3:TrackPointExtension>
            <ns3:hr>85</ns3:hr>
            <ns3:cad>56</ns3:cad>
          </ns3:TrackPointExtension>
        </extensions>
      </trkpt>
      <trkpt lat="24.472755007445812225341796875" lon="118.149769194424152374267578125">
        <ele>76.8000030517578125</ele>
        <time>2026-06-15T09:29:56.000Z</time>
        <extensions>
          <ns3:TrackPointExtension>
            <ns3:hr>85</ns3:hr>
            <ns3:cad>56</ns3:cad>
          </ns3:TrackPointExtension>
        </extensions>
      </trkpt>
      <trkpt lat="24.4727647304534912109375" lon="118.14977145753800868988037109375">
        <ele>76.8000030517578125</ele>
        <time>2026-06-15T09:29:57.000Z</time>
        <extensions>
          <ns3:TrackPointExtension>
            <ns3:hr>85</ns3:hr>
            <ns3:cad>56</ns3:cad>
          </ns3:TrackPointExtension>
        </extensions>
      </trkpt>
      <trkpt lat="24.47277545928955078125" lon="118.1497728824615478515625">
        <ele>76.59999847412109375</ele>
        <time>2026-06-15T09:29:58.000Z</time>
        <extensions>
          <ns3:TrackPointExtension>
            <ns3:hr>86</ns3:hr>
            <ns3:cad>57</ns3:cad>
          </ns3:TrackPointExtension>
        </extensions>
      </trkpt>
      <trkpt lat="24.47278761304914951324462890625" lon="118.1497742235660552978515625">
        <ele>76.59999847412109375</ele>
        <time>2026-06-15T09:29:59.000Z</time>
        <extensions>
          <ns3:TrackPointExtension>
            <ns3:hr>85</ns3:hr>
            <ns3:cad>57</ns3:cad>
          </ns3:TrackPointExtension>
        </extensions>
      </trkpt>
      <trkpt lat="24.47279616259038448333740234375" lon="118.14977447502315044403076171875">
        <ele>76.59999847412109375</ele>
        <time>2026-06-15T09:30:00.000Z</time>
        <extensions>
          <ns3:TrackPointExtension>
            <ns3:hr>84</ns3:hr>
            <ns3:cad>57</ns3:cad>
          </ns3:TrackPointExtension>
        </extensions>
      </trkpt>
      <trkpt lat="24.472809322178363800048828125" lon="118.1497753970324993133544921875">
        <ele>76.40000152587890625</ele>
        <time>2026-06-15T09:30:01.000Z</time>
        <extensions>
          <ns3:TrackPointExtension>
            <ns3:hr>84</ns3:hr>
            <ns3:cad>57</ns3:cad>
          </ns3:TrackPointExtension>
        </extensions>
      </trkpt>
      <trkpt lat="24.472823403775691986083984375" lon="118.1497743912041187286376953125">
        <ele>76.40000152587890625</ele>
        <time>2026-06-15T09:30:02.000Z</time>
        <extensions>
          <ns3:TrackPointExtension>
            <ns3:hr>84</ns3:hr>
            <ns3:cad>57</ns3:cad>
          </ns3:TrackPointExtension>
        </extensions>
      </trkpt>
      <trkpt lat="24.4728339649736881256103515625" lon="118.149771876633167266845703125">
        <ele>76.40000152587890625</ele>
        <time>2026-06-15T09:30:03.000Z</time>
        <extensions>
          <ns3:TrackPointExtension>
            <ns3:hr>82</ns3:hr>
            <ns3:cad>57</ns3:cad>
          </ns3:TrackPointExtension>
        </extensions>
      </trkpt>
      <trkpt lat="24.472840167582035064697265625" lon="118.14976559020578861236572265625">
        <ele>76.1999969482421875</ele>
        <time>2026-06-15T09:30:04.000Z</time>
        <extensions>
          <ns3:TrackPointExtension>
            <ns3:hr>82</ns3:hr>
            <ns3:cad>56</ns3:cad>
          </ns3:TrackPointExtension>
        </extensions>
      </trkpt>
      <trkpt lat="24.472844861447811126708984375" lon="118.14975670538842678070068359375">
        <ele>76.1999969482421875</ele>
        <time>2026-06-15T09:30:05.000Z</time>
        <extensions>
          <ns3:TrackPointExtension>
            <ns3:hr>81</ns3:hr>
            <ns3:cad>55</ns3:cad>
          </ns3:TrackPointExtension>
        </extensions>
      </trkpt>
      <trkpt lat="24.4728503935039043426513671875" lon="118.14974379725754261016845703125">
        <ele>76</ele>
        <time>2026-06-15T09:30:06.000Z</time>
        <extensions>
          <ns3:TrackPointExtension>
            <ns3:hr>80</ns3:hr>
            <ns3:cad>51</ns3:cad>
          </ns3:TrackPointExtension>
        </extensions>
      </trkpt>
      <trkpt lat="24.4728544168174266815185546875" lon="118.1497334875166416168212890625">
        <ele>75.8000030517578125</ele>
        <time>2026-06-15T09:30:07.000Z</time>
        <extensions>
          <ns3:TrackPointExtension>
            <ns3:hr>80</ns3:hr>
            <ns3:cad>51</ns3:cad>
          </ns3:TrackPointExtension>
        </extensions>
      </trkpt>
      <trkpt lat="24.4728604517877101898193359375" lon="118.14971999265253543853759765625">
        <ele>75.8000030517578125</ele>
        <time>2026-06-15T09:30:08.000Z</time>
        <extensions>
          <ns3:TrackPointExtension>
            <ns3:hr>80</ns3:hr>
            <ns3:cad>51</ns3:cad>
          </ns3:TrackPointExtension>
        </extensions>
      </trkpt>
      <trkpt lat="24.47286464273929595947265625" lon="118.1497096829116344451904296875">
        <ele>75.59999847412109375</ele>
        <time>2026-06-15T09:30:09.000Z</time>
        <extensions>
          <ns3:TrackPointExtension>
            <ns3:hr>80</ns3:hr>
            <ns3:cad>51</ns3:cad>
          </ns3:TrackPointExtension>
        </extensions>
      </trkpt>
      <trkpt lat="24.47287143208086490631103515625" lon="118.149703480303287506103515625">
        <ele>75.40000152587890625</ele>
        <time>2026-06-15T09:30:10.000Z</time>
        <extensions>
          <ns3:TrackPointExtension>
            <ns3:hr>81</ns3:hr>
            <ns3:cad>51</ns3:cad>
          </ns3:TrackPointExtension>
        </extensions>
      </trkpt>
      <trkpt lat="24.4728795625269412994384765625" lon="118.1496939249336719512939453125">
        <ele>75.1999969482421875</ele>
        <time>2026-06-15T09:30:11.000Z</time>
        <extensions>
          <ns3:TrackPointExtension>
            <ns3:hr>82</ns3:hr>
            <ns3:cad>60</ns3:cad>
          </ns3:TrackPointExtension>
        </extensions>
      </trkpt>
      <trkpt lat="24.4728882797062397003173828125" lon="118.14969065599143505096435546875">
        <ele>75</ele>
        <time>2026-06-15T09:30:12.000Z</time>
        <extensions>
          <ns3:TrackPointExtension>
            <ns3:hr>83</ns3:hr>
            <ns3:cad>60</ns3:cad>
          </ns3:TrackPointExtension>
        </extensions>
      </trkpt>
      <trkpt lat="24.47289674542844295501708984375" lon="118.14968713559210300445556640625">
        <ele>74.8000030517578125</ele>
        <time>2026-06-15T09:30:13.000Z</time>
        <extensions>
          <ns3:TrackPointExtension>
            <ns3:hr>83</ns3:hr>
            <ns3:cad>60</ns3:cad>
          </ns3:TrackPointExtension>
        </extensions>
      </trkpt>
      <trkpt lat="24.47290646843612194061279296875" lon="118.1496852077543735504150390625">
        <ele>74.59999847412109375</ele>
        <time>2026-06-15T09:30:14.000Z</time>
        <extensions>
          <ns3:TrackPointExtension>
            <ns3:hr>84</ns3:hr>
            <ns3:cad>60</ns3:cad>
          </ns3:TrackPointExtension>
        </extensions>
      </trkpt>
      <trkpt lat="24.4729151017963886260986328125" lon="118.149684034287929534912109375">
        <ele>74.40000152587890625</ele>
        <time>2026-06-15T09:30:15.000Z</time>
        <extensions>
          <ns3:TrackPointExtension>
            <ns3:hr>85</ns3:hr>
            <ns3:cad>60</ns3:cad>
          </ns3:TrackPointExtension>
        </extensions>
      </trkpt>
      <trkpt lat="24.47292541153728961944580078125" lon="118.1496808491647243499755859375">
        <ele>74.40000152587890625</ele>
        <time>2026-06-15T09:30:16.000Z</time>
        <extensions>
          <ns3:TrackPointExtension>
            <ns3:hr>87</ns3:hr>
            <ns3:cad>56</ns3:cad>
          </ns3:TrackPointExtension>
        </extensions>
      </trkpt>
      <trkpt lat="24.47293748147785663604736328125" lon="118.14967405982315540313720703125">
        <ele>74.40000152587890625</ele>
        <time>2026-06-15T09:30:17.000Z</time>
        <extensions>
          <ns3:TrackPointExtension>
            <ns3:hr>87</ns3:hr>
            <ns3:cad>55</ns3:cad>
          </ns3:TrackPointExtension>
        </extensions>
      </trkpt>
      <trkpt lat="24.47294351644814014434814453125" lon="118.149666599929332733154296875">
        <ele>74.40000152587890625</ele>
        <time>2026-06-15T09:30:18.000Z</time>
        <extensions>
          <ns3:TrackPointExtension>
            <ns3:hr>87</ns3:hr>
            <ns3:cad>55</ns3:cad>
          </ns3:TrackPointExtension>
        </extensions>
      </trkpt>
      <trkpt lat="24.47294653393328189849853515625" lon="118.14966358244419097900390625">
        <ele>74.1999969482421875</ele>
        <time>2026-06-15T09:30:19.000Z</time>
        <extensions>
          <ns3:TrackPointExtension>
            <ns3:hr>87</ns3:hr>
            <ns3:cad>55</ns3:cad>
          </ns3:TrackPointExtension>
        </extensions>
      </trkpt>
      <trkpt lat="24.4729529879987239837646484375" lon="118.1496593914926052093505859375">
        <ele>74.1999969482421875</ele>
        <time>2026-06-15T09:30:20.000Z</time>
        <extensions>
          <ns3:TrackPointExtension>
            <ns3:hr>87</ns3:hr>
            <ns3:cad>55</ns3:cad>
          </ns3:TrackPointExtension>
        </extensions>
      </trkpt>
      <trkpt lat="24.47295692749321460723876953125" lon="118.14965545199811458587646484375">
        <ele>74</ele>
        <time>2026-06-15T09:30:21.000Z</time>
        <extensions>
          <ns3:TrackPointExtension>
            <ns3:hr>87</ns3:hr>
            <ns3:cad>55</ns3:cad>
          </ns3:TrackPointExtension>
        </extensions>
      </trkpt>
      <trkpt lat="24.472960866987705230712890625" lon="118.1496523506939411163330078125">
        <ele>73.8000030517578125</ele>
        <time>2026-06-15T09:30:22.000Z</time>
        <extensions>
          <ns3:TrackPointExtension>
            <ns3:hr>86</ns3:hr>
            <ns3:cad>55</ns3:cad>
          </ns3:TrackPointExtension>
        </extensions>
      </trkpt>
      <trkpt lat="24.4729657284915447235107421875" lon="118.14964891411364078521728515625">
        <ele>73.59999847412109375</ele>
        <time>2026-06-15T09:30:23.000Z</time>
        <extensions>
          <ns3:TrackPointExtension>
            <ns3:hr>85</ns3:hr>
            <ns3:cad>56</ns3:cad>
          </ns3:TrackPointExtension>
        </extensions>
      </trkpt>
      <trkpt lat="24.47297251783311367034912109375" lon="118.14964338205754756927490234375">
        <ele>73.40000152587890625</ele>
        <time>2026-06-15T09:30:24.000Z</time>
        <extensions>
          <ns3:TrackPointExtension>
            <ns3:hr>84</ns3:hr>
            <ns3:cad>57</ns3:cad>
          </ns3:TrackPointExtension>
        </extensions>
      </trkpt>
      <trkpt lat="24.47297503240406513214111328125" lon="118.14964170567691326141357421875">
        <ele>73.1999969482421875</ele>
        <time>2026-06-15T09:30:25.000Z</time>
        <extensions>
          <ns3:TrackPointExtension>
            <ns3:hr>83</ns3:hr>
            <ns3:cad>58</ns3:cad>
          </ns3:TrackPointExtension>
        </extensions>
      </trkpt>
      <trkpt lat="24.47297838516533374786376953125" lon="118.14964271150529384613037109375">
        <ele>73.1999969482421875</ele>
        <time>2026-06-15T09:30:26.000Z</time>
        <extensions>
          <ns3:TrackPointExtension>
            <ns3:hr>83</ns3:hr>
            <ns3:cad>58</ns3:cad>
          </ns3:TrackPointExtension>
        </extensions>
      </trkpt>
      <trkpt lat="24.47298140265047550201416015625" lon="118.14964757300913333892822265625">
        <ele>73</ele>
        <time>2026-06-15T09:30:27.000Z</time>
        <extensions>
          <ns3:TrackPointExtension>
            <ns3:hr>83</ns3:hr>
            <ns3:cad>0</ns3:cad>
          </ns3:TrackPointExtension>
        </extensions>
      </trkpt>
      <trkpt lat="24.47298291139304637908935546875" lon="118.14964924938976764678955078125">
        <ele>73</ele>
        <time>2026-06-15T09:30:28.000Z</time>
        <extensions>
          <ns3:TrackPointExtension>
            <ns3:hr>83</ns3:hr>
            <ns3:cad>0</ns3:cad>
          </ns3:TrackPointExtension>
        </extensions>
      </trkpt>
      <trkpt lat="24.472980313003063201904296875" lon="118.14965176396071910858154296875">
        <ele>73</ele>
        <time>2026-06-15T09:30:29.000Z</time>
        <extensions>
          <ns3:TrackPointExtension>
            <ns3:hr>83</ns3:hr>
            <ns3:cad>0</ns3:cad>
          </ns3:TrackPointExtension>
        </extensions>
      </trkpt>
      <trkpt lat="24.47298190556466579437255859375" lon="118.14965151250362396240234375">
        <ele>73</ele>
        <time>2026-06-15T09:30:30.000Z</time>
        <extensions>
          <ns3:TrackPointExtension>
            <ns3:hr>84</ns3:hr>
            <ns3:cad>0</ns3:cad>
          </ns3:TrackPointExtension>
        </extensions>
      </trkpt>
      <trkpt lat="24.47297872044146060943603515625" lon="118.14965075813233852386474609375">
        <ele>73</ele>
        <time>2026-06-15T09:30:31.000Z</time>
        <extensions>
          <ns3:TrackPointExtension>
            <ns3:hr>84</ns3:hr>
            <ns3:cad>0</ns3:cad>
          </ns3:TrackPointExtension>
        </extensions>
      </trkpt>
      <trkpt lat="24.4729779660701751708984375" lon="118.14964690245687961578369140625">
        <ele>73</ele>
        <time>2026-06-15T09:30:32.000Z</time>
        <extensions>
          <ns3:TrackPointExtension>
            <ns3:hr>84</ns3:hr>
            <ns3:cad>0</ns3:cad>
          </ns3:TrackPointExtension>
        </extensions>
      </trkpt>
      <trkpt lat="24.47298039682209491729736328125" lon="118.149642460048198699951171875">
        <ele>73</ele>
        <time>2026-06-15T09:30:33.000Z</time>
        <extensions>
          <ns3:TrackPointExtension>
            <ns3:hr>84</ns3:hr>
            <ns3:cad>0</ns3:cad>
          </ns3:TrackPointExtension>
        </extensions>
      </trkpt>
      <trkpt lat="24.47298467159271240234375" lon="118.1496335752308368682861328125">
        <ele>72.8000030517578125</ele>
        <time>2026-06-15T09:30:34.000Z</time>
        <extensions>
          <ns3:TrackPointExtension>
            <ns3:hr>84</ns3:hr>
            <ns3:cad>0</ns3:cad>
          </ns3:TrackPointExtension>
        </extensions>
      </trkpt>
      <trkpt lat="24.47299070656299591064453125" lon="118.1496261991560459136962890625">
        <ele>72.59999847412109375</ele>
        <time>2026-06-15T09:30:35.000Z</time>
        <extensions>
          <ns3:TrackPointExtension>
            <ns3:hr>84</ns3:hr>
            <ns3:cad>0</ns3:cad>
          </ns3:TrackPointExtension>
        </extensions>
      </trkpt>
      <trkpt lat="24.472995065152645111083984375" lon="118.14961622469127178192138671875">
        <ele>72.40000152587890625</ele>
        <time>2026-06-15T09:30:36.000Z</time>
        <extensions>
          <ns3:TrackPointExtension>
            <ns3:hr>84</ns3:hr>
            <ns3:cad>0</ns3:cad>
          </ns3:TrackPointExtension>
        </extensions>
      </trkpt>
      <trkpt lat="24.47299741208553314208984375" lon="118.14960801042616367340087890625">
        <ele>72.1999969482421875</ele>
        <time>2026-06-15T09:30:37.000Z</time>
        <extensions>
          <ns3:TrackPointExtension>
            <ns3:hr>84</ns3:hr>
            <ns3:cad>0</ns3:cad>
          </ns3:TrackPointExtension>
        </extensions>
      </trkpt>
      <trkpt lat="24.47300084866583347320556640625" lon="118.14959962852299213409423828125">
        <ele>72</ele>
        <time>2026-06-15T09:30:38.000Z</time>
        <extensions>
          <ns3:TrackPointExtension>
            <ns3:hr>83</ns3:hr>
            <ns3:cad>54</ns3:cad>
          </ns3:TrackPointExtension>
        </extensions>
      </trkpt>
      <trkpt lat="24.47300403378903865814208984375" lon="118.1495916657149791717529296875">
        <ele>71.8000030517578125</ele>
        <time>2026-06-15T09:30:39.000Z</time>
        <extensions>
          <ns3:TrackPointExtension>
            <ns3:hr>82</ns3:hr>
            <ns3:cad>54</ns3:cad>
          </ns3:TrackPointExtension>
        </extensions>
      </trkpt>
      <trkpt lat="24.4730046205222606658935546875" lon="118.14958219416439533233642578125">
        <ele>71.59999847412109375</ele>
        <time>2026-06-15T09:30:40.000Z</time>
        <extensions>
          <ns3:TrackPointExtension>
            <ns3:hr>82</ns3:hr>
            <ns3:cad>54</ns3:cad>
          </ns3:TrackPointExtension>
        </extensions>
      </trkpt>
      <trkpt lat="24.4730083085596561431884765625" lon="118.14957247115671634674072265625">
        <ele>71.40000152587890625</ele>
        <time>2026-06-15T09:30:41.000Z</time>
        <extensions>
          <ns3:TrackPointExtension>
            <ns3:hr>82</ns3:hr>
            <ns3:cad>54</ns3:cad>
          </ns3:TrackPointExtension>
        </extensions>
      </trkpt>
      <trkpt lat="24.473013840615749359130859375" lon="118.149566687643527984619140625">
        <ele>71.1999969482421875</ele>
        <time>2026-06-15T09:30:42.000Z</time>
        <extensions>
          <ns3:TrackPointExtension>
            <ns3:hr>82</ns3:hr>
            <ns3:cad>54</ns3:cad>
          </ns3:TrackPointExtension>
        </extensions>
      </trkpt>
      <trkpt lat="24.47302096523344516754150390625" lon="118.14955503679811954498291015625">
        <ele>71</ele>
        <time>2026-06-15T09:30:43.000Z</time>
        <extensions>
          <ns3:TrackPointExtension>
            <ns3:hr>82</ns3:hr>
            <ns3:cad>54</ns3:cad>
          </ns3:TrackPointExtension>
        </extensions>
      </trkpt>
      <trkpt lat="24.473025240004062652587890625" lon="118.14954967238008975982666015625">
        <ele>70.8000030517578125</ele>
        <time>2026-06-15T09:30:44.000Z</time>
        <extensions>
          <ns3:TrackPointExtension>
            <ns3:hr>81</ns3:hr>
            <ns3:cad>59</ns3:cad>
          </ns3:TrackPointExtension>
        </extensions>
      </trkpt>
      <trkpt lat="24.4730331189930438995361328125" lon="118.14954447560012340545654296875">
        <ele>70.8000030517578125</ele>
        <time>2026-06-15T09:30:45.000Z</time>
        <extensions>
          <ns3:TrackPointExtension>
            <ns3:hr>81</ns3:hr>
            <ns3:cad>59</ns3:cad>
          </ns3:TrackPointExtension>
        </extensions>
      </trkpt>
      <trkpt lat="24.473044015467166900634765625" lon="118.149538524448871612548828125">
        <ele>70.59999847412109375</ele>
        <time>2026-06-15T09:30:46.000Z</time>
        <extensions>
          <ns3:TrackPointExtension>
            <ns3:hr>81</ns3:hr>
            <ns3:cad>0</ns3:cad>
          </ns3:TrackPointExtension>
        </extensions>
      </trkpt>
      <trkpt lat="24.47305264882743358612060546875" lon="118.1495313160121440887451171875">
        <ele>70.1999969482421875</ele>
        <time>2026-06-15T09:30:47.000Z</time>
        <extensions>
          <ns3:TrackPointExtension>
            <ns3:hr>81</ns3:hr>
            <ns3:cad>0</ns3:cad>
          </ns3:TrackPointExtension>
        </extensions>
      </trkpt>
      <trkpt lat="24.47306044399738311767578125" lon="118.14952385611832141876220703125">
        <ele>70</ele>
        <time>2026-06-15T09:30:48.000Z</time>
        <extensions>
          <ns3:TrackPointExtension>
            <ns3:hr>80</ns3:hr>
            <ns3:cad>0</ns3:cad>
          </ns3:TrackPointExtension>
        </extensions>
      </trkpt>
      <trkpt lat="24.47306689806282520294189453125" lon="118.1495194137096405029296875">
        <ele>69.8000030517578125</ele>
        <time>2026-06-15T09:30:49.000Z</time>
        <extensions>
          <ns3:TrackPointExtension>
            <ns3:hr>80</ns3:hr>
            <ns3:cad>0</ns3:cad>
          </ns3:TrackPointExtension>
        </extensions>
      </trkpt>
      <trkpt lat="24.47307444177567958831787109375" lon="118.14951698295772075653076171875">
        <ele>69.40000152587890625</ele>
        <time>2026-06-15T09:30:50.000Z</time>
        <extensions>
          <ns3:TrackPointExtension>
            <ns3:hr>80</ns3:hr>
            <ns3:cad>0</ns3:cad>
          </ns3:TrackPointExtension>
        </extensions>
      </trkpt>
      <trkpt lat="24.47308466769754886627197265625" lon="118.14951547421514987945556640625">
        <ele>69.1999969482421875</ele>
        <time>2026-06-15T09:30:51.000Z</time>
        <extensions>
          <ns3:TrackPointExtension>
            <ns3:hr>81</ns3:hr>
            <ns3:cad>0</ns3:cad>
          </ns3:TrackPointExtension>
        </extensions>
      </trkpt>
      <trkpt lat="24.4730907864868640899658203125" lon="118.1495162285864353179931640625">
        <ele>69</ele>
        <time>2026-06-15T09:30:52.000Z</time>
        <extensions>
          <ns3:TrackPointExtension>
            <ns3:hr>81</ns3:hr>
            <ns3:cad>53</ns3:cad>
          </ns3:TrackPointExtension>
        </extensions>
      </trkpt>
      <trkpt lat="24.47309740819036960601806640625" lon="118.14951765350997447967529296875">
        <ele>69</ele>
        <time>2026-06-15T09:30:53.000Z</time>
        <extensions>
          <ns3:TrackPointExtension>
            <ns3:hr>81</ns3:hr>
            <ns3:cad>53</ns3:cad>
          </ns3:TrackPointExtension>
        </extensions>
      </trkpt>
      <trkpt lat="24.473105706274509429931640625" lon="118.14951882697641849517822265625">
        <ele>69</ele>
        <time>2026-06-15T09:30:54.000Z</time>
        <extensions>
          <ns3:TrackPointExtension>
            <ns3:hr>81</ns3:hr>
            <ns3:cad>53</ns3:cad>
          </ns3:TrackPointExtension>
        </extensions>
      </trkpt>
      <trkpt lat="24.4731115736067295074462890625" lon="118.149519078433513641357421875">
        <ele>69.1999969482421875</ele>
        <time>2026-06-15T09:30:55.000Z</time>
        <extensions>
          <ns3:TrackPointExtension>
            <ns3:hr>81</ns3:hr>
            <ns3:cad>53</ns3:cad>
          </ns3:TrackPointExtension>
        </extensions>
      </trkpt>
      <trkpt lat="24.47311668656766414642333984375" lon="118.14952167682349681854248046875">
        <ele>69.40000152587890625</ele>
        <time>2026-06-15T09:30:56.000Z</time>
        <extensions>
          <ns3:TrackPointExtension>
            <ns3:hr>82</ns3:hr>
            <ns3:cad>53</ns3:cad>
          </ns3:TrackPointExtension>
        </extensions>
      </trkpt>
      <trkpt lat="24.47312573902308940887451171875" lon="118.14952217973768711090087890625">
        <ele>69.59999847412109375</ele>
        <time>2026-06-15T09:30:57.000Z</time>
        <extensions>
          <ns3:TrackPointExtension>
            <ns3:hr>81</ns3:hr>
            <ns3:cad>47</ns3:cad>
          </ns3:TrackPointExtension>
        </extensions>
      </trkpt>
      <trkpt lat="24.4731335341930389404296875" lon="118.1495215930044651031494140625">
        <ele>69.8000030517578125</ele>
        <time>2026-06-15T09:30:58.000Z</time>
        <extensions>
          <ns3:TrackPointExtension>
            <ns3:hr>81</ns3:hr>
            <ns3:cad>44</ns3:cad>
          </ns3:TrackPointExtension>
        </extensions>
      </trkpt>
      <trkpt lat="24.4731383956968784332275390625" lon="118.1495225988328456878662109375">
        <ele>69.8000030517578125</ele>
        <time>2026-06-15T09:30:59.000Z</time>
        <extensions>
          <ns3:TrackPointExtension>
            <ns3:hr>81</ns3:hr>
            <ns3:cad>44</ns3:cad>
          </ns3:TrackPointExtension>
        </extensions>
      </trkpt>
      <trkpt lat="24.4731461070477962493896484375" lon="118.14952586777508258819580078125">
        <ele>70</ele>
        <time>2026-06-15T09:31:00.000Z</time>
        <extensions>
          <ns3:TrackPointExtension>
            <ns3:hr>82</ns3:hr>
            <ns3:cad>44</ns3:cad>
          </ns3:TrackPointExtension>
        </extensions>
      </trkpt>
      <trkpt lat="24.473155997693538665771484375" lon="118.14952938817441463470458984375">
        <ele>70</ele>
        <time>2026-06-15T09:31:01.000Z</time>
        <extensions>
          <ns3:TrackPointExtension>
            <ns3:hr>82</ns3:hr>
            <ns3:cad>43</ns3:cad>
          </ns3:TrackPointExtension>
        </extensions>
      </trkpt>
      <trkpt lat="24.4731648825109004974365234375" lon="118.149533830583095550537109375">
        <ele>69.8000030517578125</ele>
        <time>2026-06-15T09:31:02.000Z</time>
        <extensions>
          <ns3:TrackPointExtension>
            <ns3:hr>82</ns3:hr>
            <ns3:cad>43</ns3:cad>
          </ns3:TrackPointExtension>
        </extensions>
      </trkpt>
      <trkpt lat="24.47317779064178466796875" lon="118.14954078756272792816162109375">
        <ele>69.59999847412109375</ele>
        <time>2026-06-15T09:31:03.000Z</time>
        <extensions>
          <ns3:TrackPointExtension>
            <ns3:hr>82</ns3:hr>
            <ns3:cad>54</ns3:cad>
          </ns3:TrackPointExtension>
        </extensions>
      </trkpt>
      <trkpt lat="24.47319245897233486175537109375" lon="118.14954598434269428253173828125">
        <ele>69.59999847412109375</ele>
        <time>2026-06-15T09:31:04.000Z</time>
        <extensions>
          <ns3:TrackPointExtension>
            <ns3:hr>83</ns3:hr>
            <ns3:cad>55</ns3:cad>
          </ns3:TrackPointExtension>
        </extensions>
      </trkpt>
      <trkpt lat="24.47320637293159961700439453125" lon="118.14955067820847034454345703125">
        <ele>69.59999847412109375</ele>
        <time>2026-06-15T09:31:05.000Z</time>
        <extensions>
          <ns3:TrackPointExtension>
            <ns3:hr>86</ns3:hr>
            <ns3:cad>54</ns3:cad>
          </ns3:TrackPointExtension>
        </extensions>
      </trkpt>
      <trkpt lat="24.47322045452892780303955078125" lon="118.1495507620275020599365234375">
        <ele>69.59999847412109375</ele>
        <time>2026-06-15T09:31:06.000Z</time>
        <extensions>
          <ns3:TrackPointExtension>
            <ns3:hr>88</ns3:hr>
            <ns3:cad>0</ns3:cad>
          </ns3:TrackPointExtension>
        </extensions>
      </trkpt>
      <trkpt lat="24.47323168627917766571044921875" lon="118.149549923837184906005859375">
        <ele>69.59999847412109375</ele>
        <time>2026-06-15T09:31:07.000Z</time>
        <extensions>
          <ns3:TrackPointExtension>
            <ns3:hr>89</ns3:hr>
            <ns3:cad>0</ns3:cad>
          </ns3:TrackPointExtension>
        </extensions>
      </trkpt>
      <trkpt lat="24.4732389785349369049072265625" lon="118.1495464034378528594970703125">
        <ele>69.59999847412109375</ele>
        <time>2026-06-15T09:31:08.000Z</time>
        <extensions>
          <ns3:TrackPointExtension>
            <ns3:hr>90</ns3:hr>
            <ns3:cad>0</ns3:cad>
          </ns3:TrackPointExtension>
        </extensions>
      </trkpt>
      <trkpt lat="24.473245851695537567138671875" lon="118.14953676424920558929443359375">
        <ele>69.8000030517578125</ele>
        <time>2026-06-15T09:31:09.000Z</time>
        <extensions>
          <ns3:TrackPointExtension>
            <ns3:hr>90</ns3:hr>
            <ns3:cad>0</ns3:cad>
          </ns3:TrackPointExtension>
        </extensions>
      </trkpt>
      <trkpt lat="24.47325699962675571441650390625" lon="118.14953307621181011199951171875">
        <ele>69.8000030517578125</ele>
        <time>2026-06-15T09:31:10.000Z</time>
        <extensions>
          <ns3:TrackPointExtension>
            <ns3:hr>91</ns3:hr>
            <ns3:cad>0</ns3:cad>
          </ns3:TrackPointExtension>
        </extensions>
      </trkpt>
      <trkpt lat="24.47326697409152984619140625" lon="118.14953005872666835784912109375">
        <ele>69.8000030517578125</ele>
        <time>2026-06-15T09:31:11.000Z</time>
        <extensions>
          <ns3:TrackPointExtension>
            <ns3:hr>91</ns3:hr>
            <ns3:cad>0</ns3:cad>
          </ns3:TrackPointExtension>
        </extensions>
      </trkpt>
      <trkpt lat="24.4732761941850185394287109375" lon="118.149526119232177734375">
        <ele>69.59999847412109375</ele>
        <time>2026-06-15T09:31:12.000Z</time>
        <extensions>
          <ns3:TrackPointExtension>
            <ns3:hr>90</ns3:hr>
            <ns3:cad>48</ns3:cad>
          </ns3:TrackPointExtension>
        </extensions>
      </trkpt>
      <trkpt lat="24.473284073173999786376953125" lon="118.1495259515941143035888671875">
        <ele>69.40000152587890625</ele>
        <time>2026-06-15T09:31:13.000Z</time>
        <extensions>
          <ns3:TrackPointExtension>
            <ns3:hr>89</ns3:hr>
            <ns3:cad>48</ns3:cad>
          </ns3:TrackPointExtension>
        </extensions>
      </trkpt>
      <trkpt lat="24.4732896052300930023193359375" lon="118.14952737651765346527099609375">
        <ele>69.1999969482421875</ele>
        <time>2026-06-15T09:31:14.000Z</time>
        <extensions>
          <ns3:TrackPointExtension>
            <ns3:hr>88</ns3:hr>
            <ns3:cad>55</ns3:cad>
          </ns3:TrackPointExtension>
        </extensions>
      </trkpt>
      <trkpt lat="24.47329379618167877197265625" lon="118.14953123219311237335205078125">
        <ele>68.8000030517578125</ele>
        <time>2026-06-15T09:31:15.000Z</time>
        <extensions>
          <ns3:TrackPointExtension>
            <ns3:hr>88</ns3:hr>
            <ns3:cad>55</ns3:cad>
          </ns3:TrackPointExtension>
        </extensions>
      </trkpt>
      <trkpt lat="24.47330192662775516510009765625" lon="118.14953559078276157379150390625">
        <ele>68.59999847412109375</ele>
        <time>2026-06-15T09:31:16.000Z</time>
        <extensions>
          <ns3:TrackPointExtension>
            <ns3:hr>88</ns3:hr>
            <ns3:cad>0</ns3:cad>
          </ns3:TrackPointExtension>
        </extensions>
      </trkpt>
      <trkpt lat="24.47330846451222896575927734375" lon="118.1495386920869350433349609375">
        <ele>68.40000152587890625</ele>
        <time>2026-06-15T09:31:17.000Z</time>
        <extensions>
          <ns3:TrackPointExtension>
            <ns3:hr>89</ns3:hr>
            <ns3:cad>0</ns3:cad>
          </ns3:TrackPointExtension>
        </extensions>
      </trkpt>
      <trkpt lat="24.47332053445279598236083984375" lon="118.14954430796205997467041015625">
        <ele>68</ele>
        <time>2026-06-15T09:31:18.000Z</time>
        <extensions>
          <ns3:TrackPointExtension>
            <ns3:hr>89</ns3:hr>
            <ns3:cad>55</ns3:cad>
          </ns3:TrackPointExtension>
        </extensions>
      </trkpt>
      <trkpt lat="24.47332925163209438323974609375" lon="118.14954799599945545196533203125">
        <ele>67.8000030517578125</ele>
        <time>2026-06-15T09:31:19.000Z</time>
        <extensions>
          <ns3:TrackPointExtension>
            <ns3:hr>89</ns3:hr>
            <ns3:cad>55</ns3:cad>
          </ns3:TrackPointExtension>
        </extensions>
      </trkpt>
      <trkpt lat="24.47333729825913906097412109375" lon="118.14955034293234348297119140625">
        <ele>67.59999847412109375</ele>
        <time>2026-06-15T09:31:20.000Z</time>
        <extensions>
          <ns3:TrackPointExtension>
            <ns3:hr>89</ns3:hr>
            <ns3:cad>54</ns3:cad>
          </ns3:TrackPointExtension>
        </extensions>
      </trkpt>
      <trkpt lat="24.47334333322942256927490234375" lon="118.1495542824268341064453125">
        <ele>67.40000152587890625</ele>
        <time>2026-06-15T09:31:21.000Z</time>
        <extensions>
          <ns3:TrackPointExtension>
            <ns3:hr>88</ns3:hr>
            <ns3:cad>53</ns3:cad>
          </ns3:TrackPointExtension>
        </extensions>
      </trkpt>
      <trkpt lat="24.47334568016231060028076171875" lon="118.14955621026456356048583984375">
        <ele>67</ele>
        <time>2026-06-15T09:31:22.000Z</time>
        <extensions>
          <ns3:TrackPointExtension>
            <ns3:hr>88</ns3:hr>
            <ns3:cad>53</ns3:cad>
          </ns3:TrackPointExtension>
        </extensions>
      </trkpt>
      <trkpt lat="24.47334903292357921600341796875" lon="118.14955788664519786834716796875">
        <ele>66.8000030517578125</ele>
        <time>2026-06-15T09:31:23.000Z</time>
        <extensions>
          <ns3:TrackPointExtension>
            <ns3:hr>88</ns3:hr>
            <ns3:cad>53</ns3:cad>
          </ns3:TrackPointExtension>
        </extensions>
      </trkpt>
      <trkpt lat="24.47335422970354557037353515625" lon="118.1495578028261661529541015625">
        <ele>66.40000152587890625</ele>
        <time>2026-06-15T09:31:24.000Z</time>
        <extensions>
          <ns3:TrackPointExtension>
            <ns3:hr>87</ns3:hr>
            <ns3:cad>53</ns3:cad>
          </ns3:TrackPointExtension>
        </extensions>
      </trkpt>
      <trkpt lat="24.4733593426644802093505859375" lon="118.14955989830195903778076171875">
        <ele>66.1999969482421875</ele>
        <time>2026-06-15T09:31:25.000Z</time>
        <extensions>
          <ns3:TrackPointExtension>
            <ns3:hr>87</ns3:hr>
            <ns3:cad>53</ns3:cad>
          </ns3:TrackPointExtension>
        </extensions>
      </trkpt>
      <trkpt lat="24.47336445562541484832763671875" lon="118.14956358633935451507568359375">
        <ele>66</ele>
        <time>2026-06-15T09:31:26.000Z</time>
        <extensions>
          <ns3:TrackPointExtension>
            <ns3:hr>87</ns3:hr>
            <ns3:cad>51</ns3:cad>
          </ns3:TrackPointExtension>
        </extensions>
      </trkpt>
      <trkpt lat="24.47336831130087375640869140625" lon="118.1495671905577182769775390625">
        <ele>65.8000030517578125</ele>
        <time>2026-06-15T09:31:27.000Z</time>
        <extensions>
          <ns3:TrackPointExtension>
            <ns3:hr>87</ns3:hr>
            <ns3:cad>0</ns3:cad>
          </ns3:TrackPointExtension>
        </extensions>
      </trkpt>
      <trkpt lat="24.473367892205715179443359375" lon="118.14956878311932086944580078125">
        <ele>65.59999847412109375</ele>
        <time>2026-06-15T09:31:28.000Z</time>
        <extensions>
          <ns3:TrackPointExtension>
            <ns3:hr>86</ns3:hr>
            <ns3:cad>0</ns3:cad>
          </ns3:TrackPointExtension>
        </extensions>
      </trkpt>
      <trkpt lat="24.47336018085479736328125" lon="118.14956836402416229248046875">
        <ele>65.59999847412109375</ele>
        <time>2026-06-15T09:31:29.000Z</time>
        <extensions>
          <ns3:TrackPointExtension>
            <ns3:hr>86</ns3:hr>
            <ns3:cad>0</ns3:cad>
          </ns3:TrackPointExtension>
        </extensions>
      </trkpt>
      <trkpt lat="24.4733586721122264862060546875" lon="118.1495668552815914154052734375">
        <ele>65.59999847412109375</ele>
        <time>2026-06-15T09:31:30.000Z</time>
        <extensions>
          <ns3:TrackPointExtension>
            <ns3:hr>86</ns3:hr>
            <ns3:cad>49</ns3:cad>
          </ns3:TrackPointExtension>
        </extensions>
      </trkpt>
      <trkpt lat="24.47335825301706790924072265625" lon="118.14956760965287685394287109375">
        <ele>65.59999847412109375</ele>
        <time>2026-06-15T09:31:31.000Z</time>
        <extensions>
          <ns3:TrackPointExtension>
            <ns3:hr>86</ns3:hr>
            <ns3:cad>49</ns3:cad>
          </ns3:TrackPointExtension>
        </extensions>
      </trkpt>
      <trkpt lat="24.47335422970354557037353515625" lon="118.14956794492900371551513671875">
        <ele>65.59999847412109375</ele>
        <time>2026-06-15T09:31:32.000Z</time>
        <extensions>
          <ns3:TrackPointExtension>
            <ns3:hr>88</ns3:hr>
            <ns3:cad>0</ns3:cad>
          </ns3:TrackPointExtension>
        </extensions>
      </trkpt>
      <trkpt lat="24.47335557080805301666259765625" lon="118.14956375397741794586181640625">
        <ele>65.59999847412109375</ele>
        <time>2026-06-15T09:31:33.000Z</time>
        <extensions>
          <ns3:TrackPointExtension>
            <ns3:hr>90</ns3:hr>
            <ns3:cad>0</ns3:cad>
          </ns3:TrackPointExtension>
        </extensions>
      </trkpt>
      <trkpt lat="24.473354481160640716552734375" lon="118.14955989830195903778076171875">
        <ele>65.59999847412109375</ele>
        <time>2026-06-15T09:31:34.000Z</time>
        <extensions>
          <ns3:TrackPointExtension>
            <ns3:hr>89</ns3:hr>
            <ns3:cad>0</ns3:cad>
          </ns3:TrackPointExtension>
        </extensions>
      </trkpt>
      <trkpt lat="24.4733543135225772857666015625" lon="118.14955470152199268341064453125">
        <ele>65.59999847412109375</ele>
        <time>2026-06-15T09:31:35.000Z</time>
        <extensions>
          <ns3:TrackPointExtension>
            <ns3:hr>89</ns3:hr>
            <ns3:cad>0</ns3:cad>
          </ns3:TrackPointExtension>
        </extensions>
      </trkpt>
      <trkpt lat="24.47335238568484783172607421875" lon="118.149547912180423736572265625">
        <ele>65.8000030517578125</ele>
        <time>2026-06-15T09:31:36.000Z</time>
        <extensions>
          <ns3:TrackPointExtension>
            <ns3:hr>89</ns3:hr>
            <ns3:cad>0</ns3:cad>
          </ns3:TrackPointExtension>
        </extensions>
      </trkpt>
      <trkpt lat="24.47335355915129184722900390625" lon="118.1495443917810916900634765625">
        <ele>66</ele>
        <time>2026-06-15T09:31:37.000Z</time>
        <extensions>
          <ns3:TrackPointExtension>
            <ns3:hr>88</ns3:hr>
            <ns3:cad>0</ns3:cad>
          </ns3:TrackPointExtension>
        </extensions>
      </trkpt>
      <trkpt lat="24.47335154749453067779541015625" lon="118.14953994937241077423095703125">
        <ele>66</ele>
        <time>2026-06-15T09:31:38.000Z</time>
        <extensions>
          <ns3:TrackPointExtension>
            <ns3:hr>86</ns3:hr>
            <ns3:cad>0</ns3:cad>
          </ns3:TrackPointExtension>
        </extensions>
      </trkpt>
      <trkpt lat="24.4733526371419429779052734375" lon="118.1495430506765842437744140625">
        <ele>66</ele>
        <time>2026-06-15T09:31:39.000Z</time>
        <extensions>
          <ns3:TrackPointExtension>
            <ns3:hr>85</ns3:hr>
            <ns3:cad>0</ns3:cad>
          </ns3:TrackPointExtension>
        </extensions>
      </trkpt>
      <trkpt lat="24.47335892356932163238525390625" lon="118.149549253284931182861328125">
        <ele>66</ele>
        <time>2026-06-15T09:31:40.000Z</time>
        <extensions>
          <ns3:TrackPointExtension>
            <ns3:hr>85</ns3:hr>
            <ns3:cad>0</ns3:cad>
          </ns3:TrackPointExtension>
        </extensions>
      </trkpt>
      <trkpt lat="24.473368562757968902587890625" lon="118.149553947150707244873046875">
        <ele>66</ele>
        <time>2026-06-15T09:31:41.000Z</time>
        <extensions>
          <ns3:TrackPointExtension>
            <ns3:hr>85</ns3:hr>
            <ns3:cad>0</ns3:cad>
          </ns3:TrackPointExtension>
        </extensions>
      </trkpt>
      <trkpt lat="24.4733776152133941650390625" lon="118.14955352805554866790771484375">
        <ele>65.8000030517578125</ele>
        <time>2026-06-15T09:31:42.000Z</time>
        <extensions>
          <ns3:TrackPointExtension>
            <ns3:hr>85</ns3:hr>
            <ns3:cad>65</ns3:cad>
          </ns3:TrackPointExtension>
        </extensions>
      </trkpt>
      <trkpt lat="24.4733844883739948272705078125" lon="118.14955654554069042205810546875">
        <ele>65.8000030517578125</ele>
        <time>2026-06-15T09:31:43.000Z</time>
        <extensions>
          <ns3:TrackPointExtension>
            <ns3:hr>84</ns3:hr>
            <ns3:cad>65</ns3:cad>
          </ns3:TrackPointExtension>
        </extensions>
      </trkpt>
      <trkpt lat="24.47339437901973724365234375" lon="118.14956040121614933013916015625">
        <ele>65.59999847412109375</ele>
        <time>2026-06-15T09:31:44.000Z</time>
        <extensions>
          <ns3:TrackPointExtension>
            <ns3:hr>84</ns3:hr>
            <ns3:cad>0</ns3:cad>
          </ns3:TrackPointExtension>
        </extensions>
      </trkpt>
      <trkpt lat="24.47340066544711589813232421875" lon="118.14956174232065677642822265625">
        <ele>65.59999847412109375</ele>
        <time>2026-06-15T09:31:45.000Z</time>
        <extensions>
          <ns3:TrackPointExtension>
            <ns3:hr>84</ns3:hr>
            <ns3:cad>0</ns3:cad>
          </ns3:TrackPointExtension>
        </extensions>
      </trkpt>
      <trkpt lat="24.473410136997699737548828125" lon="118.1495628319680690765380859375">
        <ele>65.40000152587890625</ele>
        <time>2026-06-15T09:31:46.000Z</time>
        <extensions>
          <ns3:TrackPointExtension>
            <ns3:hr>84</ns3:hr>
            <ns3:cad>0</ns3:cad>
          </ns3:TrackPointExtension>
        </extensions>
      </trkpt>
      <trkpt lat="24.4734124839305877685546875" lon="118.1495645083487033843994140625">
        <ele>65</ele>
        <time>2026-06-15T09:31:47.000Z</time>
        <extensions>
          <ns3:TrackPointExtension>
            <ns3:hr>84</ns3:hr>
            <ns3:cad>0</ns3:cad>
          </ns3:TrackPointExtension>
        </extensions>
      </trkpt>
      <trkpt lat="24.47341910563409328460693359375" lon="118.149566017091274261474609375">
        <ele>64.8000030517578125</ele>
        <time>2026-06-15T09:31:48.000Z</time>
        <extensions>
          <ns3:TrackPointExtension>
            <ns3:hr>84</ns3:hr>
            <ns3:cad>0</ns3:cad>
          </ns3:TrackPointExtension>
        </extensions>
      </trkpt>
      <trkpt lat="24.4734263978898525238037109375" lon="118.14956702291965484619140625">
        <ele>64.40000152587890625</ele>
        <time>2026-06-15T09:31:49.000Z</time>
        <extensions>
          <ns3:TrackPointExtension>
            <ns3:hr>84</ns3:hr>
            <ns3:cad>0</ns3:cad>
          </ns3:TrackPointExtension>
        </extensions>
      </trkpt>
      <trkpt lat="24.4734300859272480010986328125" lon="118.1495665200054645538330078125">
        <ele>64.1999969482421875</ele>
        <time>2026-06-15T09:31:50.000Z</time>
        <extensions>
          <ns3:TrackPointExtension>
            <ns3:hr>85</ns3:hr>
            <ns3:cad>65</ns3:cad>
          </ns3:TrackPointExtension>
        </extensions>
      </trkpt>
      <trkpt lat="24.473436959087848663330078125" lon="118.149566687643527984619140625">
        <ele>64</ele>
        <time>2026-06-15T09:31:51.000Z</time>
        <extensions>
          <ns3:TrackPointExtension>
            <ns3:hr>86</ns3:hr>
            <ns3:cad>65</ns3:cad>
          </ns3:TrackPointExtension>
        </extensions>
      </trkpt>
      <trkpt lat="24.47344475425779819488525390625" lon="118.149566352367401123046875">
        <ele>63.59999847412109375</ele>
        <time>2026-06-15T09:31:52.000Z</time>
        <extensions>
          <ns3:TrackPointExtension>
            <ns3:hr>87</ns3:hr>
            <ns3:cad>65</ns3:cad>
          </ns3:TrackPointExtension>
        </extensions>
      </trkpt>
      <trkpt lat="24.47345330379903316497802734375" lon="118.14956828020513057708740234375">
        <ele>63.40000152587890625</ele>
        <time>2026-06-15T09:31:53.000Z</time>
        <extensions>
          <ns3:TrackPointExtension>
            <ns3:hr>87</ns3:hr>
            <ns3:cad>65</ns3:cad>
          </ns3:TrackPointExtension>
        </extensions>
      </trkpt>
      <trkpt lat="24.4734632782638072967529296875" lon="118.149571381509304046630859375">
        <ele>63</ele>
        <time>2026-06-15T09:31:54.000Z</time>
        <extensions>
          <ns3:TrackPointExtension>
            <ns3:hr>88</ns3:hr>
            <ns3:cad>65</ns3:cad>
          </ns3:TrackPointExtension>
        </extensions>
      </trkpt>
      <trkpt lat="24.473475180566310882568359375" lon="118.1495755724608898162841796875">
        <ele>62.799999237060546875</ele>
        <time>2026-06-15T09:31:55.000Z</time>
        <extensions>
          <ns3:TrackPointExtension>
            <ns3:hr>88</ns3:hr>
            <ns3:cad>63</ns3:cad>
          </ns3:TrackPointExtension>
        </extensions>
      </trkpt>
      <trkpt lat="24.473480880260467529296875" lon="118.14958370290696620941162109375">
        <ele>62.59999847412109375</ele>
        <time>2026-06-15T09:31:56.000Z</time>
        <extensions>
          <ns3:TrackPointExtension>
            <ns3:hr>88</ns3:hr>
            <ns3:cad>63</ns3:cad>
          </ns3:TrackPointExtension>
        </extensions>
      </trkpt>
      <trkpt lat="24.473481886088848114013671875" lon="118.149593174457550048828125">
        <ele>62.40000152587890625</ele>
        <time>2026-06-15T09:31:57.000Z</time>
        <extensions>
          <ns3:TrackPointExtension>
            <ns3:hr>87</ns3:hr>
            <ns3:cad>63</ns3:cad>
          </ns3:TrackPointExtension>
        </extensions>
      </trkpt>
      <trkpt lat="24.473483227193355560302734375" lon="118.14960164017975330352783203125">
        <ele>62.40000152587890625</ele>
        <time>2026-06-15T09:31:58.000Z</time>
        <extensions>
          <ns3:TrackPointExtension>
            <ns3:hr>86</ns3:hr>
            <ns3:cad>63</ns3:cad>
          </ns3:TrackPointExtension>
        </extensions>
      </trkpt>
      <trkpt lat="24.47348196990787982940673828125" lon="118.14960985444486141204833984375">
        <ele>62.40000152587890625</ele>
        <time>2026-06-15T09:31:59.000Z</time>
        <extensions>
          <ns3:TrackPointExtension>
            <ns3:hr>86</ns3:hr>
            <ns3:cad>63</ns3:cad>
          </ns3:TrackPointExtension>
        </extensions>
      </trkpt>
      <trkpt lat="24.47348196990787982940673828125" lon="118.1496171467006206512451171875">
        <ele>62.40000152587890625</ele>
        <time>2026-06-15T09:32:00.000Z</time>
        <extensions>
          <ns3:TrackPointExtension>
            <ns3:hr>86</ns3:hr>
            <ns3:cad>63</ns3:cad>
          </ns3:TrackPointExtension>
        </extensions>
      </trkpt>
      <trkpt lat="24.4734840653836727142333984375" lon="118.14962510950863361358642578125">
        <ele>62.200000762939453125</ele>
        <time>2026-06-15T09:32:01.000Z</time>
        <extensions>
          <ns3:TrackPointExtension>
            <ns3:hr>86</ns3:hr>
            <ns3:cad>63</ns3:cad>
          </ns3:TrackPointExtension>
        </extensions>
      </trkpt>
      <trkpt lat="24.47348557412624359130859375" lon="118.1496320664882659912109375">
        <ele>62.200000762939453125</ele>
        <time>2026-06-15T09:32:02.000Z</time>
        <extensions>
          <ns3:TrackPointExtension>
            <ns3:hr>86</ns3:hr>
            <ns3:cad>55</ns3:cad>
          </ns3:TrackPointExtension>
        </extensions>
      </trkpt>
      <trkpt lat="24.473487921059131622314453125" lon="118.1496409513056278228759765625">
        <ele>62</ele>
        <time>2026-06-15T09:32:03.000Z</time>
        <extensions>
          <ns3:TrackPointExtension>
            <ns3:hr>86</ns3:hr>
            <ns3:cad>55</ns3:cad>
          </ns3:TrackPointExtension>
        </extensions>
      </trkpt>
      <trkpt lat="24.4734901003539562225341796875" lon="118.1496510095894336700439453125">
        <ele>62</ele>
        <time>2026-06-15T09:32:04.000Z</time>
        <extensions>
          <ns3:TrackPointExtension>
            <ns3:hr>86</ns3:hr>
            <ns3:cad>55</ns3:cad>
          </ns3:TrackPointExtension>
        </extensions>
      </trkpt>
      <trkpt lat="24.47348892688751220703125" lon="118.14965712837874889373779296875">
        <ele>61.799999237060546875</ele>
        <time>2026-06-15T09:32:05.000Z</time>
        <extensions>
          <ns3:TrackPointExtension>
            <ns3:hr>86</ns3:hr>
            <ns3:cad>55</ns3:cad>
          </ns3:TrackPointExtension>
        </extensions>
      </trkpt>
      <trkpt lat="24.47348917834460735321044921875" lon="118.14966299571096897125244140625">
        <ele>61.59999847412109375</ele>
        <time>2026-06-15T09:32:06.000Z</time>
        <extensions>
          <ns3:TrackPointExtension>
            <ns3:hr>86</ns3:hr>
            <ns3:cad>55</ns3:cad>
          </ns3:TrackPointExtension>
        </extensions>
      </trkpt>
      <trkpt lat="24.4734887592494487762451171875" lon="118.14967238344252109527587890625">
        <ele>61.40000152587890625</ele>
        <time>2026-06-15T09:32:07.000Z</time>
        <extensions>
          <ns3:TrackPointExtension>
            <ns3:hr>85</ns3:hr>
            <ns3:cad>55</ns3:cad>
          </ns3:TrackPointExtension>
        </extensions>
      </trkpt>
      <trkpt lat="24.4734874181449413299560546875" lon="118.14967908896505832672119140625">
        <ele>61</ele>
        <time>2026-06-15T09:32:08.000Z</time>
        <extensions>
          <ns3:TrackPointExtension>
            <ns3:hr>85</ns3:hr>
            <ns3:cad>55</ns3:cad>
          </ns3:TrackPointExtension>
        </extensions>
      </trkpt>
      <trkpt lat="24.4734894298017024993896484375" lon="118.1496862135827541351318359375">
        <ele>60.799999237060546875</ele>
        <time>2026-06-15T09:32:09.000Z</time>
        <extensions>
          <ns3:TrackPointExtension>
            <ns3:hr>85</ns3:hr>
            <ns3:cad>55</ns3:cad>
          </ns3:TrackPointExtension>
        </extensions>
      </trkpt>
      <trkpt lat="24.47349320165812969207763671875" lon="118.14968906342983245849609375">
        <ele>60.59999847412109375</ele>
        <time>2026-06-15T09:32:10.000Z</time>
        <extensions>
          <ns3:TrackPointExtension>
            <ns3:hr>85</ns3:hr>
            <ns3:cad>55</ns3:cad>
          </ns3:TrackPointExtension>
        </extensions>
      </trkpt>
      <trkpt lat="24.47349722497165203094482421875" lon="118.14969685859978199005126953125">
        <ele>60.40000152587890625</ele>
        <time>2026-06-15T09:32:11.000Z</time>
        <extensions>
          <ns3:TrackPointExtension>
            <ns3:hr>85</ns3:hr>
            <ns3:cad>59</ns3:cad>
          </ns3:TrackPointExtension>
        </extensions>
      </trkpt>
      <trkpt lat="24.4735065288841724395751953125" lon="118.14970339648425579071044921875">
        <ele>60.200000762939453125</ele>
        <time>2026-06-15T09:32:12.000Z</time>
        <extensions>
          <ns3:TrackPointExtension>
            <ns3:hr>85</ns3:hr>
            <ns3:cad>59</ns3:cad>
          </ns3:TrackPointExtension>
        </extensions>
      </trkpt>
      <trkpt lat="24.47351348586380481719970703125" lon="118.149708844721317291259765625">
        <ele>60</ele>
        <time>2026-06-15T09:32:13.000Z</time>
        <extensions>
          <ns3:TrackPointExtension>
            <ns3:hr>86</ns3:hr>
            <ns3:cad>59</ns3:cad>
          </ns3:TrackPointExtension>
        </extensions>
      </trkpt>
      <trkpt lat="24.47352052666246891021728515625" lon="118.14971630461513996124267578125">
        <ele>59.799999237060546875</ele>
        <time>2026-06-15T09:32:14.000Z</time>
        <extensions>
          <ns3:TrackPointExtension>
            <ns3:hr>85</ns3:hr>
            <ns3:cad>59</ns3:cad>
          </ns3:TrackPointExtension>
        </extensions>
      </trkpt>
      <trkpt lat="24.47352471761405467987060546875" lon="118.14971781335771083831787109375">
        <ele>59.59999847412109375</ele>
        <time>2026-06-15T09:32:15.000Z</time>
        <extensions>
          <ns3:TrackPointExtension>
            <ns3:hr>85</ns3:hr>
            <ns3:cad>59</ns3:cad>
          </ns3:TrackPointExtension>
        </extensions>
      </trkpt>
      <trkpt lat="24.47353159077465534210205078125" lon="118.14972250722348690032958984375">
        <ele>59.40000152587890625</ele>
        <time>2026-06-15T09:32:16.000Z</time>
        <extensions>
          <ns3:TrackPointExtension>
            <ns3:hr>86</ns3:hr>
            <ns3:cad>59</ns3:cad>
          </ns3:TrackPointExtension>
        </extensions>
      </trkpt>
      <trkpt lat="24.47353209368884563446044921875" lon="118.149726949632167816162109375">
        <ele>59.200000762939453125</ele>
        <time>2026-06-15T09:32:17.000Z</time>
        <extensions>
          <ns3:TrackPointExtension>
            <ns3:hr>86</ns3:hr>
            <ns3:cad>59</ns3:cad>
          </ns3:TrackPointExtension>
        </extensions>
      </trkpt>
      <trkpt lat="24.47353779338300228118896484375" lon="118.14972938038408756256103515625">
        <ele>59</ele>
        <time>2026-06-15T09:32:18.000Z</time>
        <extensions>
          <ns3:TrackPointExtension>
            <ns3:hr>86</ns3:hr>
            <ns3:cad>59</ns3:cad>
          </ns3:TrackPointExtension>
        </extensions>
      </trkpt>
      <trkpt lat="24.47354299016296863555908203125" lon="118.14973105676472187042236328125">
        <ele>58.799999237060546875</ele>
        <time>2026-06-15T09:32:19.000Z</time>
        <extensions>
          <ns3:TrackPointExtension>
            <ns3:hr>86</ns3:hr>
            <ns3:cad>59</ns3:cad>
          </ns3:TrackPointExtension>
        </extensions>
      </trkpt>
      <trkpt lat="24.47354600764811038970947265625" lon="118.14973139204084873199462890625">
        <ele>58.59999847412109375</ele>
        <time>2026-06-15T09:32:20.000Z</time>
        <extensions>
          <ns3:TrackPointExtension>
            <ns3:hr>86</ns3:hr>
            <ns3:cad>59</ns3:cad>
          </ns3:TrackPointExtension>
        </extensions>
      </trkpt>
      <trkpt lat="24.47355271317064762115478515625" lon="118.14973172731697559356689453125">
        <ele>58.40000152587890625</ele>
        <time>2026-06-15T09:32:21.000Z</time>
        <extensions>
          <ns3:TrackPointExtension>
            <ns3:hr>86</ns3:hr>
            <ns3:cad>57</ns3:cad>
          </ns3:TrackPointExtension>
        </extensions>
      </trkpt>
      <trkpt lat="24.473557658493518829345703125" lon="118.14973122440278530120849609375">
        <ele>58</ele>
        <time>2026-06-15T09:32:22.000Z</time>
        <extensions>
          <ns3:TrackPointExtension>
            <ns3:hr>86</ns3:hr>
            <ns3:cad>57</ns3:cad>
          </ns3:TrackPointExtension>
        </extensions>
      </trkpt>
      <trkpt lat="24.4735655374825000762939453125" lon="118.149733655154705047607421875">
        <ele>57.799999237060546875</ele>
        <time>2026-06-15T09:32:23.000Z</time>
        <extensions>
          <ns3:TrackPointExtension>
            <ns3:hr>87</ns3:hr>
            <ns3:cad>59</ns3:cad>
          </ns3:TrackPointExtension>
        </extensions>
      </trkpt>
      <trkpt lat="24.473574422299861907958984375" lon="118.14973776228725910186767578125">
        <ele>57.59999847412109375</ele>
        <time>2026-06-15T09:32:24.000Z</time>
        <extensions>
          <ns3:TrackPointExtension>
            <ns3:hr>87</ns3:hr>
            <ns3:cad>59</ns3:cad>
          </ns3:TrackPointExtension>
        </extensions>
      </trkpt>
      <trkpt lat="24.473580457270145416259765625" lon="118.14974136650562286376953125">
        <ele>57.40000152587890625</ele>
        <time>2026-06-15T09:32:25.000Z</time>
        <extensions>
          <ns3:TrackPointExtension>
            <ns3:hr>87</ns3:hr>
            <ns3:cad>59</ns3:cad>
          </ns3:TrackPointExtension>
        </extensions>
      </trkpt>
      <trkpt lat="24.47358640842139720916748046875" lon="118.14974513836205005645751953125">
        <ele>57.200000762939453125</ele>
        <time>2026-06-15T09:32:26.000Z</time>
        <extensions>
          <ns3:TrackPointExtension>
            <ns3:hr>88</ns3:hr>
            <ns3:cad>59</ns3:cad>
          </ns3:TrackPointExtension>
        </extensions>
      </trkpt>
      <trkpt lat="24.47359277866780757904052734375" lon="118.14974899403750896453857421875">
        <ele>57</ele>
        <time>2026-06-15T09:32:27.000Z</time>
        <extensions>
          <ns3:TrackPointExtension>
            <ns3:hr>89</ns3:hr>
            <ns3:cad>59</ns3:cad>
          </ns3:TrackPointExtension>
        </extensions>
      </trkpt>
      <trkpt lat="24.47359998710453510284423828125" lon="118.1497539393603801727294921875">
        <ele>56.799999237060546875</ele>
        <time>2026-06-15T09:32:28.000Z</time>
        <extensions>
          <ns3:TrackPointExtension>
            <ns3:hr>89</ns3:hr>
            <ns3:cad>59</ns3:cad>
          </ns3:TrackPointExtension>
        </extensions>
      </trkpt>
      <trkpt lat="24.47361406870186328887939453125" lon="118.14975821413099765777587890625">
        <ele>56.59999847412109375</ele>
        <time>2026-06-15T09:32:29.000Z</time>
        <extensions>
          <ns3:TrackPointExtension>
            <ns3:hr>90</ns3:hr>
            <ns3:cad>59</ns3:cad>
          </ns3:TrackPointExtension>
        </extensions>
      </trkpt>
      <trkpt lat="24.47362496517598628997802734375" lon="118.14975880086421966552734375">
        <ele>56.40000152587890625</ele>
        <time>2026-06-15T09:32:30.000Z</time>
        <extensions>
          <ns3:TrackPointExtension>
            <ns3:hr>91</ns3:hr>
            <ns3:cad>59</ns3:cad>
          </ns3:TrackPointExtension>
        </extensions>
      </trkpt>
      <trkpt lat="24.47363384999334812164306640625" lon="118.14976240508258342742919921875">
        <ele>56.40000152587890625</ele>
        <time>2026-06-15T09:32:31.000Z</time>
        <extensions>
          <ns3:TrackPointExtension>
            <ns3:hr>91</ns3:hr>
            <ns3:cad>59</ns3:cad>
          </ns3:TrackPointExtension>
        </extensions>
      </trkpt>
      <trkpt lat="24.473640136420726776123046875" lon="118.149765171110630035400390625">
        <ele>56.200000762939453125</ele>
        <time>2026-06-15T09:32:32.000Z</time>
        <extensions>
          <ns3:TrackPointExtension>
            <ns3:hr>92</ns3:hr>
            <ns3:cad>59</ns3:cad>
          </ns3:TrackPointExtension>
        </extensions>
      </trkpt>
      <trkpt lat="24.473649524152278900146484375" lon="118.14976609311997890472412109375">
        <ele>56.200000762939453125</ele>
        <time>2026-06-15T09:32:33.000Z</time>
        <extensions>
          <ns3:TrackPointExtension>
            <ns3:hr>92</ns3:hr>
            <ns3:cad>59</ns3:cad>
          </ns3:TrackPointExtension>
        </extensions>
      </trkpt>
      <trkpt lat="24.47365857660770416259765625" lon="118.14976860769093036651611328125">
        <ele>56</ele>
        <time>2026-06-15T09:32:34.000Z</time>
        <extensions>
          <ns3:TrackPointExtension>
            <ns3:hr>92</ns3:hr>
            <ns3:cad>57</ns3:cad>
          </ns3:TrackPointExtension>
        </extensions>
      </trkpt>
      <trkpt lat="24.47366285137832164764404296875" lon="118.149772547185420989990234375">
        <ele>55.799999237060546875</ele>
        <time>2026-06-15T09:32:35.000Z</time>
        <extensions>
          <ns3:TrackPointExtension>
            <ns3:hr>91</ns3:hr>
            <ns3:cad>57</ns3:cad>
          </ns3:TrackPointExtension>
        </extensions>
      </trkpt>
      <trkpt lat="24.4736714847385883331298828125" lon="118.14977782778441905975341796875">
        <ele>55.59999847412109375</ele>
        <time>2026-06-15T09:32:36.000Z</time>
        <extensions>
          <ns3:TrackPointExtension>
            <ns3:hr>92</ns3:hr>
            <ns3:cad>57</ns3:cad>
          </ns3:TrackPointExtension>
        </extensions>
      </trkpt>
      <trkpt lat="24.4736775197088718414306640625" lon="118.1497824378311634063720703125">
        <ele>55.200000762939453125</ele>
        <time>2026-06-15T09:32:37.000Z</time>
        <extensions>
          <ns3:TrackPointExtension>
            <ns3:hr>91</ns3:hr>
            <ns3:cad>57</ns3:cad>
          </ns3:TrackPointExtension>
        </extensions>
      </trkpt>
      <trkpt lat="24.47368263266980648040771484375" lon="118.1497857905924320220947265625">
        <ele>55</ele>
        <time>2026-06-15T09:32:38.000Z</time>
        <extensions>
          <ns3:TrackPointExtension>
            <ns3:hr>91</ns3:hr>
            <ns3:cad>57</ns3:cad>
          </ns3:TrackPointExtension>
        </extensions>
      </trkpt>
      <trkpt lat="24.473690427839756011962890625" lon="118.149790652096271514892578125">
        <ele>54.59999847412109375</ele>
        <time>2026-06-15T09:32:39.000Z</time>
        <extensions>
          <ns3:TrackPointExtension>
            <ns3:hr>91</ns3:hr>
            <ns3:cad>57</ns3:cad>
          </ns3:TrackPointExtension>
        </extensions>
      </trkpt>
      <trkpt lat="24.473701156675815582275390625" lon="118.14979827962815761566162109375">
        <ele>54.40000152587890625</ele>
        <time>2026-06-15T09:32:40.000Z</time>
        <extensions>
          <ns3:TrackPointExtension>
            <ns3:hr>92</ns3:hr>
            <ns3:cad>57</ns3:cad>
          </ns3:TrackPointExtension>
        </extensions>
      </trkpt>
      <trkpt lat="24.473710544407367706298828125" lon="118.14980330877006053924560546875">
        <ele>54.200000762939453125</ele>
        <time>2026-06-15T09:32:41.000Z</time>
        <extensions>
          <ns3:TrackPointExtension>
            <ns3:hr>91</ns3:hr>
            <ns3:cad>57</ns3:cad>
          </ns3:TrackPointExtension>
        </extensions>
      </trkpt>
      <trkpt lat="24.47371565736830234527587890625" lon="118.149808757007122039794921875">
        <ele>54</ele>
        <time>2026-06-15T09:32:42.000Z</time>
        <extensions>
          <ns3:TrackPointExtension>
            <ns3:hr>91</ns3:hr>
            <ns3:cad>57</ns3:cad>
          </ns3:TrackPointExtension>
        </extensions>
      </trkpt>
      <trkpt lat="24.47372269816696643829345703125" lon="118.149814791977405548095703125">
        <ele>53.799999237060546875</ele>
        <time>2026-06-15T09:32:43.000Z</time>
        <extensions>
          <ns3:TrackPointExtension>
            <ns3:hr>91</ns3:hr>
            <ns3:cad>57</ns3:cad>
          </ns3:TrackPointExtension>
        </extensions>
      </trkpt>
      <trkpt lat="24.47373191826045513153076171875" lon="118.149818480014801025390625">
        <ele>53.59999847412109375</ele>
        <time>2026-06-15T09:32:44.000Z</time>
        <extensions>
          <ns3:TrackPointExtension>
            <ns3:hr>91</ns3:hr>
            <ns3:cad>52</ns3:cad>
          </ns3:TrackPointExtension>
        </extensions>
      </trkpt>
      <trkpt lat="24.47374214418232440948486328125" lon="118.14982644282281398773193359375">
        <ele>53.40000152587890625</ele>
        <time>2026-06-15T09:32:45.000Z</time>
        <extensions>
          <ns3:TrackPointExtension>
            <ns3:hr>90</ns3:hr>
            <ns3:cad>52</ns3:cad>
          </ns3:TrackPointExtension>
        </extensions>
      </trkpt>
      <trkpt lat="24.47375069372355937957763671875" lon="118.1498310528695583343505859375">
        <ele>53.200000762939453125</ele>
        <time>2026-06-15T09:32:46.000Z</time>
        <extensions>
          <ns3:TrackPointExtension>
            <ns3:hr>90</ns3:hr>
            <ns3:cad>63</ns3:cad>
          </ns3:TrackPointExtension>
        </extensions>
      </trkpt>
      <trkpt lat="24.47376175783574581146240234375" lon="118.14983549527823925018310546875">
        <ele>53</ele>
        <time>2026-06-15T09:32:47.000Z</time>
        <extensions>
          <ns3:TrackPointExtension>
            <ns3:hr>89</ns3:hr>
            <ns3:cad>63</ns3:cad>
          </ns3:TrackPointExtension>
        </extensions>
      </trkpt>
      <trkpt lat="24.47377081029117107391357421875" lon="118.1498397700488567352294921875">
        <ele>52.799999237060546875</ele>
        <time>2026-06-15T09:32:48.000Z</time>
        <extensions>
          <ns3:TrackPointExtension>
            <ns3:hr>88</ns3:hr>
            <ns3:cad>61</ns3:cad>
          </ns3:TrackPointExtension>
        </extensions>
      </trkpt>
      <trkpt lat="24.4737824611365795135498046875" lon="118.14984463155269622802734375">
        <ele>52.59999847412109375</ele>
        <time>2026-06-15T09:32:49.000Z</time>
        <extensions>
          <ns3:TrackPointExtension>
            <ns3:hr>87</ns3:hr>
            <ns3:cad>59</ns3:cad>
          </ns3:TrackPointExtension>
        </extensions>
      </trkpt>
      <trkpt lat="24.4737921841442584991455078125" lon="118.1498498283326625823974609375">
        <ele>52.59999847412109375</ele>
        <time>2026-06-15T09:32:50.000Z</time>
        <extensions>
          <ns3:TrackPointExtension>
            <ns3:hr>86</ns3:hr>
            <ns3:cad>58</ns3:cad>
          </ns3:TrackPointExtension>
        </extensions>
      </trkpt>
      <trkpt lat="24.4737985543906688690185546875" lon="118.14985410310328006744384765625">
        <ele>52.40000152587890625</ele>
        <time>2026-06-15T09:32:51.000Z</time>
        <extensions>
          <ns3:TrackPointExtension>
            <ns3:hr>85</ns3:hr>
            <ns3:cad>58</ns3:cad>
          </ns3:TrackPointExtension>
        </extensions>
      </trkpt>
      <trkpt lat="24.47380836121737957000732421875" lon="118.1498573720455169677734375">
        <ele>52.40000152587890625</ele>
        <time>2026-06-15T09:32:52.000Z</time>
        <extensions>
          <ns3:TrackPointExtension>
            <ns3:hr>84</ns3:hr>
            <ns3:cad>58</ns3:cad>
          </ns3:TrackPointExtension>
        </extensions>
      </trkpt>
      <trkpt lat="24.4738161563873291015625" lon="118.14985594712197780609130859375">
        <ele>52.200000762939453125</ele>
        <time>2026-06-15T09:32:53.000Z</time>
        <extensions>
          <ns3:TrackPointExtension>
            <ns3:hr>84</ns3:hr>
            <ns3:cad>58</ns3:cad>
          </ns3:TrackPointExtension>
        </extensions>
      </trkpt>
      <trkpt lat="24.47382244281470775604248046875" lon="118.14985645003616809844970703125">
        <ele>52</ele>
        <time>2026-06-15T09:32:54.000Z</time>
        <extensions>
          <ns3:TrackPointExtension>
            <ns3:hr>84</ns3:hr>
            <ns3:cad>58</ns3:cad>
          </ns3:TrackPointExtension>
        </extensions>
      </trkpt>
      <trkpt lat="24.4738283939659595489501953125" lon="118.14985536038875579833984375">
        <ele>51.799999237060546875</ele>
        <time>2026-06-15T09:32:55.000Z</time>
        <extensions>
          <ns3:TrackPointExtension>
            <ns3:hr>84</ns3:hr>
            <ns3:cad>58</ns3:cad>
          </ns3:TrackPointExtension>
        </extensions>
      </trkpt>
      <trkpt lat="24.4738340936601161956787109375" lon="118.1498578749597072601318359375">
        <ele>51.59999847412109375</ele>
        <time>2026-06-15T09:32:56.000Z</time>
        <extensions>
          <ns3:TrackPointExtension>
            <ns3:hr>84</ns3:hr>
            <ns3:cad>58</ns3:cad>
          </ns3:TrackPointExtension>
        </extensions>
      </trkpt>
      <trkpt lat="24.47384138591587543487548828125" lon="118.14985997043550014495849609375">
        <ele>51.40000152587890625</ele>
        <time>2026-06-15T09:32:57.000Z</time>
        <extensions>
          <ns3:TrackPointExtension>
            <ns3:hr>83</ns3:hr>
            <ns3:cad>58</ns3:cad>
          </ns3:TrackPointExtension>
        </extensions>
      </trkpt>
      <trkpt lat="24.473852701485157012939453125" lon="118.14985980279743671417236328125">
        <ele>51.200000762939453125</ele>
        <time>2026-06-15T09:32:58.000Z</time>
        <extensions>
          <ns3:TrackPointExtension>
            <ns3:hr>83</ns3:hr>
            <ns3:cad>58</ns3:cad>
          </ns3:TrackPointExtension>
        </extensions>
      </trkpt>
      <trkpt lat="24.4738589040935039520263671875" lon="118.149857707321643829345703125">
        <ele>51</ele>
        <time>2026-06-15T09:32:59.000Z</time>
        <extensions>
          <ns3:TrackPointExtension>
            <ns3:hr>83</ns3:hr>
            <ns3:cad>57</ns3:cad>
          </ns3:TrackPointExtension>
        </extensions>
      </trkpt>
      <trkpt lat="24.47386971674859523773193359375" lon="118.14985561184585094451904296875">
        <ele>51</ele>
        <time>2026-06-15T09:33:00.000Z</time>
        <extensions>
          <ns3:TrackPointExtension>
            <ns3:hr>83</ns3:hr>
            <ns3:cad>57</ns3:cad>
          </ns3:TrackPointExtension>
        </extensions>
      </trkpt>
      <trkpt lat="24.4738783501088619232177734375" lon="118.1498582102358341217041015625">
        <ele>50.799999237060546875</ele>
        <time>2026-06-15T09:33:01.000Z</time>
        <extensions>
          <ns3:TrackPointExtension>
            <ns3:hr>84</ns3:hr>
            <ns3:cad>58</ns3:cad>
          </ns3:TrackPointExtension>
        </extensions>
      </trkpt>
      <trkpt lat="24.47389419190585613250732421875" lon="118.14985477365553379058837890625">
        <ele>50.799999237060546875</ele>
        <time>2026-06-15T09:33:02.000Z</time>
        <extensions>
          <ns3:TrackPointExtension>
            <ns3:hr>83</ns3:hr>
            <ns3:cad>59</ns3:cad>
          </ns3:TrackPointExtension>
        </extensions>
      </trkpt>
      <trkpt lat="24.47390508837997913360595703125" lon="118.1498555280268192291259765625">
        <ele>50.799999237060546875</ele>
        <time>2026-06-15T09:33:03.000Z</time>
        <extensions>
          <ns3:TrackPointExtension>
            <ns3:hr>83</ns3:hr>
            <ns3:cad>59</ns3:cad>
          </ns3:TrackPointExtension>
        </extensions>
      </trkpt>
      <trkpt lat="24.4739167392253875732421875" lon="118.14985670149326324462890625">
        <ele>50.799999237060546875</ele>
        <time>2026-06-15T09:33:04.000Z</time>
        <extensions>
          <ns3:TrackPointExtension>
            <ns3:hr>82</ns3:hr>
            <ns3:cad>59</ns3:cad>
          </ns3:TrackPointExtension>
        </extensions>
      </trkpt>
      <trkpt lat="24.4739279709756374359130859375" lon="118.1498595513403415679931640625">
        <ele>50.799999237060546875</ele>
        <time>2026-06-15T09:33:05.000Z</time>
        <extensions>
          <ns3:TrackPointExtension>
            <ns3:hr>82</ns3:hr>
            <ns3:cad>59</ns3:cad>
          </ns3:TrackPointExtension>
        </extensions>
      </trkpt>
      <trkpt lat="24.47393576614558696746826171875" lon="118.14986365847289562225341796875">
        <ele>50.799999237060546875</ele>
        <time>2026-06-15T09:33:06.000Z</time>
        <extensions>
          <ns3:TrackPointExtension>
            <ns3:hr>81</ns3:hr>
            <ns3:cad>57</ns3:cad>
          </ns3:TrackPointExtension>
        </extensions>
      </trkpt>
      <trkpt lat="24.47395102120935916900634765625" lon="118.14987187273800373077392578125">
        <ele>50.799999237060546875</ele>
        <time>2026-06-15T09:33:07.000Z</time>
        <extensions>
          <ns3:TrackPointExtension>
            <ns3:hr>81</ns3:hr>
            <ns3:cad>57</ns3:cad>
          </ns3:TrackPointExtension>
        </extensions>
      </trkpt>
      <trkpt lat="24.4739665277302265167236328125" lon="118.14987757243216037750244140625">
        <ele>50.59999847412109375</ele>
        <time>2026-06-15T09:33:08.000Z</time>
        <extensions>
          <ns3:TrackPointExtension>
            <ns3:hr>81</ns3:hr>
            <ns3:cad>55</ns3:cad>
          </ns3:TrackPointExtension>
        </extensions>
      </trkpt>
      <trkpt lat="24.47398371063172817230224609375" lon="118.14988494850695133209228515625">
        <ele>50.40000152587890625</ele>
        <time>2026-06-15T09:33:09.000Z</time>
        <extensions>
          <ns3:TrackPointExtension>
            <ns3:hr>82</ns3:hr>
            <ns3:cad>55</ns3:cad>
          </ns3:TrackPointExtension>
        </extensions>
      </trkpt>
      <trkpt lat="24.4739960320293903350830078125" lon="118.1498863734304904937744140625">
        <ele>50.40000152587890625</ele>
        <time>2026-06-15T09:33:10.000Z</time>
        <extensions>
          <ns3:TrackPointExtension>
            <ns3:hr>81</ns3:hr>
            <ns3:cad>53</ns3:cad>
          </ns3:TrackPointExtension>
        </extensions>
      </trkpt>
      <trkpt lat="24.47400701232254505157470703125" lon="118.1498843617737293243408203125">
        <ele>50.40000152587890625</ele>
        <time>2026-06-15T09:33:11.000Z</time>
        <extensions>
          <ns3:TrackPointExtension>
            <ns3:hr>81</ns3:hr>
            <ns3:cad>53</ns3:cad>
          </ns3:TrackPointExtension>
        </extensions>
      </trkpt>
      <trkpt lat="24.47401874698698520660400390625" lon="118.14988327212631702423095703125">
        <ele>50.200000762939453125</ele>
        <time>2026-06-15T09:33:12.000Z</time>
        <extensions>
          <ns3:TrackPointExtension>
            <ns3:hr>82</ns3:hr>
            <ns3:cad>53</ns3:cad>
          </ns3:TrackPointExtension>
        </extensions>
      </trkpt>
      <trkpt lat="24.47402746416628360748291015625" lon="118.1498820148408412933349609375">
        <ele>50.200000762939453125</ele>
        <time>2026-06-15T09:33:13.000Z</time>
        <extensions>
          <ns3:TrackPointExtension>
            <ns3:hr>83</ns3:hr>
            <ns3:cad>55</ns3:cad>
          </ns3:TrackPointExtension>
        </extensions>
      </trkpt>
      <trkpt lat="24.47403701953589916229248046875" lon="118.1498803384602069854736328125">
        <ele>50</ele>
        <time>2026-06-15T09:33:14.000Z</time>
        <extensions>
          <ns3:TrackPointExtension>
            <ns3:hr>85</ns3:hr>
            <ns3:cad>55</ns3:cad>
          </ns3:TrackPointExtension>
        </extensions>
      </trkpt>
      <trkpt lat="24.4740439765155315399169921875" lon="118.14987941645085811614990234375">
        <ele>49.799999237060546875</ele>
        <time>2026-06-15T09:33:15.000Z</time>
        <extensions>
          <ns3:TrackPointExtension>
            <ns3:hr>86</ns3:hr>
            <ns3:cad>55</ns3:cad>
          </ns3:TrackPointExtension>
        </extensions>
      </trkpt>
      <trkpt lat="24.47405110113322734832763671875" lon="118.1498749740421772003173828125">
        <ele>49.59999847412109375</ele>
        <time>2026-06-15T09:33:16.000Z</time>
        <extensions>
          <ns3:TrackPointExtension>
            <ns3:hr>86</ns3:hr>
            <ns3:cad>55</ns3:cad>
          </ns3:TrackPointExtension>
        </extensions>
      </trkpt>
      <trkpt lat="24.47406359016895294189453125" lon="118.14987304620444774627685546875">
        <ele>49.40000152587890625</ele>
        <time>2026-06-15T09:33:17.000Z</time>
        <extensions>
          <ns3:TrackPointExtension>
            <ns3:hr>86</ns3:hr>
            <ns3:cad>55</ns3:cad>
          </ns3:TrackPointExtension>
        </extensions>
      </trkpt>
      <trkpt lat="24.4740778394043445587158203125" lon="118.14987237565219402313232421875">
        <ele>49.200000762939453125</ele>
        <time>2026-06-15T09:33:18.000Z</time>
        <extensions>
          <ns3:TrackPointExtension>
            <ns3:hr>86</ns3:hr>
            <ns3:cad>112</ns3:cad>
          </ns3:TrackPointExtension>
        </extensions>
      </trkpt>
      <trkpt lat="24.47409066371619701385498046875" lon="118.1498726271092891693115234375">
        <ele>49</ele>
        <time>2026-06-15T09:33:19.000Z</time>
        <extensions>
          <ns3:TrackPointExtension>
            <ns3:hr>86</ns3:hr>
            <ns3:cad>112</ns3:cad>
          </ns3:TrackPointExtension>
        </extensions>
      </trkpt>
      <trkpt lat="24.47409770451486110687255859375" lon="118.149875141680240631103515625">
        <ele>48.799999237060546875</ele>
        <time>2026-06-15T09:33:20.000Z</time>
        <extensions>
          <ns3:TrackPointExtension>
            <ns3:hr>86</ns3:hr>
            <ns3:cad>112</ns3:cad>
          </ns3:TrackPointExtension>
        </extensions>
      </trkpt>
      <trkpt lat="24.47410005144774913787841796875" lon="118.14987924881279468536376953125">
        <ele>48.59999847412109375</ele>
        <time>2026-06-15T09:33:21.000Z</time>
        <extensions>
          <ns3:TrackPointExtension>
            <ns3:hr>85</ns3:hr>
            <ns3:cad>112</ns3:cad>
          </ns3:TrackPointExtension>
        </extensions>
      </trkpt>
      <trkpt lat="24.47410306893289089202880859375" lon="118.14988444559276103973388671875">
        <ele>48.200000762939453125</ele>
        <time>2026-06-15T09:33:22.000Z</time>
        <extensions>
          <ns3:TrackPointExtension>
            <ns3:hr>85</ns3:hr>
            <ns3:cad>112</ns3:cad>
          </ns3:TrackPointExtension>
        </extensions>
      </trkpt>
      <trkpt lat="24.47410692460834980010986328125" lon="118.14988754689693450927734375">
        <ele>48</ele>
        <time>2026-06-15T09:33:23.000Z</time>
        <extensions>
          <ns3:TrackPointExtension>
            <ns3:hr>84</ns3:hr>
            <ns3:cad>112</ns3:cad>
          </ns3:TrackPointExtension>
        </extensions>
      </trkpt>
      <trkpt lat="24.474114887416362762451171875" lon="118.1498920731246471405029296875">
        <ele>47.799999237060546875</ele>
        <time>2026-06-15T09:33:24.000Z</time>
        <extensions>
          <ns3:TrackPointExtension>
            <ns3:hr>84</ns3:hr>
            <ns3:cad>56</ns3:cad>
          </ns3:TrackPointExtension>
        </extensions>
      </trkpt>
      <trkpt lat="24.47412528097629547119140625" lon="118.14989483915269374847412109375">
        <ele>47.59999847412109375</ele>
        <time>2026-06-15T09:33:25.000Z</time>
        <extensions>
          <ns3:TrackPointExtension>
            <ns3:hr>84</ns3:hr>
            <ns3:cad>56</ns3:cad>
          </ns3:TrackPointExtension>
        </extensions>
      </trkpt>
      <trkpt lat="24.47413290850818157196044921875" lon="118.14990020357072353363037109375">
        <ele>47.40000152587890625</ele>
        <time>2026-06-15T09:33:26.000Z</time>
        <extensions>
          <ns3:TrackPointExtension>
            <ns3:hr>84</ns3:hr>
            <ns3:cad>56</ns3:cad>
          </ns3:TrackPointExtension>
        </extensions>
      </trkpt>
      <trkpt lat="24.47414078749716281890869140625" lon="118.14990590326488018035888671875">
        <ele>47.200000762939453125</ele>
        <time>2026-06-15T09:33:27.000Z</time>
        <extensions>
          <ns3:TrackPointExtension>
            <ns3:hr>84</ns3:hr>
            <ns3:cad>56</ns3:cad>
          </ns3:TrackPointExtension>
        </extensions>
      </trkpt>
      <trkpt lat="24.47414807975292205810546875" lon="118.149910010397434234619140625">
        <ele>46.799999237060546875</ele>
        <time>2026-06-15T09:33:28.000Z</time>
        <extensions>
          <ns3:TrackPointExtension>
            <ns3:hr>83</ns3:hr>
            <ns3:cad>56</ns3:cad>
          </ns3:TrackPointExtension>
        </extensions>
      </trkpt>
      <trkpt lat="24.4741539470851421356201171875" lon="118.14991126768290996551513671875">
        <ele>46.59999847412109375</ele>
        <time>2026-06-15T09:33:29.000Z</time>
        <extensions>
          <ns3:TrackPointExtension>
            <ns3:hr>83</ns3:hr>
            <ns3:cad>0</ns3:cad>
          </ns3:TrackPointExtension>
        </extensions>
      </trkpt>
      <trkpt lat="24.4741608202457427978515625" lon="118.14991545863449573516845703125">
        <ele>46.40000152587890625</ele>
        <time>2026-06-15T09:33:30.000Z</time>
        <extensions>
          <ns3:TrackPointExtension>
            <ns3:hr>83</ns3:hr>
            <ns3:cad>0</ns3:cad>
          </ns3:TrackPointExtension>
        </extensions>
      </trkpt>
      <trkpt lat="24.4741688668727874755859375" lon="118.14992216415703296661376953125">
        <ele>46.200000762939453125</ele>
        <time>2026-06-15T09:33:31.000Z</time>
        <extensions>
          <ns3:TrackPointExtension>
            <ns3:hr>84</ns3:hr>
            <ns3:cad>55</ns3:cad>
          </ns3:TrackPointExtension>
        </extensions>
      </trkpt>
      <trkpt lat="24.4741769134998321533203125" lon="118.14992954023182392120361328125">
        <ele>46</ele>
        <time>2026-06-15T09:33:32.000Z</time>
        <extensions>
          <ns3:TrackPointExtension>
            <ns3:hr>84</ns3:hr>
            <ns3:cad>55</ns3:cad>
          </ns3:TrackPointExtension>
        </extensions>
      </trkpt>
      <trkpt lat="24.4741814397275447845458984375" lon="118.149940185248851776123046875">
        <ele>45.799999237060546875</ele>
        <time>2026-06-15T09:33:33.000Z</time>
        <extensions>
          <ns3:TrackPointExtension>
            <ns3:hr>84</ns3:hr>
            <ns3:cad>55</ns3:cad>
          </ns3:TrackPointExtension>
        </extensions>
      </trkpt>
      <trkpt lat="24.4741864688694477081298828125" lon="118.149951584637165069580078125">
        <ele>45.40000152587890625</ele>
        <time>2026-06-15T09:33:34.000Z</time>
        <extensions>
          <ns3:TrackPointExtension>
            <ns3:hr>84</ns3:hr>
            <ns3:cad>55</ns3:cad>
          </ns3:TrackPointExtension>
        </extensions>
      </trkpt>
      <trkpt lat="24.474195353686809539794921875" lon="118.1499601341784000396728515625">
        <ele>45.200000762939453125</ele>
        <time>2026-06-15T09:33:35.000Z</time>
        <extensions>
          <ns3:TrackPointExtension>
            <ns3:hr>85</ns3:hr>
            <ns3:cad>55</ns3:cad>
          </ns3:TrackPointExtension>
        </extensions>
      </trkpt>
      <trkpt lat="24.47420306503772735595703125" lon="118.14996927045285701751708984375">
        <ele>45</ele>
        <time>2026-06-15T09:33:36.000Z</time>
        <extensions>
          <ns3:TrackPointExtension>
            <ns3:hr>85</ns3:hr>
            <ns3:cad>57</ns3:cad>
          </ns3:TrackPointExtension>
        </extensions>
      </trkpt>
      <trkpt lat="24.47420650161802768707275390625" lon="118.14997597597539424896240234375">
        <ele>44.799999237060546875</ele>
        <time>2026-06-15T09:33:37.000Z</time>
        <extensions>
          <ns3:TrackPointExtension>
            <ns3:hr>85</ns3:hr>
            <ns3:cad>64</ns3:cad>
          </ns3:TrackPointExtension>
        </extensions>
      </trkpt>
      <trkpt lat="24.47421111166477203369140625" lon="118.1499862857162952423095703125">
        <ele>44.799999237060546875</ele>
        <time>2026-06-15T09:33:38.000Z</time>
        <extensions>
          <ns3:TrackPointExtension>
            <ns3:hr>85</ns3:hr>
            <ns3:cad>64</ns3:cad>
          </ns3:TrackPointExtension>
        </extensions>
      </trkpt>
      <trkpt lat="24.4742156378924846649169921875" lon="118.14999081194400787353515625">
        <ele>44.59999847412109375</ele>
        <time>2026-06-15T09:33:39.000Z</time>
        <extensions>
          <ns3:TrackPointExtension>
            <ns3:hr>85</ns3:hr>
            <ns3:cad>63</ns3:cad>
          </ns3:TrackPointExtension>
        </extensions>
      </trkpt>
      <trkpt lat="24.47422276251018047332763671875" lon="118.14999894239008426666259765625">
        <ele>44.59999847412109375</ele>
        <time>2026-06-15T09:33:40.000Z</time>
        <extensions>
          <ns3:TrackPointExtension>
            <ns3:hr>85</ns3:hr>
            <ns3:cad>60</ns3:cad>
          </ns3:TrackPointExtension>
        </extensions>
      </trkpt>
      <trkpt lat="24.47423030622303485870361328125" lon="118.15000631846487522125244140625">
        <ele>44.59999847412109375</ele>
        <time>2026-06-15T09:33:41.000Z</time>
        <extensions>
          <ns3:TrackPointExtension>
            <ns3:hr>86</ns3:hr>
            <ns3:cad>59</ns3:cad>
          </ns3:TrackPointExtension>
        </extensions>
      </trkpt>
      <trkpt lat="24.47423885576426982879638671875" lon="118.15001889131963253021240234375">
        <ele>44.40000152587890625</ele>
        <time>2026-06-15T09:33:42.000Z</time>
        <extensions>
          <ns3:TrackPointExtension>
            <ns3:hr>86</ns3:hr>
            <ns3:cad>59</ns3:cad>
          </ns3:TrackPointExtension>
        </extensions>
      </trkpt>
      <trkpt lat="24.474250338971614837646484375" lon="118.1500322185456752777099609375">
        <ele>44.40000152587890625</ele>
        <time>2026-06-15T09:33:43.000Z</time>
        <extensions>
          <ns3:TrackPointExtension>
            <ns3:hr>86</ns3:hr>
            <ns3:cad>59</ns3:cad>
          </ns3:TrackPointExtension>
        </extensions>
      </trkpt>
      <trkpt lat="24.4742595590651035308837890625" lon="118.15003649331629276275634765625">
        <ele>44.200000762939453125</ele>
        <time>2026-06-15T09:33:44.000Z</time>
        <extensions>
          <ns3:TrackPointExtension>
            <ns3:hr>86</ns3:hr>
            <ns3:cad>59</ns3:cad>
          </ns3:TrackPointExtension>
        </extensions>
      </trkpt>
      <trkpt lat="24.47426819242537021636962890625" lon="118.1500409357249736785888671875">
        <ele>44.200000762939453125</ele>
        <time>2026-06-15T09:33:45.000Z</time>
        <extensions>
          <ns3:TrackPointExtension>
            <ns3:hr>86</ns3:hr>
            <ns3:cad>56</ns3:cad>
          </ns3:TrackPointExtension>
        </extensions>
      </trkpt>
      <trkpt lat="24.4742763228714466094970703125" lon="118.15004671923816204071044921875">
        <ele>44.200000762939453125</ele>
        <time>2026-06-15T09:33:46.000Z</time>
        <extensions>
          <ns3:TrackPointExtension>
            <ns3:hr>87</ns3:hr>
            <ns3:cad>56</ns3:cad>
          </ns3:TrackPointExtension>
        </extensions>
      </trkpt>
      <trkpt lat="24.474285207688808441162109375" lon="118.15005459822714328765869140625">
        <ele>44</ele>
        <time>2026-06-15T09:33:47.000Z</time>
        <extensions>
          <ns3:TrackPointExtension>
            <ns3:hr>87</ns3:hr>
            <ns3:cad>56</ns3:cad>
          </ns3:TrackPointExtension>
        </extensions>
      </trkpt>
      <trkpt lat="24.47429350577294826507568359375" lon="118.150060884654521942138671875">
        <ele>43.799999237060546875</ele>
        <time>2026-06-15T09:33:48.000Z</time>
        <extensions>
          <ns3:TrackPointExtension>
            <ns3:hr>87</ns3:hr>
            <ns3:cad>58</ns3:cad>
          </ns3:TrackPointExtension>
        </extensions>
      </trkpt>
      <trkpt lat="24.4743001274764537811279296875" lon="118.150065578520298004150390625">
        <ele>43.59999847412109375</ele>
        <time>2026-06-15T09:33:49.000Z</time>
        <extensions>
          <ns3:TrackPointExtension>
            <ns3:hr>87</ns3:hr>
            <ns3:cad>58</ns3:cad>
          </ns3:TrackPointExtension>
        </extensions>
      </trkpt>
      <trkpt lat="24.4743041507899761199951171875" lon="118.15006800927221775054931640625">
        <ele>43.40000152587890625</ele>
        <time>2026-06-15T09:33:50.000Z</time>
        <extensions>
          <ns3:TrackPointExtension>
            <ns3:hr>86</ns3:hr>
            <ns3:cad>58</ns3:cad>
          </ns3:TrackPointExtension>
        </extensions>
      </trkpt>
      <trkpt lat="24.47431211359798908233642578125" lon="118.15007530152797698974609375">
        <ele>43</ele>
        <time>2026-06-15T09:33:51.000Z</time>
        <extensions>
          <ns3:TrackPointExtension>
            <ns3:hr>86</ns3:hr>
            <ns3:cad>58</ns3:cad>
          </ns3:TrackPointExtension>
        </extensions>
      </trkpt>
      <trkpt lat="24.47431479580700397491455078125" lon="118.1500804983079433441162109375">
        <ele>42.799999237060546875</ele>
        <time>2026-06-15T09:33:52.000Z</time>
        <extensions>
          <ns3:TrackPointExtension>
            <ns3:hr>84</ns3:hr>
            <ns3:cad>58</ns3:cad>
          </ns3:TrackPointExtension>
        </extensions>
      </trkpt>
      <trkpt lat="24.47431596927344799041748046875" lon="118.15008477307856082916259765625">
        <ele>42.59999847412109375</ele>
        <time>2026-06-15T09:33:53.000Z</time>
        <extensions>
          <ns3:TrackPointExtension>
            <ns3:hr>84</ns3:hr>
            <ns3:cad>55</ns3:cad>
          </ns3:TrackPointExtension>
        </extensions>
      </trkpt>
      <trkpt lat="24.4743190705776214599609375" lon="118.1500907242298126220703125">
        <ele>42.200000762939453125</ele>
        <time>2026-06-15T09:33:54.000Z</time>
        <extensions>
          <ns3:TrackPointExtension>
            <ns3:hr>84</ns3:hr>
            <ns3:cad>55</ns3:cad>
          </ns3:TrackPointExtension>
        </extensions>
      </trkpt>
      <trkpt lat="24.4743244349956512451171875" lon="118.15009784884750843048095703125">
        <ele>42</ele>
        <time>2026-06-15T09:33:55.000Z</time>
        <extensions>
          <ns3:TrackPointExtension>
            <ns3:hr>83</ns3:hr>
            <ns3:cad>55</ns3:cad>
          </ns3:TrackPointExtension>
        </extensions>
      </trkpt>
      <trkpt lat="24.474329464137554168701171875" lon="118.1501046381890773773193359375">
        <ele>41.799999237060546875</ele>
        <time>2026-06-15T09:33:56.000Z</time>
        <extensions>
          <ns3:TrackPointExtension>
            <ns3:hr>83</ns3:hr>
            <ns3:cad>55</ns3:cad>
          </ns3:TrackPointExtension>
        </extensions>
      </trkpt>
      <trkpt lat="24.47433491237461566925048828125" lon="118.15010673366487026214599609375">
        <ele>41.59999847412109375</ele>
        <time>2026-06-15T09:33:57.000Z</time>
        <extensions>
          <ns3:TrackPointExtension>
            <ns3:hr>83</ns3:hr>
            <ns3:cad>55</ns3:cad>
          </ns3:TrackPointExtension>
        </extensions>
      </trkpt>
      <trkpt lat="24.47433985769748687744140625" lon="118.1501110084354877471923828125">
        <ele>41.40000152587890625</ele>
        <time>2026-06-15T09:33:58.000Z</time>
        <extensions>
          <ns3:TrackPointExtension>
            <ns3:hr>83</ns3:hr>
            <ns3:cad>55</ns3:cad>
          </ns3:TrackPointExtension>
        </extensions>
      </trkpt>
      <trkpt lat="24.474345557391643524169921875" lon="118.15011343918740749359130859375">
        <ele>41.200000762939453125</ele>
        <time>2026-06-15T09:33:59.000Z</time>
        <extensions>
          <ns3:TrackPointExtension>
            <ns3:hr>83</ns3:hr>
            <ns3:cad>55</ns3:cad>
          </ns3:TrackPointExtension>
        </extensions>
      </trkpt>
      <trkpt lat="24.47435460984706878662109375" lon="118.15011628903448581695556640625">
        <ele>41.200000762939453125</ele>
        <time>2026-06-15T09:34:00.000Z</time>
        <extensions>
          <ns3:TrackPointExtension>
            <ns3:hr>83</ns3:hr>
            <ns3:cad>55</ns3:cad>
          </ns3:TrackPointExtension>
        </extensions>
      </trkpt>
      <trkpt lat="24.47436131536960601806640625" lon="118.1501143611967563629150390625">
        <ele>41.200000762939453125</ele>
        <time>2026-06-15T09:34:01.000Z</time>
        <extensions>
          <ns3:TrackPointExtension>
            <ns3:hr>82</ns3:hr>
            <ns3:cad>0</ns3:cad>
          </ns3:TrackPointExtension>
        </extensions>
      </trkpt>
      <trkpt lat="24.47437246330082416534423828125" lon="118.15011645667254924774169921875">
        <ele>41</ele>
        <time>2026-06-15T09:34:02.000Z</time>
        <extensions>
          <ns3:TrackPointExtension>
            <ns3:hr>82</ns3:hr>
            <ns3:cad>0</ns3:cad>
          </ns3:TrackPointExtension>
        </extensions>
      </trkpt>
      <trkpt lat="24.47438838891685009002685546875" lon="118.1501240842044353485107421875">
        <ele>41</ele>
        <time>2026-06-15T09:34:03.000Z</time>
        <extensions>
          <ns3:TrackPointExtension>
            <ns3:hr>82</ns3:hr>
            <ns3:cad>0</ns3:cad>
          </ns3:TrackPointExtension>
        </extensions>
      </trkpt>
      <trkpt lat="24.47439710609614849090576171875" lon="118.15012835897505283355712890625">
        <ele>40.799999237060546875</ele>
        <time>2026-06-15T09:34:04.000Z</time>
        <extensions>
          <ns3:TrackPointExtension>
            <ns3:hr>83</ns3:hr>
            <ns3:cad>0</ns3:cad>
          </ns3:TrackPointExtension>
        </extensions>
      </trkpt>
      <trkpt lat="24.474414624273777008056640625" lon="118.1501234136521816253662109375">
        <ele>40.59999847412109375</ele>
        <time>2026-06-15T09:34:05.000Z</time>
        <extensions>
          <ns3:TrackPointExtension>
            <ns3:hr>83</ns3:hr>
            <ns3:cad>0</ns3:cad>
          </ns3:TrackPointExtension>
        </extensions>
      </trkpt>
      <trkpt lat="24.47442292235791683197021484375" lon="118.1501230783760547637939453125">
        <ele>40.59999847412109375</ele>
        <time>2026-06-15T09:34:06.000Z</time>
        <extensions>
          <ns3:TrackPointExtension>
            <ns3:hr>83</ns3:hr>
            <ns3:cad>0</ns3:cad>
          </ns3:TrackPointExtension>
        </extensions>
      </trkpt>
      <trkpt lat="24.4744290411472320556640625" lon="118.1501220725476741790771484375">
        <ele>40.799999237060546875</ele>
        <time>2026-06-15T09:34:07.000Z</time>
        <extensions>
          <ns3:TrackPointExtension>
            <ns3:hr>83</ns3:hr>
            <ns3:cad>55</ns3:cad>
          </ns3:TrackPointExtension>
        </extensions>
      </trkpt>
      <trkpt lat="24.47444044053554534912109375" lon="118.15011947415769100189208984375">
        <ele>40.799999237060546875</ele>
        <time>2026-06-15T09:34:08.000Z</time>
        <extensions>
          <ns3:TrackPointExtension>
            <ns3:hr>83</ns3:hr>
            <ns3:cad>55</ns3:cad>
          </ns3:TrackPointExtension>
        </extensions>
      </trkpt>
      <trkpt lat="24.47444915771484375" lon="118.15011746250092983245849609375">
        <ele>40.799999237060546875</ele>
        <time>2026-06-15T09:34:09.000Z</time>
        <extensions>
          <ns3:TrackPointExtension>
            <ns3:hr>82</ns3:hr>
            <ns3:cad>0</ns3:cad>
          </ns3:TrackPointExtension>
        </extensions>
      </trkpt>
      <trkpt lat="24.4744590483605861663818359375" lon="118.15011528320610523223876953125">
        <ele>40.799999237060546875</ele>
        <time>2026-06-15T09:34:10.000Z</time>
        <extensions>
          <ns3:TrackPointExtension>
            <ns3:hr>83</ns3:hr>
            <ns3:cad>0</ns3:cad>
          </ns3:TrackPointExtension>
        </extensions>
      </trkpt>
      <trkpt lat="24.4744607247412204742431640625" lon="118.1501153670251369476318359375">
        <ele>40.59999847412109375</ele>
        <time>2026-06-15T09:34:11.000Z</time>
        <extensions>
          <ns3:TrackPointExtension>
            <ns3:hr>82</ns3:hr>
            <ns3:cad>0</ns3:cad>
          </ns3:TrackPointExtension>
        </extensions>
      </trkpt>
      <trkpt lat="24.47446382604539394378662109375" lon="118.15011729486286640167236328125">
        <ele>40.40000152587890625</ele>
        <time>2026-06-15T09:34:12.000Z</time>
        <extensions>
          <ns3:TrackPointExtension>
            <ns3:hr>82</ns3:hr>
            <ns3:cad>0</ns3:cad>
          </ns3:TrackPointExtension>
        </extensions>
      </trkpt>
      <trkpt lat="24.4744637422263622283935546875" lon="118.1501153670251369476318359375">
        <ele>40.200000762939453125</ele>
        <time>2026-06-15T09:34:13.000Z</time>
        <extensions>
          <ns3:TrackPointExtension>
            <ns3:hr>82</ns3:hr>
            <ns3:cad>0</ns3:cad>
          </ns3:TrackPointExtension>
        </extensions>
      </trkpt>
      <trkpt lat="24.4744677655398845672607421875" lon="118.15011947415769100189208984375">
        <ele>40.200000762939453125</ele>
        <time>2026-06-15T09:34:14.000Z</time>
        <extensions>
          <ns3:TrackPointExtension>
            <ns3:hr>83</ns3:hr>
            <ns3:cad>0</ns3:cad>
          </ns3:TrackPointExtension>
        </extensions>
      </trkpt>
      <trkpt lat="24.4744692742824554443359375" lon="118.15012089908123016357421875">
        <ele>40.200000762939453125</ele>
        <time>2026-06-15T09:34:15.000Z</time>
        <extensions>
          <ns3:TrackPointExtension>
            <ns3:hr>83</ns3:hr>
            <ns3:cad>0</ns3:cad>
          </ns3:TrackPointExtension>
        </extensions>
      </trkpt>
      <trkpt lat="24.4744694419205188751220703125" lon="118.15012047998607158660888671875">
        <ele>40.40000152587890625</ele>
        <time>2026-06-15T09:34:16.000Z</time>
        <extensions>
          <ns3:TrackPointExtension>
            <ns3:hr>83</ns3:hr>
            <ns3:cad>0</ns3:cad>
          </ns3:TrackPointExtension>
        </extensions>
      </trkpt>
      <trkpt lat="24.47447053156793117523193359375" lon="118.1501604616641998291015625">
        <ele>39.799999237060546875</ele>
        <time>2026-06-15T09:34:24.000Z</time>
        <extensions>
          <ns3:TrackPointExtension>
            <ns3:hr>83</ns3:hr>
            <ns3:cad>0</ns3:cad>
          </ns3:TrackPointExtension>
        </extensions>
      </trkpt>
      <trkpt lat="24.47447396814823150634765625" lon="118.15016523934900760650634765625">
        <ele>39.59999847412109375</ele>
        <time>2026-06-15T09:34:25.000Z</time>
        <extensions>
          <ns3:TrackPointExtension>
            <ns3:hr>83</ns3:hr>
            <ns3:cad>70</ns3:cad>
          </ns3:TrackPointExtension>
        </extensions>
      </trkpt>
      <trkpt lat="24.47447388432919979095458984375" lon="118.1501737050712108612060546875">
        <ele>39.200000762939453125</ele>
        <time>2026-06-15T09:34:26.000Z</time>
        <extensions>
          <ns3:TrackPointExtension>
            <ns3:hr>83</ns3:hr>
            <ns3:cad>70</ns3:cad>
          </ns3:TrackPointExtension>
        </extensions>
      </trkpt>
      <trkpt lat="24.47447354905307292938232421875" lon="118.1501810811460018157958984375">
        <ele>38.799999237060546875</ele>
        <time>2026-06-15T09:34:27.000Z</time>
        <extensions>
          <ns3:TrackPointExtension>
            <ns3:hr>83</ns3:hr>
            <ns3:cad>70</ns3:cad>
          </ns3:TrackPointExtension>
        </extensions>
      </trkpt>
      <trkpt lat="24.474473632872104644775390625" lon="118.1501830928027629852294921875">
        <ele>38.40000152587890625</ele>
        <time>2026-06-15T09:34:28.000Z</time>
        <extensions>
          <ns3:TrackPointExtension>
            <ns3:hr>82</ns3:hr>
            <ns3:cad>70</ns3:cad>
          </ns3:TrackPointExtension>
        </extensions>
      </trkpt>
      <trkpt lat="24.4744738005101680755615234375" lon="118.1501881219446659088134765625">
        <ele>38</ele>
        <time>2026-06-15T09:34:29.000Z</time>
        <extensions>
          <ns3:TrackPointExtension>
            <ns3:hr>83</ns3:hr>
            <ns3:cad>69</ns3:cad>
          </ns3:TrackPointExtension>
        </extensions>
      </trkpt>
      <trkpt lat="24.4744717888534069061279296875" lon="118.15019667148590087890625">
        <ele>37.40000152587890625</ele>
        <time>2026-06-15T09:34:30.000Z</time>
        <extensions>
          <ns3:TrackPointExtension>
            <ns3:hr>83</ns3:hr>
            <ns3:cad>66</ns3:cad>
          </ns3:TrackPointExtension>
        </extensions>
      </trkpt>
      <trkpt lat="24.474470615386962890625" lon="118.15020513720810413360595703125">
        <ele>37.200000762939453125</ele>
        <time>2026-06-15T09:34:31.000Z</time>
        <extensions>
          <ns3:TrackPointExtension>
            <ns3:hr>83</ns3:hr>
            <ns3:cad>66</ns3:cad>
          </ns3:TrackPointExtension>
        </extensions>
      </trkpt>
      <trkpt lat="24.47447220794856548309326171875" lon="118.1502209790050983428955078125">
        <ele>36.799999237060546875</ele>
        <time>2026-06-15T09:34:32.000Z</time>
        <extensions>
          <ns3:TrackPointExtension>
            <ns3:hr>84</ns3:hr>
            <ns3:cad>66</ns3:cad>
          </ns3:TrackPointExtension>
        </extensions>
      </trkpt>
      <trkpt lat="24.4744731299579143524169921875" lon="118.15022961236536502838134765625">
        <ele>36.799999237060546875</ele>
        <time>2026-06-15T09:34:33.000Z</time>
        <extensions>
          <ns3:TrackPointExtension>
            <ns3:hr>83</ns3:hr>
            <ns3:cad>60</ns3:cad>
          </ns3:TrackPointExtension>
        </extensions>
      </trkpt>
      <trkpt lat="24.4744751416146755218505859375" lon="118.15024101175367832183837890625">
        <ele>36.59999847412109375</ele>
        <time>2026-06-15T09:34:34.000Z</time>
        <extensions>
          <ns3:TrackPointExtension>
            <ns3:hr>84</ns3:hr>
            <ns3:cad>60</ns3:cad>
          </ns3:TrackPointExtension>
        </extensions>
      </trkpt>
      <trkpt lat="24.4744746387004852294921875" lon="118.1502570211887359619140625">
        <ele>36.40000152587890625</ele>
        <time>2026-06-15T09:34:35.000Z</time>
        <extensions>
          <ns3:TrackPointExtension>
            <ns3:hr>84</ns3:hr>
            <ns3:cad>60</ns3:cad>
          </ns3:TrackPointExtension>
        </extensions>
      </trkpt>
      <trkpt lat="24.4744751416146755218505859375" lon="118.15027001313865184783935546875">
        <ele>36.200000762939453125</ele>
        <time>2026-06-15T09:34:36.000Z</time>
        <extensions>
          <ns3:TrackPointExtension>
            <ns3:hr>84</ns3:hr>
            <ns3:cad>57</ns3:cad>
          </ns3:TrackPointExtension>
        </extensions>
      </trkpt>
      <trkpt lat="24.4744768179953098297119140625" lon="118.1502784788608551025390625">
        <ele>36</ele>
        <time>2026-06-15T09:34:37.000Z</time>
        <extensions>
          <ns3:TrackPointExtension>
            <ns3:hr>84</ns3:hr>
            <ns3:cad>57</ns3:cad>
          </ns3:TrackPointExtension>
        </extensions>
      </trkpt>
      <trkpt lat="24.4744771532714366912841796875" lon="118.1502907164394855499267578125">
        <ele>35.799999237060546875</ele>
        <time>2026-06-15T09:34:38.000Z</time>
        <extensions>
          <ns3:TrackPointExtension>
            <ns3:hr>83</ns3:hr>
            <ns3:cad>57</ns3:cad>
          </ns3:TrackPointExtension>
        </extensions>
      </trkpt>
      <trkpt lat="24.4744768179953098297119140625" lon="118.1502990983426570892333984375">
        <ele>35.59999847412109375</ele>
        <time>2026-06-15T09:34:39.000Z</time>
        <extensions>
          <ns3:TrackPointExtension>
            <ns3:hr>82</ns3:hr>
            <ns3:cad>57</ns3:cad>
          </ns3:TrackPointExtension>
        </extensions>
      </trkpt>
      <trkpt lat="24.4744773209095001220703125" lon="118.15030957572162151336669921875">
        <ele>35.59999847412109375</ele>
        <time>2026-06-15T09:34:40.000Z</time>
        <extensions>
          <ns3:TrackPointExtension>
            <ns3:hr>82</ns3:hr>
            <ns3:cad>58</ns3:cad>
          </ns3:TrackPointExtension>
        </extensions>
      </trkpt>
      <trkpt lat="24.47447639890015125274658203125" lon="118.15032030455768108367919921875">
        <ele>35.59999847412109375</ele>
        <time>2026-06-15T09:34:41.000Z</time>
        <extensions>
          <ns3:TrackPointExtension>
            <ns3:hr>81</ns3:hr>
            <ns3:cad>58</ns3:cad>
          </ns3:TrackPointExtension>
        </extensions>
      </trkpt>
      <trkpt lat="24.47447656653821468353271484375" lon="118.1503299437463283538818359375">
        <ele>35.59999847412109375</ele>
        <time>2026-06-15T09:34:42.000Z</time>
        <extensions>
          <ns3:TrackPointExtension>
            <ns3:hr>81</ns3:hr>
            <ns3:cad>58</ns3:cad>
          </ns3:TrackPointExtension>
        </extensions>
      </trkpt>
      <trkpt lat="24.4744746387004852294921875" lon="118.15033908002078533172607421875">
        <ele>35.59999847412109375</ele>
        <time>2026-06-15T09:34:43.000Z</time>
        <extensions>
          <ns3:TrackPointExtension>
            <ns3:hr>81</ns3:hr>
            <ns3:cad>59</ns3:cad>
          </ns3:TrackPointExtension>
        </extensions>
      </trkpt>
      <trkpt lat="24.4744738005101680755615234375" lon="118.15034687519073486328125">
        <ele>35.799999237060546875</ele>
        <time>2026-06-15T09:34:44.000Z</time>
        <extensions>
          <ns3:TrackPointExtension>
            <ns3:hr>80</ns3:hr>
            <ns3:cad>59</ns3:cad>
          </ns3:TrackPointExtension>
        </extensions>
      </trkpt>
      <trkpt lat="24.4744727946817874908447265625" lon="118.150354921817779541015625">
        <ele>35.799999237060546875</ele>
        <time>2026-06-15T09:34:45.000Z</time>
        <extensions>
          <ns3:TrackPointExtension>
            <ns3:hr>80</ns3:hr>
            <ns3:cad>59</ns3:cad>
          </ns3:TrackPointExtension>
        </extensions>
      </trkpt>
      <trkpt lat="24.4744692742824554443359375" lon="118.15036833286285400390625">
        <ele>35.799999237060546875</ele>
        <time>2026-06-15T09:34:46.000Z</time>
        <extensions>
          <ns3:TrackPointExtension>
            <ns3:hr>80</ns3:hr>
            <ns3:cad>59</ns3:cad>
          </ns3:TrackPointExtension>
        </extensions>
      </trkpt>
      <trkpt lat="24.474465586245059967041015625" lon="118.1503845937550067901611328125">
        <ele>35.799999237060546875</ele>
        <time>2026-06-15T09:34:47.000Z</time>
        <extensions>
          <ns3:TrackPointExtension>
            <ns3:hr>80</ns3:hr>
            <ns3:cad>58</ns3:cad>
          </ns3:TrackPointExtension>
        </extensions>
      </trkpt>
      <trkpt lat="24.4744620658457279205322265625" lon="118.1503980048000812530517578125">
        <ele>35.799999237060546875</ele>
        <time>2026-06-15T09:34:48.000Z</time>
        <extensions>
          <ns3:TrackPointExtension>
            <ns3:hr>81</ns3:hr>
            <ns3:cad>57</ns3:cad>
          </ns3:TrackPointExtension>
        </extensions>
      </trkpt>
      <trkpt lat="24.47446047328412532806396484375" lon="118.15041049383580684661865234375">
        <ele>35.59999847412109375</ele>
        <time>2026-06-15T09:34:49.000Z</time>
        <extensions>
          <ns3:TrackPointExtension>
            <ns3:hr>81</ns3:hr>
            <ns3:cad>57</ns3:cad>
          </ns3:TrackPointExtension>
        </extensions>
      </trkpt>
      <trkpt lat="24.4744593836367130279541015625" lon="118.15042105503380298614501953125">
        <ele>35.59999847412109375</ele>
        <time>2026-06-15T09:34:50.000Z</time>
        <extensions>
          <ns3:TrackPointExtension>
            <ns3:hr>81</ns3:hr>
            <ns3:cad>56</ns3:cad>
          </ns3:TrackPointExtension>
        </extensions>
      </trkpt>
      <trkpt lat="24.47445921599864959716796875" lon="118.1504318676888942718505859375">
        <ele>35.59999847412109375</ele>
        <time>2026-06-15T09:34:51.000Z</time>
        <extensions>
          <ns3:TrackPointExtension>
            <ns3:hr>81</ns3:hr>
            <ns3:cad>56</ns3:cad>
          </ns3:TrackPointExtension>
        </extensions>
      </trkpt>
      <trkpt lat="24.47446399368345737457275390625" lon="118.1504308618605136871337890625">
        <ele>35.40000152587890625</ele>
        <time>2026-06-15T09:34:52.000Z</time>
        <extensions>
          <ns3:TrackPointExtension>
            <ns3:hr>81</ns3:hr>
            <ns3:cad>56</ns3:cad>
          </ns3:TrackPointExtension>
        </extensions>
      </trkpt>
      <trkpt lat="24.4744664244353771209716796875" lon="118.15043547190725803375244140625">
        <ele>35.40000152587890625</ele>
        <time>2026-06-15T09:34:53.000Z</time>
        <extensions>
          <ns3:TrackPointExtension>
            <ns3:hr>81</ns3:hr>
            <ns3:cad>56</ns3:cad>
          </ns3:TrackPointExtension>
        </extensions>
      </trkpt>
      <trkpt lat="24.47446466423571109771728515625" lon="118.1504425965249538421630859375">
        <ele>35.40000152587890625</ele>
        <time>2026-06-15T09:34:54.000Z</time>
        <extensions>
          <ns3:TrackPointExtension>
            <ns3:hr>82</ns3:hr>
            <ns3:cad>56</ns3:cad>
          </ns3:TrackPointExtension>
        </extensions>
      </trkpt>
      <trkpt lat="24.47446550242602825164794921875" lon="118.1504476256668567657470703125">
        <ele>35.40000152587890625</ele>
        <time>2026-06-15T09:34:55.000Z</time>
        <extensions>
          <ns3:TrackPointExtension>
            <ns3:hr>82</ns3:hr>
            <ns3:cad>56</ns3:cad>
          </ns3:TrackPointExtension>
        </extensions>
      </trkpt>
      <trkpt lat="24.47446458041667938232421875" lon="118.15045290626585483551025390625">
        <ele>35.40000152587890625</ele>
        <time>2026-06-15T09:34:56.000Z</time>
        <extensions>
          <ns3:TrackPointExtension>
            <ns3:hr>82</ns3:hr>
            <ns3:cad>56</ns3:cad>
          </ns3:TrackPointExtension>
        </extensions>
      </trkpt>
      <trkpt lat="24.4744640775024890899658203125" lon="118.1504630483686923980712890625">
        <ele>35.40000152587890625</ele>
        <time>2026-06-15T09:34:57.000Z</time>
        <extensions>
          <ns3:TrackPointExtension>
            <ns3:hr>81</ns3:hr>
            <ns3:cad>0</ns3:cad>
          </ns3:TrackPointExtension>
        </extensions>
      </trkpt>
      <trkpt lat="24.47446332313120365142822265625" lon="118.15047654323279857635498046875">
        <ele>35.40000152587890625</ele>
        <time>2026-06-15T09:34:58.000Z</time>
        <extensions>
          <ns3:TrackPointExtension>
            <ns3:hr>82</ns3:hr>
            <ns3:cad>0</ns3:cad>
          </ns3:TrackPointExtension>
        </extensions>
      </trkpt>
      <trkpt lat="24.47446231730282306671142578125" lon="118.15048576332628726959228515625">
        <ele>35.40000152587890625</ele>
        <time>2026-06-15T09:34:59.000Z</time>
        <extensions>
          <ns3:TrackPointExtension>
            <ns3:hr>81</ns3:hr>
            <ns3:cad>0</ns3:cad>
          </ns3:TrackPointExtension>
        </extensions>
      </trkpt>
      <trkpt lat="24.47446382604539394378662109375" lon="118.1504965759813785552978515625">
        <ele>35.40000152587890625</ele>
        <time>2026-06-15T09:35:00.000Z</time>
        <extensions>
          <ns3:TrackPointExtension>
            <ns3:hr>82</ns3:hr>
            <ns3:cad>0</ns3:cad>
          </ns3:TrackPointExtension>
        </extensions>
      </trkpt>
      <trkpt lat="24.47446189820766448974609375" lon="118.15050487406551837921142578125">
        <ele>35.59999847412109375</ele>
        <time>2026-06-15T09:35:01.000Z</time>
        <extensions>
          <ns3:TrackPointExtension>
            <ns3:hr>82</ns3:hr>
            <ns3:cad>0</ns3:cad>
          </ns3:TrackPointExtension>
        </extensions>
      </trkpt>
      <trkpt lat="24.47446189820766448974609375" lon="118.15051308833062648773193359375">
        <ele>35.59999847412109375</ele>
        <time>2026-06-15T09:35:02.000Z</time>
        <extensions>
          <ns3:TrackPointExtension>
            <ns3:hr>81</ns3:hr>
            <ns3:cad>0</ns3:cad>
          </ns3:TrackPointExtension>
        </extensions>
      </trkpt>
      <trkpt lat="24.47446013800799846649169921875" lon="118.1505197100341320037841796875">
        <ele>35.59999847412109375</ele>
        <time>2026-06-15T09:35:03.000Z</time>
        <extensions>
          <ns3:TrackPointExtension>
            <ns3:hr>81</ns3:hr>
            <ns3:cad>0</ns3:cad>
          </ns3:TrackPointExtension>
        </extensions>
      </trkpt>
      <trkpt lat="24.47445980273187160491943359375" lon="118.15053035505115985870361328125">
        <ele>35.59999847412109375</ele>
        <time>2026-06-15T09:35:04.000Z</time>
        <extensions>
          <ns3:TrackPointExtension>
            <ns3:hr>80</ns3:hr>
            <ns3:cad>0</ns3:cad>
          </ns3:TrackPointExtension>
        </extensions>
      </trkpt>
      <trkpt lat="24.47445896454155445098876953125" lon="118.15053974278271198272705078125">
        <ele>35.59999847412109375</ele>
        <time>2026-06-15T09:35:05.000Z</time>
        <extensions>
          <ns3:TrackPointExtension>
            <ns3:hr>80</ns3:hr>
            <ns3:cad>0</ns3:cad>
          </ns3:TrackPointExtension>
        </extensions>
      </trkpt>
      <trkpt lat="24.47446030564606189727783203125" lon="118.1505472026765346527099609375">
        <ele>35.799999237060546875</ele>
        <time>2026-06-15T09:35:06.000Z</time>
        <extensions>
          <ns3:TrackPointExtension>
            <ns3:hr>80</ns3:hr>
            <ns3:cad>0</ns3:cad>
          </ns3:TrackPointExtension>
        </extensions>
      </trkpt>
      <trkpt lat="24.47446214966475963592529296875" lon="118.15055650658905506134033203125">
        <ele>35.799999237060546875</ele>
        <time>2026-06-15T09:35:07.000Z</time>
        <extensions>
          <ns3:TrackPointExtension>
            <ns3:hr>80</ns3:hr>
            <ns3:cad>0</ns3:cad>
          </ns3:TrackPointExtension>
        </extensions>
      </trkpt>
      <trkpt lat="24.4744607247412204742431640625" lon="118.15056405030190944671630859375">
        <ele>36</ele>
        <time>2026-06-15T09:35:08.000Z</time>
        <extensions>
          <ns3:TrackPointExtension>
            <ns3:hr>80</ns3:hr>
            <ns3:cad>0</ns3:cad>
          </ns3:TrackPointExtension>
        </extensions>
      </trkpt>
      <trkpt lat="24.47446097619831562042236328125" lon="118.150573186576366424560546875">
        <ele>36</ele>
        <time>2026-06-15T09:35:09.000Z</time>
        <extensions>
          <ns3:TrackPointExtension>
            <ns3:hr>79</ns3:hr>
            <ns3:cad>0</ns3:cad>
          </ns3:TrackPointExtension>
        </extensions>
      </trkpt>
      <trkpt lat="24.47446198202669620513916015625" lon="118.15057612024247646331787109375">
        <ele>36</ele>
        <time>2026-06-15T09:35:10.000Z</time>
        <extensions>
          <ns3:TrackPointExtension>
            <ns3:hr>79</ns3:hr>
            <ns3:cad>0</ns3:cad>
          </ns3:TrackPointExtension>
        </extensions>
      </trkpt>
      <trkpt lat="24.4744634069502353668212890625" lon="118.150583244860172271728515625">
        <ele>35.799999237060546875</ele>
        <time>2026-06-15T09:35:11.000Z</time>
        <extensions>
          <ns3:TrackPointExtension>
            <ns3:hr>79</ns3:hr>
            <ns3:cad>0</ns3:cad>
          </ns3:TrackPointExtension>
        </extensions>
      </trkpt>
      <trkpt lat="24.47446483187377452850341796875" lon="118.15058684907853603363037109375">
        <ele>35.799999237060546875</ele>
        <time>2026-06-15T09:35:12.000Z</time>
        <extensions>
          <ns3:TrackPointExtension>
            <ns3:hr>80</ns3:hr>
            <ns3:cad>0</ns3:cad>
          </ns3:TrackPointExtension>
        </extensions>
      </trkpt>
      <trkpt lat="24.4744644127786159515380859375" lon="118.1505874358117580413818359375">
        <ele>35.799999237060546875</ele>
        <time>2026-06-15T09:35:13.000Z</time>
        <extensions>
          <ns3:TrackPointExtension>
            <ns3:hr>79</ns3:hr>
            <ns3:cad>0</ns3:cad>
          </ns3:TrackPointExtension>
        </extensions>
      </trkpt>
      <trkpt lat="24.47446592152118682861328125" lon="118.15058886073529720306396484375">
        <ele>35.59999847412109375</ele>
        <time>2026-06-15T09:35:14.000Z</time>
        <extensions>
          <ns3:TrackPointExtension>
            <ns3:hr>79</ns3:hr>
            <ns3:cad>0</ns3:cad>
          </ns3:TrackPointExtension>
        </extensions>
      </trkpt>
      <trkpt lat="24.47446835227310657501220703125" lon="118.1505894474685192108154296875">
        <ele>35.59999847412109375</ele>
        <time>2026-06-15T09:35:15.000Z</time>
        <extensions>
          <ns3:TrackPointExtension>
            <ns3:hr>79</ns3:hr>
            <ns3:cad>0</ns3:cad>
          </ns3:TrackPointExtension>
        </extensions>
      </trkpt>
      <trkpt lat="24.4744701124727725982666015625" lon="118.15059221349656581878662109375">
        <ele>35.59999847412109375</ele>
        <time>2026-06-15T09:35:16.000Z</time>
        <extensions>
          <ns3:TrackPointExtension>
            <ns3:hr>79</ns3:hr>
            <ns3:cad>0</ns3:cad>
          </ns3:TrackPointExtension>
        </extensions>
      </trkpt>
      <trkpt lat="24.47447019629180431365966796875" lon="118.15059556625783443450927734375">
        <ele>35.59999847412109375</ele>
        <time>2026-06-15T09:35:17.000Z</time>
        <extensions>
          <ns3:TrackPointExtension>
            <ns3:hr>78</ns3:hr>
            <ns3:cad>0</ns3:cad>
          </ns3:TrackPointExtension>
        </extensions>
      </trkpt>
      <trkpt lat="24.47447086684405803680419921875" lon="118.15060126595199108123779296875">
        <ele>35.59999847412109375</ele>
        <time>2026-06-15T09:35:18.000Z</time>
        <extensions>
          <ns3:TrackPointExtension>
            <ns3:hr>78</ns3:hr>
            <ns3:cad>0</ns3:cad>
          </ns3:TrackPointExtension>
        </extensions>
      </trkpt>
      <trkpt lat="24.47446902282536029815673828125" lon="118.15061048604547977447509765625">
        <ele>35.59999847412109375</ele>
        <time>2026-06-15T09:35:19.000Z</time>
        <extensions>
          <ns3:TrackPointExtension>
            <ns3:hr>78</ns3:hr>
            <ns3:cad>0</ns3:cad>
          </ns3:TrackPointExtension>
        </extensions>
      </trkpt>
      <trkpt lat="24.474469609558582305908203125" lon="118.15062037669122219085693359375">
        <ele>35.59999847412109375</ele>
        <time>2026-06-15T09:35:20.000Z</time>
        <extensions>
          <ns3:TrackPointExtension>
            <ns3:hr>77</ns3:hr>
            <ns3:cad>0</ns3:cad>
          </ns3:TrackPointExtension>
        </extensions>
      </trkpt>
      <trkpt lat="24.47446952573955059051513671875" lon="118.15063026733696460723876953125">
        <ele>35.40000152587890625</ele>
        <time>2026-06-15T09:35:21.000Z</time>
        <extensions>
          <ns3:TrackPointExtension>
            <ns3:hr>76</ns3:hr>
            <ns3:cad>0</ns3:cad>
          </ns3:TrackPointExtension>
        </extensions>
      </trkpt>
      <trkpt lat="24.4744731299579143524169921875" lon="118.15063831396400928497314453125">
        <ele>35.40000152587890625</ele>
        <time>2026-06-15T09:35:22.000Z</time>
        <extensions>
          <ns3:TrackPointExtension>
            <ns3:hr>76</ns3:hr>
            <ns3:cad>0</ns3:cad>
          </ns3:TrackPointExtension>
        </extensions>
      </trkpt>
      <trkpt lat="24.47447489015758037567138671875" lon="118.15064652822911739349365234375">
        <ele>35.200000762939453125</ele>
        <time>2026-06-15T09:35:23.000Z</time>
        <extensions>
          <ns3:TrackPointExtension>
            <ns3:hr>74</ns3:hr>
            <ns3:cad>0</ns3:cad>
          </ns3:TrackPointExtension>
        </extensions>
      </trkpt>
      <trkpt lat="24.47447287850081920623779296875" lon="118.1506565026938915252685546875">
        <ele>35.200000762939453125</ele>
        <time>2026-06-15T09:35:24.000Z</time>
        <extensions>
          <ns3:TrackPointExtension>
            <ns3:hr>73</ns3:hr>
            <ns3:cad>53</ns3:cad>
          </ns3:TrackPointExtension>
        </extensions>
      </trkpt>
      <trkpt lat="24.47447002865374088287353515625" lon="118.1506685726344585418701171875">
        <ele>35.200000762939453125</ele>
        <time>2026-06-15T09:35:25.000Z</time>
        <extensions>
          <ns3:TrackPointExtension>
            <ns3:hr>73</ns3:hr>
            <ns3:cad>53</ns3:cad>
          </ns3:TrackPointExtension>
        </extensions>
      </trkpt>
      <trkpt lat="24.47446667589247226715087890625" lon="118.1506779603660106658935546875">
        <ele>35.200000762939453125</ele>
        <time>2026-06-15T09:35:26.000Z</time>
        <extensions>
          <ns3:TrackPointExtension>
            <ns3:hr>73</ns3:hr>
            <ns3:cad>53</ns3:cad>
          </ns3:TrackPointExtension>
        </extensions>
      </trkpt>
      <trkpt lat="24.47446466423571109771728515625" lon="118.150689862668514251708984375">
        <ele>35.200000762939453125</ele>
        <time>2026-06-15T09:35:27.000Z</time>
        <extensions>
          <ns3:TrackPointExtension>
            <ns3:hr>73</ns3:hr>
            <ns3:cad>53</ns3:cad>
          </ns3:TrackPointExtension>
        </extensions>
      </trkpt>
      <trkpt lat="24.4744650833308696746826171875" lon="118.1506997533142566680908203125">
        <ele>35.200000762939453125</ele>
        <time>2026-06-15T09:35:28.000Z</time>
        <extensions>
          <ns3:TrackPointExtension>
            <ns3:hr>74</ns3:hr>
            <ns3:cad>54</ns3:cad>
          </ns3:TrackPointExtension>
        </extensions>
      </trkpt>
      <trkpt lat="24.4744639098644256591796875" lon="118.15070838667452335357666015625">
        <ele>35.200000762939453125</ele>
        <time>2026-06-15T09:35:29.000Z</time>
        <extensions>
          <ns3:TrackPointExtension>
            <ns3:hr>75</ns3:hr>
            <ns3:cad>54</ns3:cad>
          </ns3:TrackPointExtension>
        </extensions>
      </trkpt>
      <trkpt lat="24.4744624011218547821044921875" lon="118.15071509219706058502197265625">
        <ele>35.200000762939453125</ele>
        <time>2026-06-15T09:35:30.000Z</time>
        <extensions>
          <ns3:TrackPointExtension>
            <ns3:hr>75</ns3:hr>
            <ns3:cad>54</ns3:cad>
          </ns3:TrackPointExtension>
        </extensions>
      </trkpt>
      <trkpt lat="24.4744607247412204742431640625" lon="118.1507232226431369781494140625">
        <ele>35</ele>
        <time>2026-06-15T09:35:31.000Z</time>
        <extensions>
          <ns3:TrackPointExtension>
            <ns3:hr>75</ns3:hr>
            <ns3:cad>54</ns3:cad>
          </ns3:TrackPointExtension>
        </extensions>
      </trkpt>
      <trkpt lat="24.47445795871317386627197265625" lon="118.1507312692701816558837890625">
        <ele>35</ele>
        <time>2026-06-15T09:35:32.000Z</time>
        <extensions>
          <ns3:TrackPointExtension>
            <ns3:hr>75</ns3:hr>
            <ns3:cad>54</ns3:cad>
          </ns3:TrackPointExtension>
        </extensions>
      </trkpt>
      <trkpt lat="24.4744563661515712738037109375" lon="118.15073688514530658721923828125">
        <ele>35</ele>
        <time>2026-06-15T09:35:33.000Z</time>
        <extensions>
          <ns3:TrackPointExtension>
            <ns3:hr>75</ns3:hr>
            <ns3:cad>54</ns3:cad>
          </ns3:TrackPointExtension>
        </extensions>
      </trkpt>
      <trkpt lat="24.47445158846676349639892578125" lon="118.15074644051492214202880859375">
        <ele>35</ele>
        <time>2026-06-15T09:35:34.000Z</time>
        <extensions>
          <ns3:TrackPointExtension>
            <ns3:hr>75</ns3:hr>
            <ns3:cad>55</ns3:cad>
          </ns3:TrackPointExtension>
        </extensions>
      </trkpt>
      <trkpt lat="24.474447481334209442138671875" lon="118.15075431950390338897705078125">
        <ele>35</ele>
        <time>2026-06-15T09:35:35.000Z</time>
        <extensions>
          <ns3:TrackPointExtension>
            <ns3:hr>75</ns3:hr>
            <ns3:cad>55</ns3:cad>
          </ns3:TrackPointExtension>
        </extensions>
      </trkpt>
      <trkpt lat="24.47444446384906768798828125" lon="118.15076035447418689727783203125">
        <ele>35</ele>
        <time>2026-06-15T09:35:36.000Z</time>
        <extensions>
          <ns3:TrackPointExtension>
            <ns3:hr>74</ns3:hr>
            <ns3:cad>55</ns3:cad>
          </ns3:TrackPointExtension>
        </extensions>
      </trkpt>
      <trkpt lat="24.47443901561200618743896484375" lon="118.1507735140621662139892578125">
        <ele>35</ele>
        <time>2026-06-15T09:35:37.000Z</time>
        <extensions>
          <ns3:TrackPointExtension>
            <ns3:hr>74</ns3:hr>
            <ns3:cad>54</ns3:cad>
          </ns3:TrackPointExtension>
        </extensions>
      </trkpt>
      <trkpt lat="24.47443641722202301025390625" lon="118.15078097395598888397216796875">
        <ele>35</ele>
        <time>2026-06-15T09:35:38.000Z</time>
        <extensions>
          <ns3:TrackPointExtension>
            <ns3:hr>74</ns3:hr>
            <ns3:cad>53</ns3:cad>
          </ns3:TrackPointExtension>
        </extensions>
      </trkpt>
      <trkpt lat="24.4744332320988178253173828125" lon="118.150790445506572723388671875">
        <ele>35</ele>
        <time>2026-06-15T09:35:39.000Z</time>
        <extensions>
          <ns3:TrackPointExtension>
            <ns3:hr>75</ns3:hr>
            <ns3:cad>53</ns3:cad>
          </ns3:TrackPointExtension>
        </extensions>
      </trkpt>
      <trkpt lat="24.47443105280399322509765625" lon="118.150803856551647186279296875">
        <ele>35</ele>
        <time>2026-06-15T09:35:40.000Z</time>
        <extensions>
          <ns3:TrackPointExtension>
            <ns3:hr>75</ns3:hr>
            <ns3:cad>53</ns3:cad>
          </ns3:TrackPointExtension>
        </extensions>
      </trkpt>
      <trkpt lat="24.474430046975612640380859375" lon="118.15081617794930934906005859375">
        <ele>35</ele>
        <time>2026-06-15T09:35:41.000Z</time>
        <extensions>
          <ns3:TrackPointExtension>
            <ns3:hr>76</ns3:hr>
            <ns3:cad>53</ns3:cad>
          </ns3:TrackPointExtension>
        </extensions>
      </trkpt>
      <trkpt lat="24.4744325615465641021728515625" lon="118.15082229673862457275390625">
        <ele>35</ele>
        <time>2026-06-15T09:35:42.000Z</time>
        <extensions>
          <ns3:TrackPointExtension>
            <ns3:hr>76</ns3:hr>
            <ns3:cad>53</ns3:cad>
          </ns3:TrackPointExtension>
        </extensions>
      </trkpt>
      <trkpt lat="24.47443381883203983306884765625" lon="118.1508328579366207122802734375">
        <ele>35</ele>
        <time>2026-06-15T09:35:43.000Z</time>
        <extensions>
          <ns3:TrackPointExtension>
            <ns3:hr>76</ns3:hr>
            <ns3:cad>51</ns3:cad>
          </ns3:TrackPointExtension>
        </extensions>
      </trkpt>
      <trkpt lat="24.47443465702235698699951171875" lon="118.15084383822977542877197265625">
        <ele>35</ele>
        <time>2026-06-15T09:35:44.000Z</time>
        <extensions>
          <ns3:TrackPointExtension>
            <ns3:hr>76</ns3:hr>
            <ns3:cad>51</ns3:cad>
          </ns3:TrackPointExtension>
        </extensions>
      </trkpt>
      <trkpt lat="24.4744344055652618408203125" lon="118.15085456706583499908447265625">
        <ele>35</ele>
        <time>2026-06-15T09:35:45.000Z</time>
        <extensions>
          <ns3:TrackPointExtension>
            <ns3:hr>77</ns3:hr>
            <ns3:cad>55</ns3:cad>
          </ns3:TrackPointExtension>
        </extensions>
      </trkpt>
      <trkpt lat="24.47443599812686443328857421875" lon="118.15086278133094310760498046875">
        <ele>34.799999237060546875</ele>
        <time>2026-06-15T09:35:46.000Z</time>
        <extensions>
          <ns3:TrackPointExtension>
            <ns3:hr>76</ns3:hr>
            <ns3:cad>55</ns3:cad>
          </ns3:TrackPointExtension>
        </extensions>
      </trkpt>
      <trkpt lat="24.474436752498149871826171875" lon="118.1508757732808589935302734375">
        <ele>34.799999237060546875</ele>
        <time>2026-06-15T09:35:47.000Z</time>
        <extensions>
          <ns3:TrackPointExtension>
            <ns3:hr>76</ns3:hr>
            <ns3:cad>55</ns3:cad>
          </ns3:TrackPointExtension>
        </extensions>
      </trkpt>
      <trkpt lat="24.47443583048880100250244140625" lon="118.15088842995464801788330078125">
        <ele>34.799999237060546875</ele>
        <time>2026-06-15T09:35:48.000Z</time>
        <extensions>
          <ns3:TrackPointExtension>
            <ns3:hr>77</ns3:hr>
            <ns3:cad>55</ns3:cad>
          </ns3:TrackPointExtension>
        </extensions>
      </trkpt>
      <trkpt lat="24.474432729184627532958984375" lon="118.15089681185781955718994140625">
        <ele>34.799999237060546875</ele>
        <time>2026-06-15T09:35:49.000Z</time>
        <extensions>
          <ns3:TrackPointExtension>
            <ns3:hr>76</ns3:hr>
            <ns3:cad>55</ns3:cad>
          </ns3:TrackPointExtension>
        </extensions>
      </trkpt>
      <trkpt lat="24.47443163953721523284912109375" lon="118.15090184099972248077392578125">
        <ele>35</ele>
        <time>2026-06-15T09:35:50.000Z</time>
        <extensions>
          <ns3:TrackPointExtension>
            <ns3:hr>76</ns3:hr>
            <ns3:cad>56</ns3:cad>
          </ns3:TrackPointExtension>
        </extensions>
      </trkpt>
      <trkpt lat="24.47443013079464435577392578125" lon="118.15091072581708431243896484375">
        <ele>35</ele>
        <time>2026-06-15T09:35:51.000Z</time>
        <extensions>
          <ns3:TrackPointExtension>
            <ns3:hr>76</ns3:hr>
            <ns3:cad>56</ns3:cad>
          </ns3:TrackPointExtension>
        </extensions>
      </trkpt>
      <trkpt lat="24.47442761622369289398193359375" lon="118.15091826952993869781494140625">
        <ele>35</ele>
        <time>2026-06-15T09:35:52.000Z</time>
        <extensions>
          <ns3:TrackPointExtension>
            <ns3:hr>77</ns3:hr>
            <ns3:cad>56</ns3:cad>
          </ns3:TrackPointExtension>
        </extensions>
      </trkpt>
      <trkpt lat="24.47442677803337574005126953125" lon="118.15092698670923709869384765625">
        <ele>35</ele>
        <time>2026-06-15T09:35:53.000Z</time>
        <extensions>
          <ns3:TrackPointExtension>
            <ns3:hr>76</ns3:hr>
            <ns3:cad>53</ns3:cad>
          </ns3:TrackPointExtension>
        </extensions>
      </trkpt>
      <trkpt lat="24.47442728094756603240966796875" lon="118.15093453042209148406982421875">
        <ele>35</ele>
        <time>2026-06-15T09:35:54.000Z</time>
        <extensions>
          <ns3:TrackPointExtension>
            <ns3:hr>77</ns3:hr>
            <ns3:cad>53</ns3:cad>
          </ns3:TrackPointExtension>
        </extensions>
      </trkpt>
      <trkpt lat="24.4744278676807880401611328125" lon="118.15094567835330963134765625">
        <ele>35</ele>
        <time>2026-06-15T09:35:55.000Z</time>
        <extensions>
          <ns3:TrackPointExtension>
            <ns3:hr>77</ns3:hr>
            <ns3:cad>53</ns3:cad>
          </ns3:TrackPointExtension>
        </extensions>
      </trkpt>
      <trkpt lat="24.47442443110048770904541015625" lon="118.1509595923125743865966796875">
        <ele>35</ele>
        <time>2026-06-15T09:35:56.000Z</time>
        <extensions>
          <ns3:TrackPointExtension>
            <ns3:hr>77</ns3:hr>
            <ns3:cad>55</ns3:cad>
          </ns3:TrackPointExtension>
        </extensions>
      </trkpt>
      <trkpt lat="24.47442275471985340118408203125" lon="118.1509745121002197265625">
        <ele>35</ele>
        <time>2026-06-15T09:35:57.000Z</time>
        <extensions>
          <ns3:TrackPointExtension>
            <ns3:hr>77</ns3:hr>
            <ns3:cad>55</ns3:cad>
          </ns3:TrackPointExtension>
        </extensions>
      </trkpt>
      <trkpt lat="24.47442166507244110107421875" lon="118.150993287563323974609375">
        <ele>34.799999237060546875</ele>
        <time>2026-06-15T09:35:58.000Z</time>
        <extensions>
          <ns3:TrackPointExtension>
            <ns3:hr>78</ns3:hr>
            <ns3:cad>55</ns3:cad>
          </ns3:TrackPointExtension>
        </extensions>
      </trkpt>
      <trkpt lat="24.47441839613020420074462890625" lon="118.1510092131793498992919921875">
        <ele>34.59999847412109375</ele>
        <time>2026-06-15T09:35:59.000Z</time>
        <extensions>
          <ns3:TrackPointExtension>
            <ns3:hr>79</ns3:hr>
            <ns3:cad>53</ns3:cad>
          </ns3:TrackPointExtension>
        </extensions>
      </trkpt>
      <trkpt lat="24.47441772557795047760009765625" lon="118.151025138795375823974609375">
        <ele>34.59999847412109375</ele>
        <time>2026-06-15T09:36:00.000Z</time>
        <extensions>
          <ns3:TrackPointExtension>
            <ns3:hr>80</ns3:hr>
            <ns3:cad>53</ns3:cad>
          </ns3:TrackPointExtension>
        </extensions>
      </trkpt>
      <trkpt lat="24.47441495954990386962890625" lon="118.15104299224913120269775390625">
        <ele>34.59999847412109375</ele>
        <time>2026-06-15T09:36:01.000Z</time>
        <extensions>
          <ns3:TrackPointExtension>
            <ns3:hr>81</ns3:hr>
            <ns3:cad>0</ns3:cad>
          </ns3:TrackPointExtension>
        </extensions>
      </trkpt>
      <trkpt lat="24.4744107685983180999755859375" lon="118.15105673857033252716064453125">
        <ele>34.40000152587890625</ele>
        <time>2026-06-15T09:36:02.000Z</time>
        <extensions>
          <ns3:TrackPointExtension>
            <ns3:hr>82</ns3:hr>
            <ns3:cad>0</ns3:cad>
          </ns3:TrackPointExtension>
        </extensions>
      </trkpt>
      <trkpt lat="24.47440817020833492279052734375" lon="118.15106998197734355926513671875">
        <ele>34.40000152587890625</ele>
        <time>2026-06-15T09:36:03.000Z</time>
        <extensions>
          <ns3:TrackPointExtension>
            <ns3:hr>83</ns3:hr>
            <ns3:cad>55</ns3:cad>
          </ns3:TrackPointExtension>
        </extensions>
      </trkpt>
      <trkpt lat="24.474404565989971160888671875" lon="118.15108087845146656036376953125">
        <ele>34.40000152587890625</ele>
        <time>2026-06-15T09:36:04.000Z</time>
        <extensions>
          <ns3:TrackPointExtension>
            <ns3:hr>84</ns3:hr>
            <ns3:cad>55</ns3:cad>
          </ns3:TrackPointExtension>
        </extensions>
      </trkpt>
      <trkpt lat="24.47440381161868572235107421875" lon="118.1510911881923675537109375">
        <ele>34.40000152587890625</ele>
        <time>2026-06-15T09:36:05.000Z</time>
        <extensions>
          <ns3:TrackPointExtension>
            <ns3:hr>84</ns3:hr>
            <ns3:cad>55</ns3:cad>
          </ns3:TrackPointExtension>
        </extensions>
      </trkpt>
      <trkpt lat="24.4744022190570831298828125" lon="118.15109864808619022369384765625">
        <ele>34.40000152587890625</ele>
        <time>2026-06-15T09:36:06.000Z</time>
        <extensions>
          <ns3:TrackPointExtension>
            <ns3:hr>84</ns3:hr>
            <ns3:cad>55</ns3:cad>
          </ns3:TrackPointExtension>
        </extensions>
      </trkpt>
      <trkpt lat="24.47440096177160739898681640625" lon="118.1511067785322666168212890625">
        <ele>34.40000152587890625</ele>
        <time>2026-06-15T09:36:07.000Z</time>
        <extensions>
          <ns3:TrackPointExtension>
            <ns3:hr>83</ns3:hr>
            <ns3:cad>55</ns3:cad>
          </ns3:TrackPointExtension>
        </extensions>
      </trkpt>
      <trkpt lat="24.4743990339338779449462890625" lon="118.1511175073683261871337890625">
        <ele>34.40000152587890625</ele>
        <time>2026-06-15T09:36:08.000Z</time>
        <extensions>
          <ns3:TrackPointExtension>
            <ns3:hr>83</ns3:hr>
            <ns3:cad>55</ns3:cad>
          </ns3:TrackPointExtension>
        </extensions>
      </trkpt>
      <trkpt lat="24.474397189915180206298828125" lon="118.15113066695630550384521484375">
        <ele>34.40000152587890625</ele>
        <time>2026-06-15T09:36:09.000Z</time>
        <extensions>
          <ns3:TrackPointExtension>
            <ns3:hr>83</ns3:hr>
            <ns3:cad>55</ns3:cad>
          </ns3:TrackPointExtension>
        </extensions>
      </trkpt>
      <trkpt lat="24.4743941724300384521484375" lon="118.15114541910588741302490234375">
        <ele>34.40000152587890625</ele>
        <time>2026-06-15T09:36:10.000Z</time>
        <extensions>
          <ns3:TrackPointExtension>
            <ns3:hr>82</ns3:hr>
            <ns3:cad>55</ns3:cad>
          </ns3:TrackPointExtension>
        </extensions>
      </trkpt>
      <trkpt lat="24.4743914902210235595703125" lon="118.1511607579886913299560546875">
        <ele>34.40000152587890625</ele>
        <time>2026-06-15T09:36:11.000Z</time>
        <extensions>
          <ns3:TrackPointExtension>
            <ns3:hr>83</ns3:hr>
            <ns3:cad>55</ns3:cad>
          </ns3:TrackPointExtension>
        </extensions>
      </trkpt>
      <trkpt lat="24.474387131631374359130859375" lon="118.1511788628995418548583984375">
        <ele>34.200000762939453125</ele>
        <time>2026-06-15T09:36:12.000Z</time>
        <extensions>
          <ns3:TrackPointExtension>
            <ns3:hr>82</ns3:hr>
            <ns3:cad>55</ns3:cad>
          </ns3:TrackPointExtension>
        </extensions>
      </trkpt>
      <trkpt lat="24.47438369505107402801513671875" lon="118.1511962972581386566162109375">
        <ele>34.200000762939453125</ele>
        <time>2026-06-15T09:36:13.000Z</time>
        <extensions>
          <ns3:TrackPointExtension>
            <ns3:hr>82</ns3:hr>
            <ns3:cad>55</ns3:cad>
          </ns3:TrackPointExtension>
        </extensions>
      </trkpt>
      <trkpt lat="24.47438134811818599700927734375" lon="118.15122873522341251373291015625">
        <ele>34.200000762939453125</ele>
        <time>2026-06-15T09:36:14.000Z</time>
        <extensions>
          <ns3:TrackPointExtension>
            <ns3:hr>81</ns3:hr>
            <ns3:cad>55</ns3:cad>
          </ns3:TrackPointExtension>
        </extensions>
      </trkpt>
      <trkpt lat="24.4743765704333782196044921875" lon="118.15124114044010639190673828125">
        <ele>34.200000762939453125</ele>
        <time>2026-06-15T09:36:15.000Z</time>
        <extensions>
          <ns3:TrackPointExtension>
            <ns3:hr>81</ns3:hr>
            <ns3:cad>54</ns3:cad>
          </ns3:TrackPointExtension>
        </extensions>
      </trkpt>
      <trkpt lat="24.4743735529482364654541015625" lon="118.15125681459903717041015625">
        <ele>34.200000762939453125</ele>
        <time>2026-06-15T09:36:16.000Z</time>
        <extensions>
          <ns3:TrackPointExtension>
            <ns3:hr>81</ns3:hr>
            <ns3:cad>54</ns3:cad>
          </ns3:TrackPointExtension>
        </extensions>
      </trkpt>
      <trkpt lat="24.47436978109180927276611328125" lon="118.15126863308250904083251953125">
        <ele>34.200000762939453125</ele>
        <time>2026-06-15T09:36:17.000Z</time>
        <extensions>
          <ns3:TrackPointExtension>
            <ns3:hr>80</ns3:hr>
            <ns3:cad>55</ns3:cad>
          </ns3:TrackPointExtension>
        </extensions>
      </trkpt>
      <trkpt lat="24.4743715412914752960205078125" lon="118.151276595890522003173828125">
        <ele>34.200000762939453125</ele>
        <time>2026-06-15T09:36:18.000Z</time>
        <extensions>
          <ns3:TrackPointExtension>
            <ns3:hr>79</ns3:hr>
            <ns3:cad>55</ns3:cad>
          </ns3:TrackPointExtension>
        </extensions>
      </trkpt>
      <trkpt lat="24.474369026720523834228515625" lon="118.15129411406815052032470703125">
        <ele>34.200000762939453125</ele>
        <time>2026-06-15T09:36:19.000Z</time>
        <extensions>
          <ns3:TrackPointExtension>
            <ns3:hr>79</ns3:hr>
            <ns3:cad>55</ns3:cad>
          </ns3:TrackPointExtension>
        </extensions>
      </trkpt>
      <trkpt lat="24.47436491958796977996826171875" lon="118.1513030827045440673828125">
        <ele>34.200000762939453125</ele>
        <time>2026-06-15T09:36:20.000Z</time>
        <extensions>
          <ns3:TrackPointExtension>
            <ns3:hr>79</ns3:hr>
            <ns3:cad>56</ns3:cad>
          </ns3:TrackPointExtension>
        </extensions>
      </trkpt>
      <trkpt lat="24.4743631593883037567138671875" lon="118.15130517818033695220947265625">
        <ele>34.40000152587890625</ele>
        <time>2026-06-15T09:36:21.000Z</time>
        <extensions>
          <ns3:TrackPointExtension>
            <ns3:hr>79</ns3:hr>
            <ns3:cad>56</ns3:cad>
          </ns3:TrackPointExtension>
        </extensions>
      </trkpt>
      <trkpt lat="24.47435871697962284088134765625" lon="118.1513139791786670684814453125">
        <ele>34.40000152587890625</ele>
        <time>2026-06-15T09:36:22.000Z</time>
        <extensions>
          <ns3:TrackPointExtension>
            <ns3:hr>79</ns3:hr>
            <ns3:cad>56</ns3:cad>
          </ns3:TrackPointExtension>
        </extensions>
      </trkpt>
      <trkpt lat="24.4743497483432292938232421875" lon="118.15133552066981792449951171875">
        <ele>34.40000152587890625</ele>
        <time>2026-06-15T09:36:23.000Z</time>
        <extensions>
          <ns3:TrackPointExtension>
            <ns3:hr>79</ns3:hr>
            <ns3:cad>56</ns3:cad>
          </ns3:TrackPointExtension>
        </extensions>
      </trkpt>
      <trkpt lat="24.47434547357261180877685546875" lon="118.1513495184481143951416015625">
        <ele>34.40000152587890625</ele>
        <time>2026-06-15T09:36:24.000Z</time>
        <extensions>
          <ns3:TrackPointExtension>
            <ns3:hr>79</ns3:hr>
            <ns3:cad>56</ns3:cad>
          </ns3:TrackPointExtension>
        </extensions>
      </trkpt>
      <trkpt lat="24.47434446774423122406005859375" lon="118.151352368295192718505859375">
        <ele>34.40000152587890625</ele>
        <time>2026-06-15T09:36:25.000Z</time>
        <extensions>
          <ns3:TrackPointExtension>
            <ns3:hr>79</ns3:hr>
            <ns3:cad>56</ns3:cad>
          </ns3:TrackPointExtension>
        </extensions>
      </trkpt>
    </trkseg>
  </trk>
</gpx>
